{
	"credit": "Made with Blockbench",
	"texture_size": [32, 32],
	"textures": {
		"0": "gun/super_shorty/super_shorty",
		"1": "gun/more/xdzd",
		"particle": "gun/super_shorty/super_shorty"
	},
	"elements": [
		{
			"from": [7.4, 7.55282, 9.16062],
			"to": [8.6, 8.75282, 11.26062],
			"rotation": {"angle": 22.5, "axis": "x", "origin": [0, 2.75282, 3.16062]},
			"faces": {
				"north": {"uv": [3, 6.5, 3.625, 7.125], "texture": "#0"},
				"east": {"uv": [4, 4.5, 5, 5.125], "texture": "#0"},
				"west": {"uv": [5, 2, 6, 2.625], "texture": "#0"},
				"up": {"uv": [5.625, 5, 5, 4], "texture": "#0"},
				"down": {"uv": [5.625, 5, 5, 6], "texture": "#0"}
			}
		},
		{
			"from": [7.8, 8.75282, 10.56062],
			"to": [8.2, 9.15282, 10.86062],
			"rotation": {"angle": 22.5, "axis": "x", "origin": [0, 2.75282, 3.16062]},
			"faces": {
				"north": {"uv": [0, 9.5, 0.25, 9.75], "texture": "#0"},
				"east": {"uv": [2.5, 10, 2.625, 10.25], "texture": "#0"},
				"south": {"uv": [9.5, 1.5, 9.75, 1.75], "texture": "#0"},
				"west": {"uv": [10, 2.5, 10.125, 2.75], "texture": "#0"},
				"up": {"uv": [3.25, 10.125, 3, 10], "texture": "#0"}
			}
		},
		{
			"from": [7.4, 3.6, 13.7],
			"to": [8.6, 4.5, 14.3],
			"faces": {
				"north": {"uv": [1.5, 7.5, 2.125, 8], "texture": "#0"},
				"east": {"uv": [8.5, 1, 8.75, 1.5], "texture": "#0"},
				"south": {"uv": [3, 7.5, 3.625, 8], "texture": "#0"},
				"west": {"uv": [8.5, 1.5, 8.75, 2], "texture": "#0"},
				"down": {"uv": [7.125, 8, 6.5, 8.25], "texture": "#0"}
			}
		},
		{
			"from": [7.4, -4.55721, 20.83396],
			"to": [8.6, -4.25721, 21.03396],
			"rotation": {"angle": -45, "axis": "x", "origin": [0, -8.15721, 6.73396]},
			"faces": {
				"east": {"uv": [7, 10, 7.125, 10.125], "texture": "#0"},
				"south": {"uv": [8.5, 9, 9.125, 9.125], "texture": "#0"},
				"west": {"uv": [10, 7, 10.125, 7.125], "texture": "#0"}
			}
		},
		{
			"from": [7.4, 4.2, 11],
			"to": [8.6, 4.9, 12.5],
			"faces": {
				"east": {"uv": [7.5, 7, 8.25, 7.375], "texture": "#0"},
				"west": {"uv": [7.5, 7.5, 8.25, 7.875], "texture": "#0"}
			}
		},
		{
			"from": [7.4, 7.55282, 11.26062],
			"to": [8.6, 8.75282, 12.56062],
			"rotation": {"angle": 22.5, "axis": "x", "origin": [0, 2.75282, 3.16062]},
			"faces": {
				"east": {"uv": [4, 6.5, 4.625, 7.125], "texture": "#0"},
				"south": {"uv": [6.5, 6, 7.125, 6.625], "texture": "#0"},
				"west": {"uv": [7, 0, 7.625, 0.625], "texture": "#0"},
				"up": {"uv": [7.625, 1.625, 7, 1], "texture": "#0"},
				"down": {"uv": [7.125, 7, 6.5, 7.625], "texture": "#0"}
			}
		},
		{
			"from": [7.6, 1.5, 12.5],
			"to": [8.4, 4.5, 13.4],
			"faces": {
				"north": {"uv": [2.5, 4.5, 2.875, 6], "texture": "#0"},
				"east": {"uv": [4, 3, 4.5, 4.5], "texture": "#0"},
				"south": {"uv": [1, 5.5, 1.375, 7], "texture": "#0"},
				"west": {"uv": [0, 4.5, 0.5, 6], "texture": "#0"},
				"down": {"uv": [4.875, 4, 4.5, 4.5], "texture": "#0"}
			}
		},
		{
			"from": [7.6, 1.5, 12.4],
			"to": [8.4, 1.7, 12.5],
			"faces": {
				"north": {"uv": [9.5, 7, 9.875, 7.125], "texture": "#0"},
				"east": {"uv": [7.5, 10, 7.625, 10.125], "texture": "#0"},
				"west": {"uv": [10, 7.5, 10.125, 7.625], "texture": "#0"},
				"up": {"uv": [7.875, 9.625, 7.5, 9.5], "texture": "#0"},
				"down": {"uv": [9.875, 7.5, 9.5, 7.625], "texture": "#0"}
			}
		},
		{
			"from": [7.6, 1.5, 13.4],
			"to": [8.4, 3.2, 13.5],
			"faces": {
				"east": {"uv": [6, 9, 6.125, 9.875], "texture": "#0"},
				"south": {"uv": [1, 7, 1.375, 7.875], "texture": "#0"},
				"west": {"uv": [9, 6, 9.125, 6.875], "texture": "#0"},
				"up": {"uv": [8.375, 9.625, 8, 9.5], "texture": "#0"},
				"down": {"uv": [8.875, 9.5, 8.5, 9.625], "texture": "#0"}
			}
		},
		{
			"from": [7.6, -7.3, 11.7],
			"to": [8.4, -7.1, 11.8],
			"rotation": {"angle": -45, "axis": "x", "origin": [0, 0, 0]},
			"faces": {
				"east": {"uv": [8, 10, 8.125, 10.125], "texture": "#0"},
				"south": {"uv": [9, 9.5, 9.375, 9.625], "texture": "#0"},
				"west": {"uv": [10, 8, 10.125, 8.125], "texture": "#0"},
				"down": {"uv": [9.875, 9, 9.5, 9.125], "texture": "#0"}
			}
		},
		{
			"from": [7.6, 7.7, 10],
			"to": [8.4, 9.3, 10.4],
			"rotation": {"angle": 22.5, "axis": "x", "origin": [0, 0, 0]},
			"faces": {
				"north": {"uv": [6, 7.5, 6.375, 8.25], "texture": "#0"},
				"east": {"uv": [8, 1, 8.25, 1.75], "texture": "#0"},
				"west": {"uv": [2, 8, 2.25, 8.75], "texture": "#0"},
				"down": {"uv": [6.875, 9, 6.5, 9.25], "texture": "#0"}
			}
		},
		{
			"from": [7.4, 4.2, 6],
			"to": [8.6, 5.8, 11],
			"faces": {
				"north": {"uv": [4, 5.5, 4.625, 6.25], "texture": "#0"},
				"east": {"uv": [0, 0, 2.5, 0.75], "texture": "#0"},
				"west": {"uv": [0, 1, 2.5, 1.75], "texture": "#0"},
				"up": {"uv": [0.625, 4.5, 0, 2], "texture": "#0"}
			}
		},
		{
			"from": [7.6, 4, 6],
			"to": [8.4, 4.2, 12.5],
			"faces": {
				"north": {"uv": [9.5, 9.5, 9.875, 9.625], "texture": "#0"},
				"down": {"uv": [1.375, 2, 1, 5.25], "texture": "#0"}
			}
		},
		{
			"from": [7.6, 5.8, 6],
			"to": [8.4, 6, 11],
			"faces": {
				"north": {"uv": [0, 10, 0.375, 10.125], "texture": "#0"},
				"up": {"uv": [2.875, 4.5, 2.5, 2], "texture": "#0"}
			}
		},
		{
			"from": [14.06543, 1.47624, 6],
			"to": [14.36152, 1.67624, 11],
			"rotation": {"angle": 45, "axis": "z", "origin": [5.76152, -4.32376, 0]},
			"faces": {
				"north": {"uv": [8.5, 10, 8.625, 10.125], "texture": "#0"},
				"south": {"uv": [10, 8.5, 10.125, 8.625], "texture": "#0"},
				"west": {"uv": [7.5, 3, 10, 3.125], "texture": "#0"},
				"up": {"uv": [4.125, 10, 4, 7.5], "texture": "#0"}
			}
		},
		{
			"from": [14.07324, 8.32376, 6],
			"to": [14.36152, 8.52376, 12.5],
			"rotation": {"angle": -45, "axis": "z", "origin": [5.76152, 14.32376, 0]},
			"faces": {
				"north": {"uv": [9, 10, 9.125, 10.125], "texture": "#0"},
				"south": {"uv": [10, 9, 10.125, 9.125], "texture": "#0"},
				"west": {"uv": [6, 2, 9.25, 2.125], "texture": "#0"},
				"down": {"uv": [0.125, 6, 0, 9.25], "texture": "#0"}
			}
		},
		{
			"from": [1.63848, 8.32376, 6],
			"to": [1.92676, 8.52376, 12.5],
			"rotation": {"angle": 45, "axis": "z", "origin": [10.23848, 14.32376, 0]},
			"faces": {
				"north": {"uv": [9.5, 10, 9.625, 10.125], "texture": "#0"},
				"east": {"uv": [6, 2.5, 9.25, 2.625], "texture": "#0"},
				"south": {"uv": [10, 9.5, 10.125, 9.625], "texture": "#0"},
				"down": {"uv": [2.625, 6, 2.5, 9.25], "texture": "#0"}
			}
		},
		{
			"from": [1.63848, 1.47624, 6],
			"to": [1.91895, 1.67624, 11],
			"rotation": {"angle": -45, "axis": "z", "origin": [10.23848, -4.32376, 0]},
			"faces": {
				"north": {"uv": [10, 10, 10.125, 10.125], "texture": "#0"},
				"east": {"uv": [7.5, 3.5, 10, 3.625], "texture": "#0"},
				"south": {"uv": [0, 10.5, 0.125, 10.625], "texture": "#0"},
				"up": {"uv": [4.625, 10, 4.5, 7.5], "texture": "#0"}
			}
		},
		{
			"from": [7.8, 7.84844, 9.68203],
			"to": [8.2, 9.3, 10],
			"rotation": {"angle": 22.5, "axis": "x", "origin": [0, 0, 0]},
			"faces": {
				"north": {"uv": [3, 8, 3.25, 8.75], "texture": "#0"},
				"east": {"uv": [7, 9, 7.125, 9.75], "texture": "#0"},
				"west": {"uv": [9, 7, 9.125, 7.75], "texture": "#0"},
				"down": {"uv": [10.25, 3, 10, 3.125], "texture": "#0"}
			}
		},
		{
			"from": [7.8, 7.64844, 8.18203],
			"to": [8.2, 8, 8.7],
			"rotation": {"angle": 22.5, "axis": "x", "origin": [0, 0, 0]},
			"faces": {
				"east": {"uv": [3.5, 10, 3.75, 10.125], "texture": "#0"},
				"south": {"uv": [10, 3.5, 10.25, 3.625], "texture": "#0"},
				"west": {"uv": [4, 10, 4.25, 10.125], "texture": "#0"}
			}
		},
		{
			"from": [7.8, 3.3, 11.1],
			"to": [8.2, 3.4, 12.3],
			"faces": {
				"east": {"uv": [9, 8.5, 9.625, 8.625], "texture": "#0"},
				"west": {"uv": [9.5, 1, 10.125, 1.125], "texture": "#0"},
				"up": {"uv": [7.75, 8.625, 7.5, 8], "texture": "#0"},
				"down": {"uv": [8.25, 8, 8, 8.625], "texture": "#0"}
			}
		},
		{
			"from": [7.8, -2.63604, 3.36913],
			"to": [8.2, -1.63604, 3.46913],
			"rotation": {"angle": -45, "axis": "x", "origin": [0, 9.66396, 0.06913]},
			"faces": {
				"north": {"uv": [6, 8.5, 6.25, 9], "texture": "#0"},
				"east": {"uv": [2, 9.5, 2.125, 10], "texture": "#0"},
				"south": {"uv": [8.5, 6, 8.75, 6.5], "texture": "#0"},
				"west": {"uv": [9.5, 2, 9.625, 2.5], "texture": "#0"}
			}
		},
		{
			"from": [7.8, 8.16396, 10.96913],
			"to": [8.2, 8.46396, 12.36913],
			"rotation": {"angle": 22.5, "axis": "x", "origin": [0, 9.66396, 0.06913]},
			"faces": {
				"east": {"uv": [7.5, 9, 8.25, 9.125], "texture": "#0"},
				"west": {"uv": [9, 8, 9.75, 8.125], "texture": "#0"},
				"down": {"uv": [3.75, 8, 3.5, 8.75], "texture": "#0"}
			}
		},
		{
			"from": [7.8, 3.4, 11.95],
			"to": [8.2, 3.55, 12.3],
			"faces": {
				"north": {"uv": [10, 4, 10.25, 4.125], "texture": "#0"},
				"east": {"uv": [10.5, 0, 10.625, 0.125], "texture": "#0"},
				"west": {"uv": [0.5, 10.5, 0.625, 10.625], "texture": "#0"},
				"up": {"uv": [4.75, 10.125, 4.5, 10], "texture": "#0"}
			}
		},
		{
			"from": [7.8, 3.75, 10.675],
			"to": [8.2, 3.85, 10.975],
			"faces": {
				"east": {"uv": [10.5, 0.5, 10.625, 0.625], "texture": "#0"},
				"south": {"uv": [10, 4.5, 10.25, 4.625], "texture": "#0"},
				"west": {"uv": [1, 10.5, 1.125, 10.625], "texture": "#0"}
			}
		},
		{
			"from": [7.8, 3.65, 10.775],
			"to": [8.2, 3.75, 10.975],
			"faces": {
				"east": {"uv": [10.5, 1, 10.625, 1.125], "texture": "#0"},
				"south": {"uv": [5, 10, 5.25, 10.125], "texture": "#0"},
				"west": {"uv": [1.5, 10.5, 1.625, 10.625], "texture": "#0"}
			}
		},
		{
			"from": [7.8, 3.55, 10.875],
			"to": [8.2, 3.65, 10.975],
			"faces": {
				"east": {"uv": [10.5, 1.5, 10.625, 1.625], "texture": "#0"},
				"south": {"uv": [10, 5, 10.25, 5.125], "texture": "#0"},
				"west": {"uv": [2, 10.5, 2.125, 10.625], "texture": "#0"}
			}
		},
		{
			"from": [7.8, -5.9, 11.2],
			"to": [8.2, -5.35, 11.5],
			"rotation": {"angle": -45, "axis": "x", "origin": [0, 0, 0]},
			"faces": {
				"north": {"uv": [2.5, 9.5, 2.75, 9.75], "texture": "#0"},
				"east": {"uv": [5.5, 10, 5.625, 10.25], "texture": "#0"},
				"west": {"uv": [10, 5.5, 10.125, 5.75], "texture": "#0"}
			}
		},
		{
			"from": [7.9, -5.675, 11.06563],
			"to": [8.1, -5.45, 11.3],
			"rotation": {"angle": -45, "axis": "x", "origin": [0, 0, 0]},
			"faces": {
				"east": {"uv": [10.5, 2, 10.625, 2.125], "texture": "#0"},
				"west": {"uv": [2.5, 10.5, 2.625, 10.625], "texture": "#0"},
				"down": {"uv": [10.625, 2.5, 10.5, 2.625], "texture": "#0"}
			}
		},
		{
			"from": [7.9, -1.1, 12.3],
			"to": [8.1, -0.65, 12.4],
			"rotation": {"angle": -22.5, "axis": "x", "origin": [0, 0, 0]},
			"faces": {
				"north": {"uv": [6, 10, 6.125, 10.25], "texture": "#0"},
				"east": {"uv": [10, 6, 10.125, 6.25], "texture": "#0"},
				"south": {"uv": [6.5, 10, 6.625, 10.25], "texture": "#0"},
				"west": {"uv": [10, 6.5, 10.125, 6.75], "texture": "#0"}
			}
		},
		{
			"from": [7.9, 3.47901, 11.77706],
			"to": [8.1, 3.72901, 11.87706],
			"rotation": {"angle": 0, "axis": "x", "origin": [0, 4.37901, -0.52294]},
			"faces": {
				"north": {"uv": [3, 10.5, 3.125, 10.625], "texture": "#0"},
				"east": {"uv": [10.5, 3, 10.625, 3.125], "texture": "#0"},
				"south": {"uv": [3.5, 10.5, 3.625, 10.625], "texture": "#0"},
				"west": {"uv": [10.5, 3.5, 10.625, 3.625], "texture": "#0"},
				"down": {"uv": [4.125, 10.5, 4, 10.625], "texture": "#0"}
			}
		},
		{
			"name": "octagon",
			"from": [7.79289, 4.9, -0.5],
			"to": [8.20711, 5.9, 6],
			"rotation": {"angle": 45, "axis": "z", "origin": [8, 5.4, 5]},
			"faces": {
				"north": {"uv": [6.5, 8.5, 6.75, 9], "texture": "#0"},
				"south": {"uv": [8.5, 6.5, 8.75, 7], "texture": "#0"},
				"up": {"uv": [3.25, 6.25, 3, 3], "texture": "#0"},
				"down": {"uv": [3.75, 3, 3.5, 6.25], "texture": "#0"}
			}
		},
		{
			"name": "octagon",
			"from": [7.79289, 4.9, -0.5],
			"to": [8.20711, 5.9, 6],
			"rotation": {"angle": 0, "axis": "z", "origin": [8, 5.4, 5]},
			"faces": {
				"north": {"uv": [7, 8.5, 7.25, 9], "texture": "#0"},
				"up": {"uv": [1.75, 7.25, 1.5, 4], "texture": "#0"},
				"down": {"uv": [2.25, 4, 2, 7.25], "texture": "#0"}
			}
		},
		{
			"name": "octagon",
			"from": [7.5, 5.19289, -0.5],
			"to": [8.5, 5.60711, 6],
			"rotation": {"angle": 45, "axis": "z", "origin": [8, 5.4, 5]},
			"faces": {
				"north": {"uv": [8.5, 7, 9, 7.25], "texture": "#0"},
				"east": {"uv": [3.5, 0, 6.75, 0.25], "texture": "#0"},
				"south": {"uv": [8.5, 7.5, 9, 7.75], "texture": "#0"},
				"west": {"uv": [3.5, 0.5, 6.75, 0.75], "texture": "#0"}
			}
		},
		{
			"name": "octagon",
			"from": [7.5, 5.19289, -0.5],
			"to": [8.5, 5.60711, 6],
			"rotation": {"angle": 0, "axis": "z", "origin": [8, 5.4, 5]},
			"faces": {
				"north": {"uv": [8.5, 8, 9, 8.25], "texture": "#0"},
				"east": {"uv": [3.5, 1, 6.75, 1.25], "texture": "#0"},
				"west": {"uv": [3.5, 1.5, 6.75, 1.75], "texture": "#0"}
			}
		},
		{
			"name": "octagon",
			"from": [7.83431, 4, -0.5],
			"to": [8.16569, 4.8, 6],
			"rotation": {"angle": 45, "axis": "z", "origin": [8, 4.4, 5]},
			"faces": {
				"north": {"uv": [10, 0, 10.125, 0.375], "texture": "#0"},
				"south": {"uv": [0.5, 10, 0.625, 10.375], "texture": "#0"},
				"up": {"uv": [6.125, 7.25, 6, 4], "texture": "#0"},
				"down": {"uv": [5.125, 6, 5, 9.25], "texture": "#0"}
			}
		},
		{
			"name": "octagon",
			"from": [7.83431, 4, -0.5],
			"to": [8.16569, 4.8, 6],
			"rotation": {"angle": 0, "axis": "z", "origin": [8, 4.4, 5]},
			"faces": {
				"north": {"uv": [10, 0.5, 10.125, 0.875], "texture": "#0"},
				"up": {"uv": [5.625, 9.25, 5.5, 6], "texture": "#0"},
				"down": {"uv": [0.625, 6.5, 0.5, 9.75], "texture": "#0"}
			}
		},
		{
			"name": "octagon",
			"from": [7.6, 4.23431, -0.5],
			"to": [8.4, 4.56569, 6],
			"rotation": {"angle": 45, "axis": "z", "origin": [8, 4.4, 5]},
			"faces": {
				"north": {"uv": [1, 10, 1.375, 10.125], "texture": "#0"},
				"east": {"uv": [6.5, 4, 9.75, 4.125], "texture": "#0"},
				"south": {"uv": [1.5, 10, 1.875, 10.125], "texture": "#0"},
				"west": {"uv": [6.5, 4.5, 9.75, 4.625], "texture": "#0"}
			}
		},
		{
			"name": "octagon",
			"from": [7.6, 4.23431, -0.5],
			"to": [8.4, 4.56569, 6],
			"rotation": {"angle": 0, "axis": "z", "origin": [8, 4.4, 5]},
			"faces": {
				"north": {"uv": [10, 1.5, 10.375, 1.625], "texture": "#0"},
				"east": {"uv": [6.5, 5, 9.75, 5.125], "texture": "#0"},
				"west": {"uv": [6.5, 5.5, 9.75, 5.625], "texture": "#0"}
			}
		},
		{
			"name": "octagon",
			"from": [7.69289, 4.6, -0.1],
			"to": [8.30711, 5, 6],
			"rotation": {"angle": 0, "axis": "y", "origin": [8, 5.4, 5]},
			"faces": {
				"north": {"uv": [9.5, 2.5, 9.75, 2.75], "texture": "#0"},
				"east": {"uv": [4.5, 3, 7.5, 3.25], "texture": "#0"},
				"west": {"uv": [4.5, 3.5, 7.5, 3.75], "texture": "#0"}
			}
		},
		{
			"name": "octagon",
			"from": [7.79289, 3.9, -0.1],
			"to": [8.20711, 4.9, 0.5],
			"rotation": {"angle": 45, "axis": "z", "origin": [8, 4.4, 5]},
			"faces": {
				"north": {"uv": [8.5, 8.5, 8.75, 9], "texture": "#0"},
				"south": {"uv": [9, 1, 9.25, 1.5], "texture": "#0"},
				"up": {"uv": [3.25, 9.75, 3, 9.5], "texture": "#0"},
				"down": {"uv": [3.75, 9.5, 3.5, 9.75], "texture": "#0"}
			}
		},
		{
			"name": "octagon",
			"from": [7.79289, 3.9, -0.1],
			"to": [8.20711, 4.9, 0.5],
			"rotation": {"angle": 0, "axis": "y", "origin": [8, 4.4, 5]},
			"faces": {
				"north": {"uv": [9, 1.5, 9.25, 2], "texture": "#0"},
				"down": {"uv": [5.25, 9.5, 5, 9.75], "texture": "#0"}
			}
		},
		{
			"name": "octagon",
			"from": [7.5, 4.19289, -0.1],
			"to": [8.5, 4.60711, 0.5],
			"rotation": {"angle": 45, "axis": "z", "origin": [8, 4.4, 5]},
			"faces": {
				"north": {"uv": [2, 9, 2.5, 9.25], "texture": "#0"},
				"east": {"uv": [5.5, 9.5, 5.75, 9.75], "texture": "#0"},
				"south": {"uv": [3, 9, 3.5, 9.25], "texture": "#0"},
				"west": {"uv": [9.5, 6, 9.75, 6.25], "texture": "#0"}
			}
		},
		{
			"name": "octagon",
			"from": [7.5, 4.19289, -0.1],
			"to": [8.5, 4.60711, 0.5],
			"rotation": {"angle": 0, "axis": "y", "origin": [8, 4.4, 5]},
			"faces": {
				"north": {"uv": [3.5, 9, 4, 9.25], "texture": "#0"},
				"east": {"uv": [6.5, 9.5, 6.75, 9.75], "texture": "#0"},
				"west": {"uv": [9.5, 6.5, 9.75, 6.75], "texture": "#0"}
			}
		},
		{
			"from": [7.4, 3.9, 0],
			"to": [8.6, 4.9, 3.5],
			"faces": {
				"north": {"uv": [7.5, 6, 8.125, 6.5], "texture": "#0"},
				"east": {"uv": [3, 2, 4.75, 2.5], "texture": "#0"},
				"south": {"uv": [7.5, 6.5, 8.125, 7], "texture": "#0"},
				"west": {"uv": [3, 2.5, 4.75, 3], "texture": "#0"},
				"up": {"uv": [2.125, 3.75, 1.5, 2], "texture": "#0"},
				"down": {"uv": [3.125, 0, 2.5, 1.75], "texture": "#0"}
			}
		},
		{
			"from": [7.6, 3.7, 0],
			"to": [8.4, 3.9, 3.5],
			"faces": {
				"north": {"uv": [2, 10, 2.375, 10.125], "texture": "#0"},
				"south": {"uv": [10, 2, 10.375, 2.125], "texture": "#0"},
				"down": {"uv": [0.875, 4.5, 0.5, 6.25], "texture": "#0"}
			}
		},
		{
			"from": [12.44228, -0.59031, 0],
			"to": [12.64228, -0.30749, 3.5],
			"rotation": {"angle": 45, "axis": "z", "origin": [4.84228, -4.29031, 0]},
			"faces": {
				"north": {"uv": [10.5, 4, 10.625, 4.125], "texture": "#0"},
				"south": {"uv": [4.5, 10.5, 4.625, 10.625], "texture": "#0"},
				"west": {"uv": [8, 0, 9.75, 0.125], "texture": "#0"},
				"up": {"uv": [1.125, 9.75, 1, 8], "texture": "#0"}
			}
		},
		{
			"from": [3.35772, -0.59031, 0],
			"to": [3.55772, -0.30749, 3.5],
			"rotation": {"angle": -45, "axis": "z", "origin": [11.15772, -4.29031, 0]},
			"faces": {
				"north": {"uv": [10.5, 4.5, 10.625, 4.625], "texture": "#0"},
				"east": {"uv": [8, 0.5, 9.75, 0.625], "texture": "#0"},
				"south": {"uv": [5, 10.5, 5.125, 10.625], "texture": "#0"},
				"up": {"uv": [1.625, 9.75, 1.5, 8], "texture": "#0"}
			}
		},
		{
			"from": [7.75, 4, 7],
			"to": [8.25, 4.5, 8.5],
			"faces": {
				"north": {"uv": [2, 2, 2.25, 2.25], "texture": "#1"},
				"east": {"uv": [0, 1, 1.25, 1.25], "texture": "#1"},
				"south": {"uv": [1, 2, 1.25, 2.25], "texture": "#1"},
				"west": {"uv": [0, 0, 1.25, 0.25], "texture": "#1"},
				"up": {"uv": [2, 0, 2.25, 1.25], "texture": "#1"},
				"down": {"uv": [0.5, 2, 0.75, 3.25], "texture": "#1"}
			}
		}
	],
	"display": {
		"thirdperson_righthand": {
			"translation": [0, 4.5, -2.25]
		},
		"thirdperson_lefthand": {
			"scale": [0, 0, 0]
		},
		"firstperson_righthand": {
			"rotation": [0, 0, -52.5],
			"translation": [2.5, 16.25, 0.5],
			"scale": [1, 1, 0.69]
		},
		"firstperson_lefthand": {
			"rotation": [0, 93.75, 0],
			"translation": [-8.25, 12.5, 0]
		},
		"gui": {
			"rotation": [18.75, 50.5, 5.75],
			"translation": [1.25, 3.75, 0]
		}
	},
	"groups": [
		{
			"name": "super_shorty",
			"origin": [8, 8, 8],
			"color": 0,
			"children": [
				{
					"name": "wei",
					"origin": [8, 8, 8],
					"color": 0,
					"children": [0, 1, 2, 3, 4, 5,
						{
							"name": "group",
							"origin": [0, -8.15721, 6.73396],
							"color": 0,
							"children": [6, 7, 8, 9, 10]
						}
					]
				},
				{
					"name": "main",
					"origin": [8, 8, 8],
					"color": 0,
					"children": [11, 12, 13, 14, 15, 16, 17,
						{
							"name": "group",
							"origin": [10.23848, -4.32376, 0],
							"color": 0,
							"children": [18, 19, 20, 21, 22, 23, 24, 25, 26, 27, 28, 29, 30]
						}
					]
				},
				{
					"name": "head",
					"origin": [8, 8, 8],
					"color": 0,
					"children": [
						{
							"name": "octagon",
							"origin": [8, 8, 8],
							"color": 0,
							"children": [31, 32, 33, 34]
						},
						{
							"name": "octagon",
							"origin": [8, 8, 8],
							"color": 0,
							"children": [35, 36, 37, 38]
						}, 39,
						{
							"name": "octagon",
							"origin": [8, 8, 8],
							"color": 0,
							"children": [40, 41, 42, 43]
						}, 44, 45, 46, 47]
				}
			]
		}, 48]
}