{
	"credit": "Made with Blockbench",
	"texture_size": [64, 64],
	"textures": {
		"0": "gun/hk417/hk417",
		"particle": "gun/hk417/hk417"
	},
	"elements": [
		{
			"from": [7.5, 2.8, 18.8],
			"to": [8.5, 5.2, 19.3],
			"rotation": {"angle": 0, "axis": "y", "origin": [0, 0, 3.5]},
			"faces": {
				"north": {"uv": [1.75, 2.5, 2, 3.09375], "texture": "#0"},
				"east": {"uv": [0.25, 3.5, 0.375, 4.09375], "texture": "#0"},
				"south": {"uv": [2.25, 2.75, 2.5, 3.34375], "texture": "#0"},
				"west": {"uv": [0.5, 3.5, 0.625, 4.09375], "texture": "#0"},
				"up": {"uv": [3.25, 4.625, 3, 4.5], "texture": "#0"},
				"down": {"uv": [3.5, 4.5, 3.25, 4.625], "texture": "#0"}
			}
		},
		{
			"from": [7.8, 5.2, 18.8],
			"to": [8.2, 5.35, 19.3],
			"rotation": {"angle": 0, "axis": "y", "origin": [0, 0, 3.5]},
			"faces": {
				"north": {"uv": [7.25, 4.25, 7.34375, 4.28125], "texture": "#0"},
				"east": {"uv": [7.25, 1.25, 7.375, 1.28125], "texture": "#0"},
				"south": {"uv": [4.5, 7.25, 4.59375, 7.28125], "texture": "#0"},
				"west": {"uv": [1.5, 7.25, 1.625, 7.28125], "texture": "#0"},
				"up": {"uv": [2.34375, 5.375, 2.25, 5.25], "texture": "#0"},
				"down": {"uv": [5.34375, 2.25, 5.25, 2.375], "texture": "#0"}
			}
		},
		{
			"from": [6.61943, 8.45667, 18.8],
			"to": [7.01943, 8.75667, 19.3],
			"rotation": {"angle": -22.5, "axis": "z", "origin": [-1.18057, 3.25667, 3.5]},
			"faces": {
				"north": {"uv": [0, 6.25, 0.09375, 6.3125], "texture": "#0"},
				"east": {"uv": [4.75, 6, 4.875, 6.0625], "texture": "#0"},
				"south": {"uv": [6.25, 0, 6.34375, 0.0625], "texture": "#0"},
				"west": {"uv": [5, 6, 5.125, 6.0625], "texture": "#0"},
				"up": {"uv": [2.59375, 5.375, 2.5, 5.25], "texture": "#0"},
				"down": {"uv": [2.84375, 5.25, 2.75, 5.375], "texture": "#0"}
			}
		},
		{
			"from": [8.98057, 8.45667, 18.8],
			"to": [9.38057, 8.75667, 19.3],
			"rotation": {"angle": 22.5, "axis": "z", "origin": [17.18057, 3.25667, 3.5]},
			"faces": {
				"north": {"uv": [0.25, 6.25, 0.34375, 6.3125], "texture": "#0"},
				"east": {"uv": [6, 5, 6.125, 5.0625], "texture": "#0"},
				"south": {"uv": [0.5, 6.25, 0.59375, 6.3125], "texture": "#0"},
				"west": {"uv": [5.25, 6, 5.375, 6.0625], "texture": "#0"},
				"up": {"uv": [3.09375, 5.375, 3, 5.25], "texture": "#0"},
				"down": {"uv": [3.34375, 5.25, 3.25, 5.375], "texture": "#0"}
			}
		},
		{
			"from": [12.12807, -2.32462, 18.8],
			"to": [12.52807, -1.82462, 19.3],
			"rotation": {"angle": 45, "axis": "z", "origin": [4.32807, -4.62462, 3.5]},
			"faces": {
				"north": {"uv": [5.25, 3.25, 5.34375, 3.375], "texture": "#0"},
				"east": {"uv": [0, 5.25, 0.125, 5.375], "texture": "#0"},
				"south": {"uv": [3.5, 5.25, 3.59375, 5.375], "texture": "#0"},
				"west": {"uv": [5.25, 0, 5.375, 0.125], "texture": "#0"},
				"up": {"uv": [5.34375, 3.625, 5.25, 3.5], "texture": "#0"},
				"down": {"uv": [3.84375, 5.25, 3.75, 5.375], "texture": "#0"}
			}
		},
		{
			"from": [3.47193, -2.32462, 18.8],
			"to": [3.87193, -1.82462, 19.3],
			"rotation": {"angle": -45, "axis": "z", "origin": [11.67193, -4.62462, 3.5]},
			"faces": {
				"north": {"uv": [5.25, 3.75, 5.34375, 3.875], "texture": "#0"},
				"east": {"uv": [0.25, 5.25, 0.375, 5.375], "texture": "#0"},
				"south": {"uv": [4, 5.25, 4.09375, 5.375], "texture": "#0"},
				"west": {"uv": [5.25, 0.25, 5.375, 0.375], "texture": "#0"},
				"up": {"uv": [5.34375, 4.125, 5.25, 4], "texture": "#0"},
				"down": {"uv": [4.34375, 5.25, 4.25, 5.375], "texture": "#0"}
			}
		},
		{
			"from": [7.7, 2.5, 18.8],
			"to": [8.3, 2.8, 19.3],
			"rotation": {"angle": 0, "axis": "y", "origin": [0, 0, 3.5]},
			"faces": {
				"north": {"uv": [5.75, 5.5, 5.90625, 5.5625], "texture": "#0"},
				"east": {"uv": [6, 5.25, 6.125, 5.3125], "texture": "#0"},
				"south": {"uv": [5.75, 5.75, 5.90625, 5.8125], "texture": "#0"},
				"west": {"uv": [5.5, 6, 5.625, 6.0625], "texture": "#0"},
				"up": {"uv": [1.90625, 5.125, 1.75, 5], "texture": "#0"},
				"down": {"uv": [5.15625, 1.75, 5, 1.875], "texture": "#0"}
			}
		},
		{
			"from": [7.8, 2.8, 18.1],
			"to": [8.2, 4.3, 18.8],
			"rotation": {"angle": 0, "axis": "y", "origin": [0, 0, 3.5]},
			"faces": {
				"north": {"uv": [4, 4.25, 4.09375, 4.625], "texture": "#0"},
				"east": {"uv": [3.5, 1.5, 3.6875, 1.875], "texture": "#0"},
				"south": {"uv": [4.25, 4.25, 4.34375, 4.625], "texture": "#0"},
				"west": {"uv": [2.25, 3.5, 2.4375, 3.875], "texture": "#0"},
				"up": {"uv": [5.09375, 3.4375, 5, 3.25], "texture": "#0"},
				"down": {"uv": [3.59375, 5, 3.5, 5.1875], "texture": "#0"}
			}
		},
		{
			"from": [7.8, 3.6, 15.6],
			"to": [8.2, 4.3, 17.4],
			"rotation": {"angle": 0, "axis": "y", "origin": [0, 0, 3.5]},
			"faces": {
				"north": {"uv": [5, 3.5, 5.09375, 3.6875], "texture": "#0"},
				"east": {"uv": [3.25, 3, 3.6875, 3.1875], "texture": "#0"},
				"south": {"uv": [3.75, 5, 3.84375, 5.1875], "texture": "#0"},
				"west": {"uv": [3.25, 3.25, 3.6875, 3.4375], "texture": "#0"},
				"up": {"uv": [3.34375, 4.4375, 3.25, 4], "texture": "#0"},
				"down": {"uv": [3.59375, 4, 3.5, 4.4375], "texture": "#0"}
			}
		},
		{
			"from": [7.8, -6.70366, 24.35614],
			"to": [8.2, -4.60366, 25.45614],
			"rotation": {"angle": -45, "axis": "x", "origin": [0, -9.50366, 9.75614]},
			"faces": {
				"north": {"uv": [0, 4, 0.09375, 4.53125], "texture": "#0"},
				"east": {"uv": [2.75, 2, 3.03125, 2.53125], "texture": "#0"},
				"south": {"uv": [4, 1.75, 4.09375, 2.28125], "texture": "#0"},
				"west": {"uv": [2.75, 2.75, 3.03125, 3.28125], "texture": "#0"},
				"up": {"uv": [4.84375, 3.03125, 4.75, 2.75], "texture": "#0"},
				"down": {"uv": [3.09375, 4.75, 3, 5.03125], "texture": "#0"}
			}
		},
		{
			"from": [7.6, 4.3, 14.6],
			"to": [8.4, 5.2, 18.8],
			"rotation": {"angle": 0, "axis": "y", "origin": [0, 0, 3.5]},
			"faces": {
				"north": {"uv": [4, 1, 4.1875, 1.21875], "texture": "#0"},
				"east": {"uv": [1, 1.5, 2.0625, 1.71875], "texture": "#0"},
				"south": {"uv": [4, 3.5, 4.1875, 3.71875], "texture": "#0"},
				"west": {"uv": [1, 1.75, 2.0625, 1.96875], "texture": "#0"},
				"up": {"uv": [2.1875, 3.0625, 2, 2], "texture": "#0"},
				"down": {"uv": [2.4375, 1.5, 2.25, 2.5625], "texture": "#0"}
			}
		},
		{
			"from": [7.6, 4.3, 14.2],
			"to": [8.4, 5.2, 14.6],
			"rotation": {"angle": 0, "axis": "y", "origin": [0, 0, 3.5]},
			"faces": {
				"north": {"uv": [4, 3.75, 4.1875, 3.96875], "texture": "#0"},
				"east": {"uv": [0.25, 5, 0.34375, 5.21875], "texture": "#0"},
				"south": {"uv": [4, 4, 4.1875, 4.21875], "texture": "#0"},
				"west": {"uv": [0.75, 5, 0.84375, 5.21875], "texture": "#0"},
				"up": {"uv": [5.1875, 3.84375, 5, 3.75], "texture": "#0"},
				"down": {"uv": [4.1875, 5, 4, 5.09375], "texture": "#0"}
			}
		},
		{
			"from": [7.6, 4, 13.7],
			"to": [8.4, 5.2, 14.2],
			"rotation": {"angle": 0, "axis": "y", "origin": [0, 0, 3.5]},
			"faces": {
				"north": {"uv": [3, 3.5, 3.1875, 3.8125], "texture": "#0"},
				"east": {"uv": [2.5, 4.25, 2.625, 4.5625], "texture": "#0"},
				"south": {"uv": [3.25, 3.5, 3.4375, 3.8125], "texture": "#0"},
				"west": {"uv": [4.25, 2.5, 4.375, 2.8125], "texture": "#0"},
				"up": {"uv": [4.9375, 3.875, 4.75, 3.75], "texture": "#0"},
				"down": {"uv": [4.1875, 4.75, 4, 4.875], "texture": "#0"}
			}
		},
		{
			"from": [7.6, 4, 13.3],
			"to": [8.4, 4.2, 14.2],
			"rotation": {"angle": 0, "axis": "y", "origin": [0, 0, 3.5]},
			"faces": {
				"north": {"uv": [5.25, 4.25, 5.4375, 4.3125], "texture": "#0"},
				"east": {"uv": [2, 5.25, 2.21875, 5.3125], "texture": "#0"},
				"south": {"uv": [4.5, 5.25, 4.6875, 5.3125], "texture": "#0"},
				"west": {"uv": [5.25, 2, 5.46875, 2.0625], "texture": "#0"},
				"up": {"uv": [4.4375, 0.21875, 4.25, 0], "texture": "#0"},
				"down": {"uv": [0.4375, 4.25, 0.25, 4.46875], "texture": "#0"}
			}
		},
		{
			"from": [7.6, 8.3992, 12.48647],
			"to": [8.4, 9.4992, 12.98647],
			"rotation": {"angle": 22.5, "axis": "x", "origin": [0, 4.2992, 2.28647]},
			"faces": {
				"north": {"uv": [3.75, 1.75, 3.9375, 2.03125], "texture": "#0"},
				"east": {"uv": [0.25, 4.5, 0.375, 4.78125], "texture": "#0"},
				"south": {"uv": [3.75, 2.25, 3.9375, 2.53125], "texture": "#0"},
				"west": {"uv": [0.75, 4.5, 0.875, 4.78125], "texture": "#0"},
				"up": {"uv": [4.9375, 4.125, 4.75, 4], "texture": "#0"},
				"down": {"uv": [4.4375, 4.75, 4.25, 4.875], "texture": "#0"}
			}
		},
		{
			"from": [7.7, 4.3, 8.3],
			"to": [8.3, 5.1, 16.9],
			"rotation": {"angle": 0, "axis": "y", "origin": [0, 0, 3.5]},
			"faces": {
				"north": {"uv": [4.5, 3.25, 4.65625, 3.4375], "texture": "#0"},
				"east": {"uv": [0, 0, 2.15625, 0.1875], "texture": "#0"},
				"south": {"uv": [3.5, 4.5, 3.65625, 4.6875], "texture": "#0"},
				"west": {"uv": [0, 0.25, 2.15625, 0.4375], "texture": "#0"},
				"up": {"uv": [0.65625, 3.15625, 0.5, 1], "texture": "#0"},
				"down": {"uv": [0.90625, 1, 0.75, 3.15625], "texture": "#0"}
			}
		},
		{
			"from": [7.8, 5.1, 8.3],
			"to": [8.2, 5.7, 12.9],
			"rotation": {"angle": 0, "axis": "y", "origin": [0, 0, 3.5]},
			"faces": {
				"north": {"uv": [0.75, 5.25, 0.84375, 5.40625], "texture": "#0"},
				"east": {"uv": [2.25, 0, 3.40625, 0.15625], "texture": "#0"},
				"south": {"uv": [5.25, 0.75, 5.34375, 0.90625], "texture": "#0"},
				"west": {"uv": [2.25, 0.25, 3.40625, 0.40625], "texture": "#0"},
				"up": {"uv": [0.84375, 4.40625, 0.75, 3.25], "texture": "#0"},
				"down": {"uv": [1.84375, 3.25, 1.75, 4.40625], "texture": "#0"}
			}
		},
		{
			"from": [7.8, 5.1, 12.9],
			"to": [8.2, 5.3, 13.5],
			"rotation": {"angle": 0, "axis": "y", "origin": [0, 0, 3.5]},
			"faces": {
				"north": {"uv": [6.25, 0.5, 6.34375, 0.5625], "texture": "#0"},
				"east": {"uv": [0, 6, 0.15625, 6.0625], "texture": "#0"},
				"south": {"uv": [0.75, 6.25, 0.84375, 6.3125], "texture": "#0"},
				"west": {"uv": [6, 0, 6.15625, 0.0625], "texture": "#0"},
				"up": {"uv": [1.09375, 5.40625, 1, 5.25], "texture": "#0"},
				"down": {"uv": [5.34375, 1, 5.25, 1.15625], "texture": "#0"}
			}
		},
		{
			"from": [7.9, 5.3, 12.9],
			"to": [8.1, 5.5, 13.2],
			"rotation": {"angle": 0, "axis": "y", "origin": [0, 0, 3.5]},
			"faces": {
				"north": {"uv": [7.25, 1.5, 7.3125, 1.5625], "texture": "#0"},
				"east": {"uv": [1.75, 7.25, 1.8125, 7.3125], "texture": "#0"},
				"south": {"uv": [7.25, 1.75, 7.3125, 1.8125], "texture": "#0"},
				"west": {"uv": [2, 7.25, 2.0625, 7.3125], "texture": "#0"},
				"up": {"uv": [7.3125, 2.0625, 7.25, 2], "texture": "#0"},
				"down": {"uv": [2.3125, 7.25, 2.25, 7.3125], "texture": "#0"}
			}
		},
		{
			"from": [7.6, 5.3, 13.2],
			"to": [8.4, 5.6, 13.4],
			"rotation": {"angle": 0, "axis": "y", "origin": [0, 0, 3.5]},
			"faces": {
				"north": {"uv": [5.25, 4.5, 5.4375, 4.5625], "texture": "#0"},
				"east": {"uv": [7.25, 2.25, 7.3125, 2.3125], "texture": "#0"},
				"south": {"uv": [4.75, 5.25, 4.9375, 5.3125], "texture": "#0"},
				"west": {"uv": [2.5, 7.25, 2.5625, 7.3125], "texture": "#0"},
				"up": {"uv": [5.1875, 5.3125, 5, 5.25], "texture": "#0"},
				"down": {"uv": [5.4375, 5.25, 5.25, 5.3125], "texture": "#0"}
			}
		},
		{
			"from": [7.7, 3, 8.3],
			"to": [8.3, 4.3, 10.4],
			"rotation": {"angle": 0, "axis": "y", "origin": [0, 0, 3.5]},
			"faces": {
				"north": {"uv": [4, 0, 4.15625, 0.3125], "texture": "#0"},
				"east": {"uv": [2.25, 0.5, 2.78125, 0.8125], "texture": "#0"},
				"south": {"uv": [2, 4, 2.15625, 4.3125], "texture": "#0"},
				"west": {"uv": [2.75, 1.5, 3.28125, 1.8125], "texture": "#0"},
				"up": {"uv": [2.15625, 3.78125, 2, 3.25], "texture": "#0"},
				"down": {"uv": [3.40625, 2.25, 3.25, 2.78125], "texture": "#0"}
			}
		},
		{
			"from": [7.8, -1.5, 8.4],
			"to": [8.2, 0.4, 10.3],
			"rotation": {"angle": 0, "axis": "y", "origin": [0, -3, 3.5]},
			"faces": {
				"north": {"uv": [2.25, 4, 2.34375, 4.46875], "texture": "#0"},
				"east": {"uv": [1, 2, 1.46875, 2.46875], "texture": "#0"},
				"south": {"uv": [4, 2.5, 4.09375, 2.96875], "texture": "#0"},
				"west": {"uv": [1.5, 2, 1.96875, 2.46875], "texture": "#0"},
				"up": {"uv": [3.09375, 4.46875, 3, 4], "texture": "#0"},
				"down": {"uv": [4.09375, 3, 4, 3.46875], "texture": "#0"}
			}
		},
		{
			"from": [7.8, -2.1, 9.9],
			"to": [8.2, -1.2, 10.3],
			"rotation": {"angle": 0, "axis": "y", "origin": [0, -3, 3.5]},
			"faces": {
				"north": {"uv": [1, 5, 1.09375, 5.21875], "texture": "#0"},
				"east": {"uv": [5, 1, 5.09375, 1.21875], "texture": "#0"},
				"south": {"uv": [1.25, 5, 1.34375, 5.21875], "texture": "#0"},
				"west": {"uv": [5, 1.25, 5.09375, 1.46875], "texture": "#0"},
				"up": {"uv": [6.09375, 2.84375, 6, 2.75], "texture": "#0"},
				"down": {"uv": [3.09375, 6, 3, 6.09375], "texture": "#0"}
			}
		},
		{
			"from": [7.8, 0.48933, 8.19897],
			"to": [8.2, 1.38933, 9.79897],
			"rotation": {"angle": 22.5, "axis": "x", "origin": [0, -1.01067, 3.29897]},
			"faces": {
				"north": {"uv": [1.5, 5, 1.59375, 5.21875], "texture": "#0"},
				"east": {"uv": [3.25, 1.25, 3.65625, 1.46875], "texture": "#0"},
				"south": {"uv": [5, 1.5, 5.09375, 1.71875], "texture": "#0"},
				"west": {"uv": [3.25, 2, 3.65625, 2.21875], "texture": "#0"},
				"up": {"uv": [2.84375, 4.65625, 2.75, 4.25], "texture": "#0"},
				"down": {"uv": [4.34375, 3, 4.25, 3.40625], "texture": "#0"}
			}
		},
		{
			"from": [7.8, 3.6, 10.4],
			"to": [8.2, 4.3, 13],
			"rotation": {"angle": 0, "axis": "y", "origin": [0, 0, 3.5]},
			"faces": {
				"north": {"uv": [5, 4, 5.09375, 4.1875], "texture": "#0"},
				"east": {"uv": [0, 3.25, 0.65625, 3.4375], "texture": "#0"},
				"south": {"uv": [4.25, 5, 4.34375, 5.1875], "texture": "#0"},
				"west": {"uv": [3.25, 1, 3.90625, 1.1875], "texture": "#0"},
				"up": {"uv": [3.59375, 2.90625, 3.5, 2.25], "texture": "#0"},
				"down": {"uv": [2.84375, 3.5, 2.75, 4.15625], "texture": "#0"}
			}
		},
		{
			"from": [7.8, 3, 11.6],
			"to": [8.2, 3.6, 13],
			"rotation": {"angle": 0, "axis": "y", "origin": [0, 0, 3.5]},
			"faces": {
				"north": {"uv": [1.25, 5.25, 1.34375, 5.40625], "texture": "#0"},
				"east": {"uv": [3.75, 1.25, 4.09375, 1.40625], "texture": "#0"},
				"south": {"uv": [5.25, 1.25, 5.34375, 1.40625], "texture": "#0"},
				"west": {"uv": [3.75, 1.5, 4.09375, 1.65625], "texture": "#0"},
				"up": {"uv": [1.84375, 4.84375, 1.75, 4.5], "texture": "#0"},
				"down": {"uv": [4.59375, 1.75, 4.5, 2.09375], "texture": "#0"}
			}
		},
		{
			"from": [7.8, 3, 10.4],
			"to": [8.2, 3.1, 11.6],
			"rotation": {"angle": 0, "axis": "y", "origin": [0, 0, 3.5]},
			"faces": {
				"north": {"uv": [7.25, 4.5, 7.34375, 4.53125], "texture": "#0"},
				"east": {"uv": [0.25, 6, 0.5625, 6.03125], "texture": "#0"},
				"south": {"uv": [4.75, 7.25, 4.84375, 7.28125], "texture": "#0"},
				"west": {"uv": [6, 0.25, 6.3125, 0.28125], "texture": "#0"},
				"up": {"uv": [4.59375, 4.0625, 4.5, 3.75], "texture": "#0"},
				"down": {"uv": [4.59375, 4.25, 4.5, 4.5625], "texture": "#0"}
			}
		},
		{
			"from": [7.8, 3.2, 11],
			"to": [8.2, 3.6, 11.1],
			"rotation": {"angle": 0, "axis": "y", "origin": [0, 0, 3.5]},
			"faces": {
				"north": {"uv": [6, 3, 6.09375, 3.09375], "texture": "#0"},
				"east": {"uv": [7.25, 4.75, 7.28125, 4.84375], "texture": "#0"},
				"south": {"uv": [3.25, 6, 3.34375, 6.09375], "texture": "#0"},
				"west": {"uv": [5, 7.25, 5.03125, 7.34375], "texture": "#0"},
				"up": {"uv": [7.34375, 5.03125, 7.25, 5], "texture": "#0"},
				"down": {"uv": [5.34375, 7.25, 5.25, 7.28125], "texture": "#0"}
			}
		},
		{
			"from": [7.8, 3.9, 13.1],
			"to": [8.2, 4.3, 14.3],
			"rotation": {"angle": 0, "axis": "y", "origin": [0, 0, 3.5]},
			"faces": {
				"north": {"uv": [6, 3.25, 6.09375, 3.34375], "texture": "#0"},
				"east": {"uv": [4.75, 0, 5.0625, 0.09375], "texture": "#0"},
				"south": {"uv": [3.5, 6, 3.59375, 6.09375], "texture": "#0"},
				"west": {"uv": [4.75, 0.25, 5.0625, 0.34375], "texture": "#0"},
				"up": {"uv": [0.09375, 5.0625, 0, 4.75], "texture": "#0"},
				"down": {"uv": [0.59375, 4.75, 0.5, 5.0625], "texture": "#0"}
			}
		},
		{
			"from": [7.8, -1.16604, 17.6766],
			"to": [8.2, -0.56604, 18.3766],
			"rotation": {"angle": -45, "axis": "x", "origin": [0, -4.56604, 9.6766]},
			"faces": {
				"north": {"uv": [1.5, 5.25, 1.59375, 5.40625], "texture": "#0"},
				"east": {"uv": [1, 4.75, 1.1875, 4.90625], "texture": "#0"},
				"south": {"uv": [5.25, 1.5, 5.34375, 1.65625], "texture": "#0"},
				"west": {"uv": [4.75, 1, 4.9375, 1.15625], "texture": "#0"},
				"up": {"uv": [5.09375, 4.4375, 5, 4.25], "texture": "#0"},
				"down": {"uv": [4.59375, 5, 4.5, 5.1875], "texture": "#0"}
			}
		},
		{
			"from": [7.8, -2.2, 12.9],
			"to": [8.2, -0.4, 13.6],
			"rotation": {"angle": -22.5, "axis": "x", "origin": [0, 0, 3.5]},
			"faces": {
				"north": {"uv": [0.5, 4.25, 0.59375, 4.6875], "texture": "#0"},
				"east": {"uv": [0, 3.5, 0.1875, 3.9375], "texture": "#0"},
				"south": {"uv": [4.25, 1, 4.34375, 1.4375], "texture": "#0"},
				"west": {"uv": [3.5, 0, 3.6875, 0.4375], "texture": "#0"},
				"up": {"uv": [5.09375, 4.6875, 5, 4.5], "texture": "#0"},
				"down": {"uv": [4.84375, 5, 4.75, 5.1875], "texture": "#0"}
			}
		},
		{
			"from": [7.8, -1.8, 12.5],
			"to": [8.2, -0.4, 12.9],
			"rotation": {"angle": -22.5, "axis": "x", "origin": [0, 0, 3.5]},
			"faces": {
				"north": {"uv": [2, 4.5, 2.09375, 4.84375], "texture": "#0"},
				"east": {"uv": [2.25, 4.5, 2.34375, 4.84375], "texture": "#0"},
				"south": {"uv": [4.5, 2.25, 4.59375, 2.59375], "texture": "#0"},
				"west": {"uv": [4.5, 2.75, 4.59375, 3.09375], "texture": "#0"},
				"up": {"uv": [6.09375, 3.59375, 6, 3.5], "texture": "#0"},
				"down": {"uv": [3.84375, 6, 3.75, 6.09375], "texture": "#0"}
			}
		},
		{
			"from": [7.8, 1.56469, 12.52637],
			"to": [8.2, 3.36469, 13.02637],
			"rotation": {"angle": 0, "axis": "x", "origin": [0, 3.76469, 2.92637]},
			"faces": {
				"north": {"uv": [4.25, 1.5, 4.34375, 1.9375], "texture": "#0"},
				"east": {"uv": [3.5, 3.5, 3.625, 3.9375], "texture": "#0"},
				"south": {"uv": [4.25, 2, 4.34375, 2.4375], "texture": "#0"},
				"west": {"uv": [3.75, 0, 3.875, 0.4375], "texture": "#0"},
				"up": {"uv": [0.09375, 5.625, 0, 5.5], "texture": "#0"},
				"down": {"uv": [5.59375, 0, 5.5, 0.125], "texture": "#0"}
			}
		},
		{
			"from": [7.8, 1.56469, 12.52637],
			"to": [8.2, 1.86469, 13.62637],
			"rotation": {"angle": 0, "axis": "y", "origin": [0, 3.76469, 2.92637]},
			"faces": {
				"north": {"uv": [6.25, 0.75, 6.34375, 0.8125], "texture": "#0"},
				"east": {"uv": [5, 4.75, 5.28125, 4.8125], "texture": "#0"},
				"south": {"uv": [1, 6.25, 1.09375, 6.3125], "texture": "#0"},
				"west": {"uv": [5, 5, 5.28125, 5.0625], "texture": "#0"},
				"up": {"uv": [3.34375, 5.03125, 3.25, 4.75], "texture": "#0"},
				"down": {"uv": [4.84375, 3.25, 4.75, 3.53125], "texture": "#0"}
			}
		},
		{
			"from": [7.8, 5.1, -0.2],
			"to": [8.2, 5.7, 8.3],
			"rotation": {"angle": 0, "axis": "y", "origin": [0, 0, 3.5]},
			"faces": {
				"north": {"uv": [1.75, 5.25, 1.84375, 5.40625], "texture": "#0"},
				"east": {"uv": [1, 1, 3.125, 1.15625], "texture": "#0"},
				"south": {"uv": [5.25, 1.75, 5.34375, 1.90625], "texture": "#0"},
				"west": {"uv": [1, 1.25, 3.125, 1.40625], "texture": "#0"},
				"up": {"uv": [1.09375, 4.625, 1, 2.5], "texture": "#0"},
				"down": {"uv": [1.34375, 2.5, 1.25, 4.625], "texture": "#0"}
			}
		},
		{
			"from": [7.8, 5.7, 0.8],
			"to": [8.2, 5.8, 1],
			"rotation": {"angle": 0, "axis": "y", "origin": [0, 0, 3.5]},
			"faces": {
				"north": {"uv": [7.25, 5.25, 7.34375, 5.28125], "texture": "#0"},
				"east": {"uv": [7.75, 3.25, 7.8125, 3.28125], "texture": "#0"},
				"south": {"uv": [5.5, 7.25, 5.59375, 7.28125], "texture": "#0"},
				"west": {"uv": [3.5, 7.75, 3.5625, 7.78125], "texture": "#0"},
				"up": {"uv": [6.34375, 1.0625, 6.25, 1], "texture": "#0"},
				"down": {"uv": [6.34375, 1.25, 6.25, 1.3125], "texture": "#0"}
			}
		},
		{
			"from": [7.8, 5.7, 1.2],
			"to": [8.2, 5.8, 1.4],
			"rotation": {"angle": 0, "axis": "y", "origin": [0, 0, 3.5]},
			"faces": {
				"north": {"uv": [7.25, 5.5, 7.34375, 5.53125], "texture": "#0"},
				"east": {"uv": [7.75, 3.5, 7.8125, 3.53125], "texture": "#0"},
				"south": {"uv": [5.75, 7.25, 5.84375, 7.28125], "texture": "#0"},
				"west": {"uv": [3.75, 7.75, 3.8125, 7.78125], "texture": "#0"},
				"up": {"uv": [1.59375, 6.3125, 1.5, 6.25], "texture": "#0"},
				"down": {"uv": [6.34375, 1.5, 6.25, 1.5625], "texture": "#0"}
			}
		},
		{
			"from": [7.8, 5.7, 1.6],
			"to": [8.2, 5.8, 1.8],
			"rotation": {"angle": 0, "axis": "y", "origin": [0, 0, 3.5]},
			"faces": {
				"north": {"uv": [7.25, 5.75, 7.34375, 5.78125], "texture": "#0"},
				"east": {"uv": [7.75, 3.75, 7.8125, 3.78125], "texture": "#0"},
				"south": {"uv": [6, 7.25, 6.09375, 7.28125], "texture": "#0"},
				"west": {"uv": [4, 7.75, 4.0625, 7.78125], "texture": "#0"},
				"up": {"uv": [1.84375, 6.3125, 1.75, 6.25], "texture": "#0"},
				"down": {"uv": [6.34375, 1.75, 6.25, 1.8125], "texture": "#0"}
			}
		},
		{
			"from": [7.8, 5.7, 2],
			"to": [8.2, 5.8, 2.2],
			"rotation": {"angle": 0, "axis": "y", "origin": [0, 0, 3.5]},
			"faces": {
				"north": {"uv": [7.25, 6, 7.34375, 6.03125], "texture": "#0"},
				"east": {"uv": [7.75, 4, 7.8125, 4.03125], "texture": "#0"},
				"south": {"uv": [6.25, 7.25, 6.34375, 7.28125], "texture": "#0"},
				"west": {"uv": [4.25, 7.75, 4.3125, 7.78125], "texture": "#0"},
				"up": {"uv": [2.09375, 6.3125, 2, 6.25], "texture": "#0"},
				"down": {"uv": [6.34375, 2, 6.25, 2.0625], "texture": "#0"}
			}
		},
		{
			"from": [7.8, 5.7, 2.4],
			"to": [8.2, 5.8, 2.6],
			"rotation": {"angle": 0, "axis": "y", "origin": [0, 0, 3.5]},
			"faces": {
				"north": {"uv": [7.25, 6.25, 7.34375, 6.28125], "texture": "#0"},
				"east": {"uv": [7.75, 4.25, 7.8125, 4.28125], "texture": "#0"},
				"south": {"uv": [6.5, 7.25, 6.59375, 7.28125], "texture": "#0"},
				"west": {"uv": [4.5, 7.75, 4.5625, 7.78125], "texture": "#0"},
				"up": {"uv": [6.34375, 2.3125, 6.25, 2.25], "texture": "#0"},
				"down": {"uv": [2.59375, 6.25, 2.5, 6.3125], "texture": "#0"}
			}
		},
		{
			"from": [7.8, 5.7, 2.8],
			"to": [8.2, 5.8, 3],
			"rotation": {"angle": 0, "axis": "y", "origin": [0, 0, 3.5]},
			"faces": {
				"north": {"uv": [7.25, 6.5, 7.34375, 6.53125], "texture": "#0"},
				"east": {"uv": [7.75, 4.5, 7.8125, 4.53125], "texture": "#0"},
				"south": {"uv": [6.75, 7.25, 6.84375, 7.28125], "texture": "#0"},
				"west": {"uv": [4.75, 7.75, 4.8125, 7.78125], "texture": "#0"},
				"up": {"uv": [6.34375, 2.5625, 6.25, 2.5], "texture": "#0"},
				"down": {"uv": [2.84375, 6.25, 2.75, 6.3125], "texture": "#0"}
			}
		},
		{
			"from": [7.8, 5.7, 3.2],
			"to": [8.2, 5.8, 3.4],
			"rotation": {"angle": 0, "axis": "y", "origin": [0, 0, 3.5]},
			"faces": {
				"north": {"uv": [7.25, 6.75, 7.34375, 6.78125], "texture": "#0"},
				"east": {"uv": [7.75, 4.75, 7.8125, 4.78125], "texture": "#0"},
				"south": {"uv": [7, 7.25, 7.09375, 7.28125], "texture": "#0"},
				"west": {"uv": [5, 7.75, 5.0625, 7.78125], "texture": "#0"},
				"up": {"uv": [6.34375, 2.8125, 6.25, 2.75], "texture": "#0"},
				"down": {"uv": [3.09375, 6.25, 3, 6.3125], "texture": "#0"}
			}
		},
		{
			"from": [7.8, 5.7, 3.6],
			"to": [8.2, 5.8, 3.8],
			"rotation": {"angle": 0, "axis": "y", "origin": [0, 0, 3.5]},
			"faces": {
				"north": {"uv": [7.25, 7, 7.34375, 7.03125], "texture": "#0"},
				"east": {"uv": [7.75, 5, 7.8125, 5.03125], "texture": "#0"},
				"south": {"uv": [7.25, 7.25, 7.34375, 7.28125], "texture": "#0"},
				"west": {"uv": [5.25, 7.75, 5.3125, 7.78125], "texture": "#0"},
				"up": {"uv": [6.34375, 3.0625, 6.25, 3], "texture": "#0"},
				"down": {"uv": [3.34375, 6.25, 3.25, 6.3125], "texture": "#0"}
			}
		},
		{
			"from": [7.8, 5.7, 4],
			"to": [8.2, 5.8, 4.2],
			"rotation": {"angle": 0, "axis": "y", "origin": [0, 0, 3.5]},
			"faces": {
				"north": {"uv": [0, 7.5, 0.09375, 7.53125], "texture": "#0"},
				"east": {"uv": [7.75, 5.25, 7.8125, 5.28125], "texture": "#0"},
				"south": {"uv": [7.5, 0, 7.59375, 0.03125], "texture": "#0"},
				"west": {"uv": [5.5, 7.75, 5.5625, 7.78125], "texture": "#0"},
				"up": {"uv": [6.34375, 3.3125, 6.25, 3.25], "texture": "#0"},
				"down": {"uv": [3.59375, 6.25, 3.5, 6.3125], "texture": "#0"}
			}
		},
		{
			"from": [7.8, 5.7, 4.4],
			"to": [8.2, 5.8, 4.6],
			"rotation": {"angle": 0, "axis": "y", "origin": [0, 0, 3.5]},
			"faces": {
				"north": {"uv": [0.25, 7.5, 0.34375, 7.53125], "texture": "#0"},
				"east": {"uv": [7.75, 5.5, 7.8125, 5.53125], "texture": "#0"},
				"south": {"uv": [7.5, 0.25, 7.59375, 0.28125], "texture": "#0"},
				"west": {"uv": [5.75, 7.75, 5.8125, 7.78125], "texture": "#0"},
				"up": {"uv": [6.34375, 3.5625, 6.25, 3.5], "texture": "#0"},
				"down": {"uv": [3.84375, 6.25, 3.75, 6.3125], "texture": "#0"}
			}
		},
		{
			"from": [7.8, 5.7, 4.8],
			"to": [8.2, 5.8, 5],
			"rotation": {"angle": 0, "axis": "y", "origin": [0, 0, 3.5]},
			"faces": {
				"north": {"uv": [0.5, 7.5, 0.59375, 7.53125], "texture": "#0"},
				"east": {"uv": [7.75, 5.75, 7.8125, 5.78125], "texture": "#0"},
				"south": {"uv": [7.5, 0.5, 7.59375, 0.53125], "texture": "#0"},
				"west": {"uv": [6, 7.75, 6.0625, 7.78125], "texture": "#0"},
				"up": {"uv": [6.34375, 3.8125, 6.25, 3.75], "texture": "#0"},
				"down": {"uv": [4.09375, 6.25, 4, 6.3125], "texture": "#0"}
			}
		},
		{
			"from": [7.8, 5.7, 0.4],
			"to": [8.2, 5.8, 0.6],
			"rotation": {"angle": 0, "axis": "y", "origin": [0, 0, 3.5]},
			"faces": {
				"north": {"uv": [0.75, 7.5, 0.84375, 7.53125], "texture": "#0"},
				"east": {"uv": [7.75, 6, 7.8125, 6.03125], "texture": "#0"},
				"south": {"uv": [7.5, 0.75, 7.59375, 0.78125], "texture": "#0"},
				"west": {"uv": [6.25, 7.75, 6.3125, 7.78125], "texture": "#0"},
				"up": {"uv": [6.34375, 4.0625, 6.25, 4], "texture": "#0"},
				"down": {"uv": [6.34375, 4.25, 6.25, 4.3125], "texture": "#0"}
			}
		},
		{
			"from": [7.8, 5.7, 0],
			"to": [8.2, 5.8, 0.2],
			"rotation": {"angle": 0, "axis": "y", "origin": [0, 0, 3.5]},
			"faces": {
				"north": {"uv": [1, 7.5, 1.09375, 7.53125], "texture": "#0"},
				"east": {"uv": [7.75, 6.25, 7.8125, 6.28125], "texture": "#0"},
				"south": {"uv": [7.5, 1, 7.59375, 1.03125], "texture": "#0"},
				"west": {"uv": [6.5, 7.75, 6.5625, 7.78125], "texture": "#0"},
				"up": {"uv": [6.34375, 4.5625, 6.25, 4.5], "texture": "#0"},
				"down": {"uv": [4.84375, 6.25, 4.75, 6.3125], "texture": "#0"}
			}
		},
		{
			"from": [7.8, 5.7, 5.2],
			"to": [8.2, 5.8, 5.4],
			"rotation": {"angle": 0, "axis": "y", "origin": [0, 0, 3.5]},
			"faces": {
				"north": {"uv": [1.25, 7.5, 1.34375, 7.53125], "texture": "#0"},
				"east": {"uv": [7.75, 6.5, 7.8125, 6.53125], "texture": "#0"},
				"south": {"uv": [7.5, 1.25, 7.59375, 1.28125], "texture": "#0"},
				"west": {"uv": [6.75, 7.75, 6.8125, 7.78125], "texture": "#0"},
				"up": {"uv": [6.34375, 4.8125, 6.25, 4.75], "texture": "#0"},
				"down": {"uv": [5.09375, 6.25, 5, 6.3125], "texture": "#0"}
			}
		},
		{
			"from": [7.8, 5.7, 9.6],
			"to": [8.2, 5.8, 9.8],
			"rotation": {"angle": 0, "axis": "y", "origin": [0, 0, 3.5]},
			"faces": {
				"north": {"uv": [1.5, 7.5, 1.59375, 7.53125], "texture": "#0"},
				"east": {"uv": [7.75, 6.75, 7.8125, 6.78125], "texture": "#0"},
				"south": {"uv": [7.5, 1.5, 7.59375, 1.53125], "texture": "#0"},
				"west": {"uv": [7, 7.75, 7.0625, 7.78125], "texture": "#0"},
				"up": {"uv": [6.34375, 5.0625, 6.25, 5], "texture": "#0"},
				"down": {"uv": [5.34375, 6.25, 5.25, 6.3125], "texture": "#0"}
			}
		},
		{
			"from": [7.8, 5.7, 9.2],
			"to": [8.2, 5.8, 9.4],
			"rotation": {"angle": 0, "axis": "y", "origin": [0, 0, 3.5]},
			"faces": {
				"north": {"uv": [1.75, 7.5, 1.84375, 7.53125], "texture": "#0"},
				"east": {"uv": [7.75, 7, 7.8125, 7.03125], "texture": "#0"},
				"south": {"uv": [7.5, 1.75, 7.59375, 1.78125], "texture": "#0"},
				"west": {"uv": [7.25, 7.75, 7.3125, 7.78125], "texture": "#0"},
				"up": {"uv": [6.34375, 5.3125, 6.25, 5.25], "texture": "#0"},
				"down": {"uv": [5.59375, 6.25, 5.5, 6.3125], "texture": "#0"}
			}
		},
		{
			"from": [7.8, 5.7, 8.8],
			"to": [8.2, 5.8, 9],
			"rotation": {"angle": 0, "axis": "y", "origin": [0, 0, 3.5]},
			"faces": {
				"north": {"uv": [2, 7.5, 2.09375, 7.53125], "texture": "#0"},
				"east": {"uv": [7.75, 7.25, 7.8125, 7.28125], "texture": "#0"},
				"south": {"uv": [7.5, 2, 7.59375, 2.03125], "texture": "#0"},
				"west": {"uv": [7.5, 7.75, 7.5625, 7.78125], "texture": "#0"},
				"up": {"uv": [6.34375, 5.5625, 6.25, 5.5], "texture": "#0"},
				"down": {"uv": [5.84375, 6.25, 5.75, 6.3125], "texture": "#0"}
			}
		},
		{
			"from": [7.8, 5.7, 8.4],
			"to": [8.2, 5.8, 8.6],
			"rotation": {"angle": 0, "axis": "y", "origin": [0, 0, 3.5]},
			"faces": {
				"north": {"uv": [2.25, 7.5, 2.34375, 7.53125], "texture": "#0"},
				"east": {"uv": [7.75, 7.5, 7.8125, 7.53125], "texture": "#0"},
				"south": {"uv": [7.5, 2.25, 7.59375, 2.28125], "texture": "#0"},
				"west": {"uv": [7.75, 7.75, 7.8125, 7.78125], "texture": "#0"},
				"up": {"uv": [6.34375, 5.8125, 6.25, 5.75], "texture": "#0"},
				"down": {"uv": [6.09375, 6.25, 6, 6.3125], "texture": "#0"}
			}
		},
		{
			"from": [7.8, 5.7, 8],
			"to": [8.2, 5.8, 8.2],
			"rotation": {"angle": 0, "axis": "y", "origin": [0, 0, 3.5]},
			"faces": {
				"north": {"uv": [2.5, 7.5, 2.59375, 7.53125], "texture": "#0"},
				"east": {"uv": [0, 8, 0.0625, 8.03125], "texture": "#0"},
				"south": {"uv": [7.5, 2.5, 7.59375, 2.53125], "texture": "#0"},
				"west": {"uv": [8, 0, 8.0625, 0.03125], "texture": "#0"},
				"up": {"uv": [6.34375, 6.0625, 6.25, 6], "texture": "#0"},
				"down": {"uv": [6.34375, 6.25, 6.25, 6.3125], "texture": "#0"}
			}
		},
		{
			"from": [7.8, 5.7, 7.6],
			"to": [8.2, 5.8, 7.8],
			"rotation": {"angle": 0, "axis": "y", "origin": [0, 0, 3.5]},
			"faces": {
				"north": {"uv": [2.75, 7.5, 2.84375, 7.53125], "texture": "#0"},
				"east": {"uv": [0.25, 8, 0.3125, 8.03125], "texture": "#0"},
				"south": {"uv": [7.5, 2.75, 7.59375, 2.78125], "texture": "#0"},
				"west": {"uv": [8, 0.25, 8.0625, 0.28125], "texture": "#0"},
				"up": {"uv": [0.09375, 6.5625, 0, 6.5], "texture": "#0"},
				"down": {"uv": [6.59375, 0, 6.5, 0.0625], "texture": "#0"}
			}
		},
		{
			"from": [7.8, 5.7, 7.2],
			"to": [8.2, 5.8, 7.4],
			"rotation": {"angle": 0, "axis": "y", "origin": [0, 0, 3.5]},
			"faces": {
				"north": {"uv": [3, 7.5, 3.09375, 7.53125], "texture": "#0"},
				"east": {"uv": [0.5, 8, 0.5625, 8.03125], "texture": "#0"},
				"south": {"uv": [7.5, 3, 7.59375, 3.03125], "texture": "#0"},
				"west": {"uv": [8, 0.5, 8.0625, 0.53125], "texture": "#0"},
				"up": {"uv": [0.34375, 6.5625, 0.25, 6.5], "texture": "#0"},
				"down": {"uv": [6.59375, 0.25, 6.5, 0.3125], "texture": "#0"}
			}
		},
		{
			"from": [7.8, 5.7, 6.8],
			"to": [8.2, 5.8, 7],
			"rotation": {"angle": 0, "axis": "y", "origin": [0, 0, 3.5]},
			"faces": {
				"north": {"uv": [3.25, 7.5, 3.34375, 7.53125], "texture": "#0"},
				"east": {"uv": [0.75, 8, 0.8125, 8.03125], "texture": "#0"},
				"south": {"uv": [7.5, 3.25, 7.59375, 3.28125], "texture": "#0"},
				"west": {"uv": [8, 0.75, 8.0625, 0.78125], "texture": "#0"},
				"up": {"uv": [0.59375, 6.5625, 0.5, 6.5], "texture": "#0"},
				"down": {"uv": [6.59375, 0.5, 6.5, 0.5625], "texture": "#0"}
			}
		},
		{
			"from": [7.8, 5.7, 6.4],
			"to": [8.2, 5.8, 6.6],
			"rotation": {"angle": 0, "axis": "y", "origin": [0, 0, 3.5]},
			"faces": {
				"north": {"uv": [3.5, 7.5, 3.59375, 7.53125], "texture": "#0"},
				"east": {"uv": [1, 8, 1.0625, 8.03125], "texture": "#0"},
				"south": {"uv": [7.5, 3.5, 7.59375, 3.53125], "texture": "#0"},
				"west": {"uv": [8, 1, 8.0625, 1.03125], "texture": "#0"},
				"up": {"uv": [0.84375, 6.5625, 0.75, 6.5], "texture": "#0"},
				"down": {"uv": [6.59375, 0.75, 6.5, 0.8125], "texture": "#0"}
			}
		},
		{
			"from": [7.8, 5.7, 6],
			"to": [8.2, 5.8, 6.2],
			"rotation": {"angle": 0, "axis": "y", "origin": [0, 0, 3.5]},
			"faces": {
				"north": {"uv": [3.75, 7.5, 3.84375, 7.53125], "texture": "#0"},
				"east": {"uv": [1.25, 8, 1.3125, 8.03125], "texture": "#0"},
				"south": {"uv": [7.5, 3.75, 7.59375, 3.78125], "texture": "#0"},
				"west": {"uv": [8, 1.25, 8.0625, 1.28125], "texture": "#0"},
				"up": {"uv": [1.09375, 6.5625, 1, 6.5], "texture": "#0"},
				"down": {"uv": [6.59375, 1, 6.5, 1.0625], "texture": "#0"}
			}
		},
		{
			"from": [7.8, 5.7, 5.6],
			"to": [8.2, 5.8, 5.8],
			"rotation": {"angle": 0, "axis": "y", "origin": [0, 0, 3.5]},
			"faces": {
				"north": {"uv": [4, 7.5, 4.09375, 7.53125], "texture": "#0"},
				"east": {"uv": [1.5, 8, 1.5625, 8.03125], "texture": "#0"},
				"south": {"uv": [7.5, 4, 7.59375, 4.03125], "texture": "#0"},
				"west": {"uv": [8, 1.5, 8.0625, 1.53125], "texture": "#0"},
				"up": {"uv": [1.34375, 6.5625, 1.25, 6.5], "texture": "#0"},
				"down": {"uv": [6.59375, 1.25, 6.5, 1.3125], "texture": "#0"}
			}
		},
		{
			"from": [7.8, 5.7, 10.4],
			"to": [8.2, 5.8, 10.6],
			"rotation": {"angle": 0, "axis": "y", "origin": [0, 0, 3.5]},
			"faces": {
				"north": {"uv": [4.25, 7.5, 4.34375, 7.53125], "texture": "#0"},
				"east": {"uv": [1.75, 8, 1.8125, 8.03125], "texture": "#0"},
				"south": {"uv": [7.5, 4.25, 7.59375, 4.28125], "texture": "#0"},
				"west": {"uv": [8, 1.75, 8.0625, 1.78125], "texture": "#0"},
				"up": {"uv": [1.59375, 6.5625, 1.5, 6.5], "texture": "#0"},
				"down": {"uv": [6.59375, 1.5, 6.5, 1.5625], "texture": "#0"}
			}
		},
		{
			"from": [7.8, 5.7, 10.8],
			"to": [8.2, 5.8, 11],
			"rotation": {"angle": 0, "axis": "y", "origin": [0, 0, 3.5]},
			"faces": {
				"north": {"uv": [4.5, 7.5, 4.59375, 7.53125], "texture": "#0"},
				"east": {"uv": [2, 8, 2.0625, 8.03125], "texture": "#0"},
				"south": {"uv": [7.5, 4.5, 7.59375, 4.53125], "texture": "#0"},
				"west": {"uv": [8, 2, 8.0625, 2.03125], "texture": "#0"},
				"up": {"uv": [1.84375, 6.5625, 1.75, 6.5], "texture": "#0"},
				"down": {"uv": [6.59375, 1.75, 6.5, 1.8125], "texture": "#0"}
			}
		},
		{
			"from": [7.8, 5.7, 11.2],
			"to": [8.2, 5.8, 11.4],
			"rotation": {"angle": 0, "axis": "y", "origin": [0, 0, 3.5]},
			"faces": {
				"north": {"uv": [4.75, 7.5, 4.84375, 7.53125], "texture": "#0"},
				"east": {"uv": [2.25, 8, 2.3125, 8.03125], "texture": "#0"},
				"south": {"uv": [7.5, 4.75, 7.59375, 4.78125], "texture": "#0"},
				"west": {"uv": [8, 2.25, 8.0625, 2.28125], "texture": "#0"},
				"up": {"uv": [2.09375, 6.5625, 2, 6.5], "texture": "#0"},
				"down": {"uv": [6.59375, 2, 6.5, 2.0625], "texture": "#0"}
			}
		},
		{
			"from": [7.8, 5.7, 11.6],
			"to": [8.2, 5.8, 11.8],
			"rotation": {"angle": 0, "axis": "y", "origin": [0, 0, 3.5]},
			"faces": {
				"north": {"uv": [5, 7.5, 5.09375, 7.53125], "texture": "#0"},
				"east": {"uv": [2.5, 8, 2.5625, 8.03125], "texture": "#0"},
				"south": {"uv": [7.5, 5, 7.59375, 5.03125], "texture": "#0"},
				"west": {"uv": [8, 2.5, 8.0625, 2.53125], "texture": "#0"},
				"up": {"uv": [2.34375, 6.5625, 2.25, 6.5], "texture": "#0"},
				"down": {"uv": [6.59375, 2.25, 6.5, 2.3125], "texture": "#0"}
			}
		},
		{
			"from": [7.8, 5.7, 12],
			"to": [8.2, 5.8, 12.2],
			"rotation": {"angle": 0, "axis": "y", "origin": [0, 0, 3.5]},
			"faces": {
				"north": {"uv": [5.25, 7.5, 5.34375, 7.53125], "texture": "#0"},
				"east": {"uv": [2.75, 8, 2.8125, 8.03125], "texture": "#0"},
				"south": {"uv": [7.5, 5.25, 7.59375, 5.28125], "texture": "#0"},
				"west": {"uv": [8, 2.75, 8.0625, 2.78125], "texture": "#0"},
				"up": {"uv": [2.59375, 6.5625, 2.5, 6.5], "texture": "#0"},
				"down": {"uv": [6.59375, 2.5, 6.5, 2.5625], "texture": "#0"}
			}
		},
		{
			"from": [7.8, 5.7, 10],
			"to": [8.2, 5.8, 10.2],
			"rotation": {"angle": 0, "axis": "y", "origin": [0, 0, 3.5]},
			"faces": {
				"north": {"uv": [5.5, 7.5, 5.59375, 7.53125], "texture": "#0"},
				"east": {"uv": [3, 8, 3.0625, 8.03125], "texture": "#0"},
				"south": {"uv": [7.5, 5.5, 7.59375, 5.53125], "texture": "#0"},
				"west": {"uv": [8, 3, 8.0625, 3.03125], "texture": "#0"},
				"up": {"uv": [2.84375, 6.5625, 2.75, 6.5], "texture": "#0"},
				"down": {"uv": [6.59375, 2.75, 6.5, 2.8125], "texture": "#0"}
			}
		},
		{
			"from": [7.8, 4, -0.2],
			"to": [8.2, 4.3, 8.3],
			"rotation": {"angle": 0, "axis": "y", "origin": [0, 0, 3.5]},
			"faces": {
				"north": {"uv": [3, 6.5, 3.09375, 6.5625], "texture": "#0"},
				"east": {"uv": [3, 0.5, 5.125, 0.5625], "texture": "#0"},
				"south": {"uv": [6.5, 3, 6.59375, 3.0625], "texture": "#0"},
				"west": {"uv": [3, 0.75, 5.125, 0.8125], "texture": "#0"},
				"up": {"uv": [1.59375, 4.625, 1.5, 2.5], "texture": "#0"},
				"down": {"uv": [2.59375, 1.5, 2.5, 3.625], "texture": "#0"}
			}
		},
		{
			"from": [7.8, 3.9, 0.8],
			"to": [8.2, 4, 1],
			"rotation": {"angle": 0, "axis": "y", "origin": [0, 0, 3.5]},
			"faces": {
				"north": {"uv": [5.75, 7.5, 5.84375, 7.53125], "texture": "#0"},
				"east": {"uv": [3.25, 8, 3.3125, 8.03125], "texture": "#0"},
				"south": {"uv": [7.5, 5.75, 7.59375, 5.78125], "texture": "#0"},
				"west": {"uv": [8, 3.25, 8.0625, 3.28125], "texture": "#0"},
				"up": {"uv": [3.34375, 6.5625, 3.25, 6.5], "texture": "#0"},
				"down": {"uv": [6.59375, 3.25, 6.5, 3.3125], "texture": "#0"}
			}
		},
		{
			"from": [7.8, 3.9, 1.2],
			"to": [8.2, 4, 1.4],
			"rotation": {"angle": 0, "axis": "y", "origin": [0, 0, 3.5]},
			"faces": {
				"north": {"uv": [6, 7.5, 6.09375, 7.53125], "texture": "#0"},
				"east": {"uv": [3.5, 8, 3.5625, 8.03125], "texture": "#0"},
				"south": {"uv": [7.5, 6, 7.59375, 6.03125], "texture": "#0"},
				"west": {"uv": [8, 3.5, 8.0625, 3.53125], "texture": "#0"},
				"up": {"uv": [3.59375, 6.5625, 3.5, 6.5], "texture": "#0"},
				"down": {"uv": [6.59375, 3.5, 6.5, 3.5625], "texture": "#0"}
			}
		},
		{
			"from": [7.8, 3.9, 1.6],
			"to": [8.2, 4, 1.8],
			"rotation": {"angle": 0, "axis": "y", "origin": [0, 0, 3.5]},
			"faces": {
				"north": {"uv": [6.25, 7.5, 6.34375, 7.53125], "texture": "#0"},
				"east": {"uv": [3.75, 8, 3.8125, 8.03125], "texture": "#0"},
				"south": {"uv": [7.5, 6.25, 7.59375, 6.28125], "texture": "#0"},
				"west": {"uv": [8, 3.75, 8.0625, 3.78125], "texture": "#0"},
				"up": {"uv": [3.84375, 6.5625, 3.75, 6.5], "texture": "#0"},
				"down": {"uv": [6.59375, 3.75, 6.5, 3.8125], "texture": "#0"}
			}
		},
		{
			"from": [7.8, 3.9, 2],
			"to": [8.2, 4, 2.2],
			"rotation": {"angle": 0, "axis": "y", "origin": [0, 0, 3.5]},
			"faces": {
				"north": {"uv": [6.5, 7.5, 6.59375, 7.53125], "texture": "#0"},
				"east": {"uv": [4, 8, 4.0625, 8.03125], "texture": "#0"},
				"south": {"uv": [7.5, 6.5, 7.59375, 6.53125], "texture": "#0"},
				"west": {"uv": [8, 4, 8.0625, 4.03125], "texture": "#0"},
				"up": {"uv": [4.09375, 6.5625, 4, 6.5], "texture": "#0"},
				"down": {"uv": [6.59375, 4, 6.5, 4.0625], "texture": "#0"}
			}
		},
		{
			"from": [7.8, 3.9, 2.4],
			"to": [8.2, 4, 2.6],
			"rotation": {"angle": 0, "axis": "y", "origin": [0, 0, 3.5]},
			"faces": {
				"north": {"uv": [6.75, 7.5, 6.84375, 7.53125], "texture": "#0"},
				"east": {"uv": [4.25, 8, 4.3125, 8.03125], "texture": "#0"},
				"south": {"uv": [7.5, 6.75, 7.59375, 6.78125], "texture": "#0"},
				"west": {"uv": [8, 4.25, 8.0625, 4.28125], "texture": "#0"},
				"up": {"uv": [4.34375, 6.5625, 4.25, 6.5], "texture": "#0"},
				"down": {"uv": [6.59375, 4.25, 6.5, 4.3125], "texture": "#0"}
			}
		},
		{
			"from": [7.8, 3.9, 2.8],
			"to": [8.2, 4, 3],
			"rotation": {"angle": 0, "axis": "y", "origin": [0, 0, 3.5]},
			"faces": {
				"north": {"uv": [7, 7.5, 7.09375, 7.53125], "texture": "#0"},
				"east": {"uv": [4.5, 8, 4.5625, 8.03125], "texture": "#0"},
				"south": {"uv": [7.5, 7, 7.59375, 7.03125], "texture": "#0"},
				"west": {"uv": [8, 4.5, 8.0625, 4.53125], "texture": "#0"},
				"up": {"uv": [4.59375, 6.5625, 4.5, 6.5], "texture": "#0"},
				"down": {"uv": [6.59375, 4.5, 6.5, 4.5625], "texture": "#0"}
			}
		},
		{
			"from": [7.8, 3.9, 3.2],
			"to": [8.2, 4, 3.4],
			"rotation": {"angle": 0, "axis": "y", "origin": [0, 0, 3.5]},
			"faces": {
				"north": {"uv": [7.25, 7.5, 7.34375, 7.53125], "texture": "#0"},
				"east": {"uv": [4.75, 8, 4.8125, 8.03125], "texture": "#0"},
				"south": {"uv": [7.5, 7.25, 7.59375, 7.28125], "texture": "#0"},
				"west": {"uv": [8, 4.75, 8.0625, 4.78125], "texture": "#0"},
				"up": {"uv": [4.84375, 6.5625, 4.75, 6.5], "texture": "#0"},
				"down": {"uv": [6.59375, 4.75, 6.5, 4.8125], "texture": "#0"}
			}
		},
		{
			"from": [7.8, 3.9, 3.6],
			"to": [8.2, 4, 3.8],
			"rotation": {"angle": 0, "axis": "y", "origin": [0, 0, 3.5]},
			"faces": {
				"north": {"uv": [7.5, 7.5, 7.59375, 7.53125], "texture": "#0"},
				"east": {"uv": [5, 8, 5.0625, 8.03125], "texture": "#0"},
				"south": {"uv": [0, 7.75, 0.09375, 7.78125], "texture": "#0"},
				"west": {"uv": [8, 5, 8.0625, 5.03125], "texture": "#0"},
				"up": {"uv": [5.09375, 6.5625, 5, 6.5], "texture": "#0"},
				"down": {"uv": [6.59375, 5, 6.5, 5.0625], "texture": "#0"}
			}
		},
		{
			"from": [7.8, 3.9, 4],
			"to": [8.2, 4, 4.2],
			"rotation": {"angle": 0, "axis": "y", "origin": [0, 0, 3.5]},
			"faces": {
				"north": {"uv": [7.75, 0, 7.84375, 0.03125], "texture": "#0"},
				"east": {"uv": [5.25, 8, 5.3125, 8.03125], "texture": "#0"},
				"south": {"uv": [0.25, 7.75, 0.34375, 7.78125], "texture": "#0"},
				"west": {"uv": [8, 5.25, 8.0625, 5.28125], "texture": "#0"},
				"up": {"uv": [5.34375, 6.5625, 5.25, 6.5], "texture": "#0"},
				"down": {"uv": [6.59375, 5.25, 6.5, 5.3125], "texture": "#0"}
			}
		},
		{
			"from": [7.8, 3.9, 4.4],
			"to": [8.2, 4, 4.6],
			"rotation": {"angle": 0, "axis": "y", "origin": [0, 0, 3.5]},
			"faces": {
				"north": {"uv": [7.75, 0.25, 7.84375, 0.28125], "texture": "#0"},
				"east": {"uv": [5.5, 8, 5.5625, 8.03125], "texture": "#0"},
				"south": {"uv": [0.5, 7.75, 0.59375, 7.78125], "texture": "#0"},
				"west": {"uv": [8, 5.5, 8.0625, 5.53125], "texture": "#0"},
				"up": {"uv": [5.59375, 6.5625, 5.5, 6.5], "texture": "#0"},
				"down": {"uv": [6.59375, 5.5, 6.5, 5.5625], "texture": "#0"}
			}
		},
		{
			"from": [7.8, 3.9, 4.8],
			"to": [8.2, 4, 5],
			"rotation": {"angle": 0, "axis": "y", "origin": [0, 0, 3.5]},
			"faces": {
				"north": {"uv": [7.75, 0.5, 7.84375, 0.53125], "texture": "#0"},
				"east": {"uv": [5.75, 8, 5.8125, 8.03125], "texture": "#0"},
				"south": {"uv": [0.75, 7.75, 0.84375, 7.78125], "texture": "#0"},
				"west": {"uv": [8, 5.75, 8.0625, 5.78125], "texture": "#0"},
				"up": {"uv": [5.84375, 6.5625, 5.75, 6.5], "texture": "#0"},
				"down": {"uv": [6.59375, 5.75, 6.5, 5.8125], "texture": "#0"}
			}
		},
		{
			"from": [7.8, 3.9, 0.4],
			"to": [8.2, 4, 0.6],
			"rotation": {"angle": 0, "axis": "y", "origin": [0, 0, 3.5]},
			"faces": {
				"north": {"uv": [7.75, 0.75, 7.84375, 0.78125], "texture": "#0"},
				"east": {"uv": [6, 8, 6.0625, 8.03125], "texture": "#0"},
				"south": {"uv": [1, 7.75, 1.09375, 7.78125], "texture": "#0"},
				"west": {"uv": [8, 6, 8.0625, 6.03125], "texture": "#0"},
				"up": {"uv": [6.09375, 6.5625, 6, 6.5], "texture": "#0"},
				"down": {"uv": [6.59375, 6, 6.5, 6.0625], "texture": "#0"}
			}
		},
		{
			"from": [7.8, 3.9, 0],
			"to": [8.2, 4, 0.2],
			"rotation": {"angle": 0, "axis": "y", "origin": [0, 0, 3.5]},
			"faces": {
				"north": {"uv": [7.75, 1, 7.84375, 1.03125], "texture": "#0"},
				"east": {"uv": [6.25, 8, 6.3125, 8.03125], "texture": "#0"},
				"south": {"uv": [1.25, 7.75, 1.34375, 7.78125], "texture": "#0"},
				"west": {"uv": [8, 6.25, 8.0625, 6.28125], "texture": "#0"},
				"up": {"uv": [6.34375, 6.5625, 6.25, 6.5], "texture": "#0"},
				"down": {"uv": [6.59375, 6.25, 6.5, 6.3125], "texture": "#0"}
			}
		},
		{
			"from": [7.8, 3.9, 5.2],
			"to": [8.2, 4, 5.4],
			"rotation": {"angle": 0, "axis": "y", "origin": [0, 0, 3.5]},
			"faces": {
				"north": {"uv": [7.75, 1.25, 7.84375, 1.28125], "texture": "#0"},
				"east": {"uv": [6.5, 8, 6.5625, 8.03125], "texture": "#0"},
				"south": {"uv": [1.5, 7.75, 1.59375, 7.78125], "texture": "#0"},
				"west": {"uv": [8, 6.5, 8.0625, 6.53125], "texture": "#0"},
				"up": {"uv": [6.59375, 6.5625, 6.5, 6.5], "texture": "#0"},
				"down": {"uv": [0.09375, 6.75, 0, 6.8125], "texture": "#0"}
			}
		},
		{
			"from": [7.8, 3.9, 8],
			"to": [8.2, 4, 8.2],
			"rotation": {"angle": 0, "axis": "y", "origin": [0, 0, 3.5]},
			"faces": {
				"north": {"uv": [7.75, 1.5, 7.84375, 1.53125], "texture": "#0"},
				"east": {"uv": [6.75, 8, 6.8125, 8.03125], "texture": "#0"},
				"south": {"uv": [1.75, 7.75, 1.84375, 7.78125], "texture": "#0"},
				"west": {"uv": [8, 6.75, 8.0625, 6.78125], "texture": "#0"},
				"up": {"uv": [6.84375, 0.0625, 6.75, 0], "texture": "#0"},
				"down": {"uv": [0.34375, 6.75, 0.25, 6.8125], "texture": "#0"}
			}
		},
		{
			"from": [7.8, 3.9, 7.6],
			"to": [8.2, 4, 7.8],
			"rotation": {"angle": 0, "axis": "y", "origin": [0, 0, 3.5]},
			"faces": {
				"north": {"uv": [7.75, 1.75, 7.84375, 1.78125], "texture": "#0"},
				"east": {"uv": [7, 8, 7.0625, 8.03125], "texture": "#0"},
				"south": {"uv": [2, 7.75, 2.09375, 7.78125], "texture": "#0"},
				"west": {"uv": [8, 7, 8.0625, 7.03125], "texture": "#0"},
				"up": {"uv": [6.84375, 0.3125, 6.75, 0.25], "texture": "#0"},
				"down": {"uv": [0.59375, 6.75, 0.5, 6.8125], "texture": "#0"}
			}
		},
		{
			"from": [7.8, 3.9, 7.2],
			"to": [8.2, 4, 7.4],
			"rotation": {"angle": 0, "axis": "y", "origin": [0, 0, 3.5]},
			"faces": {
				"north": {"uv": [7.75, 2, 7.84375, 2.03125], "texture": "#0"},
				"east": {"uv": [7.25, 8, 7.3125, 8.03125], "texture": "#0"},
				"south": {"uv": [2.25, 7.75, 2.34375, 7.78125], "texture": "#0"},
				"west": {"uv": [8, 7.25, 8.0625, 7.28125], "texture": "#0"},
				"up": {"uv": [6.84375, 0.5625, 6.75, 0.5], "texture": "#0"},
				"down": {"uv": [0.84375, 6.75, 0.75, 6.8125], "texture": "#0"}
			}
		},
		{
			"from": [7.8, 3.9, 6.8],
			"to": [8.2, 4, 7],
			"rotation": {"angle": 0, "axis": "y", "origin": [0, 0, 3.5]},
			"faces": {
				"north": {"uv": [7.75, 2.25, 7.84375, 2.28125], "texture": "#0"},
				"east": {"uv": [7.5, 8, 7.5625, 8.03125], "texture": "#0"},
				"south": {"uv": [2.5, 7.75, 2.59375, 7.78125], "texture": "#0"},
				"west": {"uv": [8, 7.5, 8.0625, 7.53125], "texture": "#0"},
				"up": {"uv": [6.84375, 0.8125, 6.75, 0.75], "texture": "#0"},
				"down": {"uv": [1.09375, 6.75, 1, 6.8125], "texture": "#0"}
			}
		},
		{
			"from": [7.8, 3.9, 6.4],
			"to": [8.2, 4, 6.6],
			"rotation": {"angle": 0, "axis": "y", "origin": [0, 0, 3.5]},
			"faces": {
				"north": {"uv": [7.75, 2.5, 7.84375, 2.53125], "texture": "#0"},
				"east": {"uv": [7.75, 8, 7.8125, 8.03125], "texture": "#0"},
				"south": {"uv": [2.75, 7.75, 2.84375, 7.78125], "texture": "#0"},
				"west": {"uv": [8, 7.75, 8.0625, 7.78125], "texture": "#0"},
				"up": {"uv": [6.84375, 1.0625, 6.75, 1], "texture": "#0"},
				"down": {"uv": [1.34375, 6.75, 1.25, 6.8125], "texture": "#0"}
			}
		},
		{
			"from": [7.8, 3.9, 6],
			"to": [8.2, 4, 6.2],
			"rotation": {"angle": 0, "axis": "y", "origin": [0, 0, 3.5]},
			"faces": {
				"north": {"uv": [7.75, 2.75, 7.84375, 2.78125], "texture": "#0"},
				"east": {"uv": [8, 8, 8.0625, 8.03125], "texture": "#0"},
				"south": {"uv": [3, 7.75, 3.09375, 7.78125], "texture": "#0"},
				"west": {"uv": [0, 8.25, 0.0625, 8.28125], "texture": "#0"},
				"up": {"uv": [6.84375, 1.3125, 6.75, 1.25], "texture": "#0"},
				"down": {"uv": [1.59375, 6.75, 1.5, 6.8125], "texture": "#0"}
			}
		},
		{
			"from": [7.8, 3.9, 5.6],
			"to": [8.2, 4, 5.8],
			"rotation": {"angle": 0, "axis": "y", "origin": [0, 0, 3.5]},
			"faces": {
				"north": {"uv": [7.75, 3, 7.84375, 3.03125], "texture": "#0"},
				"east": {"uv": [8.25, 0, 8.3125, 0.03125], "texture": "#0"},
				"south": {"uv": [3.25, 7.75, 3.34375, 7.78125], "texture": "#0"},
				"west": {"uv": [0.25, 8.25, 0.3125, 8.28125], "texture": "#0"},
				"up": {"uv": [6.84375, 1.5625, 6.75, 1.5], "texture": "#0"},
				"down": {"uv": [1.84375, 6.75, 1.75, 6.8125], "texture": "#0"}
			}
		},
		{
			"from": [7.6, 4.3, -0.2],
			"to": [8.4, 5.1, 8.3],
			"rotation": {"angle": 0, "axis": "y", "origin": [0, 0, 3.5]},
			"faces": {
				"north": {"uv": [4.5, 0, 4.6875, 0.1875], "texture": "#0"},
				"east": {"uv": [0, 0.5, 2.125, 0.6875], "texture": "#0"},
				"south": {"uv": [4.5, 1, 4.6875, 1.1875], "texture": "#0"},
				"west": {"uv": [0, 0.75, 2.125, 0.9375], "texture": "#0"},
				"up": {"uv": [0.1875, 3.125, 0, 1], "texture": "#0"},
				"down": {"uv": [0.4375, 1, 0.25, 3.125], "texture": "#0"}
			}
		},
		{
			"from": [8.4, 4.3, 0.4],
			"to": [8.5, 5.1, 0.6],
			"rotation": {"angle": 0, "axis": "y", "origin": [16, 0, 3.5]},
			"faces": {
				"north": {"uv": [6.75, 1.75, 6.78125, 1.9375], "texture": "#0"},
				"east": {"uv": [0.25, 5.5, 0.3125, 5.6875], "texture": "#0"},
				"south": {"uv": [2, 6.75, 2.03125, 6.9375], "texture": "#0"},
				"west": {"uv": [5.5, 0.25, 5.5625, 0.4375], "texture": "#0"},
				"up": {"uv": [8.28125, 0.3125, 8.25, 0.25], "texture": "#0"},
				"down": {"uv": [0.53125, 8.25, 0.5, 8.3125], "texture": "#0"}
			}
		},
		{
			"from": [8.4, 4.3, 0],
			"to": [8.5, 5.1, 0.2],
			"rotation": {"angle": 0, "axis": "y", "origin": [16, 0, 3.5]},
			"faces": {
				"north": {"uv": [6.75, 2, 6.78125, 2.1875], "texture": "#0"},
				"east": {"uv": [0.5, 5.5, 0.5625, 5.6875], "texture": "#0"},
				"south": {"uv": [2.25, 6.75, 2.28125, 6.9375], "texture": "#0"},
				"west": {"uv": [5.5, 0.5, 5.5625, 0.6875], "texture": "#0"},
				"up": {"uv": [8.28125, 0.5625, 8.25, 0.5], "texture": "#0"},
				"down": {"uv": [0.78125, 8.25, 0.75, 8.3125], "texture": "#0"}
			}
		},
		{
			"from": [8.4, 4.3, 0.8],
			"to": [8.5, 5.1, 1],
			"rotation": {"angle": 0, "axis": "y", "origin": [16, 0, 3.5]},
			"faces": {
				"north": {"uv": [6.75, 2.25, 6.78125, 2.4375], "texture": "#0"},
				"east": {"uv": [0.75, 5.5, 0.8125, 5.6875], "texture": "#0"},
				"south": {"uv": [2.5, 6.75, 2.53125, 6.9375], "texture": "#0"},
				"west": {"uv": [5.5, 0.75, 5.5625, 0.9375], "texture": "#0"},
				"up": {"uv": [8.28125, 0.8125, 8.25, 0.75], "texture": "#0"},
				"down": {"uv": [1.03125, 8.25, 1, 8.3125], "texture": "#0"}
			}
		},
		{
			"from": [8.4, 4.3, 1.2],
			"to": [8.5, 5.1, 1.4],
			"rotation": {"angle": 0, "axis": "y", "origin": [16, 0, 3.5]},
			"faces": {
				"north": {"uv": [6.75, 2.5, 6.78125, 2.6875], "texture": "#0"},
				"east": {"uv": [1, 5.5, 1.0625, 5.6875], "texture": "#0"},
				"south": {"uv": [2.75, 6.75, 2.78125, 6.9375], "texture": "#0"},
				"west": {"uv": [5.5, 1, 5.5625, 1.1875], "texture": "#0"},
				"up": {"uv": [8.28125, 1.0625, 8.25, 1], "texture": "#0"},
				"down": {"uv": [1.28125, 8.25, 1.25, 8.3125], "texture": "#0"}
			}
		},
		{
			"from": [8.4, 4.3, 2.8],
			"to": [8.5, 5.1, 3],
			"rotation": {"angle": 0, "axis": "y", "origin": [16, 0, 3.5]},
			"faces": {
				"north": {"uv": [6.75, 2.75, 6.78125, 2.9375], "texture": "#0"},
				"east": {"uv": [1.25, 5.5, 1.3125, 5.6875], "texture": "#0"},
				"south": {"uv": [3, 6.75, 3.03125, 6.9375], "texture": "#0"},
				"west": {"uv": [5.5, 1.25, 5.5625, 1.4375], "texture": "#0"},
				"up": {"uv": [8.28125, 1.3125, 8.25, 1.25], "texture": "#0"},
				"down": {"uv": [1.53125, 8.25, 1.5, 8.3125], "texture": "#0"}
			}
		},
		{
			"from": [8.4, 4.3, 2.4],
			"to": [8.5, 5.1, 2.6],
			"rotation": {"angle": 0, "axis": "y", "origin": [16, 0, 3.5]},
			"faces": {
				"north": {"uv": [6.75, 3, 6.78125, 3.1875], "texture": "#0"},
				"east": {"uv": [1.5, 5.5, 1.5625, 5.6875], "texture": "#0"},
				"south": {"uv": [3.25, 6.75, 3.28125, 6.9375], "texture": "#0"},
				"west": {"uv": [5.5, 1.5, 5.5625, 1.6875], "texture": "#0"},
				"up": {"uv": [8.28125, 1.5625, 8.25, 1.5], "texture": "#0"},
				"down": {"uv": [1.78125, 8.25, 1.75, 8.3125], "texture": "#0"}
			}
		},
		{
			"from": [8.4, 4.3, 1.6],
			"to": [8.5, 5.1, 1.8],
			"rotation": {"angle": 0, "axis": "y", "origin": [16, 0, 3.5]},
			"faces": {
				"north": {"uv": [6.75, 3.25, 6.78125, 3.4375], "texture": "#0"},
				"east": {"uv": [1.75, 5.5, 1.8125, 5.6875], "texture": "#0"},
				"south": {"uv": [3.5, 6.75, 3.53125, 6.9375], "texture": "#0"},
				"west": {"uv": [5.5, 1.75, 5.5625, 1.9375], "texture": "#0"},
				"up": {"uv": [8.28125, 1.8125, 8.25, 1.75], "texture": "#0"},
				"down": {"uv": [2.03125, 8.25, 2, 8.3125], "texture": "#0"}
			}
		},
		{
			"from": [8.4, 4.3, 2],
			"to": [8.5, 5.1, 2.2],
			"rotation": {"angle": 0, "axis": "y", "origin": [16, 0, 3.5]},
			"faces": {
				"north": {"uv": [6.75, 3.5, 6.78125, 3.6875], "texture": "#0"},
				"east": {"uv": [2, 5.5, 2.0625, 5.6875], "texture": "#0"},
				"south": {"uv": [3.75, 6.75, 3.78125, 6.9375], "texture": "#0"},
				"west": {"uv": [5.5, 2, 5.5625, 2.1875], "texture": "#0"},
				"up": {"uv": [8.28125, 2.0625, 8.25, 2], "texture": "#0"},
				"down": {"uv": [2.28125, 8.25, 2.25, 8.3125], "texture": "#0"}
			}
		},
		{
			"from": [8.4, 4.3, 5.2],
			"to": [8.5, 5.1, 5.4],
			"rotation": {"angle": 0, "axis": "y", "origin": [16, 0, 3.5]},
			"faces": {
				"north": {"uv": [6.75, 3.75, 6.78125, 3.9375], "texture": "#0"},
				"east": {"uv": [2.25, 5.5, 2.3125, 5.6875], "texture": "#0"},
				"south": {"uv": [4, 6.75, 4.03125, 6.9375], "texture": "#0"},
				"west": {"uv": [5.5, 2.25, 5.5625, 2.4375], "texture": "#0"},
				"up": {"uv": [8.28125, 2.3125, 8.25, 2.25], "texture": "#0"},
				"down": {"uv": [2.53125, 8.25, 2.5, 8.3125], "texture": "#0"}
			}
		},
		{
			"from": [8.4, 4.3, 4.8],
			"to": [8.5, 5.1, 5],
			"rotation": {"angle": 0, "axis": "y", "origin": [16, 0, 3.5]},
			"faces": {
				"north": {"uv": [6.75, 4, 6.78125, 4.1875], "texture": "#0"},
				"east": {"uv": [2.5, 5.5, 2.5625, 5.6875], "texture": "#0"},
				"south": {"uv": [4.25, 6.75, 4.28125, 6.9375], "texture": "#0"},
				"west": {"uv": [5.5, 2.5, 5.5625, 2.6875], "texture": "#0"},
				"up": {"uv": [8.28125, 2.5625, 8.25, 2.5], "texture": "#0"},
				"down": {"uv": [2.78125, 8.25, 2.75, 8.3125], "texture": "#0"}
			}
		},
		{
			"from": [8.4, 4.3, 5.6],
			"to": [8.5, 5.1, 5.8],
			"rotation": {"angle": 0, "axis": "y", "origin": [16, 0, 3.5]},
			"faces": {
				"north": {"uv": [6.75, 4.25, 6.78125, 4.4375], "texture": "#0"},
				"east": {"uv": [2.75, 5.5, 2.8125, 5.6875], "texture": "#0"},
				"south": {"uv": [4.5, 6.75, 4.53125, 6.9375], "texture": "#0"},
				"west": {"uv": [5.5, 2.75, 5.5625, 2.9375], "texture": "#0"},
				"up": {"uv": [8.28125, 2.8125, 8.25, 2.75], "texture": "#0"},
				"down": {"uv": [3.03125, 8.25, 3, 8.3125], "texture": "#0"}
			}
		},
		{
			"from": [8.4, 4.3, 6],
			"to": [8.5, 5.1, 6.2],
			"rotation": {"angle": 0, "axis": "y", "origin": [16, 0, 3.5]},
			"faces": {
				"north": {"uv": [6.75, 4.5, 6.78125, 4.6875], "texture": "#0"},
				"east": {"uv": [3, 5.5, 3.0625, 5.6875], "texture": "#0"},
				"south": {"uv": [4.75, 6.75, 4.78125, 6.9375], "texture": "#0"},
				"west": {"uv": [5.5, 3, 5.5625, 3.1875], "texture": "#0"},
				"up": {"uv": [8.28125, 3.0625, 8.25, 3], "texture": "#0"},
				"down": {"uv": [3.28125, 8.25, 3.25, 8.3125], "texture": "#0"}
			}
		},
		{
			"from": [8.4, 4.3, 4.4],
			"to": [8.5, 5.1, 4.6],
			"rotation": {"angle": 0, "axis": "y", "origin": [16, 0, 3.5]},
			"faces": {
				"north": {"uv": [6.75, 4.75, 6.78125, 4.9375], "texture": "#0"},
				"east": {"uv": [3.25, 5.5, 3.3125, 5.6875], "texture": "#0"},
				"south": {"uv": [5, 6.75, 5.03125, 6.9375], "texture": "#0"},
				"west": {"uv": [5.5, 3.25, 5.5625, 3.4375], "texture": "#0"},
				"up": {"uv": [8.28125, 3.3125, 8.25, 3.25], "texture": "#0"},
				"down": {"uv": [3.53125, 8.25, 3.5, 8.3125], "texture": "#0"}
			}
		},
		{
			"from": [8.4, 4.3, 4],
			"to": [8.5, 5.1, 4.2],
			"rotation": {"angle": 0, "axis": "y", "origin": [16, 0, 3.5]},
			"faces": {
				"north": {"uv": [6.75, 5, 6.78125, 5.1875], "texture": "#0"},
				"east": {"uv": [3.5, 5.5, 3.5625, 5.6875], "texture": "#0"},
				"south": {"uv": [5.25, 6.75, 5.28125, 6.9375], "texture": "#0"},
				"west": {"uv": [5.5, 3.5, 5.5625, 3.6875], "texture": "#0"},
				"up": {"uv": [8.28125, 3.5625, 8.25, 3.5], "texture": "#0"},
				"down": {"uv": [3.78125, 8.25, 3.75, 8.3125], "texture": "#0"}
			}
		},
		{
			"from": [8.4, 4.3, 3.2],
			"to": [8.5, 5.1, 3.4],
			"rotation": {"angle": 0, "axis": "y", "origin": [16, 0, 3.5]},
			"faces": {
				"north": {"uv": [6.75, 5.25, 6.78125, 5.4375], "texture": "#0"},
				"east": {"uv": [3.75, 5.5, 3.8125, 5.6875], "texture": "#0"},
				"south": {"uv": [5.5, 6.75, 5.53125, 6.9375], "texture": "#0"},
				"west": {"uv": [5.5, 3.75, 5.5625, 3.9375], "texture": "#0"},
				"up": {"uv": [8.28125, 3.8125, 8.25, 3.75], "texture": "#0"},
				"down": {"uv": [4.03125, 8.25, 4, 8.3125], "texture": "#0"}
			}
		},
		{
			"from": [8.4, 4.3, 3.6],
			"to": [8.5, 5.1, 3.8],
			"rotation": {"angle": 0, "axis": "y", "origin": [16, 0, 3.5]},
			"faces": {
				"north": {"uv": [6.75, 5.5, 6.78125, 5.6875], "texture": "#0"},
				"east": {"uv": [4, 5.5, 4.0625, 5.6875], "texture": "#0"},
				"south": {"uv": [5.75, 6.75, 5.78125, 6.9375], "texture": "#0"},
				"west": {"uv": [5.5, 4, 5.5625, 4.1875], "texture": "#0"},
				"up": {"uv": [8.28125, 4.0625, 8.25, 4], "texture": "#0"},
				"down": {"uv": [4.28125, 8.25, 4.25, 8.3125], "texture": "#0"}
			}
		},
		{
			"from": [8.4, 4.3, 6.4],
			"to": [8.5, 5.1, 6.6],
			"rotation": {"angle": 0, "axis": "y", "origin": [16, 0, 3.5]},
			"faces": {
				"north": {"uv": [6.75, 5.75, 6.78125, 5.9375], "texture": "#0"},
				"east": {"uv": [4.25, 5.5, 4.3125, 5.6875], "texture": "#0"},
				"south": {"uv": [6, 6.75, 6.03125, 6.9375], "texture": "#0"},
				"west": {"uv": [5.5, 4.25, 5.5625, 4.4375], "texture": "#0"},
				"up": {"uv": [8.28125, 4.3125, 8.25, 4.25], "texture": "#0"},
				"down": {"uv": [4.53125, 8.25, 4.5, 8.3125], "texture": "#0"}
			}
		},
		{
			"from": [8.4, 4.3, 7.2],
			"to": [8.5, 5.1, 7.4],
			"rotation": {"angle": 0, "axis": "y", "origin": [16, 0, 3.5]},
			"faces": {
				"north": {"uv": [6.75, 6, 6.78125, 6.1875], "texture": "#0"},
				"east": {"uv": [4.5, 5.5, 4.5625, 5.6875], "texture": "#0"},
				"south": {"uv": [6.25, 6.75, 6.28125, 6.9375], "texture": "#0"},
				"west": {"uv": [5.5, 4.5, 5.5625, 4.6875], "texture": "#0"},
				"up": {"uv": [8.28125, 4.5625, 8.25, 4.5], "texture": "#0"},
				"down": {"uv": [4.78125, 8.25, 4.75, 8.3125], "texture": "#0"}
			}
		},
		{
			"from": [8.4, 4.3, 7.6],
			"to": [8.5, 5.1, 7.8],
			"rotation": {"angle": 0, "axis": "y", "origin": [16, 0, 3.5]},
			"faces": {
				"north": {"uv": [6.75, 6.25, 6.78125, 6.4375], "texture": "#0"},
				"east": {"uv": [4.75, 5.5, 4.8125, 5.6875], "texture": "#0"},
				"south": {"uv": [6.5, 6.75, 6.53125, 6.9375], "texture": "#0"},
				"west": {"uv": [5.5, 4.75, 5.5625, 4.9375], "texture": "#0"},
				"up": {"uv": [8.28125, 4.8125, 8.25, 4.75], "texture": "#0"},
				"down": {"uv": [5.03125, 8.25, 5, 8.3125], "texture": "#0"}
			}
		},
		{
			"from": [8.4, 4.3, 8],
			"to": [8.5, 5.1, 8.2],
			"rotation": {"angle": 0, "axis": "y", "origin": [16, 0, 3.5]},
			"faces": {
				"north": {"uv": [6.75, 6.5, 6.78125, 6.6875], "texture": "#0"},
				"east": {"uv": [5, 5.5, 5.0625, 5.6875], "texture": "#0"},
				"south": {"uv": [6.75, 6.75, 6.78125, 6.9375], "texture": "#0"},
				"west": {"uv": [5.5, 5, 5.5625, 5.1875], "texture": "#0"},
				"up": {"uv": [8.28125, 5.0625, 8.25, 5], "texture": "#0"},
				"down": {"uv": [5.28125, 8.25, 5.25, 8.3125], "texture": "#0"}
			}
		},
		{
			"from": [8.4, 4.3, 6.8],
			"to": [8.5, 5.1, 7],
			"rotation": {"angle": 0, "axis": "y", "origin": [16, 0, 3.5]},
			"faces": {
				"north": {"uv": [0, 7, 0.03125, 7.1875], "texture": "#0"},
				"east": {"uv": [5.25, 5.5, 5.3125, 5.6875], "texture": "#0"},
				"south": {"uv": [7, 0, 7.03125, 0.1875], "texture": "#0"},
				"west": {"uv": [5.5, 5.25, 5.5625, 5.4375], "texture": "#0"},
				"up": {"uv": [8.28125, 5.3125, 8.25, 5.25], "texture": "#0"},
				"down": {"uv": [5.53125, 8.25, 5.5, 8.3125], "texture": "#0"}
			}
		},
		{
			"from": [7.8, 4.6, -1.8],
			"to": [8.2, 5, -0.2],
			"rotation": {"angle": 0, "axis": "y", "origin": [0, 0, 3.5]},
			"faces": {
				"north": {"uv": [6, 3.75, 6.09375, 3.84375], "texture": "#0"},
				"east": {"uv": [4.25, 0.25, 4.65625, 0.34375], "texture": "#0"},
				"south": {"uv": [4, 6, 4.09375, 6.09375], "texture": "#0"},
				"west": {"uv": [4.25, 3.5, 4.65625, 3.59375], "texture": "#0"},
				"up": {"uv": [3.84375, 4.65625, 3.75, 4.25], "texture": "#0"},
				"down": {"uv": [4.34375, 3.75, 4.25, 4.15625], "texture": "#0"}
			}
		},
		{
			"from": [7.5, 4.3, 0.4],
			"to": [7.6, 5.1, 0.6],
			"rotation": {"angle": 0, "axis": "y", "origin": [0, 0, 3.5]},
			"faces": {
				"north": {"uv": [0.25, 7, 0.28125, 7.1875], "texture": "#0"},
				"east": {"uv": [5.5, 5.5, 5.5625, 5.6875], "texture": "#0"},
				"south": {"uv": [7, 0.25, 7.03125, 0.4375], "texture": "#0"},
				"west": {"uv": [0, 5.75, 0.0625, 5.9375], "texture": "#0"},
				"up": {"uv": [8.28125, 5.5625, 8.25, 5.5], "texture": "#0"},
				"down": {"uv": [5.78125, 8.25, 5.75, 8.3125], "texture": "#0"}
			}
		},
		{
			"from": [7.5, 4.3, 0],
			"to": [7.6, 5.1, 0.2],
			"rotation": {"angle": 0, "axis": "y", "origin": [0, 0, 3.5]},
			"faces": {
				"north": {"uv": [0.5, 7, 0.53125, 7.1875], "texture": "#0"},
				"east": {"uv": [5.75, 0, 5.8125, 0.1875], "texture": "#0"},
				"south": {"uv": [7, 0.5, 7.03125, 0.6875], "texture": "#0"},
				"west": {"uv": [0.25, 5.75, 0.3125, 5.9375], "texture": "#0"},
				"up": {"uv": [8.28125, 5.8125, 8.25, 5.75], "texture": "#0"},
				"down": {"uv": [6.03125, 8.25, 6, 8.3125], "texture": "#0"}
			}
		},
		{
			"from": [7.5, 4.3, 0.8],
			"to": [7.6, 5.1, 1],
			"rotation": {"angle": 0, "axis": "y", "origin": [0, 0, 3.5]},
			"faces": {
				"north": {"uv": [0.75, 7, 0.78125, 7.1875], "texture": "#0"},
				"east": {"uv": [5.75, 0.25, 5.8125, 0.4375], "texture": "#0"},
				"south": {"uv": [7, 0.75, 7.03125, 0.9375], "texture": "#0"},
				"west": {"uv": [0.5, 5.75, 0.5625, 5.9375], "texture": "#0"},
				"up": {"uv": [8.28125, 6.0625, 8.25, 6], "texture": "#0"},
				"down": {"uv": [6.28125, 8.25, 6.25, 8.3125], "texture": "#0"}
			}
		},
		{
			"from": [7.5, 4.3, 1.2],
			"to": [7.6, 5.1, 1.4],
			"rotation": {"angle": 0, "axis": "y", "origin": [0, 0, 3.5]},
			"faces": {
				"north": {"uv": [1, 7, 1.03125, 7.1875], "texture": "#0"},
				"east": {"uv": [5.75, 0.5, 5.8125, 0.6875], "texture": "#0"},
				"south": {"uv": [7, 1, 7.03125, 1.1875], "texture": "#0"},
				"west": {"uv": [0.75, 5.75, 0.8125, 5.9375], "texture": "#0"},
				"up": {"uv": [8.28125, 6.3125, 8.25, 6.25], "texture": "#0"},
				"down": {"uv": [6.53125, 8.25, 6.5, 8.3125], "texture": "#0"}
			}
		},
		{
			"from": [7.5, 4.3, 2.8],
			"to": [7.6, 5.1, 3],
			"rotation": {"angle": 0, "axis": "y", "origin": [0, 0, 3.5]},
			"faces": {
				"north": {"uv": [1.25, 7, 1.28125, 7.1875], "texture": "#0"},
				"east": {"uv": [5.75, 0.75, 5.8125, 0.9375], "texture": "#0"},
				"south": {"uv": [7, 1.25, 7.03125, 1.4375], "texture": "#0"},
				"west": {"uv": [1, 5.75, 1.0625, 5.9375], "texture": "#0"},
				"up": {"uv": [8.28125, 6.5625, 8.25, 6.5], "texture": "#0"},
				"down": {"uv": [6.78125, 8.25, 6.75, 8.3125], "texture": "#0"}
			}
		},
		{
			"from": [7.5, 4.3, 2.4],
			"to": [7.6, 5.1, 2.6],
			"rotation": {"angle": 0, "axis": "y", "origin": [0, 0, 3.5]},
			"faces": {
				"north": {"uv": [1.5, 7, 1.53125, 7.1875], "texture": "#0"},
				"east": {"uv": [5.75, 1, 5.8125, 1.1875], "texture": "#0"},
				"south": {"uv": [7, 1.5, 7.03125, 1.6875], "texture": "#0"},
				"west": {"uv": [1.25, 5.75, 1.3125, 5.9375], "texture": "#0"},
				"up": {"uv": [8.28125, 6.8125, 8.25, 6.75], "texture": "#0"},
				"down": {"uv": [7.03125, 8.25, 7, 8.3125], "texture": "#0"}
			}
		},
		{
			"from": [7.5, 4.3, 1.6],
			"to": [7.6, 5.1, 1.8],
			"rotation": {"angle": 0, "axis": "y", "origin": [0, 0, 3.5]},
			"faces": {
				"north": {"uv": [1.75, 7, 1.78125, 7.1875], "texture": "#0"},
				"east": {"uv": [5.75, 1.25, 5.8125, 1.4375], "texture": "#0"},
				"south": {"uv": [7, 1.75, 7.03125, 1.9375], "texture": "#0"},
				"west": {"uv": [1.5, 5.75, 1.5625, 5.9375], "texture": "#0"},
				"up": {"uv": [8.28125, 7.0625, 8.25, 7], "texture": "#0"},
				"down": {"uv": [7.28125, 8.25, 7.25, 8.3125], "texture": "#0"}
			}
		},
		{
			"from": [7.5, 4.3, 2],
			"to": [7.6, 5.1, 2.2],
			"rotation": {"angle": 0, "axis": "y", "origin": [0, 0, 3.5]},
			"faces": {
				"north": {"uv": [2, 7, 2.03125, 7.1875], "texture": "#0"},
				"east": {"uv": [5.75, 1.5, 5.8125, 1.6875], "texture": "#0"},
				"south": {"uv": [7, 2, 7.03125, 2.1875], "texture": "#0"},
				"west": {"uv": [1.75, 5.75, 1.8125, 5.9375], "texture": "#0"},
				"up": {"uv": [8.28125, 7.3125, 8.25, 7.25], "texture": "#0"},
				"down": {"uv": [7.53125, 8.25, 7.5, 8.3125], "texture": "#0"}
			}
		},
		{
			"from": [7.5, 4.3, 5.2],
			"to": [7.6, 5.1, 5.4],
			"rotation": {"angle": 0, "axis": "y", "origin": [0, 0, 3.5]},
			"faces": {
				"north": {"uv": [2.25, 7, 2.28125, 7.1875], "texture": "#0"},
				"east": {"uv": [5.75, 1.75, 5.8125, 1.9375], "texture": "#0"},
				"south": {"uv": [7, 2.25, 7.03125, 2.4375], "texture": "#0"},
				"west": {"uv": [2, 5.75, 2.0625, 5.9375], "texture": "#0"},
				"up": {"uv": [8.28125, 7.5625, 8.25, 7.5], "texture": "#0"},
				"down": {"uv": [7.78125, 8.25, 7.75, 8.3125], "texture": "#0"}
			}
		},
		{
			"from": [7.5, 4.3, 4.8],
			"to": [7.6, 5.1, 5],
			"rotation": {"angle": 0, "axis": "y", "origin": [0, 0, 3.5]},
			"faces": {
				"north": {"uv": [2.5, 7, 2.53125, 7.1875], "texture": "#0"},
				"east": {"uv": [5.75, 2, 5.8125, 2.1875], "texture": "#0"},
				"south": {"uv": [7, 2.5, 7.03125, 2.6875], "texture": "#0"},
				"west": {"uv": [2.25, 5.75, 2.3125, 5.9375], "texture": "#0"},
				"up": {"uv": [8.28125, 7.8125, 8.25, 7.75], "texture": "#0"},
				"down": {"uv": [8.03125, 8.25, 8, 8.3125], "texture": "#0"}
			}
		},
		{
			"from": [7.5, 4.3, 5.6],
			"to": [7.6, 5.1, 5.8],
			"rotation": {"angle": 0, "axis": "y", "origin": [0, 0, 3.5]},
			"faces": {
				"north": {"uv": [2.75, 7, 2.78125, 7.1875], "texture": "#0"},
				"east": {"uv": [5.75, 2.25, 5.8125, 2.4375], "texture": "#0"},
				"south": {"uv": [7, 2.75, 7.03125, 2.9375], "texture": "#0"},
				"west": {"uv": [2.5, 5.75, 2.5625, 5.9375], "texture": "#0"},
				"up": {"uv": [8.28125, 8.0625, 8.25, 8], "texture": "#0"},
				"down": {"uv": [8.28125, 8.25, 8.25, 8.3125], "texture": "#0"}
			}
		},
		{
			"from": [7.5, 4.3, 6],
			"to": [7.6, 5.1, 6.2],
			"rotation": {"angle": 0, "axis": "y", "origin": [0, 0, 3.5]},
			"faces": {
				"north": {"uv": [3, 7, 3.03125, 7.1875], "texture": "#0"},
				"east": {"uv": [5.75, 2.5, 5.8125, 2.6875], "texture": "#0"},
				"south": {"uv": [7, 3, 7.03125, 3.1875], "texture": "#0"},
				"west": {"uv": [2.75, 5.75, 2.8125, 5.9375], "texture": "#0"},
				"up": {"uv": [0.03125, 8.5625, 0, 8.5], "texture": "#0"},
				"down": {"uv": [8.53125, 0, 8.5, 0.0625], "texture": "#0"}
			}
		},
		{
			"from": [7.5, 4.3, 4.4],
			"to": [7.6, 5.1, 4.6],
			"rotation": {"angle": 0, "axis": "y", "origin": [0, 0, 3.5]},
			"faces": {
				"north": {"uv": [3.25, 7, 3.28125, 7.1875], "texture": "#0"},
				"east": {"uv": [5.75, 2.75, 5.8125, 2.9375], "texture": "#0"},
				"south": {"uv": [7, 3.25, 7.03125, 3.4375], "texture": "#0"},
				"west": {"uv": [3, 5.75, 3.0625, 5.9375], "texture": "#0"},
				"up": {"uv": [0.28125, 8.5625, 0.25, 8.5], "texture": "#0"},
				"down": {"uv": [8.53125, 0.25, 8.5, 0.3125], "texture": "#0"}
			}
		},
		{
			"from": [7.5, 4.3, 4],
			"to": [7.6, 5.1, 4.2],
			"rotation": {"angle": 0, "axis": "y", "origin": [0, 0, 3.5]},
			"faces": {
				"north": {"uv": [3.5, 7, 3.53125, 7.1875], "texture": "#0"},
				"east": {"uv": [5.75, 3, 5.8125, 3.1875], "texture": "#0"},
				"south": {"uv": [7, 3.5, 7.03125, 3.6875], "texture": "#0"},
				"west": {"uv": [3.25, 5.75, 3.3125, 5.9375], "texture": "#0"},
				"up": {"uv": [0.53125, 8.5625, 0.5, 8.5], "texture": "#0"},
				"down": {"uv": [8.53125, 0.5, 8.5, 0.5625], "texture": "#0"}
			}
		},
		{
			"from": [7.5, 4.3, 3.2],
			"to": [7.6, 5.1, 3.4],
			"rotation": {"angle": 0, "axis": "y", "origin": [0, 0, 3.5]},
			"faces": {
				"north": {"uv": [3.75, 7, 3.78125, 7.1875], "texture": "#0"},
				"east": {"uv": [5.75, 3.25, 5.8125, 3.4375], "texture": "#0"},
				"south": {"uv": [7, 3.75, 7.03125, 3.9375], "texture": "#0"},
				"west": {"uv": [3.5, 5.75, 3.5625, 5.9375], "texture": "#0"},
				"up": {"uv": [0.78125, 8.5625, 0.75, 8.5], "texture": "#0"},
				"down": {"uv": [8.53125, 0.75, 8.5, 0.8125], "texture": "#0"}
			}
		},
		{
			"from": [7.5, 4.3, 3.6],
			"to": [7.6, 5.1, 3.8],
			"rotation": {"angle": 0, "axis": "y", "origin": [0, 0, 3.5]},
			"faces": {
				"north": {"uv": [4, 7, 4.03125, 7.1875], "texture": "#0"},
				"east": {"uv": [5.75, 3.5, 5.8125, 3.6875], "texture": "#0"},
				"south": {"uv": [7, 4, 7.03125, 4.1875], "texture": "#0"},
				"west": {"uv": [3.75, 5.75, 3.8125, 5.9375], "texture": "#0"},
				"up": {"uv": [1.03125, 8.5625, 1, 8.5], "texture": "#0"},
				"down": {"uv": [8.53125, 1, 8.5, 1.0625], "texture": "#0"}
			}
		},
		{
			"from": [7.5, 4.3, 6.4],
			"to": [7.6, 5.1, 6.6],
			"rotation": {"angle": 0, "axis": "y", "origin": [0, 0, 3.5]},
			"faces": {
				"north": {"uv": [4.25, 7, 4.28125, 7.1875], "texture": "#0"},
				"east": {"uv": [5.75, 3.75, 5.8125, 3.9375], "texture": "#0"},
				"south": {"uv": [7, 4.25, 7.03125, 4.4375], "texture": "#0"},
				"west": {"uv": [4, 5.75, 4.0625, 5.9375], "texture": "#0"},
				"up": {"uv": [1.28125, 8.5625, 1.25, 8.5], "texture": "#0"},
				"down": {"uv": [8.53125, 1.25, 8.5, 1.3125], "texture": "#0"}
			}
		},
		{
			"from": [7.5, 4.3, 7.2],
			"to": [7.6, 5.1, 7.4],
			"rotation": {"angle": 0, "axis": "y", "origin": [0, 0, 3.5]},
			"faces": {
				"north": {"uv": [4.5, 7, 4.53125, 7.1875], "texture": "#0"},
				"east": {"uv": [5.75, 4, 5.8125, 4.1875], "texture": "#0"},
				"south": {"uv": [7, 4.5, 7.03125, 4.6875], "texture": "#0"},
				"west": {"uv": [4.25, 5.75, 4.3125, 5.9375], "texture": "#0"},
				"up": {"uv": [1.53125, 8.5625, 1.5, 8.5], "texture": "#0"},
				"down": {"uv": [8.53125, 1.5, 8.5, 1.5625], "texture": "#0"}
			}
		},
		{
			"from": [7.5, 4.3, 7.6],
			"to": [7.6, 5.1, 7.8],
			"rotation": {"angle": 0, "axis": "y", "origin": [0, 0, 3.5]},
			"faces": {
				"north": {"uv": [4.75, 7, 4.78125, 7.1875], "texture": "#0"},
				"east": {"uv": [5.75, 4.25, 5.8125, 4.4375], "texture": "#0"},
				"south": {"uv": [7, 4.75, 7.03125, 4.9375], "texture": "#0"},
				"west": {"uv": [4.5, 5.75, 4.5625, 5.9375], "texture": "#0"},
				"up": {"uv": [1.78125, 8.5625, 1.75, 8.5], "texture": "#0"},
				"down": {"uv": [8.53125, 1.75, 8.5, 1.8125], "texture": "#0"}
			}
		},
		{
			"from": [7.5, 4.3, 8],
			"to": [7.6, 5.1, 8.2],
			"rotation": {"angle": 0, "axis": "y", "origin": [0, 0, 3.5]},
			"faces": {
				"north": {"uv": [5, 7, 5.03125, 7.1875], "texture": "#0"},
				"east": {"uv": [5.75, 4.5, 5.8125, 4.6875], "texture": "#0"},
				"south": {"uv": [7, 5, 7.03125, 5.1875], "texture": "#0"},
				"west": {"uv": [4.75, 5.75, 4.8125, 5.9375], "texture": "#0"},
				"up": {"uv": [2.03125, 8.5625, 2, 8.5], "texture": "#0"},
				"down": {"uv": [8.53125, 2, 8.5, 2.0625], "texture": "#0"}
			}
		},
		{
			"from": [7.5, 4.3, 6.8],
			"to": [7.6, 5.1, 7],
			"rotation": {"angle": 0, "axis": "y", "origin": [0, 0, 3.5]},
			"faces": {
				"north": {"uv": [5.25, 7, 5.28125, 7.1875], "texture": "#0"},
				"east": {"uv": [5.75, 4.75, 5.8125, 4.9375], "texture": "#0"},
				"south": {"uv": [7, 5.25, 7.03125, 5.4375], "texture": "#0"},
				"west": {"uv": [5, 5.75, 5.0625, 5.9375], "texture": "#0"},
				"up": {"uv": [2.28125, 8.5625, 2.25, 8.5], "texture": "#0"},
				"down": {"uv": [8.53125, 2.25, 8.5, 2.3125], "texture": "#0"}
			}
		},
		{
			"from": [7.9, 4.7, -2.1],
			"to": [8.1, 4.9, -1.8],
			"rotation": {"angle": 0, "axis": "y", "origin": [0, 0, 3.5]},
			"faces": {
				"north": {"uv": [7.25, 2.5, 7.3125, 2.5625], "texture": "#0"},
				"east": {"uv": [2.75, 7.25, 2.8125, 7.3125], "texture": "#0"},
				"south": {"uv": [7.25, 2.75, 7.3125, 2.8125], "texture": "#0"},
				"west": {"uv": [3, 7.25, 3.0625, 7.3125], "texture": "#0"},
				"up": {"uv": [7.3125, 3.0625, 7.25, 3], "texture": "#0"},
				"down": {"uv": [3.3125, 7.25, 3.25, 7.3125], "texture": "#0"}
			}
		},
		{
			"from": [7.7, 5.5, 11.1],
			"to": [8.3, 6.1, 11.9],
			"rotation": {"angle": 0, "axis": "y", "origin": [0, 0, 4.4]},
			"faces": {
				"north": {"uv": [3.5, 4.75, 3.65625, 4.90625], "texture": "#0"},
				"east": {"uv": [1.25, 4.75, 1.4375, 4.90625], "texture": "#0"},
				"south": {"uv": [3.75, 4.75, 3.90625, 4.90625], "texture": "#0"},
				"west": {"uv": [4.75, 1.25, 4.9375, 1.40625], "texture": "#0"},
				"up": {"uv": [1.65625, 4.9375, 1.5, 4.75], "texture": "#0"},
				"down": {"uv": [4.90625, 1.5, 4.75, 1.6875], "texture": "#0"}
			}
		},
		{
			"from": [7.7, 6.6, 11.1],
			"to": [8.3, 6.63, 11.9],
			"rotation": {"angle": 0, "axis": "y", "origin": [0, 0, 4.4]},
			"faces": {
				"north": {"uv": [7.25, 0, 7.40625, 0.03125], "texture": "#0"},
				"east": {"uv": [5.5, 7, 5.6875, 7.03125], "texture": "#0"},
				"south": {"uv": [0.25, 7.25, 0.40625, 7.28125], "texture": "#0"},
				"west": {"uv": [7, 5.5, 7.1875, 5.53125], "texture": "#0"},
				"up": {"uv": [4.90625, 1.9375, 4.75, 1.75], "texture": "#0"},
				"down": {"uv": [4.90625, 2, 4.75, 2.1875], "texture": "#0"}
			}
		},
		{
			"from": [7.7, 6.1, 11.1],
			"to": [7.74, 6.6, 11.9],
			"rotation": {"angle": 0, "axis": "y", "origin": [0, 0, 4.4]},
			"faces": {
				"north": {"uv": [7.25, 3.25, 7.28125, 3.375], "texture": "#0"},
				"east": {"uv": [4.75, 4.25, 4.9375, 4.375], "texture": "#0"},
				"south": {"uv": [3.5, 7.25, 3.53125, 7.375], "texture": "#0"},
				"west": {"uv": [4.5, 4.75, 4.6875, 4.875], "texture": "#0"},
				"up": {"uv": [5.78125, 7.1875, 5.75, 7], "texture": "#0"},
				"down": {"uv": [7.03125, 5.75, 7, 5.9375], "texture": "#0"}
			}
		},
		{
			"from": [8.26, 6.1, 11.1],
			"to": [8.3, 6.6, 11.9],
			"rotation": {"angle": 0, "axis": "y", "origin": [16, 0, 4.4]},
			"faces": {
				"north": {"uv": [7.25, 3.5, 7.28125, 3.625], "texture": "#0"},
				"east": {"uv": [4.75, 4.5, 4.9375, 4.625], "texture": "#0"},
				"south": {"uv": [3.75, 7.25, 3.78125, 7.375], "texture": "#0"},
				"west": {"uv": [4.75, 4.75, 4.9375, 4.875], "texture": "#0"},
				"up": {"uv": [6.03125, 7.1875, 6, 7], "texture": "#0"},
				"down": {"uv": [7.03125, 6, 7, 6.1875], "texture": "#0"}
			}
		},
		{
			"from": [7.7, 5.5, 10.4],
			"to": [8.3, 5.8, 11.1],
			"rotation": {"angle": 0, "axis": "y", "origin": [0, 0, 4.4]},
			"faces": {
				"north": {"uv": [6, 0.5, 6.15625, 0.5625], "texture": "#0"},
				"east": {"uv": [5.75, 5, 5.9375, 5.0625], "texture": "#0"},
				"south": {"uv": [0.75, 6, 0.90625, 6.0625], "texture": "#0"},
				"west": {"uv": [5.25, 5.75, 5.4375, 5.8125], "texture": "#0"},
				"up": {"uv": [4.90625, 2.4375, 4.75, 2.25], "texture": "#0"},
				"down": {"uv": [2.65625, 4.75, 2.5, 4.9375], "texture": "#0"}
			}
		},
		{
			"from": [7.7, 3.66823, 13.19109],
			"to": [8.3, 3.96823, 13.99109],
			"rotation": {"angle": -22.5, "axis": "x", "origin": [0, -2.13177, 7.19109]},
			"faces": {
				"north": {"uv": [6, 0.75, 6.15625, 0.8125], "texture": "#0"},
				"east": {"uv": [5.75, 5.25, 5.9375, 5.3125], "texture": "#0"},
				"south": {"uv": [1, 6, 1.15625, 6.0625], "texture": "#0"},
				"west": {"uv": [5.5, 5.75, 5.6875, 5.8125], "texture": "#0"},
				"up": {"uv": [4.90625, 2.6875, 4.75, 2.5], "texture": "#0"},
				"down": {"uv": [2.90625, 4.75, 2.75, 4.9375], "texture": "#0"}
			}
		},
		{
			"from": [7.7, 5.6, 11.9],
			"to": [8.3, 6.1, 12.4],
			"rotation": {"angle": 0, "axis": "y", "origin": [0, 0, 4.4]},
			"faces": {
				"north": {"uv": [2, 5, 2.15625, 5.125], "texture": "#0"},
				"east": {"uv": [0.5, 5.25, 0.625, 5.375], "texture": "#0"},
				"south": {"uv": [5, 2, 5.15625, 2.125], "texture": "#0"},
				"west": {"uv": [5.25, 0.5, 5.375, 0.625], "texture": "#0"},
				"up": {"uv": [2.40625, 5.125, 2.25, 5], "texture": "#0"},
				"down": {"uv": [5.15625, 2.25, 5, 2.375], "texture": "#0"}
			}
		},
		{
			"from": [7.64, 5.6, 11.1],
			"to": [7.68, 6.7, 11.9],
			"rotation": {"angle": 0, "axis": "y", "origin": [0, 0, 4.4]},
			"faces": {
				"north": {"uv": [6, 4, 6.03125, 4.28125], "texture": "#0"},
				"east": {"uv": [2.5, 3.75, 2.6875, 4.03125], "texture": "#0"},
				"south": {"uv": [4.25, 6, 4.28125, 6.28125], "texture": "#0"},
				"west": {"uv": [3.75, 2.75, 3.9375, 3.03125], "texture": "#0"},
				"up": {"uv": [6.28125, 7.1875, 6.25, 7], "texture": "#0"},
				"down": {"uv": [7.03125, 6.25, 7, 6.4375], "texture": "#0"}
			}
		},
		{
			"from": [7.64, 5.6, 10.7],
			"to": [7.68, 5.8, 11.9],
			"rotation": {"angle": 0, "axis": "y", "origin": [0, 0, 4.4]},
			"faces": {
				"north": {"uv": [2.5, 8.5, 2.53125, 8.5625], "texture": "#0"},
				"east": {"uv": [2.5, 5, 2.8125, 5.0625], "texture": "#0"},
				"south": {"uv": [8.5, 2.5, 8.53125, 2.5625], "texture": "#0"},
				"west": {"uv": [5, 2.5, 5.3125, 2.5625], "texture": "#0"},
				"up": {"uv": [6.03125, 1.3125, 6, 1], "texture": "#0"},
				"down": {"uv": [1.28125, 6, 1.25, 6.3125], "texture": "#0"}
			}
		},
		{
			"from": [7.64, 5.6, 11.9],
			"to": [7.68, 6.2, 12.2],
			"rotation": {"angle": 0, "axis": "y", "origin": [0, 0, 4.4]},
			"faces": {
				"north": {"uv": [7.25, 0.25, 7.28125, 0.40625], "texture": "#0"},
				"east": {"uv": [1.5, 6, 1.5625, 6.15625], "texture": "#0"},
				"south": {"uv": [0.5, 7.25, 0.53125, 7.40625], "texture": "#0"},
				"west": {"uv": [6, 1.5, 6.0625, 1.65625], "texture": "#0"},
				"up": {"uv": [2.78125, 8.5625, 2.75, 8.5], "texture": "#0"},
				"down": {"uv": [8.53125, 2.75, 8.5, 2.8125], "texture": "#0"}
			}
		},
		{
			"from": [7.64, 3.64134, 14.63677],
			"to": [7.68, 4.14134, 14.83677],
			"rotation": {"angle": -22.5, "axis": "x", "origin": [0, -1.95866, 7.13677]},
			"faces": {
				"north": {"uv": [7.25, 3.75, 7.28125, 3.875], "texture": "#0"},
				"east": {"uv": [6, 5.5, 6.0625, 5.625], "texture": "#0"},
				"south": {"uv": [4, 7.25, 4.03125, 7.375], "texture": "#0"},
				"west": {"uv": [5.75, 6, 5.8125, 6.125], "texture": "#0"},
				"up": {"uv": [3.03125, 8.5625, 3, 8.5], "texture": "#0"},
				"down": {"uv": [8.53125, 3, 8.5, 3.0625], "texture": "#0"}
			}
		},
		{
			"from": [7.64, 12.7435, 9.7369],
			"to": [7.68, 13.3435, 10.0369],
			"rotation": {"angle": 45, "axis": "x", "origin": [0, 8.0435, 1.8369]},
			"faces": {
				"north": {"uv": [7.25, 0.5, 7.28125, 0.65625], "texture": "#0"},
				"east": {"uv": [1.75, 6, 1.8125, 6.15625], "texture": "#0"},
				"south": {"uv": [0.75, 7.25, 0.78125, 7.40625], "texture": "#0"},
				"west": {"uv": [6, 1.75, 6.0625, 1.90625], "texture": "#0"},
				"up": {"uv": [3.28125, 8.5625, 3.25, 8.5], "texture": "#0"},
				"down": {"uv": [8.53125, 3.25, 8.5, 3.3125], "texture": "#0"}
			}
		},
		{
			"from": [8.32, 3.64134, 14.63677],
			"to": [8.36, 4.14134, 14.83677],
			"rotation": {"angle": -22.5, "axis": "x", "origin": [16, -1.95866, 7.13677]},
			"faces": {
				"north": {"uv": [7.25, 4, 7.28125, 4.125], "texture": "#0"},
				"east": {"uv": [6, 5.75, 6.0625, 5.875], "texture": "#0"},
				"south": {"uv": [4.25, 7.25, 4.28125, 7.375], "texture": "#0"},
				"west": {"uv": [6, 6, 6.0625, 6.125], "texture": "#0"},
				"up": {"uv": [3.53125, 8.5625, 3.5, 8.5], "texture": "#0"},
				"down": {"uv": [8.53125, 3.5, 8.5, 3.5625], "texture": "#0"}
			}
		},
		{
			"from": [8.32, 5.6, 11.9],
			"to": [8.36, 6.2, 12.2],
			"rotation": {"angle": 0, "axis": "y", "origin": [16, 0, 4.4]},
			"faces": {
				"north": {"uv": [7.25, 0.75, 7.28125, 0.90625], "texture": "#0"},
				"east": {"uv": [2, 6, 2.0625, 6.15625], "texture": "#0"},
				"south": {"uv": [1, 7.25, 1.03125, 7.40625], "texture": "#0"},
				"west": {"uv": [6, 2, 6.0625, 2.15625], "texture": "#0"},
				"up": {"uv": [3.78125, 8.5625, 3.75, 8.5], "texture": "#0"},
				"down": {"uv": [8.53125, 3.75, 8.5, 3.8125], "texture": "#0"}
			}
		},
		{
			"from": [8.32, 5.6, 10.7],
			"to": [8.36, 5.8, 11.9],
			"rotation": {"angle": 0, "axis": "y", "origin": [16, 0, 4.4]},
			"faces": {
				"north": {"uv": [4, 8.5, 4.03125, 8.5625], "texture": "#0"},
				"east": {"uv": [5, 2.75, 5.3125, 2.8125], "texture": "#0"},
				"south": {"uv": [8.5, 4, 8.53125, 4.0625], "texture": "#0"},
				"west": {"uv": [5, 3, 5.3125, 3.0625], "texture": "#0"},
				"up": {"uv": [2.28125, 6.3125, 2.25, 6], "texture": "#0"},
				"down": {"uv": [6.03125, 2.25, 6, 2.5625], "texture": "#0"}
			}
		},
		{
			"from": [8.32, 5.6, 11.1],
			"to": [8.36, 6.7, 11.9],
			"rotation": {"angle": 0, "axis": "y", "origin": [16, 0, 4.4]},
			"faces": {
				"north": {"uv": [4.5, 6, 4.53125, 6.28125], "texture": "#0"},
				"east": {"uv": [3.75, 3.25, 3.9375, 3.53125], "texture": "#0"},
				"south": {"uv": [6, 4.5, 6.03125, 4.78125], "texture": "#0"},
				"west": {"uv": [3.75, 3.75, 3.9375, 4.03125], "texture": "#0"},
				"up": {"uv": [6.53125, 7.1875, 6.5, 7], "texture": "#0"},
				"down": {"uv": [7.03125, 6.5, 7, 6.6875], "texture": "#0"}
			}
		},
		{
			"from": [7.64, 6.66, 11.1],
			"to": [8.36, 6.7, 11.9],
			"rotation": {"angle": 0, "axis": "y", "origin": [16, 0, 4.4]},
			"faces": {
				"north": {"uv": [6.75, 7, 6.9375, 7.03125], "texture": "#0"},
				"east": {"uv": [7, 6.75, 7.1875, 6.78125], "texture": "#0"},
				"south": {"uv": [7, 7, 7.1875, 7.03125], "texture": "#0"},
				"west": {"uv": [0, 7.25, 0.1875, 7.28125], "texture": "#0"},
				"up": {"uv": [4.6875, 1.4375, 4.5, 1.25], "texture": "#0"},
				"down": {"uv": [4.6875, 1.5, 4.5, 1.6875], "texture": "#0"}
			}
		},
		{
			"from": [8.32, 12.7435, 9.7369],
			"to": [8.36, 13.3435, 10.0369],
			"rotation": {"angle": 45, "axis": "x", "origin": [16, 8.0435, 1.8369]},
			"faces": {
				"north": {"uv": [7.25, 1, 7.28125, 1.15625], "texture": "#0"},
				"east": {"uv": [2.5, 6, 2.5625, 6.15625], "texture": "#0"},
				"south": {"uv": [1.25, 7.25, 1.28125, 7.40625], "texture": "#0"},
				"west": {"uv": [2.75, 6, 2.8125, 6.15625], "texture": "#0"},
				"up": {"uv": [4.28125, 8.5625, 4.25, 8.5], "texture": "#0"},
				"down": {"uv": [8.53125, 4.25, 8.5, 4.3125], "texture": "#0"}
			}
		}
	],
	"display": {
		"thirdperson_righthand": {
			"translation": [0, 4.75, -1.75]
		},
		"thirdperson_lefthand": {
			"scale": [0, 0, 0]
		},
		"firstperson_righthand": {
			"rotation": [0, 0, -10],
			"translation": [-5.5, 19, 3]
		},
		"firstperson_lefthand": {
			"rotation": [7.5, 91, 0],
			"translation": [-11, 11.5, 0]
		},
		"ground": {
			"translation": [0, 1.25, 0]
		},
		"gui": {
			"rotation": [8, 45, 0],
			"translation": [-0.75, 4, 0]
		}
	},
	"groups": [
		{
			"name": "hk417",
			"origin": [8, 8, 8],
			"color": 0,
			"children": [
				{
					"name": "wei",
					"origin": [8, 8, 8],
					"color": 0,
					"children": [0, 1, 2, 3, 4, 5, 6, 7, 8, 9, 10]
				},
				{
					"name": "main",
					"origin": [8, 8, 8],
					"color": 0,
					"children": [11, 12, 13, 14, 15, 16, 17, 18, 19, 20,
						{
							"name": "group",
							"origin": [0, 1.98933, 3.29897],
							"color": 0,
							"children": [21, 22, 23]
						}, 24, 25, 26, 27, 28, 29, 30, 31, 32, 33]
				},
				{
					"name": "head",
					"origin": [8, 8, 8],
					"color": 0,
					"children": [34,
						{
							"name": "group",
							"origin": [0, 0, 3.5],
							"color": 0,
							"children": [35, 36, 37, 38, 39, 40, 41, 42, 43, 44, 45, 46, 47, 48, 49, 50, 51, 52, 53, 54, 55, 56, 57, 58, 59, 60, 61, 62, 63, 64, 65]
						}, 66,
						{
							"name": "group",
							"origin": [0, 0, 3.5],
							"color": 0,
							"children": [67, 68, 69, 70, 71, 72, 73, 74, 75, 76, 77, 78, 79, 80, 81, 82, 83, 84, 85, 86, 87]
						}, 88,
						{
							"name": "group",
							"origin": [0, 0, 3.5],
							"color": 0,
							"children": [89, 90, 91, 92, 93, 94, 95, 96, 97, 98, 99, 100, 101, 102, 103, 104, 105, 106, 107, 108, 109]
						}, 110,
						{
							"name": "group",
							"origin": [0, 0, 3.5],
							"color": 0,
							"children": [111, 112, 113, 114, 115, 116, 117, 118, 119, 120, 121, 122, 123, 124, 125, 126, 127, 128, 129, 130, 131]
						}, 132]
				},
				{
					"name": "jing",
					"origin": [8, 8, 8],
					"color": 0,
					"children": [133, 134, 135, 136, 137, 138, 139, 140, 141, 142, 143, 144, 145, 146, 147, 148, 149, 150]
				}
			]
		}
	]
}