{
	"credit": "Made with Blockbench",
	"texture_size": [32, 32],
	"textures": {
		"0": "nwxp:stand/base/nevermore",
		"1": "nwxp:stand/base/nevermore_ears",
		"2": "nwxp:stand/base/nevermore_tanks",
		"particle": "nwxp:stand/base/nevermore"
	},
	"elements": [
		{
			"name": "Head",
			"from": [4, 12, 4],
			"to": [12, 20, 12],
			"rotation": {"angle": -45, "axis": "y", "origin": [8, 11, 8]},
			"faces": {
				"north": {"uv": [2, 2, 4, 4], "texture": "#0"},
				"east": {"uv": [0, 2, 2, 4], "texture": "#0"},
				"south": {"uv": [6, 2, 8, 4], "texture": "#0"},
				"west": {"uv": [4, 2, 6, 4], "texture": "#0"},
				"up": {"uv": [4, 2, 2, 0], "texture": "#0"},
				"down": {"uv": [6, 0, 4, 2], "texture": "#0"}
			}
		},
		{
			"name": "Hat Layer",
			"from": [3.5, 11.5, 3.5],
			"to": [12.5, 20.5, 12.5],
			"rotation": {"angle": -45, "axis": "y", "origin": [8, 11, 8]},
			"faces": {
				"north": {"uv": [10, 2, 12, 4], "texture": "#0"},
				"east": {"uv": [8, 2, 10, 4], "texture": "#0"},
				"south": {"uv": [14, 2, 16, 4], "texture": "#0"},
				"west": {"uv": [12, 2, 14, 4], "texture": "#0"},
				"up": {"uv": [12, 2, 10, 0], "texture": "#0"},
				"down": {"uv": [14, 0, 12, 2], "texture": "#0"}
			}
		},
		{
			"from": [12, 17, 8],
			"to": [13, 19, 9],
			"rotation": {"angle": -45, "axis": "y", "origin": [8, 11, 8]},
			"faces": {
				"north": {"uv": [2, 8.5, 2.5, 9.5], "texture": "#1"},
				"east": {"uv": [4.5, 8.5, 5, 9.5], "texture": "#1"},
				"south": {"uv": [5.5, 8.5, 6, 9.5], "texture": "#1"},
				"west": {"uv": [9, 7, 9.5, 8], "texture": "#1"},
				"up": {"uv": [10, 6.5, 9.5, 6], "texture": "#1"},
				"down": {"uv": [0.5, 10, 0, 10.5], "texture": "#1"}
			}
		},
		{
			"from": [13, 16.5, 8],
			"to": [15.5, 19.5, 9],
			"rotation": {"angle": -45, "axis": "y", "origin": [8, 11, 8]},
			"faces": {
				"north": {"uv": [0, 0, 2, 2], "texture": "#1"},
				"east": {"uv": [5, 5, 5.5, 7], "texture": "#1"},
				"south": {"uv": [0, 2.5, 2, 4.5], "texture": "#1"},
				"west": {"uv": [6, 5, 6.5, 7], "texture": "#1"},
				"up": {"uv": [9, 5.5, 7, 5], "texture": "#1"},
				"down": {"uv": [9, 6, 7, 6.5], "texture": "#1"}
			}
		},
		{
			"from": [13.3, 16.8, 7.6],
			"to": [15.2, 19.2, 8],
			"rotation": {"angle": -45, "axis": "y", "origin": [8, 11, 8]},
			"faces": {
				"north": {"uv": [2.5, 0, 4.5, 2], "texture": "#1"},
				"east": {"uv": [7, 7, 7.5, 9], "texture": "#1"},
				"south": {"uv": [2.5, 2.5, 4.5, 4.5], "texture": "#1"},
				"west": {"uv": [0, 7.5, 0.5, 9.5], "texture": "#1"},
				"up": {"uv": [9.5, 0.5, 7.5, 0], "texture": "#1"},
				"down": {"uv": [3, 7.5, 1, 8], "texture": "#1"}
			}
		},
		{
			"from": [3, 17, 8],
			"to": [4, 19, 9],
			"rotation": {"angle": -45, "axis": "y", "origin": [8, 18, 8]},
			"faces": {
				"north": {"uv": [9, 8.5, 9.5, 9.5], "texture": "#1"},
				"east": {"uv": [9.5, 4.5, 10, 5.5], "texture": "#1"},
				"south": {"uv": [6.5, 9.5, 7, 10.5], "texture": "#1"},
				"west": {"uv": [7.5, 9.5, 8, 10.5], "texture": "#1"},
				"up": {"uv": [10.5, 0.5, 10, 0], "texture": "#1"},
				"down": {"uv": [2.5, 10, 2, 10.5], "texture": "#1"}
			}
		},
		{
			"from": [0.5, 16.5, 8],
			"to": [3, 19.5, 9],
			"rotation": {"angle": -45, "axis": "y", "origin": [8, 18, 8]},
			"faces": {
				"north": {"uv": [0, 5, 2, 7], "texture": "#1"},
				"east": {"uv": [7.5, 1, 8, 3], "texture": "#1"},
				"south": {"uv": [5, 0, 7, 2], "texture": "#1"},
				"west": {"uv": [3.5, 7.5, 4, 9.5], "texture": "#1"},
				"up": {"uv": [9.5, 4, 7.5, 3.5], "texture": "#1"},
				"down": {"uv": [6.5, 7.5, 4.5, 8], "texture": "#1"}
			}
		},
		{
			"from": [0.8, 16.8, 7.6],
			"to": [2.7, 19.2, 8],
			"rotation": {"angle": -45, "axis": "y", "origin": [8, 18, 8]},
			"faces": {
				"north": {"uv": [2.5, 5, 4.5, 7], "texture": "#1"},
				"east": {"uv": [8, 7, 8.5, 9], "texture": "#1"},
				"south": {"uv": [5, 2.5, 7, 4.5], "texture": "#1"},
				"west": {"uv": [1, 8.5, 1.5, 10.5], "texture": "#1"},
				"up": {"uv": [10.5, 1.5, 8.5, 1], "texture": "#1"},
				"down": {"uv": [10.5, 2, 8.5, 2.5], "texture": "#1"}
			}
		},
		{
			"name": "Body",
			"from": [4, 6, 5.75],
			"to": [12, 12, 10.25],
			"rotation": {"angle": -22.5, "axis": "y", "origin": [8, 11, 8]},
			"faces": {
				"north": {"uv": [5, 5, 7, 6.5], "texture": "#0"},
				"east": {"uv": [4, 5, 5, 6.5], "texture": "#0"},
				"south": {"uv": [8, 5, 10, 6.5], "texture": "#0"},
				"west": {"uv": [7, 5, 8, 6.5], "texture": "#0"},
				"up": {"uv": [7, 5, 5, 4], "texture": "#0"},
				"down": {"uv": [9, 4, 7, 5], "texture": "#0"}
			}
		},
		{
			"name": "Body Layer",
			"from": [3.75, 5.75, 5.5],
			"to": [12.25, 12.25, 10.5],
			"rotation": {"angle": -22.5, "axis": "y", "origin": [8, 11, 8]},
			"faces": {
				"north": {"uv": [5, 9, 7, 10.5], "texture": "#0"},
				"east": {"uv": [4, 9, 5, 10.5], "texture": "#0"},
				"south": {"uv": [8, 9, 10, 10.5], "texture": "#0"},
				"west": {"uv": [7, 9, 8, 10.5], "texture": "#0"},
				"up": {"uv": [7, 9, 5, 8], "texture": "#0"},
				"down": {"uv": [2, 0, 0, 1], "texture": "#0"}
			}
		},
		{
			"name": "Body",
			"from": [4.25, 0, 6],
			"to": [11.75, 6, 10],
			"rotation": {"angle": -22.5, "axis": "y", "origin": [8, 11, 8]},
			"faces": {
				"north": {"uv": [5, 6.5, 7, 8], "texture": "#0"},
				"east": {"uv": [4, 6.5, 5, 8], "texture": "#0"},
				"south": {"uv": [8, 6.5, 10, 8], "texture": "#0"},
				"west": {"uv": [7, 6.5, 8, 8], "texture": "#0"},
				"up": {"uv": [7, 6.5, 5, 5.5], "texture": "#0"},
				"down": {"uv": [9, 5.5, 7, 6.5], "texture": "#0"}
			}
		},
		{
			"name": "Body Layer",
			"from": [4, -0.25, 5.75],
			"to": [12, 6.25, 10.25],
			"rotation": {"angle": -22.5, "axis": "y", "origin": [8, 11, 8]},
			"faces": {
				"north": {"uv": [5, 10.5, 7, 12], "texture": "#0"},
				"east": {"uv": [4, 10.5, 5, 12], "texture": "#0"},
				"south": {"uv": [8, 10.5, 10, 12], "texture": "#0"},
				"west": {"uv": [7, 10.5, 8, 12], "texture": "#0"},
				"up": {"uv": [2, 1, 0, 0], "texture": "#0"},
				"down": {"uv": [9, 9.5, 7, 10.5], "texture": "#0"}
			}
		},
		{
			"name": "Right Arm",
			"from": [11, 8, 7],
			"to": [17, 12, 11],
			"rotation": {"angle": 45, "axis": "y", "origin": [14, 10, 8]},
			"faces": {
				"north": {"uv": [12, 5, 13, 6.5], "rotation": 90, "texture": "#0"},
				"east": {"uv": [13, 4, 12, 5], "rotation": 180, "texture": "#0"},
				"south": {"uv": [10, 5, 11, 6.5], "rotation": 270, "texture": "#0"},
				"west": {"uv": [12, 5, 11, 4], "texture": "#0"},
				"up": {"uv": [11, 5, 12, 6.5], "rotation": 270, "texture": "#0"},
				"down": {"uv": [13, 5, 14, 6.5], "rotation": 270, "texture": "#0"}
			}
		},
		{
			"name": "Right Arm Layer",
			"from": [10.75, 7.75, 6.75],
			"to": [17.25, 12.25, 11.25],
			"rotation": {"angle": 45, "axis": "y", "origin": [14, 10, 8]},
			"faces": {
				"north": {"uv": [12, 9, 13, 10.5], "rotation": 90, "texture": "#0"},
				"east": {"uv": [1, 0, 0, 1], "rotation": 180, "texture": "#0"},
				"south": {"uv": [10, 9, 11, 10.5], "rotation": 270, "texture": "#0"},
				"west": {"uv": [12, 9, 11, 8], "texture": "#0"},
				"up": {"uv": [11, 9, 12, 10.5], "rotation": 270, "texture": "#0"},
				"down": {"uv": [13, 9, 14, 10.5], "rotation": 270, "texture": "#0"}
			}
		},
		{
			"name": "Right Arm",
			"from": [17, 8, 7],
			"to": [23, 12, 11],
			"rotation": {"angle": 45, "axis": "y", "origin": [14, 10, 8]},
			"faces": {
				"north": {"uv": [12, 6.5, 13, 8], "rotation": 90, "texture": "#0"},
				"east": {"uv": [13, 4, 12, 5], "rotation": 180, "texture": "#0"},
				"south": {"uv": [10, 6.5, 11, 8], "rotation": 270, "texture": "#0"},
				"west": {"uv": [12, 6.5, 11, 5.5], "texture": "#0"},
				"up": {"uv": [11, 6.5, 12, 8], "rotation": 270, "texture": "#0"},
				"down": {"uv": [13, 6.5, 14, 8], "rotation": 270, "texture": "#0"}
			}
		},
		{
			"name": "Right Arm Layer",
			"from": [16.75, 7.75, 6.75],
			"to": [23.25, 12.25, 11.25],
			"rotation": {"angle": 45, "axis": "y", "origin": [14, 10, 8]},
			"faces": {
				"north": {"uv": [12, 10.5, 13, 12], "rotation": 90, "texture": "#0"},
				"east": {"uv": [13, 8, 12, 9], "rotation": 180, "texture": "#0"},
				"south": {"uv": [10, 10.5, 11, 12], "rotation": 270, "texture": "#0"},
				"west": {"uv": [1, 1, 0, 0], "texture": "#0"},
				"up": {"uv": [11, 10.5, 12, 12], "rotation": 270, "texture": "#0"},
				"down": {"uv": [13, 10.5, 14, 12], "rotation": 270, "texture": "#0"}
			}
		},
		{
			"name": "Left Arm",
			"from": [0, 6, 4],
			"to": [4, 12, 8],
			"rotation": {"angle": 22.5, "axis": "x", "origin": [2, 10, 6]},
			"faces": {
				"north": {"uv": [9, 13, 10, 14.5], "texture": "#0"},
				"east": {"uv": [8, 13, 9, 14.5], "texture": "#0"},
				"south": {"uv": [11, 13, 12, 14.5], "texture": "#0"},
				"west": {"uv": [10, 13, 11, 14.5], "texture": "#0"},
				"up": {"uv": [10, 13, 9, 12], "texture": "#0"},
				"down": {"uv": [11, 12, 10, 13], "texture": "#0"}
			}
		},
		{
			"name": "Left Arm Layer",
			"from": [-0.25, 5.75, 3.75],
			"to": [4.25, 12.25, 8.25],
			"rotation": {"angle": 22.5, "axis": "x", "origin": [2, 10, 6]},
			"faces": {
				"north": {"uv": [13, 13, 14, 14.5], "texture": "#0"},
				"east": {"uv": [12, 13, 13, 14.5], "texture": "#0"},
				"south": {"uv": [15, 13, 16, 14.5], "texture": "#0"},
				"west": {"uv": [14, 13, 15, 14.5], "texture": "#0"},
				"up": {"uv": [14, 13, 13, 12], "texture": "#0"},
				"down": {"uv": [1, 0, 0, 1], "texture": "#0"}
			}
		},
		{
			"name": "Left Arm",
			"from": [0, 6.91761, -0.75282],
			"to": [4, 10.91761, 5.24718],
			"rotation": {"angle": -22.5, "axis": "x", "origin": [2, 8.91761, 9.24718]},
			"faces": {
				"north": {"uv": [11, 12, 10, 13], "rotation": 180, "texture": "#0"},
				"east": {"uv": [8, 14.5, 9, 16], "rotation": 270, "texture": "#0"},
				"south": {"uv": [10, 14.5, 9, 13.5], "texture": "#0"},
				"west": {"uv": [10, 14.5, 11, 16], "rotation": 90, "texture": "#0"},
				"up": {"uv": [9, 14.5, 10, 16], "rotation": 180, "texture": "#0"},
				"down": {"uv": [11, 14.5, 12, 16], "texture": "#0"}
			}
		},
		{
			"name": "Left Arm Layer",
			"from": [-0.25, 6.66761, -1.00282],
			"to": [4.25, 11.16761, 5.49718],
			"rotation": {"angle": -22.5, "axis": "x", "origin": [2, 8.91761, 9.24718]},
			"faces": {
				"north": {"uv": [15, 12, 14, 13], "rotation": 180, "texture": "#0"},
				"east": {"uv": [12, 14.5, 13, 16], "rotation": 270, "texture": "#0"},
				"south": {"uv": [1, 1, 0, 0], "texture": "#0"},
				"west": {"uv": [14, 14.5, 15, 16], "rotation": 90, "texture": "#0"},
				"up": {"uv": [13, 14.5, 14, 16], "rotation": 180, "texture": "#0"},
				"down": {"uv": [15, 14.5, 16, 16], "texture": "#0"}
			}
		},
		{
			"name": "Right Leg",
			"from": [7.9, -6, 6],
			"to": [11.65, 0, 10],
			"rotation": {"angle": -22.5, "axis": "y", "origin": [8, 0, 8]},
			"faces": {
				"north": {"uv": [1, 5, 2, 6.5], "texture": "#0"},
				"east": {"uv": [0, 5, 1, 6.5], "texture": "#0"},
				"south": {"uv": [3, 5, 4, 6.5], "texture": "#0"},
				"west": {"uv": [2, 5, 3, 6.5], "texture": "#0"},
				"up": {"uv": [2, 5, 1, 4], "texture": "#0"},
				"down": {"uv": [3, 4, 2, 5], "texture": "#0"}
			}
		},
		{
			"name": "Right Leg Layer",
			"from": [7.65, -6.25, 5.75],
			"to": [11.9, 0.25, 10.25],
			"rotation": {"angle": -22.5, "axis": "y", "origin": [8, 0, 8]},
			"faces": {
				"north": {"uv": [1, 9, 2, 10.5], "texture": "#0"},
				"east": {"uv": [0, 9, 1, 10.5], "texture": "#0"},
				"south": {"uv": [3, 9, 4, 10.5], "texture": "#0"},
				"west": {"uv": [2, 9, 3, 10.5], "texture": "#0"},
				"up": {"uv": [2, 9, 1, 8], "texture": "#0"},
				"down": {"uv": [1, 0, 0, 1], "texture": "#0"}
			}
		},
		{
			"name": "Right Leg",
			"from": [7.9, -12, 6],
			"to": [11.65, -6, 10],
			"rotation": {"angle": -22.5, "axis": "y", "origin": [8, 0, 8]},
			"faces": {
				"north": {"uv": [1, 6.5, 2, 8], "texture": "#0"},
				"east": {"uv": [0, 6.5, 1, 8], "texture": "#0"},
				"south": {"uv": [3, 6.5, 4, 8], "texture": "#0"},
				"west": {"uv": [2, 6.5, 3, 8], "texture": "#0"},
				"up": {"uv": [2, 6.5, 1, 5.5], "texture": "#0"},
				"down": {"uv": [3, 4, 2, 5], "texture": "#0"}
			}
		},
		{
			"name": "Right Leg Layer",
			"from": [7.65, -12.25, 5.75],
			"to": [11.9, -5.75, 10.25],
			"rotation": {"angle": -22.5, "axis": "y", "origin": [8, 0, 8]},
			"faces": {
				"north": {"uv": [1, 10.5, 2, 12], "texture": "#0"},
				"east": {"uv": [0, 10.5, 1, 12], "texture": "#0"},
				"south": {"uv": [3, 10.5, 4, 12], "texture": "#0"},
				"west": {"uv": [2, 10.5, 3, 12], "texture": "#0"},
				"up": {"uv": [1, 1, 0, 0], "texture": "#0"},
				"down": {"uv": [3, 8, 2, 9], "texture": "#0"}
			}
		},
		{
			"name": "Left Leg",
			"from": [4.35, -6, 6],
			"to": [8.1, 0, 10],
			"rotation": {"angle": 22.5, "axis": "x", "origin": [8, 0, 8]},
			"faces": {
				"north": {"uv": [5, 13, 6, 14.5], "texture": "#0"},
				"east": {"uv": [4, 13, 5, 14.5], "texture": "#0"},
				"south": {"uv": [7, 13, 8, 14.5], "texture": "#0"},
				"west": {"uv": [6, 13, 7, 14.5], "texture": "#0"},
				"up": {"uv": [6, 13, 5, 12], "texture": "#0"},
				"down": {"uv": [7, 12, 6, 13], "texture": "#0"}
			}
		},
		{
			"name": "Left Leg Layer",
			"from": [4.1, -6.25, 5.75],
			"to": [8.35, 0.25, 10.25],
			"rotation": {"angle": 22.5, "axis": "x", "origin": [8, 0, 8]},
			"faces": {
				"north": {"uv": [1, 13, 2, 14.5], "texture": "#0"},
				"east": {"uv": [0, 13, 1, 14.5], "texture": "#0"},
				"south": {"uv": [3, 13, 4, 14.5], "texture": "#0"},
				"west": {"uv": [2, 13, 3, 14.5], "texture": "#0"},
				"up": {"uv": [2, 13, 1, 12], "texture": "#0"},
				"down": {"uv": [1, 0, 0, 1], "texture": "#0"}
			}
		},
		{
			"name": "Left Leg",
			"from": [4.35, -11.12106, -0.97229],
			"to": [8.1, -5.12106, 3.02771],
			"rotation": {"angle": -45, "axis": "x", "origin": [8, 0.87894, 1.02771]},
			"faces": {
				"north": {"uv": [5, 14.5, 6, 16], "texture": "#0"},
				"east": {"uv": [4, 14.5, 5, 16], "texture": "#0"},
				"south": {"uv": [7, 14.5, 8, 16], "texture": "#0"},
				"west": {"uv": [6, 14.5, 7, 16], "texture": "#0"},
				"up": {"uv": [6, 14.5, 5, 13.5], "texture": "#0"},
				"down": {"uv": [7, 12, 6, 13], "texture": "#0"}
			}
		},
		{
			"name": "Left Leg Layer",
			"from": [4.1, -11.37106, -1.22229],
			"to": [8.35, -4.87106, 3.27771],
			"rotation": {"angle": -45, "axis": "x", "origin": [8, 0.87894, 1.02771]},
			"faces": {
				"north": {"uv": [1, 14.5, 2, 16], "texture": "#0"},
				"east": {"uv": [0, 14.5, 1, 16], "texture": "#0"},
				"south": {"uv": [3, 14.5, 4, 16], "texture": "#0"},
				"west": {"uv": [2, 14.5, 3, 16], "texture": "#0"},
				"up": {"uv": [1, 1, 0, 0], "texture": "#0"},
				"down": {"uv": [3, 12, 2, 13], "texture": "#0"}
			}
		},
		{
			"from": [9, 4, 10.15],
			"to": [12, 11, 13.15],
			"rotation": {"angle": -22.5, "axis": "y", "origin": [8, 11, 8]},
			"faces": {
				"north": {"uv": [0, 0, 1.5, 3.5], "texture": "#2"},
				"east": {"uv": [2, 0, 3.5, 3.5], "texture": "#2"},
				"south": {"uv": [0, 4, 1.5, 7.5], "texture": "#2"},
				"west": {"uv": [4, 0, 5.5, 3.5], "texture": "#2"},
				"up": {"uv": [9.5, 4.5, 8, 3], "texture": "#2"},
				"down": {"uv": [6, 8, 4.5, 9.5], "texture": "#2"}
			}
		},
		{
			"from": [7, 5, 10.15],
			"to": [9, 10, 12.15],
			"rotation": {"angle": -22.5, "axis": "y", "origin": [8, 11, 8]},
			"faces": {
				"north": {"uv": [0, 8, 1, 10.5], "texture": "#2"},
				"east": {"uv": [8, 0, 9, 2.5], "texture": "#2"},
				"south": {"uv": [1.5, 8, 2.5, 10.5], "texture": "#2"},
				"west": {"uv": [3, 8, 4, 10.5], "texture": "#2"},
				"up": {"uv": [11, 5, 10, 4], "texture": "#2"},
				"down": {"uv": [5.5, 10, 4.5, 11], "texture": "#2"}
			}
		},
		{
			"from": [9.2, 10.95, 10.35],
			"to": [11.8, 11.55, 12.95],
			"rotation": {"angle": -22.5, "axis": "y", "origin": [8, 11, 8]},
			"faces": {
				"north": {"uv": [10, 5.5, 11.5, 6], "texture": "#2"},
				"east": {"uv": [6, 10, 7.5, 10.5], "texture": "#2"},
				"south": {"uv": [10.5, 6.5, 12, 7], "texture": "#2"},
				"west": {"uv": [10.5, 7.5, 12, 8], "texture": "#2"},
				"up": {"uv": [9.5, 6.5, 8, 5], "texture": "#2"},
				"down": {"uv": [8, 8, 6.5, 9.5], "texture": "#2"}
			}
		},
		{
			"from": [4, 4, 10.15],
			"to": [7, 11, 13.15],
			"rotation": {"angle": -22.5, "axis": "y", "origin": [8, 11, 8]},
			"faces": {
				"north": {"uv": [2, 4, 3.5, 7.5], "texture": "#2"},
				"east": {"uv": [4, 4, 5.5, 7.5], "texture": "#2"},
				"south": {"uv": [6, 0, 7.5, 3.5], "texture": "#2"},
				"west": {"uv": [6, 4, 7.5, 7.5], "texture": "#2"},
				"up": {"uv": [10, 8.5, 8.5, 7], "texture": "#2"},
				"down": {"uv": [10, 9, 8.5, 10.5], "texture": "#2"}
			}
		},
		{
			"from": [4.2, 10.95, 10.35],
			"to": [6.8, 11.55, 12.95],
			"rotation": {"angle": -22.5, "axis": "y", "origin": [8, 11, 8]},
			"faces": {
				"north": {"uv": [10.5, 8.5, 12, 9], "texture": "#2"},
				"east": {"uv": [10.5, 9.5, 12, 10], "texture": "#2"},
				"south": {"uv": [10.5, 10.5, 12, 11], "texture": "#2"},
				"west": {"uv": [0, 11, 1.5, 11.5], "texture": "#2"},
				"up": {"uv": [11, 1.5, 9.5, 0], "texture": "#2"},
				"down": {"uv": [11.5, 2, 10, 3.5], "texture": "#2"}
			}
		}
	],
	"display": {
		"head": {
			"rotation": [0, 45, 0],
			"translation": [0, -12.75, 0],
			"scale": [1.6, 1.6, 1.6]
		}
	},
	"groups": [
		{
			"name": "group",
			"origin": [8, 8, 8],
			"color": 0,
			"children": [
				{
					"name": "Head",
					"origin": [0, 24, 0],
					"color": 0,
					"children": [
						0,
						1,
						{
							"name": "group",
							"origin": [8, 8, 8],
							"color": 0,
							"children": [
								2,
								3,
								4,
								{
									"name": "group",
									"origin": [8, 8, 8],
									"color": 0,
									"children": [5, 6, 7]
								}
							]
						}
					]
				},
				{
					"name": "Body",
					"origin": [0, 24, 0],
					"color": 0,
					"children": [
						8,
						9,
						{
							"name": "Body",
							"origin": [0, 24, 0],
							"color": 0,
							"children": [10, 11]
						}
					]
				},
				{
					"name": "RightArm",
					"origin": [5, 22, 0],
					"color": 0,
					"children": [
						12,
						13,
						{
							"name": "RightArm",
							"origin": [5, 22, 0],
							"color": 0,
							"children": [14, 15]
						}
					]
				},
				{
					"name": "LeftArm",
					"origin": [-5, 22, 0],
					"color": 0,
					"children": [
						16,
						17,
						{
							"name": "LeftArm",
							"origin": [-5, 22, 0],
							"color": 0,
							"children": [18, 19]
						}
					]
				},
				{
					"name": "RightLeg",
					"origin": [1.9, 12, 0],
					"color": 0,
					"children": [
						20,
						21,
						{
							"name": "RightLeg",
							"origin": [1.9, 12, 0],
							"color": 0,
							"children": [22, 23]
						}
					]
				},
				{
					"name": "LeftLeg",
					"origin": [-1.9, 12, 0],
					"color": 0,
					"children": [
						24,
						25,
						{
							"name": "LeftLeg",
							"origin": [-1.9, 12, 0],
							"color": 0,
							"children": [26, 27]
						}
					]
				},
				{
					"name": "group",
					"origin": [8, 8, 8],
					"color": 0,
					"children": [
						28,
						29,
						30,
						{
							"name": "group",
							"origin": [8, 8, 8],
							"color": 0,
							"children": [31, 32]
						}
					]
				}
			]
		}
	]
}