{
	"credit": "Made with Blockbench",
	"texture_size": [128, 128],
	"textures": {
		"2": "nwxp:stand/base/starman",
		"particle": "nwxp:stand/base/starman"
	},
	"elements": [
		{
			"name": "Head",
			"from": [4, 14, 4],
			"to": [12, 22, 12],
			"shade": false,
			"rotation": {"angle": 0, "axis": "y", "origin": [8, 13, 8]},
			"faces": {
				"north": {"uv": [0, 0, 1, 1], "texture": "#2"},
				"east": {"uv": [0, 1.125, 1, 2.125], "texture": "#2"},
				"south": {"uv": [1.125, 0, 2.125, 1], "texture": "#2"},
				"west": {"uv": [1.125, 1.125, 2.125, 2.125], "texture": "#2"},
				"up": {"uv": [1, 3.25, 0, 2.25], "texture": "#2"},
				"down": {"uv": [3.25, 0, 2.25, 1], "texture": "#2"}
			}
		},
		{
			"name": "Head",
			"from": [5, 23.29194, 7.52235],
			"to": [11, 24.29194, 12.52235],
			"shade": false,
			"rotation": {"angle": -22.5, "axis": "x", "origin": [9, 14.29194, 11.52235]},
			"faces": {
				"north": {"uv": [8, 4.25, 8.75, 4.375], "texture": "#2"},
				"east": {"uv": [8.375, 1.375, 9, 1.5], "texture": "#2"},
				"south": {"uv": [7.75, 8.125, 8.5, 8.25], "texture": "#2"},
				"west": {"uv": [8.375, 1.625, 9, 1.75], "texture": "#2"},
				"up": {"uv": [2, 4, 1.25, 3.375], "texture": "#2"},
				"down": {"uv": [4.25, 2, 3.5, 2.625], "texture": "#2"}
			}
		},
		{
			"name": "Head",
			"from": [6, 22.91342, 8.6194],
			"to": [10, 23.91342, 14.6194],
			"shade": false,
			"rotation": {"angle": 0, "axis": "y", "origin": [9, 13.91342, 5.6194]},
			"faces": {
				"north": {"uv": [8.5, 5.25, 9, 5.375], "texture": "#2"},
				"east": {"uv": [8.25, 0, 9, 0.125], "texture": "#2"},
				"south": {"uv": [8.625, 5.5, 9.125, 5.625], "texture": "#2"},
				"west": {"uv": [8.25, 0.25, 9, 0.375], "texture": "#2"},
				"up": {"uv": [2.625, 5.625, 2.125, 4.875], "texture": "#2"},
				"down": {"uv": [5.375, 3.625, 4.875, 4.375], "texture": "#2"}
			}
		},
		{
			"name": "Head",
			"from": [2.08866, 16, 5.60894],
			"to": [3.08866, 22, 10.60894],
			"shade": false,
			"rotation": {"angle": -22.5, "axis": "y", "origin": [7.08866, 13, 9.60894]},
			"faces": {
				"north": {"uv": [1, 8.125, 1.125, 8.875], "texture": "#2"},
				"east": {"uv": [3.5, 2.75, 4.125, 3.5], "texture": "#2"},
				"south": {"uv": [6.125, 8.125, 6.25, 8.875], "texture": "#2"},
				"west": {"uv": [3.5, 3.625, 4.125, 4.375], "texture": "#2"},
				"up": {"uv": [7.75, 9, 7.625, 8.375], "texture": "#2"},
				"down": {"uv": [8, 8.375, 7.875, 9], "texture": "#2"}
			}
		},
		{
			"name": "Head",
			"from": [2.08658, 17, 8.6194],
			"to": [3.08658, 21, 13.6194],
			"shade": false,
			"rotation": {"angle": 0, "axis": "y", "origin": [7.08658, 13, 7.6194]},
			"faces": {
				"north": {"uv": [8.625, 5.75, 8.75, 6.25], "texture": "#2"},
				"east": {"uv": [6.125, 3.5, 6.75, 4], "texture": "#2"},
				"south": {"uv": [8.625, 6.375, 8.75, 6.875], "texture": "#2"},
				"west": {"uv": [6.375, 1.75, 7, 2.25], "texture": "#2"},
				"up": {"uv": [8.25, 9, 8.125, 8.375], "texture": "#2"},
				"down": {"uv": [8.5, 8.375, 8.375, 9], "texture": "#2"}
			}
		},
		{
			"name": "Head",
			"from": [12.91134, 16, 5.60894],
			"to": [13.91134, 22, 10.60894],
			"shade": false,
			"rotation": {"angle": 22.5, "axis": "y", "origin": [8.91134, 13, 9.60894]},
			"faces": {
				"north": {"uv": [0, 8.25, 0.125, 9], "texture": "#2"},
				"east": {"uv": [2.125, 4, 2.75, 4.75], "texture": "#2"},
				"south": {"uv": [0.25, 8.25, 0.375, 9], "texture": "#2"},
				"west": {"uv": [0, 4.125, 0.625, 4.875], "texture": "#2"},
				"up": {"uv": [1.375, 9.125, 1.25, 8.5], "texture": "#2"},
				"down": {"uv": [1.625, 8.5, 1.5, 9.125], "texture": "#2"}
			}
		},
		{
			"name": "Head",
			"from": [12.91342, 17, 8.6194],
			"to": [13.91342, 21, 13.6194],
			"shade": false,
			"rotation": {"angle": 0, "axis": "y", "origin": [8.91342, 13, 6.6194]},
			"faces": {
				"north": {"uv": [8.625, 7, 8.75, 7.5], "texture": "#2"},
				"east": {"uv": [3.875, 6.5, 4.5, 7], "texture": "#2"},
				"south": {"uv": [8.625, 7.625, 8.75, 8.125], "texture": "#2"},
				"west": {"uv": [6.625, 4.125, 7.25, 4.625], "texture": "#2"},
				"up": {"uv": [8.625, 2.5, 8.5, 1.875], "texture": "#2"},
				"down": {"uv": [2.625, 8.5, 2.5, 9.125], "texture": "#2"}
			}
		},
		{
			"name": "Head",
			"from": [4.5, 15, 12],
			"to": [11.5, 22, 14],
			"shade": false,
			"rotation": {"angle": 0, "axis": "y", "origin": [8, 13, 8]},
			"faces": {
				"north": {"uv": [1.125, 2.25, 2.125, 3.25], "texture": "#2"},
				"east": {"uv": [0, 5, 0.375, 6], "texture": "#2"},
				"south": {"uv": [2.25, 1.125, 3.25, 2.125], "texture": "#2"},
				"west": {"uv": [0.5, 5, 0.875, 6], "texture": "#2"},
				"up": {"uv": [5.625, 0.375, 4.625, 0], "texture": "#2"},
				"down": {"uv": [6, 2.75, 5, 3.125], "texture": "#2"}
			}
		},
		{
			"name": "Body",
			"from": [3.75, 9, 5.75],
			"to": [12.25, 14, 10.25],
			"shade": false,
			"rotation": {"angle": 0, "axis": "y", "origin": [8, 13, 8]},
			"faces": {
				"north": {"uv": [2.25, 2.25, 3.375, 3], "texture": "#2"},
				"east": {"uv": [0.75, 4.125, 1.375, 4.875], "texture": "#2"},
				"south": {"uv": [2.25, 3.125, 3.375, 3.875], "texture": "#2"},
				"west": {"uv": [4.25, 2.75, 4.875, 3.5], "texture": "#2"},
				"up": {"uv": [1.125, 4, 0, 3.375], "texture": "#2"},
				"down": {"uv": [4.5, 0, 3.375, 0.625], "texture": "#2"}
			}
		},
		{
			"name": "Body",
			"from": [4.75, 8, 5.75],
			"to": [11.25, 9, 10.25],
			"shade": false,
			"rotation": {"angle": 0, "axis": "y", "origin": [8, 13, 8]},
			"faces": {
				"north": {"uv": [9.625, 0.75, 10.75, 1.5], "texture": "#2"},
				"east": {"uv": [9.875, 4.125, 10.5, 4.875], "texture": "#2"},
				"south": {"uv": [9.625, 1.625, 10.75, 2.375], "texture": "#2"},
				"west": {"uv": [9.875, 3.25, 10.5, 4], "texture": "#2"},
				"up": {"uv": [10.75, 3.125, 9.625, 2.5], "texture": "#2"},
				"down": {"uv": [10.75, 0, 9.625, 0.625], "texture": "#2"}
			}
		},
		{
			"name": "Body",
			"from": [7.75, 11.5, 10.25],
			"to": [8.25, 14, 12.75],
			"shade": false,
			"rotation": {"angle": 0, "axis": "y", "origin": [8, 13, 7.5]},
			"faces": {
				"north": {"uv": [7.125, 1.875, 7.25, 2.25], "texture": "#2"},
				"east": {"uv": [1.625, 5.125, 2, 5.5], "texture": "#2"},
				"south": {"uv": [2.5, 7.5, 2.625, 7.875], "texture": "#2"},
				"west": {"uv": [2.875, 6.875, 3.25, 7.25], "texture": "#2"},
				"up": {"uv": [5.75, 9.125, 5.625, 8.75], "texture": "#2"},
				"down": {"uv": [6, 8.75, 5.875, 9.125], "texture": "#2"}
			}
		},
		{
			"name": "Body",
			"from": [7.75, 8.5, 10.25],
			"to": [8.25, 11, 12.75],
			"shade": false,
			"rotation": {"angle": 0, "axis": "y", "origin": [8, 13, 7.5]},
			"faces": {
				"north": {"uv": [8.875, 8, 9, 8.375], "texture": "#2"},
				"east": {"uv": [7.875, 5.5, 8.25, 5.875], "texture": "#2"},
				"south": {"uv": [8.875, 8.5, 9, 8.875], "texture": "#2"},
				"west": {"uv": [7.875, 6, 8.25, 6.375], "texture": "#2"},
				"up": {"uv": [8.75, 9.25, 8.625, 8.875], "texture": "#2"},
				"down": {"uv": [1.125, 9, 1, 9.375], "texture": "#2"}
			}
		},
		{
			"from": [7, 4, 7],
			"to": [9, 8, 9],
			"rotation": {"angle": 0, "axis": "y", "origin": [0, 2, 0]},
			"faces": {
				"north": {"uv": [0.625, 6.125, 0.875, 6.625], "texture": "#2"},
				"east": {"uv": [4.75, 7.875, 5, 8.375], "texture": "#2"},
				"south": {"uv": [8, 2.875, 8.25, 3.375], "texture": "#2"},
				"west": {"uv": [3, 8, 3.25, 8.5], "texture": "#2"},
				"up": {"uv": [5.25, 3.5, 5, 3.25], "texture": "#2"},
				"down": {"uv": [5.75, 4.125, 5.5, 4.375], "texture": "#2"}
			}
		},
		{
			"from": [9, 4, 7.5],
			"to": [10, 8, 8.5],
			"rotation": {"angle": 0, "axis": "y", "origin": [0, 2, 0]},
			"faces": {
				"north": {"uv": [8.625, 8.25, 8.75, 8.75], "texture": "#2"},
				"east": {"uv": [0.5, 8.75, 0.625, 9.25], "texture": "#2"},
				"south": {"uv": [0.75, 8.75, 0.875, 9.25], "texture": "#2"},
				"west": {"uv": [1.75, 8.75, 1.875, 9.25], "texture": "#2"},
				"up": {"uv": [8, 9.25, 7.875, 9.125], "texture": "#2"},
				"down": {"uv": [9.25, 8, 9.125, 8.125], "texture": "#2"}
			}
		},
		{
			"from": [6, 4, 7.5],
			"to": [7, 8, 8.5],
			"rotation": {"angle": 0, "axis": "y", "origin": [0, 2, 0]},
			"faces": {
				"north": {"uv": [8.75, 1.875, 8.875, 2.375], "texture": "#2"},
				"east": {"uv": [2, 8.75, 2.125, 9.25], "texture": "#2"},
				"south": {"uv": [2.25, 8.75, 2.375, 9.25], "texture": "#2"},
				"west": {"uv": [8.75, 2.5, 8.875, 3], "texture": "#2"},
				"up": {"uv": [8.25, 9.25, 8.125, 9.125], "texture": "#2"},
				"down": {"uv": [9.25, 8.25, 9.125, 8.375], "texture": "#2"}
			}
		},
		{
			"from": [6.85, 3.1, 6.1],
			"to": [7.65, 8.9, 6.9],
			"rotation": {"angle": -22.5, "axis": "z", "origin": [9, 4, 6]},
			"faces": {
				"north": {"uv": [5.125, 8.25, 5.25, 9], "texture": "#2"},
				"east": {"uv": [5.375, 8.25, 5.5, 9], "texture": "#2"},
				"south": {"uv": [6.375, 8.25, 6.5, 9], "texture": "#2"},
				"west": {"uv": [6.625, 8.25, 6.75, 9], "texture": "#2"},
				"up": {"uv": [8.5, 9.25, 8.375, 9.125], "texture": "#2"},
				"down": {"uv": [9.25, 8.5, 9.125, 8.625], "texture": "#2"}
			}
		},
		{
			"from": [6.85, 3.1, 9.1],
			"to": [7.65, 8.9, 9.9],
			"rotation": {"angle": -22.5, "axis": "z", "origin": [9, 4, 6]},
			"faces": {
				"north": {"uv": [6.875, 8.25, 7, 9], "texture": "#2"},
				"east": {"uv": [7.125, 8.25, 7.25, 9], "texture": "#2"},
				"south": {"uv": [7.375, 8.25, 7.5, 9], "texture": "#2"},
				"west": {"uv": [8.375, 0.5, 8.5, 1.25], "texture": "#2"},
				"up": {"uv": [9.25, 8.875, 9.125, 8.75], "texture": "#2"},
				"down": {"uv": [9.25, 9, 9.125, 9.125], "texture": "#2"}
			}
		},
		{
			"from": [8.45, 3.95, 6.2],
			"to": [9.05, 9.55, 6.8],
			"rotation": {"angle": 22.5, "axis": "z", "origin": [9, 4, 6]},
			"faces": {
				"north": {"uv": [3.375, 8.375, 3.5, 9.125], "texture": "#2"},
				"east": {"uv": [3.625, 8.375, 3.75, 9.125], "texture": "#2"},
				"south": {"uv": [3.875, 8.375, 4, 9.125], "texture": "#2"},
				"west": {"uv": [4.125, 8.375, 4.25, 9.125], "texture": "#2"},
				"up": {"uv": [1.375, 9.375, 1.25, 9.25], "texture": "#2"},
				"down": {"uv": [1.625, 9.25, 1.5, 9.375], "texture": "#2"}
			}
		},
		{
			"from": [8.45, 3.95, 9.2],
			"to": [9.05, 9.55, 9.8],
			"rotation": {"angle": 22.5, "axis": "z", "origin": [9, 4, 6]},
			"faces": {
				"north": {"uv": [4.375, 8.375, 4.5, 9.125], "texture": "#2"},
				"east": {"uv": [8.375, 5.5, 8.5, 6.25], "texture": "#2"},
				"south": {"uv": [8.375, 6.375, 8.5, 7.125], "texture": "#2"},
				"west": {"uv": [8.375, 7.25, 8.5, 8], "texture": "#2"},
				"up": {"uv": [9.375, 2.25, 9.25, 2.125], "texture": "#2"},
				"down": {"uv": [9.375, 2.375, 9.25, 2.5], "texture": "#2"}
			}
		},
		{
			"name": "Body",
			"from": [4.25, 2, 6],
			"to": [11.75, 5, 10],
			"shade": false,
			"rotation": {"angle": 0, "axis": "y", "origin": [8, 13, 8]},
			"faces": {
				"north": {"uv": [6.75, 3.125, 7.75, 3.375], "texture": "#2"},
				"east": {"uv": [8, 3.5, 8.5, 3.75], "texture": "#2"},
				"south": {"uv": [6.875, 3.5, 7.875, 3.75], "texture": "#2"},
				"west": {"uv": [8, 3.875, 8.5, 4.125], "texture": "#2"},
				"up": {"uv": [4.375, 1.25, 3.375, 0.75], "texture": "#2"},
				"down": {"uv": [4.375, 1.375, 3.375, 1.875], "texture": "#2"}
			}
		},
		{
			"name": "Body",
			"from": [10.25, 5, 6],
			"to": [11.75, 6, 10],
			"shade": false,
			"rotation": {"angle": 0, "axis": "y", "origin": [8, 13, 8]},
			"faces": {
				"north": {"uv": [6.375, 2.375, 6.625, 2.5], "texture": "#2"},
				"east": {"uv": [8.75, 3.125, 9.25, 3.25], "texture": "#2"},
				"south": {"uv": [3.5, 7.375, 3.75, 7.5], "texture": "#2"},
				"west": {"uv": [8.75, 4.5, 9.25, 4.625], "texture": "#2"},
				"up": {"uv": [0.875, 8.625, 0.625, 8.125], "texture": "#2"},
				"down": {"uv": [2, 8.125, 1.75, 8.625], "texture": "#2"}
			}
		},
		{
			"name": "Body",
			"from": [4.25, 5, 6],
			"to": [5.75, 6, 10],
			"shade": false,
			"rotation": {"angle": 0, "axis": "y", "origin": [8, 13, 8]},
			"faces": {
				"north": {"uv": [9.125, 1.5, 9.375, 1.625], "texture": "#2"},
				"east": {"uv": [8.75, 4.75, 9.25, 4.875], "texture": "#2"},
				"south": {"uv": [9.125, 5.25, 9.375, 5.375], "texture": "#2"},
				"west": {"uv": [8.75, 5, 9.25, 5.125], "texture": "#2"},
				"up": {"uv": [2.375, 8.625, 2.125, 8.125], "texture": "#2"},
				"down": {"uv": [6, 8.125, 5.75, 8.625], "texture": "#2"}
			}
		},
		{
			"name": "Right Arm",
			"from": [13.5, 10.75, -1.05],
			"to": [16.5, 13.75, 2.05],
			"shade": false,
			"rotation": {"angle": 45, "axis": "y", "origin": [14.75, 12.25, 8]},
			"faces": {
				"north": {"uv": [7.625, 1.25, 7.125, 1.75], "rotation": 180, "texture": "#2"},
				"east": {"uv": [0, 7, 0.5, 7.5], "rotation": 270, "texture": "#2"},
				"south": {"uv": [7, 7.5, 6.5, 7], "texture": "#2"},
				"west": {"uv": [7, 0.625, 7.5, 1.125], "rotation": 90, "texture": "#2"},
				"up": {"uv": [0.625, 6.875, 1.125, 7.375], "rotation": 180, "texture": "#2"},
				"down": {"uv": [7, 0, 7.5, 0.5], "texture": "#2"}
			}
		},
		{
			"name": "Right Arm",
			"from": [16.65761, 12.5, -6.76173],
			"to": [19.65761, 12.5, -0.26173],
			"shade": false,
			"rotation": {"angle": 45, "axis": "y", "origin": [14.75, 12.25, 8]},
			"faces": {
				"north": {"uv": [1.375, 5, 1, 5], "rotation": 180, "texture": "#2"},
				"east": {"uv": [3.25, 8.625, 3.25, 9.5], "rotation": 270, "texture": "#2"},
				"south": {"uv": [5.25, 4.5, 4.875, 4.5], "texture": "#2"},
				"west": {"uv": [2.5, 9.25, 2.5, 10.125], "rotation": 90, "texture": "#2"},
				"up": {"uv": [2.875, 5.875, 3.25, 6.75], "rotation": 180, "texture": "#2"},
				"down": {"uv": [3.375, 6.375, 3.75, 7.25], "texture": "#2"}
			}
		},
		{
			"name": "Right Arm",
			"from": [13.3, 10.55, -6.8],
			"to": [16.7, 13.95, -0.9],
			"shade": false,
			"rotation": {"angle": 45, "axis": "y", "origin": [14.75, 12.25, 8]},
			"faces": {
				"north": {"uv": [5.75, 7.125, 5.25, 7.625], "rotation": 180, "texture": "#2"},
				"east": {"uv": [1.5, 4.125, 2, 5], "rotation": 270, "texture": "#2"},
				"south": {"uv": [4.375, 7.625, 3.875, 7.125], "texture": "#2"},
				"west": {"uv": [4.5, 0.75, 5, 1.625], "rotation": 90, "texture": "#2"},
				"up": {"uv": [2.875, 4, 3.375, 4.875], "rotation": 180, "texture": "#2"},
				"down": {"uv": [4.25, 3.625, 4.75, 4.5], "texture": "#2"}
			}
		},
		{
			"from": [13.05964, 10.75, 2.06312],
			"to": [17.05964, 13.75, 2.81312],
			"shade": false,
			"rotation": {"angle": 45, "axis": "y", "origin": [14.75, 12.25, 8]},
			"faces": {
				"north": {"uv": [5.625, 7.75, 5.125, 8.125], "rotation": 180, "texture": "#2"},
				"east": {"uv": [4.625, 0.5, 5, 0.625], "rotation": 270, "texture": "#2"},
				"south": {"uv": [5.625, 2.625, 5.125, 2.25], "texture": "#2"},
				"west": {"uv": [6.875, 3.875, 7.25, 4], "rotation": 90, "texture": "#2"},
				"up": {"uv": [8.875, 0.5, 9.375, 0.625], "rotation": 180, "texture": "#2"},
				"down": {"uv": [8.875, 0.75, 9.375, 0.875], "texture": "#2"}
			}
		},
		{
			"from": [13.05964, 10.75, 5.81312],
			"to": [17.05964, 13.75, 6.56312],
			"shade": false,
			"rotation": {"angle": 45, "axis": "y", "origin": [14.75, 12.25, 8]},
			"faces": {
				"north": {"uv": [8.25, 7.125, 7.75, 7.5], "rotation": 180, "texture": "#2"},
				"east": {"uv": [7.375, 4.5, 7.75, 4.625], "rotation": 270, "texture": "#2"},
				"south": {"uv": [8.25, 7, 7.75, 6.625], "texture": "#2"},
				"west": {"uv": [9, 1.875, 9.375, 2], "rotation": 90, "texture": "#2"},
				"up": {"uv": [8.875, 1, 9.375, 1.125], "rotation": 180, "texture": "#2"},
				"down": {"uv": [8.875, 3.375, 9.375, 3.5], "texture": "#2"}
			}
		},
		{
			"from": [15.25, 11.25, 6.75],
			"to": [16, 13.25, 8.75],
			"shade": false,
			"rotation": {"angle": 45, "axis": "y", "origin": [14.75, 12.25, 8]},
			"faces": {
				"north": {"uv": [7.75, 9.125, 7.625, 9.375], "rotation": 180, "texture": "#2"},
				"east": {"uv": [1.25, 6.875, 1.5, 7.125], "rotation": 270, "texture": "#2"},
				"south": {"uv": [7.5, 9.375, 7.375, 9.125], "texture": "#2"},
				"west": {"uv": [7.25, 6.625, 7.5, 6.875], "rotation": 90, "texture": "#2"},
				"up": {"uv": [6.875, 9.125, 7, 9.375], "rotation": 180, "texture": "#2"},
				"down": {"uv": [7.125, 9.125, 7.25, 9.375], "texture": "#2"}
			}
		},
		{
			"from": [13.05964, 13.75, 2.06312],
			"to": [17.05964, 14.5, 6.56312],
			"shade": false,
			"rotation": {"angle": 45, "axis": "y", "origin": [14.75, 12.25, 8]},
			"faces": {
				"north": {"uv": [9.375, 3.875, 8.875, 4], "rotation": 180, "texture": "#2"},
				"east": {"uv": [8.5, 2.625, 8.625, 3.25], "rotation": 270, "texture": "#2"},
				"south": {"uv": [9.375, 3.75, 8.875, 3.625], "texture": "#2"},
				"west": {"uv": [2.75, 8.5, 2.875, 9.125], "rotation": 90, "texture": "#2"},
				"up": {"uv": [4.625, 6.5, 5.125, 7.125], "rotation": 180, "texture": "#2"},
				"down": {"uv": [1.625, 6.625, 2.125, 7.25], "texture": "#2"}
			}
		},
		{
			"from": [13.05964, 10, 2.06312],
			"to": [17.05964, 10.75, 6.56312],
			"shade": false,
			"rotation": {"angle": 45, "axis": "y", "origin": [14.75, 12.25, 8]},
			"faces": {
				"north": {"uv": [9.375, 5.75, 8.875, 5.875], "rotation": 180, "texture": "#2"},
				"east": {"uv": [8.5, 4.5, 8.625, 5.125], "rotation": 270, "texture": "#2"},
				"south": {"uv": [9.375, 4.25, 8.875, 4.125], "texture": "#2"},
				"west": {"uv": [4.625, 8.5, 4.75, 9.125], "rotation": 90, "texture": "#2"},
				"up": {"uv": [6.625, 4.75, 7.125, 5.375], "rotation": 180, "texture": "#2"},
				"down": {"uv": [6.625, 5.5, 7.125, 6.125], "texture": "#2"}
			}
		},
		{
			"from": [13.63617, 10.75, 2.7979],
			"to": [16.63617, 13.75, 5.7979],
			"shade": false,
			"rotation": {"angle": 45, "axis": "y", "origin": [14.75, 12.25, 8]},
			"faces": {
				"north": {"uv": [9, 9, 8.875, 9.375], "rotation": 180, "texture": "#2"},
				"east": {"uv": [1.25, 8, 1.625, 8.375], "rotation": 270, "texture": "#2"},
				"south": {"uv": [6.25, 9.375, 6.125, 9], "texture": "#2"},
				"west": {"uv": [8, 1.875, 8.375, 2.25], "rotation": 90, "texture": "#2"},
				"up": {"uv": [9, 2.125, 9.125, 2.5], "rotation": 180, "texture": "#2"},
				"down": {"uv": [9, 2.625, 9.125, 3], "texture": "#2"}
			}
		},
		{
			"name": "Left Arm",
			"from": [0.25, 10.5, 2.95],
			"to": [3.25, 13.5, 6.05],
			"shade": false,
			"rotation": {"angle": -45, "axis": "x", "origin": [2, 12, 8]},
			"faces": {
				"north": {"uv": [1.75, 7.375, 1.25, 7.875], "rotation": 180, "texture": "#2"},
				"east": {"uv": [4.5, 7.25, 5, 7.75], "rotation": 270, "texture": "#2"},
				"south": {"uv": [7.75, 6.5, 7.25, 6], "texture": "#2"},
				"west": {"uv": [7.25, 5.375, 7.75, 5.875], "rotation": 90, "texture": "#2"},
				"up": {"uv": [7.125, 7, 7.625, 7.5], "rotation": 180, "texture": "#2"},
				"down": {"uv": [7.25, 4.75, 7.75, 5.25], "texture": "#2"}
			}
		},
		{
			"name": "Left Arm",
			"from": [2.12236, 8.01005, 0.16845],
			"to": [5.32236, 13.71005, 3.36845],
			"shade": false,
			"rotation": {"angle": -45, "axis": "z", "origin": [2.97236, 11.01005, 7.76845]},
			"faces": {
				"north": {"uv": [4.125, 4.625, 4.625, 5.5], "rotation": 180, "texture": "#2"},
				"east": {"uv": [3.5, 4.5, 4, 5.375], "rotation": 180, "texture": "#2"},
				"south": {"uv": [4.5, 1.75, 5, 2.625], "rotation": 180, "texture": "#2"},
				"west": {"uv": [4.75, 4.625, 5.25, 5.5], "rotation": 180, "texture": "#2"},
				"up": {"uv": [7.875, 2.5, 7.375, 3], "texture": "#2"},
				"down": {"uv": [7.875, 2.375, 7.375, 1.875], "texture": "#2"}
			}
		},
		{
			"from": [-0.25, 1.8, 10.95],
			"to": [3.75, 4.8, 11.7],
			"shade": false,
			"rotation": {"angle": -45, "axis": "x", "origin": [0, 1.8, 0]},
			"faces": {
				"north": {"uv": [4.625, 7.875, 4.125, 8.25], "rotation": 180, "texture": "#2"},
				"east": {"uv": [0, 9.125, 0.375, 9.25], "rotation": 270, "texture": "#2"},
				"south": {"uv": [8.25, 8, 7.75, 7.625], "texture": "#2"},
				"west": {"uv": [9.125, 0, 9.5, 0.125], "rotation": 90, "texture": "#2"},
				"up": {"uv": [8.875, 6, 9.375, 6.125], "rotation": 180, "texture": "#2"},
				"down": {"uv": [8.875, 6.25, 9.375, 6.375], "texture": "#2"}
			}
		},
		{
			"from": [-0.25, 1.94142, 14.64142],
			"to": [3.75, 4.94142, 15.39142],
			"shade": false,
			"rotation": {"angle": -45, "axis": "x", "origin": [0, 1.94142, 0.14142]},
			"faces": {
				"north": {"uv": [8.375, 5, 7.875, 5.375], "rotation": 180, "texture": "#2"},
				"east": {"uv": [9.125, 0.25, 9.5, 0.375], "rotation": 270, "texture": "#2"},
				"south": {"uv": [8.375, 4.875, 7.875, 4.5], "texture": "#2"},
				"west": {"uv": [9.125, 1.25, 9.5, 1.375], "rotation": 90, "texture": "#2"},
				"up": {"uv": [8.875, 6.5, 9.375, 6.625], "rotation": 180, "texture": "#2"},
				"down": {"uv": [8.875, 6.75, 9.375, 6.875], "texture": "#2"}
			}
		},
		{
			"from": [-0.25, 4.8, 10.95],
			"to": [3.75, 5.55, 15.45],
			"shade": false,
			"rotation": {"angle": -45, "axis": "x", "origin": [0, 1.8, 0]},
			"faces": {
				"north": {"uv": [9.375, 7.25, 8.875, 7.375], "rotation": 180, "texture": "#2"},
				"east": {"uv": [4.875, 8.5, 5, 9.125], "rotation": 270, "texture": "#2"},
				"south": {"uv": [9.375, 7.125, 8.875, 7], "texture": "#2"},
				"west": {"uv": [8.625, 0.5, 8.75, 1.125], "rotation": 90, "texture": "#2"},
				"up": {"uv": [6.625, 6.25, 7.125, 6.875], "rotation": 180, "texture": "#2"},
				"down": {"uv": [2.25, 6.75, 2.75, 7.375], "texture": "#2"}
			}
		},
		{
			"from": [-0.25, 1.05, 10.95],
			"to": [3.75, 1.8, 15.45],
			"shade": false,
			"rotation": {"angle": -45, "axis": "x", "origin": [0, 1.8, 0]},
			"faces": {
				"north": {"uv": [9.375, 7.75, 8.875, 7.875], "rotation": 180, "texture": "#2"},
				"east": {"uv": [3, 8.625, 3.125, 9.25], "rotation": 270, "texture": "#2"},
				"south": {"uv": [9.375, 7.625, 8.875, 7.5], "texture": "#2"},
				"west": {"uv": [8.625, 3.375, 8.75, 4], "rotation": 90, "texture": "#2"},
				"up": {"uv": [6.75, 2.375, 7.25, 3], "rotation": 180, "texture": "#2"},
				"down": {"uv": [5.875, 6.75, 6.375, 7.375], "texture": "#2"}
			}
		},
		{
			"from": [0.25, 1.75, 11.5],
			"to": [3.25, 4.75, 14.5],
			"shade": false,
			"rotation": {"angle": -45, "axis": "x", "origin": [0, 2, 0]},
			"faces": {
				"north": {"uv": [6.75, 9.125, 6.625, 9.5], "rotation": 180, "texture": "#2"},
				"east": {"uv": [8, 2.375, 8.375, 2.75], "rotation": 270, "texture": "#2"},
				"south": {"uv": [6.5, 9.5, 6.375, 9.125], "texture": "#2"},
				"west": {"uv": [2.5, 8, 2.875, 8.375], "rotation": 90, "texture": "#2"},
				"up": {"uv": [5.125, 9.125, 5.25, 9.5], "rotation": 180, "texture": "#2"},
				"down": {"uv": [5.375, 9.125, 5.5, 9.5], "texture": "#2"}
			}
		},
		{
			"name": "Right Leg",
			"from": [8.1, -3.45, 6.2],
			"to": [11.45, 2.15, 9.8],
			"shade": false,
			"rotation": {"angle": -22.5, "axis": "x", "origin": [8, 2, 8]},
			"faces": {
				"north": {"uv": [2.75, 5, 3.25, 5.75], "texture": "#2"},
				"east": {"uv": [5.125, 0.5, 5.625, 1.25], "texture": "#2"},
				"south": {"uv": [1, 5.125, 1.5, 5.875], "texture": "#2"},
				"west": {"uv": [5.125, 1.375, 5.625, 2.125], "texture": "#2"},
				"up": {"uv": [3.375, 7.875, 2.875, 7.375], "texture": "#2"},
				"down": {"uv": [7.875, 3.875, 7.375, 4.375], "texture": "#2"}
			}
		},
		{
			"name": "Right Leg",
			"from": [8.2, -7.85, 4.3],
			"to": [11.35, -2.45, 7.7],
			"shade": false,
			"rotation": {"angle": -45, "axis": "x", "origin": [8, 2, 8]},
			"faces": {
				"north": {"uv": [5.375, 4.5, 5.875, 5.25], "texture": "#2"},
				"east": {"uv": [5.375, 5.375, 5.875, 6.125], "texture": "#2"},
				"south": {"uv": [5.5, 3.25, 6, 4], "texture": "#2"},
				"west": {"uv": [3.375, 5.5, 3.875, 6.25], "texture": "#2"},
				"up": {"uv": [1.125, 8, 0.625, 7.5], "texture": "#2"},
				"down": {"uv": [2.375, 7.5, 1.875, 8], "texture": "#2"}
			}
		},
		{
			"name": "Right Leg",
			"from": [8.9, -11.9, 5],
			"to": [10.65, -7.9, 7],
			"shade": false,
			"rotation": {"angle": -45, "axis": "x", "origin": [8, 2, 8]},
			"faces": {
				"north": {"uv": [4, 5.625, 4.5, 6.375], "texture": "#2"},
				"east": {"uv": [4.625, 5.625, 5.125, 6.375], "texture": "#2"},
				"south": {"uv": [5.75, 0, 6.25, 0.75], "texture": "#2"},
				"west": {"uv": [5.75, 0.875, 6.25, 1.625], "texture": "#2"},
				"up": {"uv": [6.375, 8, 5.875, 7.5], "texture": "#2"},
				"down": {"uv": [0.5, 7.625, 0, 8.125], "texture": "#2"}
			}
		},
		{
			"name": "Left Leg",
			"from": [4.55, -3.45, 6.2],
			"to": [7.9, 2.15, 9.8],
			"shade": false,
			"rotation": {"angle": 22.5, "axis": "x", "origin": [8, 2, 8]},
			"faces": {
				"north": {"uv": [1.625, 5.75, 2.125, 6.5], "texture": "#2"},
				"east": {"uv": [5.75, 1.75, 6.25, 2.5], "texture": "#2"},
				"south": {"uv": [2.25, 5.875, 2.75, 6.625], "texture": "#2"},
				"west": {"uv": [1, 6, 1.5, 6.75], "texture": "#2"},
				"up": {"uv": [8.125, 0.5, 7.625, 0], "texture": "#2"},
				"down": {"uv": [8.125, 0.625, 7.625, 1.125], "texture": "#2"}
			}
		},
		{
			"name": "Left Leg",
			"from": [4.65, -7.85, 4.3],
			"to": [7.8, -2.45, 7.7],
			"shade": false,
			"rotation": {"angle": 0, "axis": "y", "origin": [8, 2, 8]},
			"faces": {
				"north": {"uv": [6, 4.125, 6.5, 4.875], "texture": "#2"},
				"east": {"uv": [6, 5, 6.5, 5.75], "texture": "#2"},
				"south": {"uv": [6, 5.875, 6.5, 6.625], "texture": "#2"},
				"west": {"uv": [0, 6.125, 0.5, 6.875], "texture": "#2"},
				"up": {"uv": [7, 8.125, 6.5, 7.625], "texture": "#2"},
				"down": {"uv": [7.625, 7.625, 7.125, 8.125], "texture": "#2"}
			}
		},
		{
			"name": "Left Leg",
			"from": [5.35, -11.9, 5],
			"to": [7.1, -7.9, 7],
			"shade": false,
			"rotation": {"angle": 0, "axis": "y", "origin": [8, 2, 8]},
			"faces": {
				"north": {"uv": [6.125, 2.625, 6.625, 3.375], "texture": "#2"},
				"east": {"uv": [5.25, 6.25, 5.75, 7], "texture": "#2"},
				"south": {"uv": [6.375, 0, 6.875, 0.75], "texture": "#2"},
				"west": {"uv": [6.375, 0.875, 6.875, 1.625], "texture": "#2"},
				"up": {"uv": [8.25, 1.75, 7.75, 1.25], "texture": "#2"},
				"down": {"uv": [4, 7.75, 3.5, 8.25], "texture": "#2"}
			}
		}
	],
	"display": {
		"gui": {
			"rotation": [0, -180, 0]
		},
		"head": {
			"translation": [-0.25, -13.5, 0],
			"scale": [1.6, 1.6, 1.6]
		}
	},
	"groups": [
		{
			"name": "StarMan",
			"origin": [8, 8, 8],
			"color": 0,
			"shade": false,
			"children": [
				{
					"name": "Head",
					"origin": [0, 24, 0],
					"color": 0,
					"shade": false,
					"children": [0, 1, 2, 3, 4, 5, 6, 7]
				},
				{
					"name": "Body",
					"origin": [0, 24, 0],
					"color": 0,
					"shade": false,
					"children": [
						8,
						9,
						10,
						11,
						{
							"name": "group",
							"origin": [0, 24, 0],
							"color": 0,
							"children": [12, 13, 14, 15, 16, 17, 18]
						},
						{
							"name": "Body",
							"origin": [0, 24, 0],
							"color": 0,
							"shade": false,
							"children": [19, 20, 21]
						}
					]
				},
				{
					"name": "RightArm",
					"origin": [5, 22, 0],
					"color": 0,
					"shade": false,
					"children": [
						22,
						{
							"name": "RightArm",
							"origin": [5, 22, 0],
							"color": 0,
							"shade": false,
							"children": [23, 24]
						},
						{
							"name": "right shoulder",
							"origin": [0, -0.2, 0],
							"color": 0,
							"shade": false,
							"children": [25, 26, 27, 28, 29, 30]
						}
					]
				},
				{
					"name": "LeftArm",
					"origin": [-5, 22, 0],
					"color": 0,
					"shade": false,
					"children": [
						31,
						{
							"name": "LeftArm",
							"origin": [-5, 22, 0],
							"color": 0,
							"shade": false,
							"children": [32]
						},
						{
							"name": "left shouder",
							"origin": [0, -0.2, 0],
							"color": 0,
							"shade": false,
							"children": [33, 34, 35, 36, 37]
						}
					]
				},
				{
					"name": "RightLeg",
					"origin": [1.9, 12, 0],
					"color": 0,
					"shade": false,
					"children": [
						38,
						{
							"name": "RightLeg",
							"origin": [1.9, 12, 0],
							"color": 0,
							"shade": false,
							"children": [39, 40]
						}
					]
				},
				{
					"name": "LeftLeg",
					"origin": [-1.9, 12, 0],
					"color": 0,
					"shade": false,
					"children": [
						41,
						{
							"name": "LeftLeg",
							"origin": [-1.9, 12, 0],
							"color": 0,
							"shade": false,
							"children": [42, 43]
						}
					]
				}
			]
		}
	]
}