{
	"credit": "Made with Blockbench",
	"texture_size": [64, 64],
	"textures": {
		"0": "tanks/full_green_tank",
		"particle": "tanks/full_green_tank"
	},
	"elements": [
		{
			"from": [4.25, 5.25, 4.25],
			"to": [11.75, 9, 11.75],
			"faces": {
				"north": {"uv": [11, 5.5, 13.5, 6.75], "texture": "#0"},
				"east": {"uv": [13.5, 6.75, 11, 8], "texture": "#0"},
				"south": {"uv": [8.5, 6.75, 11, 8], "texture": "#0"},
				"west": {"uv": [11, 6.75, 13.5, 8], "texture": "#0"},
				"up": {"uv": [13.5, 5.5, 16, 8], "texture": "#0"},
				"down": {"uv": [5.5, 6, 8, 11], "texture": "#0"}
			}
		},
		{
			"from": [6.875, 5.625, 0.5],
			"to": [9.125, 7.875, 4.25],
			"faces": {
				"north": {"uv": [11.5, 4.75, 12.25, 5.5], "texture": "#0"},
				"east": {"uv": [13.5, 4.75, 12.25, 5.5], "texture": "#0"},
				"south": {"uv": [0, 0, 6, 6], "texture": "#0"},
				"west": {"uv": [12.25, 4.75, 13.5, 5.5], "texture": "#0"},
				"up": {"uv": [12, 3.5, 12.75, 4.75], "texture": "#0"},
				"down": {"uv": [12.75, 3.5, 13.5, 4.75], "texture": "#0"}
			}
		},
		{
			"from": [2.75, 1.5, 2],
			"to": [13.25, 5.25, 14],
			"faces": {
				"north": {"uv": [5.5, 14.25, 9, 15.5], "texture": "#0"},
				"east": {"uv": [13, 14.25, 9, 15.5], "texture": "#0"},
				"south": {"uv": [2, 14.25, 5.5, 15.5], "texture": "#0"},
				"west": {"uv": [9, 14.25, 13, 15.5], "texture": "#0"},
				"up": {"uv": [5.5, 10.25, 9, 14.25], "texture": "#0"},
				"down": {"uv": [2, 10.25, 5.5, 14.25], "texture": "#0"}
			}
		},
		{
			"from": [3.5, 0, 2.75],
			"to": [12.5, 1.5, 13.25],
			"faces": {
				"north": {"uv": [9.5, 15.5, 12.5, 16], "texture": "#0"},
				"east": {"uv": [16, 15.5, 12.5, 16], "texture": "#0"},
				"south": {"uv": [6.5, 15.5, 9.5, 16], "texture": "#0"},
				"west": {"uv": [12.5, 15.5, 16, 16], "texture": "#0"},
				"up": {"uv": [0, 0, 12, 14], "texture": "#0"},
				"down": {"uv": [13, 12, 16, 15], "texture": "#0"}
			}
		},
		{
			"from": [-4, 0, -4],
			"to": [20, 0, 20],
			"faces": {
				"north": {"uv": [0, 0, 6, 0], "texture": "#missing"},
				"east": {"uv": [0, 0, 6, 0], "texture": "#missing"},
				"south": {"uv": [0, 0, 6, 0], "texture": "#missing"},
				"west": {"uv": [0, 0, 6, 0], "texture": "#missing"},
				"up": {"uv": [0, 0, 4, 4], "texture": "#0"},
				"down": {"uv": [0, 0, 6, 6], "texture": "#missing"}
			}
		}
	],
	"display": {
		"thirdperson_righthand": {
			"scale": [0, 0, 0]
		},
		"thirdperson_lefthand": {
			"scale": [0, 0, 0]
		},
		"firstperson_righthand": {
			"scale": [0, 0, 0]
		},
		"firstperson_lefthand": {
			"scale": [0, 0, 0]
		},
		"ground": {
			"scale": [0, 0, 0]
		},
		"gui": {
			"rotation": [27, -136, 0],
			"translation": [0, 2, 0],
			"scale": [0.5, 0.5, 0.5]
		}
	},
	"groups": [
		{
			"name": "Head",
			"origin": [0, 0, 0],
			"color": 0,
			"children": [0, 1]
		},
		{
			"name": "body",
			"origin": [0, 0, 0],
			"color": 0,
			"children": [2, 3]
		}, 4]
}