{
	"credit": "Made with Blockbench",
	"texture_size": [64, 64],
	"textures": {
		"0": "tanks/full_green_tank",
		"particle": "tanks/full_green_tank"
	},
	"elements": [
		{
			"from": [1, 2, 0],
			"to": [15, 7, 16],
			"faces": {
				"north": {"uv": [5.5, 14.25, 9, 15.5], "texture": "#0"},
				"east": {"uv": [13, 14.25, 9, 15.5], "texture": "#0"},
				"south": {"uv": [2, 14.25, 5.5, 15.5], "texture": "#0"},
				"west": {"uv": [9, 14.25, 13, 15.5], "texture": "#0"},
				"up": {"uv": [5.5, 10.25, 9, 14.25], "texture": "#0"},
				"down": {"uv": [2, 10.25, 5.5, 14.25], "texture": "#0"}
			}
		},
		{
			"from": [2, 0, 1],
			"to": [14, 2, 15],
			"faces": {
				"north": {"uv": [9.5, 15.5, 12.5, 16], "texture": "#0"},
				"east": {"uv": [16, 15.5, 12.5, 16], "texture": "#0"},
				"south": {"uv": [6.5, 15.5, 9.5, 16], "texture": "#0"},
				"west": {"uv": [12.5, 15.5, 16, 16], "texture": "#0"},
				"up": {"uv": [0, 0, 12, 14], "texture": "#0"},
				"down": {"uv": [13, 12, 16, 15], "texture": "#0"}
			}
		},
		{
			"from": [3, 7, 3],
			"to": [13, 12, 13],
			"faces": {
				"north": {"uv": [11, 5.5, 13.5, 6.75], "texture": "#0"},
				"east": {"uv": [13.5, 6.75, 11, 8], "texture": "#0"},
				"south": {"uv": [8.5, 6.75, 11, 8], "texture": "#0"},
				"west": {"uv": [11, 6.75, 13.5, 8], "texture": "#0"},
				"up": {"uv": [13.5, 5.5, 16, 8], "texture": "#0"},
				"down": {"uv": [5.5, 6, 8, 11], "texture": "#0"}
			}
		},
		{
			"from": [6.5, 7.5, -2],
			"to": [9.5, 10.5, 3],
			"faces": {
				"north": {"uv": [11.5, 4.75, 12.25, 5.5], "texture": "#0"},
				"east": {"uv": [13.5, 4.75, 12.25, 5.5], "texture": "#0"},
				"south": {"uv": [0, 0, 6, 6], "texture": "#0"},
				"west": {"uv": [12.25, 4.75, 13.5, 5.5], "texture": "#0"},
				"up": {"uv": [12, 3.5, 12.75, 4.75], "texture": "#0"},
				"down": {"uv": [12.75, 3.5, 13.5, 4.75], "texture": "#0"}
			}
		},
		{
			"from": [0.9, 0, 9],
			"to": [0.9, 5, 22],
			"rotation": {"angle": 0, "axis": "y", "origin": [0, 2.5, 15.5]},
			"faces": {
				"north": {"uv": [0, 0, 0, 1.25], "texture": "#missing"},
				"east": {"uv": [8, 6.25, 4.75, 7.5], "texture": "#0"},
				"south": {"uv": [0, 0, 0, 1.25], "texture": "#missing"},
				"west": {"uv": [4.75, 6.25, 8, 7.5], "texture": "#0"},
				"up": {"uv": [0, 0, 0, 3.25], "texture": "#missing"},
				"down": {"uv": [0, 0, 0, 3.25], "texture": "#missing"}
			}
		},
		{
			"from": [15, 0, 9],
			"to": [15, 5, 22],
			"rotation": {"angle": 0, "axis": "y", "origin": [0, 2.5, 15.5]},
			"faces": {
				"north": {"uv": [0, 0, 0, 1.25], "texture": "#missing"},
				"east": {"uv": [8, 6.25, 4.75, 7.5], "texture": "#0"},
				"south": {"uv": [0, 0, 0, 1.25], "texture": "#missing"},
				"west": {"uv": [4.75, 6.25, 8, 7.5], "texture": "#0"},
				"up": {"uv": [0, 0, 0, 3.25], "texture": "#missing"},
				"down": {"uv": [0, 0, 0, 3.25], "texture": "#missing"}
			}
		}
	],
	"display": {
		"thirdperson_righthand": {
			"scale": [0, 0, 0]
		},
		"thirdperson_lefthand": {
			"scale": [0, 0, 0]
		},
		"firstperson_righthand": {
			"scale": [0, 0, 0]
		},
		"firstperson_lefthand": {
			"scale": [0, 0, 0]
		},
		"ground": {
			"scale": [0, 0, 0]
		},
		"gui": {
			"rotation": [31, 134, -22],
			"translation": [-1.75, 0.75, 0],
			"scale": [0.6, 0.6, 0.6]
		}
	},
	"groups": [
		{
			"name": "body",
			"origin": [0, 0, 0],
			"color": 0,
			"children": [0, 1]
		},
		{
			"name": "Head",
			"origin": [0, 0, 0],
			"color": 0,
			"children": [2, 3]
		}, 4, 5]
}