{
	"credit": "Made with Blockbench",
	"texture_size": [64, 64],
	"textures": {
		"2": "nwxp:stand/base/burning_memory",
		"3": "nwxp:stand/base/bm_hat",
		"particle": "nwxp:stand/base/bm_hat"
	},
	"elements": [
		{
			"name": "Head",
			"from": [11.37868, 15, 3.63604],
			"to": [19.37868, 23, 11.63604],
			"rotation": {"angle": -22.5, "axis": "z", "origin": [5.87868, 19.95, 1.63604]},
			"faces": {
				"north": {"uv": [2, 2, 4, 4], "texture": "#2"},
				"east": {"uv": [0, 2, 2, 4], "texture": "#2"},
				"south": {"uv": [6, 2, 8, 4], "texture": "#2"},
				"west": {"uv": [4, 2, 6, 4], "texture": "#2"},
				"up": {"uv": [4, 2, 2, 0], "texture": "#2"},
				"down": {"uv": [6, 0, 4, 2], "texture": "#2"}
			}
		},
		{
			"name": "Hat Layer",
			"from": [10.87868, 14.5, 3.13604],
			"to": [19.87868, 23.5, 12.13604],
			"rotation": {"angle": -22.5, "axis": "z", "origin": [5.87868, 19.95, 1.63604]},
			"faces": {
				"north": {"uv": [10, 2, 12, 4], "texture": "#2"},
				"east": {"uv": [8, 2, 10, 4], "texture": "#2"},
				"south": {"uv": [14, 2, 16, 4], "texture": "#2"},
				"west": {"uv": [12, 2, 14, 4], "texture": "#2"},
				"up": {"uv": [12, 2, 10, 0], "texture": "#2"},
				"down": {"uv": [14, 0, 12, 2], "texture": "#2"}
			}
		},
		{
			"name": "Body",
			"from": [4, 7, 6],
			"to": [12, 13, 10],
			"rotation": {"angle": -22.5, "axis": "z", "origin": [8, 0.54545, 8]},
			"faces": {
				"north": {"uv": [5, 5, 7, 6.5], "texture": "#2"},
				"east": {"uv": [4, 5, 5, 6.5], "texture": "#2"},
				"south": {"uv": [8, 5, 10, 6.5], "texture": "#2"},
				"west": {"uv": [7, 5, 8, 6.5], "texture": "#2"},
				"up": {"uv": [7, 5, 5, 4], "texture": "#2"},
				"down": {"uv": [9, 4, 7, 5], "texture": "#2"}
			}
		},
		{
			"name": "Body Layer",
			"from": [3.75, 6.75, 5.75],
			"to": [12.25, 13.25, 10.25],
			"rotation": {"angle": -22.5, "axis": "z", "origin": [8, 0.54545, 8]},
			"faces": {
				"north": {"uv": [5, 9, 7, 10.5], "texture": "#2"},
				"east": {"uv": [4, 9, 5, 10.5], "texture": "#2"},
				"south": {"uv": [8, 9, 10, 10.5], "texture": "#2"},
				"west": {"uv": [7, 9, 8, 10.5], "texture": "#2"},
				"up": {"uv": [7, 9, 5, 8], "texture": "#2"},
				"down": {"uv": [9, 8, 7, 9], "texture": "#2"}
			}
		},
		{
			"name": "Body",
			"from": [4, 1, 6],
			"to": [12, 7, 10],
			"rotation": {"angle": -22.5, "axis": "z", "origin": [8, 0.54545, 8]},
			"faces": {
				"north": {"uv": [5, 6.5, 7, 8], "texture": "#2"},
				"east": {"uv": [4, 6.5, 5, 8], "texture": "#2"},
				"south": {"uv": [8, 6.5, 10, 8], "texture": "#2"},
				"west": {"uv": [7, 6.5, 8, 8], "texture": "#2"},
				"up": {"uv": [7, 5, 5, 4], "texture": "#2"},
				"down": {"uv": [9, 4, 7, 5], "texture": "#2"}
			}
		},
		{
			"name": "Right Arm",
			"from": [13.3269, 5.9741, 2.73258],
			"to": [17.3269, 11.9741, 5.73258],
			"rotation": {"angle": -45, "axis": "z", "origin": [14.65901, 6.39199, 5.07357]},
			"faces": {
				"north": {"uv": [10, 5, 11, 6.5], "texture": "#2"},
				"east": {"uv": [12.75, 5, 13.5, 6.5], "texture": "#2"},
				"south": {"uv": [11.75, 5, 12.75, 6.5], "texture": "#2"},
				"west": {"uv": [11, 5, 11.75, 6.5], "texture": "#2"},
				"up": {"uv": [11.75, 5, 11, 4], "rotation": 270, "texture": "#2"},
				"down": {"uv": [9.5, 1, 8.75, 2], "rotation": 90, "texture": "#2"}
			}
		},
		{
			"name": "Right Arm Layer",
			"from": [13.0769, 5.7241, 2.48258],
			"to": [17.5769, 12.2241, 5.98258],
			"rotation": {"angle": -45, "axis": "z", "origin": [14.65901, 6.39199, 5.07357]},
			"faces": {
				"north": {"uv": [10, 9, 11, 10.5], "texture": "#2"},
				"east": {"uv": [12.75, 9, 13.5, 10.5], "texture": "#2"},
				"south": {"uv": [11.75, 9, 12.75, 10.5], "texture": "#2"},
				"west": {"uv": [11, 9, 11.75, 10.5], "texture": "#2"},
				"up": {"uv": [11.75, 9, 11, 8], "rotation": 270, "texture": "#2"},
				"down": {"uv": [0.75, 0, 0, 1], "rotation": 90, "texture": "#2"}
			}
		},
		{
			"name": "Right Arm",
			"from": [9.43934, 3.03844, 2.54324],
			"to": [15.43934, 7.03844, 5.54324],
			"rotation": {"angle": 22.5, "axis": "y", "origin": [14.65901, 6.39199, 5.07357]},
			"faces": {
				"north": {"uv": [10, 6.5, 11, 8], "rotation": 270, "texture": "#2"},
				"east": {"uv": [8.75, 1, 8, 0], "texture": "#2"},
				"south": {"uv": [11.75, 6.5, 12.75, 8], "rotation": 90, "texture": "#2"},
				"west": {"uv": [12.5, 4, 11.75, 5], "rotation": 180, "texture": "#2"},
				"up": {"uv": [11, 6.5, 11.75, 8], "rotation": 90, "texture": "#2"},
				"down": {"uv": [12.75, 6.5, 13.5, 8], "rotation": 90, "texture": "#2"}
			}
		},
		{
			"name": "Right Arm Layer",
			"from": [9.18934, 2.78844, 2.29324],
			"to": [15.68934, 7.28844, 5.79324],
			"rotation": {"angle": 22.5, "axis": "y", "origin": [14.65901, 6.39199, 5.07357]},
			"faces": {
				"north": {"uv": [10, 10.5, 11, 12], "rotation": 270, "texture": "#2"},
				"east": {"uv": [0.75, 1, 0, 0], "texture": "#2"},
				"south": {"uv": [11.75, 10.5, 12.75, 12], "rotation": 90, "texture": "#2"},
				"west": {"uv": [12.5, 8, 11.75, 9], "rotation": 180, "texture": "#2"},
				"up": {"uv": [11, 10.5, 11.75, 12], "rotation": 90, "texture": "#2"},
				"down": {"uv": [12.75, 10.5, 13.5, 12], "rotation": 90, "texture": "#2"}
			}
		},
		{
			"name": "Left Arm",
			"from": [5.84675, 8.73879, 7],
			"to": [8.84675, 14.73879, 11],
			"rotation": {"angle": -22.5, "axis": "z", "origin": [7.86368, 13.38262, 9]},
			"faces": {
				"north": {"uv": [9, 13, 9.75, 14.5], "texture": "#2"},
				"east": {"uv": [8, 13, 9, 14.5], "texture": "#2"},
				"south": {"uv": [10.75, 13, 11.5, 14.5], "texture": "#2"},
				"west": {"uv": [9.75, 13, 10.75, 14.5], "texture": "#2"},
				"up": {"uv": [9.75, 13, 9, 12], "texture": "#2"},
				"down": {"uv": [8.75, 1, 8, 2], "texture": "#2"}
			}
		},
		{
			"name": "Left Arm Layer",
			"from": [5.59675, 8.48879, 6.75],
			"to": [9.09675, 14.98879, 11.25],
			"rotation": {"angle": -22.5, "axis": "z", "origin": [7.86368, 13.38262, 9]},
			"faces": {
				"north": {"uv": [13, 13, 13.75, 14.5], "texture": "#2"},
				"east": {"uv": [12, 13, 13, 14.5], "texture": "#2"},
				"south": {"uv": [14.75, 13, 15.5, 14.5], "texture": "#2"},
				"west": {"uv": [13.75, 13, 14.75, 14.5], "texture": "#2"},
				"up": {"uv": [13.75, 13, 13, 12], "texture": "#2"},
				"down": {"uv": [0.75, 0, 0, 1], "texture": "#2"}
			}
		},
		{
			"name": "Left Arm",
			"from": [4.22316, 3.86413, 7],
			"to": [7.22316, 9.86413, 11],
			"rotation": {"angle": 0, "axis": "z", "origin": [7.86368, 13.38262, 9]},
			"faces": {
				"north": {"uv": [9, 14.5, 9.75, 16], "texture": "#2"},
				"east": {"uv": [8, 14.5, 9, 16], "texture": "#2"},
				"south": {"uv": [10.75, 14.5, 11.5, 16], "texture": "#2"},
				"west": {"uv": [9.75, 14.5, 10.75, 16], "texture": "#2"},
				"up": {"uv": [9.5, 1, 8.75, 0], "texture": "#2"},
				"down": {"uv": [10.5, 12, 9.75, 13], "texture": "#2"}
			}
		},
		{
			"name": "Left Arm Layer",
			"from": [3.97316, 3.61413, 6.75],
			"to": [7.47316, 10.11413, 11.25],
			"rotation": {"angle": 0, "axis": "z", "origin": [7.86368, 13.38262, 9]},
			"faces": {
				"north": {"uv": [13, 14.5, 13.75, 16], "texture": "#2"},
				"east": {"uv": [12, 14.5, 13, 16], "texture": "#2"},
				"south": {"uv": [14.75, 14.5, 15.5, 16], "texture": "#2"},
				"west": {"uv": [13.75, 14.5, 14.75, 16], "texture": "#2"},
				"up": {"uv": [0.75, 1, 0, 0], "texture": "#2"},
				"down": {"uv": [14.5, 12, 13.75, 13], "texture": "#2"}
			}
		},
		{
			"name": "Right Leg",
			"from": [7.9, -5, 6],
			"to": [11.9, 1, 10],
			"rotation": {"angle": -22.5, "axis": "x", "origin": [8, 0.54545, 8]},
			"faces": {
				"north": {"uv": [1, 5, 2, 6.5], "texture": "#2"},
				"east": {"uv": [0, 5, 1, 6.5], "texture": "#2"},
				"south": {"uv": [3, 5, 4, 6.5], "texture": "#2"},
				"west": {"uv": [2, 5, 3, 6.5], "texture": "#2"},
				"up": {"uv": [2, 5, 1, 4], "texture": "#2"},
				"down": {"uv": [3.75, 14, 2.75, 15], "texture": "#2"}
			}
		},
		{
			"name": "Right Leg Layer",
			"from": [7.65, -5.25, 5.75],
			"to": [12.15, 1.25, 10.25],
			"rotation": {"angle": -22.5, "axis": "x", "origin": [8, 0.54545, 8]},
			"faces": {
				"north": {"uv": [1, 9, 2, 10.5], "texture": "#2"},
				"east": {"uv": [0, 9, 1, 10.5], "texture": "#2"},
				"south": {"uv": [3, 9, 4, 10.5], "texture": "#2"},
				"west": {"uv": [2, 9, 3, 10.5], "texture": "#2"},
				"up": {"uv": [4, 9, 3, 8], "texture": "#2"},
				"down": {"uv": [1, 0, 0, 1], "texture": "#2"}
			}
		},
		{
			"name": "Right Leg",
			"from": [7.9, -11, 6],
			"to": [11.9, -5, 10],
			"rotation": {"angle": -22.5, "axis": "x", "origin": [8, 0.54545, 8]},
			"faces": {
				"north": {"uv": [1, 6.5, 2, 8], "texture": "#2"},
				"east": {"uv": [0, 6.5, 1, 8], "texture": "#2"},
				"south": {"uv": [3, 6.5, 4, 8], "texture": "#2"},
				"west": {"uv": [2, 6.5, 3, 8], "texture": "#2"},
				"up": {"uv": [1, 9, 0, 8], "texture": "#2"},
				"down": {"uv": [3, 4, 2, 5], "texture": "#2"}
			}
		},
		{
			"name": "Right Leg Layer",
			"from": [7.65, -11.25, 5.75],
			"to": [12.15, -4.75, 10.25],
			"rotation": {"angle": -22.5, "axis": "x", "origin": [8, 0.54545, 8]},
			"faces": {
				"north": {"uv": [1, 10.5, 2, 12], "texture": "#2"},
				"east": {"uv": [0, 10.5, 1, 12], "texture": "#2"},
				"south": {"uv": [3, 10.5, 4, 12], "texture": "#2"},
				"west": {"uv": [2, 10.5, 3, 12], "texture": "#2"},
				"up": {"uv": [1, 1, 0, 0], "texture": "#2"},
				"down": {"uv": [3, 8, 2, 9], "texture": "#2"}
			}
		},
		{
			"name": "Left Leg",
			"from": [4.1, -5, 6],
			"to": [8.1, 1, 10],
			"rotation": {"angle": -22.5, "axis": "y", "origin": [8, 0.54545, 8]},
			"faces": {
				"north": {"uv": [5, 13, 6, 14.5], "texture": "#2"},
				"east": {"uv": [4, 13, 5, 14.5], "texture": "#2"},
				"south": {"uv": [7, 13, 8, 14.5], "texture": "#2"},
				"west": {"uv": [6, 13, 7, 14.5], "texture": "#2"},
				"up": {"uv": [6, 13, 5, 12], "texture": "#2"},
				"down": {"uv": [3.75, 13, 2.75, 14], "texture": "#2"}
			}
		},
		{
			"name": "Left Leg Layer",
			"from": [3.85, -5.25, 5.75],
			"to": [8.35, 1.25, 10.25],
			"rotation": {"angle": -22.5, "axis": "y", "origin": [8, 0.54545, 8]},
			"faces": {
				"north": {"uv": [1, 13, 2, 14.5], "texture": "#2"},
				"east": {"uv": [0, 13, 1, 14.5], "texture": "#2"},
				"south": {"uv": [3, 13, 4, 14.5], "texture": "#2"},
				"west": {"uv": [2, 13, 3, 14.5], "texture": "#2"},
				"up": {"uv": [2, 13, 1, 12], "texture": "#2"},
				"down": {"uv": [1, 0, 0, 1], "texture": "#2"}
			}
		},
		{
			"name": "Left Leg",
			"from": [4.1, -11, 6],
			"to": [8.1, -5, 10],
			"rotation": {"angle": -22.5, "axis": "y", "origin": [8, 0.54545, 8]},
			"faces": {
				"north": {"uv": [5, 14.5, 6, 16], "texture": "#2"},
				"east": {"uv": [4, 14.5, 5, 16], "texture": "#2"},
				"south": {"uv": [7, 14.5, 8, 16], "texture": "#2"},
				"west": {"uv": [6, 14.5, 7, 16], "texture": "#2"},
				"up": {"uv": [2, 9, 1, 8], "texture": "#2"},
				"down": {"uv": [7, 12, 6, 13], "texture": "#2"}
			}
		},
		{
			"name": "Left Leg Layer",
			"from": [3.85, -11.25, 5.75],
			"to": [8.35, -4.75, 10.25],
			"rotation": {"angle": -22.5, "axis": "y", "origin": [8, 0.54545, 8]},
			"faces": {
				"north": {"uv": [1, 14.5, 2, 16], "texture": "#2"},
				"east": {"uv": [0, 14.5, 1, 16], "texture": "#2"},
				"south": {"uv": [3, 14.5, 4, 16], "texture": "#2"},
				"west": {"uv": [2, 14.5, 3, 16], "texture": "#2"},
				"up": {"uv": [1, 1, 0, 0], "texture": "#2"},
				"down": {"uv": [3, 12, 2, 13], "texture": "#2"}
			}
		},
		{
			"from": [9.37868, 23, 1.63604],
			"to": [21.37868, 23.5, 13.63604],
			"rotation": {"angle": -22.5, "axis": "z", "origin": [5.87868, 19.95, 1.63604]},
			"faces": {
				"north": {"uv": [5.5, 6, 8.5, 6.25], "texture": "#3"},
				"east": {"uv": [0, 6.5, 3, 6.75], "texture": "#3"},
				"south": {"uv": [3.25, 6.5, 6.25, 6.75], "texture": "#3"},
				"west": {"uv": [6.5, 6.5, 9.5, 6.75], "texture": "#3"},
				"up": {"uv": [3, 3, 0, 0], "texture": "#3"},
				"down": {"uv": [3, 3.25, 0, 6.25], "texture": "#3"}
			}
		},
		{
			"from": [11.37868, 23.5, 3.63604],
			"to": [19.37868, 26.5, 11.63604],
			"rotation": {"angle": -22.5, "axis": "z", "origin": [5.87868, 19.95, 1.63604]},
			"faces": {
				"north": {"uv": [3.25, 4.5, 5.25, 6.25], "texture": "#3"},
				"east": {"uv": [5.5, 0, 7.5, 1.75], "texture": "#3"},
				"south": {"uv": [5.5, 2, 7.5, 3.75], "texture": "#3"},
				"west": {"uv": [5.5, 4, 7.5, 5.75], "texture": "#3"},
				"up": {"uv": [5.25, 2, 3.25, 0], "texture": "#3"},
				"down": {"uv": [5.25, 2.25, 3.25, 4.25], "texture": "#3"}
			}
		},
		{
			"from": [11.12868, 26.5, 3.38604],
			"to": [19.62868, 30.5, 11.88604],
			"rotation": {"angle": -22.5, "axis": "z", "origin": [5.87868, 19.95, 1.63604]},
			"faces": {
				"north": {"uv": [10, 2, 12, 3.75], "texture": "#3"},
				"east": {"uv": [10, 4, 12, 5.75], "texture": "#3"},
				"south": {"uv": [7.75, 2.25, 9.75, 4], "texture": "#3"},
				"west": {"uv": [10, 0, 12, 1.75], "texture": "#3"},
				"up": {"uv": [9.75, 2, 7.75, 0], "texture": "#3"},
				"down": {"uv": [5.25, 2.25, 3.25, 4.25], "texture": "#3"}
			}
		}
	],
	"display": {
		"head": {
			"translation": [0, -14.5, 0],
			"scale": [1.6, 1.6, 1.6]
		}
	},
	"groups": [
		{
			"name": "group",
			"origin": [8, 8, 8],
			"color": 0,
			"children": [
				{
					"name": "Head",
					"origin": [0, 24, 0],
					"color": 0,
					"children": [0, 1]
				},
				{
					"name": "Body",
					"origin": [0, 24, 0],
					"color": 0,
					"children": [
						2,
						3,
						{
							"name": "Body",
							"origin": [0, 24, 0],
							"color": 0,
							"children": [4]
						}
					]
				},
				{
					"name": "RightArm",
					"origin": [5, 21.5, 0],
					"color": 0,
					"children": [5, 6, 7, 8]
				},
				{
					"name": "LeftArm",
					"origin": [-5, 21.5, 0],
					"color": 0,
					"children": [9, 10, 11, 12]
				},
				{
					"name": "RightLeg",
					"origin": [1.9, 12, 0],
					"color": 0,
					"children": [
						13,
						14,
						{
							"name": "RightLeg",
							"origin": [1.9, 12, 0],
							"color": 0,
							"children": [15, 16]
						}
					]
				},
				{
					"name": "LeftLeg",
					"origin": [-1.9, 12, 0],
					"color": 0,
					"children": [
						17,
						18,
						{
							"name": "LeftLeg",
							"origin": [-1.9, 12, 0],
							"color": 0,
							"children": [19, 20]
						}
					]
				},
				{
					"name": "Hat",
					"origin": [8, 8, 8],
					"color": 0,
					"children": [21, 22, 23]
				}
			]
		}
	]
}