{
	"credit": "Made with Blockbench",
	"texture_size": [64, 64],
	"textures": {
		"1": "nwxp:stand/base/feel_good",
		"2": "nwxp:stand/base/feel_good_portal",
		"particle": "nwxp:stand/base/feel_good"
	},
	"elements": [
		{
			"name": "Head",
			"from": [4, 11.6194, 4.08658],
			"to": [12, 19.6194, 12.08658],
			"rotation": {"angle": 0, "axis": "x", "origin": [8, 15.6194, 6.08658]},
			"faces": {
				"north": {"uv": [2, 2, 4, 4], "texture": "#1"},
				"east": {"uv": [0, 2, 2, 4], "texture": "#1"},
				"south": {"uv": [6, 2, 8, 4], "texture": "#1"},
				"west": {"uv": [4, 2, 6, 4], "texture": "#1"},
				"up": {"uv": [4, 2, 2, 0], "texture": "#1"},
				"down": {"uv": [6, 0, 4, 2], "texture": "#1"}
			}
		},
		{
			"name": "Hat Layer",
			"from": [3.5, 11.1194, 3.58658],
			"to": [12.5, 20.1194, 12.58658],
			"rotation": {"angle": 0, "axis": "x", "origin": [8, 15.6194, 6.08658]},
			"faces": {
				"north": {"uv": [10, 2, 12, 4], "texture": "#1"},
				"east": {"uv": [8, 2, 10, 4], "texture": "#1"},
				"south": {"uv": [14, 2, 16, 4], "texture": "#1"},
				"west": {"uv": [12, 2, 14, 4], "texture": "#1"},
				"up": {"uv": [12, 2, 10, 0], "texture": "#1"},
				"down": {"uv": [14, 0, 12, 2], "texture": "#1"}
			}
		},
		{
			"name": "Body",
			"from": [4, 6, 5.75],
			"to": [12, 12, 10.25],
			"rotation": {"angle": -22.5, "axis": "x", "origin": [8, 11, 8]},
			"faces": {
				"north": {"uv": [5, 5, 7, 6.5], "texture": "#1"},
				"east": {"uv": [4, 5, 5, 6.5], "texture": "#1"},
				"south": {"uv": [8, 5, 10, 6.5], "texture": "#1"},
				"west": {"uv": [7, 5, 8, 6.5], "texture": "#1"},
				"up": {"uv": [7, 5, 5, 4], "texture": "#1"},
				"down": {"uv": [9, 4, 7, 5], "texture": "#1"}
			}
		},
		{
			"name": "Body Layer",
			"from": [3.75, 5.75, 5.5],
			"to": [12.25, 12.25, 10.5],
			"rotation": {"angle": -22.5, "axis": "x", "origin": [8, 11, 8]},
			"faces": {
				"north": {"uv": [5, 9, 7, 10.5], "texture": "#1"},
				"east": {"uv": [4, 9, 5, 10.5], "texture": "#1"},
				"south": {"uv": [8, 9, 10, 10.5], "texture": "#1"},
				"west": {"uv": [7, 9, 8, 10.5], "texture": "#1"},
				"up": {"uv": [7, 9, 5, 8], "texture": "#1"},
				"down": {"uv": [2, 0, 0, 1], "texture": "#1"}
			}
		},
		{
			"name": "Body",
			"from": [4.5, 1.24164, 7.99215],
			"to": [12, 7.24164, 11.99215],
			"rotation": {"angle": 0, "axis": "x", "origin": [8.25, 12.24164, 9.99215]},
			"faces": {
				"north": {"uv": [5, 6.5, 7, 8], "texture": "#1"},
				"east": {"uv": [4, 6.5, 5, 8], "texture": "#1"},
				"south": {"uv": [8, 6.5, 10, 8], "texture": "#1"},
				"west": {"uv": [7, 6.5, 8, 8], "texture": "#1"},
				"up": {"uv": [7, 6.5, 5, 5.5], "texture": "#1"},
				"down": {"uv": [9, 5.5, 7, 6.5], "texture": "#1"}
			}
		},
		{
			"name": "Body Layer",
			"from": [4.25, 0.99164, 7.74215],
			"to": [12.25, 7.49164, 12.24215],
			"rotation": {"angle": 0, "axis": "x", "origin": [8.25, 12.24164, 9.99215]},
			"faces": {
				"north": {"uv": [5, 10.5, 7, 12], "texture": "#1"},
				"east": {"uv": [4, 10.5, 5, 12], "texture": "#1"},
				"south": {"uv": [8, 10.5, 10, 12], "texture": "#1"},
				"west": {"uv": [7, 10.5, 8, 12], "texture": "#1"},
				"up": {"uv": [2, 1, 0, 0], "texture": "#1"},
				"down": {"uv": [9, 9.5, 7, 10.5], "texture": "#1"}
			}
		},
		{
			"name": "Right Arm",
			"from": [12, 6, 6],
			"to": [16, 12, 10],
			"rotation": {"angle": 22.5, "axis": "x", "origin": [14, 10, 8]},
			"faces": {
				"north": {"uv": [11, 5, 12, 6.5], "texture": "#1"},
				"east": {"uv": [10, 5, 11, 6.5], "texture": "#1"},
				"south": {"uv": [13, 5, 14, 6.5], "texture": "#1"},
				"west": {"uv": [12, 5, 13, 6.5], "texture": "#1"},
				"up": {"uv": [12, 5, 11, 4], "texture": "#1"},
				"down": {"uv": [13, 4, 12, 5], "texture": "#1"}
			}
		},
		{
			"name": "Right Arm Layer",
			"from": [11.75, 5.75, 5.75],
			"to": [16.25, 12.25, 10.25],
			"rotation": {"angle": 22.5, "axis": "x", "origin": [14, 10, 8]},
			"faces": {
				"north": {"uv": [11, 9, 12, 10.5], "texture": "#1"},
				"east": {"uv": [10, 9, 11, 10.5], "texture": "#1"},
				"south": {"uv": [13, 9, 14, 10.5], "texture": "#1"},
				"west": {"uv": [12, 9, 13, 10.5], "texture": "#1"},
				"up": {"uv": [12, 9, 11, 8], "texture": "#1"},
				"down": {"uv": [1, 0, 0, 1], "texture": "#1"}
			}
		},
		{
			"name": "Right Arm",
			"from": [12, -0.21824, 7.73124],
			"to": [16, 5.78176, 11.73124],
			"rotation": {"angle": 45, "axis": "x", "origin": [14, 9.78176, 9.73124]},
			"faces": {
				"north": {"uv": [11, 6.5, 12, 8], "texture": "#1"},
				"east": {"uv": [10, 6.5, 11, 8], "texture": "#1"},
				"south": {"uv": [13, 6.5, 14, 8], "texture": "#1"},
				"west": {"uv": [12, 6.5, 13, 8], "texture": "#1"},
				"up": {"uv": [12, 6.5, 11, 5.5], "texture": "#1"},
				"down": {"uv": [13, 4, 12, 5], "texture": "#1"}
			}
		},
		{
			"name": "Right Arm Layer",
			"from": [11.75, -0.46824, 7.48124],
			"to": [16.25, 6.03176, 11.98124],
			"rotation": {"angle": 45, "axis": "x", "origin": [14, 9.78176, 9.73124]},
			"faces": {
				"north": {"uv": [11, 10.5, 12, 12], "texture": "#1"},
				"east": {"uv": [10, 10.5, 11, 12], "texture": "#1"},
				"south": {"uv": [13, 10.5, 14, 12], "texture": "#1"},
				"west": {"uv": [12, 10.5, 13, 12], "texture": "#1"},
				"up": {"uv": [1, 1, 0, 0], "texture": "#1"},
				"down": {"uv": [13, 8, 12, 9], "texture": "#1"}
			}
		},
		{
			"name": "Left Arm",
			"from": [0, 8, 4],
			"to": [4, 12, 10],
			"rotation": {"angle": 0, "axis": "y", "origin": [2, 10, 8]},
			"faces": {
				"north": {"uv": [11, 12, 10, 13], "rotation": 180, "texture": "#1"},
				"east": {"uv": [8, 13, 9, 14.5], "rotation": 270, "texture": "#1"},
				"south": {"uv": [10, 13, 9, 12], "texture": "#1"},
				"west": {"uv": [10, 13, 11, 14.5], "rotation": 90, "texture": "#1"},
				"up": {"uv": [9, 13, 10, 14.5], "rotation": 180, "texture": "#1"},
				"down": {"uv": [11, 13, 12, 14.5], "texture": "#1"}
			}
		},
		{
			"name": "Left Arm Layer",
			"from": [-0.25, 7.75, 3.75],
			"to": [4.25, 12.25, 10.25],
			"rotation": {"angle": 0, "axis": "y", "origin": [2, 10, 8]},
			"faces": {
				"north": {"uv": [1, 0, 0, 1], "rotation": 180, "texture": "#1"},
				"east": {"uv": [12, 13, 13, 14.5], "rotation": 270, "texture": "#1"},
				"south": {"uv": [14, 13, 13, 12], "texture": "#1"},
				"west": {"uv": [14, 13, 15, 14.5], "rotation": 90, "texture": "#1"},
				"up": {"uv": [13, 13, 14, 14.5], "rotation": 180, "texture": "#1"},
				"down": {"uv": [15, 13, 16, 14.5], "texture": "#1"}
			}
		},
		{
			"name": "Left Arm",
			"from": [-1.68297, 8, -1.53912],
			"to": [2.31703, 12, 4.46088],
			"rotation": {"angle": -22.5, "axis": "y", "origin": [0.31703, 10, 8.46088]},
			"faces": {
				"north": {"uv": [11, 12, 10, 13], "rotation": 180, "texture": "#1"},
				"east": {"uv": [8, 14.5, 9, 16], "rotation": 270, "texture": "#1"},
				"south": {"uv": [10, 14.5, 9, 13.5], "texture": "#1"},
				"west": {"uv": [10, 14.5, 11, 16], "rotation": 90, "texture": "#1"},
				"up": {"uv": [9, 14.5, 10, 16], "rotation": 180, "texture": "#1"},
				"down": {"uv": [11, 14.5, 12, 16], "texture": "#1"}
			}
		},
		{
			"name": "Left Arm Layer",
			"from": [-1.93297, 7.75, -1.78912],
			"to": [2.56703, 12.25, 4.71088],
			"rotation": {"angle": -22.5, "axis": "y", "origin": [0.31703, 10, 8.46088]},
			"faces": {
				"north": {"uv": [15, 12, 14, 13], "rotation": 180, "texture": "#1"},
				"east": {"uv": [12, 14.5, 13, 16], "rotation": 270, "texture": "#1"},
				"south": {"uv": [1, 1, 0, 0], "texture": "#1"},
				"west": {"uv": [14, 14.5, 15, 16], "rotation": 90, "texture": "#1"},
				"up": {"uv": [13, 14.5, 14, 16], "rotation": 180, "texture": "#1"},
				"down": {"uv": [15, 14.5, 16, 16], "texture": "#1"}
			}
		},
		{
			"from": [-3, 0.8, -3],
			"to": [20, 0.8, 23],
			"rotation": {"angle": 0, "axis": "y", "origin": [20, 8, 8]},
			"faces": {
				"north": {"uv": [5.5, 0, 0, 0], "rotation": 180, "texture": "#2"},
				"east": {"uv": [0, 0, 0, 5.5], "rotation": 90, "texture": "#2"},
				"south": {"uv": [5.5, 0, 0, 0], "texture": "#2"},
				"west": {"uv": [0, 0, 0, 5.5], "rotation": 270, "texture": "#2"},
				"up": {"uv": [0, 5.5, 5.5, 11], "texture": "#2"},
				"down": {"uv": [0, 5.5, 5.5, 11], "rotation": 180, "texture": "#2"}
			}
		}
	],
	"display": {
		"head": {
			"translation": [0, -12.75, 0],
			"scale": [1.6, 1.6, 1.6]
		}
	},
	"groups": [
		{
			"name": "group",
			"origin": [8, 8, 8],
			"color": 0,
			"children": [
				{
					"name": "Head",
					"origin": [0, 24, 0],
					"color": 0,
					"children": [0, 1]
				},
				{
					"name": "Body",
					"origin": [0, 24, 0],
					"color": 0,
					"children": [
						2,
						3,
						{
							"name": "Body",
							"origin": [0, 24, 0],
							"color": 0,
							"children": [4, 5]
						}
					]
				},
				{
					"name": "RightArm",
					"origin": [5, 22, 0],
					"color": 0,
					"children": [
						6,
						7,
						{
							"name": "RightArm",
							"origin": [5, 22, 0],
							"color": 0,
							"children": [8, 9]
						}
					]
				},
				{
					"name": "LeftArm",
					"origin": [-5, 22, 0],
					"color": 0,
					"children": [
						10,
						11,
						{
							"name": "LeftArm",
							"origin": [-5, 22, 0],
							"color": 0,
							"children": [12, 13]
						}
					]
				},
				{
					"name": "group",
					"origin": [8, 8, 8],
					"color": 0,
					"children": [14]
				}
			]
		}
	]
}