{
	"credit": "Made with Blockbench",
	"texture_size": [32, 32],
	"textures": {
		"1": "nwxp:stand/base/flame_and_inferno",
		"2": "nwxp:stand/base/fai_crown",
		"particle": "nwxp:stand/base/flame_and_inferno"
	},
	"elements": [
		{
			"name": "Head",
			"from": [4, 13, 4],
			"to": [12, 21, 12],
			"rotation": {"angle": 22.5, "axis": "y", "origin": [8, 13.54545, 8]},
			"faces": {
				"north": {"uv": [2, 2, 4, 4], "texture": "#1"},
				"east": {"uv": [0, 2, 2, 4], "texture": "#1"},
				"south": {"uv": [6, 2, 8, 4], "texture": "#1"},
				"west": {"uv": [4, 2, 6, 4], "texture": "#1"},
				"up": {"uv": [4, 2, 2, 0], "texture": "#1"},
				"down": {"uv": [6, 0, 4, 2], "texture": "#1"}
			}
		},
		{
			"name": "Hat Layer",
			"from": [3.5, 12.5, 3.5],
			"to": [12.5, 21.5, 12.5],
			"rotation": {"angle": 22.5, "axis": "y", "origin": [8, 13.54545, 8]},
			"faces": {
				"north": {"uv": [10, 2, 12, 4], "texture": "#1"},
				"east": {"uv": [8, 2, 10, 4], "texture": "#1"},
				"south": {"uv": [14, 2, 16, 4], "texture": "#1"},
				"west": {"uv": [12, 2, 14, 4], "texture": "#1"},
				"up": {"uv": [12, 2, 10, 0], "texture": "#1"},
				"down": {"uv": [14, 0, 12, 2], "texture": "#1"}
			}
		},
		{
			"name": "Body",
			"from": [4, 7, 6],
			"to": [12, 13, 10],
			"rotation": {"angle": 0, "axis": "y", "origin": [8, 13.54545, 8]},
			"faces": {
				"north": {"uv": [5, 5, 7, 6.5], "texture": "#1"},
				"east": {"uv": [4, 5, 5, 6.5], "texture": "#1"},
				"south": {"uv": [8, 5, 10, 6.5], "texture": "#1"},
				"west": {"uv": [7, 5, 8, 6.5], "texture": "#1"},
				"up": {"uv": [7, 5, 5, 4], "texture": "#1"},
				"down": {"uv": [9, 4, 7, 5], "texture": "#1"}
			}
		},
		{
			"name": "Body Layer",
			"from": [3.75, 6.75, 5.75],
			"to": [12.25, 13.25, 10.25],
			"rotation": {"angle": 0, "axis": "y", "origin": [8, 13.54545, 8]},
			"faces": {
				"north": {"uv": [5, 9, 7, 10.5], "texture": "#1"},
				"east": {"uv": [4, 9, 5, 10.5], "texture": "#1"},
				"south": {"uv": [8, 9, 10, 10.5], "texture": "#1"},
				"west": {"uv": [7, 9, 8, 10.5], "texture": "#1"},
				"up": {"uv": [7, 9, 5, 8], "texture": "#1"},
				"down": {"uv": [9, 8, 7, 9], "texture": "#1"}
			}
		},
		{
			"name": "Body",
			"from": [4, 1, 6],
			"to": [12, 7, 10],
			"rotation": {"angle": 0, "axis": "y", "origin": [8, 13.54545, 8]},
			"faces": {
				"north": {"uv": [5, 6.5, 7, 8], "texture": "#1"},
				"east": {"uv": [4, 6.5, 5, 8], "texture": "#1"},
				"south": {"uv": [8, 6.5, 10, 8], "texture": "#1"},
				"west": {"uv": [7, 6.5, 8, 8], "texture": "#1"},
				"up": {"uv": [7, 5, 5, 4], "texture": "#1"},
				"down": {"uv": [9, 4, 7, 5], "texture": "#1"}
			}
		},
		{
			"name": "Body Layer",
			"from": [3.75, 0.75, 5.75],
			"to": [12.25, 7.25, 10.25],
			"rotation": {"angle": 0, "axis": "y", "origin": [8, 13.54545, 8]},
			"faces": {
				"north": {"uv": [5, 10.5, 7, 12], "texture": "#1"},
				"east": {"uv": [4, 10.5, 5, 12], "texture": "#1"},
				"south": {"uv": [8, 10.5, 10, 12], "texture": "#1"},
				"west": {"uv": [7, 10.5, 8, 12], "texture": "#1"},
				"up": {"uv": [7, 9, 5, 8], "texture": "#1"},
				"down": {"uv": [9, 8, 7, 9], "texture": "#1"}
			}
		},
		{
			"name": "Right Arm",
			"from": [12, 7, 6],
			"to": [15, 13, 10],
			"rotation": {"angle": 22.5, "axis": "z", "origin": [13.5, 11.54545, 8]},
			"faces": {
				"north": {"uv": [11, 5, 11.75, 6.5], "texture": "#1"},
				"east": {"uv": [10, 5, 11, 6.5], "texture": "#1"},
				"south": {"uv": [12.75, 5, 13.5, 6.5], "texture": "#1"},
				"west": {"uv": [11.75, 5, 12.75, 6.5], "texture": "#1"},
				"up": {"uv": [11.75, 5, 11, 4], "texture": "#1"},
				"down": {"uv": [0.75, 0, 0, 1], "texture": "#1"}
			}
		},
		{
			"name": "Right Arm Layer",
			"from": [11.75, 6.75, 5.75],
			"to": [15.25, 13.25, 10.25],
			"rotation": {"angle": 22.5, "axis": "z", "origin": [13.5, 11.54545, 8]},
			"faces": {
				"north": {"uv": [11, 9, 11.75, 10.5], "texture": "#1"},
				"east": {"uv": [10, 9, 11, 10.5], "texture": "#1"},
				"south": {"uv": [12.75, 9, 13.5, 10.5], "texture": "#1"},
				"west": {"uv": [11.75, 9, 12.75, 10.5], "texture": "#1"},
				"up": {"uv": [11.75, 9, 11, 8], "texture": "#1"},
				"down": {"uv": [0.75, 0, 0, 1], "texture": "#1"}
			}
		},
		{
			"name": "Right Arm",
			"from": [13.85365, 6.77198, 6],
			"to": [19.85365, 9.77198, 10],
			"rotation": {"angle": 0, "axis": "x", "origin": [9.3082, 8.27198, 8]},
			"faces": {
				"north": {"uv": [12.75, 6.5, 13.5, 8], "rotation": 90, "texture": "#1"},
				"east": {"uv": [12.5, 4, 11.75, 5], "rotation": 90, "texture": "#1"},
				"south": {"uv": [11, 6.5, 11.75, 8], "rotation": 270, "texture": "#1"},
				"west": {"uv": [0.75, 1, 0, 0], "rotation": 90, "texture": "#1"},
				"up": {"uv": [11.75, 6.5, 12.75, 8], "rotation": 270, "texture": "#1"},
				"down": {"uv": [10, 6.5, 11, 8], "rotation": 270, "texture": "#1"}
			}
		},
		{
			"name": "Right Arm Layer",
			"from": [13.60365, 6.52198, 5.75],
			"to": [20.10365, 10.02198, 10.25],
			"rotation": {"angle": 0, "axis": "x", "origin": [9.3082, 8.27198, 8]},
			"faces": {
				"north": {"uv": [12.75, 10.5, 13.5, 12], "rotation": 90, "texture": "#1"},
				"east": {"uv": [12.5, 8, 11.75, 9], "rotation": 90, "texture": "#1"},
				"south": {"uv": [11, 10.5, 11.75, 12], "rotation": 270, "texture": "#1"},
				"west": {"uv": [0.75, 1, 0, 0], "rotation": 90, "texture": "#1"},
				"up": {"uv": [11.75, 10.5, 12.75, 12], "rotation": 270, "texture": "#1"},
				"down": {"uv": [10, 10.5, 11, 12], "rotation": 270, "texture": "#1"}
			}
		},
		{
			"name": "Left Arm",
			"from": [1.25, 7, 6],
			"to": [4.25, 13, 10],
			"rotation": {"angle": -22.5, "axis": "z", "origin": [2.75, 11.54545, 8]},
			"faces": {
				"north": {"uv": [9, 13, 9.75, 14.5], "texture": "#1"},
				"east": {"uv": [8, 13, 9, 14.5], "texture": "#1"},
				"south": {"uv": [10.75, 13, 11.5, 14.5], "texture": "#1"},
				"west": {"uv": [9.75, 13, 10.75, 14.5], "texture": "#1"},
				"up": {"uv": [9.75, 13, 9, 12], "texture": "#1"},
				"down": {"uv": [0.75, 0, 0, 1], "texture": "#1"}
			}
		},
		{
			"name": "Left Arm Layer",
			"from": [1, 6.75, 5.75],
			"to": [4.5, 13.25, 10.25],
			"rotation": {"angle": -22.5, "axis": "z", "origin": [2.75, 11.54545, 8]},
			"faces": {
				"north": {"uv": [13, 13, 13.75, 14.5], "texture": "#1"},
				"east": {"uv": [12, 13, 13, 14.5], "texture": "#1"},
				"south": {"uv": [14.75, 13, 15.5, 14.5], "texture": "#1"},
				"west": {"uv": [13.75, 13, 14.75, 14.5], "texture": "#1"},
				"up": {"uv": [13.75, 13, 13, 12], "texture": "#1"},
				"down": {"uv": [0.75, 0, 0, 1], "texture": "#1"}
			}
		},
		{
			"name": "Left Arm",
			"from": [-4.52368, 8.39726, 6],
			"to": [1.47632, 11.39726, 10],
			"rotation": {"angle": 22.5, "axis": "z", "origin": [6.02177, 9.89726, 8]},
			"faces": {
				"north": {"uv": [10.75, 14.5, 11.5, 16], "rotation": 270, "texture": "#1"},
				"east": {"uv": [0.75, 1, 0, 0], "rotation": 270, "texture": "#1"},
				"south": {"uv": [9, 14.5, 9.75, 16], "rotation": 90, "texture": "#1"},
				"west": {"uv": [10.5, 12, 9.75, 13], "rotation": 270, "texture": "#1"},
				"up": {"uv": [8, 14.5, 9, 16], "rotation": 90, "texture": "#1"},
				"down": {"uv": [9.75, 14.5, 10.75, 16], "rotation": 90, "texture": "#1"}
			}
		},
		{
			"name": "Left Arm Layer",
			"from": [-4.77368, 8.14726, 5.75],
			"to": [1.72632, 11.64726, 10.25],
			"rotation": {"angle": 22.5, "axis": "z", "origin": [6.02177, 9.89726, 8]},
			"faces": {
				"north": {"uv": [14.75, 14.5, 15.5, 16], "rotation": 270, "texture": "#1"},
				"east": {"uv": [0.75, 1, 0, 0], "rotation": 270, "texture": "#1"},
				"south": {"uv": [13, 14.5, 13.75, 16], "rotation": 90, "texture": "#1"},
				"west": {"uv": [14.5, 12, 13.75, 13], "rotation": 270, "texture": "#1"},
				"up": {"uv": [12, 14.5, 13, 16], "rotation": 90, "texture": "#1"},
				"down": {"uv": [13.75, 14.5, 14.75, 16], "rotation": 90, "texture": "#1"}
			}
		},
		{
			"name": "Right Leg",
			"from": [7.9, -5, 6],
			"to": [11.9, 1, 10],
			"rotation": {"angle": 22.5, "axis": "x", "origin": [8, 0.54545, 8]},
			"faces": {
				"north": {"uv": [1, 5, 2, 6.5], "texture": "#1"},
				"east": {"uv": [0, 5, 1, 6.5], "texture": "#1"},
				"south": {"uv": [3, 5, 4, 6.5], "texture": "#1"},
				"west": {"uv": [2, 5, 3, 6.5], "texture": "#1"},
				"up": {"uv": [2, 5, 1, 4], "texture": "#1"},
				"down": {"uv": [3, 4, 2, 5], "texture": "#1"}
			}
		},
		{
			"name": "Right Leg Layer",
			"from": [7.65, -5.25, 5.75],
			"to": [12.15, 1.25, 10.25],
			"rotation": {"angle": 22.5, "axis": "x", "origin": [8, 0.54545, 8]},
			"faces": {
				"north": {"uv": [1, 9, 2, 10.5], "texture": "#1"},
				"east": {"uv": [0, 9, 1, 10.5], "texture": "#1"},
				"south": {"uv": [3, 9, 4, 10.5], "texture": "#1"},
				"west": {"uv": [2, 9, 3, 10.5], "texture": "#1"},
				"up": {"uv": [2, 9, 1, 8], "texture": "#1"},
				"down": {"uv": [1, 0, 0, 1], "texture": "#1"}
			}
		},
		{
			"name": "Right Leg",
			"from": [7.9, -7.96156, 2.66456],
			"to": [11.9, -1.96156, 6.66456],
			"rotation": {"angle": -22.5, "axis": "x", "origin": [8, 0.54545, 8]},
			"faces": {
				"north": {"uv": [1, 6.5, 2, 8], "texture": "#1"},
				"east": {"uv": [0, 6.5, 1, 8], "texture": "#1"},
				"south": {"uv": [3, 6.5, 4, 8], "texture": "#1"},
				"west": {"uv": [2, 6.5, 3, 8], "texture": "#1"},
				"up": {"uv": [1, 1, 0, 0], "texture": "#1"},
				"down": {"uv": [3, 4, 2, 5], "texture": "#1"}
			}
		},
		{
			"name": "Right Leg Layer",
			"from": [7.65, -8.21156, 2.41456],
			"to": [12.15, -1.71156, 6.91456],
			"rotation": {"angle": -22.5, "axis": "x", "origin": [8, 0.54545, 8]},
			"faces": {
				"north": {"uv": [1, 10.5, 2, 12], "texture": "#1"},
				"east": {"uv": [0, 10.5, 1, 12], "texture": "#1"},
				"south": {"uv": [3, 10.5, 4, 12], "texture": "#1"},
				"west": {"uv": [2, 10.5, 3, 12], "texture": "#1"},
				"up": {"uv": [1, 1, 0, 0], "texture": "#1"},
				"down": {"uv": [3, 8, 2, 9], "texture": "#1"}
			}
		},
		{
			"name": "Left Leg",
			"from": [4.1, -5, 6],
			"to": [8.1, 1, 10],
			"rotation": {"angle": -22.5, "axis": "x", "origin": [8, 0.54545, 8]},
			"faces": {
				"north": {"uv": [5, 13, 6, 14.5], "texture": "#1"},
				"east": {"uv": [4, 13, 5, 14.5], "texture": "#1"},
				"south": {"uv": [7, 13, 8, 14.5], "texture": "#1"},
				"west": {"uv": [6, 13, 7, 14.5], "texture": "#1"},
				"up": {"uv": [6, 13, 5, 12], "texture": "#1"},
				"down": {"uv": [7, 12, 6, 13], "texture": "#1"}
			}
		},
		{
			"name": "Left Leg Layer",
			"from": [3.85, -5.25, 5.75],
			"to": [8.35, 1.25, 10.25],
			"rotation": {"angle": -22.5, "axis": "x", "origin": [8, 0.54545, 8]},
			"faces": {
				"north": {"uv": [1, 13, 2, 14.5], "texture": "#1"},
				"east": {"uv": [0, 13, 1, 14.5], "texture": "#1"},
				"south": {"uv": [3, 13, 4, 14.5], "texture": "#1"},
				"west": {"uv": [2, 13, 3, 14.5], "texture": "#1"},
				"up": {"uv": [2, 13, 1, 12], "texture": "#1"},
				"down": {"uv": [1, 0, 0, 1], "texture": "#1"}
			}
		},
		{
			"name": "Left Leg",
			"from": [4.1, -11, 6],
			"to": [8.1, -5, 10],
			"rotation": {"angle": -22.5, "axis": "x", "origin": [8, 0.54545, 8]},
			"faces": {
				"north": {"uv": [5, 14.5, 6, 16], "texture": "#1"},
				"east": {"uv": [4, 14.5, 5, 16], "texture": "#1"},
				"south": {"uv": [7, 14.5, 8, 16], "texture": "#1"},
				"west": {"uv": [6, 14.5, 7, 16], "texture": "#1"},
				"up": {"uv": [1, 1, 0, 0], "texture": "#1"},
				"down": {"uv": [7, 12, 6, 13], "texture": "#1"}
			}
		},
		{
			"name": "Left Leg Layer",
			"from": [3.85, -11.25, 5.75],
			"to": [8.35, -4.75, 10.25],
			"rotation": {"angle": -22.5, "axis": "x", "origin": [8, 0.54545, 8]},
			"faces": {
				"north": {"uv": [1, 14.5, 2, 16], "texture": "#1"},
				"east": {"uv": [0, 14.5, 1, 16], "texture": "#1"},
				"south": {"uv": [3, 14.5, 4, 16], "texture": "#1"},
				"west": {"uv": [2, 14.5, 3, 16], "texture": "#1"},
				"up": {"uv": [1, 1, 0, 0], "texture": "#1"},
				"down": {"uv": [3, 12, 2, 13], "texture": "#1"}
			}
		},
		{
			"from": [5, 23, 5],
			"to": [11, 28, 11],
			"rotation": {"angle": 22.5, "axis": "y", "origin": [8, 24.33333, 8]},
			"faces": {
				"north": {"uv": [7, 0, 10, 2.5], "texture": "#2"},
				"east": {"uv": [7, 3, 10, 5.5], "texture": "#2"},
				"south": {"uv": [3.5, 7, 6.5, 9.5], "texture": "#2"},
				"west": {"uv": [0, 7, 3, 9.5], "texture": "#2"},
				"up": {"uv": [3, 3, 0, 0], "rotation": 270, "texture": "#2"},
				"down": {"uv": [3, 3.5, 0, 6.5], "rotation": 90, "texture": "#2"}
			}
		},
		{
			"from": [4.8, 21.8, 4.8],
			"to": [11.2, 23.2, 11.2],
			"rotation": {"angle": 22.5, "axis": "y", "origin": [8, 24.33333, 8]},
			"faces": {
				"north": {"uv": [7, 7, 10, 7.5], "texture": "#2"},
				"east": {"uv": [7, 8, 10, 8.5], "texture": "#2"},
				"south": {"uv": [7, 9, 10, 9.5], "texture": "#2"},
				"west": {"uv": [7, 6, 10, 6.5], "texture": "#2"},
				"up": {"uv": [6.5, 3, 3.5, 0], "rotation": 270, "texture": "#2"},
				"down": {"uv": [6.5, 3.5, 3.5, 6.5], "rotation": 90, "texture": "#2"}
			}
		},
		{
			"from": [4.75, 24, 7.5],
			"to": [5.25, 25, 8.5],
			"rotation": {"angle": 22.5, "axis": "y", "origin": [8, 24.33333, 8]},
			"faces": {
				"north": {"uv": [10.5, 1.5, 11, 2.5], "texture": "#2"},
				"east": {"uv": [1.5, 10, 2.5, 11], "texture": "#2"},
				"south": {"uv": [10.5, 3, 11, 4], "texture": "#2"},
				"west": {"uv": [0, 10, 1, 11], "texture": "#2"},
				"up": {"uv": [11.5, 5, 10.5, 4.5], "rotation": 270, "texture": "#2"},
				"down": {"uv": [11.5, 5.5, 10.5, 6], "rotation": 90, "texture": "#2"}
			}
		},
		{
			"from": [7.5, 24, 10.75],
			"to": [8.5, 25, 11.25],
			"rotation": {"angle": 22.5, "axis": "y", "origin": [8, 24.33333, 8]},
			"faces": {
				"north": {"uv": [3, 10, 4, 11], "texture": "#2"},
				"east": {"uv": [10.5, 8, 11, 9], "texture": "#2"},
				"south": {"uv": [4.5, 10, 5.5, 11], "texture": "#2"},
				"west": {"uv": [10.5, 6.5, 11, 7.5], "texture": "#2"},
				"up": {"uv": [11, 10.5, 10.5, 9.5], "rotation": 270, "texture": "#2"},
				"down": {"uv": [11, 11, 10.5, 12], "rotation": 90, "texture": "#2"}
			}
		},
		{
			"from": [10.75, 24, 7.5],
			"to": [11.25, 25, 8.5],
			"rotation": {"angle": 22.5, "axis": "y", "origin": [8, 24.33333, 8]},
			"faces": {
				"north": {"uv": [0, 11.5, 0.5, 12.5], "texture": "#2"},
				"east": {"uv": [7.5, 10, 8.5, 11], "texture": "#2"},
				"south": {"uv": [1, 11.5, 1.5, 12.5], "texture": "#2"},
				"west": {"uv": [6, 10, 7, 11], "texture": "#2"},
				"up": {"uv": [12.5, 2, 11.5, 1.5], "rotation": 270, "texture": "#2"},
				"down": {"uv": [3, 11.5, 2, 12], "rotation": 90, "texture": "#2"}
			}
		},
		{
			"from": [7.5, 24, 4.75],
			"to": [8.5, 25, 5.25],
			"rotation": {"angle": 22.5, "axis": "y", "origin": [8, 24.33333, 8]},
			"faces": {
				"north": {"uv": [9, 10, 10, 11], "texture": "#2"},
				"east": {"uv": [3.5, 11.5, 4, 12.5], "texture": "#2"},
				"south": {"uv": [10.5, 0, 11.5, 1], "texture": "#2"},
				"west": {"uv": [11.5, 2.5, 12, 3.5], "texture": "#2"},
				"up": {"uv": [5, 12.5, 4.5, 11.5], "rotation": 270, "texture": "#2"},
				"down": {"uv": [6, 11.5, 5.5, 12.5], "rotation": 90, "texture": "#2"}
			}
		}
	],
	"display": {
		"head": {
			"translation": [0, -14.5, 0],
			"scale": [1.6, 1.6, 1.6]
		}
	},
	"groups": [
		{
			"name": "group",
			"origin": [8, 8, 8],
			"color": 0,
			"children": [
				{
					"name": "Head",
					"origin": [0, 24, 0],
					"color": 0,
					"children": [0, 1]
				},
				{
					"name": "Body",
					"origin": [0, 24, 0],
					"color": 0,
					"children": [
						2,
						3,
						{
							"name": "Body",
							"origin": [0, 24, 0],
							"color": 0,
							"children": [4, 5]
						}
					]
				},
				{
					"name": "RightArm",
					"origin": [5, 21.5, 0],
					"color": 0,
					"children": [6, 7, 8, 9]
				},
				{
					"name": "LeftArm",
					"origin": [-5, 21.5, 0],
					"color": 0,
					"children": [10, 11, 12, 13]
				},
				{
					"name": "RightLeg",
					"origin": [1.9, 12, 0],
					"color": 0,
					"children": [
						14,
						15,
						{
							"name": "RightLeg",
							"origin": [1.9, 12, 0],
							"color": 0,
							"children": [16, 17]
						}
					]
				},
				{
					"name": "LeftLeg",
					"origin": [-1.9, 12, 0],
					"color": 0,
					"children": [
						18,
						19,
						{
							"name": "LeftLeg",
							"origin": [-1.9, 12, 0],
							"color": 0,
							"children": [20, 21]
						}
					]
				},
				{
					"name": "group",
					"origin": [8, 8, 8],
					"color": 0,
					"children": [
						22,
						23,
						{
							"name": "group",
							"origin": [0, 0, 0],
							"color": 0,
							"children": [24, 25, 26, 27]
						}
					]
				}
			]
		}
	]
}