{
	"parent": "item/generated",
	"textures": {
		"layer0": "item/black_dye"
	},
	
	"overrides": [
		{"predicate": {"custom_model_data":1111111}, "model": "pickups/swiftness_pickup"},
		{"predicate": {"custom_model_data":2111111}, "model": "pickups/haste_pickup"},
		{"predicate": {"custom_model_data":3111111}, "model": "pickups/apsorption_pickup"},
		{"predicate": {"custom_model_data":4111111}, "model": "pickups/coin"},
		{"predicate": {"custom_model_data":5111111}, "model": "pickups/coin_mini"},
		{"predicate": {"custom_model_data":6111111}, "model": "pickups/coin_mega"},
		{"predicate": {"custom_model_data":7111111}, "model": "pickups/bounce_pickup"},
		{"predicate": {"custom_model_data":8111111}, "model": "pickups/medkit_pickup"},
		{"predicate": {"custom_model_data":9111111}, "model": "pickups/ctf_flag_red"},
		{"predicate": {"custom_model_data":9111112}, "model": "pickups/ctf_flag_blue"}
	]
}