{
	"credit": "Made with Blockbench",
	"textures": {
		"0": "block/crown",
		"particle": "block/crown"
	},
	"elements": [
		{
			"from": [3, 0, 3],
			"to": [13, 6, 13],
			"faces": {
				"north": {"uv": [6, 0, 16, 6], "texture": "#0"},
				"east": {"uv": [6, 0, 16, 6], "texture": "#0"},
				"south": {"uv": [6, 0, 16, 6], "texture": "#0"},
				"west": {"uv": [6, 0, 16, 6], "texture": "#0"},
				"up": {"uv": [0, 0, 6, 6], "texture": "#0"},
				"down": {"uv": [6, 6, 16, 16], "texture": "#0"}
			}
		},
		{
			"from": [3, 0, 12.9],
			"to": [13, 6, 12.9],
			"faces": {
				"north": {"uv": [6, 0, 16, 6], "texture": "#0"},
				"east": {"uv": [0, 0, 0, 6], "texture": "#missing"},
				"south": {"uv": [6, 0, 16, 6], "texture": "#0"},
				"west": {"uv": [0, 0, 0, 6], "texture": "#missing"},
				"up": {"uv": [0, 0, 10, 0], "texture": "#missing"},
				"down": {"uv": [0, 0, 10, 0], "texture": "#missing"}
			}
		},
		{
			"from": [3, 0, 3.1],
			"to": [13, 6, 3.1],
			"faces": {
				"north": {"uv": [6, 0, 16, 6], "texture": "#0"},
				"east": {"uv": [0, 0, 0, 6], "texture": "#missing"},
				"south": {"uv": [6, 0, 16, 6], "texture": "#0"},
				"west": {"uv": [0, 0, 0, 6], "texture": "#missing"},
				"up": {"uv": [0, 0, 10, 0], "texture": "#missing"},
				"down": {"uv": [0, 0, 10, 0], "texture": "#missing"}
			}
		},
		{
			"from": [3.1, 0, 3],
			"to": [3.1, 6, 13],
			"faces": {
				"north": {"uv": [0, 0, 0, 6], "texture": "#missing"},
				"east": {"uv": [6, 0, 16, 6], "texture": "#0"},
				"south": {"uv": [0, 0, 0, 6], "texture": "#missing"},
				"west": {"uv": [6, 0, 16, 6], "texture": "#0"},
				"up": {"uv": [0, 0, 0, 10], "texture": "#missing"},
				"down": {"uv": [0, 0, 0, 10], "texture": "#missing"}
			}
		},
		{
			"from": [12.9, 0, 3],
			"to": [12.9, 6, 13],
			"faces": {
				"north": {"uv": [0, 0, 0, 6], "texture": "#missing"},
				"east": {"uv": [6, 0, 16, 6], "texture": "#0"},
				"south": {"uv": [0, 0, 0, 6], "texture": "#missing"},
				"west": {"uv": [6, 0, 16, 6], "texture": "#0"},
				"up": {"uv": [0, 0, 0, 10], "texture": "#missing"},
				"down": {"uv": [0, 0, 0, 10], "texture": "#missing"}
			}
		}
	],
	"display": {
		"thirdperson_righthand": {
			"rotation": [82, 45, 0],
			"translation": [0, 1.25, 2.5],
			"scale": [0.5, 0.5, 0.5]
		},
		"gui": {
			"rotation": [22, 45, 0],
			"translation": [0, 4.25, 0]
		},
		"head": {
			"translation": [0, 13, 0],
			"scale": [1.5, 1.5, 1.5]
		}
	}
}