{
	"parent": "item/generated",
	"textures": {
		"layer0": "item/green_dye"
	},
	
	"overrides": [
		{"predicate": {"custom_model_data":1111111}, "model": "tanks/green_tank_head"},
		{"predicate": {"custom_model_data":2111111}, "model": "tanks/red_tank_head"},
		{"predicate": {"custom_model_data":3111111}, "model": "tanks/blue_tank_head"},
		{"predicate": {"custom_model_data":4111111}, "model": "tanks/yellow_tank_head"},
		{"predicate": {"custom_model_data":5111111}, "model": "tanks/white_tank_head"},
		{"predicate": {"custom_model_data":6111111}, "model": "tanks/pink_tank_head"},
		{"predicate": {"custom_model_data":7111111}, "model": "tanks/cyan_tank_head"},
		{"predicate": {"custom_model_data":8111111}, "model": "tanks/gray_tank_head"},
		{"predicate": {"custom_model_data":9111111}, "model": "tanks/ghost_tank_head"}
	]
}