{
	"parent": "item/generated",
	"textures": {
		"layer0": "item/yellow_dye"
	},
	
	"overrides": [
		{"predicate": {"custom_model_data":1111111}, "model": "tanks/green_tank_body"},
		{"predicate": {"custom_model_data":2111111}, "model": "tanks/red_tank_body"},
		{"predicate": {"custom_model_data":3111111}, "model": "tanks/blue_tank_body"},
		{"predicate": {"custom_model_data":4111111}, "model": "tanks/yellow_tank_body"},
		{"predicate": {"custom_model_data":5111111}, "model": "tanks/white_tank_body"},
		{"predicate": {"custom_model_data":6111111}, "model": "tanks/pink_tank_body"},
		{"predicate": {"custom_model_data":7111111}, "model": "tanks/cyan_tank_body"},
		{"predicate": {"custom_model_data":8111111}, "model": "tanks/gray_tank_body"},
		{"predicate": {"custom_model_data":9111111}, "model": "tanks/ghost_tank_body"},
		{"predicate": {"custom_model_data":9999996}, "model": "tanks/full_red_tank"},
		{"predicate": {"custom_model_data":9999997}, "model": "tanks/full_blue_tank"},
		{"predicate": {"custom_model_data":9999998}, "model": "tanks/full_ghost_tank"},
		{"predicate": {"custom_model_data":9999999}, "model": "tanks/full_green_tank"}
	]
}