{
	"credit": "Made with Blockbench",
	"texture_size": [128, 128],
	"textures": {
		"0": "nw:stand/skins/chilly_pepper",
		"particle": "nw:stand/skins/chilly_pepper"
	},
	"elements": [
		{
			"from": [5.25, 0.66624, 0.54122],
			"to": [10.75, 3.66624, 11.54122],
			"rotation": {"angle": 22.5, "axis": "x", "origin": [8, 2, 13]},
			"faces": {
				"north": {"uv": [5.9375, 3, 5.25, 2.625], "rotation": 180, "texture": "#0"},
				"east": {"uv": [0, 4.75, 0.375, 6.125], "rotation": 90, "texture": "#0"},
				"south": {"uv": [5.9375, 3.125, 5.25, 3.5], "texture": "#0"},
				"west": {"uv": [0.5, 4.75, 0.875, 6.125], "rotation": 270, "texture": "#0"},
				"up": {"uv": [4.375, 3.375, 5.0625, 4.75], "texture": "#0"},
				"down": {"uv": [4.375, 1.875, 5.0625, 3.25], "rotation": 180, "texture": "#0"}
			}
		},
		{
			"from": [6, 0.66624, 11.54122],
			"to": [10, 3.66624, 12.54122],
			"rotation": {"angle": 22.5, "axis": "x", "origin": [8, 2, 13]},
			"faces": {
				"north": {"uv": [4.625, 6, 4.125, 5.625], "rotation": 180, "texture": "#0"},
				"east": {"uv": [2.125, 6.625, 2.5, 6.75], "rotation": 90, "texture": "#0"},
				"south": {"uv": [5.25, 5.625, 4.75, 6], "texture": "#0"},
				"west": {"uv": [6.625, 3.375, 7, 3.5], "rotation": 270, "texture": "#0"},
				"up": {"uv": [6.25, 4.125, 6.75, 4.25], "texture": "#0"},
				"down": {"uv": [6.25, 3.875, 6.75, 4], "rotation": 180, "texture": "#0"}
			}
		},
		{
			"from": [7, 1.65221, 12.20744],
			"to": [9, 3.15221, 14.20744],
			"rotation": {"angle": 0, "axis": "y", "origin": [8, 3, 12]},
			"faces": {
				"north": {"uv": [3.875, 6.625, 4.125, 6.8125], "texture": "#0"},
				"east": {"uv": [4.25, 6.625, 4.5, 6.8125], "texture": "#0"},
				"south": {"uv": [4.625, 6.625, 4.875, 6.8125], "texture": "#0"},
				"west": {"uv": [5, 6.625, 5.25, 6.8125], "texture": "#0"},
				"up": {"uv": [6.625, 4.625, 6.375, 4.375], "texture": "#0"},
				"down": {"uv": [6.625, 4.75, 6.375, 5], "texture": "#0"}
			}
		},
		{
			"from": [7.631, -4.87113, 12.20744],
			"to": [7.631, 1.12887, 14.20744],
			"rotation": {"angle": -22.5, "axis": "z", "origin": [8.631, 2.97666, 12]},
			"faces": {
				"north": {"uv": [6, 7.125, 6, 7.875], "texture": "#0"},
				"east": {"uv": [2.875, 4.75, 3.125, 5.5], "texture": "#0"},
				"south": {"uv": [6.625, 7.125, 6.625, 7.875], "texture": "#0"},
				"west": {"uv": [5.625, 4.875, 5.875, 5.625], "texture": "#0"},
				"up": {"uv": [5.875, 4.75, 5.875, 4.5], "texture": "#0"},
				"down": {"uv": [6, 5.375, 6, 5.625], "texture": "#0"}
			}
		},
		{
			"from": [6.82757, -0.83202, 12.20744],
			"to": [6.82757, 1.16798, 14.20744],
			"rotation": {"angle": -45, "axis": "z", "origin": [8.131, 0.97666, 13]},
			"faces": {
				"north": {"uv": [7.125, 6.875, 7.125, 7.125], "texture": "#0"},
				"east": {"uv": [6.125, 6.375, 6.375, 6.625], "texture": "#0"},
				"south": {"uv": [7, 7.125, 7, 7.375], "texture": "#0"},
				"west": {"uv": [6.5, 0, 6.75, 0.25], "texture": "#0"},
				"up": {"uv": [0, 7.5, 0, 7.25], "texture": "#0"},
				"down": {"uv": [0.125, 7.25, 0.125, 7.5], "texture": "#0"}
			}
		},
		{
			"from": [6.82757, -4.83202, 11.20744],
			"to": [6.82757, -0.83202, 15.20744],
			"rotation": {"angle": -45, "axis": "z", "origin": [8.131, 0.97666, 13]},
			"faces": {
				"north": {"uv": [0.25, 7.25, 0.25, 7.75], "texture": "#0"},
				"east": {"uv": [5.25, 3.625, 5.75, 4.125], "texture": "#0"},
				"south": {"uv": [0.375, 7.25, 0.375, 7.75], "texture": "#0"},
				"west": {"uv": [5.25, 4.25, 5.75, 4.75], "texture": "#0"},
				"up": {"uv": [0.5, 7.75, 0.5, 7.25], "texture": "#0"},
				"down": {"uv": [0.625, 7.25, 0.625, 7.75], "texture": "#0"}
			}
		},
		{
			"from": [7, -4.83241, 14.37894],
			"to": [9, 1.16759, 14.37894],
			"rotation": {"angle": -22.5, "axis": "x", "origin": [7.79256, 0.97628, 13.07552]},
			"faces": {
				"north": {"uv": [5.875, 3.625, 6.125, 4.375], "texture": "#0"},
				"east": {"uv": [0.75, 7.25, 0.75, 8], "texture": "#0"},
				"south": {"uv": [6, 4.5, 6.25, 5.25], "texture": "#0"},
				"west": {"uv": [0.875, 7.25, 0.875, 8], "texture": "#0"},
				"up": {"uv": [6.375, 1.75, 6.125, 1.75], "texture": "#0"},
				"down": {"uv": [7, 3.25, 6.75, 3.25], "texture": "#0"}
			}
		},
		{
			"from": [7, -0.83241, 14.37894],
			"to": [9, 1.16759, 14.37894],
			"rotation": {"angle": -45, "axis": "x", "origin": [7.79256, 0.97628, 13.07552]},
			"faces": {
				"north": {"uv": [6.5, 0.375, 6.75, 0.625], "texture": "#0"},
				"east": {"uv": [1, 7.25, 1, 7.5], "texture": "#0"},
				"south": {"uv": [6.5, 0.75, 6.75, 1], "texture": "#0"},
				"west": {"uv": [1.125, 7.25, 1.125, 7.5], "texture": "#0"},
				"up": {"uv": [7.375, 3.75, 7.125, 3.75], "texture": "#0"},
				"down": {"uv": [1.5, 7.25, 1.25, 7.25], "texture": "#0"}
			}
		},
		{
			"from": [6, -4.83241, 14.37894],
			"to": [10, -0.83241, 14.37894],
			"rotation": {"angle": -45, "axis": "x", "origin": [7.79256, 0.97628, 13.07552]},
			"faces": {
				"north": {"uv": [5.5, 0, 6, 0.5], "texture": "#0"},
				"east": {"uv": [1.625, 7.25, 1.625, 7.75], "texture": "#0"},
				"south": {"uv": [5.5, 0.625, 6, 1.125], "texture": "#0"},
				"west": {"uv": [1.75, 7.25, 1.75, 7.75], "texture": "#0"},
				"up": {"uv": [3.125, 7.25, 2.625, 7.25], "texture": "#0"},
				"down": {"uv": [3.75, 7.25, 3.25, 7.25], "texture": "#0"}
			}
		},
		{
			"from": [9.17151, -4.83241, 12.20744],
			"to": [9.17151, 1.16759, 14.20744],
			"rotation": {"angle": 22.5, "axis": "z", "origin": [7.86808, 0.97628, 13.41487]},
			"faces": {
				"north": {"uv": [1.875, 7.25, 1.875, 8], "texture": "#0"},
				"east": {"uv": [6.125, 0, 6.375, 0.75], "texture": "#0"},
				"south": {"uv": [2, 7.25, 2, 8], "texture": "#0"},
				"west": {"uv": [6.125, 0.875, 6.375, 1.625], "texture": "#0"},
				"up": {"uv": [3.875, 7.5, 3.875, 7.25], "texture": "#0"},
				"down": {"uv": [4, 7.25, 4, 7.5], "texture": "#0"}
			}
		},
		{
			"from": [9.17151, -0.83241, 12.20744],
			"to": [9.17151, 1.16759, 14.20744],
			"rotation": {"angle": 45, "axis": "z", "origin": [7.86808, 0.97628, 13.41487]},
			"faces": {
				"north": {"uv": [4.125, 7.25, 4.125, 7.5], "texture": "#0"},
				"east": {"uv": [6.5, 1.125, 6.75, 1.375], "texture": "#0"},
				"south": {"uv": [4.25, 7.25, 4.25, 7.5], "texture": "#0"},
				"west": {"uv": [6.5, 1.5, 6.75, 1.75], "texture": "#0"},
				"up": {"uv": [4.375, 7.5, 4.375, 7.25], "texture": "#0"},
				"down": {"uv": [7.25, 4.375, 7.25, 4.625], "texture": "#0"}
			}
		},
		{
			"from": [9.17151, -4.83241, 11.20744],
			"to": [9.17151, -0.83241, 15.20744],
			"rotation": {"angle": 45, "axis": "z", "origin": [7.86808, 0.97628, 13.41487]},
			"faces": {
				"north": {"uv": [4.5, 7.25, 4.5, 7.75], "texture": "#0"},
				"east": {"uv": [1, 5.5, 1.5, 6], "texture": "#0"},
				"south": {"uv": [4.625, 7.25, 4.625, 7.75], "texture": "#0"},
				"west": {"uv": [5.5, 1.25, 6, 1.75], "texture": "#0"},
				"up": {"uv": [4.75, 7.75, 4.75, 7.25], "texture": "#0"},
				"down": {"uv": [4.875, 7.25, 4.875, 7.75], "texture": "#0"}
			}
		},
		{
			"from": [7, -4.83202, 12.03501],
			"to": [9, 1.16798, 12.03501],
			"rotation": {"angle": 22.5, "axis": "x", "origin": [8.20744, 0.97666, 13.33843]},
			"faces": {
				"north": {"uv": [1, 6.125, 1.25, 6.875], "texture": "#0"},
				"east": {"uv": [5, 7.25, 5, 8], "texture": "#0"},
				"south": {"uv": [1.375, 6.125, 1.625, 6.875], "texture": "#0"},
				"west": {"uv": [5.125, 7.25, 5.125, 8], "texture": "#0"},
				"up": {"uv": [7.5, 4.75, 7.25, 4.75], "texture": "#0"},
				"down": {"uv": [7.5, 4.875, 7.25, 4.875], "texture": "#0"}
			}
		},
		{
			"from": [7, -0.83202, 12.03501],
			"to": [9, 1.16798, 12.03501],
			"rotation": {"angle": 45, "axis": "x", "origin": [8.20744, 0.97666, 13.33843]},
			"faces": {
				"north": {"uv": [6.5, 1.875, 6.75, 2.125], "texture": "#0"},
				"east": {"uv": [6.125, 7.25, 6.125, 7.5], "texture": "#0"},
				"south": {"uv": [6.5, 5.125, 6.75, 5.375], "texture": "#0"},
				"west": {"uv": [6.25, 7.25, 6.25, 7.5], "texture": "#0"},
				"up": {"uv": [7.5, 5, 7.25, 5], "texture": "#0"},
				"down": {"uv": [7.5, 6.625, 7.25, 6.625], "texture": "#0"}
			}
		},
		{
			"from": [6, -4.83202, 12.03501],
			"to": [10, -0.83202, 12.03501],
			"rotation": {"angle": 45, "axis": "x", "origin": [8.20744, 0.97666, 13.33843]},
			"faces": {
				"north": {"uv": [1.625, 5.5, 2.125, 6], "texture": "#0"},
				"east": {"uv": [7.25, 6.75, 7.25, 7.25], "texture": "#0"},
				"south": {"uv": [2.25, 5.5, 2.75, 6], "texture": "#0"},
				"west": {"uv": [7.125, 7.25, 7.125, 7.75], "texture": "#0"},
				"up": {"uv": [7.875, 0, 7.375, 0], "texture": "#0"},
				"down": {"uv": [7.875, 0.125, 7.375, 0.125], "texture": "#0"}
			}
		},
		{
			"from": [6, 5.57, -2.57],
			"to": [10, 8.57, 1.43],
			"rotation": {"angle": 0, "axis": "y", "origin": [0, -6.75, -7]},
			"faces": {
				"north": {"uv": [5.875, 1.875, 6.375, 2.25], "texture": "#0"},
				"east": {"uv": [1.75, 6.125, 2.25, 6.5], "texture": "#0"},
				"south": {"uv": [6.125, 2.375, 6.625, 2.75], "texture": "#0"},
				"west": {"uv": [6.125, 2.875, 6.625, 3.25], "texture": "#0"},
				"up": {"uv": [3.375, 6.125, 2.875, 5.625], "texture": "#0"},
				"down": {"uv": [4, 5.625, 3.5, 6.125], "texture": "#0"}
			}
		},
		{
			"from": [6, 8.03995, 3.63031],
			"to": [10, 8.03995, 8.63031],
			"rotation": {"angle": -22.5, "axis": "x", "origin": [0, -7.28005, -0.79969]},
			"faces": {
				"north": {"uv": [7.375, 0.25, 7.875, 0.25], "texture": "#0"},
				"east": {"uv": [7.375, 0.375, 8, 0.375], "texture": "#0"},
				"south": {"uv": [7.375, 0.5, 7.875, 0.5], "texture": "#0"},
				"west": {"uv": [7.375, 0.625, 8, 0.625], "texture": "#0"},
				"up": {"uv": [1.5, 5.375, 1, 4.75], "texture": "#0"},
				"down": {"uv": [2.125, 4.75, 1.625, 5.375], "texture": "#0"}
			}
		},
		{
			"from": [6.51038, 4.57, -5.02649],
			"to": [10.51038, 9.57, -5.02649],
			"rotation": {"angle": -22.5, "axis": "y", "origin": [2.08038, -7.75, 4.97351]},
			"faces": {
				"north": {"uv": [2.25, 4.75, 2.75, 5.375], "texture": "#0"},
				"east": {"uv": [7.375, 0.75, 7.375, 1.375], "texture": "#0"},
				"south": {"uv": [4.375, 4.875, 4.875, 5.5], "texture": "#0"},
				"west": {"uv": [1.25, 7.375, 1.25, 8], "texture": "#0"},
				"up": {"uv": [7.875, 1.5, 7.375, 1.5], "texture": "#0"},
				"down": {"uv": [7.875, 1.625, 7.375, 1.625], "texture": "#0"}
			}
		},
		{
			"from": [6.46853, 4.57, -0.10518],
			"to": [10.46853, 9.57, -0.10518],
			"rotation": {"angle": 22.5, "axis": "y", "origin": [2.03853, -8.75, 9.89482]},
			"faces": {
				"north": {"uv": [5, 4.875, 5.5, 5.5], "texture": "#0"},
				"east": {"uv": [1.375, 7.375, 1.375, 8], "texture": "#0"},
				"south": {"uv": [5.25, 1.875, 5.75, 2.5], "texture": "#0"},
				"west": {"uv": [1.5, 7.375, 1.5, 8], "texture": "#0"},
				"up": {"uv": [7.875, 1.75, 7.375, 1.75], "texture": "#0"},
				"down": {"uv": [7.875, 1.875, 7.375, 1.875], "texture": "#0"}
			}
		},
		{
			"from": [7, 5.57, -3.57],
			"to": [9, 6.07, -2.57],
			"rotation": {"angle": 0, "axis": "y", "origin": [0, -6.75, -7]},
			"faces": {
				"north": {"uv": [7, 3, 7.25, 3.0625], "texture": "#0"},
				"east": {"uv": [7.125, 5.875, 7.25, 5.9375], "texture": "#0"},
				"south": {"uv": [3.375, 7, 3.625, 7.0625], "texture": "#0"},
				"west": {"uv": [7.125, 6.125, 7.25, 6.1875], "texture": "#0"},
				"up": {"uv": [7, 7, 6.75, 6.875], "texture": "#0"},
				"down": {"uv": [1.25, 7, 1, 7.125], "texture": "#0"}
			}
		},
		{
			"from": [7, 6.07, -3.57],
			"to": [9, 6.57, -2.57],
			"rotation": {"angle": 0, "axis": "y", "origin": [0, -6.75, -7]},
			"faces": {
				"north": {"uv": [3.75, 7, 4, 7.0625], "texture": "#0"},
				"east": {"uv": [6.375, 7.125, 6.5, 7.1875], "texture": "#0"},
				"south": {"uv": [4.125, 7, 4.375, 7.0625], "texture": "#0"},
				"west": {"uv": [7.125, 6.375, 7.25, 6.4375], "texture": "#0"},
				"up": {"uv": [1.625, 7.125, 1.375, 7], "texture": "#0"},
				"down": {"uv": [2, 7, 1.75, 7.125], "texture": "#0"}
			}
		},
		{
			"from": [7.25, 6.07, -6.57],
			"to": [8.75, 6.57, -3.57],
			"rotation": {"angle": 0, "axis": "y", "origin": [0, -6.75, -7]},
			"faces": {
				"north": {"uv": [5.25, 7.125, 5.4375, 7.1875], "texture": "#0"},
				"east": {"uv": [7, 2.25, 7.375, 2.3125], "texture": "#0"},
				"south": {"uv": [7.125, 5.375, 7.3125, 5.4375], "texture": "#0"},
				"west": {"uv": [7, 2.5, 7.375, 2.5625], "texture": "#0"},
				"up": {"uv": [2.9375, 6.625, 2.75, 6.25], "texture": "#0"},
				"down": {"uv": [3.3125, 6.25, 3.125, 6.625], "texture": "#0"}
			}
		},
		{
			"from": [7.25, 5.57, -6.57],
			"to": [8.75, 6.07, -3.57],
			"rotation": {"angle": 0, "axis": "y", "origin": [0, -6.75, -7]},
			"faces": {
				"north": {"uv": [5.625, 7.125, 5.8125, 7.1875], "texture": "#0"},
				"east": {"uv": [7, 2.75, 7.375, 2.8125], "texture": "#0"},
				"south": {"uv": [7.125, 5.625, 7.3125, 5.6875], "texture": "#0"},
				"west": {"uv": [2.875, 7, 3.25, 7.0625], "texture": "#0"},
				"up": {"uv": [6.4375, 3.75, 6.25, 3.375], "texture": "#0"},
				"down": {"uv": [3.6875, 6.25, 3.5, 6.625], "texture": "#0"}
			}
		},
		{
			"from": [9.6, -1.52955, 6.73999],
			"to": [10.4, -0.72955, 9.53999],
			"rotation": {"angle": 0, "axis": "y", "origin": [10, -1.37219, 9.04684]},
			"faces": {
				"north": {"uv": [5.875, 2.375, 6, 2.5], "texture": "#0"},
				"east": {"uv": [6.625, 3.625, 7, 3.75], "texture": "#0"},
				"south": {"uv": [3.875, 6.25, 4, 6.375], "texture": "#0"},
				"west": {"uv": [5.375, 6.625, 5.75, 6.75], "texture": "#0"},
				"up": {"uv": [0.875, 6.625, 0.75, 6.25], "texture": "#0"},
				"down": {"uv": [6, 6.625, 5.875, 7], "texture": "#0"}
			}
		},
		{
			"from": [9.13414, -1.52955, 7.10158],
			"to": [9.93414, -0.72955, 9.40158],
			"rotation": {"angle": 45, "axis": "y", "origin": [9.53414, -1.37219, 8.90844]},
			"faces": {
				"north": {"uv": [7, 4.375, 7.125, 4.5], "texture": "#0"},
				"east": {"uv": [6.75, 4.875, 7.0625, 5], "texture": "#0"},
				"south": {"uv": [4.5, 7, 4.625, 7.125], "texture": "#0"},
				"west": {"uv": [6.75, 6.625, 7.0625, 6.75], "texture": "#0"},
				"up": {"uv": [7, 0.3125, 6.875, 0], "texture": "#0"},
				"down": {"uv": [7, 0.5, 6.875, 0.8125], "texture": "#0"}
			}
		},
		{
			"from": [10.06586, -1.52955, 7.10158],
			"to": [10.86586, -0.72955, 9.40158],
			"rotation": {"angle": -45, "axis": "y", "origin": [10.46586, -1.37219, 8.90844]},
			"faces": {
				"north": {"uv": [7, 4.625, 7.125, 4.75], "texture": "#0"},
				"east": {"uv": [6.875, 1, 7.1875, 1.125], "texture": "#0"},
				"south": {"uv": [4.75, 7, 4.875, 7.125], "texture": "#0"},
				"west": {"uv": [6.875, 1.25, 7.1875, 1.375], "texture": "#0"},
				"up": {"uv": [7, 1.8125, 6.875, 1.5], "texture": "#0"},
				"down": {"uv": [2.25, 6.875, 2.125, 7.1875], "texture": "#0"}
			}
		},
		{
			"from": [9.5, -1.81458, 9.76131],
			"to": [10.5, 1.18542, 10.76131],
			"rotation": {"angle": 22.5, "axis": "x", "origin": [6, 1.62781, 11.04684]},
			"faces": {
				"north": {"uv": [6.5, 6.625, 6.625, 7], "texture": "#0"},
				"east": {"uv": [0, 6.75, 0.125, 7.125], "texture": "#0"},
				"south": {"uv": [0.25, 6.75, 0.375, 7.125], "texture": "#0"},
				"west": {"uv": [0.5, 6.75, 0.625, 7.125], "texture": "#0"},
				"up": {"uv": [5.125, 7.125, 5, 7], "texture": "#0"},
				"down": {"uv": [7.25, 0, 7.125, 0.125], "texture": "#0"}
			}
		},
		{
			"from": [9, 4.12781, 7.04684],
			"to": [11, 7.12781, 9.04684],
			"rotation": {"angle": 22.5, "axis": "x", "origin": [0, -2.37219, 2.04684]},
			"faces": {
				"north": {"uv": [2.375, 6.125, 2.625, 6.5], "texture": "#0"},
				"east": {"uv": [4.125, 6.125, 4.375, 6.5], "texture": "#0"},
				"south": {"uv": [4.5, 6.125, 4.75, 6.5], "texture": "#0"},
				"west": {"uv": [4.875, 6.125, 5.125, 6.5], "texture": "#0"},
				"up": {"uv": [6.75, 5.75, 6.5, 5.5], "texture": "#0"},
				"down": {"uv": [6.75, 5.875, 6.5, 6.125], "texture": "#0"}
			}
		},
		{
			"from": [5, 4.12781, 7.04684],
			"to": [7, 7.12781, 9.04684],
			"rotation": {"angle": 22.5, "axis": "x", "origin": [0, -2.37219, 2.04684]},
			"faces": {
				"north": {"uv": [6.125, 5.375, 6.375, 5.75], "texture": "#0"},
				"east": {"uv": [6.125, 5.875, 6.375, 6.25], "texture": "#0"},
				"south": {"uv": [0, 6.25, 0.25, 6.625], "texture": "#0"},
				"west": {"uv": [0.375, 6.25, 0.625, 6.625], "texture": "#0"},
				"up": {"uv": [6.75, 6.5, 6.5, 6.25], "texture": "#0"},
				"down": {"uv": [2, 6.625, 1.75, 6.875], "texture": "#0"}
			}
		},
		{
			"from": [5.5, -1.81458, 9.76131],
			"to": [6.5, 1.18542, 10.76131],
			"rotation": {"angle": 22.5, "axis": "x", "origin": [6, 1.62781, 11.04684]},
			"faces": {
				"north": {"uv": [0.75, 6.75, 0.875, 7.125], "texture": "#0"},
				"east": {"uv": [6.75, 2.25, 6.875, 2.625], "texture": "#0"},
				"south": {"uv": [2.625, 6.75, 2.75, 7.125], "texture": "#0"},
				"west": {"uv": [6.75, 2.75, 6.875, 3.125], "texture": "#0"},
				"up": {"uv": [7.25, 0.375, 7.125, 0.25], "texture": "#0"},
				"down": {"uv": [7.25, 0.5, 7.125, 0.625], "texture": "#0"}
			}
		},
		{
			"from": [5.6, -1.52955, 6.73999],
			"to": [6.4, -0.72955, 9.53999],
			"rotation": {"angle": 0, "axis": "y", "origin": [10, -1.37219, 9.04684]},
			"faces": {
				"north": {"uv": [7.125, 0.75, 7.25, 0.875], "texture": "#0"},
				"east": {"uv": [2.875, 6.75, 3.25, 6.875], "texture": "#0"},
				"south": {"uv": [7.125, 1.5, 7.25, 1.625], "texture": "#0"},
				"west": {"uv": [3.375, 6.75, 3.75, 6.875], "texture": "#0"},
				"up": {"uv": [6.875, 4.75, 6.75, 4.375], "texture": "#0"},
				"down": {"uv": [6.25, 6.75, 6.125, 7.125], "texture": "#0"}
			}
		},
		{
			"from": [6.37678, -1.52955, 4.10158],
			"to": [7.17678, -0.72955, 6.40158],
			"rotation": {"angle": 45, "axis": "y", "origin": [9.77678, -1.37219, 8.90844]},
			"faces": {
				"north": {"uv": [7.125, 1.75, 7.25, 1.875], "texture": "#0"},
				"east": {"uv": [6.875, 2, 7.1875, 2.125], "texture": "#0"},
				"south": {"uv": [7.125, 3.25, 7.25, 3.375], "texture": "#0"},
				"west": {"uv": [6.875, 3.875, 7.1875, 4], "texture": "#0"},
				"up": {"uv": [2.5, 7.1875, 2.375, 6.875], "texture": "#0"},
				"down": {"uv": [7, 5.125, 6.875, 5.4375], "texture": "#0"}
			}
		},
		{
			"from": [6.06586, -1.52955, 7.10158],
			"to": [6.86586, -0.72955, 9.40158],
			"rotation": {"angle": -45, "axis": "y", "origin": [6.46586, -1.37219, 8.90844]},
			"faces": {
				"north": {"uv": [7.125, 3.5, 7.25, 3.625], "texture": "#0"},
				"east": {"uv": [6.875, 4.125, 7.1875, 4.25], "texture": "#0"},
				"south": {"uv": [7.125, 5.125, 7.25, 5.25], "texture": "#0"},
				"west": {"uv": [5.375, 6.875, 5.6875, 7], "texture": "#0"},
				"up": {"uv": [7, 5.9375, 6.875, 5.625], "texture": "#0"},
				"down": {"uv": [7, 6.125, 6.875, 6.4375], "texture": "#0"}
			}
		},
		{
			"from": [-2.75, 3.68051, 1.4495],
			"to": [5.25, 3.68051, 15.4495],
			"rotation": {"angle": 22.5, "axis": "x", "origin": [8.25, 7.68051, 12.4495]},
			"faces": {
				"north": {"uv": [8.375, 2, 7.375, 2], "rotation": 180, "texture": "#0"},
				"east": {"uv": [2.125, 7.375, 2.125, 9.125], "rotation": 90, "texture": "#0"},
				"south": {"uv": [8.375, 2.125, 7.375, 2.125], "texture": "#0"},
				"west": {"uv": [2.25, 7.375, 2.25, 9.125], "rotation": 270, "texture": "#0"},
				"up": {"uv": [3.25, 1.875, 4.25, 3.625], "texture": "#0"},
				"down": {"uv": [3.25, 0, 4.25, 1.75], "rotation": 180, "texture": "#0"}
			}
		},
		{
			"from": [9.75, 4.93051, -0.5505],
			"to": [17.75, 4.93051, 13.4495],
			"rotation": {"angle": 22.5, "axis": "y", "origin": [11.25, 7.68051, 7.4495]},
			"faces": {
				"north": {"uv": [3.625, 7.375, 2.625, 7.375], "rotation": 180, "texture": "#0"},
				"east": {"uv": [2.375, 7.375, 2.375, 9.125], "rotation": 90, "texture": "#0"},
				"south": {"uv": [8.375, 3, 7.375, 3], "texture": "#0"},
				"west": {"uv": [2.5, 7.375, 2.5, 9.125], "rotation": 270, "texture": "#0"},
				"up": {"uv": [4.375, 0, 5.375, 1.75], "texture": "#0"},
				"down": {"uv": [3.25, 3.75, 4.25, 5.5], "rotation": 180, "texture": "#0"}
			}
		},
		{
			"from": [-14.75, 3.68051, -0.5505],
			"to": [-2.75, 3.68051, 17.4495],
			"rotation": {"angle": 22.5, "axis": "x", "origin": [8.25, 7.68051, 12.4495]},
			"faces": {
				"north": {"uv": [8.875, 3.125, 7.375, 3.125], "rotation": 180, "texture": "#0"},
				"east": {"uv": [3.75, 7.375, 3.75, 9.625], "rotation": 90, "texture": "#0"},
				"south": {"uv": [8.875, 3.25, 7.375, 3.25], "texture": "#0"},
				"west": {"uv": [5.25, 7.375, 5.25, 9.625], "rotation": 270, "texture": "#0"},
				"up": {"uv": [1.625, 0, 3.125, 2.25], "texture": "#0"},
				"down": {"uv": [0, 0, 1.5, 2.25], "rotation": 180, "texture": "#0"}
			}
		},
		{
			"from": [17.75, 4.93051, -2.5505],
			"to": [29.75, 4.93051, 15.4495],
			"rotation": {"angle": 22.5, "axis": "y", "origin": [11.25, 7.68051, 7.4495]},
			"faces": {
				"north": {"uv": [8.875, 3.375, 7.375, 3.375], "rotation": 180, "texture": "#0"},
				"east": {"uv": [5.375, 7.375, 5.375, 9.625], "rotation": 90, "texture": "#0"},
				"south": {"uv": [8.875, 3.5, 7.375, 3.5], "texture": "#0"},
				"west": {"uv": [5.5, 7.375, 5.5, 9.625], "rotation": 270, "texture": "#0"},
				"up": {"uv": [1.625, 2.375, 3.125, 4.625], "texture": "#0"},
				"down": {"uv": [0, 2.375, 1.5, 4.625], "rotation": 180, "texture": "#0"}
			}
		}
	],
	"display": {
		"head": {
			"translation": [0, -6.75, 0],
			"scale": [1.6, 1.6, 1.6]
		}
	},
	"groups": [
		{
			"name": "Zapdos",
			"origin": [8, 8, 8],
			"color": 0,
			"children": [
				{
					"name": "Body",
					"origin": [8, 8, 8],
					"color": 0,
					"children": [0, 1, 2, 3, 4, 5, 6, 7, 8, 9, 10, 11, 12, 13, 14]
				},
				{
					"name": "Head",
					"origin": [8, 8, 8],
					"color": 0,
					"children": [15, 16, 17, 18, 19, 20, 21, 22]
				},
				{
					"name": "Legs",
					"origin": [8, 8, 8],
					"color": 0,
					"children": [
						23,
						24,
						25,
						26,
						27,
						{
							"name": "group",
							"origin": [8, 8, 8],
							"color": 0,
							"children": [28, 29, 30, 31, 32]
						}
					]
				},
				{
					"name": "wings",
					"origin": [8, 8, 8],
					"color": 0,
					"children": [33, 34, 35, 36]
				}
			]
		}
	]
}