{
	"credit": "Made with Blockbench",
	"texture_size": [64, 64],
	"textures": {
		"0": "nw:stand/skins/charmy_green"
	},
	"elements": [
		{
			"name": "Head",
			"from": [7, 23, -14],
			"to": [15, 31, -6],
			"rotation": {"angle": -22.5, "axis": "y", "origin": [10, 12, -10]},
			"faces": {
				"north": {"uv": [8, 2, 6, 4], "texture": "#0"},
				"east": {"uv": [2, 2, 0, 4], "texture": "#0"},
				"south": {"uv": [4, 2, 2, 4], "texture": "#0"},
				"west": {"uv": [6, 2, 4, 4], "texture": "#0"},
				"up": {"uv": [4, 0, 2, 2], "texture": "#0"},
				"down": {"uv": [6, 2, 4, 0], "texture": "#0"}
			}
		},
		{
			"name": "Hat Layer",
			"from": [6.5, 22.5, -14.5],
			"to": [15.5, 31.5, -5.5],
			"rotation": {"angle": -22.5, "axis": "y", "origin": [10, 12, -10]},
			"faces": {
				"north": {"uv": [16, 2, 14, 4], "texture": "#0"},
				"east": {"uv": [10, 2, 8, 4], "texture": "#0"},
				"south": {"uv": [12, 2, 10, 4], "texture": "#0"},
				"west": {"uv": [14, 2, 12, 4], "texture": "#0"},
				"up": {"uv": [12, 0, 10, 2], "texture": "#0"},
				"down": {"uv": [14, 2, 12, 0], "texture": "#0"}
			}
		},
		{
			"name": "Body",
			"from": [7, 11, -12],
			"to": [15, 23, -8],
			"rotation": {"angle": -22.5, "axis": "y", "origin": [10, 12, -10]},
			"faces": {
				"north": {"uv": [10, 5, 8, 8], "texture": "#0"},
				"east": {"uv": [5, 5, 4, 8], "texture": "#0"},
				"south": {"uv": [7, 5, 5, 8], "texture": "#0"},
				"west": {"uv": [8, 5, 7, 8], "texture": "#0"},
				"up": {"uv": [7, 4, 5, 5], "texture": "#0"},
				"down": {"uv": [9, 5, 7, 4], "texture": "#0"}
			}
		},
		{
			"name": "Body Layer",
			"from": [6.75, 10.75, -12.25],
			"to": [15.25, 23.25, -7.75],
			"rotation": {"angle": -22.5, "axis": "y", "origin": [10, 12, -10]},
			"faces": {
				"north": {"uv": [10, 9, 8, 12], "texture": "#0"},
				"east": {"uv": [5, 9, 4, 12], "texture": "#0"},
				"south": {"uv": [7, 9, 5, 12], "texture": "#0"},
				"west": {"uv": [8, 9, 7, 12], "texture": "#0"},
				"up": {"uv": [7, 8, 5, 9], "texture": "#0"},
				"down": {"uv": [9, 9, 7, 8], "texture": "#0"}
			}
		},
		{
			"name": "Right Arm",
			"from": [15, 19, -6],
			"to": [18, 23, 0],
			"rotation": {"angle": -22.5, "axis": "y", "origin": [10, 12, -10]},
			"faces": {
				"north": {"uv": [11.75, 4, 11, 5], "rotation": 180, "texture": "#0"},
				"east": {"uv": [11, 6.5, 10, 8], "rotation": 90, "texture": "#0"},
				"south": {"uv": [12.5, 5, 11.75, 4], "texture": "#0"},
				"west": {"uv": [12.75, 6.75, 11.75, 8], "rotation": 270, "texture": "#0"},
				"up": {"uv": [11.75, 6.75, 11, 8], "texture": "#0"},
				"down": {"uv": [13.5, 6.75, 12.75, 8], "rotation": 180, "texture": "#0"}
			}
		},
		{
			"name": "Right Arm Layer",
			"from": [14.75, 18.75, -6.25],
			"to": [18.25, 23.25, 0.25],
			"rotation": {"angle": -22.5, "axis": "y", "origin": [10, 12, -10]},
			"faces": {
				"north": {"uv": [11.75, 8, 11, 9], "rotation": 180, "texture": "#0"},
				"east": {"uv": [11, 10.5, 10, 12], "rotation": 90, "texture": "#0"},
				"south": {"uv": [12.5, 9, 11.75, 8], "texture": "#0"},
				"west": {"uv": [12.75, 10.5, 11.75, 12], "rotation": 270, "texture": "#0"},
				"up": {"uv": [11.75, 10.5, 11, 12], "texture": "#0"},
				"down": {"uv": [13.5, 10.5, 12.75, 12], "rotation": 180, "texture": "#0"}
			}
		},
		{
			"name": "Right Arm",
			"from": [15, 19, -12],
			"to": [18, 23, -6],
			"rotation": {"angle": -22.5, "axis": "y", "origin": [10, 12, -10]},
			"faces": {
				"north": {"uv": [11.75, 4, 11, 5], "rotation": 180, "texture": "#0"},
				"east": {"uv": [11, 5, 10, 6.5], "rotation": 90, "texture": "#0"},
				"south": {"uv": [12.5, 5, 11.75, 4], "texture": "#0"},
				"west": {"uv": [12.75, 5, 11.75, 6.5], "rotation": 270, "texture": "#0"},
				"up": {"uv": [11.75, 5, 11, 6.5], "texture": "#0"},
				"down": {"uv": [13.5, 5, 12.75, 6.5], "rotation": 180, "texture": "#0"}
			}
		},
		{
			"name": "Right Arm Layer",
			"from": [14.75, 18.75, -12.25],
			"to": [18.25, 23.25, -5.75],
			"rotation": {"angle": -22.5, "axis": "y", "origin": [10, 12, -10]},
			"faces": {
				"north": {"uv": [11.75, 8, 11, 9], "rotation": 180, "texture": "#0"},
				"east": {"uv": [11, 9, 10, 10.5], "rotation": 90, "texture": "#0"},
				"south": {"uv": [12.5, 9, 11.75, 8], "texture": "#0"},
				"west": {"uv": [12.75, 9, 11.75, 10.5], "rotation": 270, "texture": "#0"},
				"up": {"uv": [11.75, 9, 11, 10.5], "texture": "#0"},
				"down": {"uv": [13.5, 9, 12.75, 10.5], "rotation": 180, "texture": "#0"}
			}
		},
		{
			"name": "Right Leg",
			"from": [7.9, -11, 27],
			"to": [11.9, 1, 31],
			"rotation": {"angle": 0, "axis": "x", "origin": [7, 1, 8]},
			"faces": {
				"north": {"uv": [1, 5, 2, 8], "texture": "#0"},
				"east": {"uv": [0, 5, 1, 8], "texture": "#0"},
				"south": {"uv": [3, 5, 4, 8], "texture": "#0"},
				"west": {"uv": [2, 5, 3, 8], "texture": "#0"},
				"up": {"uv": [2, 5, 1, 4], "texture": "#0"},
				"down": {"uv": [3, 4, 2, 5], "texture": "#0"}
			}
		},
		{
			"name": "Right Leg Layer",
			"from": [7.65, -11.25, 26.75],
			"to": [12.15, 1.25, 31.25],
			"rotation": {"angle": 0, "axis": "x", "origin": [7, 1, 8]},
			"faces": {
				"north": {"uv": [1, 9, 2, 12], "texture": "#0"},
				"east": {"uv": [0, 9, 1, 12], "texture": "#0"},
				"south": {"uv": [3, 9, 4, 12], "texture": "#0"},
				"west": {"uv": [2, 9, 3, 12], "texture": "#0"},
				"up": {"uv": [2, 9, 1, 8], "texture": "#0"},
				"down": {"uv": [3, 8, 2, 9], "texture": "#0"}
			}
		},
		{
			"name": "Left Leg",
			"from": [4.1, -11, 27],
			"to": [8.1, 1, 31],
			"rotation": {"angle": 0, "axis": "y", "origin": [7, 1, 8]},
			"faces": {
				"north": {"uv": [5, 13, 6, 16], "texture": "#0"},
				"east": {"uv": [4, 13, 5, 16], "texture": "#0"},
				"south": {"uv": [7, 13, 8, 16], "texture": "#0"},
				"west": {"uv": [6, 13, 7, 16], "texture": "#0"},
				"up": {"uv": [6, 13, 5, 12], "texture": "#0"},
				"down": {"uv": [7, 12, 6, 13], "texture": "#0"}
			}
		},
		{
			"name": "Left Leg Layer",
			"from": [3.85, -11.25, 26.75],
			"to": [8.35, 1.25, 31.25],
			"rotation": {"angle": 0, "axis": "y", "origin": [7, 1, 8]},
			"faces": {
				"north": {"uv": [1, 13, 2, 16], "texture": "#0"},
				"east": {"uv": [0, 13, 1, 16], "texture": "#0"},
				"south": {"uv": [3, 13, 4, 16], "texture": "#0"},
				"west": {"uv": [2, 13, 3, 16], "texture": "#0"},
				"up": {"uv": [2, 13, 1, 12], "texture": "#0"},
				"down": {"uv": [3, 12, 2, 13], "texture": "#0"}
			}
		},
		{
			"name": "Right Arm",
			"from": [4, 19, -6],
			"to": [7, 23, 0],
			"rotation": {"angle": -22.5, "axis": "y", "origin": [10, 12, -10]},
			"faces": {
				"north": {"uv": [11, 4, 11.75, 5], "rotation": 180, "texture": "#0"},
				"east": {"uv": [11.75, 6.75, 12.75, 8], "rotation": 90, "texture": "#0"},
				"south": {"uv": [11.75, 5, 12.5, 4], "texture": "#0"},
				"west": {"uv": [10, 6.5, 11, 8], "rotation": 270, "texture": "#0"},
				"up": {"uv": [11, 6.75, 11.75, 8], "texture": "#0"},
				"down": {"uv": [12.75, 6.75, 13.5, 8], "rotation": 180, "texture": "#0"}
			}
		},
		{
			"name": "Right Arm Layer",
			"from": [3.75, 18.75, -6.25],
			"to": [7.25, 23.25, 0.25],
			"rotation": {"angle": -22.5, "axis": "y", "origin": [10, 12, -10]},
			"faces": {
				"north": {"uv": [11, 8, 11.75, 9], "rotation": 180, "texture": "#0"},
				"east": {"uv": [11.75, 10.5, 12.75, 12], "rotation": 90, "texture": "#0"},
				"south": {"uv": [11.75, 9, 12.5, 8], "texture": "#0"},
				"west": {"uv": [10, 10.5, 11, 12], "rotation": 270, "texture": "#0"},
				"up": {"uv": [11, 10.5, 11.75, 12], "texture": "#0"},
				"down": {"uv": [12.75, 10.5, 13.5, 12], "rotation": 180, "texture": "#0"}
			}
		},
		{
			"name": "Right Arm",
			"from": [4, 19, -12],
			"to": [7, 23, -6],
			"rotation": {"angle": -22.5, "axis": "y", "origin": [10, 12, -10]},
			"faces": {
				"north": {"uv": [11, 4, 11.75, 5], "rotation": 180, "texture": "#0"},
				"east": {"uv": [11.75, 5, 12.75, 6.5], "rotation": 90, "texture": "#0"},
				"south": {"uv": [11.75, 5, 12.5, 4], "texture": "#0"},
				"west": {"uv": [10, 5, 11, 6.5], "rotation": 270, "texture": "#0"},
				"up": {"uv": [11, 5, 11.75, 6.5], "texture": "#0"},
				"down": {"uv": [12.75, 5, 13.5, 6.5], "rotation": 180, "texture": "#0"}
			}
		},
		{
			"name": "Right Arm Layer",
			"from": [3.75, 18.75, -12.25],
			"to": [7.25, 23.25, -5.75],
			"rotation": {"angle": -22.5, "axis": "y", "origin": [10, 12, -10]},
			"faces": {
				"north": {"uv": [11, 8, 11.75, 9], "rotation": 180, "texture": "#0"},
				"east": {"uv": [11.75, 9, 12.75, 10.5], "rotation": 90, "texture": "#0"},
				"south": {"uv": [11.75, 9, 12.5, 8], "texture": "#0"},
				"west": {"uv": [10, 9, 11, 10.5], "rotation": 270, "texture": "#0"},
				"up": {"uv": [11, 9, 11.75, 10.5], "texture": "#0"},
				"down": {"uv": [12.75, 9, 13.5, 10.5], "rotation": 180, "texture": "#0"}
			}
		},
		{
			"from": [9, 1, 18],
			"to": [10, 2, 29],
			"faces": {
				"north": {"uv": [14.25, 14.5, 14.5, 14.75], "texture": "#0"},
				"east": {"uv": [13.75, 14.5, 15, 14.5], "texture": "#0"},
				"south": {"uv": [14.5, 14.25, 14.75, 14.5], "texture": "#0"},
				"west": {"uv": [14.25, 14.5, 15, 14.75], "texture": "#0"},
				"up": {"uv": [14.25, 14.25, 14.75, 15.25], "texture": "#0"},
				"down": {"uv": [14.5, 14, 14.75, 15.25], "texture": "#0"}
			}
		},
		{
			"from": [10, 11, -10],
			"to": [11, 12, 1],
			"faces": {
				"north": {"uv": [14.25, 14.5, 14.5, 14.75], "texture": "#0"},
				"east": {"uv": [13.75, 14.5, 15, 14.5], "texture": "#0"},
				"south": {"uv": [14.5, 14.25, 14.75, 14.5], "texture": "#0"},
				"west": {"uv": [14.25, 14.5, 15, 14.75], "texture": "#0"},
				"up": {"uv": [14.25, 14.25, 14.75, 15.25], "texture": "#0"},
				"down": {"uv": [14.5, 14, 14.75, 15.25], "texture": "#0"}
			}
		},
		{
			"from": [9, -6.25, 0],
			"to": [10, -5.25, 11],
			"faces": {
				"north": {"uv": [14.25, 14.5, 14.5, 14.75], "texture": "#0"},
				"east": {"uv": [13.75, 14.5, 15, 14.5], "texture": "#0"},
				"south": {"uv": [14.5, 14.25, 14.75, 14.5], "texture": "#0"},
				"west": {"uv": [14.25, 14.5, 15, 14.75], "texture": "#0"},
				"up": {"uv": [14.25, 14.25, 14.75, 15.25], "texture": "#0"},
				"down": {"uv": [14.5, 14, 14.75, 15.25], "texture": "#0"}
			}
		},
		{
			"from": [-1, -6.64963, -2.00909],
			"to": [0, -5.64963, 8.99091],
			"rotation": {"angle": -22.5, "axis": "x", "origin": [0, -0.39963, -2.00909]},
			"faces": {
				"north": {"uv": [14.25, 14.5, 14.5, 14.75], "texture": "#0"},
				"east": {"uv": [13.75, 14.5, 15, 14.5], "texture": "#0"},
				"south": {"uv": [14.5, 14.25, 14.75, 14.5], "texture": "#0"},
				"west": {"uv": [14.25, 14.5, 15, 14.75], "texture": "#0"},
				"up": {"uv": [14.25, 14.25, 14.75, 15.25], "texture": "#0"},
				"down": {"uv": [14.5, 14, 14.75, 15.25], "texture": "#0"}
			}
		},
		{
			"from": [10, -2.44011, 0.92176],
			"to": [11, -1.44011, 13.17176],
			"rotation": {"angle": 22.5, "axis": "x", "origin": [11, 3.80989, 13.17176]},
			"faces": {
				"north": {"uv": [14.25, 14.5, 14.5, 14.75], "texture": "#0"},
				"east": {"uv": [13.75, 14.5, 15, 14.5], "texture": "#0"},
				"south": {"uv": [14.5, 14.25, 14.75, 14.5], "texture": "#0"},
				"west": {"uv": [14.25, 14.5, 15, 14.75], "texture": "#0"},
				"up": {"uv": [14.25, 14.25, 14.75, 15.25], "texture": "#0"},
				"down": {"uv": [14.5, 14, 14.75, 15.25], "texture": "#0"}
			}
		},
		{
			"from": [-1, -6.25, -1],
			"to": [10, -5.25, 0],
			"rotation": {"angle": 0, "axis": "y", "origin": [-1, 0, 9]},
			"faces": {
				"north": {"uv": [14.25, 14.5, 14.75, 14.75], "texture": "#0"},
				"east": {"uv": [13.75, 14.5, 15, 14.5], "texture": "#0"},
				"south": {"uv": [14.5, 14.25, 14.75, 14.5], "texture": "#0"},
				"west": {"uv": [14.25, 14.5, 15, 14.75], "texture": "#0"},
				"up": {"uv": [14.25, 14.25, 14.75, 15.25], "rotation": 270, "texture": "#0"},
				"down": {"uv": [14.5, 14, 14.75, 15.25], "rotation": 90, "texture": "#0"}
			}
		},
		{
			"from": [-1, -2.04048, 10.16267],
			"to": [10, -1.04048, 11.16267],
			"rotation": {"angle": 0, "axis": "y", "origin": [0, 4.20952, 19.16267]},
			"faces": {
				"north": {"uv": [14.25, 14.25, 15, 14.75], "texture": "#0"},
				"east": {"uv": [13.75, 14.5, 15, 14.5], "texture": "#0"},
				"south": {"uv": [14.5, 14.25, 14.75, 15], "texture": "#0"},
				"west": {"uv": [14.25, 14.5, 15, 14.75], "texture": "#0"},
				"up": {"uv": [14.25, 14.25, 14.75, 15.25], "rotation": 270, "texture": "#0"},
				"down": {"uv": [14.5, 14, 14.75, 15.25], "rotation": 90, "texture": "#0"}
			}
		},
		{
			"from": [-1, 2.5, -1],
			"to": [10, 3.5, 0],
			"rotation": {"angle": 0, "axis": "y", "origin": [-1, 8.75, 9]},
			"faces": {
				"north": {"uv": [14.25, 14.5, 14.75, 14.75], "texture": "#0"},
				"east": {"uv": [13.75, 14.5, 15, 14.5], "texture": "#0"},
				"south": {"uv": [14.5, 14.25, 14.75, 14.5], "texture": "#0"},
				"west": {"uv": [14.25, 14.5, 15, 14.75], "texture": "#0"},
				"up": {"uv": [14.25, 14.25, 14.75, 15.25], "rotation": 270, "texture": "#0"},
				"down": {"uv": [14.5, 14, 14.75, 15.25], "rotation": 90, "texture": "#0"}
			}
		},
		{
			"from": [-1, 2.10037, -2.00909],
			"to": [0, 3.10037, 8.99091],
			"rotation": {"angle": -22.5, "axis": "x", "origin": [0, 8.35037, -2.00909]},
			"faces": {
				"north": {"uv": [14.25, 14.5, 14.5, 14.75], "texture": "#0"},
				"east": {"uv": [13.75, 14.5, 15, 14.5], "texture": "#0"},
				"south": {"uv": [14.5, 14.25, 14.75, 14.5], "texture": "#0"},
				"west": {"uv": [14.25, 14.5, 15, 14.75], "texture": "#0"},
				"up": {"uv": [14.25, 14.25, 14.75, 15.25], "texture": "#0"},
				"down": {"uv": [14.5, 14, 14.75, 15.25], "texture": "#0"}
			}
		},
		{
			"from": [-1, 6.70952, 10.16267],
			"to": [10, 7.70952, 11.16267],
			"rotation": {"angle": 0, "axis": "y", "origin": [0, 12.95952, 19.16267]},
			"faces": {
				"north": {"uv": [14.25, 14.25, 15, 14.75], "texture": "#0"},
				"east": {"uv": [13.75, 14.5, 15, 14.5], "texture": "#0"},
				"south": {"uv": [14.5, 14.25, 14.75, 15], "texture": "#0"},
				"west": {"uv": [14.25, 14.5, 15, 14.75], "texture": "#0"},
				"up": {"uv": [14.25, 14.25, 14.75, 15.25], "rotation": 270, "texture": "#0"},
				"down": {"uv": [14.5, 14, 14.75, 15.25], "rotation": 90, "texture": "#0"}
			}
		},
		{
			"from": [10, 6.30989, 2.17176],
			"to": [11, 7.30989, 13.17176],
			"rotation": {"angle": 22.5, "axis": "x", "origin": [11, 12.55989, 13.17176]},
			"faces": {
				"north": {"uv": [14.25, 14.5, 14.5, 14.75], "texture": "#0"},
				"east": {"uv": [13.75, 14.5, 15, 14.5], "texture": "#0"},
				"south": {"uv": [14.5, 14.25, 14.75, 14.5], "texture": "#0"},
				"west": {"uv": [14.25, 14.5, 15, 14.75], "texture": "#0"},
				"up": {"uv": [14.25, 14.25, 14.75, 15.25], "texture": "#0"},
				"down": {"uv": [14.5, 14, 14.75, 15.25], "texture": "#0"}
			}
		},
		{
			"from": [9, -11.14214, 13.68629],
			"to": [10, -10.14214, 24.68629],
			"rotation": {"angle": -45, "axis": "x", "origin": [0, -12.14214, 6.68629]},
			"faces": {
				"north": {"uv": [14.25, 14.5, 14.5, 14.75], "texture": "#0"},
				"east": {"uv": [13.75, 14.5, 15, 14.5], "texture": "#0"},
				"south": {"uv": [14.5, 14.25, 14.75, 14.5], "texture": "#0"},
				"west": {"uv": [14.25, 14.5, 15, 14.75], "texture": "#0"},
				"up": {"uv": [14.25, 14.25, 14.75, 15.25], "texture": "#0"},
				"down": {"uv": [14.5, 14, 14.75, 15.25], "texture": "#0"}
			}
		}
	],
	"display": {
		"head": {
			"rotation": [0, -180, 0],
			"translation": [-6, -16.25, -6.75],
			"scale": [1.6, 1.6, 1.6]
		}
	},
	"groups": [
		{
			"name": "Head",
			"origin": [0, 24, 0],
			"color": 0,
			"children": [0, 1]
		},
		{
			"name": "Body",
			"origin": [0, 24, 0],
			"color": 0,
			"children": [2, 3]
		},
		{
			"name": "RightArm",
			"origin": [5, 22, 0],
			"color": 0,
			"children": [
				4,
				5,
				{
					"name": "RightArm",
					"origin": [5, 22, 0],
					"color": 0,
					"children": [6, 7]
				}
			]
		},
		{
			"name": "RightLeg",
			"origin": [1.9, 12, 0],
			"color": 0,
			"children": [8, 9]
		},
		{
			"name": "LeftLeg",
			"origin": [-1.9, 12, 0],
			"color": 0,
			"children": [10, 11]
		},
		{
			"name": "LeftArm",
			"origin": [5, 22, 0],
			"color": 0,
			"children": [
				12,
				13,
				{
					"name": "LeftArmo",
					"origin": [5, 22, 0],
					"color": 0,
					"children": [14, 15]
				}
			]
		},
		16,
		17,
		18,
		19,
		20,
		21,
		22,
		23,
		24,
		25,
		26,
		27
	]
}