{
	"credit": "Made with Blockbench",
	"texture_size": [64, 64],
	"textures": {
		"0": "nw:stand/skins/kqbtd",
		"1": "nw:stand/evo/other/stray_cat2",
		"particle": "nw:stand/evo/other/stray_cat2"
	},
	"elements": [
		{
			"name": "Head",
			"from": [4, 12, 4],
			"to": [12, 20, 12],
			"rotation": {"angle": 0, "axis": "y", "origin": [8, 11, 8]},
			"faces": {
				"north": {"uv": [2, 2, 4, 4], "texture": "#0"},
				"east": {"uv": [0, 2, 2, 4], "texture": "#0"},
				"south": {"uv": [6, 2, 8, 4], "texture": "#0"},
				"west": {"uv": [4, 2, 6, 4], "texture": "#0"},
				"up": {"uv": [4, 2, 2, 0], "texture": "#0"},
				"down": {"uv": [6, 0, 4, 2], "texture": "#0"}
			}
		},
		{
			"name": "Hat Layer",
			"from": [3.5, 11.5, 3.5],
			"to": [12.5, 20.5, 12.5],
			"rotation": {"angle": 0, "axis": "y", "origin": [8, 11, 8]},
			"faces": {
				"north": {"uv": [10, 2, 12, 4], "texture": "#0"},
				"east": {"uv": [8, 2, 10, 4], "texture": "#0"},
				"south": {"uv": [14, 2, 16, 4], "texture": "#0"},
				"west": {"uv": [12, 2, 14, 4], "texture": "#0"},
				"up": {"uv": [12, 2, 10, 0], "texture": "#0"},
				"down": {"uv": [14, 0, 12, 2], "texture": "#0"}
			}
		},
		{
			"name": "Body",
			"from": [4, 6, 5.75],
			"to": [12, 12, 10.25],
			"rotation": {"angle": 0, "axis": "y", "origin": [8, 11, 8]},
			"faces": {
				"north": {"uv": [5, 5, 7, 6.5], "texture": "#0"},
				"east": {"uv": [4, 5, 5, 6.5], "texture": "#0"},
				"south": {"uv": [8, 5, 10, 6.5], "texture": "#0"},
				"west": {"uv": [7, 5, 8, 6.5], "texture": "#0"},
				"up": {"uv": [7, 5, 5, 4], "texture": "#0"},
				"down": {"uv": [9, 4, 7, 5], "texture": "#0"}
			}
		},
		{
			"name": "Body Layer",
			"from": [3.75, 5.75, 5.5],
			"to": [12.25, 12.25, 10.5],
			"rotation": {"angle": 0, "axis": "y", "origin": [8, 11, 8]},
			"faces": {
				"north": {"uv": [5, 9, 7, 10.5], "texture": "#0"},
				"east": {"uv": [4, 9, 5, 10.5], "texture": "#0"},
				"south": {"uv": [8, 9, 10, 10.5], "texture": "#0"},
				"west": {"uv": [7, 9, 8, 10.5], "texture": "#0"},
				"up": {"uv": [7, 9, 5, 8], "texture": "#0"},
				"down": {"uv": [2, 0, 0, 1], "texture": "#0"}
			}
		},
		{
			"name": "Body Layer",
			"from": [3.75, -0.25, 5.5],
			"to": [12.25, 6.25, 10.5],
			"rotation": {"angle": 0, "axis": "y", "origin": [8, 11, 8]},
			"faces": {
				"north": {"uv": [5, 10.5, 7, 12], "texture": "#0"},
				"east": {"uv": [4, 10.5, 5, 12], "texture": "#0"},
				"south": {"uv": [8, 10.5, 10, 12], "texture": "#0"},
				"west": {"uv": [7, 10.5, 8, 12], "texture": "#0"},
				"up": {"uv": [7, 9, 5, 8], "texture": "#0"},
				"down": {"uv": [2, 0, 0, 1], "texture": "#0"}
			}
		},
		{
			"name": "Body",
			"from": [4, 7, 6],
			"to": [12, 11.25, 9.75],
			"rotation": {"angle": 22.5, "axis": "x", "origin": [8, 11, 8]},
			"faces": {
				"north": {"uv": [5, 5, 7, 6.5], "texture": "#0"},
				"east": {"uv": [4, 5, 5, 6.5], "texture": "#0"},
				"south": {"uv": [8, 5, 10, 6.5], "texture": "#0"},
				"west": {"uv": [7, 5, 8, 6.5], "texture": "#0"},
				"up": {"uv": [7, 5, 5, 4], "texture": "#0"},
				"down": {"uv": [9, 4, 7, 5], "texture": "#0"}
			}
		},
		{
			"name": "Body Layer",
			"from": [3.75, 6.75, 5.75],
			"to": [12.25, 11.5, 10],
			"rotation": {"angle": 22.5, "axis": "x", "origin": [8, 11, 8]},
			"faces": {
				"north": {"uv": [5, 9, 7, 10.5], "texture": "#0"},
				"east": {"uv": [4, 9, 5, 10.5], "texture": "#0"},
				"south": {"uv": [8, 9, 10, 10.5], "texture": "#0"},
				"west": {"uv": [7, 9, 8, 10.5], "texture": "#0"},
				"up": {"uv": [7, 9, 5, 8], "texture": "#0"},
				"down": {"uv": [9, 8, 7, 9], "texture": "#0"}
			}
		},
		{
			"name": "Body",
			"from": [10.25, 0, 6],
			"to": [11.75, 6, 10],
			"rotation": {"angle": 0, "axis": "y", "origin": [8, 11, 8]},
			"faces": {
				"north": {"uv": [5, 6.5, 7, 8], "texture": "#0"},
				"east": {"uv": [4, 6.5, 5, 8], "texture": "#0"},
				"south": {"uv": [8, 6.5, 10, 8], "texture": "#0"},
				"west": {"uv": [7, 6.5, 8, 8], "texture": "#0"},
				"up": {"uv": [7, 6.5, 5, 5.5], "texture": "#0"},
				"down": {"uv": [9, 5.5, 7, 6.5], "texture": "#0"}
			}
		},
		{
			"name": "Body",
			"from": [4.25, 0, 6],
			"to": [5.75, 6, 10],
			"rotation": {"angle": 0, "axis": "y", "origin": [8, 11, 8]},
			"faces": {
				"north": {"uv": [5, 6.5, 7, 8], "texture": "#0"},
				"east": {"uv": [4, 6.5, 5, 8], "texture": "#0"},
				"south": {"uv": [8, 6.5, 10, 8], "texture": "#0"},
				"west": {"uv": [7, 6.5, 8, 8], "texture": "#0"},
				"up": {"uv": [7, 6.5, 5, 5.5], "texture": "#0"},
				"down": {"uv": [9, 5.5, 7, 6.5], "texture": "#0"}
			}
		},
		{
			"name": "Body",
			"from": [4.25, 0, 9],
			"to": [11.75, 6, 10],
			"rotation": {"angle": 0, "axis": "y", "origin": [8, 11, 8]},
			"faces": {
				"north": {"uv": [5, 6.5, 7, 8], "texture": "#0"},
				"east": {"uv": [4, 6.5, 5, 8], "texture": "#0"},
				"south": {"uv": [8, 6.5, 10, 8], "texture": "#0"},
				"west": {"uv": [7, 6.5, 8, 8], "texture": "#0"},
				"up": {"uv": [7, 6.5, 5, 5.5], "texture": "#0"},
				"down": {"uv": [9, 5.5, 7, 6.5], "texture": "#0"}
			}
		},
		{
			"name": "Body Layer",
			"from": [4, -0.25, 8.75],
			"to": [12, 6.25, 10.25],
			"rotation": {"angle": 0, "axis": "y", "origin": [8, 11, 8]},
			"faces": {
				"north": {"uv": [5, 10.5, 7, 12], "texture": "#0"},
				"east": {"uv": [4, 10.5, 5, 12], "texture": "#0"},
				"south": {"uv": [8, 10.5, 10, 12], "texture": "#0"},
				"west": {"uv": [7, 10.5, 8, 12], "texture": "#0"},
				"up": {"uv": [2, 1, 0, 0], "texture": "#0"},
				"down": {"uv": [9, 9.5, 7, 10.5], "texture": "#0"}
			}
		},
		{
			"name": "Body",
			"from": [4.25, 0, 6],
			"to": [11.75, 2, 10],
			"rotation": {"angle": 0, "axis": "y", "origin": [8, 11, 8]},
			"faces": {
				"north": {"uv": [5, 7.5, 7, 8], "texture": "#0"},
				"east": {"uv": [4, 7.5, 5, 8], "texture": "#0"},
				"south": {"uv": [8, 7.5, 10, 8], "texture": "#0"},
				"west": {"uv": [7, 7.5, 8, 8], "texture": "#0"},
				"up": {"uv": [7, 6.5, 5, 5.5], "texture": "#0"},
				"down": {"uv": [9, 5.5, 7, 6.5], "texture": "#0"}
			}
		},
		{
			"name": "Body Layer",
			"from": [4, -0.25, 5.75],
			"to": [12, 2.25, 10.25],
			"rotation": {"angle": 0, "axis": "y", "origin": [8, 11, 8]},
			"faces": {
				"north": {"uv": [5, 10.5, 7, 12], "texture": "#0"},
				"east": {"uv": [4, 10.5, 5, 12], "texture": "#0"},
				"south": {"uv": [8, 10.5, 10, 12], "texture": "#0"},
				"west": {"uv": [7, 10.5, 8, 12], "texture": "#0"},
				"up": {"uv": [2, 1, 0, 0], "texture": "#0"},
				"down": {"uv": [9, 9.5, 7, 10.5], "texture": "#0"}
			}
		},
		{
			"name": "Right Arm",
			"from": [12, 6, 6],
			"to": [15, 12, 10],
			"rotation": {"angle": 22.5, "axis": "x", "origin": [14, 10, 8]},
			"faces": {
				"north": {"uv": [11, 5, 12, 6.5], "texture": "#0"},
				"east": {"uv": [10, 5, 11, 6.5], "texture": "#0"},
				"south": {"uv": [12.75, 5, 13.5, 6.5], "texture": "#0"},
				"west": {"uv": [12, 5, 12.75, 6.5], "texture": "#0"},
				"up": {"uv": [12, 5, 11, 4], "texture": "#0"},
				"down": {"uv": [13, 4, 12, 5], "texture": "#0"}
			}
		},
		{
			"name": "Right Arm Layer",
			"from": [11.75, 5.75, 5.75],
			"to": [15.25, 12.25, 10.25],
			"rotation": {"angle": 22.5, "axis": "x", "origin": [14, 10, 8]},
			"faces": {
				"north": {"uv": [11, 9, 12, 10.5], "texture": "#0"},
				"east": {"uv": [10, 9, 11, 10.5], "texture": "#0"},
				"south": {"uv": [12.75, 9, 13.5, 10.5], "texture": "#0"},
				"west": {"uv": [12, 9, 12.75, 10.5], "texture": "#0"},
				"up": {"uv": [12, 9, 11, 8], "texture": "#0"},
				"down": {"uv": [1, 0, 0, 1], "texture": "#0"}
			}
		},
		{
			"name": "Right Arm",
			"from": [12, 0, 6],
			"to": [15, 6, 10],
			"rotation": {"angle": 22.5, "axis": "x", "origin": [14, 10, 8]},
			"faces": {
				"north": {"uv": [11, 6.5, 12, 8], "texture": "#0"},
				"east": {"uv": [10, 6.5, 11, 8], "texture": "#0"},
				"south": {"uv": [13, 6.5, 13.5, 8], "texture": "#0"},
				"west": {"uv": [12, 6.5, 13, 8], "texture": "#0"},
				"up": {"uv": [12, 6.5, 11, 5.5], "texture": "#0"},
				"down": {"uv": [12.5, 4, 11.75, 5], "texture": "#0"}
			}
		},
		{
			"name": "Right Arm Layer",
			"from": [11.75, -0.25, 5.75],
			"to": [15.25, 6.25, 10.25],
			"rotation": {"angle": 22.5, "axis": "x", "origin": [14, 10, 8]},
			"faces": {
				"north": {"uv": [11, 10.5, 12, 12], "texture": "#0"},
				"east": {"uv": [10, 10.5, 11, 12], "texture": "#0"},
				"south": {"uv": [13, 10.5, 13.5, 12], "texture": "#0"},
				"west": {"uv": [12, 10.5, 13, 12], "texture": "#0"},
				"up": {"uv": [1, 1, 0, 0], "texture": "#0"},
				"down": {"uv": [12.75, 8, 12, 9], "texture": "#0"}
			}
		},
		{
			"name": "Left Arm",
			"from": [1, 8, 4],
			"to": [4, 12, 10],
			"rotation": {"angle": -45, "axis": "x", "origin": [2, 10, 8]},
			"faces": {
				"north": {"uv": [11, 12, 10, 13], "rotation": 180, "texture": "#0"},
				"east": {"uv": [7.75, 13, 8.75, 14.5], "rotation": 270, "texture": "#0"},
				"south": {"uv": [10, 13, 9, 12], "texture": "#0"},
				"west": {"uv": [9.75, 13, 10.75, 14.5], "rotation": 90, "texture": "#0"},
				"up": {"uv": [8.75, 13, 9.75, 14.5], "rotation": 180, "texture": "#0"},
				"down": {"uv": [11, 13, 11.5, 14.5], "texture": "#0"}
			}
		},
		{
			"name": "Left Arm Layer",
			"from": [0.75, 7.75, 3.75],
			"to": [4.25, 12.25, 10.25],
			"rotation": {"angle": -45, "axis": "x", "origin": [2, 10, 8]},
			"faces": {
				"north": {"uv": [1, 0, 0, 1], "rotation": 180, "texture": "#0"},
				"east": {"uv": [11.75, 13, 12.75, 14.5], "rotation": 270, "texture": "#0"},
				"south": {"uv": [14, 13, 13, 12], "texture": "#0"},
				"west": {"uv": [13.75, 13, 14.75, 14.5], "rotation": 90, "texture": "#0"},
				"up": {"uv": [12.75, 13, 13.75, 14.5], "rotation": 180, "texture": "#0"},
				"down": {"uv": [15, 13, 15.5, 14.5], "texture": "#0"}
			}
		},
		{
			"name": "Left Arm",
			"from": [1, 8, 3],
			"to": [4, 14, 7],
			"rotation": {"angle": -22.5, "axis": "x", "origin": [2, 10, 8]},
			"faces": {
				"north": {"uv": [11, 14.5, 11.5, 16], "rotation": 180, "texture": "#0"},
				"east": {"uv": [7.75, 14.5, 8.75, 16], "rotation": 180, "texture": "#0"},
				"south": {"uv": [8.75, 14.5, 9.75, 16], "rotation": 180, "texture": "#0"},
				"west": {"uv": [9.75, 14.5, 10.75, 16], "rotation": 180, "texture": "#0"},
				"up": {"uv": [10.5, 12, 9.75, 13], "texture": "#0"},
				"down": {"uv": [10, 14.5, 9, 13.5], "texture": "#0"}
			}
		},
		{
			"name": "Left Arm Layer",
			"from": [0.75, 7.75, 2.75],
			"to": [4.25, 14.25, 7.25],
			"rotation": {"angle": -22.5, "axis": "x", "origin": [2, 10, 8]},
			"faces": {
				"north": {"uv": [15, 14.5, 15.5, 16], "rotation": 180, "texture": "#0"},
				"east": {"uv": [11.75, 14.5, 12.75, 16], "rotation": 180, "texture": "#0"},
				"south": {"uv": [12.75, 14.5, 13.75, 16], "rotation": 180, "texture": "#0"},
				"west": {"uv": [13.75, 14.5, 14.75, 16], "rotation": 180, "texture": "#0"},
				"up": {"uv": [15.25, 12, 14.5, 13], "texture": "#0"},
				"down": {"uv": [1, 1, 0, 0], "texture": "#0"}
			}
		},
		{
			"name": "Right Leg",
			"from": [7.9, -6, 6],
			"to": [11.65, 0, 10],
			"rotation": {"angle": 45, "axis": "x", "origin": [8, 0, 8]},
			"faces": {
				"north": {"uv": [1, 5, 2, 6.5], "texture": "#0"},
				"east": {"uv": [0, 5, 1, 6.5], "texture": "#0"},
				"south": {"uv": [3, 5, 4, 6.5], "texture": "#0"},
				"west": {"uv": [2, 5, 3, 6.5], "texture": "#0"},
				"up": {"uv": [2, 5, 1, 4], "texture": "#0"},
				"down": {"uv": [3, 4, 2, 5], "texture": "#0"}
			}
		},
		{
			"name": "Right Leg Layer",
			"from": [7.65, -6.25, 5.75],
			"to": [11.9, 0.25, 10.25],
			"rotation": {"angle": 45, "axis": "x", "origin": [8, 0, 8]},
			"faces": {
				"north": {"uv": [1, 9, 2, 10.5], "texture": "#0"},
				"east": {"uv": [0, 9, 1, 10.5], "texture": "#0"},
				"south": {"uv": [3, 9, 4, 10.5], "texture": "#0"},
				"west": {"uv": [2, 9, 3, 10.5], "texture": "#0"},
				"up": {"uv": [2, 9, 1, 8], "texture": "#0"},
				"down": {"uv": [1, 0, 0, 1], "texture": "#0"}
			}
		},
		{
			"name": "Right Leg",
			"from": [7.9, -9, 2.25],
			"to": [11.65, -3, 6.25],
			"rotation": {"angle": 0, "axis": "x", "origin": [8, 0, 8]},
			"faces": {
				"north": {"uv": [1, 6.5, 2, 8], "texture": "#0"},
				"east": {"uv": [0, 6.5, 1, 8], "texture": "#0"},
				"south": {"uv": [3, 6.5, 4, 8], "texture": "#0"},
				"west": {"uv": [2, 6.5, 3, 8], "texture": "#0"},
				"up": {"uv": [2, 6.5, 1, 5.5], "texture": "#0"},
				"down": {"uv": [3, 4, 2, 5], "texture": "#0"}
			}
		},
		{
			"name": "Right Leg Layer",
			"from": [7.65, -9.25, 2],
			"to": [11.9, -2.75, 6.5],
			"rotation": {"angle": 0, "axis": "x", "origin": [8, 0, 8]},
			"faces": {
				"north": {"uv": [1, 10.5, 2, 12], "texture": "#0"},
				"east": {"uv": [0, 10.5, 1, 12], "texture": "#0"},
				"south": {"uv": [3, 10.5, 4, 12], "texture": "#0"},
				"west": {"uv": [2, 10.5, 3, 12], "texture": "#0"},
				"up": {"uv": [1, 1, 0, 0], "texture": "#0"},
				"down": {"uv": [3, 8, 2, 9], "texture": "#0"}
			}
		},
		{
			"name": "Left Leg",
			"from": [4.35, -6, 6],
			"to": [8.1, 0, 10],
			"rotation": {"angle": -22.5, "axis": "x", "origin": [8, 0, 8]},
			"faces": {
				"north": {"uv": [5, 13, 6, 14.5], "texture": "#0"},
				"east": {"uv": [4, 13, 5, 14.5], "texture": "#0"},
				"south": {"uv": [7, 13, 8, 14.5], "texture": "#0"},
				"west": {"uv": [6, 13, 7, 14.5], "texture": "#0"},
				"up": {"uv": [6, 13, 5, 12], "texture": "#0"},
				"down": {"uv": [7, 12, 6, 13], "texture": "#0"}
			}
		},
		{
			"name": "Left Leg Layer",
			"from": [4.1, -6.25, 5.75],
			"to": [8.35, 0.25, 10.25],
			"rotation": {"angle": -22.5, "axis": "x", "origin": [8, 0, 8]},
			"faces": {
				"north": {"uv": [1, 13, 2, 14.5], "texture": "#0"},
				"east": {"uv": [0, 13, 1, 14.5], "texture": "#0"},
				"south": {"uv": [3, 13, 4, 14.5], "texture": "#0"},
				"west": {"uv": [2, 13, 3, 14.5], "texture": "#0"},
				"up": {"uv": [2, 13, 1, 12], "texture": "#0"},
				"down": {"uv": [1, 0, 0, 1], "texture": "#0"}
			}
		},
		{
			"name": "Left Leg",
			"from": [4.35, -12, 6],
			"to": [8.1, -6, 10],
			"rotation": {"angle": -22.5, "axis": "x", "origin": [8, 0, 8]},
			"faces": {
				"north": {"uv": [5, 14.5, 6, 16], "texture": "#0"},
				"east": {"uv": [4, 14.5, 5, 16], "texture": "#0"},
				"south": {"uv": [7, 14.5, 8, 16], "texture": "#0"},
				"west": {"uv": [6, 14.5, 7, 16], "texture": "#0"},
				"up": {"uv": [6, 14.5, 5, 13.5], "texture": "#0"},
				"down": {"uv": [7, 12, 6, 13], "texture": "#0"}
			}
		},
		{
			"name": "Left Leg Layer",
			"from": [4.1, -12.25, 5.75],
			"to": [8.35, -5.75, 10.25],
			"rotation": {"angle": -22.5, "axis": "x", "origin": [8, 0, 8]},
			"faces": {
				"north": {"uv": [1, 14.5, 2, 16], "texture": "#0"},
				"east": {"uv": [0, 14.5, 1, 16], "texture": "#0"},
				"south": {"uv": [3, 14.5, 4, 16], "texture": "#0"},
				"west": {"uv": [2, 14.5, 3, 16], "texture": "#0"},
				"up": {"uv": [1, 1, 0, 0], "texture": "#0"},
				"down": {"uv": [3, 12, 2, 13], "texture": "#0"}
			}
		},
		{
			"from": [6.62, 2.07, 6.85],
			"to": [9.38, 2.53, 9.15],
			"rotation": {"angle": 0, "axis": "y", "origin": [4.09, 2.07, 4.32]},
			"faces": {
				"north": {"uv": [6.25, 2.5, 7.75, 2.75], "texture": "#1"},
				"east": {"uv": [6.75, 3.5, 8, 3.75], "texture": "#1"},
				"south": {"uv": [6.25, 3, 7.75, 3.25], "texture": "#1"},
				"west": {"uv": [6.75, 4, 8, 4.25], "texture": "#1"},
				"up": {"uv": [3.25, 1.25, 1.75, 0], "texture": "#1"},
				"down": {"uv": [3.25, 1.5, 1.75, 2.75], "texture": "#1"}
			}
		},
		{
			"from": [9.15, 2.53, 6.85],
			"to": [9.61, 5.52, 9.15],
			"rotation": {"angle": 0, "axis": "y", "origin": [4.32, 2.07, 4.32]},
			"faces": {
				"north": {"uv": [4.5, 5.25, 4.75, 6.625], "texture": "#1"},
				"east": {"uv": [3.5, 0, 4.75, 1.375], "texture": "#1"},
				"south": {"uv": [6.25, 3.5, 6.5, 4.875], "texture": "#1"},
				"west": {"uv": [3.5, 1.75, 4.75, 3.125], "texture": "#1"},
				"up": {"uv": [5.75, 7.5, 5.5, 6.25], "texture": "#1"},
				"down": {"uv": [3.5, 6.5, 3.25, 7.75], "texture": "#1"}
			}
		},
		{
			"from": [9.15, 5.52, 7.77],
			"to": [9.61, 6.44, 9.15],
			"rotation": {"angle": 0, "axis": "y", "origin": [4.32, 1.84, 4.32]},
			"faces": {
				"north": {"uv": [2.75, 7.5, 3, 7.75], "texture": "#1"},
				"east": {"uv": [7.25, 0.5, 8, 0.75], "texture": "#1"},
				"south": {"uv": [11, 3.75, 11.25, 4], "texture": "#1"},
				"west": {"uv": [7.25, 1, 8, 1.25], "texture": "#1"},
				"up": {"uv": [1.5, 5.75, 1.25, 5], "texture": "#1"},
				"down": {"uv": [4.5, 7, 4.25, 7.75], "texture": "#1"}
			}
		},
		{
			"from": [6.39, 2.53, 6.85],
			"to": [6.85, 5.52, 9.15],
			"rotation": {"angle": 0, "axis": "y", "origin": [4.32, 2.07, 4.32]},
			"faces": {
				"north": {"uv": [5, 6.25, 5.25, 7.625], "texture": "#1"},
				"east": {"uv": [3.5, 3.5, 4.75, 4.875], "texture": "#1"},
				"south": {"uv": [6.25, 5.25, 6.5, 6.625], "texture": "#1"},
				"west": {"uv": [1.75, 4.5, 3, 5.875], "texture": "#1"},
				"up": {"uv": [4, 7.75, 3.75, 6.5], "texture": "#1"},
				"down": {"uv": [7, 4.5, 6.75, 5.75], "texture": "#1"}
			}
		},
		{
			"from": [6.39, 5.52, 7.77],
			"to": [6.85, 6.44, 9.15],
			"rotation": {"angle": 0, "axis": "y", "origin": [4.32, 1.84, 4.32]},
			"faces": {
				"north": {"uv": [11, 10.25, 11.25, 10.5], "texture": "#1"},
				"east": {"uv": [7.25, 1.5, 8, 1.75], "texture": "#1"},
				"south": {"uv": [10.5, 11, 10.75, 11.25], "texture": "#1"},
				"west": {"uv": [7.25, 2, 8, 2.25], "texture": "#1"},
				"up": {"uv": [7.5, 5.25, 7.25, 4.5], "texture": "#1"},
				"down": {"uv": [7.5, 7, 7.25, 7.75], "texture": "#1"}
			}
		},
		{
			"from": [6.62, 2.53, 9.15],
			"to": [9.38, 5.29, 9.426],
			"rotation": {"angle": 0, "axis": "y", "origin": [4.32, 2.07, 4.32]},
			"faces": {
				"north": {"uv": [0, 0, 1.5, 1.5], "texture": "#1"},
				"east": {"uv": [0, 7.5, 0.125, 9], "texture": "#1"},
				"south": {"uv": [0, 1.75, 1.5, 3.25], "texture": "#1"},
				"west": {"uv": [0.5, 7.5, 0.625, 9], "texture": "#1"},
				"up": {"uv": [8.75, 5.625, 7.25, 5.5], "texture": "#1"},
				"down": {"uv": [2.5, 7.5, 1, 7.625], "texture": "#1"}
			}
		},
		{
			"from": [7.08, 2.07, 9.15],
			"to": [8.92, 2.53, 9.426],
			"rotation": {"angle": 0, "axis": "y", "origin": [4.32, 2.07, 4.32]},
			"faces": {
				"north": {"uv": [6.75, 6, 7.75, 6.25], "texture": "#1"},
				"east": {"uv": [11.75, 4.5, 11.875, 4.75], "texture": "#1"},
				"south": {"uv": [6.75, 6.5, 7.75, 6.75], "texture": "#1"},
				"west": {"uv": [11.75, 5, 11.875, 5.25], "texture": "#1"},
				"up": {"uv": [9.25, 3.625, 8.25, 3.5], "texture": "#1"},
				"down": {"uv": [9.25, 4, 8.25, 4.125], "texture": "#1"}
			}
		},
		{
			"from": [6.62, 2.53, 6.574],
			"to": [9.38, 4.83, 6.85],
			"rotation": {"angle": 0, "axis": "y", "origin": [4.32, 2.07, 4.32]},
			"faces": {
				"north": {"uv": [1.75, 3, 3.25, 4.25], "texture": "#1"},
				"east": {"uv": [7.25, 8, 7.375, 9.25], "texture": "#1"},
				"south": {"uv": [0, 3.5, 1.5, 4.75], "texture": "#1"},
				"west": {"uv": [7.75, 8, 7.875, 9.25], "texture": "#1"},
				"up": {"uv": [9.25, 4.625, 7.75, 4.5], "texture": "#1"},
				"down": {"uv": [9.25, 5, 7.75, 5.125], "texture": "#1"}
			}
		},
		{
			"from": [7.08, 2.07, 6.574],
			"to": [8.92, 2.53, 6.85],
			"rotation": {"angle": 0, "axis": "y", "origin": [4.32, 2.07, 4.32]},
			"faces": {
				"north": {"uv": [6, 7, 7, 7.25], "texture": "#1"},
				"east": {"uv": [11.75, 7.25, 11.875, 7.5], "texture": "#1"},
				"south": {"uv": [7.25, 0, 8.25, 0.25], "texture": "#1"},
				"west": {"uv": [11.75, 7.75, 11.875, 8], "texture": "#1"},
				"up": {"uv": [9.25, 8.125, 8.25, 8], "texture": "#1"},
				"down": {"uv": [9.5, 0, 8.5, 0.125], "texture": "#1"}
			}
		},
		{
			"from": [5.24, 1.702, 7.54],
			"to": [7.08, 2.07, 9.38],
			"rotation": {"angle": -45, "axis": "z", "origin": [7.08, 2.07, 8.92]},
			"faces": {
				"north": {"uv": [6, 7.5, 7, 7.6875], "texture": "#1"},
				"east": {"uv": [7.75, 7, 8.75, 7.1875], "texture": "#1"},
				"south": {"uv": [7.75, 7.5, 8.75, 7.6875], "texture": "#1"},
				"west": {"uv": [1, 8, 2, 8.1875], "texture": "#1"},
				"up": {"uv": [1, 6, 0, 5], "texture": "#1"},
				"down": {"uv": [6, 0, 5, 1], "texture": "#1"}
			}
		},
		{
			"from": [4.91011, 0.19189, 7.54],
			"to": [5.18611, 1.93989, 9.38],
			"rotation": {"angle": -45, "axis": "z", "origin": [7.21011, 1.93989, 8.92]},
			"faces": {
				"north": {"uv": [11, 6, 11.125, 6.9375], "texture": "#1"},
				"east": {"uv": [5, 3.75, 6, 4.6875], "texture": "#1"},
				"south": {"uv": [7, 11, 7.125, 11.9375], "texture": "#1"},
				"west": {"uv": [5, 5, 6, 5.9375], "texture": "#1"},
				"up": {"uv": [1.125, 9.5, 1, 8.5], "texture": "#1"},
				"down": {"uv": [1.625, 8.5, 1.5, 9.5], "texture": "#1"}
			}
		},
		{
			"from": [8.46, 0.322, 7.54],
			"to": [10.3, 0.69, 9.38],
			"rotation": {"angle": 45, "axis": "z", "origin": [7.08, 2.07, 8.92]},
			"faces": {
				"north": {"uv": [2.25, 8, 3.25, 8.1875], "texture": "#1"},
				"east": {"uv": [8, 2.5, 9, 2.6875], "texture": "#1"},
				"south": {"uv": [8, 3, 9, 3.1875], "texture": "#1"},
				"west": {"uv": [3.5, 8, 4.5, 8.1875], "texture": "#1"},
				"up": {"uv": [6, 2.25, 5, 1.25], "texture": "#1"},
				"down": {"uv": [6, 2.5, 5, 3.5], "texture": "#1"}
			}
		},
		{
			"from": [10.35389, -1.18811, 7.54],
			"to": [10.62989, 0.55989, 9.38],
			"rotation": {"angle": 45, "axis": "z", "origin": [6.94989, 1.93989, 8.92]},
			"faces": {
				"north": {"uv": [7.5, 11, 7.625, 11.9375], "texture": "#1"},
				"east": {"uv": [3.25, 5.25, 4.25, 6.1875], "texture": "#1"},
				"south": {"uv": [11, 9, 11.125, 9.9375], "texture": "#1"},
				"west": {"uv": [0, 6.25, 1, 7.1875], "texture": "#1"},
				"up": {"uv": [2.125, 9.5, 2, 8.5], "texture": "#1"},
				"down": {"uv": [2.625, 8.5, 2.5, 9.5], "texture": "#1"}
			}
		},
		{
			"from": [8.46, 2.07, 5.7],
			"to": [9.84, 2.438, 7.54],
			"rotation": {"angle": -45, "axis": "y", "origin": [9.38, 2.07, 7.08]},
			"faces": {
				"north": {"uv": [8.25, 0.5, 9, 0.6875], "texture": "#1"},
				"east": {"uv": [4.75, 8, 5.75, 8.1875], "texture": "#1"},
				"south": {"uv": [8.25, 1, 9, 1.1875], "texture": "#1"},
				"west": {"uv": [6, 8, 7, 8.1875], "texture": "#1"},
				"up": {"uv": [7, 1, 6.25, 0], "texture": "#1"},
				"down": {"uv": [2, 6.25, 1.25, 7.25], "texture": "#1"}
			}
		},
		{
			"from": [6.988, 2.07, 3.86],
			"to": [8.368, 2.438, 5.7],
			"rotation": {"angle": 45, "axis": "y", "origin": [9.38, 2.07, 7.08]},
			"faces": {
				"north": {"uv": [8.25, 1.5, 9, 1.6875], "texture": "#1"},
				"east": {"uv": [8, 6, 9, 6.1875], "texture": "#1"},
				"south": {"uv": [8.25, 2, 9, 2.1875], "texture": "#1"},
				"west": {"uv": [8, 6.5, 9, 6.6875], "texture": "#1"},
				"up": {"uv": [7, 2.25, 6.25, 1.25], "texture": "#1"},
				"down": {"uv": [3, 6.25, 2.25, 7.25], "texture": "#1"}
			}
		},
		{
			"from": [8.368, 4.048, 6.39],
			"to": [8.552, 4.692, 6.574],
			"rotation": {"angle": -22.5, "axis": "x", "origin": [7.54, 4.37, 7.08]},
			"faces": {
				"north": {"uv": [3, 8.5, 3.25, 9], "texture": "#1"},
				"east": {"uv": [3.5, 8.5, 3.75, 9], "texture": "#1"},
				"south": {"uv": [4, 8.5, 4.25, 9], "texture": "#1"},
				"west": {"uv": [4.5, 8.5, 4.75, 9], "texture": "#1"},
				"up": {"uv": [11.25, 11, 11, 10.75], "texture": "#1"},
				"down": {"uv": [11.5, 0, 11.25, 0.25], "texture": "#1"}
			}
		},
		{
			"from": [7.448, 4.048, 6.39],
			"to": [7.632, 4.692, 6.574],
			"rotation": {"angle": -22.5, "axis": "x", "origin": [7.54, 4.37, 7.08]},
			"faces": {
				"north": {"uv": [5, 8.5, 5.25, 9], "texture": "#1"},
				"east": {"uv": [5.5, 8.5, 5.75, 9], "texture": "#1"},
				"south": {"uv": [6, 8.5, 6.25, 9], "texture": "#1"},
				"west": {"uv": [6.5, 8.5, 6.75, 9], "texture": "#1"},
				"up": {"uv": [11.5, 0.75, 11.25, 0.5], "texture": "#1"},
				"down": {"uv": [1.25, 11.25, 1, 11.5], "texture": "#1"}
			}
		},
		{
			"from": [6.988, 4.508, 6.574],
			"to": [7.172, 5.152, 6.758],
			"rotation": {"angle": -22.5, "axis": "x", "origin": [7.54, 4.37, 7.08]},
			"faces": {
				"north": {"uv": [8.25, 8.5, 8.5, 9], "texture": "#1"},
				"east": {"uv": [8.75, 8.5, 9, 9], "texture": "#1"},
				"south": {"uv": [9, 7, 9.25, 7.5], "texture": "#1"},
				"west": {"uv": [0, 9.25, 0.25, 9.75], "texture": "#1"},
				"up": {"uv": [11.5, 1.25, 11.25, 1], "texture": "#1"},
				"down": {"uv": [1.75, 11.25, 1.5, 11.5], "texture": "#1"}
			}
		},
		{
			"from": [8.828, 4.508, 6.574],
			"to": [9.012, 5.152, 6.758],
			"rotation": {"angle": -22.5, "axis": "x", "origin": [7.54, 4.37, 7.08]},
			"faces": {
				"north": {"uv": [0.5, 9.25, 0.75, 9.75], "texture": "#1"},
				"east": {"uv": [9.25, 0.5, 9.5, 1], "texture": "#1"},
				"south": {"uv": [9.25, 1.25, 9.5, 1.75], "texture": "#1"},
				"west": {"uv": [9.25, 2, 9.5, 2.5], "texture": "#1"},
				"up": {"uv": [11.5, 1.75, 11.25, 1.5], "texture": "#1"},
				"down": {"uv": [2.25, 11.25, 2, 11.5], "texture": "#1"}
			}
		},
		{
			"from": [9.748, 4.048, 7.034],
			"to": [9.932, 4.692, 7.218],
			"rotation": {"angle": -22.5, "axis": "z", "origin": [7.54, 4.37, 7.08]},
			"faces": {
				"north": {"uv": [9.25, 2.75, 9.5, 3.25], "texture": "#1"},
				"east": {"uv": [3, 9.25, 3.25, 9.75], "texture": "#1"},
				"south": {"uv": [3.5, 9.25, 3.75, 9.75], "texture": "#1"},
				"west": {"uv": [4, 9.25, 4.25, 9.75], "texture": "#1"},
				"up": {"uv": [11.5, 2.25, 11.25, 2], "texture": "#1"},
				"down": {"uv": [2.75, 11.25, 2.5, 11.5], "texture": "#1"}
			}
		},
		{
			"from": [9.748, 4.048, 7.954],
			"to": [9.932, 4.692, 8.138],
			"rotation": {"angle": -22.5, "axis": "z", "origin": [7.54, 4.37, 7.08]},
			"faces": {
				"north": {"uv": [4.5, 9.25, 4.75, 9.75], "texture": "#1"},
				"east": {"uv": [5, 9.25, 5.25, 9.75], "texture": "#1"},
				"south": {"uv": [5.5, 9.25, 5.75, 9.75], "texture": "#1"},
				"west": {"uv": [9.25, 5.5, 9.5, 6], "texture": "#1"},
				"up": {"uv": [11.5, 2.75, 11.25, 2.5], "texture": "#1"},
				"down": {"uv": [11.5, 4.25, 11.25, 4.5], "texture": "#1"}
			}
		},
		{
			"from": [9.288, 4.968, 7.954],
			"to": [9.472, 5.612, 8.138],
			"rotation": {"angle": -22.5, "axis": "z", "origin": [7.54, 4.37, 7.08]},
			"faces": {
				"north": {"uv": [6, 9.25, 6.25, 9.75], "texture": "#1"},
				"east": {"uv": [9.25, 6.25, 9.5, 6.75], "texture": "#1"},
				"south": {"uv": [6.5, 9.25, 6.75, 9.75], "texture": "#1"},
				"west": {"uv": [8.25, 9.25, 8.5, 9.75], "texture": "#1"},
				"up": {"uv": [11.5, 5, 11.25, 4.75], "texture": "#1"},
				"down": {"uv": [11.5, 5.25, 11.25, 5.5], "texture": "#1"}
			}
		},
		{
			"from": [9.288, 4.968, 7.034],
			"to": [9.472, 5.612, 7.218],
			"rotation": {"angle": -22.5, "axis": "z", "origin": [7.54, 4.37, 7.08]},
			"faces": {
				"north": {"uv": [9.25, 8.5, 9.5, 9], "texture": "#1"},
				"east": {"uv": [8.75, 9.25, 9, 9.75], "texture": "#1"},
				"south": {"uv": [9.25, 9.25, 9.5, 9.75], "texture": "#1"},
				"west": {"uv": [9.5, 3.5, 9.75, 4], "texture": "#1"},
				"up": {"uv": [11.5, 7.5, 11.25, 7.25], "texture": "#1"},
				"down": {"uv": [11.5, 7.75, 11.25, 8], "texture": "#1"}
			}
		},
		{
			"from": [9.748, 4.048, 8.874],
			"to": [9.932, 4.692, 9.058],
			"rotation": {"angle": -22.5, "axis": "z", "origin": [7.54, 4.37, 7.08]},
			"faces": {
				"north": {"uv": [9.5, 4.25, 9.75, 4.75], "texture": "#1"},
				"east": {"uv": [7, 9.5, 7.25, 10], "texture": "#1"},
				"south": {"uv": [9.5, 7, 9.75, 7.5], "texture": "#1"},
				"west": {"uv": [7.5, 9.5, 7.75, 10], "texture": "#1"},
				"up": {"uv": [11.5, 8.5, 11.25, 8.25], "texture": "#1"},
				"down": {"uv": [11.25, 11.25, 11, 11.5], "texture": "#1"}
			}
		},
		{
			"from": [9.288, 4.968, 8.874],
			"to": [9.472, 5.612, 9.058],
			"rotation": {"angle": -22.5, "axis": "z", "origin": [7.54, 4.37, 7.08]},
			"faces": {
				"north": {"uv": [9.5, 7.75, 9.75, 8.25], "texture": "#1"},
				"east": {"uv": [9.75, 0, 10, 0.5], "texture": "#1"},
				"south": {"uv": [9.75, 0.75, 10, 1.25], "texture": "#1"},
				"west": {"uv": [1, 9.75, 1.25, 10.25], "texture": "#1"},
				"up": {"uv": [0.25, 11.75, 0, 11.5], "texture": "#1"},
				"down": {"uv": [0.75, 11.5, 0.5, 11.75], "texture": "#1"}
			}
		},
		{
			"from": [9.518, 4.508, 8.414],
			"to": [9.702, 5.152, 8.598],
			"rotation": {"angle": -22.5, "axis": "z", "origin": [7.54, 4.37, 7.08]},
			"faces": {
				"north": {"uv": [1.5, 9.75, 1.75, 10.25], "texture": "#1"},
				"east": {"uv": [9.75, 1.5, 10, 2], "texture": "#1"},
				"south": {"uv": [2, 9.75, 2.25, 10.25], "texture": "#1"},
				"west": {"uv": [9.75, 2.25, 10, 2.75], "texture": "#1"},
				"up": {"uv": [3.25, 11.75, 3, 11.5], "texture": "#1"},
				"down": {"uv": [11.75, 3, 11.5, 3.25], "texture": "#1"}
			}
		},
		{
			"from": [9.15, 5.428, 8.414],
			"to": [9.334, 6.072, 8.598],
			"rotation": {"angle": -22.5, "axis": "z", "origin": [7.54, 4.37, 7.08]},
			"faces": {
				"north": {"uv": [1.5, 9.75, 1.75, 10.25], "texture": "#1"},
				"east": {"uv": [9.75, 1.5, 10, 2], "texture": "#1"},
				"south": {"uv": [2, 9.75, 2.25, 10.25], "texture": "#1"},
				"west": {"uv": [9.75, 2.25, 10, 2.75], "texture": "#1"},
				"up": {"uv": [3.25, 11.75, 3, 11.5], "texture": "#1"},
				"down": {"uv": [11.75, 3, 11.5, 3.25], "texture": "#1"}
			}
		},
		{
			"from": [9.15, 5.428, 7.494],
			"to": [9.334, 6.072, 7.678],
			"rotation": {"angle": -22.5, "axis": "z", "origin": [7.54, 4.37, 7.08]},
			"faces": {
				"north": {"uv": [1.5, 9.75, 1.75, 10.25], "texture": "#1"},
				"east": {"uv": [9.75, 1.5, 10, 2], "texture": "#1"},
				"south": {"uv": [2, 9.75, 2.25, 10.25], "texture": "#1"},
				"west": {"uv": [9.75, 2.25, 10, 2.75], "texture": "#1"},
				"up": {"uv": [3.25, 11.75, 3, 11.5], "texture": "#1"},
				"down": {"uv": [11.75, 3, 11.5, 3.25], "texture": "#1"}
			}
		},
		{
			"from": [9.518, 4.508, 7.494],
			"to": [9.702, 5.152, 7.678],
			"rotation": {"angle": -22.5, "axis": "z", "origin": [7.54, 4.37, 7.08]},
			"faces": {
				"north": {"uv": [2.5, 9.75, 2.75, 10.25], "texture": "#1"},
				"east": {"uv": [9.75, 5, 10, 5.5], "texture": "#1"},
				"south": {"uv": [9.75, 5.75, 10, 6.25], "texture": "#1"},
				"west": {"uv": [9.75, 8.5, 10, 9], "texture": "#1"},
				"up": {"uv": [3.75, 11.75, 3.5, 11.5], "texture": "#1"},
				"down": {"uv": [11.75, 3.5, 11.5, 3.75], "texture": "#1"}
			}
		},
		{
			"from": [5.976, 3.588, 6.988],
			"to": [6.16, 4.232, 7.172],
			"rotation": {"angle": 22.5, "axis": "z", "origin": [7.54, 4.37, 7.08]},
			"faces": {
				"north": {"uv": [9.75, 9.25, 10, 9.75], "texture": "#1"},
				"east": {"uv": [0, 10, 0.25, 10.5], "texture": "#1"},
				"south": {"uv": [0.5, 10, 0.75, 10.5], "texture": "#1"},
				"west": {"uv": [3, 10, 3.25, 10.5], "texture": "#1"},
				"up": {"uv": [4.25, 11.75, 4, 11.5], "texture": "#1"},
				"down": {"uv": [4.75, 11.5, 4.5, 11.75], "texture": "#1"}
			}
		},
		{
			"from": [5.976, 3.588, 7.908],
			"to": [6.16, 4.232, 8.092],
			"rotation": {"angle": 22.5, "axis": "z", "origin": [7.54, 4.37, 7.08]},
			"faces": {
				"north": {"uv": [10, 3, 10.25, 3.5], "texture": "#1"},
				"east": {"uv": [3.5, 10, 3.75, 10.5], "texture": "#1"},
				"south": {"uv": [10, 3.75, 10.25, 4.25], "texture": "#1"},
				"west": {"uv": [4, 10, 4.25, 10.5], "texture": "#1"},
				"up": {"uv": [5.25, 11.75, 5, 11.5], "texture": "#1"},
				"down": {"uv": [5.75, 11.5, 5.5, 11.75], "texture": "#1"}
			}
		},
		{
			"from": [5.976, 3.588, 8.828],
			"to": [6.16, 4.232, 9.012],
			"rotation": {"angle": 22.5, "axis": "z", "origin": [7.54, 4.37, 7.08]},
			"faces": {
				"north": {"uv": [4.5, 10, 4.75, 10.5], "texture": "#1"},
				"east": {"uv": [5, 10, 5.25, 10.5], "texture": "#1"},
				"south": {"uv": [5.5, 10, 5.75, 10.5], "texture": "#1"},
				"west": {"uv": [6, 10, 6.25, 10.5], "texture": "#1"},
				"up": {"uv": [11.75, 6, 11.5, 5.75], "texture": "#1"},
				"down": {"uv": [6.25, 11.5, 6, 11.75], "texture": "#1"}
			}
		},
		{
			"from": [6.39, 4.508, 8.828],
			"to": [6.574, 5.152, 9.012],
			"rotation": {"angle": 22.5, "axis": "z", "origin": [7.54, 4.37, 7.08]},
			"faces": {
				"north": {"uv": [6.5, 10, 6.75, 10.5], "texture": "#1"},
				"east": {"uv": [10, 6.5, 10.25, 7], "texture": "#1"},
				"south": {"uv": [10, 7.25, 10.25, 7.75], "texture": "#1"},
				"west": {"uv": [8, 10, 8.25, 10.5], "texture": "#1"},
				"up": {"uv": [11.75, 6.5, 11.5, 6.25], "texture": "#1"},
				"down": {"uv": [6.75, 11.5, 6.5, 11.75], "texture": "#1"}
			}
		},
		{
			"from": [6.39, 4.508, 7.908],
			"to": [6.574, 5.152, 8.092],
			"rotation": {"angle": 22.5, "axis": "z", "origin": [7.54, 4.37, 7.08]},
			"faces": {
				"north": {"uv": [8.5, 10, 8.75, 10.5], "texture": "#1"},
				"east": {"uv": [9, 10, 9.25, 10.5], "texture": "#1"},
				"south": {"uv": [9.5, 10, 9.75, 10.5], "texture": "#1"},
				"west": {"uv": [10, 10, 10.25, 10.5], "texture": "#1"},
				"up": {"uv": [11.75, 7, 11.5, 6.75], "texture": "#1"},
				"down": {"uv": [8.25, 11.5, 8, 11.75], "texture": "#1"}
			}
		},
		{
			"from": [6.39, 4.508, 6.988],
			"to": [6.574, 5.152, 7.172],
			"rotation": {"angle": 22.5, "axis": "z", "origin": [7.54, 4.37, 7.08]},
			"faces": {
				"north": {"uv": [10.25, 0, 10.5, 0.5], "texture": "#1"},
				"east": {"uv": [10.25, 0.75, 10.5, 1.25], "texture": "#1"},
				"south": {"uv": [10.25, 1.5, 10.5, 2], "texture": "#1"},
				"west": {"uv": [10.25, 2.25, 10.5, 2.75], "texture": "#1"},
				"up": {"uv": [8.75, 11.75, 8.5, 11.5], "texture": "#1"},
				"down": {"uv": [11.75, 8.75, 11.5, 9], "texture": "#1"}
			}
		},
		{
			"from": [6.114, 4.048, 7.448],
			"to": [6.298, 4.692, 7.632],
			"rotation": {"angle": 22.5, "axis": "z", "origin": [7.54, 4.37, 7.08]},
			"faces": {
				"north": {"uv": [10.25, 4.5, 10.5, 5], "texture": "#1"},
				"east": {"uv": [10.25, 5.25, 10.5, 5.75], "texture": "#1"},
				"south": {"uv": [7, 10.25, 7.25, 10.75], "texture": "#1"},
				"west": {"uv": [7.5, 10.25, 7.75, 10.75], "texture": "#1"},
				"up": {"uv": [9.25, 11.75, 9, 11.5], "texture": "#1"},
				"down": {"uv": [11.75, 9.25, 11.5, 9.5], "texture": "#1"}
			}
		},
		{
			"from": [6.574, 4.968, 7.448],
			"to": [6.758, 5.612, 7.632],
			"rotation": {"angle": 22.5, "axis": "z", "origin": [7.54, 4.37, 7.08]},
			"faces": {
				"north": {"uv": [10.25, 4.5, 10.5, 5], "texture": "#1"},
				"east": {"uv": [10.25, 5.25, 10.5, 5.75], "texture": "#1"},
				"south": {"uv": [7, 10.25, 7.25, 10.75], "texture": "#1"},
				"west": {"uv": [7.5, 10.25, 7.75, 10.75], "texture": "#1"},
				"up": {"uv": [9.25, 11.75, 9, 11.5], "texture": "#1"},
				"down": {"uv": [11.75, 9.25, 11.5, 9.5], "texture": "#1"}
			}
		},
		{
			"from": [6.574, 4.968, 8.368],
			"to": [6.758, 5.612, 8.552],
			"rotation": {"angle": 22.5, "axis": "z", "origin": [7.54, 4.37, 7.08]},
			"faces": {
				"north": {"uv": [10.25, 4.5, 10.5, 5], "texture": "#1"},
				"east": {"uv": [10.25, 5.25, 10.5, 5.75], "texture": "#1"},
				"south": {"uv": [7, 10.25, 7.25, 10.75], "texture": "#1"},
				"west": {"uv": [7.5, 10.25, 7.75, 10.75], "texture": "#1"},
				"up": {"uv": [9.25, 11.75, 9, 11.5], "texture": "#1"},
				"down": {"uv": [11.75, 9.25, 11.5, 9.5], "texture": "#1"}
			}
		},
		{
			"from": [6.114, 4.048, 8.368],
			"to": [6.298, 4.692, 8.552],
			"rotation": {"angle": 22.5, "axis": "z", "origin": [7.54, 4.37, 7.08]},
			"faces": {
				"north": {"uv": [10.25, 8, 10.5, 8.5], "texture": "#1"},
				"east": {"uv": [10.25, 8.75, 10.5, 9.25], "texture": "#1"},
				"south": {"uv": [1, 10.5, 1.25, 11], "texture": "#1"},
				"west": {"uv": [1.5, 10.5, 1.75, 11], "texture": "#1"},
				"up": {"uv": [9.75, 11.75, 9.5, 11.5], "texture": "#1"},
				"down": {"uv": [11.75, 9.75, 11.5, 10], "texture": "#1"}
			}
		},
		{
			"from": [8.828, 2.668, 9.702],
			"to": [9.012, 3.312, 9.886],
			"rotation": {"angle": 22.5, "axis": "x", "origin": [9.38, 3.91, 9.84]},
			"faces": {
				"north": {"uv": [2, 10.5, 2.25, 11], "texture": "#1"},
				"east": {"uv": [2.5, 10.5, 2.75, 11], "texture": "#1"},
				"south": {"uv": [10.5, 3, 10.75, 3.5], "texture": "#1"},
				"west": {"uv": [10.5, 3.75, 10.75, 4.25], "texture": "#1"},
				"up": {"uv": [10.25, 11.75, 10, 11.5], "texture": "#1"},
				"down": {"uv": [11.75, 10.25, 11.5, 10.5], "texture": "#1"}
			}
		},
		{
			"from": [7.908, 2.668, 9.702],
			"to": [8.092, 3.312, 9.886],
			"rotation": {"angle": 22.5, "axis": "x", "origin": [9.38, 3.91, 9.84]},
			"faces": {
				"north": {"uv": [10.5, 6, 10.75, 6.5], "texture": "#1"},
				"east": {"uv": [10.5, 6.75, 10.75, 7.25], "texture": "#1"},
				"south": {"uv": [10.5, 9.5, 10.75, 10], "texture": "#1"},
				"west": {"uv": [10.5, 10.25, 10.75, 10.75], "texture": "#1"},
				"up": {"uv": [10.75, 11.75, 10.5, 11.5], "texture": "#1"},
				"down": {"uv": [11.75, 10.75, 11.5, 11], "texture": "#1"}
			}
		},
		{
			"from": [6.988, 2.668, 9.702],
			"to": [7.172, 3.312, 9.886],
			"rotation": {"angle": 22.5, "axis": "x", "origin": [9.38, 3.91, 9.84]},
			"faces": {
				"north": {"uv": [0, 10.75, 0.25, 11.25], "texture": "#1"},
				"east": {"uv": [10.75, 0, 11, 0.5], "texture": "#1"},
				"south": {"uv": [0.5, 10.75, 0.75, 11.25], "texture": "#1"},
				"west": {"uv": [10.75, 0.75, 11, 1.25], "texture": "#1"},
				"up": {"uv": [11.75, 11.5, 11.5, 11.25], "texture": "#1"},
				"down": {"uv": [12, 0, 11.75, 0.25], "texture": "#1"}
			}
		},
		{
			"from": [6.988, 4.048, 9.15],
			"to": [7.172, 4.692, 9.334],
			"rotation": {"angle": 22.5, "axis": "x", "origin": [9.38, 3.91, 9.84]},
			"faces": {
				"north": {"uv": [10.75, 1.5, 11, 2], "texture": "#1"},
				"east": {"uv": [10.75, 2.25, 11, 2.75], "texture": "#1"},
				"south": {"uv": [3, 10.75, 3.25, 11.25], "texture": "#1"},
				"west": {"uv": [3.5, 10.75, 3.75, 11.25], "texture": "#1"},
				"up": {"uv": [12, 0.75, 11.75, 0.5], "texture": "#1"},
				"down": {"uv": [1.25, 11.75, 1, 12], "texture": "#1"}
			}
		},
		{
			"from": [7.908, 4.048, 9.15],
			"to": [8.092, 4.692, 9.334],
			"rotation": {"angle": 22.5, "axis": "x", "origin": [9.38, 3.91, 9.84]},
			"faces": {
				"north": {"uv": [4, 10.75, 4.25, 11.25], "texture": "#1"},
				"east": {"uv": [4.5, 10.75, 4.75, 11.25], "texture": "#1"},
				"south": {"uv": [10.75, 4.5, 11, 5], "texture": "#1"},
				"west": {"uv": [5, 10.75, 5.25, 11.25], "texture": "#1"},
				"up": {"uv": [12, 1.25, 11.75, 1], "texture": "#1"},
				"down": {"uv": [1.75, 11.75, 1.5, 12], "texture": "#1"}
			}
		},
		{
			"from": [8.828, 4.048, 9.15],
			"to": [9.012, 4.692, 9.334],
			"rotation": {"angle": 22.5, "axis": "x", "origin": [9.38, 3.91, 9.84]},
			"faces": {
				"north": {"uv": [10.75, 5.25, 11, 5.75], "texture": "#1"},
				"east": {"uv": [5.5, 10.75, 5.75, 11.25], "texture": "#1"},
				"south": {"uv": [6, 10.75, 6.25, 11.25], "texture": "#1"},
				"west": {"uv": [6.5, 10.75, 6.75, 11.25], "texture": "#1"},
				"up": {"uv": [12, 1.75, 11.75, 1.5], "texture": "#1"},
				"down": {"uv": [2.25, 11.75, 2, 12], "texture": "#1"}
			}
		},
		{
			"from": [8.368, 3.358, 9.426],
			"to": [8.552, 4.002, 9.61],
			"rotation": {"angle": 22.5, "axis": "x", "origin": [9.38, 3.91, 9.84]},
			"faces": {
				"north": {"uv": [10.75, 7.5, 11, 8], "texture": "#1"},
				"east": {"uv": [8, 10.75, 8.25, 11.25], "texture": "#1"},
				"south": {"uv": [10.75, 8.25, 11, 8.75], "texture": "#1"},
				"west": {"uv": [8.5, 10.75, 8.75, 11.25], "texture": "#1"},
				"up": {"uv": [12, 2.25, 11.75, 2], "texture": "#1"},
				"down": {"uv": [2.75, 11.75, 2.5, 12], "texture": "#1"}
			}
		},
		{
			"from": [7.448, 3.358, 9.426],
			"to": [7.632, 4.002, 9.61],
			"rotation": {"angle": 22.5, "axis": "x", "origin": [9.38, 3.91, 9.84]},
			"faces": {
				"north": {"uv": [9, 10.75, 9.25, 11.25], "texture": "#1"},
				"east": {"uv": [9.5, 10.75, 9.75, 11.25], "texture": "#1"},
				"south": {"uv": [10, 10.75, 10.25, 11.25], "texture": "#1"},
				"west": {"uv": [11, 3, 11.25, 3.5], "texture": "#1"},
				"up": {"uv": [12, 2.75, 11.75, 2.5], "texture": "#1"},
				"down": {"uv": [12, 4, 11.75, 4.25], "texture": "#1"}
			}
		}
	],
	"display": {
		"head": {
			"translation": [0, -12.75, 0],
			"scale": [1.6, 1.6, 1.6]
		}
	},
	"groups": [
		{
			"name": "Head",
			"origin": [0, 24, 0],
			"color": 0,
			"children": [0, 1]
		},
		{
			"name": "Body",
			"origin": [0, 24, 0],
			"color": 0,
			"children": [
				2,
				3,
				4,
				{
					"name": "breast",
					"origin": [8, 11, 8],
					"color": 0,
					"children": [5, 6]
				},
				{
					"name": "Body",
					"origin": [0, 24, 0],
					"color": 0,
					"children": [7]
				},
				{
					"name": "Body",
					"origin": [0, 24, 0],
					"color": 0,
					"children": [8]
				},
				{
					"name": "Body",
					"origin": [0, 24, 0],
					"color": 0,
					"children": [9, 10]
				},
				{
					"name": "Body",
					"origin": [0, 24, 0],
					"color": 0,
					"children": [11, 12]
				}
			]
		},
		{
			"name": "RightArm",
			"origin": [5, 22, 0],
			"color": 0,
			"children": [
				13,
				14,
				{
					"name": "RightArm",
					"origin": [5, 22, 0],
					"color": 0,
					"children": [15, 16]
				}
			]
		},
		{
			"name": "LeftArm",
			"origin": [-5, 22, 0],
			"color": 0,
			"children": [
				17,
				18,
				{
					"name": "LeftArm",
					"origin": [-5, 22, 0],
					"color": 0,
					"children": [19, 20]
				}
			]
		},
		{
			"name": "RightLeg",
			"origin": [1.9, 12, 0],
			"color": 0,
			"children": [
				21,
				22,
				{
					"name": "RightLeg",
					"origin": [1.9, 12, 0],
					"color": 0,
					"children": [23, 24]
				}
			]
		},
		{
			"name": "LeftLeg",
			"origin": [-1.9, 12, 0],
			"color": 0,
			"children": [
				25,
				26,
				{
					"name": "LeftLeg",
					"origin": [-1.9, 12, 0],
					"color": 0,
					"children": [27, 28]
				}
			]
		},
		{
			"name": "Stray Cat Second Form",
			"origin": [8, 8, 8],
			"color": 0,
			"children": [
				{
					"name": "Straycat",
					"origin": [8, 8, 8],
					"color": 0,
					"children": [
						{
							"name": "Head",
							"origin": [8, 8, 8],
							"color": 0,
							"children": [29, 30, 31, 32, 33, 34, 35, 36, 37]
						},
						{
							"name": "Body",
							"origin": [8, 8, 8],
							"color": 0,
							"children": [38, 39, 40, 41, 42, 43]
						},
						{
							"name": "Spikes",
							"origin": [8, 8, 8],
							"color": 0,
							"children": [
								44,
								45,
								46,
								47,
								{
									"name": "group",
									"origin": [7, 5, 6],
									"color": 0,
									"children": [48, 49, 50, 51, 52, 53, 54, 55, 56, 57]
								},
								{
									"name": "group",
									"origin": [8, 8, 8],
									"color": 0,
									"children": [58, 59, 60, 61, 62, 63, 64, 65, 66, 67]
								},
								{
									"name": "group",
									"origin": [8, 8, 8],
									"color": 0,
									"children": [68, 69, 70, 71, 72, 73, 74, 75]
								}
							]
						}
					]
				}
			]
		}
	]
}