{
	"credit": "Made with Blockbench",
	"textures": {
		"0": "nw:stand/skins/thefool",
		"particle": "nw:stand/skins/thefool"
	},
	"elements": [
		{
			"from": [12.6, 3.28034, 15.29533],
			"to": [13.65, 4.78034, 16.79533],
			"rotation": {"angle": 0, "axis": "y", "origin": [13.4402, 6.98995, 16.05367]},
			"faces": {
				"north": {"uv": [15.125, 14.5, 15.475, 15], "texture": "#0"},
				"east": {"uv": [14, 15, 14.5, 15.5], "texture": "#0"},
				"south": {"uv": [14.75, 13.75, 15.1, 14.25], "texture": "#0"},
				"west": {"uv": [13.75, 14, 14.25, 14.5], "texture": "#0"},
				"up": {"uv": [15.5, 15.5, 15.85, 16], "texture": "#0"},
				"down": {"uv": [14.75, 14.375, 15.1, 14.875], "texture": "#0"}
			}
		},
		{
			"from": [12.6, 3.28046, 15.31142],
			"to": [13.65, 4.78046, 16.81142],
			"rotation": {"angle": -22.5, "axis": "x", "origin": [13.4402, 6.98995, 16.05367]},
			"faces": {
				"north": {"uv": [15.125, 14.5, 15.475, 15], "rotation": 180, "texture": "#0"},
				"east": {"uv": [14, 15, 14.5, 15.5], "rotation": 180, "texture": "#0"},
				"south": {"uv": [14.75, 13.75, 15.1, 14.25], "rotation": 180, "texture": "#0"},
				"west": {"uv": [13.75, 14, 14.25, 14.5], "rotation": 180, "texture": "#0"},
				"up": {"uv": [15.5, 15.5, 15.85, 16], "texture": "#0"},
				"down": {"uv": [14.75, 14.375, 15.1, 14.875], "texture": "#0"}
			}
		},
		{
			"from": [12.6, 6.26262, 18.26921],
			"to": [13.65, 7.76262, 19.76921],
			"rotation": {"angle": 45, "axis": "x", "origin": [13.4402, 6.98995, 16.05367]},
			"faces": {
				"north": {"uv": [15.125, 14.5, 15.475, 15], "rotation": 180, "texture": "#0"},
				"east": {"uv": [14, 15, 14.5, 15.5], "rotation": 270, "texture": "#0"},
				"south": {"uv": [14.75, 13.75, 15.1, 14.25], "texture": "#0"},
				"west": {"uv": [13.75, 14, 14.25, 14.5], "rotation": 90, "texture": "#0"},
				"up": {"uv": [15.5, 15.5, 15.85, 16], "rotation": 180, "texture": "#0"},
				"down": {"uv": [14.75, 14.375, 15.1, 14.875], "texture": "#0"}
			}
		},
		{
			"from": [12.6, 6.27408, 18.2805],
			"to": [13.65, 7.77408, 19.7805],
			"rotation": {"angle": 22.5, "axis": "x", "origin": [13.4402, 6.98995, 16.05367]},
			"faces": {
				"north": {"uv": [15.125, 14.5, 15.475, 15], "rotation": 180, "texture": "#0"},
				"east": {"uv": [14, 15, 14.5, 15.5], "rotation": 270, "texture": "#0"},
				"south": {"uv": [14.75, 13.75, 15.1, 14.25], "texture": "#0"},
				"west": {"uv": [13.75, 14, 14.25, 14.5], "rotation": 90, "texture": "#0"},
				"up": {"uv": [15.5, 15.5, 15.85, 16], "rotation": 180, "texture": "#0"},
				"down": {"uv": [14.75, 14.375, 15.1, 14.875], "texture": "#0"}
			}
		},
		{
			"from": [12.6, 3.27408, 15.2805],
			"to": [13.65, 4.77408, 16.7805],
			"rotation": {"angle": 22.5, "axis": "x", "origin": [13.4402, 6.98995, 16.05367]},
			"faces": {
				"north": {"uv": [15.125, 14.5, 15.475, 15], "rotation": 180, "texture": "#0"},
				"east": {"uv": [14, 15, 14.5, 15.5], "rotation": 180, "texture": "#0"},
				"south": {"uv": [14.75, 13.75, 15.1, 14.25], "rotation": 180, "texture": "#0"},
				"west": {"uv": [13.75, 14, 14.25, 14.5], "rotation": 180, "texture": "#0"},
				"up": {"uv": [15.5, 15.5, 15.85, 16], "texture": "#0"},
				"down": {"uv": [14.75, 14.375, 15.1, 14.875], "texture": "#0"}
			}
		},
		{
			"from": [12.6, 6.27441, 12.32633],
			"to": [13.65, 7.77441, 13.82633],
			"rotation": {"angle": -45, "axis": "x", "origin": [13.4402, 6.98995, 16.05367]},
			"faces": {
				"north": {"uv": [15.125, 14.5, 15.475, 15], "rotation": 180, "texture": "#0"},
				"east": {"uv": [14, 15, 14.5, 15.5], "rotation": 90, "texture": "#0"},
				"south": {"uv": [14.75, 13.75, 15.1, 14.25], "texture": "#0"},
				"west": {"uv": [13.75, 14, 14.25, 14.5], "rotation": 270, "texture": "#0"},
				"up": {"uv": [15.5, 15.5, 15.85, 16], "texture": "#0"},
				"down": {"uv": [14.75, 14.375, 15.1, 14.875], "rotation": 180, "texture": "#0"}
			}
		},
		{
			"from": [12.6, 6.28046, 12.31142],
			"to": [13.65, 7.78046, 13.81142],
			"rotation": {"angle": -22.5, "axis": "x", "origin": [13.4402, 6.98995, 16.05367]},
			"faces": {
				"north": {"uv": [15.125, 14.5, 15.475, 15], "rotation": 180, "texture": "#0"},
				"east": {"uv": [14, 15, 14.5, 15.5], "rotation": 90, "texture": "#0"},
				"south": {"uv": [14.75, 13.75, 15.1, 14.25], "texture": "#0"},
				"west": {"uv": [13.75, 14, 14.25, 14.5], "rotation": 270, "texture": "#0"},
				"up": {"uv": [15.5, 15.5, 15.85, 16], "texture": "#0"},
				"down": {"uv": [14.75, 14.375, 15.1, 14.875], "rotation": 180, "texture": "#0"}
			}
		},
		{
			"from": [12.6, 6.28034, 12.29533],
			"to": [13.65, 7.78034, 13.79533],
			"rotation": {"angle": 0, "axis": "y", "origin": [13.4402, 6.98995, 16.05367]},
			"faces": {
				"north": {"uv": [15.125, 14.5, 15.475, 15], "rotation": 180, "texture": "#0"},
				"east": {"uv": [14, 15, 14.5, 15.5], "rotation": 90, "texture": "#0"},
				"south": {"uv": [14.75, 13.75, 15.1, 14.25], "texture": "#0"},
				"west": {"uv": [13.75, 14, 14.25, 14.5], "rotation": 270, "texture": "#0"},
				"up": {"uv": [15.5, 15.5, 15.85, 16], "texture": "#0"},
				"down": {"uv": [14.75, 14.375, 15.1, 14.875], "rotation": 180, "texture": "#0"}
			}
		},
		{
			"from": [12.6, 6.27408, 12.2805],
			"to": [13.65, 7.77408, 13.7805],
			"rotation": {"angle": 22.5, "axis": "x", "origin": [13.4402, 6.98995, 16.05367]},
			"faces": {
				"north": {"uv": [15.125, 14.5, 15.475, 15], "rotation": 180, "texture": "#0"},
				"east": {"uv": [14, 15, 14.5, 15.5], "rotation": 90, "texture": "#0"},
				"south": {"uv": [14.75, 13.75, 15.1, 14.25], "texture": "#0"},
				"west": {"uv": [13.75, 14, 14.25, 14.5], "rotation": 270, "texture": "#0"},
				"up": {"uv": [15.5, 15.5, 15.85, 16], "texture": "#0"},
				"down": {"uv": [14.75, 14.375, 15.1, 14.875], "rotation": 180, "texture": "#0"}
			}
		},
		{
			"from": [12.6, 6.28046, 18.31142],
			"to": [14.1, 7.78046, 19.81142],
			"rotation": {"angle": -22.5, "axis": "x", "origin": [13.4402, 6.98995, 16.05367]},
			"faces": {
				"north": {"uv": [15.125, 14.5, 15.625, 15], "rotation": 180, "texture": "#0"},
				"east": {"uv": [14, 15, 14.5, 15.5], "rotation": 270, "texture": "#0"},
				"south": {"uv": [14.75, 13.75, 15.25, 14.25], "texture": "#0"},
				"west": {"uv": [13.75, 14, 14.25, 14.5], "rotation": 90, "texture": "#0"},
				"up": {"uv": [15.5, 15.5, 16, 16], "rotation": 180, "texture": "#0"},
				"down": {"uv": [14.75, 14.375, 15.25, 14.875], "texture": "#0"}
			}
		},
		{
			"from": [12.6, 9.27441, 15.32633],
			"to": [14.1, 10.77441, 16.82633],
			"rotation": {"angle": -45, "axis": "x", "origin": [13.4402, 6.98995, 16.05367]},
			"faces": {
				"north": {"uv": [15.125, 14.5, 15.625, 15], "texture": "#0"},
				"east": {"uv": [14, 15, 14.5, 15.5], "texture": "#0"},
				"south": {"uv": [14.75, 13.75, 15.25, 14.25], "texture": "#0"},
				"west": {"uv": [13.75, 14, 14.25, 14.5], "texture": "#0"},
				"up": {"uv": [15.5, 15.5, 16, 16], "texture": "#0"},
				"down": {"uv": [14.75, 14.375, 15.25, 14.875], "texture": "#0"}
			}
		},
		{
			"from": [12.6, 9.26262, 15.26921],
			"to": [14.1, 10.76262, 16.76921],
			"rotation": {"angle": 45, "axis": "x", "origin": [13.4402, 6.98995, 16.05367]},
			"faces": {
				"north": {"uv": [15.125, 14.5, 15.625, 15], "rotation": 180, "texture": "#0"},
				"east": {"uv": [14, 15, 14.5, 15.5], "rotation": 180, "texture": "#0"},
				"south": {"uv": [14.75, 13.75, 15.25, 14.25], "rotation": 180, "texture": "#0"},
				"west": {"uv": [13.75, 14, 14.25, 14.5], "rotation": 180, "texture": "#0"},
				"up": {"uv": [15.5, 15.5, 16, 16], "texture": "#0"},
				"down": {"uv": [14.75, 14.375, 15.25, 14.875], "texture": "#0"}
			}
		},
		{
			"from": [12.6, 9.28046, 15.31142],
			"to": [14.1, 10.78046, 16.81142],
			"rotation": {"angle": -22.5, "axis": "x", "origin": [13.4402, 6.98995, 16.05367]},
			"faces": {
				"north": {"uv": [15.125, 14.5, 15.625, 15], "texture": "#0"},
				"east": {"uv": [14, 15, 14.5, 15.5], "texture": "#0"},
				"south": {"uv": [14.75, 13.75, 15.25, 14.25], "texture": "#0"},
				"west": {"uv": [13.75, 14, 14.25, 14.5], "texture": "#0"},
				"up": {"uv": [15.5, 15.5, 16, 16], "texture": "#0"},
				"down": {"uv": [14.75, 14.375, 15.25, 14.875], "texture": "#0"}
			}
		},
		{
			"from": [12.6, 6.28034, 18.29533],
			"to": [14.1, 7.78034, 19.79533],
			"rotation": {"angle": 0, "axis": "y", "origin": [13.4402, 6.98995, 16.05367]},
			"faces": {
				"north": {"uv": [15.125, 14.5, 15.625, 15], "rotation": 180, "texture": "#0"},
				"east": {"uv": [14, 15, 14.5, 15.5], "rotation": 270, "texture": "#0"},
				"south": {"uv": [14.75, 13.75, 15.25, 14.25], "texture": "#0"},
				"west": {"uv": [13.75, 14, 14.25, 14.5], "rotation": 90, "texture": "#0"},
				"up": {"uv": [15.5, 15.5, 16, 16], "rotation": 180, "texture": "#0"},
				"down": {"uv": [14.75, 14.375, 15.25, 14.875], "texture": "#0"}
			}
		},
		{
			"from": [12.6, 9.28034, 15.29533],
			"to": [14.1, 10.78034, 16.79533],
			"rotation": {"angle": 0, "axis": "y", "origin": [13.4402, 6.98995, 16.05367]},
			"faces": {
				"north": {"uv": [15.125, 14.5, 15.625, 15], "texture": "#0"},
				"east": {"uv": [14, 15, 14.5, 15.5], "texture": "#0"},
				"south": {"uv": [14.75, 13.75, 15.25, 14.25], "texture": "#0"},
				"west": {"uv": [13.75, 14, 14.25, 14.5], "texture": "#0"},
				"up": {"uv": [15.5, 15.5, 16, 16], "texture": "#0"},
				"down": {"uv": [14.75, 14.375, 15.25, 14.875], "texture": "#0"}
			}
		},
		{
			"from": [12.6, 9.27408, 15.2805],
			"to": [14.1, 10.77408, 16.7805],
			"rotation": {"angle": 22.5, "axis": "x", "origin": [13.4402, 6.98995, 16.05367]},
			"faces": {
				"north": {"uv": [15.125, 14.5, 15.625, 15], "texture": "#0"},
				"east": {"uv": [14, 15, 14.5, 15.5], "texture": "#0"},
				"south": {"uv": [14.75, 13.75, 15.25, 14.25], "texture": "#0"},
				"west": {"uv": [13.75, 14, 14.25, 14.5], "texture": "#0"},
				"up": {"uv": [15.5, 15.5, 16, 16], "texture": "#0"},
				"down": {"uv": [14.75, 14.375, 15.25, 14.875], "texture": "#0"}
			}
		},
		{
			"from": [12.06751, 9.69462, 14.2954],
			"to": [12.81751, 19.19462, 15.0454],
			"rotation": {"angle": -22.5, "axis": "z", "origin": [13.4402, 6.98995, 16.05367]},
			"faces": {
				"north": {"uv": [0, 13.5, 0.25, 16], "texture": "#0"},
				"east": {"uv": [0, 13.5, 0.25, 16], "texture": "#0"},
				"south": {"uv": [0, 13.5, 0.25, 16], "texture": "#0"},
				"west": {"uv": [0, 13.5, 0.25, 16], "texture": "#0"},
				"up": {"uv": [0.25, 15, 0.5, 15.25], "texture": "#0"},
				"down": {"uv": [0.375, 14.875, 0.625, 15.125], "texture": "#0"}
			}
		},
		{
			"from": [12.4, 10.69462, 15.2954],
			"to": [13.15, 20.19462, 16.0454],
			"rotation": {"angle": 22.5, "axis": "z", "origin": [13.44251, 13.44462, 15.6704]},
			"faces": {
				"north": {"uv": [0, 13.5, 0.25, 16], "texture": "#0"},
				"east": {"uv": [0, 13.5, 0.25, 16], "texture": "#0"},
				"south": {"uv": [0, 13.5, 0.25, 16], "texture": "#0"},
				"west": {"uv": [0, 13.5, 0.25, 16], "texture": "#0"},
				"up": {"uv": [0.25, 15, 0.5, 15.25], "texture": "#0"},
				"down": {"uv": [0.375, 14.875, 0.625, 15.125], "texture": "#0"}
			}
		},
		{
			"from": [0.84402, 10.6946, 14.2954],
			"to": [1.59402, 20.1946, 15.0454],
			"rotation": {"angle": 22.5, "axis": "z", "origin": [4.21902, 13.4664, 15.6704]},
			"faces": {
				"north": {"uv": [0, 13.5, 0.25, 16], "rotation": 180, "texture": "#0"},
				"east": {"uv": [0, 13.5, 0.25, 16], "rotation": 180, "texture": "#0"},
				"south": {"uv": [0, 13.5, 0.25, 16], "rotation": 180, "texture": "#0"},
				"west": {"uv": [0, 13.5, 0.25, 16], "rotation": 180, "texture": "#0"},
				"up": {"uv": [0.375, 14.875, 0.625, 15.125], "rotation": 180, "texture": "#0"},
				"down": {"uv": [0.25, 15, 0.5, 15.25], "rotation": 180, "texture": "#0"}
			}
		},
		{
			"from": [2.84402, 10.6946, 15.2954],
			"to": [3.59402, 20.1946, 16.0454],
			"rotation": {"angle": -22.5, "axis": "z", "origin": [2.21902, 13.4446, 15.6704]},
			"faces": {
				"north": {"uv": [0, 13.5, 0.25, 16], "rotation": 180, "texture": "#0"},
				"east": {"uv": [0, 13.5, 0.25, 16], "rotation": 180, "texture": "#0"},
				"south": {"uv": [0, 13.5, 0.25, 16], "rotation": 180, "texture": "#0"},
				"west": {"uv": [0, 13.5, 0.25, 16], "rotation": 180, "texture": "#0"},
				"up": {"uv": [0.375, 14.875, 0.625, 15.125], "rotation": 180, "texture": "#0"},
				"down": {"uv": [0.25, 15, 0.5, 15.25], "rotation": 180, "texture": "#0"}
			}
		},
		{
			"from": [0.84402, 10.6946, 16.2954],
			"to": [1.59402, 20.1946, 17.0454],
			"rotation": {"angle": 22.5, "axis": "z", "origin": [4.21902, 13.4664, 15.6704]},
			"faces": {
				"north": {"uv": [0, 13.5, 0.25, 16], "rotation": 180, "texture": "#0"},
				"east": {"uv": [0, 13.5, 0.25, 16], "rotation": 180, "texture": "#0"},
				"south": {"uv": [0, 13.5, 0.25, 16], "rotation": 180, "texture": "#0"},
				"west": {"uv": [0, 13.5, 0.25, 16], "rotation": 180, "texture": "#0"},
				"up": {"uv": [0.375, 14.875, 0.625, 15.125], "rotation": 180, "texture": "#0"},
				"down": {"uv": [0.25, 15, 0.5, 15.25], "rotation": 180, "texture": "#0"}
			}
		},
		{
			"from": [12.06751, 9.69462, 16.1954],
			"to": [12.81751, 19.19462, 16.9454],
			"rotation": {"angle": -22.5, "axis": "z", "origin": [13.4402, 6.98995, 16.05367]},
			"faces": {
				"north": {"uv": [0, 13.5, 0.25, 16], "texture": "#0"},
				"east": {"uv": [0, 13.5, 0.25, 16], "texture": "#0"},
				"south": {"uv": [0, 13.5, 0.25, 16], "texture": "#0"},
				"west": {"uv": [0, 13.5, 0.25, 16], "texture": "#0"},
				"up": {"uv": [0.25, 15, 0.5, 15.25], "texture": "#0"},
				"down": {"uv": [0.375, 14.875, 0.625, 15.125], "texture": "#0"}
			}
		},
		{
			"from": [3.1, 5.37883, 7.98617],
			"to": [12.85, 11.37883, 13.48617],
			"rotation": {"angle": 0, "axis": "y", "origin": [8.1, 9.15466, 10.08185]},
			"faces": {
				"north": {"uv": [13.5, 13.625, 16, 16], "texture": "#0"},
				"east": {"uv": [13.625, 13.625, 16, 16], "texture": "#0"},
				"south": {"uv": [13.625, 13.75, 16, 16], "texture": "#0"},
				"west": {"uv": [13.5, 13.875, 16, 16], "texture": "#0"},
				"up": {"uv": [13.5, 13.5, 16, 16], "texture": "#0"},
				"down": {"uv": [13.5, 13.5, 16, 16], "texture": "#0"}
			}
		},
		{
			"from": [2.25, 8, -1],
			"to": [13.5, 15.5, 9.5],
			"rotation": {"angle": 22.5, "axis": "x", "origin": [8.25, 10.125, 0]},
			"faces": {
				"north": {"uv": [13.75, 13.625, 16, 16], "texture": "#0"},
				"east": {"uv": [13.375, 13.5, 16, 16], "texture": "#0"},
				"south": {"uv": [13.5, 13.875, 16, 16], "texture": "#0"},
				"west": {"uv": [13.75, 13.875, 16, 16], "texture": "#0"},
				"up": {"uv": [13.75, 13.625, 16, 16], "texture": "#0"},
				"down": {"uv": [13.5, 13.375, 16, 16], "texture": "#0"}
			}
		},
		{
			"from": [2.875, 5.375, 4.25],
			"to": [7.125, 6.625, 8.5],
			"rotation": {"angle": 22.5, "axis": "x", "origin": [1.5, 10.125, 3.875]},
			"faces": {
				"north": {"uv": [0, 16, 1, 14.25], "rotation": 270, "texture": "#0"},
				"east": {"uv": [0, 15.875, 1, 14.125], "rotation": 90, "texture": "#0"},
				"south": {"uv": [0, 16, 1, 14.25], "rotation": 90, "texture": "#0"},
				"west": {"uv": [0.25, 16, 1.25, 14.25], "rotation": 90, "texture": "#0"},
				"up": {"uv": [0, 16, 1.75, 14.25], "rotation": 90, "texture": "#0"},
				"down": {"uv": [0, 16, 1.75, 14.25], "rotation": 90, "texture": "#0"}
			}
		},
		{
			"from": [8.875, 5.375, 4.25],
			"to": [13.125, 6.625, 8.5],
			"rotation": {"angle": 22.5, "axis": "x", "origin": [15, 10.125, 3.875]},
			"faces": {
				"north": {"uv": [0, 14.25, 1, 16], "rotation": 270, "texture": "#0"},
				"east": {"uv": [0.25, 14.25, 1.25, 16], "rotation": 90, "texture": "#0"},
				"south": {"uv": [0, 14.25, 1, 16], "rotation": 90, "texture": "#0"},
				"west": {"uv": [0, 14.125, 1, 15.875], "rotation": 90, "texture": "#0"},
				"up": {"uv": [0, 14.25, 1.75, 16], "rotation": 90, "texture": "#0"},
				"down": {"uv": [0, 14.25, 1.75, 16], "rotation": 90, "texture": "#0"}
			}
		},
		{
			"from": [3.55, 8.37883, 11.98617],
			"to": [12.55, 11.37883, 18.48617],
			"rotation": {"angle": -22.5, "axis": "x", "origin": [8.1, 10.15466, 14.08185]},
			"faces": {
				"north": {"uv": [0, 13.625, 2.5, 16], "texture": "#0"},
				"east": {"uv": [0, 13.625, 2.375, 16], "texture": "#0"},
				"south": {"uv": [0, 13.75, 2.375, 16], "texture": "#0"},
				"west": {"uv": [0, 13.875, 2.5, 16], "texture": "#0"},
				"up": {"uv": [0, 13.5, 2.5, 16], "texture": "#0"},
				"down": {"uv": [0, 13.5, 2.5, 16], "texture": "#0"}
			}
		},
		{
			"from": [3.6, 4.62117, 11.98617],
			"to": [12.6, 7.62117, 18.48617],
			"rotation": {"angle": 22.5, "axis": "x", "origin": [8.1, 5.84534, 14.08185]},
			"faces": {
				"north": {"uv": [0, 16, 2.5, 13.625], "texture": "#0"},
				"east": {"uv": [0, 16, 2.375, 13.625], "texture": "#0"},
				"south": {"uv": [0, 16, 2.375, 13.75], "texture": "#0"},
				"west": {"uv": [0, 16, 2.5, 13.875], "texture": "#0"},
				"up": {"uv": [0, 16, 2.5, 13.5], "texture": "#0"},
				"down": {"uv": [0, 16, 2.5, 13.5], "texture": "#0"}
			}
		},
		{
			"from": [-4, 19, 12],
			"to": [3.25, 20.5, 19.5],
			"rotation": {"angle": 0, "axis": "y", "origin": [8.25, 10.125, -3]},
			"faces": {
				"north": {"uv": [11.75, 0.125, 12.875, 1.375], "texture": "#0"},
				"east": {"uv": [11.5, 0, 13, 1.375], "texture": "#0"},
				"south": {"uv": [11.75, 0.375, 13, 1.5], "texture": "#0"},
				"west": {"uv": [11.875, 0.375, 12.875, 1.375], "texture": "#0"},
				"up": {"uv": [11.75, 0.125, 12.875, 1.25], "texture": "#0"},
				"down": {"uv": [11.625, 0, 13.125, 1.375], "texture": "#0"}
			}
		},
		{
			"from": [-5.5, 19, 11],
			"to": [1.75, 20.5, 18.5],
			"rotation": {"angle": 45, "axis": "y", "origin": [-0.375, 19.75, 15.75]},
			"faces": {
				"north": {"uv": [11.75, 0.125, 12.875, 1.375], "texture": "#0"},
				"east": {"uv": [11.5, 0, 13, 1.375], "texture": "#0"},
				"south": {"uv": [11.75, 0.375, 13, 1.5], "texture": "#0"},
				"west": {"uv": [11.875, 0.375, 12.875, 1.375], "texture": "#0"},
				"up": {"uv": [11.75, 0.125, 12.875, 1.25], "texture": "#0"},
				"down": {"uv": [11.625, 0, 13.125, 1.375], "texture": "#0"}
			}
		},
		{
			"from": [11.9, 19, 14.2],
			"to": [19.15, 20.5, 21.7],
			"rotation": {"angle": 45, "axis": "y", "origin": [14.04998, 19.75, 14.05294]},
			"faces": {
				"north": {"uv": [11.75, 0.125, 12.875, 1.375], "texture": "#0"},
				"east": {"uv": [11.5, 0, 13, 1.375], "texture": "#0"},
				"south": {"uv": [11.75, 0.375, 13, 1.5], "texture": "#0"},
				"west": {"uv": [11.875, 0.375, 12.875, 1.375], "texture": "#0"},
				"up": {"uv": [11.75, 0.125, 12.875, 1.25], "texture": "#0"},
				"down": {"uv": [11.625, 0, 13.125, 1.375], "texture": "#0"}
			}
		},
		{
			"from": [12, 19, 12],
			"to": [19.25, 20.5, 19.5],
			"rotation": {"angle": 0, "axis": "y", "origin": [8.25, 10.125, -3]},
			"faces": {
				"north": {"uv": [11.75, 0.125, 12.875, 1.375], "texture": "#0"},
				"east": {"uv": [11.5, 0, 13, 1.375], "texture": "#0"},
				"south": {"uv": [11.75, 0.375, 13, 1.5], "texture": "#0"},
				"west": {"uv": [11.875, 0.375, 12.875, 1.375], "texture": "#0"},
				"up": {"uv": [11.75, 0.125, 12.875, 1.25], "texture": "#0"},
				"down": {"uv": [11.625, 0, 13.125, 1.375], "texture": "#0"}
			}
		},
		{
			"from": [-14, 19, 9],
			"to": [0.25, 20.5, 18.5],
			"rotation": {"angle": 0, "axis": "y", "origin": [8.25, 10.125, -3]},
			"faces": {
				"north": {"uv": [11.75, 0.125, 12.875, 1.375], "texture": "#0"},
				"east": {"uv": [11.5, 0, 13, 1.375], "texture": "#0"},
				"south": {"uv": [11.75, 0.375, 13, 1.5], "texture": "#0"},
				"west": {"uv": [11.875, 0.375, 12.875, 1.375], "texture": "#0"},
				"up": {"uv": [11.75, 0.125, 12.875, 1.25], "texture": "#0"},
				"down": {"uv": [11.625, 0, 13.125, 1.375], "texture": "#0"}
			}
		},
		{
			"from": [16, 19, 9],
			"to": [30.25, 20.5, 17.5],
			"rotation": {"angle": 0, "axis": "y", "origin": [8.25, 10.125, -3]},
			"faces": {
				"north": {"uv": [11.75, 0.125, 12.875, 1.375], "texture": "#0"},
				"east": {"uv": [11.5, 0, 13, 1.375], "texture": "#0"},
				"south": {"uv": [11.75, 0.375, 13, 1.5], "texture": "#0"},
				"west": {"uv": [11.875, 0.375, 12.875, 1.375], "texture": "#0"},
				"up": {"uv": [11.75, 0.125, 12.875, 1.25], "texture": "#0"},
				"down": {"uv": [11.625, 0, 13.125, 1.375], "texture": "#0"}
			}
		},
		{
			"from": [-14, 19, 12],
			"to": [-10.75, 20.5, 23.5],
			"rotation": {"angle": 0, "axis": "y", "origin": [8.25, 10.125, -3]},
			"faces": {
				"north": {"uv": [11.75, 0.125, 12.875, 1.375], "texture": "#0"},
				"east": {"uv": [11.5, 0, 13, 1.375], "texture": "#0"},
				"south": {"uv": [11.75, 0.375, 13, 1.5], "texture": "#0"},
				"west": {"uv": [11.875, 0.375, 12.875, 1.375], "texture": "#0"},
				"up": {"uv": [11.75, 0.125, 12.875, 1.25], "texture": "#0"},
				"down": {"uv": [11.625, 0, 13.125, 1.375], "texture": "#0"}
			}
		},
		{
			"from": [27, 19, 12],
			"to": [30.25, 20.5, 23.5],
			"rotation": {"angle": 0, "axis": "y", "origin": [8.25, 10.125, -3]},
			"faces": {
				"north": {"uv": [11.75, 0.125, 12.875, 1.375], "texture": "#0"},
				"east": {"uv": [11.5, 0, 13, 1.375], "texture": "#0"},
				"south": {"uv": [11.75, 0.375, 13, 1.5], "texture": "#0"},
				"west": {"uv": [11.875, 0.375, 12.875, 1.375], "texture": "#0"},
				"up": {"uv": [11.75, 0.125, 12.875, 1.25], "texture": "#0"},
				"down": {"uv": [11.625, 0, 13.125, 1.375], "texture": "#0"}
			}
		},
		{
			"from": [-14, 19, 2],
			"to": [-10.75, 20.5, 13.5],
			"rotation": {"angle": 0, "axis": "y", "origin": [8.25, 10.125, -3]},
			"faces": {
				"north": {"uv": [11.75, 0.125, 12.875, 1.375], "texture": "#0"},
				"east": {"uv": [11.5, 0, 13, 1.375], "texture": "#0"},
				"south": {"uv": [11.75, 0.375, 13, 1.5], "texture": "#0"},
				"west": {"uv": [11.875, 0.375, 12.875, 1.375], "texture": "#0"},
				"up": {"uv": [11.75, 0.125, 12.875, 1.25], "texture": "#0"},
				"down": {"uv": [11.625, 0, 13.125, 1.375], "texture": "#0"}
			}
		},
		{
			"from": [27, 19, 2],
			"to": [30.25, 20.5, 13.5],
			"rotation": {"angle": 0, "axis": "y", "origin": [8.25, 10.125, -3]},
			"faces": {
				"north": {"uv": [11.75, 0.125, 12.875, 1.375], "texture": "#0"},
				"east": {"uv": [11.5, 0, 13, 1.375], "texture": "#0"},
				"south": {"uv": [11.75, 0.375, 13, 1.5], "texture": "#0"},
				"west": {"uv": [11.875, 0.375, 12.875, 1.375], "texture": "#0"},
				"up": {"uv": [11.75, 0.125, 12.875, 1.25], "texture": "#0"},
				"down": {"uv": [11.625, 0, 13.125, 1.375], "texture": "#0"}
			}
		},
		{
			"from": [-11.5, 19, 1.125],
			"to": [-5, 20.5, 4.375],
			"rotation": {"angle": 22.5, "axis": "y", "origin": [-10.375, 19.75, 7.75]},
			"faces": {
				"north": {"uv": [11.75, 0.375, 12.875, 1.375], "texture": "#0"},
				"east": {"uv": [11.875, 0.125, 13, 1.375], "texture": "#0"},
				"south": {"uv": [11.625, 0, 13, 1.5], "texture": "#0"},
				"west": {"uv": [11.625, 0.375, 12.875, 1.375], "texture": "#0"},
				"up": {"uv": [11.75, 0.125, 12.875, 1.25], "rotation": 90, "texture": "#0"},
				"down": {"uv": [11.625, 0, 13.125, 1.375], "rotation": 270, "texture": "#0"}
			}
		},
		{
			"from": [23.5, 19, -0.1],
			"to": [30, 20.5, 3.15],
			"rotation": {"angle": -22.5, "axis": "y", "origin": [24.75505, 19.75, 0.7754]},
			"faces": {
				"north": {"uv": [11.375, 0, 12.875, 1.375], "texture": "#0"},
				"east": {"uv": [11.625, 0.375, 13, 1.375], "texture": "#0"},
				"south": {"uv": [12, 0.375, 13, 1.5], "texture": "#0"},
				"west": {"uv": [11.875, 0.125, 12.875, 1.375], "texture": "#0"},
				"up": {"uv": [11.75, 0.125, 12.875, 1.25], "rotation": 270, "texture": "#0"},
				"down": {"uv": [11.625, 0, 13.125, 1.375], "rotation": 90, "texture": "#0"}
			}
		},
		{
			"from": [-14, 19, -11],
			"to": [-10.75, 20.5, 2.5],
			"rotation": {"angle": 45, "axis": "y", "origin": [8.25, 10.125, -3]},
			"faces": {
				"north": {"uv": [11.75, 0.125, 12.875, 1.375], "texture": "#0"},
				"east": {"uv": [11.5, 0, 13, 1.375], "texture": "#0"},
				"south": {"uv": [11.75, 0.375, 13, 1.5], "texture": "#0"},
				"west": {"uv": [11.875, 0.375, 12.875, 1.375], "texture": "#0"},
				"up": {"uv": [11.75, 0.125, 12.875, 1], "texture": "#0"},
				"down": {"uv": [11.625, 0, 13.125, 1.375], "texture": "#0"}
			}
		},
		{
			"from": [16.60458, 19, 9.43858],
			"to": [30.10458, 20.5, 12.68858],
			"rotation": {"angle": 45, "axis": "y", "origin": [23.35458, 19.75, 11.06358]},
			"faces": {
				"north": {"uv": [11.375, 0, 12.875, 1.375], "texture": "#0"},
				"east": {"uv": [11.625, 0.375, 13, 1.375], "texture": "#0"},
				"south": {"uv": [12, 0.375, 13, 1.5], "texture": "#0"},
				"west": {"uv": [11.875, 0.125, 12.875, 1.375], "texture": "#0"},
				"up": {"uv": [11.75, 0.125, 12.875, 1.25], "rotation": 270, "texture": "#0"},
				"down": {"uv": [11.625, 0, 13.125, 1.375], "rotation": 90, "texture": "#0"}
			}
		},
		{
			"from": [-6.18611, 19, 11.43548],
			"to": [-2.93611, 20.5, 20.93548],
			"rotation": {"angle": 22.5, "axis": "y", "origin": [-1.56111, 19.75, 19.18548]},
			"faces": {
				"north": {"uv": [11.75, 0.125, 12.875, 1.375], "texture": "#0"},
				"east": {"uv": [11.5, 0, 13, 1.375], "texture": "#0"},
				"south": {"uv": [11.75, 0.375, 13, 1.5], "texture": "#0"},
				"west": {"uv": [11.875, 0.375, 12.875, 1.375], "texture": "#0"},
				"up": {"uv": [11.75, 0.125, 12.875, 1.25], "texture": "#0"},
				"down": {"uv": [11.625, 0, 13.125, 1.375], "texture": "#0"}
			}
		},
		{
			"from": [22.21955, 19, 10.39285],
			"to": [25.46955, 20.5, 18.89285],
			"rotation": {"angle": -22.5, "axis": "y", "origin": [14.84455, 19.75, 9.14285]},
			"faces": {
				"north": {"uv": [11.75, 0.125, 12.875, 1.375], "texture": "#0"},
				"east": {"uv": [11.5, 0, 13, 1.375], "texture": "#0"},
				"south": {"uv": [11.75, 0.375, 13, 1.5], "texture": "#0"},
				"west": {"uv": [11.875, 0.375, 12.875, 1.375], "texture": "#0"},
				"up": {"uv": [11.75, 0.125, 12.875, 1.25], "texture": "#0"},
				"down": {"uv": [11.625, 0, 13.125, 1.375], "texture": "#0"}
			}
		},
		{
			"from": [-11.75, 19, 3],
			"to": [-9.25, 20.5, 19.25],
			"rotation": {"angle": 0, "axis": "y", "origin": [8.25, 10.125, -3]},
			"faces": {
				"north": {"uv": [11.375, 0, 12.875, 1.375], "texture": "#0"},
				"east": {"uv": [11.625, 0.375, 13, 1.375], "texture": "#0"},
				"south": {"uv": [12, 0.375, 13, 1.5], "texture": "#0"},
				"west": {"uv": [11.875, 0.125, 12.875, 1.375], "texture": "#0"},
				"up": {"uv": [11.75, 0.125, 12.875, 1.25], "rotation": 270, "texture": "#0"},
				"down": {"uv": [11.625, 0, 13.125, 1.375], "rotation": 90, "texture": "#0"}
			}
		},
		{
			"from": [25, 19, 3],
			"to": [27.5, 20.5, 18.25],
			"rotation": {"angle": 0, "axis": "y", "origin": [8.25, 10.125, -3]},
			"faces": {
				"north": {"uv": [11.375, 0, 12.875, 1.375], "texture": "#0"},
				"east": {"uv": [11.625, 0.375, 13, 1.375], "texture": "#0"},
				"south": {"uv": [12, 0.375, 13, 1.5], "texture": "#0"},
				"west": {"uv": [11.875, 0.125, 12.875, 1.375], "texture": "#0"},
				"up": {"uv": [11.75, 0.125, 12.875, 1.25], "rotation": 270, "texture": "#0"},
				"down": {"uv": [11.625, 0, 13.125, 1.375], "rotation": 90, "texture": "#0"}
			}
		},
		{
			"from": [-7, 19, 9],
			"to": [1.25, 20.5, 12.5],
			"rotation": {"angle": 45, "axis": "y", "origin": [-3.375, 19.75, 6.75]},
			"faces": {
				"north": {"uv": [11.75, 0.125, 12.875, 1.375], "texture": "#0"},
				"east": {"uv": [11.5, 0, 13, 1.375], "texture": "#0"},
				"south": {"uv": [11.75, 0.375, 13, 1.5], "texture": "#0"},
				"west": {"uv": [11.875, 0.375, 12.875, 1.375], "texture": "#0"},
				"up": {"uv": [11.75, 0.125, 12.875, 1.25], "texture": "#0"},
				"down": {"uv": [11.625, 0, 13.125, 1.375], "texture": "#0"}
			}
		},
		{
			"from": [8.875, 19, 8.125],
			"to": [12.375, 20.5, 16.375],
			"rotation": {"angle": 45, "axis": "y", "origin": [8.625, 19.75, 6.25]},
			"faces": {
				"north": {"uv": [11.375, 0, 12.875, 1.375], "texture": "#0"},
				"east": {"uv": [11.625, 0.375, 13, 1.375], "texture": "#0"},
				"south": {"uv": [12, 0.375, 13, 1.5], "texture": "#0"},
				"west": {"uv": [11.875, 0.125, 12.875, 1.375], "texture": "#0"},
				"up": {"uv": [11.75, 0.125, 12.875, 1.25], "rotation": 270, "texture": "#0"},
				"down": {"uv": [11.625, 0, 13.125, 1.375], "rotation": 90, "texture": "#0"}
			}
		},
		{
			"from": [-8.9, 19, 7],
			"to": [1.6, 20.5, 10.5],
			"rotation": {"angle": 22.5, "axis": "y", "origin": [-3.375, 19.75, 6.75]},
			"faces": {
				"north": {"uv": [11.75, 0.125, 12.875, 1.375], "texture": "#0"},
				"east": {"uv": [11.5, 0, 13, 1.375], "texture": "#0"},
				"south": {"uv": [11.75, 0.375, 13, 1.5], "texture": "#0"},
				"west": {"uv": [11.875, 0.375, 12.875, 1.375], "texture": "#0"},
				"up": {"uv": [11.75, 0.125, 12.875, 1.25], "texture": "#0"},
				"down": {"uv": [11.625, 0, 13.125, 1.375], "texture": "#0"}
			}
		},
		{
			"from": [13.5, 19, 4.5],
			"to": [24, 20.5, 8],
			"rotation": {"angle": -22.5, "axis": "y", "origin": [11.91837, 19.75, 2.58006]},
			"faces": {
				"north": {"uv": [11.5, 0.375, 12.875, 1.375], "texture": "#0"},
				"east": {"uv": [11.875, 0.375, 13, 1.375], "texture": "#0"},
				"south": {"uv": [12, 0.125, 13, 1.5], "texture": "#0"},
				"west": {"uv": [11.5, 0, 12.875, 1.375], "texture": "#0"},
				"up": {"uv": [11.75, 0.125, 12.875, 1.25], "rotation": 180, "texture": "#0"},
				"down": {"uv": [11.625, 0, 13.125, 1.375], "rotation": 180, "texture": "#0"}
			}
		},
		{
			"from": [-9, 19, -2],
			"to": [-2.8, 20.5, 1.5],
			"rotation": {"angle": 45, "axis": "y", "origin": [-3.375, 19.75, 6.75]},
			"faces": {
				"north": {"uv": [11.75, 0.125, 12.875, 1.375], "texture": "#0"},
				"east": {"uv": [11.5, 0, 13, 1.375], "texture": "#0"},
				"south": {"uv": [11.75, 0.375, 13, 1.5], "texture": "#0"},
				"west": {"uv": [11.875, 0.375, 12.875, 1.375], "texture": "#0"},
				"up": {"uv": [11.75, 0.125, 12.875, 1.25], "texture": "#0"},
				"down": {"uv": [11.625, 0, 13.125, 1.375], "texture": "#0"}
			}
		},
		{
			"from": [23, 19, -1.25],
			"to": [29.2, 20.5, 2.25],
			"rotation": {"angle": -45, "axis": "y", "origin": [22.41672, 19.75, 2.17148]},
			"faces": {
				"north": {"uv": [11.5, 0.375, 12.875, 1.375], "texture": "#0"},
				"east": {"uv": [11.875, 0.375, 13, 1.375], "texture": "#0"},
				"south": {"uv": [12, 0.125, 13, 1.5], "texture": "#0"},
				"west": {"uv": [11.5, 0, 12.875, 1.375], "texture": "#0"},
				"up": {"uv": [11.75, 0.125, 12.875, 1.25], "rotation": 180, "texture": "#0"},
				"down": {"uv": [11.625, 0, 13.125, 1.375], "rotation": 180, "texture": "#0"}
			}
		},
		{
			"from": [-8.89277, 19, 16.87805],
			"to": [-5.39277, 20.5, 25.12805],
			"rotation": {"angle": -45, "axis": "y", "origin": [-5.14277, 19.75, 17.00305]},
			"faces": {
				"north": {"uv": [11.375, 0, 12.875, 1.375], "texture": "#0"},
				"east": {"uv": [11.625, 0.375, 13, 1.375], "texture": "#0"},
				"south": {"uv": [12, 0.375, 13, 1.5], "texture": "#0"},
				"west": {"uv": [11.875, 0.125, 12.875, 1.375], "texture": "#0"},
				"up": {"uv": [11.75, 0.125, 12.875, 1.25], "rotation": 270, "texture": "#0"},
				"down": {"uv": [11.625, 0, 13.125, 1.375], "rotation": 90, "texture": "#0"}
			}
		},
		{
			"from": [16.65254, 19, 10.78858],
			"to": [24.90254, 20.5, 14.28858],
			"rotation": {"angle": -45, "axis": "y", "origin": [16.77754, 19.75, 20.53858]},
			"faces": {
				"north": {"uv": [11.5, 0.375, 12.875, 1.375], "texture": "#0"},
				"east": {"uv": [11.875, 0.375, 13, 1.375], "texture": "#0"},
				"south": {"uv": [12, 0.125, 13, 1.5], "texture": "#0"},
				"west": {"uv": [11.5, 0, 12.875, 1.375], "texture": "#0"},
				"up": {"uv": [11.75, 0.125, 12.875, 1.25], "rotation": 180, "texture": "#0"},
				"down": {"uv": [11.625, 0, 13.125, 1.375], "rotation": 180, "texture": "#0"}
			}
		},
		{
			"from": [7.10723, 19, -6.12195],
			"to": [10.60723, 20.5, 2.12805],
			"rotation": {"angle": -45, "axis": "y", "origin": [-5.14277, 19.75, 17.00305]},
			"faces": {
				"north": {"uv": [11.375, 0, 12.875, 1.375], "texture": "#0"},
				"east": {"uv": [11.625, 0.375, 13, 1.375], "texture": "#0"},
				"south": {"uv": [12, 0.375, 13, 1.5], "texture": "#0"},
				"west": {"uv": [11.875, 0.125, 12.875, 1.375], "texture": "#0"},
				"up": {"uv": [11.75, 0.125, 12.875, 1.25], "rotation": 270, "texture": "#0"},
				"down": {"uv": [11.625, 0, 13.125, 1.375], "rotation": 90, "texture": "#0"}
			}
		},
		{
			"from": [-16, 19, 15.35],
			"to": [-12.5, 20.5, 19.6],
			"rotation": {"angle": 45, "axis": "y", "origin": [-5.14277, 19.75, 17.00305]},
			"faces": {
				"north": {"uv": [11.375, 0, 12.875, 1.375], "texture": "#0"},
				"east": {"uv": [11.625, 0.375, 13, 1.375], "texture": "#0"},
				"south": {"uv": [12, 0.375, 13, 1.5], "texture": "#0"},
				"west": {"uv": [11.875, 0.125, 12.875, 1.375], "texture": "#0"},
				"up": {"uv": [11.75, 0.125, 12.875, 1.25], "rotation": 270, "texture": "#0"},
				"down": {"uv": [11.625, 0, 13.125, 1.375], "rotation": 90, "texture": "#0"}
			}
		},
		{
			"from": [22.75, 19, 21.35],
			"to": [27, 20.5, 24.85],
			"rotation": {"angle": 45, "axis": "y", "origin": [26.98519, 19.75, 20.24102]},
			"faces": {
				"north": {"uv": [11.5, 0.375, 12.875, 1.375], "texture": "#0"},
				"east": {"uv": [11.875, 0.375, 13, 1.375], "texture": "#0"},
				"south": {"uv": [12, 0.125, 13, 1.5], "texture": "#0"},
				"west": {"uv": [11.5, 0, 12.875, 1.375], "texture": "#0"},
				"up": {"uv": [11.75, 0.125, 12.875, 1.25], "rotation": 180, "texture": "#0"},
				"down": {"uv": [11.625, 0, 13.125, 1.375], "rotation": 180, "texture": "#0"}
			}
		},
		{
			"from": [1.10723, 19, 17.87805],
			"to": [6.60723, 20.5, 22.12805],
			"rotation": {"angle": 22.5, "axis": "y", "origin": [-5.14277, 19.75, 17.00305]},
			"faces": {
				"north": {"uv": [11.375, 0, 12.875, 1.375], "texture": "#0"},
				"east": {"uv": [11.625, 0.375, 13, 1.375], "texture": "#0"},
				"south": {"uv": [12, 0.375, 13, 1.5], "texture": "#0"},
				"west": {"uv": [11.875, 0.125, 12.875, 1.375], "texture": "#0"},
				"up": {"uv": [11.75, 0.125, 12.875, 1.25], "rotation": 270, "texture": "#0"},
				"down": {"uv": [11.625, 0, 13.125, 1.375], "rotation": 90, "texture": "#0"}
			}
		},
		{
			"from": [7.10723, 19, 13.87805],
			"to": [12.60723, 20.5, 18.12805],
			"rotation": {"angle": -22.5, "axis": "y", "origin": [9.85723, 19.75, 20.00305]},
			"faces": {
				"north": {"uv": [11.375, 0, 12.875, 1.375], "texture": "#0"},
				"east": {"uv": [11.625, 0.375, 13, 1.375], "texture": "#0"},
				"south": {"uv": [12, 0.375, 13, 1.5], "texture": "#0"},
				"west": {"uv": [11.875, 0.125, 12.875, 1.375], "texture": "#0"},
				"up": {"uv": [11.75, 0.125, 12.875, 1.25], "rotation": 270, "texture": "#0"},
				"down": {"uv": [11.625, 0, 13.125, 1.375], "rotation": 90, "texture": "#0"}
			}
		},
		{
			"from": [0, 19, 6],
			"to": [8.25, 20.5, 9.5],
			"rotation": {"angle": -45, "axis": "y", "origin": [-3.375, 19.75, 6.75]},
			"faces": {
				"north": {"uv": [11.75, 0.125, 12.875, 1.375], "texture": "#0"},
				"east": {"uv": [11.5, 0, 13, 1.375], "texture": "#0"},
				"south": {"uv": [11.75, 0.375, 13, 1.5], "texture": "#0"},
				"west": {"uv": [11.875, 0.375, 12.875, 1.375], "texture": "#0"},
				"up": {"uv": [11.75, 0.125, 12.875, 1.25], "texture": "#0"},
				"down": {"uv": [11.625, 0, 13.125, 1.375], "texture": "#0"}
			}
		},
		{
			"from": [7.4099, 19, 10.18198],
			"to": [15.6599, 20.5, 13.68198],
			"rotation": {"angle": 45, "axis": "y", "origin": [12.5349, 19.75, 9.93198]},
			"faces": {
				"north": {"uv": [11.75, 0.125, 12.875, 1.375], "texture": "#0"},
				"east": {"uv": [11.5, 0, 13, 1.375], "texture": "#0"},
				"south": {"uv": [11.75, 0.375, 13, 1.5], "texture": "#0"},
				"west": {"uv": [11.875, 0.375, 12.875, 1.375], "texture": "#0"},
				"up": {"uv": [11.75, 0.125, 12.875, 1.25], "texture": "#0"},
				"down": {"uv": [11.625, 0, 13.125, 1.375], "texture": "#0"}
			}
		},
		{
			"from": [2, 19, 11],
			"to": [13.25, 20.5, 17.5],
			"rotation": {"angle": 0, "axis": "y", "origin": [7.625, 19.75, 14.75]},
			"faces": {
				"north": {"uv": [11.75, 0.125, 12.875, 1.375], "texture": "#0"},
				"east": {"uv": [11.5, 0, 13, 1.375], "texture": "#0"},
				"south": {"uv": [11.75, 0.375, 13, 1.5], "texture": "#0"},
				"west": {"uv": [11.875, 0.375, 12.875, 1.375], "texture": "#0"},
				"up": {"uv": [11.75, 0.125, 12.875, 1.25], "texture": "#0"},
				"down": {"uv": [11.625, 0, 13.125, 1.375], "texture": "#0"}
			}
		},
		{
			"from": [4.5, 8, -6],
			"to": [11.25, 15, 0],
			"rotation": {"angle": 0, "axis": "y", "origin": [7.77581, 12, -4.12186]},
			"faces": {
				"north": {"uv": [6.125, 14, 8.375, 16], "texture": "#0"},
				"east": {"uv": [0, 14, 2, 16], "texture": "#0"},
				"south": {"uv": [0, 14, 2.25, 16], "texture": "#0"},
				"west": {"uv": [0, 14, 2, 16], "texture": "#0"},
				"up": {"uv": [0, 14, 2.25, 16], "texture": "#0"},
				"down": {"uv": [0, 14, 2.25, 16], "texture": "#0"}
			}
		},
		{
			"from": [4.395, 8.45, -2.25],
			"to": [11.295, 15.15, 0],
			"rotation": {"angle": 0, "axis": "y", "origin": [7.77581, 12, -4.12186]},
			"faces": {
				"north": {"uv": [0, 14.1, 2.3, 16], "texture": "#0"},
				"east": {"uv": [0, 14.1, 0.75, 16], "texture": "#0"},
				"south": {"uv": [0, 14.1, 2.3, 16], "texture": "#0"},
				"west": {"uv": [0, 14.1, 0.75, 16], "texture": "#0"},
				"up": {"uv": [0, 15.25, 2.3, 16], "texture": "#0"},
				"down": {"uv": [0, 15.125, 2.3, 15.875], "texture": "#0"}
			}
		},
		{
			"from": [6.92767, 10, -6.50844],
			"to": [10.17767, 14.25, -3.25844],
			"rotation": {"angle": 45, "axis": "y", "origin": [7.77581, 12, -4.12186]},
			"faces": {
				"north": {"uv": [4.875, 13.75, 5.875, 14.5], "texture": "#0"},
				"east": {"uv": [4.875, 13.75, 5.875, 14.5], "texture": "#0"},
				"south": {"uv": [0, 14, 1, 14.75], "texture": "#0"},
				"west": {"uv": [0, 14, 1, 14.75], "texture": "#0"},
				"up": {"uv": [0, 14, 1, 15], "texture": "#0"},
				"down": {"uv": [4.875, 14.875, 5.875, 15.875], "texture": "#0"}
			}
		},
		{
			"from": [6.92767, 8, -6.50844],
			"to": [10.17767, 9.5, -3.25844],
			"rotation": {"angle": 45, "axis": "y", "origin": [7.77581, 12, -4.12186]},
			"faces": {
				"north": {"uv": [4.875, 14.375, 5.875, 14.875], "texture": "#0"},
				"east": {"uv": [4.875, 14.375, 5.875, 14.875], "texture": "#0"},
				"south": {"uv": [0, 14, 1, 14.75], "texture": "#0"},
				"west": {"uv": [0, 14, 1, 14.75], "texture": "#0"},
				"up": {"uv": [4.875, 15, 5.875, 15.75], "texture": "#0"},
				"down": {"uv": [0, 14, 1, 15], "texture": "#0"}
			}
		},
		{
			"from": [8.2, 11, -6.75],
			"to": [11.55, 13.5, 2.5],
			"rotation": {"angle": 0, "axis": "y", "origin": [7.77581, 12, -4.12186]},
			"faces": {
				"north": {"uv": [0.125, 12.5, 1.2, 13.125], "texture": "#0"},
				"east": {"uv": [0, 0, 3, 0.5], "texture": "#0"},
				"south": {"uv": [0, 0, 2.45, 0.5], "texture": "#0"},
				"west": {"uv": [0, 0, 3, 0.5], "texture": "#0"},
				"up": {"uv": [0, 13.5, 2.45, 16], "texture": "#0"},
				"down": {"uv": [0, 13.75, 2.45, 16], "texture": "#0"}
			}
		},
		{
			"from": [3.95, 11, -6.75],
			"to": [7.3, 13.5, 2.5],
			"rotation": {"angle": 0, "axis": "y", "origin": [8.72419, 12, -4.12186]},
			"faces": {
				"north": {"uv": [1.2, 12.5, 0.125, 13.125], "texture": "#0"},
				"east": {"uv": [3, 0, 0, 0.5], "texture": "#0"},
				"south": {"uv": [2.45, 0, 0, 0.5], "texture": "#0"},
				"west": {"uv": [3, 0, 0, 0.5], "texture": "#0"},
				"up": {"uv": [2.45, 13.5, 0, 16], "texture": "#0"},
				"down": {"uv": [2.45, 13.75, 0, 16], "texture": "#0"}
			}
		},
		{
			"from": [-0.925, 13.5, -1.5],
			"to": [6.075, 13.65, -1.5],
			"rotation": {"angle": -22.5, "axis": "z", "origin": [4.575, 13.575, -1.5]},
			"faces": {
				"north": {"uv": [0, 0, 0.5, 1], "rotation": 270, "texture": "#0"},
				"east": {"uv": [0, 0, 0.5, 0], "rotation": 90, "texture": "#0"},
				"south": {"uv": [0, 0, 0.5, 1], "rotation": 90, "texture": "#0"},
				"west": {"uv": [0, 0, 0.5, 0], "rotation": 90, "texture": "#0"},
				"up": {"uv": [0, 0, 0, 1], "rotation": 90, "texture": "#0"},
				"down": {"uv": [0, 0, 0.5, 1], "rotation": 90, "texture": "#0"}
			}
		},
		{
			"from": [9.075, 13.5, -1.5],
			"to": [16.075, 13.65, -1.5],
			"rotation": {"angle": 22.5, "axis": "z", "origin": [10.575, 13.575, -1.5]},
			"faces": {
				"north": {"uv": [0, 0, 0.5, 1], "rotation": 270, "texture": "#0"},
				"east": {"uv": [0, 0, 0.5, 0], "rotation": 90, "texture": "#0"},
				"south": {"uv": [0, 0, 0.5, 1], "rotation": 90, "texture": "#0"},
				"west": {"uv": [0, 0, 0.5, 0], "rotation": 90, "texture": "#0"},
				"up": {"uv": [0, 0, 0, 1], "rotation": 90, "texture": "#0"},
				"down": {"uv": [0, 0, 0.5, 1], "rotation": 90, "texture": "#0"}
			}
		},
		{
			"from": [10.5, 13.5, -1.5],
			"to": [10.65, 21.25, -1.5],
			"rotation": {"angle": -22.5, "axis": "z", "origin": [10.575, 15, -1.5]},
			"faces": {
				"north": {"uv": [0, 0, 0.5, 1], "texture": "#0"},
				"east": {"uv": [0, 0, 0.5, 1], "texture": "#0"},
				"south": {"uv": [0, 0, 0.5, 1], "texture": "#0"},
				"west": {"uv": [0, 0, 0, 1], "texture": "#0"},
				"up": {"uv": [0, 0, 0.5, 0], "texture": "#0"},
				"down": {"uv": [0, 0, 0.5, 0], "texture": "#0"}
			}
		},
		{
			"from": [9.15, 13.5, -1.5],
			"to": [9.3, 21.5, -1.5],
			"rotation": {"angle": 0, "axis": "y", "origin": [7.0125, 17.0625, -1.5]},
			"faces": {
				"north": {"uv": [0, 0, 0.5, 1], "texture": "#0"},
				"east": {"uv": [0, 0, 0.5, 1], "texture": "#0"},
				"south": {"uv": [0, 0, 0.5, 1], "texture": "#0"},
				"west": {"uv": [0, 0, 0, 1], "texture": "#0"},
				"up": {"uv": [0, 0, 0.5, 0], "texture": "#0"},
				"down": {"uv": [0, 0, 0.5, 0], "texture": "#0"}
			}
		},
		{
			"from": [-1.05, 12.75, -1.5],
			"to": [3.15, 14.25, -1.5],
			"rotation": {"angle": -22.5, "axis": "z", "origin": [4.575, 13.575, -1.5]},
			"faces": {
				"north": {"uv": [0, 4.5, 0.5, 5.5], "rotation": 90, "texture": "#0"},
				"east": {"uv": [0, 0, 0.5, 0], "rotation": 90, "texture": "#0"},
				"south": {"uv": [0, 4.5, 0.5, 5.5], "rotation": 90, "texture": "#0"},
				"west": {"uv": [0, 0, 0.5, 0], "rotation": 90, "texture": "#0"},
				"up": {"uv": [0, 0, 0, 1], "rotation": 90, "texture": "#0"},
				"down": {"uv": [0, 0, 0.5, 1], "rotation": 90, "texture": "#0"}
			}
		},
		{
			"from": [12, 12.75, -1.5],
			"to": [16.2, 14.25, -1.5],
			"rotation": {"angle": 22.5, "axis": "z", "origin": [10.575, 13.575, -1.5]},
			"faces": {
				"north": {"uv": [0, 4.5, 0.5, 5.5], "rotation": 270, "texture": "#0"},
				"east": {"uv": [0, 0, 0.5, 0], "rotation": 90, "texture": "#0"},
				"south": {"uv": [0, 4.5, 0.5, 5.5], "rotation": 90, "texture": "#0"},
				"west": {"uv": [0, 0, 0.5, 0], "rotation": 90, "texture": "#0"},
				"up": {"uv": [0, 0, 0, 1], "rotation": 90, "texture": "#0"},
				"down": {"uv": [0, 0, 0.5, 1], "rotation": 90, "texture": "#0"}
			}
		},
		{
			"from": [8.55, 16.5, -1.25],
			"to": [10.05, 21.84, -1.25],
			"rotation": {"angle": 0, "axis": "y", "origin": [7.0125, 17.0625, -1.5]},
			"faces": {
				"north": {"uv": [0, 4.5, 0.5, 5.5], "texture": "#0"},
				"east": {"uv": [0, 0, 0.5, 1], "texture": "#0"},
				"south": {"uv": [0, 4.5, 0.5, 5.5], "texture": "#0"},
				"west": {"uv": [0, 0, 0, 1], "texture": "#0"},
				"up": {"uv": [0, 0, 0.5, 0], "texture": "#0"},
				"down": {"uv": [0, 0, 0.5, 0], "texture": "#0"}
			}
		},
		{
			"from": [6.3, 16.5, -1.5],
			"to": [7.8, 21.75, -1.5],
			"rotation": {"angle": 0, "axis": "y", "origin": [7.0125, 17.0625, -1.5]},
			"faces": {
				"north": {"uv": [0, 4.5, 0.5, 5.5], "texture": "#0"},
				"east": {"uv": [0, 3.125, 0.5, 4.125], "texture": "#0"},
				"south": {"uv": [0, 4.5, 0.5, 5.5], "texture": "#0"},
				"west": {"uv": [0, 0, 0, 1], "texture": "#0"},
				"up": {"uv": [0, 0, 0.5, 0], "texture": "#0"},
				"down": {"uv": [0, 0, 0.5, 0], "texture": "#0"}
			}
		},
		{
			"from": [6.9, 13.5, -1.5],
			"to": [7.05, 21.5, -1.5],
			"rotation": {"angle": 0, "axis": "y", "origin": [7.0125, 17.0625, -1.5]},
			"faces": {
				"north": {"uv": [0, 0, 0.5, 1], "texture": "#0"},
				"east": {"uv": [0, 0, 0.5, 1], "texture": "#0"},
				"south": {"uv": [0, 0, 0.5, 1], "texture": "#0"},
				"west": {"uv": [0, 0, 0, 1], "texture": "#0"},
				"up": {"uv": [0, 0, 0.5, 0], "texture": "#0"},
				"down": {"uv": [0, 0, 0.5, 0], "texture": "#0"}
			}
		},
		{
			"from": [5.25, 13.5, -1.5],
			"to": [5.4, 20.5, -1.5],
			"rotation": {"angle": 22.5, "axis": "z", "origin": [5.325, 15, -1.5]},
			"faces": {
				"north": {"uv": [0, 0, 0.5, 1], "texture": "#0"},
				"east": {"uv": [0, 0, 0.5, 1], "texture": "#0"},
				"south": {"uv": [0, 0, 0.5, 1], "texture": "#0"},
				"west": {"uv": [0, 0, 0, 1], "texture": "#0"},
				"up": {"uv": [0, 0, 0.5, 0], "texture": "#0"},
				"down": {"uv": [0, 0, 0.5, 0], "texture": "#0"}
			}
		},
		{
			"from": [4.5, 16.5, -1.5],
			"to": [6, 21.3, -1.5],
			"rotation": {"angle": 22.5, "axis": "z", "origin": [5.325, 15, -1.5]},
			"faces": {
				"north": {"uv": [0, 4.5, 0.5, 5.5], "texture": "#0"},
				"east": {"uv": [0, 0, 0.5, 1], "texture": "#0"},
				"south": {"uv": [0, 4.5, 0.5, 5.5], "texture": "#0"},
				"west": {"uv": [0, 0, 0, 1], "texture": "#0"},
				"up": {"uv": [0, 0, 0.5, 0], "texture": "#0"},
				"down": {"uv": [0, 0, 0.5, 0], "texture": "#0"}
			}
		},
		{
			"from": [9.93, 16.5, -1.5],
			"to": [11.43, 21.3, -1.5],
			"rotation": {"angle": -22.5, "axis": "z", "origin": [10.575, 15, -1.5]},
			"faces": {
				"north": {"uv": [0, 4.5, 0.5, 5.5], "texture": "#0"},
				"east": {"uv": [0, 0, 0.5, 1], "texture": "#0"},
				"south": {"uv": [0, 4.5, 0.5, 5.5], "texture": "#0"},
				"west": {"uv": [0, 0, 0, 1], "texture": "#0"},
				"up": {"uv": [0, 0, 0.5, 0], "texture": "#0"},
				"down": {"uv": [0, 0, 0.5, 0], "texture": "#0"}
			}
		},
		{
			"from": [-0.75, 7.5, 1.25],
			"to": [2.5, 12.75, 6.5],
			"rotation": {"angle": 0, "axis": "x", "origin": [8, 10.125, 3.875]},
			"faces": {
				"north": {"uv": [16, 14.25, 15, 16], "texture": "#0"},
				"east": {"uv": [16, 14.25, 14.25, 16], "texture": "#0"},
				"south": {"uv": [16, 14.25, 15, 16], "texture": "#0"},
				"west": {"uv": [16, 14.25, 14.25, 16], "texture": "#0"},
				"up": {"uv": [16, 14.25, 15, 16], "texture": "#0"},
				"down": {"uv": [16, 14.25, 15, 16], "texture": "#0"}
			}
		},
		{
			"from": [-2.21439, 2.76642, 2.125],
			"to": [0.78561, 4.26642, 5.625],
			"rotation": {"angle": 22.5, "axis": "z", "origin": [1, 10.125, -3.125]},
			"faces": {
				"north": {"uv": [16, 0, 15, 0.5], "texture": "#0"},
				"east": {"uv": [16, 0, 15, 0.5], "texture": "#0"},
				"south": {"uv": [16, 0, 15, 0.5], "texture": "#0"},
				"west": {"uv": [16, 0, 15, 0.5], "texture": "#0"},
				"up": {"uv": [15, 1, 16, 0], "rotation": 90, "texture": "#0"},
				"down": {"uv": [15, 1, 16, 0], "rotation": 270, "texture": "#0"}
			}
		},
		{
			"from": [0.27227, 3.48229, 2.375],
			"to": [3.27227, 8.48229, 5.375],
			"rotation": {"angle": 0, "axis": "z", "origin": [1, 10.125, -3.125]},
			"faces": {
				"north": {"uv": [1.25, 14.625, 0.25, 15.625], "texture": "#0"},
				"east": {"uv": [1.25, 14.75, 0.25, 15.75], "texture": "#0"},
				"south": {"uv": [1.25, 14.875, 0.25, 15.875], "texture": "#0"},
				"west": {"uv": [1.25, 14.5, 0.25, 15.5], "texture": "#0"},
				"up": {"uv": [0.125, 14.75, 1.125, 13.75], "rotation": 90, "texture": "#0"},
				"down": {"uv": [0.125, 14.875, 1.125, 13.875], "rotation": 270, "texture": "#0"}
			}
		},
		{
			"from": [6.55796, 4.44361, 2.375],
			"to": [10.25796, 7.14361, 5.375],
			"rotation": {"angle": -45, "axis": "z", "origin": [1, 10.125, -3.125]},
			"faces": {
				"north": {"uv": [0.25, 15.525, 1.15, 14.625], "rotation": 270, "texture": "#0"},
				"east": {"uv": [1.125, 13.875, 0.125, 14.775], "texture": "#0"},
				"south": {"uv": [0.25, 15.775, 1.15, 14.875], "rotation": 90, "texture": "#0"},
				"west": {"uv": [1.125, 13.75, 0.125, 14.65], "rotation": 180, "texture": "#0"},
				"up": {"uv": [0.25, 15.65, 1.25, 14.75], "rotation": 90, "texture": "#0"},
				"down": {"uv": [0.25, 15.4, 1.25, 14.5], "rotation": 90, "texture": "#0"}
			}
		},
		{
			"from": [-1.21158, -0.31917, 2.125],
			"to": [1.78842, 0.68083, 5.625],
			"rotation": {"angle": 22.5, "axis": "z", "origin": [1, 10.125, -3.125]},
			"faces": {
				"north": {"uv": [16, 0, 15, 1], "texture": "#0"},
				"east": {"uv": [16, 0, 15, 1], "texture": "#0"},
				"south": {"uv": [16, 0, 15, 1], "texture": "#0"},
				"west": {"uv": [16, 0, 15, 1], "texture": "#0"},
				"up": {"uv": [15, 1, 16, 0], "rotation": 90, "texture": "#0"},
				"down": {"uv": [15, 1, 16, 0], "rotation": 270, "texture": "#0"}
			}
		},
		{
			"from": [-4.21158, -2.31917, 2.375],
			"to": [1.78842, -0.36917, 5.375],
			"rotation": {"angle": 22.5, "axis": "z", "origin": [1, 10.125, -3.125]},
			"faces": {
				"north": {"uv": [2.25, 14.625, 0.25, 15.275], "texture": "#0"},
				"east": {"uv": [1.25, 14.75, 0.25, 15.4], "texture": "#0"},
				"south": {"uv": [2.25, 14.875, 0.25, 15.525], "texture": "#0"},
				"west": {"uv": [1.25, 14.5, 0.25, 15.15], "texture": "#0"},
				"up": {"uv": [0.125, 15.75, 1.125, 13.75], "rotation": 90, "texture": "#0"},
				"down": {"uv": [0.125, 15.875, 1.125, 13.875], "rotation": 270, "texture": "#0"}
			}
		},
		{
			"from": [13.5, 7.5, 1.25],
			"to": [16.75, 12.75, 6.5],
			"rotation": {"angle": 0, "axis": "x", "origin": [8, 10.125, 3.875]},
			"faces": {
				"north": {"uv": [15, 14.25, 16, 16], "texture": "#0"},
				"east": {"uv": [14.25, 14.25, 16, 16], "texture": "#0"},
				"south": {"uv": [15, 14.25, 16, 16], "texture": "#0"},
				"west": {"uv": [14.25, 14.25, 16, 16], "texture": "#0"},
				"up": {"uv": [15, 14.25, 16, 16], "texture": "#0"},
				"down": {"uv": [15, 14.25, 16, 16], "texture": "#0"}
			}
		},
		{
			"from": [15.21439, 2.76642, 2.125],
			"to": [18.21439, 4.26642, 5.625],
			"rotation": {"angle": -22.5, "axis": "z", "origin": [15, 10.125, -3.125]},
			"faces": {
				"north": {"uv": [15, 0, 16, 0.5], "texture": "#0"},
				"east": {"uv": [15, 0, 16, 0.5], "texture": "#0"},
				"south": {"uv": [15, 0, 16, 0.5], "texture": "#0"},
				"west": {"uv": [15, 0, 16, 0.5], "texture": "#0"},
				"up": {"uv": [15, 0, 16, 1], "rotation": 90, "texture": "#0"},
				"down": {"uv": [15, 0, 16, 1], "rotation": 270, "texture": "#0"}
			}
		},
		{
			"from": [12.72773, 3.48229, 2.375],
			"to": [15.72773, 8.48229, 5.375],
			"rotation": {"angle": 0, "axis": "z", "origin": [15, 10.125, -3.125]},
			"faces": {
				"north": {"uv": [0.25, 14.625, 1.25, 15.625], "texture": "#0"},
				"east": {"uv": [0.25, 14.5, 1.25, 15.5], "texture": "#0"},
				"south": {"uv": [0.25, 14.875, 1.25, 15.875], "texture": "#0"},
				"west": {"uv": [0.25, 14.75, 1.25, 15.75], "texture": "#0"},
				"up": {"uv": [0.125, 13.75, 1.125, 14.75], "rotation": 90, "texture": "#0"},
				"down": {"uv": [0.125, 13.875, 1.125, 14.875], "rotation": 270, "texture": "#0"}
			}
		},
		{
			"from": [5.74204, 4.44361, 2.375],
			"to": [9.44204, 7.14361, 5.375],
			"rotation": {"angle": 45, "axis": "z", "origin": [15, 10.125, -3.125]},
			"faces": {
				"north": {"uv": [0.25, 14.625, 1.15, 15.525], "rotation": 270, "texture": "#0"},
				"east": {"uv": [0.125, 13.75, 1.125, 14.65], "rotation": 180, "texture": "#0"},
				"south": {"uv": [0.25, 14.875, 1.15, 15.775], "rotation": 90, "texture": "#0"},
				"west": {"uv": [0.125, 13.875, 1.125, 14.775], "texture": "#0"},
				"up": {"uv": [0.25, 14.75, 1.25, 15.65], "rotation": 90, "texture": "#0"},
				"down": {"uv": [0.25, 14.5, 1.25, 15.4], "rotation": 90, "texture": "#0"}
			}
		},
		{
			"from": [14.21158, -0.31917, 2.125],
			"to": [17.21158, 0.68083, 5.625],
			"rotation": {"angle": -22.5, "axis": "z", "origin": [15, 10.125, -3.125]},
			"faces": {
				"north": {"uv": [15, 0, 16, 1], "texture": "#0"},
				"east": {"uv": [15, 0, 16, 1], "texture": "#0"},
				"south": {"uv": [15, 0, 16, 1], "texture": "#0"},
				"west": {"uv": [15, 0, 16, 1], "texture": "#0"},
				"up": {"uv": [15, 0, 16, 1], "rotation": 90, "texture": "#0"},
				"down": {"uv": [15, 0, 16, 1], "rotation": 270, "texture": "#0"}
			}
		},
		{
			"from": [14.21158, -2.31917, 2.375],
			"to": [20.21158, -0.36917, 5.375],
			"rotation": {"angle": -22.5, "axis": "z", "origin": [15, 10.125, -3.125]},
			"faces": {
				"north": {"uv": [0.25, 14.625, 2.25, 15.275], "texture": "#0"},
				"east": {"uv": [0.25, 14.5, 1.25, 15.15], "texture": "#0"},
				"south": {"uv": [0.25, 14.875, 2.25, 15.525], "texture": "#0"},
				"west": {"uv": [0.25, 14.75, 1.25, 15.4], "texture": "#0"},
				"up": {"uv": [0.125, 13.75, 1.125, 15.75], "rotation": 90, "texture": "#0"},
				"down": {"uv": [0.125, 13.875, 1.125, 15.875], "rotation": 270, "texture": "#0"}
			}
		},
		{
			"from": [12.3966, 4.3375, 14.29533],
			"to": [13.4466, 10.0875, 17.79533],
			"rotation": {"angle": 0, "axis": "y", "origin": [-3.0784, 3.7125, 16.04533]},
			"faces": {
				"north": {"uv": [13.5, 14.6, 15.75, 14.25], "rotation": 270, "texture": "#0"},
				"east": {"uv": [13.625, 15.375, 15.875, 14.875], "rotation": 90, "texture": "#0"},
				"south": {"uv": [13.75, 14.725, 16, 14.375], "rotation": 90, "texture": "#0"},
				"west": {"uv": [13.5, 14.875, 15.75, 14.375], "rotation": 90, "texture": "#0"},
				"up": {"uv": [14.625, 14.975, 15.125, 14.625], "rotation": 90, "texture": "#0"},
				"down": {"uv": [14.125, 14.225, 14.625, 13.875], "rotation": 90, "texture": "#0"}
			}
		},
		{
			"from": [2.3966, 4.3375, 14.29533],
			"to": [3.4466, 10.0875, 17.79533],
			"rotation": {"angle": 0, "axis": "y", "origin": [-3.0784, 3.7125, 16.04533]},
			"faces": {
				"north": {"uv": [13.625, 14.725, 15.875, 14.375], "rotation": 270, "texture": "#0"},
				"east": {"uv": [13.5, 14.5, 15.75, 14], "rotation": 90, "texture": "#0"},
				"south": {"uv": [13.5, 14.725, 15.75, 14.375], "rotation": 90, "texture": "#0"},
				"west": {"uv": [13.75, 14.75, 16, 14.25], "rotation": 90, "texture": "#0"},
				"up": {"uv": [14.875, 14.725, 15.375, 14.375], "rotation": 90, "texture": "#0"},
				"down": {"uv": [14.25, 14.975, 14.75, 14.625], "rotation": 90, "texture": "#0"}
			}
		},
		{
			"from": [2.3966, 5.3375, 13.29533],
			"to": [3.4466, 9.0875, 18.79533],
			"rotation": {"angle": 0, "axis": "y", "origin": [-3.0784, 3.7125, 16.04533]},
			"faces": {
				"north": {"uv": [13.5, 15.225, 15.75, 14.875], "rotation": 270, "texture": "#0"},
				"east": {"uv": [13.5, 14.625, 15.75, 14.125], "rotation": 90, "texture": "#0"},
				"south": {"uv": [13.5, 14.6, 15.75, 14.25], "rotation": 90, "texture": "#0"},
				"west": {"uv": [13.625, 14.5, 15.875, 14], "rotation": 90, "texture": "#0"},
				"up": {"uv": [14.125, 15.225, 15, 14.875], "rotation": 90, "texture": "#0"},
				"down": {"uv": [14.75, 15.225, 15.25, 14.875], "rotation": 90, "texture": "#0"}
			}
		},
		{
			"from": [12.3966, 5.3375, 13.29533],
			"to": [13.4466, 9.0875, 18.79533],
			"rotation": {"angle": 0, "axis": "y", "origin": [-3.0784, 3.7125, 16.04533]},
			"faces": {
				"north": {"uv": [13.625, 14.6, 15.875, 14.25], "rotation": 270, "texture": "#0"},
				"east": {"uv": [13.625, 15, 15.875, 14.5], "rotation": 90, "texture": "#0"},
				"south": {"uv": [13.5, 14.725, 15.75, 14.375], "rotation": 90, "texture": "#0"},
				"west": {"uv": [13.5, 15.125, 15.75, 14.625], "rotation": 90, "texture": "#0"},
				"up": {"uv": [14.375, 14.85, 14.875, 14.5], "rotation": 90, "texture": "#0"},
				"down": {"uv": [14.375, 14.475, 14.875, 14.125], "rotation": 90, "texture": "#0"}
			}
		},
		{
			"from": [2.1, 3.28034, 15.29533],
			"to": [3.15, 4.78034, 16.79533],
			"rotation": {"angle": 0, "axis": "y", "origin": [2.3098, 6.98995, 16.05367]},
			"faces": {
				"north": {"uv": [15.475, 14.5, 15.125, 15], "texture": "#0"},
				"east": {"uv": [14.25, 14, 13.75, 14.5], "texture": "#0"},
				"south": {"uv": [15.1, 13.75, 14.75, 14.25], "texture": "#0"},
				"west": {"uv": [14.5, 15, 14, 15.5], "texture": "#0"},
				"up": {"uv": [15.85, 15.5, 15.5, 16], "texture": "#0"},
				"down": {"uv": [15.1, 14.375, 14.75, 14.875], "texture": "#0"}
			}
		},
		{
			"from": [2.1, 3.28046, 15.31142],
			"to": [3.15, 4.78046, 16.81142],
			"rotation": {"angle": -22.5, "axis": "x", "origin": [2.3098, 6.98995, 16.05367]},
			"faces": {
				"north": {"uv": [15.475, 14.5, 15.125, 15], "rotation": 180, "texture": "#0"},
				"east": {"uv": [14.25, 14, 13.75, 14.5], "rotation": 180, "texture": "#0"},
				"south": {"uv": [15.1, 13.75, 14.75, 14.25], "rotation": 180, "texture": "#0"},
				"west": {"uv": [14.5, 15, 14, 15.5], "rotation": 180, "texture": "#0"},
				"up": {"uv": [15.85, 15.5, 15.5, 16], "texture": "#0"},
				"down": {"uv": [15.1, 14.375, 14.75, 14.875], "texture": "#0"}
			}
		},
		{
			"from": [2.1, 6.26262, 18.26921],
			"to": [3.15, 7.76262, 19.76921],
			"rotation": {"angle": 45, "axis": "x", "origin": [2.3098, 6.98995, 16.05367]},
			"faces": {
				"north": {"uv": [15.475, 14.5, 15.125, 15], "rotation": 180, "texture": "#0"},
				"east": {"uv": [13.75, 14.5, 14.25, 14], "rotation": 90, "texture": "#0"},
				"south": {"uv": [15.1, 13.75, 14.75, 14.25], "texture": "#0"},
				"west": {"uv": [14, 15.5, 14.5, 15], "rotation": 270, "texture": "#0"},
				"up": {"uv": [15.85, 15.5, 15.5, 16], "rotation": 180, "texture": "#0"},
				"down": {"uv": [15.1, 14.375, 14.75, 14.875], "texture": "#0"}
			}
		},
		{
			"from": [2.1, 6.27408, 18.2805],
			"to": [3.15, 7.77408, 19.7805],
			"rotation": {"angle": 22.5, "axis": "x", "origin": [2.3098, 6.98995, 16.05367]},
			"faces": {
				"north": {"uv": [15.475, 14.5, 15.125, 15], "rotation": 180, "texture": "#0"},
				"east": {"uv": [13.75, 14.5, 14.25, 14], "rotation": 90, "texture": "#0"},
				"south": {"uv": [15.1, 13.75, 14.75, 14.25], "texture": "#0"},
				"west": {"uv": [14, 15.5, 14.5, 15], "rotation": 270, "texture": "#0"},
				"up": {"uv": [15.85, 15.5, 15.5, 16], "rotation": 180, "texture": "#0"},
				"down": {"uv": [15.1, 14.375, 14.75, 14.875], "texture": "#0"}
			}
		},
		{
			"from": [2.1, 3.27408, 15.2805],
			"to": [3.15, 4.77408, 16.7805],
			"rotation": {"angle": 22.5, "axis": "x", "origin": [2.3098, 6.98995, 16.05367]},
			"faces": {
				"north": {"uv": [15.475, 14.5, 15.125, 15], "rotation": 180, "texture": "#0"},
				"east": {"uv": [14.25, 14, 13.75, 14.5], "rotation": 180, "texture": "#0"},
				"south": {"uv": [15.1, 13.75, 14.75, 14.25], "rotation": 180, "texture": "#0"},
				"west": {"uv": [14.5, 15, 14, 15.5], "rotation": 180, "texture": "#0"},
				"up": {"uv": [15.85, 15.5, 15.5, 16], "texture": "#0"},
				"down": {"uv": [15.1, 14.375, 14.75, 14.875], "texture": "#0"}
			}
		},
		{
			"from": [2.1, 6.27441, 12.32633],
			"to": [3.15, 7.77441, 13.82633],
			"rotation": {"angle": -45, "axis": "x", "origin": [2.3098, 6.98995, 16.05367]},
			"faces": {
				"north": {"uv": [15.475, 14.5, 15.125, 15], "rotation": 180, "texture": "#0"},
				"east": {"uv": [13.75, 14.5, 14.25, 14], "rotation": 270, "texture": "#0"},
				"south": {"uv": [15.1, 13.75, 14.75, 14.25], "texture": "#0"},
				"west": {"uv": [14, 15.5, 14.5, 15], "rotation": 90, "texture": "#0"},
				"up": {"uv": [15.85, 15.5, 15.5, 16], "texture": "#0"},
				"down": {"uv": [15.1, 14.375, 14.75, 14.875], "rotation": 180, "texture": "#0"}
			}
		},
		{
			"from": [2.1, 6.28046, 12.31142],
			"to": [3.15, 7.78046, 13.81142],
			"rotation": {"angle": -22.5, "axis": "x", "origin": [2.3098, 6.98995, 16.05367]},
			"faces": {
				"north": {"uv": [15.475, 14.5, 15.125, 15], "rotation": 180, "texture": "#0"},
				"east": {"uv": [13.75, 14.5, 14.25, 14], "rotation": 270, "texture": "#0"},
				"south": {"uv": [15.1, 13.75, 14.75, 14.25], "texture": "#0"},
				"west": {"uv": [14, 15.5, 14.5, 15], "rotation": 90, "texture": "#0"},
				"up": {"uv": [15.85, 15.5, 15.5, 16], "texture": "#0"},
				"down": {"uv": [15.1, 14.375, 14.75, 14.875], "rotation": 180, "texture": "#0"}
			}
		},
		{
			"from": [2.1, 6.28034, 12.29533],
			"to": [3.15, 7.78034, 13.79533],
			"rotation": {"angle": 0, "axis": "y", "origin": [2.3098, 6.98995, 16.05367]},
			"faces": {
				"north": {"uv": [15.475, 14.5, 15.125, 15], "rotation": 180, "texture": "#0"},
				"east": {"uv": [13.75, 14.5, 14.25, 14], "rotation": 270, "texture": "#0"},
				"south": {"uv": [15.1, 13.75, 14.75, 14.25], "texture": "#0"},
				"west": {"uv": [14, 15.5, 14.5, 15], "rotation": 90, "texture": "#0"},
				"up": {"uv": [15.85, 15.5, 15.5, 16], "texture": "#0"},
				"down": {"uv": [15.1, 14.375, 14.75, 14.875], "rotation": 180, "texture": "#0"}
			}
		},
		{
			"from": [2.1, 6.27408, 12.2805],
			"to": [3.15, 7.77408, 13.7805],
			"rotation": {"angle": 22.5, "axis": "x", "origin": [2.3098, 6.98995, 16.05367]},
			"faces": {
				"north": {"uv": [15.475, 14.5, 15.125, 15], "rotation": 180, "texture": "#0"},
				"east": {"uv": [13.75, 14.5, 14.25, 14], "rotation": 270, "texture": "#0"},
				"south": {"uv": [15.1, 13.75, 14.75, 14.25], "texture": "#0"},
				"west": {"uv": [14, 15.5, 14.5, 15], "rotation": 90, "texture": "#0"},
				"up": {"uv": [15.85, 15.5, 15.5, 16], "texture": "#0"},
				"down": {"uv": [15.1, 14.375, 14.75, 14.875], "rotation": 180, "texture": "#0"}
			}
		},
		{
			"from": [1.65, 6.28046, 18.31142],
			"to": [3.15, 7.78046, 19.81142],
			"rotation": {"angle": -22.5, "axis": "x", "origin": [2.3098, 6.98995, 16.05367]},
			"faces": {
				"north": {"uv": [15.625, 14.5, 15.125, 15], "rotation": 180, "texture": "#0"},
				"east": {"uv": [13.75, 14.5, 14.25, 14], "rotation": 90, "texture": "#0"},
				"south": {"uv": [15.25, 13.75, 14.75, 14.25], "texture": "#0"},
				"west": {"uv": [14, 15.5, 14.5, 15], "rotation": 270, "texture": "#0"},
				"up": {"uv": [16, 15.5, 15.5, 16], "rotation": 180, "texture": "#0"},
				"down": {"uv": [15.25, 14.375, 14.75, 14.875], "texture": "#0"}
			}
		},
		{
			"from": [1.65, 9.27441, 15.32633],
			"to": [3.15, 10.77441, 16.82633],
			"rotation": {"angle": -45, "axis": "x", "origin": [2.3098, 6.98995, 16.05367]},
			"faces": {
				"north": {"uv": [15.625, 14.5, 15.125, 15], "texture": "#0"},
				"east": {"uv": [14.25, 14, 13.75, 14.5], "texture": "#0"},
				"south": {"uv": [15.25, 13.75, 14.75, 14.25], "texture": "#0"},
				"west": {"uv": [14.5, 15, 14, 15.5], "texture": "#0"},
				"up": {"uv": [16, 15.5, 15.5, 16], "texture": "#0"},
				"down": {"uv": [15.25, 14.375, 14.75, 14.875], "texture": "#0"}
			}
		},
		{
			"from": [1.65, 9.26262, 15.26921],
			"to": [3.15, 10.76262, 16.76921],
			"rotation": {"angle": 45, "axis": "x", "origin": [2.3098, 6.98995, 16.05367]},
			"faces": {
				"north": {"uv": [15.625, 14.5, 15.125, 15], "rotation": 180, "texture": "#0"},
				"east": {"uv": [14.25, 14, 13.75, 14.5], "rotation": 180, "texture": "#0"},
				"south": {"uv": [15.25, 13.75, 14.75, 14.25], "rotation": 180, "texture": "#0"},
				"west": {"uv": [14.5, 15, 14, 15.5], "rotation": 180, "texture": "#0"},
				"up": {"uv": [16, 15.5, 15.5, 16], "texture": "#0"},
				"down": {"uv": [15.25, 14.375, 14.75, 14.875], "texture": "#0"}
			}
		},
		{
			"from": [1.65, 9.28046, 15.31142],
			"to": [3.15, 10.78046, 16.81142],
			"rotation": {"angle": -22.5, "axis": "x", "origin": [2.3098, 6.98995, 16.05367]},
			"faces": {
				"north": {"uv": [15.625, 14.5, 15.125, 15], "texture": "#0"},
				"east": {"uv": [14.25, 14, 13.75, 14.5], "texture": "#0"},
				"south": {"uv": [15.25, 13.75, 14.75, 14.25], "texture": "#0"},
				"west": {"uv": [14.5, 15, 14, 15.5], "texture": "#0"},
				"up": {"uv": [16, 15.5, 15.5, 16], "texture": "#0"},
				"down": {"uv": [15.25, 14.375, 14.75, 14.875], "texture": "#0"}
			}
		},
		{
			"from": [1.65, 6.28034, 18.29533],
			"to": [3.15, 7.78034, 19.79533],
			"rotation": {"angle": 0, "axis": "y", "origin": [2.3098, 6.98995, 16.05367]},
			"faces": {
				"north": {"uv": [15.625, 14.5, 15.125, 15], "rotation": 180, "texture": "#0"},
				"east": {"uv": [13.75, 14.5, 14.25, 14], "rotation": 90, "texture": "#0"},
				"south": {"uv": [15.25, 13.75, 14.75, 14.25], "texture": "#0"},
				"west": {"uv": [14, 15.5, 14.5, 15], "rotation": 270, "texture": "#0"},
				"up": {"uv": [16, 15.5, 15.5, 16], "rotation": 180, "texture": "#0"},
				"down": {"uv": [15.25, 14.375, 14.75, 14.875], "texture": "#0"}
			}
		},
		{
			"from": [1.65, 9.28034, 15.29533],
			"to": [3.15, 10.78034, 16.79533],
			"rotation": {"angle": 0, "axis": "y", "origin": [2.3098, 6.98995, 16.05367]},
			"faces": {
				"north": {"uv": [15.625, 14.5, 15.125, 15], "texture": "#0"},
				"east": {"uv": [14.25, 14, 13.75, 14.5], "texture": "#0"},
				"south": {"uv": [15.25, 13.75, 14.75, 14.25], "texture": "#0"},
				"west": {"uv": [14.5, 15, 14, 15.5], "texture": "#0"},
				"up": {"uv": [16, 15.5, 15.5, 16], "texture": "#0"},
				"down": {"uv": [15.25, 14.375, 14.75, 14.875], "texture": "#0"}
			}
		},
		{
			"from": [1.65, 9.27408, 15.2805],
			"to": [3.15, 10.77408, 16.7805],
			"rotation": {"angle": 22.5, "axis": "x", "origin": [2.3098, 6.98995, 16.05367]},
			"faces": {
				"north": {"uv": [15.625, 14.5, 15.125, 15], "texture": "#0"},
				"east": {"uv": [14.25, 14, 13.75, 14.5], "texture": "#0"},
				"south": {"uv": [15.25, 13.75, 14.75, 14.25], "texture": "#0"},
				"west": {"uv": [14.5, 15, 14, 15.5], "texture": "#0"},
				"up": {"uv": [16, 15.5, 15.5, 16], "texture": "#0"},
				"down": {"uv": [15.25, 14.375, 14.75, 14.875], "texture": "#0"}
			}
		},
		{
			"from": [11.264, 6.28824, 12.18458],
			"to": [12.251, 7.69824, 13.59458],
			"rotation": {"angle": 22.5, "axis": "x", "origin": [12.05379, 6.96116, 15.73135]},
			"faces": {
				"north": {"uv": [15.125, 14.5, 15.475, 15], "rotation": 180, "texture": "#0"},
				"east": {"uv": [14, 15, 14.5, 15.5], "rotation": 90, "texture": "#0"},
				"south": {"uv": [14.75, 13.75, 15.1, 14.25], "texture": "#0"},
				"west": {"uv": [13.75, 14, 14.25, 14.5], "rotation": 270, "texture": "#0"},
				"up": {"uv": [15.5, 15.5, 15.85, 16], "texture": "#0"},
				"down": {"uv": [14.75, 14.375, 15.1, 14.875], "rotation": 180, "texture": "#0"}
			}
		},
		{
			"from": [11.264, 6.29424, 17.85364],
			"to": [12.674, 7.70424, 19.26364],
			"rotation": {"angle": -22.5, "axis": "x", "origin": [12.05379, 6.96116, 15.73135]},
			"faces": {
				"north": {"uv": [15.125, 14.5, 15.625, 15], "rotation": 180, "texture": "#0"},
				"east": {"uv": [14, 15, 14.5, 15.5], "rotation": 270, "texture": "#0"},
				"south": {"uv": [14.75, 13.75, 15.25, 14.25], "texture": "#0"},
				"west": {"uv": [13.75, 14, 14.25, 14.5], "rotation": 90, "texture": "#0"},
				"up": {"uv": [15.5, 15.5, 16, 16], "rotation": 180, "texture": "#0"},
				"down": {"uv": [14.75, 14.375, 15.25, 14.875], "texture": "#0"}
			}
		},
		{
			"from": [11.264, 9.10855, 15.04766],
			"to": [12.674, 10.51855, 16.45766],
			"rotation": {"angle": -45, "axis": "x", "origin": [12.05379, 6.96116, 15.73135]},
			"faces": {
				"north": {"uv": [15.125, 14.5, 15.625, 15], "texture": "#0"},
				"east": {"uv": [14, 15, 14.5, 15.5], "texture": "#0"},
				"south": {"uv": [14.75, 13.75, 15.25, 14.25], "texture": "#0"},
				"west": {"uv": [13.75, 14, 14.25, 14.5], "texture": "#0"},
				"up": {"uv": [15.5, 15.5, 16, 16], "texture": "#0"},
				"down": {"uv": [14.75, 14.375, 15.25, 14.875], "texture": "#0"}
			}
		},
		{
			"from": [11.264, 9.09747, 14.99396],
			"to": [12.674, 10.50747, 16.40396],
			"rotation": {"angle": 45, "axis": "x", "origin": [12.05379, 6.96116, 15.73135]},
			"faces": {
				"north": {"uv": [15.125, 14.5, 15.625, 15], "rotation": 180, "texture": "#0"},
				"east": {"uv": [14, 15, 14.5, 15.5], "rotation": 180, "texture": "#0"},
				"south": {"uv": [14.75, 13.75, 15.25, 14.25], "rotation": 180, "texture": "#0"},
				"west": {"uv": [13.75, 14, 14.25, 14.5], "rotation": 180, "texture": "#0"},
				"up": {"uv": [15.5, 15.5, 16, 16], "texture": "#0"},
				"down": {"uv": [14.75, 14.375, 15.25, 14.875], "texture": "#0"}
			}
		},
		{
			"from": [11.264, 9.11424, 15.03364],
			"to": [12.674, 10.52424, 16.44364],
			"rotation": {"angle": -22.5, "axis": "x", "origin": [12.05379, 6.96116, 15.73135]},
			"faces": {
				"north": {"uv": [15.125, 14.5, 15.625, 15], "texture": "#0"},
				"east": {"uv": [14, 15, 14.5, 15.5], "texture": "#0"},
				"south": {"uv": [14.75, 13.75, 15.25, 14.25], "texture": "#0"},
				"west": {"uv": [13.75, 14, 14.25, 14.5], "texture": "#0"},
				"up": {"uv": [15.5, 15.5, 16, 16], "texture": "#0"},
				"down": {"uv": [14.75, 14.375, 15.25, 14.875], "texture": "#0"}
			}
		},
		{
			"from": [11.264, 9.11413, 15.01851],
			"to": [12.674, 10.52413, 16.42851],
			"rotation": {"angle": 0, "axis": "y", "origin": [12.05379, 6.96116, 15.73135]},
			"faces": {
				"north": {"uv": [15.125, 14.5, 15.625, 15], "texture": "#0"},
				"east": {"uv": [14, 15, 14.5, 15.5], "texture": "#0"},
				"south": {"uv": [14.75, 13.75, 15.25, 14.25], "texture": "#0"},
				"west": {"uv": [13.75, 14, 14.25, 14.5], "texture": "#0"},
				"up": {"uv": [15.5, 15.5, 16, 16], "texture": "#0"},
				"down": {"uv": [14.75, 14.375, 15.25, 14.875], "texture": "#0"}
			}
		},
		{
			"from": [11.264, 9.10824, 15.00458],
			"to": [12.674, 10.51824, 16.41458],
			"rotation": {"angle": 22.5, "axis": "x", "origin": [12.05379, 6.96116, 15.73135]},
			"faces": {
				"north": {"uv": [15.125, 14.5, 15.625, 15], "texture": "#0"},
				"east": {"uv": [14, 15, 14.5, 15.5], "texture": "#0"},
				"south": {"uv": [14.75, 13.75, 15.25, 14.25], "texture": "#0"},
				"west": {"uv": [13.75, 14, 14.25, 14.5], "texture": "#0"},
				"up": {"uv": [15.5, 15.5, 16, 16], "texture": "#0"},
				"down": {"uv": [14.75, 14.375, 15.25, 14.875], "texture": "#0"}
			}
		},
		{
			"from": [11.264, 6.29587, 12.19851],
			"to": [12.251, 7.70587, 13.60851],
			"rotation": {"angle": 0, "axis": "y", "origin": [12.05379, 7.03884, 15.73135]},
			"faces": {
				"north": {"uv": [15.125, 15, 15.475, 14.5], "rotation": 180, "texture": "#0"},
				"east": {"uv": [14.5, 15, 14, 15.5], "rotation": 90, "texture": "#0"},
				"south": {"uv": [14.75, 14.25, 15.1, 13.75], "texture": "#0"},
				"west": {"uv": [14.25, 14, 13.75, 14.5], "rotation": 270, "texture": "#0"},
				"up": {"uv": [14.75, 14.875, 15.1, 14.375], "rotation": 180, "texture": "#0"},
				"down": {"uv": [15.5, 16, 15.85, 15.5], "texture": "#0"}
			}
		},
		{
			"from": [11.264, 6.30176, 12.18458],
			"to": [12.251, 7.71176, 13.59458],
			"rotation": {"angle": -22.5, "axis": "x", "origin": [12.05379, 7.03884, 15.73135]},
			"faces": {
				"north": {"uv": [15.125, 15, 15.475, 14.5], "rotation": 180, "texture": "#0"},
				"east": {"uv": [14.5, 15, 14, 15.5], "rotation": 90, "texture": "#0"},
				"south": {"uv": [14.75, 14.25, 15.1, 13.75], "texture": "#0"},
				"west": {"uv": [14.25, 14, 13.75, 14.5], "rotation": 270, "texture": "#0"},
				"up": {"uv": [14.75, 14.875, 15.1, 14.375], "rotation": 180, "texture": "#0"},
				"down": {"uv": [15.5, 16, 15.85, 15.5], "texture": "#0"}
			}
		},
		{
			"from": [11.264, 6.29576, 17.85364],
			"to": [12.674, 7.70576, 19.26364],
			"rotation": {"angle": 22.5, "axis": "x", "origin": [12.05379, 7.03884, 15.73135]},
			"faces": {
				"north": {"uv": [15.125, 15, 15.625, 14.5], "rotation": 180, "texture": "#0"},
				"east": {"uv": [14.5, 15, 14, 15.5], "rotation": 270, "texture": "#0"},
				"south": {"uv": [14.75, 14.25, 15.25, 13.75], "texture": "#0"},
				"west": {"uv": [14.25, 14, 13.75, 14.5], "rotation": 90, "texture": "#0"},
				"up": {"uv": [14.75, 14.875, 15.25, 14.375], "texture": "#0"},
				"down": {"uv": [15.5, 16, 16, 15.5], "rotation": 180, "texture": "#0"}
			}
		},
		{
			"from": [11.264, 3.48145, 15.04766],
			"to": [12.674, 4.89145, 16.45766],
			"rotation": {"angle": 45, "axis": "x", "origin": [12.05379, 7.03884, 15.73135]},
			"faces": {
				"north": {"uv": [15.125, 15, 15.625, 14.5], "texture": "#0"},
				"east": {"uv": [14, 15.5, 14.5, 15], "texture": "#0"},
				"south": {"uv": [14.75, 14.25, 15.25, 13.75], "texture": "#0"},
				"west": {"uv": [13.75, 14.5, 14.25, 14], "texture": "#0"},
				"up": {"uv": [14.75, 14.875, 15.25, 14.375], "texture": "#0"},
				"down": {"uv": [15.5, 16, 16, 15.5], "texture": "#0"}
			}
		},
		{
			"from": [11.264, 3.49253, 14.99396],
			"to": [12.674, 4.90253, 16.40396],
			"rotation": {"angle": -45, "axis": "x", "origin": [12.05379, 7.03884, 15.73135]},
			"faces": {
				"north": {"uv": [15.125, 15, 15.625, 14.5], "rotation": 180, "texture": "#0"},
				"east": {"uv": [14, 15.5, 14.5, 15], "rotation": 180, "texture": "#0"},
				"south": {"uv": [14.75, 14.25, 15.25, 13.75], "rotation": 180, "texture": "#0"},
				"west": {"uv": [13.75, 14.5, 14.25, 14], "rotation": 180, "texture": "#0"},
				"up": {"uv": [14.75, 14.875, 15.25, 14.375], "texture": "#0"},
				"down": {"uv": [15.5, 16, 16, 15.5], "texture": "#0"}
			}
		},
		{
			"from": [11.264, 3.47576, 15.03364],
			"to": [12.674, 4.88576, 16.44364],
			"rotation": {"angle": 22.5, "axis": "x", "origin": [12.05379, 7.03884, 15.73135]},
			"faces": {
				"north": {"uv": [15.125, 15, 15.625, 14.5], "texture": "#0"},
				"east": {"uv": [14, 15.5, 14.5, 15], "texture": "#0"},
				"south": {"uv": [14.75, 14.25, 15.25, 13.75], "texture": "#0"},
				"west": {"uv": [13.75, 14.5, 14.25, 14], "texture": "#0"},
				"up": {"uv": [14.75, 14.875, 15.25, 14.375], "texture": "#0"},
				"down": {"uv": [15.5, 16, 16, 15.5], "texture": "#0"}
			}
		},
		{
			"from": [11.264, 6.28675, 17.83998],
			"to": [12.674, 7.69675, 19.24998],
			"rotation": {"angle": 0, "axis": "y", "origin": [12.05379, 7.02972, 15.73282]},
			"faces": {
				"north": {"uv": [15.125, 15, 15.625, 14.5], "rotation": 180, "texture": "#0"},
				"east": {"uv": [14.5, 15, 14, 15.5], "rotation": 270, "texture": "#0"},
				"south": {"uv": [14.75, 14.25, 15.25, 13.75], "texture": "#0"},
				"west": {"uv": [14.25, 14, 13.75, 14.5], "rotation": 90, "texture": "#0"},
				"up": {"uv": [14.75, 14.875, 15.25, 14.375], "texture": "#0"},
				"down": {"uv": [15.5, 16, 16, 15.5], "rotation": 180, "texture": "#0"}
			}
		},
		{
			"from": [11.264, 3.47587, 15.01851],
			"to": [12.674, 4.88587, 16.42851],
			"rotation": {"angle": 0, "axis": "y", "origin": [12.05379, 7.03884, 15.73135]},
			"faces": {
				"north": {"uv": [15.125, 15, 15.625, 14.5], "texture": "#0"},
				"east": {"uv": [14, 15.5, 14.5, 15], "texture": "#0"},
				"south": {"uv": [14.75, 14.25, 15.25, 13.75], "texture": "#0"},
				"west": {"uv": [13.75, 14.5, 14.25, 14], "texture": "#0"},
				"up": {"uv": [14.75, 14.875, 15.25, 14.375], "texture": "#0"},
				"down": {"uv": [15.5, 16, 16, 15.5], "texture": "#0"}
			}
		},
		{
			"from": [11.264, 3.48176, 15.00458],
			"to": [12.674, 4.89176, 16.41458],
			"rotation": {"angle": -22.5, "axis": "x", "origin": [12.05379, 7.03884, 15.73135]},
			"faces": {
				"north": {"uv": [15.125, 15, 15.625, 14.5], "texture": "#0"},
				"east": {"uv": [14, 15.5, 14.5, 15], "texture": "#0"},
				"south": {"uv": [14.75, 14.25, 15.25, 13.75], "texture": "#0"},
				"west": {"uv": [13.75, 14.5, 14.25, 14], "texture": "#0"},
				"up": {"uv": [14.75, 14.875, 15.25, 14.375], "texture": "#0"},
				"down": {"uv": [15.5, 16, 16, 15.5], "texture": "#0"}
			}
		},
		{
			"from": [4.70904, 6.38045, 12.37447],
			"to": [5.65656, 7.73405, 13.72807],
			"rotation": {"angle": 22.5, "axis": "x", "origin": [4.89837, 7.02645, 15.77937]},
			"faces": {
				"north": {"uv": [15.475, 14.5, 15.125, 15], "rotation": 180, "texture": "#0"},
				"east": {"uv": [13.75, 14.5, 14.25, 14], "rotation": 270, "texture": "#0"},
				"south": {"uv": [15.1, 13.75, 14.75, 14.25], "texture": "#0"},
				"west": {"uv": [14, 15.5, 14.5, 15], "rotation": 90, "texture": "#0"},
				"up": {"uv": [15.85, 15.5, 15.5, 16], "texture": "#0"},
				"down": {"uv": [15.1, 14.375, 14.75, 14.875], "rotation": 180, "texture": "#0"}
			}
		},
		{
			"from": [4.30296, 6.38621, 17.81676],
			"to": [5.65656, 7.73981, 19.17036],
			"rotation": {"angle": -22.5, "axis": "x", "origin": [4.89837, 7.02645, 15.77937]},
			"faces": {
				"north": {"uv": [15.625, 14.5, 15.125, 15], "rotation": 180, "texture": "#0"},
				"east": {"uv": [13.75, 14.5, 14.25, 14], "rotation": 90, "texture": "#0"},
				"south": {"uv": [15.25, 13.75, 14.75, 14.25], "texture": "#0"},
				"west": {"uv": [14, 15.5, 14.5, 15], "rotation": 270, "texture": "#0"},
				"up": {"uv": [16, 15.5, 15.5, 16], "rotation": 180, "texture": "#0"},
				"down": {"uv": [15.25, 14.375, 14.75, 14.875], "texture": "#0"}
			}
		},
		{
			"from": [4.30296, 9.08795, 15.12302],
			"to": [5.65656, 10.44155, 16.47662],
			"rotation": {"angle": -45, "axis": "x", "origin": [4.89837, 7.02645, 15.77937]},
			"faces": {
				"north": {"uv": [15.625, 14.5, 15.125, 15], "texture": "#0"},
				"east": {"uv": [14.25, 14, 13.75, 14.5], "texture": "#0"},
				"south": {"uv": [15.25, 13.75, 14.75, 14.25], "texture": "#0"},
				"west": {"uv": [14.5, 15, 14, 15.5], "texture": "#0"},
				"up": {"uv": [16, 15.5, 15.5, 16], "texture": "#0"},
				"down": {"uv": [15.25, 14.375, 14.75, 14.875], "texture": "#0"}
			}
		},
		{
			"from": [4.30296, 9.0773, 15.07147],
			"to": [5.65656, 10.4309, 16.42507],
			"rotation": {"angle": 45, "axis": "x", "origin": [4.89837, 7.02645, 15.77937]},
			"faces": {
				"north": {"uv": [15.625, 14.5, 15.125, 15], "rotation": 180, "texture": "#0"},
				"east": {"uv": [14.25, 14, 13.75, 14.5], "rotation": 180, "texture": "#0"},
				"south": {"uv": [15.25, 13.75, 14.75, 14.25], "rotation": 180, "texture": "#0"},
				"west": {"uv": [14.5, 15, 14, 15.5], "rotation": 180, "texture": "#0"},
				"up": {"uv": [16, 15.5, 15.5, 16], "texture": "#0"},
				"down": {"uv": [15.25, 14.375, 14.75, 14.875], "texture": "#0"}
			}
		},
		{
			"from": [4.30296, 9.09341, 15.10956],
			"to": [5.65656, 10.44701, 16.46316],
			"rotation": {"angle": -22.5, "axis": "x", "origin": [4.89837, 7.02645, 15.77937]},
			"faces": {
				"north": {"uv": [15.625, 14.5, 15.125, 15], "texture": "#0"},
				"east": {"uv": [14.25, 14, 13.75, 14.5], "texture": "#0"},
				"south": {"uv": [15.25, 13.75, 14.75, 14.25], "texture": "#0"},
				"west": {"uv": [14.5, 15, 14, 15.5], "texture": "#0"},
				"up": {"uv": [16, 15.5, 15.5, 16], "texture": "#0"},
				"down": {"uv": [15.25, 14.375, 14.75, 14.875], "texture": "#0"}
			}
		},
		{
			"from": [4.30296, 9.0933, 15.09504],
			"to": [5.65656, 10.4469, 16.44864],
			"rotation": {"angle": 0, "axis": "y", "origin": [4.89837, 7.02645, 15.77937]},
			"faces": {
				"north": {"uv": [15.625, 14.5, 15.125, 15], "texture": "#0"},
				"east": {"uv": [14.25, 14, 13.75, 14.5], "texture": "#0"},
				"south": {"uv": [15.25, 13.75, 14.75, 14.25], "texture": "#0"},
				"west": {"uv": [14.5, 15, 14, 15.5], "texture": "#0"},
				"up": {"uv": [16, 15.5, 15.5, 16], "texture": "#0"},
				"down": {"uv": [15.25, 14.375, 14.75, 14.875], "texture": "#0"}
			}
		},
		{
			"from": [4.30296, 9.08765, 15.08167],
			"to": [5.65656, 10.44125, 16.43527],
			"rotation": {"angle": 22.5, "axis": "x", "origin": [4.89837, 7.02645, 15.77937]},
			"faces": {
				"north": {"uv": [15.625, 14.5, 15.125, 15], "texture": "#0"},
				"east": {"uv": [14.25, 14, 13.75, 14.5], "texture": "#0"},
				"south": {"uv": [15.25, 13.75, 14.75, 14.25], "texture": "#0"},
				"west": {"uv": [14.5, 15, 14, 15.5], "texture": "#0"},
				"up": {"uv": [16, 15.5, 15.5, 16], "texture": "#0"},
				"down": {"uv": [15.25, 14.375, 14.75, 14.875], "texture": "#0"}
			}
		},
		{
			"from": [4.70904, 6.38777, 12.38784],
			"to": [5.65656, 7.74137, 13.74144],
			"rotation": {"angle": 0, "axis": "y", "origin": [4.89837, 7.10102, 15.77937]},
			"faces": {
				"north": {"uv": [15.475, 15, 15.125, 14.5], "rotation": 180, "texture": "#0"},
				"east": {"uv": [14.25, 14.5, 13.75, 14], "rotation": 270, "texture": "#0"},
				"south": {"uv": [15.1, 14.25, 14.75, 13.75], "texture": "#0"},
				"west": {"uv": [14.5, 15.5, 14, 15], "rotation": 90, "texture": "#0"},
				"up": {"uv": [15.1, 14.875, 14.75, 14.375], "rotation": 180, "texture": "#0"},
				"down": {"uv": [15.85, 16, 15.5, 15.5], "texture": "#0"}
			}
		},
		{
			"from": [4.70904, 6.39343, 12.37447],
			"to": [5.65656, 7.74703, 13.72807],
			"rotation": {"angle": -22.5, "axis": "x", "origin": [4.89837, 7.10102, 15.77937]},
			"faces": {
				"north": {"uv": [15.475, 15, 15.125, 14.5], "rotation": 180, "texture": "#0"},
				"east": {"uv": [14.25, 14.5, 13.75, 14], "rotation": 270, "texture": "#0"},
				"south": {"uv": [15.1, 14.25, 14.75, 13.75], "texture": "#0"},
				"west": {"uv": [14.5, 15.5, 14, 15], "rotation": 90, "texture": "#0"},
				"up": {"uv": [15.1, 14.875, 14.75, 14.375], "rotation": 180, "texture": "#0"},
				"down": {"uv": [15.85, 16, 15.5, 15.5], "texture": "#0"}
			}
		},
		{
			"from": [4.30296, 6.38767, 17.81676],
			"to": [5.65656, 7.74127, 19.17036],
			"rotation": {"angle": 22.5, "axis": "x", "origin": [4.89837, 7.10102, 15.77937]},
			"faces": {
				"north": {"uv": [15.625, 15, 15.125, 14.5], "rotation": 180, "texture": "#0"},
				"east": {"uv": [14.25, 14.5, 13.75, 14], "rotation": 90, "texture": "#0"},
				"south": {"uv": [15.25, 14.25, 14.75, 13.75], "texture": "#0"},
				"west": {"uv": [14.5, 15.5, 14, 15], "rotation": 270, "texture": "#0"},
				"up": {"uv": [15.25, 14.875, 14.75, 14.375], "texture": "#0"},
				"down": {"uv": [16, 16, 15.5, 15.5], "rotation": 180, "texture": "#0"}
			}
		},
		{
			"from": [4.30296, 3.68593, 15.12302],
			"to": [5.65656, 5.03953, 16.47662],
			"rotation": {"angle": 45, "axis": "x", "origin": [4.89837, 7.10102, 15.77937]},
			"faces": {
				"north": {"uv": [15.625, 15, 15.125, 14.5], "texture": "#0"},
				"east": {"uv": [14.25, 14.5, 13.75, 14], "texture": "#0"},
				"south": {"uv": [15.25, 14.25, 14.75, 13.75], "texture": "#0"},
				"west": {"uv": [14.5, 15.5, 14, 15], "texture": "#0"},
				"up": {"uv": [15.25, 14.875, 14.75, 14.375], "texture": "#0"},
				"down": {"uv": [16, 16, 15.5, 15.5], "texture": "#0"}
			}
		},
		{
			"from": [4.30296, 3.69657, 15.07147],
			"to": [5.65656, 5.05017, 16.42507],
			"rotation": {"angle": -45, "axis": "x", "origin": [4.89837, 7.10102, 15.77937]},
			"faces": {
				"north": {"uv": [15.625, 15, 15.125, 14.5], "rotation": 180, "texture": "#0"},
				"east": {"uv": [14.25, 14.5, 13.75, 14], "rotation": 180, "texture": "#0"},
				"south": {"uv": [15.25, 14.25, 14.75, 13.75], "rotation": 180, "texture": "#0"},
				"west": {"uv": [14.5, 15.5, 14, 15], "rotation": 180, "texture": "#0"},
				"up": {"uv": [15.25, 14.875, 14.75, 14.375], "texture": "#0"},
				"down": {"uv": [16, 16, 15.5, 15.5], "texture": "#0"}
			}
		},
		{
			"from": [4.30296, 3.68047, 15.10956],
			"to": [5.65656, 5.03407, 16.46316],
			"rotation": {"angle": 22.5, "axis": "x", "origin": [4.89837, 7.10102, 15.77937]},
			"faces": {
				"north": {"uv": [15.625, 15, 15.125, 14.5], "texture": "#0"},
				"east": {"uv": [14.25, 14.5, 13.75, 14], "texture": "#0"},
				"south": {"uv": [15.25, 14.25, 14.75, 13.75], "texture": "#0"},
				"west": {"uv": [14.5, 15.5, 14, 15], "texture": "#0"},
				"up": {"uv": [15.25, 14.875, 14.75, 14.375], "texture": "#0"},
				"down": {"uv": [16, 16, 15.5, 15.5], "texture": "#0"}
			}
		},
		{
			"from": [4.30296, 6.37902, 17.80365],
			"to": [5.65656, 7.73262, 19.15725],
			"rotation": {"angle": 0, "axis": "y", "origin": [4.89837, 7.09227, 15.78078]},
			"faces": {
				"north": {"uv": [15.625, 15, 15.125, 14.5], "rotation": 180, "texture": "#0"},
				"east": {"uv": [14.25, 14.5, 13.75, 14], "rotation": 90, "texture": "#0"},
				"south": {"uv": [15.25, 14.25, 14.75, 13.75], "texture": "#0"},
				"west": {"uv": [14.5, 15.5, 14, 15], "rotation": 270, "texture": "#0"},
				"up": {"uv": [15.25, 14.875, 14.75, 14.375], "texture": "#0"},
				"down": {"uv": [16, 16, 15.5, 15.5], "rotation": 180, "texture": "#0"}
			}
		},
		{
			"from": [4.30296, 3.68057, 15.09504],
			"to": [5.65656, 5.03417, 16.44864],
			"rotation": {"angle": 0, "axis": "y", "origin": [4.89837, 7.10102, 15.77937]},
			"faces": {
				"north": {"uv": [15.625, 15, 15.125, 14.5], "texture": "#0"},
				"east": {"uv": [14.25, 14.5, 13.75, 14], "texture": "#0"},
				"south": {"uv": [15.25, 14.25, 14.75, 13.75], "texture": "#0"},
				"west": {"uv": [14.5, 15.5, 14, 15], "texture": "#0"},
				"up": {"uv": [15.25, 14.875, 14.75, 14.375], "texture": "#0"},
				"down": {"uv": [16, 16, 15.5, 15.5], "texture": "#0"}
			}
		},
		{
			"from": [4.30296, 3.68623, 15.08167],
			"to": [5.65656, 5.03983, 16.43527],
			"rotation": {"angle": -22.5, "axis": "x", "origin": [4.89837, 7.10102, 15.77937]},
			"faces": {
				"north": {"uv": [15.625, 15, 15.125, 14.5], "texture": "#0"},
				"east": {"uv": [14.25, 14.5, 13.75, 14], "texture": "#0"},
				"south": {"uv": [15.25, 14.25, 14.75, 13.75], "texture": "#0"},
				"west": {"uv": [14.5, 15.5, 14, 15], "texture": "#0"},
				"up": {"uv": [15.25, 14.875, 14.75, 14.375], "texture": "#0"},
				"down": {"uv": [16, 16, 15.5, 15.5], "texture": "#0"}
			}
		},
		{
			"from": [3.499, 6.28824, 12.18458],
			"to": [4.486, 7.69824, 13.59458],
			"rotation": {"angle": 22.5, "axis": "x", "origin": [3.69621, 6.96116, 15.73135]},
			"faces": {
				"north": {"uv": [15.475, 14.5, 15.125, 15], "rotation": 180, "texture": "#0"},
				"east": {"uv": [13.75, 14.5, 14.25, 14], "rotation": 270, "texture": "#0"},
				"south": {"uv": [15.1, 13.75, 14.75, 14.25], "texture": "#0"},
				"west": {"uv": [14, 15.5, 14.5, 15], "rotation": 90, "texture": "#0"},
				"up": {"uv": [15.85, 15.5, 15.5, 16], "texture": "#0"},
				"down": {"uv": [15.1, 14.375, 14.75, 14.875], "rotation": 180, "texture": "#0"}
			}
		},
		{
			"from": [3.076, 6.29424, 17.85364],
			"to": [4.486, 7.70424, 19.26364],
			"rotation": {"angle": -22.5, "axis": "x", "origin": [3.69621, 6.96116, 15.73135]},
			"faces": {
				"north": {"uv": [15.625, 14.5, 15.125, 15], "rotation": 180, "texture": "#0"},
				"east": {"uv": [13.75, 14.5, 14.25, 14], "rotation": 90, "texture": "#0"},
				"south": {"uv": [15.25, 13.75, 14.75, 14.25], "texture": "#0"},
				"west": {"uv": [14, 15.5, 14.5, 15], "rotation": 270, "texture": "#0"},
				"up": {"uv": [16, 15.5, 15.5, 16], "rotation": 180, "texture": "#0"},
				"down": {"uv": [15.25, 14.375, 14.75, 14.875], "texture": "#0"}
			}
		},
		{
			"from": [3.076, 9.10855, 15.04766],
			"to": [4.486, 10.51855, 16.45766],
			"rotation": {"angle": -45, "axis": "x", "origin": [3.69621, 6.96116, 15.73135]},
			"faces": {
				"north": {"uv": [15.625, 14.5, 15.125, 15], "texture": "#0"},
				"east": {"uv": [14.25, 14, 13.75, 14.5], "texture": "#0"},
				"south": {"uv": [15.25, 13.75, 14.75, 14.25], "texture": "#0"},
				"west": {"uv": [14.5, 15, 14, 15.5], "texture": "#0"},
				"up": {"uv": [16, 15.5, 15.5, 16], "texture": "#0"},
				"down": {"uv": [15.25, 14.375, 14.75, 14.875], "texture": "#0"}
			}
		},
		{
			"from": [3.076, 9.09747, 14.99396],
			"to": [4.486, 10.50747, 16.40396],
			"rotation": {"angle": 45, "axis": "x", "origin": [3.69621, 6.96116, 15.73135]},
			"faces": {
				"north": {"uv": [15.625, 14.5, 15.125, 15], "rotation": 180, "texture": "#0"},
				"east": {"uv": [14.25, 14, 13.75, 14.5], "rotation": 180, "texture": "#0"},
				"south": {"uv": [15.25, 13.75, 14.75, 14.25], "rotation": 180, "texture": "#0"},
				"west": {"uv": [14.5, 15, 14, 15.5], "rotation": 180, "texture": "#0"},
				"up": {"uv": [16, 15.5, 15.5, 16], "texture": "#0"},
				"down": {"uv": [15.25, 14.375, 14.75, 14.875], "texture": "#0"}
			}
		},
		{
			"from": [3.076, 9.11424, 15.03364],
			"to": [4.486, 10.52424, 16.44364],
			"rotation": {"angle": -22.5, "axis": "x", "origin": [3.69621, 6.96116, 15.73135]},
			"faces": {
				"north": {"uv": [15.625, 14.5, 15.125, 15], "texture": "#0"},
				"east": {"uv": [14.25, 14, 13.75, 14.5], "texture": "#0"},
				"south": {"uv": [15.25, 13.75, 14.75, 14.25], "texture": "#0"},
				"west": {"uv": [14.5, 15, 14, 15.5], "texture": "#0"},
				"up": {"uv": [16, 15.5, 15.5, 16], "texture": "#0"},
				"down": {"uv": [15.25, 14.375, 14.75, 14.875], "texture": "#0"}
			}
		},
		{
			"from": [3.076, 9.11413, 15.01851],
			"to": [4.486, 10.52413, 16.42851],
			"rotation": {"angle": 0, "axis": "y", "origin": [3.69621, 6.96116, 15.73135]},
			"faces": {
				"north": {"uv": [15.625, 14.5, 15.125, 15], "texture": "#0"},
				"east": {"uv": [14.25, 14, 13.75, 14.5], "texture": "#0"},
				"south": {"uv": [15.25, 13.75, 14.75, 14.25], "texture": "#0"},
				"west": {"uv": [14.5, 15, 14, 15.5], "texture": "#0"},
				"up": {"uv": [16, 15.5, 15.5, 16], "texture": "#0"},
				"down": {"uv": [15.25, 14.375, 14.75, 14.875], "texture": "#0"}
			}
		},
		{
			"from": [3.076, 9.10824, 15.00458],
			"to": [4.486, 10.51824, 16.41458],
			"rotation": {"angle": 22.5, "axis": "x", "origin": [3.69621, 6.96116, 15.73135]},
			"faces": {
				"north": {"uv": [15.625, 14.5, 15.125, 15], "texture": "#0"},
				"east": {"uv": [14.25, 14, 13.75, 14.5], "texture": "#0"},
				"south": {"uv": [15.25, 13.75, 14.75, 14.25], "texture": "#0"},
				"west": {"uv": [14.5, 15, 14, 15.5], "texture": "#0"},
				"up": {"uv": [16, 15.5, 15.5, 16], "texture": "#0"},
				"down": {"uv": [15.25, 14.375, 14.75, 14.875], "texture": "#0"}
			}
		},
		{
			"from": [3.499, 6.29587, 12.19851],
			"to": [4.486, 7.70587, 13.60851],
			"rotation": {"angle": 0, "axis": "y", "origin": [3.69621, 7.03884, 15.73135]},
			"faces": {
				"north": {"uv": [15.475, 15, 15.125, 14.5], "rotation": 180, "texture": "#0"},
				"east": {"uv": [14.25, 14.5, 13.75, 14], "rotation": 270, "texture": "#0"},
				"south": {"uv": [15.1, 14.25, 14.75, 13.75], "texture": "#0"},
				"west": {"uv": [14.5, 15.5, 14, 15], "rotation": 90, "texture": "#0"},
				"up": {"uv": [15.1, 14.875, 14.75, 14.375], "rotation": 180, "texture": "#0"},
				"down": {"uv": [15.85, 16, 15.5, 15.5], "texture": "#0"}
			}
		},
		{
			"from": [3.499, 6.30176, 12.18458],
			"to": [4.486, 7.71176, 13.59458],
			"rotation": {"angle": -22.5, "axis": "x", "origin": [3.69621, 7.03884, 15.73135]},
			"faces": {
				"north": {"uv": [15.475, 15, 15.125, 14.5], "rotation": 180, "texture": "#0"},
				"east": {"uv": [14.25, 14.5, 13.75, 14], "rotation": 270, "texture": "#0"},
				"south": {"uv": [15.1, 14.25, 14.75, 13.75], "texture": "#0"},
				"west": {"uv": [14.5, 15.5, 14, 15], "rotation": 90, "texture": "#0"},
				"up": {"uv": [15.1, 14.875, 14.75, 14.375], "rotation": 180, "texture": "#0"},
				"down": {"uv": [15.85, 16, 15.5, 15.5], "texture": "#0"}
			}
		},
		{
			"from": [3.076, 6.29576, 17.85364],
			"to": [4.486, 7.70576, 19.26364],
			"rotation": {"angle": 22.5, "axis": "x", "origin": [3.69621, 7.03884, 15.73135]},
			"faces": {
				"north": {"uv": [15.625, 15, 15.125, 14.5], "rotation": 180, "texture": "#0"},
				"east": {"uv": [14.25, 14.5, 13.75, 14], "rotation": 90, "texture": "#0"},
				"south": {"uv": [15.25, 14.25, 14.75, 13.75], "texture": "#0"},
				"west": {"uv": [14.5, 15.5, 14, 15], "rotation": 270, "texture": "#0"},
				"up": {"uv": [15.25, 14.875, 14.75, 14.375], "texture": "#0"},
				"down": {"uv": [16, 16, 15.5, 15.5], "rotation": 180, "texture": "#0"}
			}
		},
		{
			"from": [3.076, 3.48145, 15.04766],
			"to": [4.486, 4.89145, 16.45766],
			"rotation": {"angle": 45, "axis": "x", "origin": [3.69621, 7.03884, 15.73135]},
			"faces": {
				"north": {"uv": [15.625, 15, 15.125, 14.5], "texture": "#0"},
				"east": {"uv": [14.25, 14.5, 13.75, 14], "texture": "#0"},
				"south": {"uv": [15.25, 14.25, 14.75, 13.75], "texture": "#0"},
				"west": {"uv": [14.5, 15.5, 14, 15], "texture": "#0"},
				"up": {"uv": [15.25, 14.875, 14.75, 14.375], "texture": "#0"},
				"down": {"uv": [16, 16, 15.5, 15.5], "texture": "#0"}
			}
		},
		{
			"from": [3.076, 3.49253, 14.99396],
			"to": [4.486, 4.90253, 16.40396],
			"rotation": {"angle": -45, "axis": "x", "origin": [3.69621, 7.03884, 15.73135]},
			"faces": {
				"north": {"uv": [15.625, 15, 15.125, 14.5], "rotation": 180, "texture": "#0"},
				"east": {"uv": [14.25, 14.5, 13.75, 14], "rotation": 180, "texture": "#0"},
				"south": {"uv": [15.25, 14.25, 14.75, 13.75], "rotation": 180, "texture": "#0"},
				"west": {"uv": [14.5, 15.5, 14, 15], "rotation": 180, "texture": "#0"},
				"up": {"uv": [15.25, 14.875, 14.75, 14.375], "texture": "#0"},
				"down": {"uv": [16, 16, 15.5, 15.5], "texture": "#0"}
			}
		},
		{
			"from": [3.076, 3.47576, 15.03364],
			"to": [4.486, 4.88576, 16.44364],
			"rotation": {"angle": 22.5, "axis": "x", "origin": [3.69621, 7.03884, 15.73135]},
			"faces": {
				"north": {"uv": [15.625, 15, 15.125, 14.5], "texture": "#0"},
				"east": {"uv": [14.25, 14.5, 13.75, 14], "texture": "#0"},
				"south": {"uv": [15.25, 14.25, 14.75, 13.75], "texture": "#0"},
				"west": {"uv": [14.5, 15.5, 14, 15], "texture": "#0"},
				"up": {"uv": [15.25, 14.875, 14.75, 14.375], "texture": "#0"},
				"down": {"uv": [16, 16, 15.5, 15.5], "texture": "#0"}
			}
		},
		{
			"from": [3.076, 6.28675, 17.83998],
			"to": [4.486, 7.69675, 19.24998],
			"rotation": {"angle": 0, "axis": "y", "origin": [3.69621, 7.02972, 15.73282]},
			"faces": {
				"north": {"uv": [15.625, 15, 15.125, 14.5], "rotation": 180, "texture": "#0"},
				"east": {"uv": [14.25, 14.5, 13.75, 14], "rotation": 90, "texture": "#0"},
				"south": {"uv": [15.25, 14.25, 14.75, 13.75], "texture": "#0"},
				"west": {"uv": [14.5, 15.5, 14, 15], "rotation": 270, "texture": "#0"},
				"up": {"uv": [15.25, 14.875, 14.75, 14.375], "texture": "#0"},
				"down": {"uv": [16, 16, 15.5, 15.5], "rotation": 180, "texture": "#0"}
			}
		},
		{
			"from": [3.076, 3.47587, 15.01851],
			"to": [4.486, 4.88587, 16.42851],
			"rotation": {"angle": 0, "axis": "y", "origin": [3.69621, 7.03884, 15.73135]},
			"faces": {
				"north": {"uv": [15.625, 15, 15.125, 14.5], "texture": "#0"},
				"east": {"uv": [14.25, 14.5, 13.75, 14], "texture": "#0"},
				"south": {"uv": [15.25, 14.25, 14.75, 13.75], "texture": "#0"},
				"west": {"uv": [14.5, 15.5, 14, 15], "texture": "#0"},
				"up": {"uv": [15.25, 14.875, 14.75, 14.375], "texture": "#0"},
				"down": {"uv": [16, 16, 15.5, 15.5], "texture": "#0"}
			}
		},
		{
			"from": [3.076, 3.48176, 15.00458],
			"to": [4.486, 4.89176, 16.41458],
			"rotation": {"angle": -22.5, "axis": "x", "origin": [3.69621, 7.03884, 15.73135]},
			"faces": {
				"north": {"uv": [15.625, 15, 15.125, 14.5], "texture": "#0"},
				"east": {"uv": [14.25, 14.5, 13.75, 14], "texture": "#0"},
				"south": {"uv": [15.25, 14.25, 14.75, 13.75], "texture": "#0"},
				"west": {"uv": [14.5, 15.5, 14, 15], "texture": "#0"},
				"up": {"uv": [15.25, 14.875, 14.75, 14.375], "texture": "#0"},
				"down": {"uv": [16, 16, 15.5, 15.5], "texture": "#0"}
			}
		}
	],
	"display": {
		"head": {
			"translation": [-0.5, 9.75, 8.75],
			"scale": [2, 2, 2]
		}
	},
	"groups": [
		{
			"name": "rear",
			"origin": [5.75, 2.34345, 10.68178],
			"color": 0,
			"children": [0, 1, 2, 3, 4, 5, 6, 7, 8, 9, 10, 11, 12, 13, 14, 15, 16, 17, 18, 19, 20, 21]
		},
		22,
		23,
		24,
		25,
		26,
		27,
		{
			"name": "body",
			"origin": [8, 8, 8],
			"color": 0,
			"children": [28, 29, 30, 31, 32, 33, 34, 35, 36, 37, 38, 39, 40, 41, 42, 43, 44, 45, 46, 47, 48, 49, 50, 51, 52, 53, 54, 55, 56, 57, 58, 59, 60, 61]
		},
		{
			"name": "head",
			"origin": [7.875, 3.25, 4.25],
			"color": 0,
			"children": [62, 63, 64, 65, 66, 67, 68, 69, 70, 71, 72, 73, 74, 75, 76, 77, 78, 79]
		},
		{
			"name": "left front leg",
			"origin": [8, 4.5, 8],
			"color": 0,
			"children": [
				{
					"name": "right front leg",
					"origin": [8, 4.5, 8],
					"color": 0,
					"children": [80, 81, 82, 83, 84, 85]
				}
			]
		},
		{
			"name": "right front leg",
			"origin": [8, 4.5, 8],
			"color": 0,
			"children": [86, 87, 88, 89, 90, 91]
		},
		92,
		93,
		94,
		95,
		{
			"name": "rear",
			"origin": [5.75, 2.34345, 10.68178],
			"color": 0,
			"children": [96, 97, 98, 99, 100, 101, 102, 103, 104, 105, 106, 107, 108, 109, 110, 111]
		},
		{
			"name": "rear",
			"origin": [5.75, 2.34345, 10.68178],
			"color": 0,
			"children": [
				112,
				113,
				114,
				115,
				116,
				117,
				118,
				{
					"name": "rear",
					"origin": [5.75, 2.34345, 10.68178],
					"color": 0,
					"children": [119, 120, 121, 122, 123, 124, 125, 126, 127]
				}
			]
		},
		{
			"name": "rear",
			"origin": [5.75, 2.34345, 10.68178],
			"color": 0,
			"children": [
				128,
				129,
				130,
				131,
				132,
				133,
				134,
				{
					"name": "rear",
					"origin": [5.75, 2.34345, 10.68178],
					"color": 0,
					"children": [135, 136, 137, 138, 139, 140, 141, 142, 143]
				}
			]
		},
		{
			"name": "rear",
			"origin": [5.75, 2.34345, 10.68178],
			"color": 0,
			"children": [
				144,
				145,
				146,
				147,
				148,
				149,
				150,
				{
					"name": "rear",
					"origin": [5.75, 2.34345, 10.68178],
					"color": 0,
					"children": [151, 152, 153, 154, 155, 156, 157, 158, 159]
				}
			]
		}
	]
}