{
	"credit": "Made with Blockbench",
	"texture_size": [64, 64],
	"textures": {
		"main": "nw:boss/walk"
	},
	"elements": [
		{
			"name": "Head",
			"from": [4, 12, 4],
			"to": [12, 20, 12],
			"rotation": {"angle": 0, "axis": "y", "origin": [8, 11, 8]},
			"faces": {
				"north": {"uv": [8.5, 0.5, 9, 1], "texture": "#main"},
				"east": {"uv": [8, 0.5, 8.5, 1], "texture": "#main"},
				"south": {"uv": [9.5, 0.5, 10, 1], "texture": "#main"},
				"west": {"uv": [9, 0.5, 9.5, 1], "texture": "#main"},
				"up": {"uv": [9, 0.5, 8.5, 0], "texture": "#main"},
				"down": {"uv": [9.5, 0, 9, 0.5], "texture": "#main"}
			}
		},
		{
			"name": "Hat Layer",
			"from": [3.5, 11.5, 3.5],
			"to": [12.5, 20.5, 12.5],
			"rotation": {"angle": 0, "axis": "y", "origin": [8, 11, 8]},
			"faces": {
				"north": {"uv": [10.5, 0.5, 11, 1], "texture": "#main"},
				"east": {"uv": [10, 0.5, 10.5, 1], "texture": "#main"},
				"south": {"uv": [11.5, 0.5, 12, 1], "texture": "#main"},
				"west": {"uv": [11, 0.5, 11.5, 1], "texture": "#main"},
				"up": {"uv": [11, 0.5, 10.5, 0], "texture": "#main"},
				"down": {"uv": [11.5, 0, 11, 0.5], "texture": "#main"}
			}
		},
		{
			"name": "Body",
			"from": [4, 6, 5.75],
			"to": [12, 12, 10.25],
			"rotation": {"angle": 0, "axis": "y", "origin": [8, 11, 8]},
			"faces": {
				"north": {"uv": [9.25, 1.25, 9.75, 1.625], "texture": "#main"},
				"east": {"uv": [9, 1.25, 9.25, 1.625], "texture": "#main"},
				"south": {"uv": [10, 1.25, 10.5, 1.625], "texture": "#main"},
				"west": {"uv": [9.75, 1.25, 10, 1.625], "texture": "#main"},
				"up": {"uv": [9.75, 1.25, 9.25, 1], "texture": "#main"},
				"down": {"uv": [10.25, 1, 9.75, 1.25], "texture": "#main"}
			}
		},
		{
			"name": "Body Layer",
			"from": [3.75, 5.75, 5.5],
			"to": [12.25, 12.25, 10.5],
			"rotation": {"angle": 0, "axis": "y", "origin": [8, 11, 8]},
			"faces": {
				"north": {"uv": [9.25, 2.25, 9.75, 2.625], "texture": "#main"},
				"east": {"uv": [9, 2.25, 9.25, 2.625], "texture": "#main"},
				"south": {"uv": [10, 2.25, 10.5, 2.625], "texture": "#main"},
				"west": {"uv": [9.75, 2.25, 10, 2.625], "texture": "#main"},
				"up": {"uv": [9.75, 2.25, 9.25, 2], "texture": "#main"},
				"down": {"uv": [8.5, 0, 8, 0.25], "texture": "#main"}
			}
		},
		{
			"name": "Body",
			"from": [4.25, 0, 6],
			"to": [11.75, 6, 10],
			"rotation": {"angle": 0, "axis": "y", "origin": [8, 11, 8]},
			"faces": {
				"north": {"uv": [9.25, 1.625, 9.75, 2], "texture": "#main"},
				"east": {"uv": [9, 1.625, 9.25, 2], "texture": "#main"},
				"south": {"uv": [10, 1.625, 10.5, 2], "texture": "#main"},
				"west": {"uv": [9.75, 1.625, 10, 2], "texture": "#main"},
				"up": {"uv": [9.75, 1.625, 9.25, 1.375], "texture": "#main"},
				"down": {"uv": [10.25, 1.375, 9.75, 1.625], "texture": "#main"}
			}
		},
		{
			"name": "Body Layer",
			"from": [4, -0.25, 5.75],
			"to": [12, 6.25, 10.25],
			"rotation": {"angle": 0, "axis": "y", "origin": [8, 11, 8]},
			"faces": {
				"north": {"uv": [9.25, 2.625, 9.75, 3], "texture": "#main"},
				"east": {"uv": [9, 2.625, 9.25, 3], "texture": "#main"},
				"south": {"uv": [10, 2.625, 10.5, 3], "texture": "#main"},
				"west": {"uv": [9.75, 2.625, 10, 3], "texture": "#main"},
				"up": {"uv": [8.5, 0.25, 8, 0], "texture": "#main"},
				"down": {"uv": [10.25, 2.375, 9.75, 2.625], "texture": "#main"}
			}
		},
		{
			"name": "Right Arm",
			"from": [12, 6, 6],
			"to": [16, 12, 10],
			"rotation": {"angle": -22.5, "axis": "x", "origin": [14, 10, 8]},
			"faces": {
				"north": {"uv": [10.75, 1.25, 11, 1.625], "texture": "#main"},
				"east": {"uv": [10.5, 1.25, 10.75, 1.625], "texture": "#main"},
				"south": {"uv": [11.25, 1.25, 11.375, 1.625], "texture": "#main"},
				"west": {"uv": [11, 1.25, 11.25, 1.625], "texture": "#main"},
				"up": {"uv": [11, 1.25, 10.75, 1], "texture": "#main"},
				"down": {"uv": [11.25, 1, 11, 1.25], "texture": "#main"}
			}
		},
		{
			"name": "Right Arm Layer",
			"from": [11.75, 5.75, 5.75],
			"to": [16.25, 12.25, 10.25],
			"rotation": {"angle": -22.5, "axis": "x", "origin": [14, 10, 8]},
			"faces": {
				"north": {"uv": [10.75, 2.25, 11, 2.625], "texture": "#main"},
				"east": {"uv": [10.5, 2.25, 10.75, 2.625], "texture": "#main"},
				"south": {"uv": [11.25, 2.25, 11.375, 2.625], "texture": "#main"},
				"west": {"uv": [11, 2.25, 11.25, 2.625], "texture": "#main"},
				"up": {"uv": [11, 2.25, 10.75, 2], "texture": "#main"},
				"down": {"uv": [8.25, 0, 8, 0.25], "texture": "#main"}
			}
		},
		{
			"name": "Right Arm",
			"from": [12, 0, 6],
			"to": [16, 6, 10],
			"rotation": {"angle": -22.5, "axis": "x", "origin": [14, 10, 8]},
			"faces": {
				"north": {"uv": [10.75, 1.625, 11, 2], "texture": "#main"},
				"east": {"uv": [10.5, 1.625, 10.75, 2], "texture": "#main"},
				"south": {"uv": [11.25, 1.625, 11.375, 2], "texture": "#main"},
				"west": {"uv": [11, 1.625, 11.25, 2], "texture": "#main"},
				"up": {"uv": [11, 1.625, 10.75, 1.375], "texture": "#main"},
				"down": {"uv": [11.125, 1, 11, 1.25], "texture": "#main"}
			}
		},
		{
			"name": "Right Arm Layer",
			"from": [11.75, -0.25, 5.75],
			"to": [16.25, 6.25, 10.25],
			"rotation": {"angle": -22.5, "axis": "x", "origin": [14, 10, 8]},
			"faces": {
				"north": {"uv": [10.75, 2.625, 11, 3], "texture": "#main"},
				"east": {"uv": [10.5, 2.625, 10.75, 3], "texture": "#main"},
				"south": {"uv": [11.25, 2.625, 11.375, 3], "texture": "#main"},
				"west": {"uv": [11, 2.625, 11.25, 3], "texture": "#main"},
				"up": {"uv": [8.25, 0.25, 8, 0], "texture": "#main"},
				"down": {"uv": [11.25, 2, 11, 2.25], "texture": "#main"}
			}
		},
		{
			"name": "Left Arm",
			"from": [0, 6, 6],
			"to": [4, 12, 10],
			"rotation": {"angle": 22.5, "axis": "x", "origin": [2, 10, 8]},
			"faces": {
				"north": {"uv": [10.25, 3.25, 10.5, 3.625], "texture": "#main"},
				"east": {"uv": [10, 3.25, 10.25, 3.625], "texture": "#main"},
				"south": {"uv": [10.75, 3.25, 10.875, 3.625], "texture": "#main"},
				"west": {"uv": [10.5, 3.25, 10.75, 3.625], "texture": "#main"},
				"up": {"uv": [10.5, 3.25, 10.25, 3], "texture": "#main"},
				"down": {"uv": [10.75, 3, 10.5, 3.25], "texture": "#main"}
			}
		},
		{
			"name": "Left Arm Layer",
			"from": [-0.25, 5.75, 5.75],
			"to": [4.25, 12.25, 10.25],
			"rotation": {"angle": 22.5, "axis": "x", "origin": [2, 10, 8]},
			"faces": {
				"north": {"uv": [11.25, 3.25, 11.5, 3.625], "texture": "#main"},
				"east": {"uv": [11, 3.25, 11.25, 3.625], "texture": "#main"},
				"south": {"uv": [11.75, 3.25, 11.875, 3.625], "texture": "#main"},
				"west": {"uv": [11.5, 3.25, 11.75, 3.625], "texture": "#main"},
				"up": {"uv": [11.5, 3.25, 11.25, 3], "texture": "#main"},
				"down": {"uv": [8.25, 0, 8, 0.25], "texture": "#main"}
			}
		},
		{
			"name": "Left Arm",
			"from": [0, 0, 6],
			"to": [4, 6, 10],
			"rotation": {"angle": 22.5, "axis": "x", "origin": [2, 10, 8]},
			"faces": {
				"north": {"uv": [10.25, 3.625, 10.5, 4], "texture": "#main"},
				"east": {"uv": [10, 3.625, 10.25, 4], "texture": "#main"},
				"south": {"uv": [10.75, 3.625, 10.875, 4], "texture": "#main"},
				"west": {"uv": [10.5, 3.625, 10.75, 4], "texture": "#main"},
				"up": {"uv": [10.5, 3.625, 10.25, 3.375], "texture": "#main"},
				"down": {"uv": [10.625, 3, 10.5, 3.25], "texture": "#main"}
			}
		},
		{
			"name": "Left Arm Layer",
			"from": [-0.25, -0.25, 5.75],
			"to": [4.25, 6.25, 10.25],
			"rotation": {"angle": 22.5, "axis": "x", "origin": [2, 10, 8]},
			"faces": {
				"north": {"uv": [11.25, 3.625, 11.5, 4], "texture": "#main"},
				"east": {"uv": [11, 3.625, 11.25, 4], "texture": "#main"},
				"south": {"uv": [11.75, 3.625, 11.875, 4], "texture": "#main"},
				"west": {"uv": [11.5, 3.625, 11.75, 4], "texture": "#main"},
				"up": {"uv": [8.25, 0.25, 8, 0], "texture": "#main"},
				"down": {"uv": [11.75, 3, 11.5, 3.25], "texture": "#main"}
			}
		},
		{
			"name": "Right Leg",
			"from": [4.35, -6, 6],
			"to": [8.1, 0, 10],
			"rotation": {"angle": 0, "axis": "x", "origin": [8, 0, 8]},
			"faces": {
				"north": {"uv": [8.5, 1.25, 8.25, 1.625], "texture": "#main"},
				"east": {"uv": [8.75, 1.25, 8.5, 1.625], "texture": "#main"},
				"south": {"uv": [9, 1.25, 8.75, 1.625], "texture": "#main"},
				"west": {"uv": [8.25, 1.25, 8, 1.625], "texture": "#main"},
				"up": {"uv": [8.25, 1.25, 8.5, 1], "texture": "#main"},
				"down": {"uv": [8.5, 1, 8.75, 1.25], "texture": "#main"}
			}
		},
		{
			"name": "Right Leg Layer",
			"from": [4.1, -6.25, 5.75],
			"to": [8.35, 0.25, 10.25],
			"rotation": {"angle": 0, "axis": "x", "origin": [8, 0, 8]},
			"faces": {
				"north": {"uv": [8.5, 2.25, 8.25, 2.625], "texture": "#main"},
				"east": {"uv": [8.75, 2.25, 8.5, 2.625], "texture": "#main"},
				"south": {"uv": [9, 2.25, 8.75, 2.625], "texture": "#main"},
				"west": {"uv": [8.25, 2.25, 8, 2.625], "texture": "#main"},
				"up": {"uv": [8.25, 2.25, 8.5, 2], "texture": "#main"},
				"down": {"uv": [8, 0, 8.25, 0.25], "texture": "#main"}
			}
		},
		{
			"name": "Right Leg",
			"from": [4.35, -11.69136, 3.55166],
			"to": [8.1, -5.69136, 7.55166],
			"rotation": {"angle": -22.5, "axis": "x", "origin": [8, 0.30864, 5.55166]},
			"faces": {
				"north": {"uv": [8.5, 1.625, 8.25, 2], "texture": "#main"},
				"east": {"uv": [8.75, 1.625, 8.5, 2], "texture": "#main"},
				"south": {"uv": [9, 1.625, 8.75, 2], "texture": "#main"},
				"west": {"uv": [8.25, 1.625, 8, 2], "texture": "#main"},
				"up": {"uv": [8.25, 1.625, 8.5, 1.375], "texture": "#main"},
				"down": {"uv": [8.5, 1, 8.75, 1.25], "texture": "#main"}
			}
		},
		{
			"name": "Right Leg Layer",
			"from": [4.1, -11.94136, 3.30166],
			"to": [8.35, -5.44136, 7.80166],
			"rotation": {"angle": -22.5, "axis": "x", "origin": [8, 0.30864, 5.55166]},
			"faces": {
				"north": {"uv": [8.5, 2.625, 8.25, 3], "texture": "#main"},
				"east": {"uv": [8.75, 2.625, 8.5, 3], "texture": "#main"},
				"south": {"uv": [9, 2.625, 8.75, 3], "texture": "#main"},
				"west": {"uv": [8.25, 2.625, 8, 3], "texture": "#main"},
				"up": {"uv": [8, 0.25, 8.25, 0], "texture": "#main"},
				"down": {"uv": [8.5, 2, 8.75, 2.25], "texture": "#main"}
			}
		},
		{
			"name": "Left Leg",
			"from": [7.9, -6, 6],
			"to": [11.65, 0, 10],
			"rotation": {"angle": 22.5, "axis": "x", "origin": [8, 0, 8]},
			"faces": {
				"north": {"uv": [9.5, 3.25, 9.25, 3.625], "texture": "#main"},
				"east": {"uv": [9.75, 3.25, 9.5, 3.625], "texture": "#main"},
				"south": {"uv": [10, 3.25, 9.75, 3.625], "texture": "#main"},
				"west": {"uv": [9.25, 3.25, 9, 3.625], "texture": "#main"},
				"up": {"uv": [9.25, 3.25, 9.5, 3], "texture": "#main"},
				"down": {"uv": [9.5, 3, 9.75, 3.25], "texture": "#main"}
			}
		},
		{
			"name": "Left Leg Layer",
			"from": [7.65, -6.25, 5.75],
			"to": [11.9, 0.25, 10.25],
			"rotation": {"angle": 22.5, "axis": "x", "origin": [8, 0, 8]},
			"faces": {
				"north": {"uv": [8.5, 3.25, 8.25, 3.625], "texture": "#main"},
				"east": {"uv": [8.75, 3.25, 8.5, 3.625], "texture": "#main"},
				"south": {"uv": [9, 3.25, 8.75, 3.625], "texture": "#main"},
				"west": {"uv": [8.25, 3.25, 8, 3.625], "texture": "#main"},
				"up": {"uv": [8.25, 3.25, 8.5, 3], "texture": "#main"},
				"down": {"uv": [8, 0, 8.25, 0.25], "texture": "#main"}
			}
		},
		{
			"name": "Left Leg",
			"from": [7.9, -10.77791, 3.85614],
			"to": [11.65, -4.77791, 7.85614],
			"rotation": {"angle": 0, "axis": "x", "origin": [8, 1.22209, 5.85614]},
			"faces": {
				"north": {"uv": [9.5, 3.625, 9.25, 4], "texture": "#main"},
				"east": {"uv": [9.75, 3.625, 9.5, 4], "texture": "#main"},
				"south": {"uv": [10, 3.625, 9.75, 4], "texture": "#main"},
				"west": {"uv": [9.25, 3.625, 9, 4], "texture": "#main"},
				"up": {"uv": [9.25, 3.625, 9.5, 3.375], "texture": "#main"},
				"down": {"uv": [9.5, 3, 9.75, 3.25], "texture": "#main"}
			}
		},
		{
			"name": "Left Leg Layer",
			"from": [7.65, -11.02791, 3.60614],
			"to": [11.9, -4.52791, 8.10614],
			"rotation": {"angle": 0, "axis": "x", "origin": [8, 1.22209, 5.85614]},
			"faces": {
				"north": {"uv": [8.5, 3.625, 8.25, 4], "texture": "#main"},
				"east": {"uv": [8.75, 3.625, 8.5, 4], "texture": "#main"},
				"south": {"uv": [9, 3.625, 8.75, 4], "texture": "#main"},
				"west": {"uv": [8.25, 3.625, 8, 4], "texture": "#main"},
				"up": {"uv": [8, 0.25, 8.25, 0], "texture": "#main"},
				"down": {"uv": [8.5, 3, 8.75, 3.25], "texture": "#main"}
			}
		},
		{
			"name": "luck_and_pluck_0",
			"from": [21.08, 11.36, -2.8],
			"to": [21.92, 13.88, -0.28],
			"rotation": {"angle": 0, "axis": "z", "origin": [1.28, 1.28, 1.28]},
			"faces": {
				"north": {"uv": [12.1875, 0, 12, 0.0625], "rotation": 270, "texture": "#main"},
				"east": {"uv": [12, 0, 12.1875, 0.1875], "rotation": 90, "texture": "#main"},
				"south": {"uv": [12, 0.125, 12.1875, 0.1875], "rotation": 90, "texture": "#main"},
				"west": {"uv": [12, 0.1875, 12.1875, 0], "rotation": 90, "texture": "#main"},
				"up": {"uv": [12, 0, 12.0625, 0.1875], "texture": "#main"},
				"down": {"uv": [12.125, 0, 12.1875, 0.1875], "rotation": 180, "texture": "#main"}
			}
		},
		{
			"name": "luck_and_pluck_1",
			"from": [21.08, 10.52, -1.96],
			"to": [21.92, 11.36, 2.24],
			"rotation": {"angle": 0, "axis": "z", "origin": [1.28, 1.28, 1.28]},
			"faces": {
				"north": {"uv": [12.25, 0.0625, 12.1875, 0.125], "rotation": 270, "texture": "#main"},
				"east": {"uv": [12.1875, 0.0625, 12.25, 0.375], "rotation": 90, "texture": "#main"},
				"south": {"uv": [12.1875, 0.3125, 12.25, 0.375], "rotation": 90, "texture": "#main"},
				"west": {"uv": [12.1875, 0.375, 12.25, 0.0625], "rotation": 90, "texture": "#main"},
				"up": {"uv": [12.1875, 0.0625, 12.25, 0.375], "texture": "#main"},
				"down": {"uv": [12.1875, 0.0625, 12.25, 0.375], "rotation": 180, "texture": "#main"}
			}
		},
		{
			"name": "luck_and_pluck_2",
			"from": [21.08, 9.68, -1.12],
			"to": [21.92, 10.52, 3.08],
			"rotation": {"angle": 0, "axis": "z", "origin": [1.28, 1.28, 1.28]},
			"faces": {
				"north": {"uv": [12.3125, 0.125, 12.25, 0.1875], "rotation": 270, "texture": "#main"},
				"east": {"uv": [12.25, 0.125, 12.3125, 0.4375], "rotation": 90, "texture": "#main"},
				"south": {"uv": [12.25, 0.375, 12.3125, 0.4375], "rotation": 90, "texture": "#main"},
				"west": {"uv": [12.25, 0.4375, 12.3125, 0.125], "rotation": 90, "texture": "#main"},
				"up": {"uv": [12.25, 0.125, 12.3125, 0.4375], "texture": "#main"},
				"down": {"uv": [12.25, 0.125, 12.3125, 0.4375], "rotation": 180, "texture": "#main"}
			}
		},
		{
			"name": "luck_and_pluck_3",
			"from": [21.08, 11.36, -0.28],
			"to": [21.92, 13.04, 0.56],
			"rotation": {"angle": 0, "axis": "z", "origin": [1.28, 1.28, 1.28]},
			"faces": {
				"north": {"uv": [12.1875, 0.1875, 12.0625, 0.25], "rotation": 270, "texture": "#main"},
				"east": {"uv": [12.0625, 0.1875, 12.1875, 0.25], "rotation": 90, "texture": "#main"},
				"south": {"uv": [12.0625, 0.1875, 12.1875, 0.25], "rotation": 90, "texture": "#main"},
				"west": {"uv": [12.0625, 0.25, 12.1875, 0.1875], "rotation": 90, "texture": "#main"},
				"up": {"uv": [12.0625, 0.1875, 12.125, 0.25], "texture": "#main"},
				"down": {"uv": [12.125, 0.1875, 12.1875, 0.25], "rotation": 180, "texture": "#main"}
			}
		},
		{
			"name": "luck_and_pluck_4",
			"from": [21.08, 8.84, -0.28],
			"to": [21.92, 9.68, 3.92],
			"rotation": {"angle": 0, "axis": "z", "origin": [1.28, 1.28, 1.28]},
			"faces": {
				"north": {"uv": [12.375, 0.1875, 12.3125, 0.25], "rotation": 270, "texture": "#main"},
				"east": {"uv": [12.3125, 0.1875, 12.375, 0.5], "rotation": 90, "texture": "#main"},
				"south": {"uv": [12.3125, 0.4375, 12.375, 0.5], "rotation": 90, "texture": "#main"},
				"west": {"uv": [12.3125, 0.5, 12.375, 0.1875], "rotation": 90, "texture": "#main"},
				"up": {"uv": [12.3125, 0.1875, 12.375, 0.5], "texture": "#main"},
				"down": {"uv": [12.3125, 0.1875, 12.375, 0.5], "rotation": 180, "texture": "#main"}
			}
		},
		{
			"name": "luck_and_pluck_5",
			"from": [21.08, 11.36, 0.56],
			"to": [21.92, 12.2, 1.4],
			"rotation": {"angle": 0, "axis": "z", "origin": [1.28, 1.28, 1.28]},
			"faces": {
				"north": {"uv": [12.1875, 0.25, 12.125, 0.3125], "rotation": 270, "texture": "#main"},
				"east": {"uv": [12.125, 0.25, 12.1875, 0.3125], "rotation": 90, "texture": "#main"},
				"south": {"uv": [12.125, 0.25, 12.1875, 0.3125], "rotation": 90, "texture": "#main"},
				"west": {"uv": [12.125, 0.3125, 12.1875, 0.25], "rotation": 90, "texture": "#main"},
				"up": {"uv": [12.125, 0.25, 12.1875, 0.3125], "texture": "#main"},
				"down": {"uv": [12.125, 0.25, 12.1875, 0.3125], "rotation": 180, "texture": "#main"}
			}
		},
		{
			"name": "luck_and_pluck_6",
			"from": [21.08, 8, 0.56],
			"to": [21.92, 8.84, 4.76],
			"rotation": {"angle": 0, "axis": "z", "origin": [1.28, 1.28, 1.28]},
			"faces": {
				"north": {"uv": [12.4375, 0.25, 12.375, 0.3125], "rotation": 270, "texture": "#main"},
				"east": {"uv": [12.375, 0.25, 12.4375, 0.5625], "rotation": 90, "texture": "#main"},
				"south": {"uv": [12.375, 0.5, 12.4375, 0.5625], "rotation": 90, "texture": "#main"},
				"west": {"uv": [12.375, 0.5625, 12.4375, 0.25], "rotation": 90, "texture": "#main"},
				"up": {"uv": [12.375, 0.25, 12.4375, 0.5625], "texture": "#main"},
				"down": {"uv": [12.375, 0.25, 12.4375, 0.5625], "rotation": 180, "texture": "#main"}
			}
		},
		{
			"name": "luck_and_pluck_7",
			"from": [21.08, 7.16, 1.4],
			"to": [21.92, 8, 5.6],
			"rotation": {"angle": 0, "axis": "z", "origin": [1.28, 1.28, 1.28]},
			"faces": {
				"north": {"uv": [12.5, 0.3125, 12.4375, 0.375], "rotation": 270, "texture": "#main"},
				"east": {"uv": [12.4375, 0.3125, 12.5, 0.625], "rotation": 90, "texture": "#main"},
				"south": {"uv": [12.4375, 0.5625, 12.5, 0.625], "rotation": 90, "texture": "#main"},
				"west": {"uv": [12.4375, 0.625, 12.5, 0.3125], "rotation": 90, "texture": "#main"},
				"up": {"uv": [12.4375, 0.3125, 12.5, 0.625], "texture": "#main"},
				"down": {"uv": [12.4375, 0.3125, 12.5, 0.625], "rotation": 180, "texture": "#main"}
			}
		},
		{
			"name": "luck_and_pluck_8",
			"from": [21.08, 6.32, 2.24],
			"to": [21.92, 7.16, 6.44],
			"rotation": {"angle": 0, "axis": "z", "origin": [1.28, 1.28, 1.28]},
			"faces": {
				"north": {"uv": [12.5625, 0.375, 12.5, 0.4375], "rotation": 270, "texture": "#main"},
				"east": {"uv": [12.5, 0.375, 12.5625, 0.6875], "rotation": 90, "texture": "#main"},
				"south": {"uv": [12.5, 0.625, 12.5625, 0.6875], "rotation": 90, "texture": "#main"},
				"west": {"uv": [12.5, 0.6875, 12.5625, 0.375], "rotation": 90, "texture": "#main"},
				"up": {"uv": [12.5, 0.375, 12.5625, 0.6875], "texture": "#main"},
				"down": {"uv": [12.5, 0.375, 12.5625, 0.6875], "rotation": 180, "texture": "#main"}
			}
		},
		{
			"name": "luck_and_pluck_9",
			"from": [21.08, 5.48, 3.08],
			"to": [21.92, 6.32, 7.28],
			"rotation": {"angle": 0, "axis": "z", "origin": [1.28, 1.28, 1.28]},
			"faces": {
				"north": {"uv": [12.625, 0.4375, 12.5625, 0.5], "rotation": 270, "texture": "#main"},
				"east": {"uv": [12.5625, 0.4375, 12.625, 0.75], "rotation": 90, "texture": "#main"},
				"south": {"uv": [12.5625, 0.6875, 12.625, 0.75], "rotation": 90, "texture": "#main"},
				"west": {"uv": [12.5625, 0.75, 12.625, 0.4375], "rotation": 90, "texture": "#main"},
				"up": {"uv": [12.5625, 0.4375, 12.625, 0.75], "texture": "#main"},
				"down": {"uv": [12.5625, 0.4375, 12.625, 0.75], "rotation": 180, "texture": "#main"}
			}
		},
		{
			"name": "luck_and_pluck_10",
			"from": [21.08, 4.64, 3.92],
			"to": [21.92, 5.48, 9.8],
			"rotation": {"angle": 0, "axis": "z", "origin": [1.28, 1.28, 1.28]},
			"faces": {
				"north": {"uv": [12.6875, 0.5, 12.625, 0.5625], "rotation": 270, "texture": "#main"},
				"east": {"uv": [12.625, 0.5, 12.6875, 0.9375], "rotation": 90, "texture": "#main"},
				"south": {"uv": [12.625, 0.875, 12.6875, 0.9375], "rotation": 90, "texture": "#main"},
				"west": {"uv": [12.625, 0.9375, 12.6875, 0.5], "rotation": 90, "texture": "#main"},
				"up": {"uv": [12.625, 0.5, 12.6875, 0.9375], "texture": "#main"},
				"down": {"uv": [12.625, 0.5, 12.6875, 0.9375], "rotation": 180, "texture": "#main"}
			}
		},
		{
			"name": "luck_and_pluck_11",
			"from": [21.08, 0.44, 3.92],
			"to": [21.92, 1.28, 5.6],
			"rotation": {"angle": 0, "axis": "z", "origin": [1.28, 1.28, 1.28]},
			"faces": {
				"north": {"uv": [13, 0.5, 12.9375, 0.5625], "rotation": 270, "texture": "#main"},
				"east": {"uv": [12.9375, 0.5, 13, 0.625], "rotation": 90, "texture": "#main"},
				"south": {"uv": [12.9375, 0.5625, 13, 0.625], "rotation": 90, "texture": "#main"},
				"west": {"uv": [12.9375, 0.625, 13, 0.5], "rotation": 90, "texture": "#main"},
				"up": {"uv": [12.9375, 0.5, 13, 0.625], "texture": "#main"},
				"down": {"uv": [12.9375, 0.5, 13, 0.625], "rotation": 180, "texture": "#main"}
			}
		},
		{
			"name": "luck_and_pluck_12",
			"from": [21.08, 3.8, 4.76],
			"to": [21.92, 4.64, 8.96],
			"rotation": {"angle": 0, "axis": "z", "origin": [1.28, 1.28, 1.28]},
			"faces": {
				"north": {"uv": [12.75, 0.5625, 12.6875, 0.625], "rotation": 270, "texture": "#main"},
				"east": {"uv": [12.6875, 0.5625, 12.75, 0.875], "rotation": 90, "texture": "#main"},
				"south": {"uv": [12.6875, 0.8125, 12.75, 0.875], "rotation": 90, "texture": "#main"},
				"west": {"uv": [12.6875, 0.875, 12.75, 0.5625], "rotation": 90, "texture": "#main"},
				"up": {"uv": [12.6875, 0.5625, 12.75, 0.875], "texture": "#main"},
				"down": {"uv": [12.6875, 0.5625, 12.75, 0.875], "rotation": 180, "texture": "#main"}
			}
		},
		{
			"name": "luck_and_pluck_13",
			"from": [21.08, 1.28, 4.76],
			"to": [21.92, 2.12, 6.44],
			"rotation": {"angle": 0, "axis": "z", "origin": [1.28, 1.28, 1.28]},
			"faces": {
				"north": {"uv": [12.9375, 0.5625, 12.875, 0.625], "rotation": 270, "texture": "#main"},
				"east": {"uv": [12.875, 0.5625, 12.9375, 0.6875], "rotation": 90, "texture": "#main"},
				"south": {"uv": [12.875, 0.625, 12.9375, 0.6875], "rotation": 90, "texture": "#main"},
				"west": {"uv": [12.875, 0.6875, 12.9375, 0.5625], "rotation": 90, "texture": "#main"},
				"up": {"uv": [12.875, 0.5625, 12.9375, 0.6875], "texture": "#main"},
				"down": {"uv": [12.875, 0.5625, 12.9375, 0.6875], "rotation": 180, "texture": "#main"}
			}
		},
		{
			"name": "luck_and_pluck_14",
			"from": [21.08, 2.12, 5.6],
			"to": [21.92, 3.8, 8.96],
			"rotation": {"angle": 0, "axis": "z", "origin": [1.28, 1.28, 1.28]},
			"faces": {
				"north": {"uv": [12.875, 0.625, 12.75, 0.6875], "rotation": 270, "texture": "#main"},
				"east": {"uv": [12.75, 0.625, 12.875, 0.875], "rotation": 90, "texture": "#main"},
				"south": {"uv": [12.75, 0.8125, 12.875, 0.875], "rotation": 90, "texture": "#main"},
				"west": {"uv": [12.75, 0.875, 12.875, 0.625], "rotation": 90, "texture": "#main"},
				"up": {"uv": [12.75, 0.625, 12.8125, 0.875], "texture": "#main"},
				"down": {"uv": [12.8125, 0.625, 12.875, 0.875], "rotation": 180, "texture": "#main"}
			}
		},
		{
			"name": "luck_and_pluck_15",
			"from": [21.08, 1.28, 8.12],
			"to": [21.92, 2.12, 10.64],
			"rotation": {"angle": 0, "axis": "z", "origin": [1.28, 1.28, 1.28]},
			"faces": {
				"north": {"uv": [12.9375, 0.8125, 12.875, 0.875], "rotation": 270, "texture": "#main"},
				"east": {"uv": [12.875, 0.8125, 12.9375, 1], "rotation": 90, "texture": "#main"},
				"south": {"uv": [12.875, 0.9375, 12.9375, 1], "rotation": 90, "texture": "#main"},
				"west": {"uv": [12.875, 1, 12.9375, 0.8125], "rotation": 90, "texture": "#main"},
				"up": {"uv": [12.875, 0.8125, 12.9375, 1], "texture": "#main"},
				"down": {"uv": [12.875, 0.8125, 12.9375, 1], "rotation": 180, "texture": "#main"}
			}
		},
		{
			"name": "luck_and_pluck_16",
			"from": [21.08, 5.48, 8.96],
			"to": [21.92, 6.32, 10.64],
			"rotation": {"angle": 0, "axis": "z", "origin": [1.28, 1.28, 1.28]},
			"faces": {
				"north": {"uv": [12.625, 0.875, 12.5625, 0.9375], "rotation": 270, "texture": "#main"},
				"east": {"uv": [12.5625, 0.875, 12.625, 1], "rotation": 90, "texture": "#main"},
				"south": {"uv": [12.5625, 0.9375, 12.625, 1], "rotation": 90, "texture": "#main"},
				"west": {"uv": [12.5625, 1, 12.625, 0.875], "rotation": 90, "texture": "#main"},
				"up": {"uv": [12.5625, 0.875, 12.625, 1], "texture": "#main"},
				"down": {"uv": [12.5625, 0.875, 12.625, 1], "rotation": 180, "texture": "#main"}
			}
		},
		{
			"name": "luck_and_pluck_17",
			"from": [21.08, 2.12, 8.96],
			"to": [21.92, 2.96, 9.8],
			"rotation": {"angle": 0, "axis": "z", "origin": [1.28, 1.28, 1.28]},
			"faces": {
				"north": {"uv": [12.875, 0.875, 12.8125, 0.9375], "rotation": 270, "texture": "#main"},
				"east": {"uv": [12.8125, 0.875, 12.875, 0.9375], "rotation": 90, "texture": "#main"},
				"south": {"uv": [12.8125, 0.875, 12.875, 0.9375], "rotation": 90, "texture": "#main"},
				"west": {"uv": [12.8125, 0.9375, 12.875, 0.875], "rotation": 90, "texture": "#main"},
				"up": {"uv": [12.8125, 0.875, 12.875, 0.9375], "texture": "#main"},
				"down": {"uv": [12.8125, 0.875, 12.875, 0.9375], "rotation": 180, "texture": "#main"}
			}
		},
		{
			"name": "luck_and_pluck_18",
			"from": [21.08, 0.44, 8.96],
			"to": [21.92, 1.28, 10.64],
			"rotation": {"angle": 0, "axis": "z", "origin": [1.28, 1.28, 1.28]},
			"faces": {
				"north": {"uv": [13, 0.875, 12.9375, 0.9375], "rotation": 270, "texture": "#main"},
				"east": {"uv": [12.9375, 0.875, 13, 1], "rotation": 90, "texture": "#main"},
				"south": {"uv": [12.9375, 0.9375, 13, 1], "rotation": 90, "texture": "#main"},
				"west": {"uv": [12.9375, 1, 13, 0.875], "rotation": 90, "texture": "#main"},
				"up": {"uv": [12.9375, 0.875, 13, 1], "texture": "#main"},
				"down": {"uv": [12.9375, 0.875, 13, 1], "rotation": 180, "texture": "#main"}
			}
		},
		{
			"name": "luck_and_pluck_19",
			"from": [21.08, 6.32, 9.8],
			"to": [21.92, 7.16, 10.64],
			"rotation": {"angle": 0, "axis": "z", "origin": [1.28, 1.28, 1.28]},
			"faces": {
				"north": {"uv": [12.5625, 0.9375, 12.5, 1], "rotation": 270, "texture": "#main"},
				"east": {"uv": [12.5, 0.9375, 12.5625, 1], "rotation": 90, "texture": "#main"},
				"south": {"uv": [12.5, 0.9375, 12.5625, 1], "rotation": 90, "texture": "#main"},
				"west": {"uv": [12.5, 1, 12.5625, 0.9375], "rotation": 90, "texture": "#main"},
				"up": {"uv": [12.5, 0.9375, 12.5625, 1], "texture": "#main"},
				"down": {"uv": [12.5, 0.9375, 12.5625, 1], "rotation": 180, "texture": "#main"}
			}
		},
		{
			"from": [20.5, 1.75, 7.25],
			"to": [22.5, 3, 10],
			"rotation": {"angle": -22.5, "axis": "x", "origin": [21.5, 2.80552, 10.28936]},
			"faces": {
				"north": {"uv": [8.5, 0.3125, 8.625, 0.39063], "texture": "#main"},
				"east": {"uv": [8, 0.625, 8.04688, 0.70313], "texture": "#main"},
				"south": {"uv": [9.125, 0.5625, 9.0625, 0.64063], "texture": "#main"},
				"west": {"uv": [9.0625, 0.5625, 9.04688, 0.64063], "texture": "#main"},
				"up": {"uv": [8.5, 0, 8.625, 0.17188], "texture": "#main"},
				"down": {"uv": [9.5, 0.5625, 9.5625, 0.60938], "texture": "#main"}
			}
		},
		{
			"from": [20.75, 1.94134, 9.61679],
			"to": [22.25, 3.19134, 14.36679],
			"rotation": {"angle": -22.5, "axis": "x", "origin": [21.5, 2.80552, 10.28936]},
			"faces": {
				"north": {"uv": [8.5, 0.3125, 8.59375, 0.39063], "texture": "#main"},
				"east": {"uv": [8, 0.625, 8.17188, 0.70313], "texture": "#main"},
				"south": {"uv": [9.125, 0.5625, 9.03125, 0.64063], "texture": "#main"},
				"west": {"uv": [9.0625, 0.5625, 9.17188, 0.64063], "texture": "#main"},
				"up": {"uv": [8.5, 0, 8.59375, 0.29688], "texture": "#main"},
				"down": {"uv": [9.5, 0.5625, 9.53125, 0.73438], "texture": "#main"}
			}
		},
		{
			"from": [17.33318, 3.26991, 11.98265],
			"to": [19.83318, 5.01991, 16.73265],
			"rotation": {"angle": -45, "axis": "y", "origin": [18.58318, 4.14491, 16.35765]},
			"faces": {
				"north": {"uv": [8.5, 0.3125, 8.65625, 0.42188], "texture": "#main"},
				"east": {"uv": [8, 0.625, 8.17188, 0.73438], "texture": "#main"},
				"south": {"uv": [9.125, 0.5625, 9.09375, 0.67188], "texture": "#main"},
				"west": {"uv": [9.0625, 0.5625, 9.17188, 0.67188], "texture": "#main"},
				"up": {"uv": [8.5, 0, 8.65625, 0.29688], "texture": "#main"},
				"down": {"uv": [9.5, 0.5625, 9.59375, 0.73438], "texture": "#main"}
			}
		},
		{
			"from": [14.81976, 5.08766, 15.10765],
			"to": [19.56976, 6.83766, 17.60765],
			"rotation": {"angle": -22.5, "axis": "z", "origin": [14.19476, 5.96266, 16.35765]},
			"faces": {
				"north": {"uv": [8.5, 0.3125, 8.79688, 0.42188], "texture": "#main"},
				"east": {"uv": [8, 0.625, 8.03125, 0.73438], "texture": "#main"},
				"south": {"uv": [9.125, 0.5625, 9.23438, 0.67188], "texture": "#main"},
				"west": {"uv": [9.0625, 0.5625, 9.03125, 0.67188], "texture": "#main"},
				"up": {"uv": [8.5, 0, 8.65625, 0.29688], "rotation": 90, "texture": "#main"},
				"down": {"uv": [9.5, 0.5625, 9.59375, 0.73438], "rotation": 270, "texture": "#main"}
			}
		},
		{
			"from": [4.31976, 4.58766, 14.60765],
			"to": [15.06976, 7.33766, 18.10765],
			"rotation": {"angle": 0, "axis": "z", "origin": [14.19476, 5.96266, 16.35765]},
			"faces": {
				"north": {"uv": [8.5, 0.3125, 8.98438, 0.48438], "texture": "#main"},
				"east": {"uv": [8, 0.625, 8.09375, 0.79688], "texture": "#main"},
				"south": {"uv": [9.125, 0.5625, 9.42188, 0.73438], "texture": "#main"},
				"west": {"uv": [9.0625, 0.5625, 9.09375, 0.73438], "texture": "#main"},
				"up": {"uv": [8.5, 0, 8.71875, 0.48438], "rotation": 90, "texture": "#main"},
				"down": {"uv": [9.5, 0.5625, 9.65625, 0.92188], "rotation": 270, "texture": "#main"}
			}
		},
		{
			"from": [4.36342, 6.44242, 12.98265],
			"to": [11.86342, 20.44242, 17.73265],
			"rotation": {"angle": -22.5, "axis": "x", "origin": [9.11342, 8.06742, 16.35765]},
			"faces": {
				"north": {"uv": [9.5, 0.5625, 9.90625, 0.9375], "texture": "#main"},
				"east": {"uv": [8, 0.625, 8.375, 0.79688], "rotation": 270, "texture": "#main"},
				"south": {"uv": [8.5, 0, 8.96875, 0.5], "rotation": 180, "texture": "#main"},
				"west": {"uv": [9.0625, 0.5625, 9.375, 0.73438], "rotation": 90, "texture": "#main"},
				"up": {"uv": [8.5, 0.3125, 8.96875, 0.48438], "rotation": 180, "texture": "#main"},
				"down": {"uv": [9.125, 0.5625, 9.40625, 0.73438], "texture": "#main"}
			}
		},
		{
			"name": "Head",
			"from": [4, 12, 4],
			"to": [12, 20, 12],
			"rotation": {"angle": 0, "axis": "y", "origin": [8, 11, 8]},
			"faces": {
				"north": {"uv": [0.5, 8.5, 1, 9], "texture": "#main"},
				"east": {"uv": [0, 8.5, 0.5, 9], "texture": "#main"},
				"south": {"uv": [1.5, 8.5, 2, 9], "texture": "#main"},
				"west": {"uv": [1, 8.5, 1.5, 9], "texture": "#main"},
				"up": {"uv": [1, 8.5, 0.5, 8], "texture": "#main"},
				"down": {"uv": [1.5, 8, 1, 8.5], "texture": "#main"}
			}
		},
		{
			"name": "Hat Layer",
			"from": [3.5, 11.5, 3.5],
			"to": [12.5, 20.5, 12.5],
			"rotation": {"angle": 0, "axis": "y", "origin": [8, 11, 8]},
			"faces": {
				"north": {"uv": [2.5, 8.5, 3, 9], "texture": "#main"},
				"east": {"uv": [2, 8.5, 2.5, 9], "texture": "#main"},
				"south": {"uv": [3.5, 8.5, 4, 9], "texture": "#main"},
				"west": {"uv": [3, 8.5, 3.5, 9], "texture": "#main"},
				"up": {"uv": [3, 8.5, 2.5, 8], "texture": "#main"},
				"down": {"uv": [3.5, 8, 3, 8.5], "texture": "#main"}
			}
		},
		{
			"name": "Body",
			"from": [4, 6, 5.75],
			"to": [12, 12, 10.25],
			"rotation": {"angle": 0, "axis": "y", "origin": [8, 11, 8]},
			"faces": {
				"north": {"uv": [1.25, 9.25, 1.75, 9.625], "texture": "#main"},
				"east": {"uv": [1, 9.25, 1.25, 9.625], "texture": "#main"},
				"south": {"uv": [2, 9.25, 2.5, 9.625], "texture": "#main"},
				"west": {"uv": [1.75, 9.25, 2, 9.625], "texture": "#main"},
				"up": {"uv": [1.75, 9.25, 1.25, 9], "texture": "#main"},
				"down": {"uv": [2.25, 9, 1.75, 9.25], "texture": "#main"}
			}
		},
		{
			"name": "Body Layer",
			"from": [3.75, 5.75, 5.5],
			"to": [12.25, 12.25, 10.5],
			"rotation": {"angle": 0, "axis": "y", "origin": [8, 11, 8]},
			"faces": {
				"north": {"uv": [1.25, 10.25, 1.75, 10.625], "texture": "#main"},
				"east": {"uv": [1, 10.25, 1.25, 10.625], "texture": "#main"},
				"south": {"uv": [2, 10.25, 2.5, 10.625], "texture": "#main"},
				"west": {"uv": [1.75, 10.25, 2, 10.625], "texture": "#main"},
				"up": {"uv": [1.75, 10.25, 1.25, 10], "texture": "#main"},
				"down": {"uv": [0.5, 8, 0, 8.25], "texture": "#main"}
			}
		},
		{
			"name": "Body",
			"from": [4.25, 0, 6],
			"to": [11.75, 6, 10],
			"rotation": {"angle": 0, "axis": "y", "origin": [8, 11, 8]},
			"faces": {
				"north": {"uv": [1.25, 9.625, 1.75, 10], "texture": "#main"},
				"east": {"uv": [1, 9.625, 1.25, 10], "texture": "#main"},
				"south": {"uv": [2, 9.625, 2.5, 10], "texture": "#main"},
				"west": {"uv": [1.75, 9.625, 2, 10], "texture": "#main"},
				"up": {"uv": [1.75, 9.625, 1.25, 9.375], "texture": "#main"},
				"down": {"uv": [2.25, 9.375, 1.75, 9.625], "texture": "#main"}
			}
		},
		{
			"name": "Body Layer",
			"from": [4, -0.25, 5.75],
			"to": [12, 6.25, 10.25],
			"rotation": {"angle": 0, "axis": "y", "origin": [8, 11, 8]},
			"faces": {
				"north": {"uv": [1.25, 10.625, 1.75, 11], "texture": "#main"},
				"east": {"uv": [1, 10.625, 1.25, 11], "texture": "#main"},
				"south": {"uv": [2, 10.625, 2.5, 11], "texture": "#main"},
				"west": {"uv": [1.75, 10.625, 2, 11], "texture": "#main"},
				"up": {"uv": [0.5, 8.25, 0, 8], "texture": "#main"},
				"down": {"uv": [2.25, 10.375, 1.75, 10.625], "texture": "#main"}
			}
		},
		{
			"name": "Right Arm",
			"from": [0, 6, 6],
			"to": [4, 12, 10],
			"rotation": {"angle": -22.5, "axis": "x", "origin": [2, 10, 8]},
			"faces": {
				"north": {"uv": [3, 9.25, 2.75, 9.625], "texture": "#main"},
				"east": {"uv": [3.25, 9.25, 3, 9.625], "texture": "#main"},
				"south": {"uv": [3.375, 9.25, 3.25, 9.625], "texture": "#main"},
				"west": {"uv": [2.75, 9.25, 2.5, 9.625], "texture": "#main"},
				"up": {"uv": [2.75, 9.25, 3, 9], "texture": "#main"},
				"down": {"uv": [3, 9, 3.25, 9.25], "texture": "#main"}
			}
		},
		{
			"name": "Right Arm Layer",
			"from": [-0.25, 5.75, 5.75],
			"to": [4.25, 12.25, 10.25],
			"rotation": {"angle": -22.5, "axis": "x", "origin": [2, 10, 8]},
			"faces": {
				"north": {"uv": [3, 10.25, 2.75, 10.625], "texture": "#main"},
				"east": {"uv": [3.25, 10.25, 3, 10.625], "texture": "#main"},
				"south": {"uv": [3.375, 10.25, 3.25, 10.625], "texture": "#main"},
				"west": {"uv": [2.75, 10.25, 2.5, 10.625], "texture": "#main"},
				"up": {"uv": [2.75, 10.25, 3, 10], "texture": "#main"},
				"down": {"uv": [0, 8, 0.25, 8.25], "texture": "#main"}
			}
		},
		{
			"name": "Right Arm",
			"from": [0, 0, 6],
			"to": [4, 6, 10],
			"rotation": {"angle": -22.5, "axis": "x", "origin": [2, 10, 8]},
			"faces": {
				"north": {"uv": [3, 9.625, 2.75, 10], "texture": "#main"},
				"east": {"uv": [3.25, 9.625, 3, 10], "texture": "#main"},
				"south": {"uv": [3.375, 9.625, 3.25, 10], "texture": "#main"},
				"west": {"uv": [2.75, 9.625, 2.5, 10], "texture": "#main"},
				"up": {"uv": [2.75, 9.625, 3, 9.375], "texture": "#main"},
				"down": {"uv": [3, 9, 3.125, 9.25], "texture": "#main"}
			}
		},
		{
			"name": "Right Arm Layer",
			"from": [-0.25, -0.25, 5.75],
			"to": [4.25, 6.25, 10.25],
			"rotation": {"angle": -22.5, "axis": "x", "origin": [2, 10, 8]},
			"faces": {
				"north": {"uv": [3, 10.625, 2.75, 11], "texture": "#main"},
				"east": {"uv": [3.25, 10.625, 3, 11], "texture": "#main"},
				"south": {"uv": [3.375, 10.625, 3.25, 11], "texture": "#main"},
				"west": {"uv": [2.75, 10.625, 2.5, 11], "texture": "#main"},
				"up": {"uv": [0, 8.25, 0.25, 8], "texture": "#main"},
				"down": {"uv": [3, 10, 3.25, 10.25], "texture": "#main"}
			}
		},
		{
			"name": "Left Arm",
			"from": [12, 6, 6],
			"to": [16, 12, 10],
			"rotation": {"angle": 22.5, "axis": "x", "origin": [14, 10, 8]},
			"faces": {
				"north": {"uv": [2.5, 11.25, 2.25, 11.625], "texture": "#main"},
				"east": {"uv": [2.75, 11.25, 2.5, 11.625], "texture": "#main"},
				"south": {"uv": [2.875, 11.25, 2.75, 11.625], "texture": "#main"},
				"west": {"uv": [2.25, 11.25, 2, 11.625], "texture": "#main"},
				"up": {"uv": [2.25, 11.25, 2.5, 11], "texture": "#main"},
				"down": {"uv": [2.5, 11, 2.75, 11.25], "texture": "#main"}
			}
		},
		{
			"name": "Left Arm Layer",
			"from": [11.75, 5.75, 5.75],
			"to": [16.25, 12.25, 10.25],
			"rotation": {"angle": 22.5, "axis": "x", "origin": [14, 10, 8]},
			"faces": {
				"north": {"uv": [3.5, 11.25, 3.25, 11.625], "texture": "#main"},
				"east": {"uv": [3.75, 11.25, 3.5, 11.625], "texture": "#main"},
				"south": {"uv": [3.875, 11.25, 3.75, 11.625], "texture": "#main"},
				"west": {"uv": [3.25, 11.25, 3, 11.625], "texture": "#main"},
				"up": {"uv": [3.25, 11.25, 3.5, 11], "texture": "#main"},
				"down": {"uv": [0, 8, 0.25, 8.25], "texture": "#main"}
			}
		},
		{
			"name": "Left Arm",
			"from": [12, 0, 6],
			"to": [16, 6, 10],
			"rotation": {"angle": 22.5, "axis": "x", "origin": [14, 10, 8]},
			"faces": {
				"north": {"uv": [2.5, 11.625, 2.25, 12], "texture": "#main"},
				"east": {"uv": [2.75, 11.625, 2.5, 12], "texture": "#main"},
				"south": {"uv": [2.875, 11.625, 2.75, 12], "texture": "#main"},
				"west": {"uv": [2.25, 11.625, 2, 12], "texture": "#main"},
				"up": {"uv": [2.25, 11.625, 2.5, 11.375], "texture": "#main"},
				"down": {"uv": [2.5, 11, 2.625, 11.25], "texture": "#main"}
			}
		},
		{
			"name": "Left Arm Layer",
			"from": [11.75, -0.25, 5.75],
			"to": [16.25, 6.25, 10.25],
			"rotation": {"angle": 22.5, "axis": "x", "origin": [14, 10, 8]},
			"faces": {
				"north": {"uv": [3.5, 11.625, 3.25, 12], "texture": "#main"},
				"east": {"uv": [3.75, 11.625, 3.5, 12], "texture": "#main"},
				"south": {"uv": [3.875, 11.625, 3.75, 12], "texture": "#main"},
				"west": {"uv": [3.25, 11.625, 3, 12], "texture": "#main"},
				"up": {"uv": [0, 8.25, 0.25, 8], "texture": "#main"},
				"down": {"uv": [3.5, 11, 3.75, 11.25], "texture": "#main"}
			}
		},
		{
			"name": "Right Leg",
			"from": [7.9, -6, 6],
			"to": [11.65, 0, 10],
			"rotation": {"angle": 0, "axis": "x", "origin": [8, 0, 8]},
			"faces": {
				"north": {"uv": [0.25, 9.25, 0.5, 9.625], "texture": "#main"},
				"east": {"uv": [0, 9.25, 0.25, 9.625], "texture": "#main"},
				"south": {"uv": [0.75, 9.25, 1, 9.625], "texture": "#main"},
				"west": {"uv": [0.5, 9.25, 0.75, 9.625], "texture": "#main"},
				"up": {"uv": [0.5, 9.25, 0.25, 9], "texture": "#main"},
				"down": {"uv": [0.75, 9, 0.5, 9.25], "texture": "#main"}
			}
		},
		{
			"name": "Right Leg Layer",
			"from": [7.65, -6.25, 5.75],
			"to": [11.9, 0.25, 10.25],
			"rotation": {"angle": 0, "axis": "x", "origin": [8, 0, 8]},
			"faces": {
				"north": {"uv": [0.25, 10.25, 0.5, 10.625], "texture": "#main"},
				"east": {"uv": [0, 10.25, 0.25, 10.625], "texture": "#main"},
				"south": {"uv": [0.75, 10.25, 1, 10.625], "texture": "#main"},
				"west": {"uv": [0.5, 10.25, 0.75, 10.625], "texture": "#main"},
				"up": {"uv": [0.5, 10.25, 0.25, 10], "texture": "#main"},
				"down": {"uv": [0.25, 8, 0, 8.25], "texture": "#main"}
			}
		},
		{
			"name": "Right Leg",
			"from": [7.9, -11.69136, 3.55166],
			"to": [11.65, -5.69136, 7.55166],
			"rotation": {"angle": -22.5, "axis": "x", "origin": [8, 0.30864, 5.55166]},
			"faces": {
				"north": {"uv": [0.25, 9.625, 0.5, 10], "texture": "#main"},
				"east": {"uv": [0, 9.625, 0.25, 10], "texture": "#main"},
				"south": {"uv": [0.75, 9.625, 1, 10], "texture": "#main"},
				"west": {"uv": [0.5, 9.625, 0.75, 10], "texture": "#main"},
				"up": {"uv": [0.5, 9.625, 0.25, 9.375], "texture": "#main"},
				"down": {"uv": [0.75, 9, 0.5, 9.25], "texture": "#main"}
			}
		},
		{
			"name": "Right Leg Layer",
			"from": [7.65, -11.94136, 3.30166],
			"to": [11.9, -5.44136, 7.80166],
			"rotation": {"angle": -22.5, "axis": "x", "origin": [8, 0.30864, 5.55166]},
			"faces": {
				"north": {"uv": [0.25, 10.625, 0.5, 11], "texture": "#main"},
				"east": {"uv": [0, 10.625, 0.25, 11], "texture": "#main"},
				"south": {"uv": [0.75, 10.625, 1, 11], "texture": "#main"},
				"west": {"uv": [0.5, 10.625, 0.75, 11], "texture": "#main"},
				"up": {"uv": [0.25, 8.25, 0, 8], "texture": "#main"},
				"down": {"uv": [0.75, 10, 0.5, 10.25], "texture": "#main"}
			}
		},
		{
			"name": "Left Leg",
			"from": [4.35, -6, 6],
			"to": [8.1, 0, 10],
			"rotation": {"angle": 22.5, "axis": "x", "origin": [8, 0, 8]},
			"faces": {
				"north": {"uv": [1.25, 11.25, 1.5, 11.625], "texture": "#main"},
				"east": {"uv": [1, 11.25, 1.25, 11.625], "texture": "#main"},
				"south": {"uv": [1.75, 11.25, 2, 11.625], "texture": "#main"},
				"west": {"uv": [1.5, 11.25, 1.75, 11.625], "texture": "#main"},
				"up": {"uv": [1.5, 11.25, 1.25, 11], "texture": "#main"},
				"down": {"uv": [1.75, 11, 1.5, 11.25], "texture": "#main"}
			}
		},
		{
			"name": "Left Leg Layer",
			"from": [4.1, -6.25, 5.75],
			"to": [8.35, 0.25, 10.25],
			"rotation": {"angle": 22.5, "axis": "x", "origin": [8, 0, 8]},
			"faces": {
				"north": {"uv": [0.25, 11.25, 0.5, 11.625], "texture": "#main"},
				"east": {"uv": [0, 11.25, 0.25, 11.625], "texture": "#main"},
				"south": {"uv": [0.75, 11.25, 1, 11.625], "texture": "#main"},
				"west": {"uv": [0.5, 11.25, 0.75, 11.625], "texture": "#main"},
				"up": {"uv": [0.5, 11.25, 0.25, 11], "texture": "#main"},
				"down": {"uv": [0.25, 8, 0, 8.25], "texture": "#main"}
			}
		},
		{
			"name": "Left Leg",
			"from": [4.35, -10.77791, 3.85614],
			"to": [8.1, -4.77791, 7.85614],
			"rotation": {"angle": 0, "axis": "x", "origin": [8, 1.22209, 5.85614]},
			"faces": {
				"north": {"uv": [1.25, 11.625, 1.5, 12], "texture": "#main"},
				"east": {"uv": [1, 11.625, 1.25, 12], "texture": "#main"},
				"south": {"uv": [1.75, 11.625, 2, 12], "texture": "#main"},
				"west": {"uv": [1.5, 11.625, 1.75, 12], "texture": "#main"},
				"up": {"uv": [1.5, 11.625, 1.25, 11.375], "texture": "#main"},
				"down": {"uv": [1.75, 11, 1.5, 11.25], "texture": "#main"}
			}
		},
		{
			"name": "Left Leg Layer",
			"from": [4.1, -11.02791, 3.60614],
			"to": [8.35, -4.52791, 8.10614],
			"rotation": {"angle": 0, "axis": "x", "origin": [8, 1.22209, 5.85614]},
			"faces": {
				"north": {"uv": [0.25, 11.625, 0.5, 12], "texture": "#main"},
				"east": {"uv": [0, 11.625, 0.25, 12], "texture": "#main"},
				"south": {"uv": [0.75, 11.625, 1, 12], "texture": "#main"},
				"west": {"uv": [0.5, 11.625, 0.75, 12], "texture": "#main"},
				"up": {"uv": [0.25, 8.25, 0, 8], "texture": "#main"},
				"down": {"uv": [0.75, 11, 0.5, 11.25], "texture": "#main"}
			}
		},
		{
			"name": "luck_and_pluck_0",
			"from": [21.08, 11.36, -2.8],
			"to": [21.92, 13.88, -0.28],
			"rotation": {"angle": 0, "axis": "z", "origin": [1.28, 1.28, 1.28]},
			"faces": {
				"north": {"uv": [4.1875, 8, 4, 8.0625], "rotation": 270, "texture": "#main"},
				"east": {"uv": [4, 8, 4.1875, 8.1875], "rotation": 90, "texture": "#main"},
				"south": {"uv": [4, 8.125, 4.1875, 8.1875], "rotation": 90, "texture": "#main"},
				"west": {"uv": [4, 8.1875, 4.1875, 8], "rotation": 90, "texture": "#main"},
				"up": {"uv": [4, 8, 4.0625, 8.1875], "texture": "#main"},
				"down": {"uv": [4.125, 8, 4.1875, 8.1875], "rotation": 180, "texture": "#main"}
			}
		},
		{
			"name": "luck_and_pluck_1",
			"from": [21.08, 10.52, -1.96],
			"to": [21.92, 11.36, 2.24],
			"rotation": {"angle": 0, "axis": "z", "origin": [1.28, 1.28, 1.28]},
			"faces": {
				"north": {"uv": [4.25, 8.0625, 4.1875, 8.125], "rotation": 270, "texture": "#main"},
				"east": {"uv": [4.1875, 8.0625, 4.25, 8.375], "rotation": 90, "texture": "#main"},
				"south": {"uv": [4.1875, 8.3125, 4.25, 8.375], "rotation": 90, "texture": "#main"},
				"west": {"uv": [4.1875, 8.375, 4.25, 8.0625], "rotation": 90, "texture": "#main"},
				"up": {"uv": [4.1875, 8.0625, 4.25, 8.375], "texture": "#main"},
				"down": {"uv": [4.1875, 8.0625, 4.25, 8.375], "rotation": 180, "texture": "#main"}
			}
		},
		{
			"name": "luck_and_pluck_2",
			"from": [21.08, 9.68, -1.12],
			"to": [21.92, 10.52, 3.08],
			"rotation": {"angle": 0, "axis": "z", "origin": [1.28, 1.28, 1.28]},
			"faces": {
				"north": {"uv": [4.3125, 8.125, 4.25, 8.1875], "rotation": 270, "texture": "#main"},
				"east": {"uv": [4.25, 8.125, 4.3125, 8.4375], "rotation": 90, "texture": "#main"},
				"south": {"uv": [4.25, 8.375, 4.3125, 8.4375], "rotation": 90, "texture": "#main"},
				"west": {"uv": [4.25, 8.4375, 4.3125, 8.125], "rotation": 90, "texture": "#main"},
				"up": {"uv": [4.25, 8.125, 4.3125, 8.4375], "texture": "#main"},
				"down": {"uv": [4.25, 8.125, 4.3125, 8.4375], "rotation": 180, "texture": "#main"}
			}
		},
		{
			"name": "luck_and_pluck_3",
			"from": [21.08, 11.36, -0.28],
			"to": [21.92, 13.04, 0.56],
			"rotation": {"angle": 0, "axis": "z", "origin": [1.28, 1.28, 1.28]},
			"faces": {
				"north": {"uv": [4.1875, 8.1875, 4.0625, 8.25], "rotation": 270, "texture": "#main"},
				"east": {"uv": [4.0625, 8.1875, 4.1875, 8.25], "rotation": 90, "texture": "#main"},
				"south": {"uv": [4.0625, 8.1875, 4.1875, 8.25], "rotation": 90, "texture": "#main"},
				"west": {"uv": [4.0625, 8.25, 4.1875, 8.1875], "rotation": 90, "texture": "#main"},
				"up": {"uv": [4.0625, 8.1875, 4.125, 8.25], "texture": "#main"},
				"down": {"uv": [4.125, 8.1875, 4.1875, 8.25], "rotation": 180, "texture": "#main"}
			}
		},
		{
			"name": "luck_and_pluck_4",
			"from": [21.08, 8.84, -0.28],
			"to": [21.92, 9.68, 3.92],
			"rotation": {"angle": 0, "axis": "z", "origin": [1.28, 1.28, 1.28]},
			"faces": {
				"north": {"uv": [4.375, 8.1875, 4.3125, 8.25], "rotation": 270, "texture": "#main"},
				"east": {"uv": [4.3125, 8.1875, 4.375, 8.5], "rotation": 90, "texture": "#main"},
				"south": {"uv": [4.3125, 8.4375, 4.375, 8.5], "rotation": 90, "texture": "#main"},
				"west": {"uv": [4.3125, 8.5, 4.375, 8.1875], "rotation": 90, "texture": "#main"},
				"up": {"uv": [4.3125, 8.1875, 4.375, 8.5], "texture": "#main"},
				"down": {"uv": [4.3125, 8.1875, 4.375, 8.5], "rotation": 180, "texture": "#main"}
			}
		},
		{
			"name": "luck_and_pluck_5",
			"from": [21.08, 11.36, 0.56],
			"to": [21.92, 12.2, 1.4],
			"rotation": {"angle": 0, "axis": "z", "origin": [1.28, 1.28, 1.28]},
			"faces": {
				"north": {"uv": [4.1875, 8.25, 4.125, 8.3125], "rotation": 270, "texture": "#main"},
				"east": {"uv": [4.125, 8.25, 4.1875, 8.3125], "rotation": 90, "texture": "#main"},
				"south": {"uv": [4.125, 8.25, 4.1875, 8.3125], "rotation": 90, "texture": "#main"},
				"west": {"uv": [4.125, 8.3125, 4.1875, 8.25], "rotation": 90, "texture": "#main"},
				"up": {"uv": [4.125, 8.25, 4.1875, 8.3125], "texture": "#main"},
				"down": {"uv": [4.125, 8.25, 4.1875, 8.3125], "rotation": 180, "texture": "#main"}
			}
		},
		{
			"name": "luck_and_pluck_6",
			"from": [21.08, 8, 0.56],
			"to": [21.92, 8.84, 4.76],
			"rotation": {"angle": 0, "axis": "z", "origin": [1.28, 1.28, 1.28]},
			"faces": {
				"north": {"uv": [4.4375, 8.25, 4.375, 8.3125], "rotation": 270, "texture": "#main"},
				"east": {"uv": [4.375, 8.25, 4.4375, 8.5625], "rotation": 90, "texture": "#main"},
				"south": {"uv": [4.375, 8.5, 4.4375, 8.5625], "rotation": 90, "texture": "#main"},
				"west": {"uv": [4.375, 8.5625, 4.4375, 8.25], "rotation": 90, "texture": "#main"},
				"up": {"uv": [4.375, 8.25, 4.4375, 8.5625], "texture": "#main"},
				"down": {"uv": [4.375, 8.25, 4.4375, 8.5625], "rotation": 180, "texture": "#main"}
			}
		},
		{
			"name": "luck_and_pluck_7",
			"from": [21.08, 7.16, 1.4],
			"to": [21.92, 8, 5.6],
			"rotation": {"angle": 0, "axis": "z", "origin": [1.28, 1.28, 1.28]},
			"faces": {
				"north": {"uv": [4.5, 8.3125, 4.4375, 8.375], "rotation": 270, "texture": "#main"},
				"east": {"uv": [4.4375, 8.3125, 4.5, 8.625], "rotation": 90, "texture": "#main"},
				"south": {"uv": [4.4375, 8.5625, 4.5, 8.625], "rotation": 90, "texture": "#main"},
				"west": {"uv": [4.4375, 8.625, 4.5, 8.3125], "rotation": 90, "texture": "#main"},
				"up": {"uv": [4.4375, 8.3125, 4.5, 8.625], "texture": "#main"},
				"down": {"uv": [4.4375, 8.3125, 4.5, 8.625], "rotation": 180, "texture": "#main"}
			}
		},
		{
			"name": "luck_and_pluck_8",
			"from": [21.08, 6.32, 2.24],
			"to": [21.92, 7.16, 6.44],
			"rotation": {"angle": 0, "axis": "z", "origin": [1.28, 1.28, 1.28]},
			"faces": {
				"north": {"uv": [4.5625, 8.375, 4.5, 8.4375], "rotation": 270, "texture": "#main"},
				"east": {"uv": [4.5, 8.375, 4.5625, 8.6875], "rotation": 90, "texture": "#main"},
				"south": {"uv": [4.5, 8.625, 4.5625, 8.6875], "rotation": 90, "texture": "#main"},
				"west": {"uv": [4.5, 8.6875, 4.5625, 8.375], "rotation": 90, "texture": "#main"},
				"up": {"uv": [4.5, 8.375, 4.5625, 8.6875], "texture": "#main"},
				"down": {"uv": [4.5, 8.375, 4.5625, 8.6875], "rotation": 180, "texture": "#main"}
			}
		},
		{
			"name": "luck_and_pluck_9",
			"from": [21.08, 5.48, 3.08],
			"to": [21.92, 6.32, 7.28],
			"rotation": {"angle": 0, "axis": "z", "origin": [1.28, 1.28, 1.28]},
			"faces": {
				"north": {"uv": [4.625, 8.4375, 4.5625, 8.5], "rotation": 270, "texture": "#main"},
				"east": {"uv": [4.5625, 8.4375, 4.625, 8.75], "rotation": 90, "texture": "#main"},
				"south": {"uv": [4.5625, 8.6875, 4.625, 8.75], "rotation": 90, "texture": "#main"},
				"west": {"uv": [4.5625, 8.75, 4.625, 8.4375], "rotation": 90, "texture": "#main"},
				"up": {"uv": [4.5625, 8.4375, 4.625, 8.75], "texture": "#main"},
				"down": {"uv": [4.5625, 8.4375, 4.625, 8.75], "rotation": 180, "texture": "#main"}
			}
		},
		{
			"name": "luck_and_pluck_10",
			"from": [21.08, 4.64, 3.92],
			"to": [21.92, 5.48, 9.8],
			"rotation": {"angle": 0, "axis": "z", "origin": [1.28, 1.28, 1.28]},
			"faces": {
				"north": {"uv": [4.6875, 8.5, 4.625, 8.5625], "rotation": 270, "texture": "#main"},
				"east": {"uv": [4.625, 8.5, 4.6875, 8.9375], "rotation": 90, "texture": "#main"},
				"south": {"uv": [4.625, 8.875, 4.6875, 8.9375], "rotation": 90, "texture": "#main"},
				"west": {"uv": [4.625, 8.9375, 4.6875, 8.5], "rotation": 90, "texture": "#main"},
				"up": {"uv": [4.625, 8.5, 4.6875, 8.9375], "texture": "#main"},
				"down": {"uv": [4.625, 8.5, 4.6875, 8.9375], "rotation": 180, "texture": "#main"}
			}
		},
		{
			"name": "luck_and_pluck_11",
			"from": [21.08, 0.44, 3.92],
			"to": [21.92, 1.28, 5.6],
			"rotation": {"angle": 0, "axis": "z", "origin": [1.28, 1.28, 1.28]},
			"faces": {
				"north": {"uv": [5, 8.5, 4.9375, 8.5625], "rotation": 270, "texture": "#main"},
				"east": {"uv": [4.9375, 8.5, 5, 8.625], "rotation": 90, "texture": "#main"},
				"south": {"uv": [4.9375, 8.5625, 5, 8.625], "rotation": 90, "texture": "#main"},
				"west": {"uv": [4.9375, 8.625, 5, 8.5], "rotation": 90, "texture": "#main"},
				"up": {"uv": [4.9375, 8.5, 5, 8.625], "texture": "#main"},
				"down": {"uv": [4.9375, 8.5, 5, 8.625], "rotation": 180, "texture": "#main"}
			}
		},
		{
			"name": "luck_and_pluck_12",
			"from": [21.08, 3.8, 4.76],
			"to": [21.92, 4.64, 8.96],
			"rotation": {"angle": 0, "axis": "z", "origin": [1.28, 1.28, 1.28]},
			"faces": {
				"north": {"uv": [4.75, 8.5625, 4.6875, 8.625], "rotation": 270, "texture": "#main"},
				"east": {"uv": [4.6875, 8.5625, 4.75, 8.875], "rotation": 90, "texture": "#main"},
				"south": {"uv": [4.6875, 8.8125, 4.75, 8.875], "rotation": 90, "texture": "#main"},
				"west": {"uv": [4.6875, 8.875, 4.75, 8.5625], "rotation": 90, "texture": "#main"},
				"up": {"uv": [4.6875, 8.5625, 4.75, 8.875], "texture": "#main"},
				"down": {"uv": [4.6875, 8.5625, 4.75, 8.875], "rotation": 180, "texture": "#main"}
			}
		},
		{
			"name": "luck_and_pluck_13",
			"from": [21.08, 1.28, 4.76],
			"to": [21.92, 2.12, 6.44],
			"rotation": {"angle": 0, "axis": "z", "origin": [1.28, 1.28, 1.28]},
			"faces": {
				"north": {"uv": [4.9375, 8.5625, 4.875, 8.625], "rotation": 270, "texture": "#main"},
				"east": {"uv": [4.875, 8.5625, 4.9375, 8.6875], "rotation": 90, "texture": "#main"},
				"south": {"uv": [4.875, 8.625, 4.9375, 8.6875], "rotation": 90, "texture": "#main"},
				"west": {"uv": [4.875, 8.6875, 4.9375, 8.5625], "rotation": 90, "texture": "#main"},
				"up": {"uv": [4.875, 8.5625, 4.9375, 8.6875], "texture": "#main"},
				"down": {"uv": [4.875, 8.5625, 4.9375, 8.6875], "rotation": 180, "texture": "#main"}
			}
		},
		{
			"name": "luck_and_pluck_14",
			"from": [21.08, 2.12, 5.6],
			"to": [21.92, 3.8, 8.96],
			"rotation": {"angle": 0, "axis": "z", "origin": [1.28, 1.28, 1.28]},
			"faces": {
				"north": {"uv": [4.875, 8.625, 4.75, 8.6875], "rotation": 270, "texture": "#main"},
				"east": {"uv": [4.75, 8.625, 4.875, 8.875], "rotation": 90, "texture": "#main"},
				"south": {"uv": [4.75, 8.8125, 4.875, 8.875], "rotation": 90, "texture": "#main"},
				"west": {"uv": [4.75, 8.875, 4.875, 8.625], "rotation": 90, "texture": "#main"},
				"up": {"uv": [4.75, 8.625, 4.8125, 8.875], "texture": "#main"},
				"down": {"uv": [4.8125, 8.625, 4.875, 8.875], "rotation": 180, "texture": "#main"}
			}
		},
		{
			"name": "luck_and_pluck_15",
			"from": [21.08, 1.28, 8.12],
			"to": [21.92, 2.12, 10.64],
			"rotation": {"angle": 0, "axis": "z", "origin": [1.28, 1.28, 1.28]},
			"faces": {
				"north": {"uv": [4.9375, 8.8125, 4.875, 8.875], "rotation": 270, "texture": "#main"},
				"east": {"uv": [4.875, 8.8125, 4.9375, 9], "rotation": 90, "texture": "#main"},
				"south": {"uv": [4.875, 8.9375, 4.9375, 9], "rotation": 90, "texture": "#main"},
				"west": {"uv": [4.875, 9, 4.9375, 8.8125], "rotation": 90, "texture": "#main"},
				"up": {"uv": [4.875, 8.8125, 4.9375, 9], "texture": "#main"},
				"down": {"uv": [4.875, 8.8125, 4.9375, 9], "rotation": 180, "texture": "#main"}
			}
		},
		{
			"name": "luck_and_pluck_16",
			"from": [21.08, 5.48, 8.96],
			"to": [21.92, 6.32, 10.64],
			"rotation": {"angle": 0, "axis": "z", "origin": [1.28, 1.28, 1.28]},
			"faces": {
				"north": {"uv": [4.625, 8.875, 4.5625, 8.9375], "rotation": 270, "texture": "#main"},
				"east": {"uv": [4.5625, 8.875, 4.625, 9], "rotation": 90, "texture": "#main"},
				"south": {"uv": [4.5625, 8.9375, 4.625, 9], "rotation": 90, "texture": "#main"},
				"west": {"uv": [4.5625, 9, 4.625, 8.875], "rotation": 90, "texture": "#main"},
				"up": {"uv": [4.5625, 8.875, 4.625, 9], "texture": "#main"},
				"down": {"uv": [4.5625, 8.875, 4.625, 9], "rotation": 180, "texture": "#main"}
			}
		},
		{
			"name": "luck_and_pluck_17",
			"from": [21.08, 2.12, 8.96],
			"to": [21.92, 2.96, 9.8],
			"rotation": {"angle": 0, "axis": "z", "origin": [1.28, 1.28, 1.28]},
			"faces": {
				"north": {"uv": [4.875, 8.875, 4.8125, 8.9375], "rotation": 270, "texture": "#main"},
				"east": {"uv": [4.8125, 8.875, 4.875, 8.9375], "rotation": 90, "texture": "#main"},
				"south": {"uv": [4.8125, 8.875, 4.875, 8.9375], "rotation": 90, "texture": "#main"},
				"west": {"uv": [4.8125, 8.9375, 4.875, 8.875], "rotation": 90, "texture": "#main"},
				"up": {"uv": [4.8125, 8.875, 4.875, 8.9375], "texture": "#main"},
				"down": {"uv": [4.8125, 8.875, 4.875, 8.9375], "rotation": 180, "texture": "#main"}
			}
		},
		{
			"name": "luck_and_pluck_18",
			"from": [21.08, 0.44, 8.96],
			"to": [21.92, 1.28, 10.64],
			"rotation": {"angle": 0, "axis": "z", "origin": [1.28, 1.28, 1.28]},
			"faces": {
				"north": {"uv": [5, 8.875, 4.9375, 8.9375], "rotation": 270, "texture": "#main"},
				"east": {"uv": [4.9375, 8.875, 5, 9], "rotation": 90, "texture": "#main"},
				"south": {"uv": [4.9375, 8.9375, 5, 9], "rotation": 90, "texture": "#main"},
				"west": {"uv": [4.9375, 9, 5, 8.875], "rotation": 90, "texture": "#main"},
				"up": {"uv": [4.9375, 8.875, 5, 9], "texture": "#main"},
				"down": {"uv": [4.9375, 8.875, 5, 9], "rotation": 180, "texture": "#main"}
			}
		},
		{
			"name": "luck_and_pluck_19",
			"from": [21.08, 6.32, 9.8],
			"to": [21.92, 7.16, 10.64],
			"rotation": {"angle": 0, "axis": "z", "origin": [1.28, 1.28, 1.28]},
			"faces": {
				"north": {"uv": [4.5625, 8.9375, 4.5, 9], "rotation": 270, "texture": "#main"},
				"east": {"uv": [4.5, 8.9375, 4.5625, 9], "rotation": 90, "texture": "#main"},
				"south": {"uv": [4.5, 8.9375, 4.5625, 9], "rotation": 90, "texture": "#main"},
				"west": {"uv": [4.5, 9, 4.5625, 8.9375], "rotation": 90, "texture": "#main"},
				"up": {"uv": [4.5, 8.9375, 4.5625, 9], "texture": "#main"},
				"down": {"uv": [4.5, 8.9375, 4.5625, 9], "rotation": 180, "texture": "#main"}
			}
		},
		{
			"from": [20.5, 1.75, 7.25],
			"to": [22.5, 3, 10],
			"rotation": {"angle": -22.5, "axis": "x", "origin": [21.5, 2.80552, 10.28936]},
			"faces": {
				"north": {"uv": [0.5, 8.3125, 0.625, 8.39063], "texture": "#main"},
				"east": {"uv": [0, 8.625, 0.04688, 8.70313], "texture": "#main"},
				"south": {"uv": [1.125, 8.5625, 1.0625, 8.64063], "texture": "#main"},
				"west": {"uv": [1.0625, 8.5625, 1.04688, 8.64063], "texture": "#main"},
				"up": {"uv": [0.5, 8, 0.625, 8.17188], "texture": "#main"},
				"down": {"uv": [1.5, 8.5625, 1.5625, 8.60938], "texture": "#main"}
			}
		},
		{
			"from": [20.75, 1.94134, 9.61679],
			"to": [22.25, 3.19134, 14.36679],
			"rotation": {"angle": -22.5, "axis": "x", "origin": [21.5, 2.80552, 10.28936]},
			"faces": {
				"north": {"uv": [0.5, 8.3125, 0.59375, 8.39063], "texture": "#main"},
				"east": {"uv": [0, 8.625, 0.17188, 8.70313], "texture": "#main"},
				"south": {"uv": [1.125, 8.5625, 1.03125, 8.64063], "texture": "#main"},
				"west": {"uv": [1.0625, 8.5625, 1.17188, 8.64063], "texture": "#main"},
				"up": {"uv": [0.5, 8, 0.59375, 8.29688], "texture": "#main"},
				"down": {"uv": [1.5, 8.5625, 1.53125, 8.73438], "texture": "#main"}
			}
		},
		{
			"from": [17.33318, 3.26991, 11.98265],
			"to": [19.83318, 5.01991, 16.73265],
			"rotation": {"angle": -45, "axis": "y", "origin": [18.58318, 4.14491, 16.35765]},
			"faces": {
				"north": {"uv": [0.5, 8.3125, 0.65625, 8.42188], "texture": "#main"},
				"east": {"uv": [0, 8.625, 0.17188, 8.73438], "texture": "#main"},
				"south": {"uv": [1.125, 8.5625, 1.09375, 8.67188], "texture": "#main"},
				"west": {"uv": [1.0625, 8.5625, 1.17188, 8.67188], "texture": "#main"},
				"up": {"uv": [0.5, 8, 0.65625, 8.29688], "texture": "#main"},
				"down": {"uv": [1.5, 8.5625, 1.59375, 8.73438], "texture": "#main"}
			}
		},
		{
			"from": [14.81976, 5.08766, 15.10765],
			"to": [19.56976, 6.83766, 17.60765],
			"rotation": {"angle": -22.5, "axis": "z", "origin": [14.19476, 5.96266, 16.35765]},
			"faces": {
				"north": {"uv": [0.5, 8.3125, 0.79688, 8.42188], "texture": "#main"},
				"east": {"uv": [0, 8.625, 0.03125, 8.73438], "texture": "#main"},
				"south": {"uv": [1.125, 8.5625, 1.23438, 8.67188], "texture": "#main"},
				"west": {"uv": [1.0625, 8.5625, 1.03125, 8.67188], "texture": "#main"},
				"up": {"uv": [0.5, 8, 0.65625, 8.29688], "rotation": 90, "texture": "#main"},
				"down": {"uv": [1.5, 8.5625, 1.59375, 8.73438], "rotation": 270, "texture": "#main"}
			}
		},
		{
			"from": [4.31976, 4.58766, 14.60765],
			"to": [15.06976, 7.33766, 18.10765],
			"rotation": {"angle": 0, "axis": "z", "origin": [14.19476, 5.96266, 16.35765]},
			"faces": {
				"north": {"uv": [0.5, 8.3125, 0.98438, 8.48438], "texture": "#main"},
				"east": {"uv": [0, 8.625, 0.09375, 8.79688], "texture": "#main"},
				"south": {"uv": [1.125, 8.5625, 1.42188, 8.73438], "texture": "#main"},
				"west": {"uv": [1.0625, 8.5625, 1.09375, 8.73438], "texture": "#main"},
				"up": {"uv": [0.5, 8, 0.71875, 8.48438], "rotation": 90, "texture": "#main"},
				"down": {"uv": [1.5, 8.5625, 1.65625, 8.92188], "rotation": 270, "texture": "#main"}
			}
		},
		{
			"from": [4.36342, 6.44242, 12.98265],
			"to": [11.86342, 20.44242, 17.73265],
			"rotation": {"angle": -22.5, "axis": "x", "origin": [9.11342, 8.06742, 16.35765]},
			"faces": {
				"north": {"uv": [1.5, 8.5625, 1.90625, 8.9375], "texture": "#main"},
				"east": {"uv": [0, 8.625, 0.375, 8.79688], "rotation": 270, "texture": "#main"},
				"south": {"uv": [0.5, 8, 0.96875, 8.5], "rotation": 180, "texture": "#main"},
				"west": {"uv": [1.0625, 8.5625, 1.375, 8.73438], "rotation": 90, "texture": "#main"},
				"up": {"uv": [0.5, 8.3125, 0.96875, 8.48438], "rotation": 180, "texture": "#main"},
				"down": {"uv": [1.125, 8.5625, 1.40625, 8.73438], "texture": "#main"}
			}
		},
		{
			"name": "Head",
			"from": [4, 12, 4],
			"to": [12, 20, 12],
			"rotation": {"angle": 0, "axis": "y", "origin": [8, 11, 8]},
			"faces": {
				"north": {"uv": [0.5, 0.5, 1, 1], "texture": "#main"},
				"east": {"uv": [0, 0.5, 0.5, 1], "texture": "#main"},
				"south": {"uv": [1.5, 0.5, 2, 1], "texture": "#main"},
				"west": {"uv": [1, 0.5, 1.5, 1], "texture": "#main"},
				"up": {"uv": [1, 0.5, 0.5, 0], "texture": "#main"},
				"down": {"uv": [1.5, 0, 1, 0.5], "texture": "#main"}
			}
		},
		{
			"name": "Hat Layer",
			"from": [3.5, 11.5, 3.5],
			"to": [12.5, 20.5, 12.5],
			"rotation": {"angle": 0, "axis": "y", "origin": [8, 11, 8]},
			"faces": {
				"north": {"uv": [2.5, 0.5, 3, 1], "texture": "#main"},
				"east": {"uv": [2, 0.5, 2.5, 1], "texture": "#main"},
				"south": {"uv": [3.5, 0.5, 4, 1], "texture": "#main"},
				"west": {"uv": [3, 0.5, 3.5, 1], "texture": "#main"},
				"up": {"uv": [3, 0.5, 2.5, 0], "texture": "#main"},
				"down": {"uv": [3.5, 0, 3, 0.5], "texture": "#main"}
			}
		},
		{
			"name": "Body",
			"from": [4, 6, 5.75],
			"to": [12, 12, 10.25],
			"rotation": {"angle": 0, "axis": "y", "origin": [8, 11, 8]},
			"faces": {
				"north": {"uv": [1.25, 1.25, 1.75, 1.625], "texture": "#main"},
				"east": {"uv": [1, 1.25, 1.25, 1.625], "texture": "#main"},
				"south": {"uv": [2, 1.25, 2.5, 1.625], "texture": "#main"},
				"west": {"uv": [1.75, 1.25, 2, 1.625], "texture": "#main"},
				"up": {"uv": [1.75, 1.25, 1.25, 1], "texture": "#main"},
				"down": {"uv": [2.25, 1, 1.75, 1.25], "texture": "#main"}
			}
		},
		{
			"name": "Body Layer",
			"from": [3.75, 5.75, 5.5],
			"to": [12.25, 12.25, 10.5],
			"rotation": {"angle": 0, "axis": "y", "origin": [8, 11, 8]},
			"faces": {
				"north": {"uv": [1.25, 2.25, 1.75, 2.625], "texture": "#main"},
				"east": {"uv": [1, 2.25, 1.25, 2.625], "texture": "#main"},
				"south": {"uv": [2, 2.25, 2.5, 2.625], "texture": "#main"},
				"west": {"uv": [1.75, 2.25, 2, 2.625], "texture": "#main"},
				"up": {"uv": [1.75, 2.25, 1.25, 2], "texture": "#main"},
				"down": {"uv": [0.5, 0, 0, 0.25], "texture": "#main"}
			}
		},
		{
			"name": "Body",
			"from": [4.25, 0, 6],
			"to": [11.75, 6, 10],
			"rotation": {"angle": 0, "axis": "y", "origin": [8, 11, 8]},
			"faces": {
				"north": {"uv": [1.25, 1.625, 1.75, 2], "texture": "#main"},
				"east": {"uv": [1, 1.625, 1.25, 2], "texture": "#main"},
				"south": {"uv": [2, 1.625, 2.5, 2], "texture": "#main"},
				"west": {"uv": [1.75, 1.625, 2, 2], "texture": "#main"},
				"up": {"uv": [1.75, 1.625, 1.25, 1.375], "texture": "#main"},
				"down": {"uv": [2.25, 1.375, 1.75, 1.625], "texture": "#main"}
			}
		},
		{
			"name": "Body Layer",
			"from": [4, -0.25, 5.75],
			"to": [12, 6.25, 10.25],
			"rotation": {"angle": 0, "axis": "y", "origin": [8, 11, 8]},
			"faces": {
				"north": {"uv": [1.25, 2.625, 1.75, 3], "texture": "#main"},
				"east": {"uv": [1, 2.625, 1.25, 3], "texture": "#main"},
				"south": {"uv": [2, 2.625, 2.5, 3], "texture": "#main"},
				"west": {"uv": [1.75, 2.625, 2, 3], "texture": "#main"},
				"up": {"uv": [0.5, 0.25, 0, 0], "texture": "#main"},
				"down": {"uv": [2.25, 2.375, 1.75, 2.625], "texture": "#main"}
			}
		},
		{
			"name": "Right Arm",
			"from": [12, 6, 6],
			"to": [16, 12, 10],
			"rotation": {"angle": 22.5, "axis": "z", "origin": [14, 10, 8]},
			"faces": {
				"north": {"uv": [2.75, 1.25, 3, 1.625], "texture": "#main"},
				"east": {"uv": [2.5, 1.25, 2.75, 1.625], "texture": "#main"},
				"south": {"uv": [3.25, 1.25, 3.375, 1.625], "texture": "#main"},
				"west": {"uv": [3, 1.25, 3.25, 1.625], "texture": "#main"},
				"up": {"uv": [3, 1.25, 2.75, 1], "texture": "#main"},
				"down": {"uv": [3.25, 1, 3, 1.25], "texture": "#main"}
			}
		},
		{
			"name": "Right Arm Layer",
			"from": [11.75, 5.75, 5.75],
			"to": [16.25, 12.25, 10.25],
			"rotation": {"angle": 22.5, "axis": "z", "origin": [14, 10, 8]},
			"faces": {
				"north": {"uv": [2.75, 2.25, 3, 2.625], "texture": "#main"},
				"east": {"uv": [2.5, 2.25, 2.75, 2.625], "texture": "#main"},
				"south": {"uv": [3.25, 2.25, 3.375, 2.625], "texture": "#main"},
				"west": {"uv": [3, 2.25, 3.25, 2.625], "texture": "#main"},
				"up": {"uv": [3, 2.25, 2.75, 2], "texture": "#main"},
				"down": {"uv": [0.25, 0, 0, 0.25], "texture": "#main"}
			}
		},
		{
			"name": "Right Arm",
			"from": [13.37849, 1.06985, 6],
			"to": [17.37849, 7.06985, 10],
			"rotation": {"angle": 0, "axis": "z", "origin": [15.37849, 11.06985, 8]},
			"faces": {
				"north": {"uv": [2.75, 1.625, 3, 2], "texture": "#main"},
				"east": {"uv": [2.5, 1.625, 2.75, 2], "texture": "#main"},
				"south": {"uv": [3.25, 1.625, 3.375, 2], "texture": "#main"},
				"west": {"uv": [3, 1.625, 3.25, 2], "texture": "#main"},
				"up": {"uv": [3, 1.625, 2.75, 1.375], "texture": "#main"},
				"down": {"uv": [3.125, 1, 3, 1.25], "texture": "#main"}
			}
		},
		{
			"name": "Right Arm Layer",
			"from": [13.12849, 0.81985, 5.75],
			"to": [17.62849, 7.31985, 10.25],
			"rotation": {"angle": 0, "axis": "z", "origin": [15.37849, 11.06985, 8]},
			"faces": {
				"north": {"uv": [2.75, 2.625, 3, 3], "texture": "#main"},
				"east": {"uv": [2.5, 2.625, 2.75, 3], "texture": "#main"},
				"south": {"uv": [3.25, 2.625, 3.375, 3], "texture": "#main"},
				"west": {"uv": [3, 2.625, 3.25, 3], "texture": "#main"},
				"up": {"uv": [0.25, 0.25, 0, 0], "texture": "#main"},
				"down": {"uv": [3.25, 2, 3, 2.25], "texture": "#main"}
			}
		},
		{
			"name": "Left Arm",
			"from": [0, 6, 6],
			"to": [4, 12, 10],
			"rotation": {"angle": -22.5, "axis": "z", "origin": [2, 10, 8]},
			"faces": {
				"north": {"uv": [2.25, 3.25, 2.5, 3.625], "texture": "#main"},
				"east": {"uv": [2, 3.25, 2.25, 3.625], "texture": "#main"},
				"south": {"uv": [2.75, 3.25, 2.875, 3.625], "texture": "#main"},
				"west": {"uv": [2.5, 3.25, 2.75, 3.625], "texture": "#main"},
				"up": {"uv": [2.5, 3.25, 2.25, 3], "texture": "#main"},
				"down": {"uv": [2.75, 3, 2.5, 3.25], "texture": "#main"}
			}
		},
		{
			"name": "Left Arm Layer",
			"from": [-0.25, 5.75, 5.75],
			"to": [4.25, 12.25, 10.25],
			"rotation": {"angle": -22.5, "axis": "z", "origin": [2, 10, 8]},
			"faces": {
				"north": {"uv": [3.25, 3.25, 3.5, 3.625], "texture": "#main"},
				"east": {"uv": [3, 3.25, 3.25, 3.625], "texture": "#main"},
				"south": {"uv": [3.75, 3.25, 3.875, 3.625], "texture": "#main"},
				"west": {"uv": [3.5, 3.25, 3.75, 3.625], "texture": "#main"},
				"up": {"uv": [3.5, 3.25, 3.25, 3], "texture": "#main"},
				"down": {"uv": [0.25, 0, 0, 0.25], "texture": "#main"}
			}
		},
		{
			"name": "Left Arm",
			"from": [-1.37849, 1.06985, 6],
			"to": [2.62151, 7.06985, 10],
			"rotation": {"angle": 0, "axis": "z", "origin": [0.62151, 11.06985, 8]},
			"faces": {
				"north": {"uv": [2.25, 3.625, 2.5, 4], "texture": "#main"},
				"east": {"uv": [2, 3.625, 2.25, 4], "texture": "#main"},
				"south": {"uv": [2.75, 3.625, 2.875, 4], "texture": "#main"},
				"west": {"uv": [2.5, 3.625, 2.75, 4], "texture": "#main"},
				"up": {"uv": [2.5, 3.625, 2.25, 3.375], "texture": "#main"},
				"down": {"uv": [2.625, 3, 2.5, 3.25], "texture": "#main"}
			}
		},
		{
			"name": "Left Arm Layer",
			"from": [-1.62849, 0.81985, 5.75],
			"to": [2.87151, 7.31985, 10.25],
			"rotation": {"angle": 0, "axis": "z", "origin": [0.62151, 11.06985, 8]},
			"faces": {
				"north": {"uv": [3.25, 3.625, 3.5, 4], "texture": "#main"},
				"east": {"uv": [3, 3.625, 3.25, 4], "texture": "#main"},
				"south": {"uv": [3.75, 3.625, 3.875, 4], "texture": "#main"},
				"west": {"uv": [3.5, 3.625, 3.75, 4], "texture": "#main"},
				"up": {"uv": [0.25, 0.25, 0, 0], "texture": "#main"},
				"down": {"uv": [3.75, 3, 3.5, 3.25], "texture": "#main"}
			}
		},
		{
			"name": "Right Leg",
			"from": [7.9, -6, 6],
			"to": [11.65, 0, 10],
			"rotation": {"angle": 0, "axis": "x", "origin": [8, 0, 8]},
			"faces": {
				"north": {"uv": [0.25, 1.25, 0.5, 1.625], "texture": "#main"},
				"east": {"uv": [0, 1.25, 0.25, 1.625], "texture": "#main"},
				"south": {"uv": [0.75, 1.25, 1, 1.625], "texture": "#main"},
				"west": {"uv": [0.5, 1.25, 0.75, 1.625], "texture": "#main"},
				"up": {"uv": [0.5, 1.25, 0.25, 1], "texture": "#main"},
				"down": {"uv": [0.75, 1, 0.5, 1.25], "texture": "#main"}
			}
		},
		{
			"name": "Right Leg Layer",
			"from": [7.65, -6.25, 5.75],
			"to": [11.9, 0.25, 10.25],
			"rotation": {"angle": 0, "axis": "x", "origin": [8, 0, 8]},
			"faces": {
				"north": {"uv": [0.25, 2.25, 0.5, 2.625], "texture": "#main"},
				"east": {"uv": [0, 2.25, 0.25, 2.625], "texture": "#main"},
				"south": {"uv": [0.75, 2.25, 1, 2.625], "texture": "#main"},
				"west": {"uv": [0.5, 2.25, 0.75, 2.625], "texture": "#main"},
				"up": {"uv": [0.5, 2.25, 0.25, 2], "texture": "#main"},
				"down": {"uv": [0.25, 0, 0, 0.25], "texture": "#main"}
			}
		},
		{
			"name": "Right Leg",
			"from": [7.9, -12, 6],
			"to": [11.65, -6, 10],
			"rotation": {"angle": 0, "axis": "x", "origin": [8, 0, 8]},
			"faces": {
				"north": {"uv": [0.25, 1.625, 0.5, 2], "texture": "#main"},
				"east": {"uv": [0, 1.625, 0.25, 2], "texture": "#main"},
				"south": {"uv": [0.75, 1.625, 1, 2], "texture": "#main"},
				"west": {"uv": [0.5, 1.625, 0.75, 2], "texture": "#main"},
				"up": {"uv": [0.5, 1.625, 0.25, 1.375], "texture": "#main"},
				"down": {"uv": [0.75, 1, 0.5, 1.25], "texture": "#main"}
			}
		},
		{
			"name": "Right Leg Layer",
			"from": [7.65, -12.25, 5.75],
			"to": [11.9, -5.75, 10.25],
			"rotation": {"angle": 0, "axis": "x", "origin": [8, 0, 8]},
			"faces": {
				"north": {"uv": [0.25, 2.625, 0.5, 3], "texture": "#main"},
				"east": {"uv": [0, 2.625, 0.25, 3], "texture": "#main"},
				"south": {"uv": [0.75, 2.625, 1, 3], "texture": "#main"},
				"west": {"uv": [0.5, 2.625, 0.75, 3], "texture": "#main"},
				"up": {"uv": [0.25, 0.25, 0, 0], "texture": "#main"},
				"down": {"uv": [0.75, 2, 0.5, 2.25], "texture": "#main"}
			}
		},
		{
			"name": "Left Leg",
			"from": [4.35, -6, 6],
			"to": [8.1, 0, 10],
			"rotation": {"angle": 0, "axis": "y", "origin": [8, 0, 8]},
			"faces": {
				"north": {"uv": [1.25, 3.25, 1.5, 3.625], "texture": "#main"},
				"east": {"uv": [1, 3.25, 1.25, 3.625], "texture": "#main"},
				"south": {"uv": [1.75, 3.25, 2, 3.625], "texture": "#main"},
				"west": {"uv": [1.5, 3.25, 1.75, 3.625], "texture": "#main"},
				"up": {"uv": [1.5, 3.25, 1.25, 3], "texture": "#main"},
				"down": {"uv": [1.75, 3, 1.5, 3.25], "texture": "#main"}
			}
		},
		{
			"name": "Left Leg Layer",
			"from": [4.1, -6.25, 5.75],
			"to": [8.35, 0.25, 10.25],
			"rotation": {"angle": 0, "axis": "y", "origin": [8, 0, 8]},
			"faces": {
				"north": {"uv": [0.25, 3.25, 0.5, 3.625], "texture": "#main"},
				"east": {"uv": [0, 3.25, 0.25, 3.625], "texture": "#main"},
				"south": {"uv": [0.75, 3.25, 1, 3.625], "texture": "#main"},
				"west": {"uv": [0.5, 3.25, 0.75, 3.625], "texture": "#main"},
				"up": {"uv": [0.5, 3.25, 0.25, 3], "texture": "#main"},
				"down": {"uv": [0.25, 0, 0, 0.25], "texture": "#main"}
			}
		},
		{
			"name": "Left Leg",
			"from": [4.35, -12, 6],
			"to": [8.1, -6, 10],
			"rotation": {"angle": 0, "axis": "y", "origin": [8, 0, 8]},
			"faces": {
				"north": {"uv": [1.25, 3.625, 1.5, 4], "texture": "#main"},
				"east": {"uv": [1, 3.625, 1.25, 4], "texture": "#main"},
				"south": {"uv": [1.75, 3.625, 2, 4], "texture": "#main"},
				"west": {"uv": [1.5, 3.625, 1.75, 4], "texture": "#main"},
				"up": {"uv": [1.5, 3.625, 1.25, 3.375], "texture": "#main"},
				"down": {"uv": [1.75, 3, 1.5, 3.25], "texture": "#main"}
			}
		},
		{
			"name": "Left Leg Layer",
			"from": [4.1, -12.25, 5.75],
			"to": [8.35, -5.75, 10.25],
			"rotation": {"angle": 0, "axis": "y", "origin": [8, 0, 8]},
			"faces": {
				"north": {"uv": [0.25, 3.625, 0.5, 4], "texture": "#main"},
				"east": {"uv": [0, 3.625, 0.25, 4], "texture": "#main"},
				"south": {"uv": [0.75, 3.625, 1, 4], "texture": "#main"},
				"west": {"uv": [0.5, 3.625, 0.75, 4], "texture": "#main"},
				"up": {"uv": [0.25, 0.25, 0, 0], "texture": "#main"},
				"down": {"uv": [0.75, 3, 0.5, 3.25], "texture": "#main"}
			}
		},
		{
			"name": "luck_and_pluck_0",
			"from": [21.08, 11.36, -2.8],
			"to": [21.92, 13.88, -0.28],
			"rotation": {"angle": 0, "axis": "z", "origin": [1.28, 1.28, 1.28]},
			"faces": {
				"north": {"uv": [4.1875, 0, 4, 0.0625], "rotation": 270, "texture": "#main"},
				"east": {"uv": [4, 0, 4.1875, 0.1875], "rotation": 90, "texture": "#main"},
				"south": {"uv": [4, 0.125, 4.1875, 0.1875], "rotation": 90, "texture": "#main"},
				"west": {"uv": [4, 0.1875, 4.1875, 0], "rotation": 90, "texture": "#main"},
				"up": {"uv": [4, 0, 4.0625, 0.1875], "texture": "#main"},
				"down": {"uv": [4.125, 0, 4.1875, 0.1875], "rotation": 180, "texture": "#main"}
			}
		},
		{
			"name": "luck_and_pluck_1",
			"from": [21.08, 10.52, -1.96],
			"to": [21.92, 11.36, 2.24],
			"rotation": {"angle": 0, "axis": "z", "origin": [1.28, 1.28, 1.28]},
			"faces": {
				"north": {"uv": [4.25, 0.0625, 4.1875, 0.125], "rotation": 270, "texture": "#main"},
				"east": {"uv": [4.1875, 0.0625, 4.25, 0.375], "rotation": 90, "texture": "#main"},
				"south": {"uv": [4.1875, 0.3125, 4.25, 0.375], "rotation": 90, "texture": "#main"},
				"west": {"uv": [4.1875, 0.375, 4.25, 0.0625], "rotation": 90, "texture": "#main"},
				"up": {"uv": [4.1875, 0.0625, 4.25, 0.375], "texture": "#main"},
				"down": {"uv": [4.1875, 0.0625, 4.25, 0.375], "rotation": 180, "texture": "#main"}
			}
		},
		{
			"name": "luck_and_pluck_2",
			"from": [21.08, 9.68, -1.12],
			"to": [21.92, 10.52, 3.08],
			"rotation": {"angle": 0, "axis": "z", "origin": [1.28, 1.28, 1.28]},
			"faces": {
				"north": {"uv": [4.3125, 0.125, 4.25, 0.1875], "rotation": 270, "texture": "#main"},
				"east": {"uv": [4.25, 0.125, 4.3125, 0.4375], "rotation": 90, "texture": "#main"},
				"south": {"uv": [4.25, 0.375, 4.3125, 0.4375], "rotation": 90, "texture": "#main"},
				"west": {"uv": [4.25, 0.4375, 4.3125, 0.125], "rotation": 90, "texture": "#main"},
				"up": {"uv": [4.25, 0.125, 4.3125, 0.4375], "texture": "#main"},
				"down": {"uv": [4.25, 0.125, 4.3125, 0.4375], "rotation": 180, "texture": "#main"}
			}
		},
		{
			"name": "luck_and_pluck_3",
			"from": [21.08, 11.36, -0.28],
			"to": [21.92, 13.04, 0.56],
			"rotation": {"angle": 0, "axis": "z", "origin": [1.28, 1.28, 1.28]},
			"faces": {
				"north": {"uv": [4.1875, 0.1875, 4.0625, 0.25], "rotation": 270, "texture": "#main"},
				"east": {"uv": [4.0625, 0.1875, 4.1875, 0.25], "rotation": 90, "texture": "#main"},
				"south": {"uv": [4.0625, 0.1875, 4.1875, 0.25], "rotation": 90, "texture": "#main"},
				"west": {"uv": [4.0625, 0.25, 4.1875, 0.1875], "rotation": 90, "texture": "#main"},
				"up": {"uv": [4.0625, 0.1875, 4.125, 0.25], "texture": "#main"},
				"down": {"uv": [4.125, 0.1875, 4.1875, 0.25], "rotation": 180, "texture": "#main"}
			}
		},
		{
			"name": "luck_and_pluck_4",
			"from": [21.08, 8.84, -0.28],
			"to": [21.92, 9.68, 3.92],
			"rotation": {"angle": 0, "axis": "z", "origin": [1.28, 1.28, 1.28]},
			"faces": {
				"north": {"uv": [4.375, 0.1875, 4.3125, 0.25], "rotation": 270, "texture": "#main"},
				"east": {"uv": [4.3125, 0.1875, 4.375, 0.5], "rotation": 90, "texture": "#main"},
				"south": {"uv": [4.3125, 0.4375, 4.375, 0.5], "rotation": 90, "texture": "#main"},
				"west": {"uv": [4.3125, 0.5, 4.375, 0.1875], "rotation": 90, "texture": "#main"},
				"up": {"uv": [4.3125, 0.1875, 4.375, 0.5], "texture": "#main"},
				"down": {"uv": [4.3125, 0.1875, 4.375, 0.5], "rotation": 180, "texture": "#main"}
			}
		},
		{
			"name": "luck_and_pluck_5",
			"from": [21.08, 11.36, 0.56],
			"to": [21.92, 12.2, 1.4],
			"rotation": {"angle": 0, "axis": "z", "origin": [1.28, 1.28, 1.28]},
			"faces": {
				"north": {"uv": [4.1875, 0.25, 4.125, 0.3125], "rotation": 270, "texture": "#main"},
				"east": {"uv": [4.125, 0.25, 4.1875, 0.3125], "rotation": 90, "texture": "#main"},
				"south": {"uv": [4.125, 0.25, 4.1875, 0.3125], "rotation": 90, "texture": "#main"},
				"west": {"uv": [4.125, 0.3125, 4.1875, 0.25], "rotation": 90, "texture": "#main"},
				"up": {"uv": [4.125, 0.25, 4.1875, 0.3125], "texture": "#main"},
				"down": {"uv": [4.125, 0.25, 4.1875, 0.3125], "rotation": 180, "texture": "#main"}
			}
		},
		{
			"name": "luck_and_pluck_6",
			"from": [21.08, 8, 0.56],
			"to": [21.92, 8.84, 4.76],
			"rotation": {"angle": 0, "axis": "z", "origin": [1.28, 1.28, 1.28]},
			"faces": {
				"north": {"uv": [4.4375, 0.25, 4.375, 0.3125], "rotation": 270, "texture": "#main"},
				"east": {"uv": [4.375, 0.25, 4.4375, 0.5625], "rotation": 90, "texture": "#main"},
				"south": {"uv": [4.375, 0.5, 4.4375, 0.5625], "rotation": 90, "texture": "#main"},
				"west": {"uv": [4.375, 0.5625, 4.4375, 0.25], "rotation": 90, "texture": "#main"},
				"up": {"uv": [4.375, 0.25, 4.4375, 0.5625], "texture": "#main"},
				"down": {"uv": [4.375, 0.25, 4.4375, 0.5625], "rotation": 180, "texture": "#main"}
			}
		},
		{
			"name": "luck_and_pluck_7",
			"from": [21.08, 7.16, 1.4],
			"to": [21.92, 8, 5.6],
			"rotation": {"angle": 0, "axis": "z", "origin": [1.28, 1.28, 1.28]},
			"faces": {
				"north": {"uv": [4.5, 0.3125, 4.4375, 0.375], "rotation": 270, "texture": "#main"},
				"east": {"uv": [4.4375, 0.3125, 4.5, 0.625], "rotation": 90, "texture": "#main"},
				"south": {"uv": [4.4375, 0.5625, 4.5, 0.625], "rotation": 90, "texture": "#main"},
				"west": {"uv": [4.4375, 0.625, 4.5, 0.3125], "rotation": 90, "texture": "#main"},
				"up": {"uv": [4.4375, 0.3125, 4.5, 0.625], "texture": "#main"},
				"down": {"uv": [4.4375, 0.3125, 4.5, 0.625], "rotation": 180, "texture": "#main"}
			}
		},
		{
			"name": "luck_and_pluck_8",
			"from": [21.08, 6.32, 2.24],
			"to": [21.92, 7.16, 6.44],
			"rotation": {"angle": 0, "axis": "z", "origin": [1.28, 1.28, 1.28]},
			"faces": {
				"north": {"uv": [4.5625, 0.375, 4.5, 0.4375], "rotation": 270, "texture": "#main"},
				"east": {"uv": [4.5, 0.375, 4.5625, 0.6875], "rotation": 90, "texture": "#main"},
				"south": {"uv": [4.5, 0.625, 4.5625, 0.6875], "rotation": 90, "texture": "#main"},
				"west": {"uv": [4.5, 0.6875, 4.5625, 0.375], "rotation": 90, "texture": "#main"},
				"up": {"uv": [4.5, 0.375, 4.5625, 0.6875], "texture": "#main"},
				"down": {"uv": [4.5, 0.375, 4.5625, 0.6875], "rotation": 180, "texture": "#main"}
			}
		},
		{
			"name": "luck_and_pluck_9",
			"from": [21.08, 5.48, 3.08],
			"to": [21.92, 6.32, 7.28],
			"rotation": {"angle": 0, "axis": "z", "origin": [1.28, 1.28, 1.28]},
			"faces": {
				"north": {"uv": [4.625, 0.4375, 4.5625, 0.5], "rotation": 270, "texture": "#main"},
				"east": {"uv": [4.5625, 0.4375, 4.625, 0.75], "rotation": 90, "texture": "#main"},
				"south": {"uv": [4.5625, 0.6875, 4.625, 0.75], "rotation": 90, "texture": "#main"},
				"west": {"uv": [4.5625, 0.75, 4.625, 0.4375], "rotation": 90, "texture": "#main"},
				"up": {"uv": [4.5625, 0.4375, 4.625, 0.75], "texture": "#main"},
				"down": {"uv": [4.5625, 0.4375, 4.625, 0.75], "rotation": 180, "texture": "#main"}
			}
		},
		{
			"name": "luck_and_pluck_10",
			"from": [21.08, 4.64, 3.92],
			"to": [21.92, 5.48, 9.8],
			"rotation": {"angle": 0, "axis": "z", "origin": [1.28, 1.28, 1.28]},
			"faces": {
				"north": {"uv": [4.6875, 0.5, 4.625, 0.5625], "rotation": 270, "texture": "#main"},
				"east": {"uv": [4.625, 0.5, 4.6875, 0.9375], "rotation": 90, "texture": "#main"},
				"south": {"uv": [4.625, 0.875, 4.6875, 0.9375], "rotation": 90, "texture": "#main"},
				"west": {"uv": [4.625, 0.9375, 4.6875, 0.5], "rotation": 90, "texture": "#main"},
				"up": {"uv": [4.625, 0.5, 4.6875, 0.9375], "texture": "#main"},
				"down": {"uv": [4.625, 0.5, 4.6875, 0.9375], "rotation": 180, "texture": "#main"}
			}
		},
		{
			"name": "luck_and_pluck_11",
			"from": [21.08, 0.44, 3.92],
			"to": [21.92, 1.28, 5.6],
			"rotation": {"angle": 0, "axis": "z", "origin": [1.28, 1.28, 1.28]},
			"faces": {
				"north": {"uv": [5, 0.5, 4.9375, 0.5625], "rotation": 270, "texture": "#main"},
				"east": {"uv": [4.9375, 0.5, 5, 0.625], "rotation": 90, "texture": "#main"},
				"south": {"uv": [4.9375, 0.5625, 5, 0.625], "rotation": 90, "texture": "#main"},
				"west": {"uv": [4.9375, 0.625, 5, 0.5], "rotation": 90, "texture": "#main"},
				"up": {"uv": [4.9375, 0.5, 5, 0.625], "texture": "#main"},
				"down": {"uv": [4.9375, 0.5, 5, 0.625], "rotation": 180, "texture": "#main"}
			}
		},
		{
			"name": "luck_and_pluck_12",
			"from": [21.08, 3.8, 4.76],
			"to": [21.92, 4.64, 8.96],
			"rotation": {"angle": 0, "axis": "z", "origin": [1.28, 1.28, 1.28]},
			"faces": {
				"north": {"uv": [4.75, 0.5625, 4.6875, 0.625], "rotation": 270, "texture": "#main"},
				"east": {"uv": [4.6875, 0.5625, 4.75, 0.875], "rotation": 90, "texture": "#main"},
				"south": {"uv": [4.6875, 0.8125, 4.75, 0.875], "rotation": 90, "texture": "#main"},
				"west": {"uv": [4.6875, 0.875, 4.75, 0.5625], "rotation": 90, "texture": "#main"},
				"up": {"uv": [4.6875, 0.5625, 4.75, 0.875], "texture": "#main"},
				"down": {"uv": [4.6875, 0.5625, 4.75, 0.875], "rotation": 180, "texture": "#main"}
			}
		},
		{
			"name": "luck_and_pluck_13",
			"from": [21.08, 1.28, 4.76],
			"to": [21.92, 2.12, 6.44],
			"rotation": {"angle": 0, "axis": "z", "origin": [1.28, 1.28, 1.28]},
			"faces": {
				"north": {"uv": [4.9375, 0.5625, 4.875, 0.625], "rotation": 270, "texture": "#main"},
				"east": {"uv": [4.875, 0.5625, 4.9375, 0.6875], "rotation": 90, "texture": "#main"},
				"south": {"uv": [4.875, 0.625, 4.9375, 0.6875], "rotation": 90, "texture": "#main"},
				"west": {"uv": [4.875, 0.6875, 4.9375, 0.5625], "rotation": 90, "texture": "#main"},
				"up": {"uv": [4.875, 0.5625, 4.9375, 0.6875], "texture": "#main"},
				"down": {"uv": [4.875, 0.5625, 4.9375, 0.6875], "rotation": 180, "texture": "#main"}
			}
		},
		{
			"name": "luck_and_pluck_14",
			"from": [21.08, 2.12, 5.6],
			"to": [21.92, 3.8, 8.96],
			"rotation": {"angle": 0, "axis": "z", "origin": [1.28, 1.28, 1.28]},
			"faces": {
				"north": {"uv": [4.875, 0.625, 4.75, 0.6875], "rotation": 270, "texture": "#main"},
				"east": {"uv": [4.75, 0.625, 4.875, 0.875], "rotation": 90, "texture": "#main"},
				"south": {"uv": [4.75, 0.8125, 4.875, 0.875], "rotation": 90, "texture": "#main"},
				"west": {"uv": [4.75, 0.875, 4.875, 0.625], "rotation": 90, "texture": "#main"},
				"up": {"uv": [4.75, 0.625, 4.8125, 0.875], "texture": "#main"},
				"down": {"uv": [4.8125, 0.625, 4.875, 0.875], "rotation": 180, "texture": "#main"}
			}
		},
		{
			"name": "luck_and_pluck_15",
			"from": [21.08, 1.28, 8.12],
			"to": [21.92, 2.12, 10.64],
			"rotation": {"angle": 0, "axis": "z", "origin": [1.28, 1.28, 1.28]},
			"faces": {
				"north": {"uv": [4.9375, 0.8125, 4.875, 0.875], "rotation": 270, "texture": "#main"},
				"east": {"uv": [4.875, 0.8125, 4.9375, 1], "rotation": 90, "texture": "#main"},
				"south": {"uv": [4.875, 0.9375, 4.9375, 1], "rotation": 90, "texture": "#main"},
				"west": {"uv": [4.875, 1, 4.9375, 0.8125], "rotation": 90, "texture": "#main"},
				"up": {"uv": [4.875, 0.8125, 4.9375, 1], "texture": "#main"},
				"down": {"uv": [4.875, 0.8125, 4.9375, 1], "rotation": 180, "texture": "#main"}
			}
		},
		{
			"name": "luck_and_pluck_16",
			"from": [21.08, 5.48, 8.96],
			"to": [21.92, 6.32, 10.64],
			"rotation": {"angle": 0, "axis": "z", "origin": [1.28, 1.28, 1.28]},
			"faces": {
				"north": {"uv": [4.625, 0.875, 4.5625, 0.9375], "rotation": 270, "texture": "#main"},
				"east": {"uv": [4.5625, 0.875, 4.625, 1], "rotation": 90, "texture": "#main"},
				"south": {"uv": [4.5625, 0.9375, 4.625, 1], "rotation": 90, "texture": "#main"},
				"west": {"uv": [4.5625, 1, 4.625, 0.875], "rotation": 90, "texture": "#main"},
				"up": {"uv": [4.5625, 0.875, 4.625, 1], "texture": "#main"},
				"down": {"uv": [4.5625, 0.875, 4.625, 1], "rotation": 180, "texture": "#main"}
			}
		},
		{
			"name": "luck_and_pluck_17",
			"from": [21.08, 2.12, 8.96],
			"to": [21.92, 2.96, 9.8],
			"rotation": {"angle": 0, "axis": "z", "origin": [1.28, 1.28, 1.28]},
			"faces": {
				"north": {"uv": [4.875, 0.875, 4.8125, 0.9375], "rotation": 270, "texture": "#main"},
				"east": {"uv": [4.8125, 0.875, 4.875, 0.9375], "rotation": 90, "texture": "#main"},
				"south": {"uv": [4.8125, 0.875, 4.875, 0.9375], "rotation": 90, "texture": "#main"},
				"west": {"uv": [4.8125, 0.9375, 4.875, 0.875], "rotation": 90, "texture": "#main"},
				"up": {"uv": [4.8125, 0.875, 4.875, 0.9375], "texture": "#main"},
				"down": {"uv": [4.8125, 0.875, 4.875, 0.9375], "rotation": 180, "texture": "#main"}
			}
		},
		{
			"name": "luck_and_pluck_18",
			"from": [21.08, 0.44, 8.96],
			"to": [21.92, 1.28, 10.64],
			"rotation": {"angle": 0, "axis": "z", "origin": [1.28, 1.28, 1.28]},
			"faces": {
				"north": {"uv": [5, 0.875, 4.9375, 0.9375], "rotation": 270, "texture": "#main"},
				"east": {"uv": [4.9375, 0.875, 5, 1], "rotation": 90, "texture": "#main"},
				"south": {"uv": [4.9375, 0.9375, 5, 1], "rotation": 90, "texture": "#main"},
				"west": {"uv": [4.9375, 1, 5, 0.875], "rotation": 90, "texture": "#main"},
				"up": {"uv": [4.9375, 0.875, 5, 1], "texture": "#main"},
				"down": {"uv": [4.9375, 0.875, 5, 1], "rotation": 180, "texture": "#main"}
			}
		},
		{
			"name": "luck_and_pluck_19",
			"from": [21.08, 6.32, 9.8],
			"to": [21.92, 7.16, 10.64],
			"rotation": {"angle": 0, "axis": "z", "origin": [1.28, 1.28, 1.28]},
			"faces": {
				"north": {"uv": [4.5625, 0.9375, 4.5, 1], "rotation": 270, "texture": "#main"},
				"east": {"uv": [4.5, 0.9375, 4.5625, 1], "rotation": 90, "texture": "#main"},
				"south": {"uv": [4.5, 0.9375, 4.5625, 1], "rotation": 90, "texture": "#main"},
				"west": {"uv": [4.5, 1, 4.5625, 0.9375], "rotation": 90, "texture": "#main"},
				"up": {"uv": [4.5, 0.9375, 4.5625, 1], "texture": "#main"},
				"down": {"uv": [4.5, 0.9375, 4.5625, 1], "rotation": 180, "texture": "#main"}
			}
		},
		{
			"from": [20.5, 1.75, 7.25],
			"to": [22.5, 3, 10],
			"rotation": {"angle": -22.5, "axis": "x", "origin": [21.5, 2.80552, 10.28936]},
			"faces": {
				"north": {"uv": [0.5, 0.3125, 0.625, 0.39063], "texture": "#main"},
				"east": {"uv": [0, 0.625, 0.04688, 0.70313], "texture": "#main"},
				"south": {"uv": [1.125, 0.5625, 1.0625, 0.64063], "texture": "#main"},
				"west": {"uv": [1.0625, 0.5625, 1.04688, 0.64063], "texture": "#main"},
				"up": {"uv": [0.5, 0, 0.625, 0.17188], "texture": "#main"},
				"down": {"uv": [1.5, 0.5625, 1.5625, 0.60938], "texture": "#main"}
			}
		},
		{
			"from": [20.75, 1.94134, 9.61679],
			"to": [22.25, 3.19134, 14.36679],
			"rotation": {"angle": -22.5, "axis": "x", "origin": [21.5, 2.80552, 10.28936]},
			"faces": {
				"north": {"uv": [0.5, 0.3125, 0.59375, 0.39063], "texture": "#main"},
				"east": {"uv": [0, 0.625, 0.17188, 0.70313], "texture": "#main"},
				"south": {"uv": [1.125, 0.5625, 1.03125, 0.64063], "texture": "#main"},
				"west": {"uv": [1.0625, 0.5625, 1.17188, 0.64063], "texture": "#main"},
				"up": {"uv": [0.5, 0, 0.59375, 0.29688], "texture": "#main"},
				"down": {"uv": [1.5, 0.5625, 1.53125, 0.73438], "texture": "#main"}
			}
		},
		{
			"from": [17.33318, 3.26991, 11.98265],
			"to": [19.83318, 5.01991, 16.73265],
			"rotation": {"angle": -45, "axis": "y", "origin": [18.58318, 4.14491, 16.35765]},
			"faces": {
				"north": {"uv": [0.5, 0.3125, 0.65625, 0.42188], "texture": "#main"},
				"east": {"uv": [0, 0.625, 0.17188, 0.73438], "texture": "#main"},
				"south": {"uv": [1.125, 0.5625, 1.09375, 0.67188], "texture": "#main"},
				"west": {"uv": [1.0625, 0.5625, 1.17188, 0.67188], "texture": "#main"},
				"up": {"uv": [0.5, 0, 0.65625, 0.29688], "texture": "#main"},
				"down": {"uv": [1.5, 0.5625, 1.59375, 0.73438], "texture": "#main"}
			}
		},
		{
			"from": [14.81976, 5.08766, 15.10765],
			"to": [19.56976, 6.83766, 17.60765],
			"rotation": {"angle": -22.5, "axis": "z", "origin": [14.19476, 5.96266, 16.35765]},
			"faces": {
				"north": {"uv": [0.5, 0.3125, 0.79688, 0.42188], "texture": "#main"},
				"east": {"uv": [0, 0.625, 0.03125, 0.73438], "texture": "#main"},
				"south": {"uv": [1.125, 0.5625, 1.23438, 0.67188], "texture": "#main"},
				"west": {"uv": [1.0625, 0.5625, 1.03125, 0.67188], "texture": "#main"},
				"up": {"uv": [0.5, 0, 0.65625, 0.29688], "rotation": 90, "texture": "#main"},
				"down": {"uv": [1.5, 0.5625, 1.59375, 0.73438], "rotation": 270, "texture": "#main"}
			}
		},
		{
			"from": [4.31976, 4.58766, 14.60765],
			"to": [15.06976, 7.33766, 18.10765],
			"rotation": {"angle": 0, "axis": "z", "origin": [14.19476, 5.96266, 16.35765]},
			"faces": {
				"north": {"uv": [0.5, 0.3125, 0.98438, 0.48438], "texture": "#main"},
				"east": {"uv": [0, 0.625, 0.09375, 0.79688], "texture": "#main"},
				"south": {"uv": [1.125, 0.5625, 1.42188, 0.73438], "texture": "#main"},
				"west": {"uv": [1.0625, 0.5625, 1.09375, 0.73438], "texture": "#main"},
				"up": {"uv": [0.5, 0, 0.71875, 0.48438], "rotation": 90, "texture": "#main"},
				"down": {"uv": [1.5, 0.5625, 1.65625, 0.92188], "rotation": 270, "texture": "#main"}
			}
		},
		{
			"from": [4.36342, 6.44242, 12.98265],
			"to": [11.86342, 20.44242, 17.73265],
			"rotation": {"angle": -22.5, "axis": "x", "origin": [9.11342, 8.06742, 16.35765]},
			"faces": {
				"north": {"uv": [1.5, 0.5625, 1.90625, 0.9375], "texture": "#main"},
				"east": {"uv": [0, 0.625, 0.375, 0.79688], "rotation": 270, "texture": "#main"},
				"south": {"uv": [0.5, 0, 0.96875, 0.5], "rotation": 180, "texture": "#main"},
				"west": {"uv": [1.0625, 0.5625, 1.375, 0.73438], "rotation": 90, "texture": "#main"},
				"up": {"uv": [0.5, 0.3125, 0.96875, 0.48438], "rotation": 180, "texture": "#main"},
				"down": {"uv": [1.125, 0.5625, 1.40625, 0.73438], "texture": "#main"}
			}
		}
	],
	"display": {
		"thirdperson_righthand": {
			"rotation": [45.27, 0.67, -89.6],
			"translation": [7.25, 7.25, 2.5]
		},
		"thirdperson_lefthand": {
			"rotation": [138.74, 0.78, -90.01],
			"translation": [8, 7.5, 2.75]
		},
		"firstperson_righthand": {
			"rotation": [113.59, -7.98, 79.01],
			"translation": [-7.75, 6.75, 2.5],
			"scale": [0.72852, 0.72852, 0.72852]
		},
		"firstperson_lefthand": {
			"rotation": [115.99, -9.22, -107.6],
			"translation": [1.75, 6.75, 0],
			"scale": [0.68164, 0.68164, 0.68164]
		},
		"ground": {
			"translation": [0, 4.25, 0]
		},
		"gui": {
			"rotation": [90, 0, 0]
		},
		"head": {
			"translation": [0, -12.75, 0],
			"scale": [1.6, 1.6, 1.6]
		},
		"fixed": {
			"rotation": [90, 0, 0],
			"translation": [0, 0, 7.25]
		}
	},
	"groups": [
		0,
		1,
		2,
		3,
		4,
		5,
		6,
		7,
		8,
		9,
		10,
		11,
		12,
		13,
		14,
		15,
		16,
		17,
		18,
		19,
		20,
		21,
		22,
		23,
		24,
		25,
		26,
		27,
		28,
		29,
		30,
		31,
		32,
		33,
		34,
		35,
		36,
		37,
		38,
		39,
		40,
		41,
		42,
		43,
		44,
		45,
		46,
		47,
		48,
		49,
		50,
		51,
		52,
		53,
		54,
		55,
		56,
		57,
		58,
		59,
		60,
		61,
		62,
		63,
		64,
		65,
		66,
		67,
		68,
		69,
		70,
		71,
		72,
		73,
		74,
		75,
		76,
		77,
		78,
		79,
		80,
		81,
		82,
		83,
		84,
		85,
		86,
		87,
		88,
		89,
		90,
		91,
		92,
		93,
		94,
		95,
		{
			"name": "Head",
			"origin": [0, 24, 0],
			"color": 0,
			"children": [96, 97]
		},
		{
			"name": "Body",
			"origin": [0, 24, 0],
			"color": 0,
			"children": [
				98,
				99,
				{
					"name": "Body",
					"origin": [0, 24, 0],
					"color": 0,
					"children": [100, 101]
				}
			]
		},
		{
			"name": "RightArm",
			"origin": [5, 22, 0],
			"color": 0,
			"children": [
				102,
				103,
				{
					"name": "RightArm",
					"origin": [5, 22, 0],
					"color": 0,
					"children": [104, 105]
				}
			]
		},
		{
			"name": "LeftArm",
			"origin": [-5, 22, 0],
			"color": 0,
			"children": [
				106,
				107,
				{
					"name": "LeftArm",
					"origin": [-5, 22, 0],
					"color": 0,
					"children": [108, 109]
				}
			]
		},
		{
			"name": "RightLeg",
			"origin": [1.9, 12, 0],
			"color": 0,
			"children": [
				110,
				111,
				{
					"name": "RightLeg",
					"origin": [1.9, 12, 0],
					"color": 0,
					"children": [112, 113]
				}
			]
		},
		{
			"name": "LeftLeg",
			"origin": [-1.9, 12, 0],
			"color": 0,
			"children": [
				114,
				115,
				{
					"name": "LeftLeg",
					"origin": [-1.9, 12, 0],
					"color": 0,
					"children": [116, 117]
				}
			]
		},
		{
			"name": "luckpluck",
			"origin": [8, 8, 8],
			"color": 0,
			"children": [
				{
					"name": "luck_and_pluck",
					"origin": [8, 8, 8],
					"color": 0,
					"children": [118, 119, 120, 121, 122, 123, 124, 125, 126, 127, 128, 129, 130, 131, 132, 133, 134, 135, 136, 137]
				}
			]
		},
		{
			"name": "hair",
			"origin": [8, 8, 8],
			"color": 0,
			"children": [138, 139, 140, 141, 142, 143]
		}
	]
}