{
	"credit": "Made with Blockbench",
	"texture_size": [64, 64],
	"textures": {
		"0": "gun/aug/aug",
		"particle": "gun/aug/aug"
	},
	"elements": [
		{
			"from": [7, -1.50867, 27.00329],
			"to": [8, -0.50867, 28.80329],
			"rotation": {"angle": 22.5, "axis": "x", "origin": [0, 19.83322, 47.80329]},
			"faces": {
				"north": {"uv": [3, 7.25, 3.25, 7.5], "texture": "#0"},
				"east": {"uv": [1.75, 6.5, 2.25, 6.75], "texture": "#0"},
				"south": {"uv": [7.25, 3, 7.5, 3.25], "texture": "#0"},
				"west": {"uv": [2.75, 6.5, 3.25, 6.75], "texture": "#0"},
				"up": {"uv": [6.75, 3.5, 6.5, 3], "texture": "#0"},
				"down": {"uv": [6.75, 3.5, 6.5, 4], "texture": "#0"}
			}
		},
		{
			"from": [7, 3, 19],
			"to": [8, 9, 21],
			"rotation": {"angle": 0, "axis": "y", "origin": [0, 1, -7]},
			"faces": {
				"north": {"uv": [4.5, 4.75, 4.75, 6.25], "texture": "#0"},
				"east": {"uv": [1.25, 2, 1.75, 3.5], "texture": "#0"},
				"south": {"uv": [4.75, 4.75, 5, 6.25], "texture": "#0"},
				"west": {"uv": [1.75, 2, 2.25, 3.5], "texture": "#0"},
				"up": {"uv": [6.75, 4.5, 6.5, 4], "texture": "#0"},
				"down": {"uv": [6.25, 6.5, 6, 7], "texture": "#0"}
			}
		},
		{
			"from": [7, 13.63277, 15.54544],
			"to": [8, 19.13277, 17.54544],
			"rotation": {"angle": 22.5, "axis": "x", "origin": [0, -0.36723, -7.45456]},
			"faces": {
				"north": {"uv": [0.25, 5.75, 0.5, 7.125], "texture": "#0"},
				"east": {"uv": [1.75, 3.5, 2.25, 4.875], "texture": "#0"},
				"south": {"uv": [0.5, 5.75, 0.75, 7.125], "texture": "#0"},
				"west": {"uv": [3.5, 3, 4, 4.375], "texture": "#0"},
				"up": {"uv": [6.5, 7, 6.25, 6.5], "texture": "#0"},
				"down": {"uv": [6.75, 6.5, 6.5, 7], "texture": "#0"}
			}
		},
		{
			"from": [7, 14.17186, 8.83527],
			"to": [8, 16.17186, 18.83527],
			"rotation": {"angle": 22.5, "axis": "x", "origin": [0, 8.17186, -9.16473]},
			"faces": {
				"north": {"uv": [1.75, 6.75, 2, 7.25], "texture": "#0"},
				"east": {"uv": [1.5, 0, 4, 0.5], "texture": "#0"},
				"south": {"uv": [2, 6.75, 2.25, 7.25], "texture": "#0"},
				"west": {"uv": [1.5, 0.5, 4, 1], "texture": "#0"},
				"up": {"uv": [4.25, 5.5, 4, 3], "texture": "#0"},
				"down": {"uv": [4.5, 3, 4.25, 5.5], "texture": "#0"}
			}
		},
		{
			"from": [7, 5, 14.3],
			"to": [8, 9, 19],
			"rotation": {"angle": 0, "axis": "y", "origin": [0, 1, -7]},
			"faces": {
				"north": {"uv": [5.75, 2.75, 6, 3.75], "texture": "#0"},
				"east": {"uv": [1.5, 1, 2.625, 2], "texture": "#0"},
				"south": {"uv": [5.75, 3.75, 6, 4.75], "texture": "#0"},
				"west": {"uv": [0, 1.75, 1.125, 2.75], "texture": "#0"},
				"up": {"uv": [1, 6.875, 0.75, 5.75], "texture": "#0"},
				"down": {"uv": [1.25, 5.75, 1, 6.875], "texture": "#0"}
			}
		},
		{
			"from": [7, 6.8, 8.4],
			"to": [8, 9, 14.3],
			"rotation": {"angle": 0, "axis": "y", "origin": [0, 1, -7]},
			"faces": {
				"north": {"uv": [2.75, 6.75, 3, 7.25], "texture": "#0"},
				"east": {"uv": [2.25, 2, 3.75, 2.5], "texture": "#0"},
				"south": {"uv": [3, 6.75, 3.25, 7.25], "texture": "#0"},
				"west": {"uv": [2.25, 2.5, 3.75, 3], "texture": "#0"},
				"up": {"uv": [2, 6.5, 1.75, 5], "texture": "#0"},
				"down": {"uv": [2.25, 5, 2, 6.5], "texture": "#0"}
			}
		},
		{
			"from": [6.9, 7.4, 1.4],
			"to": [8.1, 9.1, 8.4],
			"rotation": {"angle": 0, "axis": "y", "origin": [0, 1, -7]},
			"faces": {
				"north": {"uv": [6.75, 4, 7, 4.375], "texture": "#0"},
				"east": {"uv": [3.75, 2, 5.5, 2.375], "texture": "#0"},
				"south": {"uv": [2.75, 7.25, 3, 7.625], "texture": "#0"},
				"west": {"uv": [3.75, 2.5, 5.5, 2.875], "texture": "#0"},
				"up": {"uv": [4.75, 4.75, 4.5, 3], "texture": "#0"},
				"down": {"uv": [3.75, 4.5, 3.5, 6.25], "texture": "#0"}
			}
		},
		{
			"from": [6.8, 7.3, -0.6],
			"to": [8.2, 9.2, 1.4],
			"rotation": {"angle": 0, "axis": "y", "origin": [0, 1, -7]},
			"faces": {
				"north": {"uv": [2.75, 6, 3.125, 6.5], "texture": "#0"},
				"east": {"uv": [5.75, 4.75, 6.25, 5.25], "texture": "#0"},
				"south": {"uv": [6, 3, 6.375, 3.5], "texture": "#0"},
				"west": {"uv": [5.5, 5.75, 6, 6.25], "texture": "#0"},
				"up": {"uv": [6.375, 4, 6, 3.5], "texture": "#0"},
				"down": {"uv": [6.375, 4, 6, 4.5], "texture": "#0"}
			}
		},
		{
			"from": [7, 6.8, 1.4],
			"to": [8, 7.4, 8.4],
			"rotation": {"angle": 0, "axis": "y", "origin": [0, 1, -7]},
			"faces": {
				"north": {"uv": [7.5, 3.5, 7.75, 3.625], "texture": "#0"},
				"east": {"uv": [5.75, 5.25, 7.5, 5.375], "texture": "#0"},
				"south": {"uv": [7.5, 3.75, 7.75, 3.875], "texture": "#0"},
				"west": {"uv": [6, 2.75, 7.75, 2.875], "texture": "#0"},
				"up": {"uv": [4, 6.25, 3.75, 4.5], "texture": "#0"},
				"down": {"uv": [5, 3, 4.75, 4.75], "texture": "#0"}
			}
		},
		{
			"from": [7.2, 6.35147, -0.64264],
			"to": [7.8, 6.65147, 4.35736],
			"rotation": {"angle": 45, "axis": "x", "origin": [0, 2.75147, 1.95736]},
			"faces": {
				"north": {"uv": [7.5, 7.25, 7.625, 7.375], "texture": "#0"},
				"east": {"uv": [6.25, 5, 7.5, 5.125], "texture": "#0"},
				"south": {"uv": [7.5, 7.5, 7.625, 7.625], "texture": "#0"},
				"west": {"uv": [6.25, 5.75, 7.5, 5.875], "texture": "#0"},
				"up": {"uv": [5.625, 7.5, 5.5, 6.25], "texture": "#0"},
				"down": {"uv": [5.875, 6.25, 5.75, 7.5], "texture": "#0"}
			}
		},
		{
			"from": [7.2, 6.35147, -0.64264],
			"to": [7.8, 6.65147, 4.35736],
			"rotation": {"angle": 45, "axis": "x", "origin": [0, 2.75147, 1.95736]},
			"faces": {
				"north": {"uv": [7.75, 0, 7.875, 0.125], "texture": "#0"},
				"east": {"uv": [6.25, 6, 7.5, 6.125], "texture": "#0"},
				"south": {"uv": [7.75, 0.25, 7.875, 0.375], "texture": "#0"},
				"west": {"uv": [6.25, 6.25, 7.5, 6.375], "texture": "#0"},
				"up": {"uv": [1.375, 7.75, 1.25, 6.5], "texture": "#0"},
				"down": {"uv": [1.625, 6.5, 1.5, 7.75], "texture": "#0"}
			}
		},
		{
			"from": [7.2, 3.6, 6.2],
			"to": [7.8, 3.9, 7.4],
			"rotation": {"angle": 0, "axis": "y", "origin": [0, 0, 5]},
			"faces": {
				"north": {"uv": [7.75, 0.5, 7.875, 0.625], "texture": "#0"},
				"east": {"uv": [7.25, 4, 7.5, 4.125], "texture": "#0"},
				"south": {"uv": [7.75, 0.75, 7.875, 0.875], "texture": "#0"},
				"west": {"uv": [7.25, 4.25, 7.5, 4.375], "texture": "#0"},
				"up": {"uv": [7.375, 6.75, 7.25, 6.5], "texture": "#0"},
				"down": {"uv": [7.375, 6.75, 7.25, 7], "texture": "#0"}
			}
		},
		{
			"from": [7.2, 3.6, 7.4],
			"to": [7.8, 9, 8.3],
			"rotation": {"angle": 0, "axis": "x", "origin": [0, 0, 5]},
			"faces": {
				"north": {"uv": [4.5, 6.25, 4.625, 7.625], "texture": "#0"},
				"east": {"uv": [4.25, 5.5, 4.5, 6.875], "texture": "#0"},
				"south": {"uv": [4.75, 6.25, 4.875, 7.625], "texture": "#0"},
				"west": {"uv": [0, 5.75, 0.25, 7.125], "texture": "#0"},
				"up": {"uv": [7.375, 7.25, 7.25, 7], "texture": "#0"},
				"down": {"uv": [7.375, 7.25, 7.25, 7.5], "texture": "#0"}
			}
		},
		{
			"from": [7.3, 6, 6.6],
			"to": [7.6, 9, 6.9],
			"rotation": {"angle": 0, "axis": "y", "origin": [0, 0, 5]},
			"faces": {
				"north": {"uv": [0, 7.25, 0.125, 8], "texture": "#0"},
				"east": {"uv": [7.25, 0, 7.375, 0.75], "texture": "#0"},
				"south": {"uv": [0.25, 7.25, 0.375, 8], "texture": "#0"},
				"west": {"uv": [0.5, 7.25, 0.625, 8], "texture": "#0"},
				"up": {"uv": [1.375, 7.875, 1.25, 7.75], "texture": "#0"},
				"down": {"uv": [1.625, 7.75, 1.5, 7.875], "texture": "#0"}
			}
		},
		{
			"from": [7.2, 3, 10],
			"to": [7.8, 10, 13],
			"rotation": {"angle": 22.5, "axis": "x", "origin": [0, 0, 5]},
			"faces": {
				"north": {"uv": [2.25, 6, 2.375, 7.75], "texture": "#0"},
				"east": {"uv": [0, 0, 0.75, 1.75], "texture": "#0"},
				"south": {"uv": [2.5, 6, 2.625, 7.75], "texture": "#0"},
				"west": {"uv": [0.75, 0, 1.5, 1.75], "texture": "#0"},
				"up": {"uv": [1.875, 8, 1.75, 7.25], "texture": "#0"},
				"down": {"uv": [2.125, 7.25, 2, 8], "texture": "#0"}
			}
		},
		{
			"from": [7.2, 5.4, 0.9],
			"to": [7.8, 6.3, 1.7],
			"rotation": {"angle": 22.5, "axis": "x", "origin": [0, 0.1, 5]},
			"faces": {
				"north": {"uv": [7.5, 0, 7.625, 0.25], "texture": "#0"},
				"east": {"uv": [1.25, 1.75, 1.5, 2], "texture": "#0"},
				"south": {"uv": [7.5, 0.25, 7.625, 0.5], "texture": "#0"},
				"west": {"uv": [7.25, 0.75, 7.5, 1], "texture": "#0"},
				"up": {"uv": [7.625, 0.75, 7.5, 0.5], "texture": "#0"},
				"down": {"uv": [7.625, 0.75, 7.5, 1], "texture": "#0"}
			}
		},
		{
			"from": [7.2, 5.1, 1.7],
			"to": [7.8, 6.3, 2.2],
			"rotation": {"angle": 22.5, "axis": "x", "origin": [0, 0.1, 5]},
			"faces": {
				"north": {"uv": [3, 7.5, 3.125, 7.75], "texture": "#0"},
				"east": {"uv": [7.5, 3, 7.625, 3.25], "texture": "#0"},
				"south": {"uv": [3.25, 7.5, 3.375, 7.75], "texture": "#0"},
				"west": {"uv": [7.5, 3.25, 7.625, 3.5], "texture": "#0"},
				"up": {"uv": [2.375, 7.875, 2.25, 7.75], "texture": "#0"},
				"down": {"uv": [2.625, 7.75, 2.5, 7.875], "texture": "#0"}
			}
		},
		{
			"from": [7.2, 8, 3.9],
			"to": [7.8, 11.5, 4.5],
			"rotation": {"angle": 22.5, "axis": "x", "origin": [0, 0.1, 5]},
			"faces": {
				"north": {"uv": [0.75, 7, 0.875, 7.875], "texture": "#0"},
				"east": {"uv": [1, 7, 1.125, 7.875], "texture": "#0"},
				"south": {"uv": [7, 3.5, 7.125, 4.375], "texture": "#0"},
				"west": {"uv": [4.25, 7, 4.375, 7.875], "texture": "#0"},
				"up": {"uv": [2.875, 7.875, 2.75, 7.75], "texture": "#0"},
				"down": {"uv": [7.875, 2.75, 7.75, 2.875], "texture": "#0"}
			}
		},
		{
			"from": [7.2, 6.2, -1.1],
			"to": [7.8, 9.5, -0.5],
			"rotation": {"angle": 22.5, "axis": "x", "origin": [0, 0.1, 5]},
			"faces": {
				"north": {"uv": [6, 7, 6.125, 7.875], "texture": "#0"},
				"east": {"uv": [6.25, 7, 6.375, 7.875], "texture": "#0"},
				"south": {"uv": [6.5, 7, 6.625, 7.875], "texture": "#0"},
				"west": {"uv": [7, 6.5, 7.125, 7.375], "texture": "#0"},
				"up": {"uv": [3.125, 7.875, 3, 7.75], "texture": "#0"},
				"down": {"uv": [7.875, 3, 7.75, 3.125], "texture": "#0"}
			}
		},
		{
			"from": [7.1, 12.63137, 2.4],
			"to": [7.9, 12.83137, 14],
			"rotation": {"angle": 0, "axis": "y", "origin": [-0.1, 1.83137, 0]},
			"faces": {
				"north": {"uv": [7.5, 4, 7.75, 4.125], "texture": "#0"},
				"east": {"uv": [4, 0, 6.875, 0.125], "texture": "#0"},
				"south": {"uv": [7.5, 4.25, 7.75, 4.375], "texture": "#0"},
				"west": {"uv": [4, 0.25, 6.875, 0.375], "texture": "#0"},
				"up": {"uv": [0.25, 5.625, 0, 2.75], "texture": "#0"},
				"down": {"uv": [0.5, 2.75, 0.25, 5.625], "texture": "#0"}
			}
		},
		{
			"from": [16.42132, 10.19634, 2.4],
			"to": [17.22132, 10.39634, 14],
			"rotation": {"angle": 45, "axis": "z", "origin": [9.22132, -0.60366, 0]},
			"faces": {
				"north": {"uv": [7.5, 4.5, 7.75, 4.625], "texture": "#0"},
				"east": {"uv": [4, 0.5, 6.875, 0.625], "texture": "#0"},
				"south": {"uv": [7.5, 5, 7.75, 5.125], "texture": "#0"},
				"west": {"uv": [4, 0.75, 6.875, 0.875], "texture": "#0"},
				"up": {"uv": [0.75, 5.625, 0.5, 2.75], "texture": "#0"},
				"down": {"uv": [1, 2.75, 0.75, 5.625], "texture": "#0"}
			}
		},
		{
			"from": [6.53431, 11.46569, 2.4],
			"to": [6.73431, 12.26569, 14],
			"rotation": {"angle": 0, "axis": "z", "origin": [17.53431, 4.26569, 0]},
			"faces": {
				"north": {"uv": [7.5, 5.25, 7.625, 5.5], "texture": "#0"},
				"east": {"uv": [2.75, 1, 5.625, 1.25], "texture": "#0"},
				"south": {"uv": [5.5, 7.5, 5.625, 7.75], "texture": "#0"},
				"west": {"uv": [2.75, 1.25, 5.625, 1.5], "texture": "#0"},
				"up": {"uv": [5.125, 5.875, 5, 3], "texture": "#0"},
				"down": {"uv": [5.375, 3, 5.25, 5.875], "texture": "#0"}
			}
		},
		{
			"from": [1.00639, 19.7201, 2.4],
			"to": [1.80639, 20.0201, 14],
			"rotation": {"angle": -45, "axis": "z", "origin": [-6.19361, 8.9201, 0]},
			"faces": {
				"north": {"uv": [5.75, 7.5, 6, 7.625], "texture": "#0"},
				"east": {"uv": [5.5, 2, 8.375, 2.125], "texture": "#0"},
				"south": {"uv": [7.5, 5.75, 7.75, 5.875], "texture": "#0"},
				"west": {"uv": [5.5, 2.25, 8.375, 2.375], "texture": "#0"},
				"up": {"uv": [1.25, 5.625, 1, 2.75], "texture": "#0"},
				"down": {"uv": [2.5, 3, 2.25, 5.875], "texture": "#0"}
			}
		},
		{
			"from": [8.26569, 11.46569, 2.4],
			"to": [8.46569, 12.26569, 14],
			"rotation": {"angle": 0, "axis": "y", "origin": [19.26569, 4.26569, 0]},
			"faces": {
				"north": {"uv": [7.5, 6, 7.625, 6.25], "texture": "#0"},
				"east": {"uv": [2.75, 1.5, 5.625, 1.75], "texture": "#0"},
				"south": {"uv": [7.5, 6.25, 7.625, 6.5], "texture": "#0"},
				"west": {"uv": [2.75, 1.75, 5.625, 2], "texture": "#0"},
				"up": {"uv": [5.625, 5.375, 5.5, 2.5], "texture": "#0"},
				"down": {"uv": [4.125, 5.5, 4, 8.375], "texture": "#0"}
			}
		},
		{
			"from": [17.64558, 8.97208, 2.4],
			"to": [18.44558, 9.27208, 14],
			"rotation": {"angle": 45, "axis": "z", "origin": [10.44558, -1.82792, 0]},
			"faces": {
				"north": {"uv": [7.5, 6.5, 7.75, 6.625], "texture": "#0"},
				"east": {"uv": [5.5, 5.5, 8.375, 5.625], "texture": "#0"},
				"south": {"uv": [6.75, 7.5, 7, 7.625], "texture": "#0"},
				"west": {"uv": [5.75, 1, 8.625, 1.125], "texture": "#0"},
				"up": {"uv": [2.75, 5.875, 2.5, 3], "texture": "#0"},
				"down": {"uv": [3, 3, 2.75, 5.875], "texture": "#0"}
			}
		},
		{
			"from": [7.1, 10.9, 2.4],
			"to": [7.9, 11.2, 14],
			"rotation": {"angle": 0, "axis": "y", "origin": [-0.1, 0.1, 0]},
			"faces": {
				"north": {"uv": [7.5, 6.75, 7.75, 6.875], "texture": "#0"},
				"east": {"uv": [5.75, 1.25, 8.625, 1.375], "texture": "#0"},
				"south": {"uv": [7, 7.5, 7.25, 7.625], "texture": "#0"},
				"west": {"uv": [5.75, 1.5, 8.625, 1.625], "texture": "#0"},
				"up": {"uv": [3.25, 5.875, 3, 3], "texture": "#0"},
				"down": {"uv": [3.5, 3, 3.25, 5.875], "texture": "#0"}
			}
		},
		{
			"from": [2.23066, 20.94437, 2.4],
			"to": [3.03066, 21.14437, 14],
			"rotation": {"angle": -45, "axis": "z", "origin": [-4.96934, 10.14437, 0]},
			"faces": {
				"north": {"uv": [7.5, 7, 7.75, 7.125], "texture": "#0"},
				"east": {"uv": [5.75, 1.75, 8.625, 1.875], "texture": "#0"},
				"south": {"uv": [7.25, 7.5, 7.5, 7.625], "texture": "#0"},
				"west": {"uv": [5.75, 2.5, 8.625, 2.625], "texture": "#0"},
				"up": {"uv": [1.5, 6.375, 1.25, 3.5], "texture": "#0"},
				"down": {"uv": [1.75, 3.5, 1.5, 6.375], "texture": "#0"}
			}
		},
		{
			"from": [7, 3.7, 0],
			"to": [8, 6.7, 1],
			"faces": {
				"north": {"uv": [3.25, 6, 3.5, 6.75], "texture": "#0"},
				"east": {"uv": [5, 6, 5.25, 6.75], "texture": "#0"},
				"south": {"uv": [5.25, 6, 5.5, 6.75], "texture": "#0"},
				"west": {"uv": [6, 5.75, 6.25, 6.5], "texture": "#0"},
				"up": {"uv": [3.5, 7.5, 3.25, 7.25], "texture": "#0"},
				"down": {"uv": [7.5, 3.25, 7.25, 3.5], "texture": "#0"}
			}
		},
		{
			"from": [7.1, 8.2, -7.6],
			"to": [7.9, 9, -5.6],
			"rotation": {"angle": 0, "axis": "y", "origin": [0, 1, -7]},
			"faces": {
				"north": {"uv": [7.25, 3.5, 7.5, 3.75], "texture": "#0"},
				"east": {"uv": [6.75, 3, 7.25, 3.25], "texture": "#0"},
				"south": {"uv": [7.25, 3.75, 7.5, 4], "texture": "#0"},
				"west": {"uv": [6.75, 3.25, 7.25, 3.5], "texture": "#0"},
				"up": {"uv": [3.5, 7.25, 3.25, 6.75], "texture": "#0"},
				"down": {"uv": [7, 3.5, 6.75, 4], "texture": "#0"}
			}
		},
		{
			"from": [7.2, 8.3, -6.6],
			"to": [7.8, 8.9, -0.6],
			"rotation": {"angle": 0, "axis": "y", "origin": [0, 1, -7]},
			"faces": {
				"north": {"uv": [3.25, 7.75, 3.375, 7.875], "texture": "#0"},
				"east": {"uv": [6, 4.5, 7.5, 4.625], "texture": "#0"},
				"south": {"uv": [7.75, 3.25, 7.875, 3.375], "texture": "#0"},
				"west": {"uv": [6.25, 4.75, 7.75, 4.875], "texture": "#0"},
				"up": {"uv": [3.625, 7.75, 3.5, 6.25], "texture": "#0"},
				"down": {"uv": [3.875, 6.25, 3.75, 7.75], "texture": "#0"}
			}
		},
		{
			"from": [7.3, 3.7, 0.3],
			"to": [7.7, 7.7, 0.7],
			"faces": {
				"north": {"uv": [5, 6.75, 5.125, 7.75], "texture": "#0"},
				"east": {"uv": [5.25, 6.75, 5.375, 7.75], "texture": "#0"},
				"south": {"uv": [6.75, 6.5, 6.875, 7.5], "texture": "#0"},
				"west": {"uv": [7, 0, 7.125, 1], "texture": "#0"},
				"up": {"uv": [3.625, 7.875, 3.5, 7.75], "texture": "#0"},
				"down": {"uv": [7.875, 3.5, 7.75, 3.625], "texture": "#0"}
			}
		}
	],
	"display": {
		"thirdperson_righthand": {
			"translation": [0, 3, 0],
			"scale": [0.7, 0.7, 0.7]
		},
		"thirdperson_lefthand": {
			"scale": [0, 0, 0]
		},
		"firstperson_righthand": {
			"rotation": [0, 1.25, 0],
			"translation": [-2.5, 15, -2.5],
			"scale": [1, 0.98438, 1]
		},
		"firstperson_lefthand": {
			"rotation": [0, -256.75, 0],
			"translation": [-9.75, 7.75, -8]
		},
		"ground": {
			"scale": [0.7, 0.7, 0.7]
		},
		"gui": {
			"rotation": [11.5, 54.75, 0],
			"translation": [0, 1, 0],
			"scale": [0.7, 0.7, 0.7]
		}
	},
	"groups": [
		{
			"name": "group",
			"origin": [8, 8, 8],
			"color": 0,
			"children": [
				{
					"name": "group",
					"origin": [8, 8, 8],
					"color": 0,
					"children": [0, 1, 2, 3, 4, 5, 6, 7, 8]
				},
				{
					"name": "group",
					"origin": [8, 8, 8],
					"color": 0,
					"children": [9, 10, 11, 12, 13, 14, 15, 16]
				},
				{
					"name": "group",
					"origin": [8, 8, 8],
					"color": 0,
					"children": [17, 18, 19, 20, 21, 22, 23, 24, 25, 26]
				}, 27, 28, 29, 30]
		}
	]
}