{
    "parent": "item/generated",
	"overrides": [
        {"predicate": {"custom_model_data": 0}, "model": "abt/original"},
        {"predicate": {"custom_model_data": 1}, "model": "abt/abt_1"},
		{"predicate": {"custom_model_data": 2}, "model": "abt/abt_2"},
		{"predicate": {"custom_model_data": 3}, "model": "abt/abt_3"},
		{"predicate": {"custom_model_data": 4}, "model": "abt/abt_4"},
		{"predicate": {"custom_model_data": 5}, "model": "abt/abt_5"},
		{"predicate": {"custom_model_data": 6}, "model": "abt/abt_6"},
		{"predicate": {"custom_model_data": 7}, "model": "abt/abt_7"},
		{"predicate": {"custom_model_data": 8}, "model": "abt/abt_8"},
		{"predicate": {"custom_model_data": 9}, "model": "abt/abt_9"},
		{"predicate": {"custom_model_data": 10}, "model": "abt/abt_10"},
		{"predicate": {"custom_model_data": 11}, "model": "abt/abt_11"},
		{"predicate": {"custom_model_data": 12}, "model": "abt/abt_12"},
		{"predicate": {"custom_model_data": 13}, "model": "abt/abt_13"},
		{"predicate": {"custom_model_data": 14}, "model": "abt/abt_14"},
		{"predicate": {"custom_model_data": 15}, "model": "abt/abt_15"},
		{"predicate": {"custom_model_data": 16}, "model": "abt/abt_16"},
		{"predicate": {"custom_model_data": 17}, "model": "abt/abt_17"},
		{"predicate": {"custom_model_data": 18}, "model": "abt/abt_18"},
		{"predicate": {"custom_model_data": 19}, "model": "abt/abt_19"},
		{"predicate": {"custom_model_data": 20}, "model": "abt/abt_20"},
		{"predicate": {"custom_model_data": 21}, "model": "abt/abt_21"},
		{"predicate": {"custom_model_data": 22}, "model": "abt/abt_22"},
		{"predicate": {"custom_model_data": 23}, "model": "abt/abt_23"},
		{"predicate": {"custom_model_data": 24}, "model": "abt/abt_24"},
		{"predicate": {"custom_model_data": 25}, "model": "abt/abt_25"},
		{"predicate": {"custom_model_data": 26}, "model": "abt/abt_26"},
		{"predicate": {"custom_model_data": 27}, "model": "abt/abt_27"}
    ]
}
