{
	"credit": "Made with Blockbench",
	"texture_size": [64, 64],
	"textures": {
		"0": "gun/hk416/hk416_mc",
		"particle": "gun/hk416/hk416_mc"
	},
	"elements": [
		{
			"from": [7, 4, 29],
			"to": [10, 10, 29.5],
			"rotation": {"angle": 0, "axis": "y", "origin": [16, 14, 37]},
			"faces": {
				"north": {"uv": [5, 1, 5.75, 2.5], "texture": "#0"},
				"east": {"uv": [6.5, 9.25, 6.75, 10.75], "texture": "#0"},
				"south": {"uv": [5.75, 1, 6.5, 2.5], "texture": "#0"},
				"west": {"uv": [6.75, 9.25, 7, 10.75], "texture": "#0"},
				"up": {"uv": [9.25, 8.5, 8.5, 8.25], "texture": "#0"},
				"down": {"uv": [10.75, 3.75, 10, 4], "texture": "#0"}
			}
		},
		{
			"from": [8, 10, 29],
			"to": [9, 11, 29.5],
			"rotation": {"angle": 0, "axis": "y", "origin": [16, 15, 37]},
			"faces": {
				"north": {"uv": [7.75, 3.25, 8, 3.5], "texture": "#0"},
				"east": {"uv": [8.75, 4.75, 9, 5], "texture": "#0"},
				"south": {"uv": [9, 0.75, 9.25, 1], "texture": "#0"},
				"west": {"uv": [3.25, 9.5, 3.5, 9.75], "texture": "#0"},
				"up": {"uv": [1, 10.5, 0.75, 10.25], "texture": "#0"},
				"down": {"uv": [11, 3.75, 10.75, 4], "texture": "#0"}
			}
		},
		{
			"from": [8, 3, 29],
			"to": [9, 4, 29.5],
			"rotation": {"angle": 0, "axis": "y", "origin": [16, 8, 37]},
			"faces": {
				"north": {"uv": [10.75, 9.75, 11, 10], "texture": "#0"},
				"east": {"uv": [0.25, 11, 0.5, 11.25], "texture": "#0"},
				"south": {"uv": [0.5, 11, 0.75, 11.25], "texture": "#0"},
				"west": {"uv": [0.75, 11, 1, 11.25], "texture": "#0"},
				"up": {"uv": [1.25, 11.25, 1, 11], "texture": "#0"},
				"down": {"uv": [1.5, 11, 1.25, 11.25], "texture": "#0"}
			}
		},
		{
			"from": [3.01421, 7.48528, 29],
			"to": [4.41421, 8.48528, 29.5],
			"rotation": {"angle": 45, "axis": "z", "origin": [11.41421, 12.48528, 37]},
			"faces": {
				"north": {"uv": [1.5, 11, 1.75, 11.25], "texture": "#0"},
				"east": {"uv": [1.75, 11, 2, 11.25], "texture": "#0"},
				"south": {"uv": [2, 11, 2.25, 11.25], "texture": "#0"},
				"west": {"uv": [2.5, 11, 2.75, 11.25], "texture": "#0"},
				"up": {"uv": [3, 11.25, 2.75, 11], "texture": "#0"},
				"down": {"uv": [3.25, 11, 3, 11.25], "texture": "#0"}
			}
		},
		{
			"from": [1.71127, 13.76812, 29],
			"to": [3.11127, 14.76812, 29.5],
			"rotation": {"angle": 45, "axis": "z", "origin": [10.11127, 18.76812, 37]},
			"faces": {
				"north": {"uv": [3.25, 11, 3.5, 11.25], "texture": "#0"},
				"east": {"uv": [3.5, 11, 3.75, 11.25], "texture": "#0"},
				"south": {"uv": [3.75, 11, 4, 11.25], "texture": "#0"},
				"west": {"uv": [4, 11, 4.25, 11.25], "texture": "#0"},
				"up": {"uv": [4.5, 11.25, 4.25, 11], "texture": "#0"},
				"down": {"uv": [4.75, 11, 4.5, 11.25], "texture": "#0"}
			}
		},
		{
			"from": [13.88873, 13.76812, 29],
			"to": [15.28873, 14.76812, 29.5],
			"rotation": {"angle": -45, "axis": "z", "origin": [6.88873, 18.76812, 37]},
			"faces": {
				"north": {"uv": [4.75, 11, 5, 11.25], "texture": "#0"},
				"east": {"uv": [5, 11, 5.25, 11.25], "texture": "#0"},
				"south": {"uv": [5.25, 11, 5.5, 11.25], "texture": "#0"},
				"west": {"uv": [5.5, 11, 5.75, 11.25], "texture": "#0"},
				"up": {"uv": [6, 11.25, 5.75, 11], "texture": "#0"},
				"down": {"uv": [6.25, 11, 6, 11.25], "texture": "#0"}
			}
		},
		{
			"from": [12.58579, 7.48528, 29],
			"to": [13.98579, 8.48528, 29.5],
			"rotation": {"angle": -45, "axis": "z", "origin": [5.58579, 12.48528, 37]},
			"faces": {
				"north": {"uv": [6.25, 11, 6.5, 11.25], "texture": "#0"},
				"east": {"uv": [6.5, 11, 6.75, 11.25], "texture": "#0"},
				"south": {"uv": [6.75, 11, 7, 11.25], "texture": "#0"},
				"west": {"uv": [7, 11, 7.25, 11.25], "texture": "#0"},
				"up": {"uv": [7.5, 11.25, 7.25, 11], "texture": "#0"},
				"down": {"uv": [7.75, 11, 7.5, 11.25], "texture": "#0"}
			}
		},
		{
			"from": [7.25, 7, 23],
			"to": [9.75, 10, 29],
			"rotation": {"angle": 0, "axis": "y", "origin": [16, 14, 36]},
			"faces": {
				"north": {"uv": [8.5, 3.25, 9.25, 4], "texture": "#0"},
				"east": {"uv": [6.5, 3.5, 8, 4.25], "texture": "#0"},
				"south": {"uv": [8.5, 7.5, 9.25, 8.25], "texture": "#0"},
				"west": {"uv": [6.5, 4.25, 8, 5], "texture": "#0"},
				"up": {"uv": [7.25, 2.5, 6.5, 1], "texture": "#0"},
				"down": {"uv": [7.75, 5.5, 7, 7], "texture": "#0"}
			}
		},
		{
			"from": [7.55, 6.5, 23],
			"to": [9.45, 7, 29],
			"rotation": {"angle": 0, "axis": "y", "origin": [16, 13.1, 36]},
			"faces": {
				"north": {"uv": [8.5, 9.5, 9, 9.75], "texture": "#0"},
				"east": {"uv": [9, 8.75, 10.5, 9], "texture": "#0"},
				"south": {"uv": [1.5, 10.5, 2, 10.75], "texture": "#0"},
				"west": {"uv": [9.25, 2.25, 10.75, 2.5], "texture": "#0"},
				"up": {"uv": [8.25, 2.5, 7.75, 1], "texture": "#0"},
				"down": {"uv": [8.25, 5.5, 7.75, 7], "texture": "#0"}
			}
		},
		{
			"from": [7.65, 4.6, 28.3],
			"to": [9.35, 6.4, 29],
			"rotation": {"angle": 0, "axis": "y", "origin": [16, 13.1, 36]},
			"faces": {
				"north": {"uv": [6, 5.5, 6.5, 6], "texture": "#0"},
				"east": {"uv": [5.75, 8.75, 6, 9.25], "texture": "#0"},
				"south": {"uv": [9, 10, 9.5, 10.5], "texture": "#0"},
				"west": {"uv": [9, 7, 9.25, 7.5], "texture": "#0"},
				"up": {"uv": [11, 1, 10.5, 0.75], "texture": "#0"},
				"down": {"uv": [11, 1, 10.5, 1.25], "texture": "#0"}
			}
		},
		{
			"from": [7.65, 5.3, 27.6],
			"to": [9.35, 6.4, 28.3],
			"rotation": {"angle": 0, "axis": "y", "origin": [16, 13.1, 35.3]},
			"faces": {
				"north": {"uv": [10.5, 1.25, 11, 1.5], "texture": "#0"},
				"east": {"uv": [7.75, 11, 8, 11.25], "texture": "#0"},
				"south": {"uv": [10.5, 1.5, 11, 1.75], "texture": "#0"},
				"west": {"uv": [8, 11, 8.25, 11.25], "texture": "#0"},
				"up": {"uv": [11, 2, 10.5, 1.75], "texture": "#0"},
				"down": {"uv": [11, 2, 10.5, 2.25], "texture": "#0"}
			}
		},
		{
			"from": [7.65, 5.8, 27],
			"to": [9.35, 6.5, 27.6],
			"rotation": {"angle": 0, "axis": "y", "origin": [16, 13.1, 34.6]},
			"faces": {
				"north": {"uv": [10.5, 2.75, 11, 3], "texture": "#0"},
				"east": {"uv": [8.25, 11, 8.5, 11.25], "texture": "#0"},
				"south": {"uv": [10.5, 3, 11, 3.25], "texture": "#0"},
				"west": {"uv": [8.5, 11, 8.75, 11.25], "texture": "#0"},
				"up": {"uv": [11, 3.5, 10.5, 3.25], "texture": "#0"},
				"down": {"uv": [11, 3.5, 10.5, 3.75], "texture": "#0"}
			}
		},
		{
			"from": [7.65, -3.5, 26],
			"to": [9.35, -2.9, 31.5],
			"rotation": {"angle": 45, "axis": "x", "origin": [16, 3.1, 39]},
			"faces": {
				"north": {"uv": [10.5, 7, 11, 7.25], "texture": "#0"},
				"east": {"uv": [7, 9.5, 8.5, 9.75], "texture": "#0"},
				"south": {"uv": [10.5, 7.25, 11, 7.5], "texture": "#0"},
				"west": {"uv": [9.5, 4, 11, 4.25], "texture": "#0"},
				"up": {"uv": [2.5, 9.5, 2, 8], "texture": "#0"},
				"down": {"uv": [3, 8, 2.5, 9.5], "texture": "#0"}
			}
		},
		{
			"from": [8.25, 10, 23],
			"to": [8.75, 10.9, 29],
			"rotation": {"angle": 0, "axis": "y", "origin": [16, 15, 36]},
			"faces": {
				"north": {"uv": [8.75, 11, 9, 11.25], "texture": "#0"},
				"east": {"uv": [9.5, 4.25, 11, 4.5], "texture": "#0"},
				"south": {"uv": [9, 11, 9.25, 11.25], "texture": "#0"},
				"west": {"uv": [9.5, 4.5, 11, 4.75], "texture": "#0"},
				"up": {"uv": [3, 11, 2.75, 9.5], "texture": "#0"},
				"down": {"uv": [3.25, 9.5, 3, 11], "texture": "#0"}
			}
		},
		{
			"from": [2.17132, 13.67817, 23],
			"to": [3.37132, 14.67817, 29],
			"rotation": {"angle": 45, "axis": "z", "origin": [10.37132, 18.67817, 37]},
			"faces": {
				"north": {"uv": [9.25, 11, 9.5, 11.25], "texture": "#0"},
				"east": {"uv": [3.25, 9.75, 4.75, 10], "texture": "#0"},
				"south": {"uv": [9.5, 11, 9.75, 11.25], "texture": "#0"},
				"west": {"uv": [7, 9.75, 8.5, 10], "texture": "#0"},
				"up": {"uv": [5.25, 11, 5, 9.5], "texture": "#0"},
				"down": {"uv": [5.5, 9.5, 5.25, 11], "texture": "#0"}
			}
		},
		{
			"from": [13.62868, 13.67817, 23],
			"to": [14.82868, 14.67817, 29],
			"rotation": {"angle": -45, "axis": "z", "origin": [6.62868, 18.67817, 37]},
			"faces": {
				"north": {"uv": [9.75, 11, 10, 11.25], "texture": "#0"},
				"east": {"uv": [8.5, 9.75, 10, 10], "texture": "#0"},
				"south": {"uv": [10, 11, 10.25, 11.25], "texture": "#0"},
				"west": {"uv": [9.75, 0, 11.25, 0.25], "texture": "#0"},
				"up": {"uv": [5.75, 11, 5.5, 9.5], "texture": "#0"},
				"down": {"uv": [0.25, 9.75, 0, 11.25], "texture": "#0"}
			}
		},
		{
			"from": [7.75, 8, 17],
			"to": [9.25, 10, 23],
			"rotation": {"angle": 0, "axis": "y", "origin": [15.5, 14, 30]},
			"faces": {
				"north": {"uv": [9.5, 10, 10, 10.5], "texture": "#0"},
				"east": {"uv": [1, 3.5, 2.5, 4], "texture": "#0"},
				"south": {"uv": [10, 10, 10.5, 10.5], "texture": "#0"},
				"west": {"uv": [7.5, 7, 9, 7.5], "texture": "#0"},
				"up": {"uv": [3.5, 9.5, 3, 8], "texture": "#0"},
				"down": {"uv": [8.5, 2.5, 8, 4], "texture": "#0"}
			}
		},
		{
			"from": [8, 12.07817, 18.12132],
			"to": [9, 13.07817, 21.12132],
			"rotation": {"angle": -22.5, "axis": "x", "origin": [15.5, 17.07817, 28.12132]},
			"faces": {
				"north": {"uv": [10.25, 11, 10.5, 11.25], "texture": "#0"},
				"east": {"uv": [10, 9.75, 10.75, 10], "texture": "#0"},
				"south": {"uv": [10.5, 11, 10.75, 11.25], "texture": "#0"},
				"west": {"uv": [10.25, 6.25, 11, 6.5], "texture": "#0"},
				"up": {"uv": [8, 3.25, 7.75, 2.5], "texture": "#0"},
				"down": {"uv": [5, 9.75, 4.75, 10.5], "texture": "#0"}
			}
		},
		{
			"from": [7.5, 7.75, 17],
			"to": [9.5, 10.25, 18.5],
			"rotation": {"angle": 0, "axis": "y", "origin": [15.5, 14, 30]},
			"faces": {
				"north": {"uv": [1, 9.75, 1.5, 10.5], "texture": "#0"},
				"east": {"uv": [1.5, 9.75, 2, 10.5], "texture": "#0"},
				"south": {"uv": [9.75, 4.75, 10.25, 5.5], "texture": "#0"},
				"west": {"uv": [9.75, 5.5, 10.25, 6.25], "texture": "#0"},
				"up": {"uv": [10.5, 1.25, 10, 0.75], "texture": "#0"},
				"down": {"uv": [10.5, 1.25, 10, 1.75], "texture": "#0"}
			}
		},
		{
			"from": [7.75, 7.5, 21],
			"to": [9.25, 8, 23],
			"rotation": {"angle": 0, "axis": "y", "origin": [15.5, 12, 30]},
			"faces": {
				"north": {"uv": [10.5, 7.5, 11, 7.75], "texture": "#0"},
				"east": {"uv": [10.5, 7.75, 11, 8], "texture": "#0"},
				"south": {"uv": [10.5, 8, 11, 8.25], "texture": "#0"},
				"west": {"uv": [10.5, 8.25, 11, 8.5], "texture": "#0"},
				"up": {"uv": [10.5, 2.25, 10, 1.75], "texture": "#0"},
				"down": {"uv": [10.5, 3.25, 10, 3.75], "texture": "#0"}
			}
		},
		{
			"from": [7.75, 0.17157, 20.59239],
			"to": [9.25, 0.67157, 21.69239],
			"rotation": {"angle": 45, "axis": "x", "origin": [15.5, 4.67157, 30.19239]},
			"faces": {
				"north": {"uv": [10.5, 8.75, 11, 9], "texture": "#0"},
				"east": {"uv": [10.75, 11, 11, 11.25], "texture": "#0"},
				"south": {"uv": [10.5, 10, 11, 10.25], "texture": "#0"},
				"west": {"uv": [11, 11, 11.25, 11.25], "texture": "#0"},
				"up": {"uv": [11, 10.5, 10.5, 10.25], "texture": "#0"},
				"down": {"uv": [0.75, 10.75, 0.25, 11], "texture": "#0"}
			}
		},
		{
			"from": [7.25, 7, 6],
			"to": [9.75, 10.5, 17],
			"rotation": {"angle": 0, "axis": "y", "origin": [15.5, 14, 24]},
			"faces": {
				"north": {"uv": [8, 4, 8.75, 5], "texture": "#0"},
				"east": {"uv": [1, 4, 3.75, 5], "texture": "#0"},
				"south": {"uv": [8.25, 0, 9, 1], "texture": "#0"},
				"west": {"uv": [3.75, 4, 6.5, 5], "texture": "#0"},
				"up": {"uv": [4.25, 7.75, 3.5, 5], "texture": "#0"},
				"down": {"uv": [5, 5, 4.25, 7.75], "texture": "#0"}
			}
		},
		{
			"from": [7.25, 4.5, 6],
			"to": [9.75, 7, 10],
			"rotation": {"angle": 0, "axis": "y", "origin": [15.5, 10.5, 24]},
			"faces": {
				"north": {"uv": [5, 8.75, 5.75, 9.5], "texture": "#0"},
				"east": {"uv": [8.25, 1, 9.25, 1.75], "texture": "#0"},
				"south": {"uv": [7.5, 8.75, 8.25, 9.5], "texture": "#0"},
				"west": {"uv": [8.25, 1.75, 9.25, 2.5], "texture": "#0"},
				"up": {"uv": [9, 6, 8.25, 5], "texture": "#0"},
				"down": {"uv": [9, 6, 8.25, 7], "texture": "#0"}
			}
		},
		{
			"from": [7.5, -2.5, 6.25],
			"to": [9.5, 7, 9.75],
			"rotation": {"angle": 0, "axis": "y", "origin": [15.5, 10.5, 24]},
			"faces": {
				"north": {"uv": [7, 7, 7.5, 9.5], "texture": "#0"},
				"east": {"uv": [4, 0, 5, 2.5], "texture": "#0"},
				"south": {"uv": [7.25, 1, 7.75, 3.5], "texture": "#0"},
				"west": {"uv": [1, 5, 2, 7.5], "texture": "#0"},
				"up": {"uv": [7, 6.5, 6.5, 5.5], "texture": "#0"},
				"down": {"uv": [1, 9.25, 0.5, 10.25], "texture": "#0"}
			}
		},
		{
			"from": [7.25, 6.75, 10],
			"to": [9.75, 7, 13],
			"rotation": {"angle": 0, "axis": "y", "origin": [15.5, 10.5, 28]},
			"faces": {
				"north": {"uv": [10.25, 6.5, 11, 6.75], "texture": "#0"},
				"east": {"uv": [10.25, 6.75, 11, 7], "texture": "#0"},
				"south": {"uv": [10.25, 8.5, 11, 8.75], "texture": "#0"},
				"west": {"uv": [10.25, 9, 11, 9.25], "texture": "#0"},
				"up": {"uv": [9, 9.5, 8.25, 8.75], "texture": "#0"},
				"down": {"uv": [9.5, 4, 8.75, 4.75], "texture": "#0"}
			}
		},
		{
			"from": [7.25, 4.55, 10],
			"to": [9.75, 4.8, 13],
			"rotation": {"angle": 0, "axis": "y", "origin": [15.5, 8.3, 28]},
			"faces": {
				"north": {"uv": [10.25, 9.25, 11, 9.5], "texture": "#0"},
				"east": {"uv": [10.25, 9.5, 11, 9.75], "texture": "#0"},
				"south": {"uv": [0.75, 10.5, 1.5, 10.75], "texture": "#0"},
				"west": {"uv": [3.25, 10.5, 4, 10.75], "texture": "#0"},
				"up": {"uv": [4.25, 9.75, 3.5, 9], "texture": "#0"},
				"down": {"uv": [5, 9, 4.25, 9.75], "texture": "#0"}
			}
		},
		{
			"from": [7.25, 4.55, 13],
			"to": [9.75, 7, 13.3],
			"rotation": {"angle": 0, "axis": "y", "origin": [15.5, 8.3, 28]},
			"faces": {
				"north": {"uv": [9.75, 0.25, 10.5, 0.75], "texture": "#0"},
				"east": {"uv": [0.25, 9.75, 0.5, 10.25], "texture": "#0"},
				"south": {"uv": [9.75, 2.75, 10.5, 3.25], "texture": "#0"},
				"west": {"uv": [4.75, 10.5, 5, 11], "texture": "#0"},
				"up": {"uv": [4.75, 10.75, 4, 10.5], "texture": "#0"},
				"down": {"uv": [8.25, 10.5, 7.5, 10.75], "texture": "#0"}
			}
		},
		{
			"from": [8.25, -0.45, 11.6],
			"to": [8.75, 1, 11.9],
			"rotation": {"angle": 22.5, "axis": "x", "origin": [15.5, 3.3, 26.6]},
			"faces": {
				"north": {"uv": [11, 0.75, 11.25, 1], "texture": "#0"},
				"east": {"uv": [11, 1, 11.25, 1.25], "texture": "#0"},
				"south": {"uv": [11, 1.25, 11.25, 1.5], "texture": "#0"},
				"west": {"uv": [11, 1.5, 11.25, 1.75], "texture": "#0"},
				"up": {"uv": [11.25, 2, 11, 1.75], "texture": "#0"},
				"down": {"uv": [11.25, 2, 11, 2.25], "texture": "#0"}
			}
		},
		{
			"from": [7.25, 4.5, 13.3],
			"to": [9.75, 7, 15.5],
			"rotation": {"angle": 0, "axis": "y", "origin": [15.5, 10.5, 31]},
			"faces": {
				"north": {"uv": [9, 9, 9.75, 9.75], "texture": "#0"},
				"east": {"uv": [9.75, 6.25, 10.25, 7], "texture": "#0"},
				"south": {"uv": [9, 0, 9.75, 0.75], "texture": "#0"},
				"west": {"uv": [9.75, 9, 10.25, 9.75], "texture": "#0"},
				"up": {"uv": [4, 10.5, 3.25, 10], "texture": "#0"},
				"down": {"uv": [4.75, 10, 4, 10.5], "texture": "#0"}
			}
		},
		{
			"from": [7.25, -7.48528, 13.73503],
			"to": [9.75, -4.98528, 14.93503],
			"rotation": {"angle": 45, "axis": "x", "origin": [15.5, -1.48528, 30.43503]},
			"faces": {
				"north": {"uv": [9, 4.75, 9.75, 5.5], "texture": "#0"},
				"east": {"uv": [6.25, 10, 6.5, 10.75], "texture": "#0"},
				"south": {"uv": [9, 5.5, 9.75, 6.25], "texture": "#0"},
				"west": {"uv": [2.5, 10.25, 2.75, 11], "texture": "#0"},
				"up": {"uv": [9, 10.75, 8.25, 10.5], "texture": "#0"},
				"down": {"uv": [9.75, 10.5, 9, 10.75], "texture": "#0"}
			}
		},
		{
			"from": [7.25, 8.50708, 10.61328],
			"to": [9.75, 11.00708, 12.81328],
			"rotation": {"angle": -22.5, "axis": "x", "origin": [15.5, 14.50708, 28.31328]},
			"faces": {
				"north": {"uv": [9, 6.25, 9.75, 7], "texture": "#0"},
				"east": {"uv": [5.75, 10, 6.25, 10.75], "texture": "#0"},
				"south": {"uv": [5.75, 9.25, 6.5, 10], "texture": "#0"},
				"west": {"uv": [7, 10, 7.5, 10.75], "texture": "#0"},
				"up": {"uv": [8.25, 10.5, 7.5, 10], "texture": "#0"},
				"down": {"uv": [9, 10, 8.25, 10.5], "texture": "#0"}
			}
		},
		{
			"from": [7.25, 5.50708, 10.61328],
			"to": [9.75, 8.50708, 13.31328],
			"rotation": {"angle": -22.5, "axis": "x", "origin": [15.5, 14.50708, 28.31328]},
			"faces": {
				"north": {"uv": [9.25, 0.75, 10, 1.5], "texture": "#0"},
				"east": {"uv": [9.25, 1.5, 10, 2.25], "texture": "#0"},
				"south": {"uv": [9.25, 3.25, 10, 4], "texture": "#0"},
				"west": {"uv": [9.25, 7, 10, 7.75], "texture": "#0"},
				"up": {"uv": [10, 8.5, 9.25, 7.75], "texture": "#0"},
				"down": {"uv": [2.75, 9.5, 2, 10.25], "texture": "#0"}
			}
		},
		{
			"from": [7.25, 4.82589, 22.17652],
			"to": [9.75, 5.52589, 23.17652],
			"rotation": {"angle": 22.5, "axis": "x", "origin": [15.5, 20.52589, 14.17652]},
			"faces": {
				"north": {"uv": [9.75, 10.5, 10.5, 10.75], "texture": "#0"},
				"east": {"uv": [11, 2.75, 11.25, 3], "texture": "#0"},
				"south": {"uv": [10.5, 10.5, 11.25, 10.75], "texture": "#0"},
				"west": {"uv": [11, 3, 11.25, 3.25], "texture": "#0"},
				"up": {"uv": [11.25, 0.5, 10.5, 0.25], "texture": "#0"},
				"down": {"uv": [11.25, 0.5, 10.5, 0.75], "texture": "#0"}
			}
		},
		{
			"from": [7.75, 10.5, 6],
			"to": [9.25, 10.75, 17],
			"rotation": {"angle": 0, "axis": "y", "origin": [15.5, 14, 24]},
			"faces": {
				"north": {"uv": [0.75, 10.75, 1.25, 11], "texture": "#0"},
				"east": {"uv": [7.5, 8.5, 10.25, 8.75], "texture": "#0"},
				"south": {"uv": [1.25, 10.75, 1.75, 11], "texture": "#0"},
				"west": {"uv": [8.5, 2.5, 11.25, 2.75], "texture": "#0"},
				"up": {"uv": [1, 9.25, 0.5, 6.5], "texture": "#0"},
				"down": {"uv": [7, 6.5, 6.5, 9.25], "texture": "#0"}
			}
		},
		{
			"from": [7.5, 10.5, 14.25],
			"to": [9.5, 11.25, 15.75],
			"rotation": {"angle": 0, "axis": "y", "origin": [15.5, 14, 24]},
			"faces": {
				"north": {"uv": [1.75, 10.75, 2.25, 11], "texture": "#0"},
				"east": {"uv": [3.25, 10.75, 3.75, 11], "texture": "#0"},
				"south": {"uv": [3.75, 10.75, 4.25, 11], "texture": "#0"},
				"west": {"uv": [4.25, 10.75, 4.75, 11], "texture": "#0"},
				"up": {"uv": [10.5, 7.5, 10, 7], "texture": "#0"},
				"down": {"uv": [10.5, 7.5, 10, 8], "texture": "#0"}
			}
		},
		{
			"from": [7.7, 11.25, 14.45],
			"to": [7.9, 12, 15.55],
			"rotation": {"angle": 0, "axis": "y", "origin": [15.5, 14, 24]},
			"faces": {
				"north": {"uv": [11, 3.25, 11.25, 3.5], "texture": "#0"},
				"east": {"uv": [11, 3.5, 11.25, 3.75], "texture": "#0"},
				"south": {"uv": [11, 3.75, 11.25, 4], "texture": "#0"},
				"west": {"uv": [11, 4, 11.25, 4.25], "texture": "#0"},
				"up": {"uv": [11.25, 4.5, 11, 4.25], "texture": "#0"},
				"down": {"uv": [11.25, 4.5, 11, 4.75], "texture": "#0"}
			}
		},
		{
			"from": [9.1, 11.25, 14.45],
			"to": [9.3, 12, 15.55],
			"rotation": {"angle": 0, "axis": "y", "origin": [16.8, 14, 24]},
			"faces": {
				"north": {"uv": [11, 4.75, 11.25, 5], "texture": "#0"},
				"east": {"uv": [11, 5, 11.25, 5.25], "texture": "#0"},
				"south": {"uv": [11, 5.25, 11.25, 5.5], "texture": "#0"},
				"west": {"uv": [11, 5.5, 11.25, 5.75], "texture": "#0"},
				"up": {"uv": [11.25, 6, 11, 5.75], "texture": "#0"},
				"down": {"uv": [11.25, 6, 11, 6.25], "texture": "#0"}
			}
		},
		{
			"from": [8.3, 11.25, 14.55],
			"to": [8.7, 11.6, 15.45],
			"rotation": {"angle": 0, "axis": "y", "origin": [16.1, 14, 24]},
			"faces": {
				"north": {"uv": [11, 6.25, 11.25, 6.5], "texture": "#0"},
				"east": {"uv": [11, 6.5, 11.25, 6.75], "texture": "#0"},
				"south": {"uv": [11, 6.75, 11.25, 7], "texture": "#0"},
				"west": {"uv": [11, 7, 11.25, 7.25], "texture": "#0"},
				"up": {"uv": [11.25, 7.5, 11, 7.25], "texture": "#0"},
				"down": {"uv": [11.25, 7.5, 11, 7.75], "texture": "#0"}
			}
		},
		{
			"from": [6.75, 7, -6],
			"to": [10.25, 10.5, 6],
			"rotation": {"angle": 0, "axis": "y", "origin": [15.5, 14, 24]},
			"faces": {
				"north": {"uv": [1, 7.5, 2, 8.5], "texture": "#0"},
				"east": {"uv": [0, 2.5, 3, 3.5], "texture": "#0"},
				"south": {"uv": [7.5, 7.5, 8.5, 8.5], "texture": "#0"},
				"west": {"uv": [3, 3, 6, 4], "texture": "#0"},
				"up": {"uv": [4, 3, 3, 0], "texture": "#0"},
				"down": {"uv": [1, 3.5, 0, 6.5], "texture": "#0"}
			}
		},
		{
			"from": [7.75, 8, -16],
			"to": [9.25, 9.5, -3],
			"rotation": {"angle": 0, "axis": "y", "origin": [16, 14, 24]},
			"faces": {
				"north": {"uv": [10, 8, 10.5, 8.5], "texture": "#0"},
				"east": {"uv": [4, 2.5, 7.25, 3], "texture": "#0"},
				"south": {"uv": [0.25, 10.25, 0.75, 10.75], "texture": "#0"},
				"west": {"uv": [5, 5, 8.25, 5.5], "texture": "#0"},
				"up": {"uv": [5.5, 8.75, 5, 5.5], "texture": "#0"},
				"down": {"uv": [6, 5.5, 5.5, 8.75], "texture": "#0"}
			}
		},
		{
			"from": [7.75, 8, -16],
			"to": [9.25, 9.5, -3],
			"rotation": {"angle": 0, "axis": "y", "origin": [16, 14, 24]},
			"faces": {
				"north": {"uv": [2, 10.25, 2.5, 10.75], "texture": "#0"},
				"east": {"uv": [5, 0, 8.25, 0.5], "texture": "#0"},
				"south": {"uv": [10.25, 4.75, 10.75, 5.25], "texture": "#0"},
				"west": {"uv": [5, 0.5, 8.25, 1], "texture": "#0"},
				"up": {"uv": [6.5, 9.25, 6, 6], "texture": "#0"},
				"down": {"uv": [0.5, 6.5, 0, 9.75], "texture": "#0"}
			}
		},
		{
			"from": [7.5, 7.75, -16],
			"to": [9.5, 9.75, -11],
			"rotation": {"angle": 0, "axis": "y", "origin": [16, 14, 24]},
			"faces": {
				"north": {"uv": [2.5, 3.5, 3, 4], "texture": "#0"},
				"east": {"uv": [6, 3, 7.25, 3.5], "texture": "#0"},
				"south": {"uv": [6, 3.5, 6.5, 4], "texture": "#0"},
				"west": {"uv": [8.5, 2.75, 9.75, 3.25], "texture": "#0"},
				"up": {"uv": [1.5, 9.75, 1, 8.5], "texture": "#0"},
				"down": {"uv": [2, 8.5, 1.5, 9.75], "texture": "#0"}
			}
		},
		{
			"from": [7.25, 6.5, -6],
			"to": [9.75, 11, 6],
			"rotation": {"angle": 0, "axis": "y", "origin": [15.5, 14, 24]},
			"faces": {
				"north": {"uv": [3.5, 7.75, 4.25, 9], "texture": "#0"},
				"east": {"uv": [0, 0, 3, 1.25], "texture": "#0"},
				"south": {"uv": [4.25, 7.75, 5, 9], "texture": "#0"},
				"west": {"uv": [0, 1.25, 3, 2.5], "texture": "#0"},
				"up": {"uv": [2.75, 8, 2, 5], "texture": "#0"},
				"down": {"uv": [3.5, 5, 2.75, 8], "texture": "#0"}
			}
		},
		{
			"from": [7.5, 10.5, -4.75],
			"to": [9.5, 11.25, -3.25],
			"rotation": {"angle": 0, "axis": "y", "origin": [15.5, 14, 5]},
			"faces": {
				"north": {"uv": [5.75, 10.75, 6.25, 11], "texture": "#0"},
				"east": {"uv": [6.25, 10.75, 6.75, 11], "texture": "#0"},
				"south": {"uv": [6.75, 10.75, 7.25, 11], "texture": "#0"},
				"west": {"uv": [7.25, 10.75, 7.75, 11], "texture": "#0"},
				"up": {"uv": [10.75, 5.75, 10.25, 5.25], "texture": "#0"},
				"down": {"uv": [10.75, 5.75, 10.25, 6.25], "texture": "#0"}
			}
		},
		{
			"from": [7.5, 11.25, -4.75],
			"to": [9.5, 11.75, -3.75],
			"rotation": {"angle": 0, "axis": "y", "origin": [15.5, 14, 5]},
			"faces": {
				"north": {"uv": [7.75, 10.75, 8.25, 11], "texture": "#0"},
				"east": {"uv": [11, 7.75, 11.25, 8], "texture": "#0"},
				"south": {"uv": [8.25, 10.75, 8.75, 11], "texture": "#0"},
				"west": {"uv": [11, 8, 11.25, 8.25], "texture": "#0"},
				"up": {"uv": [9.25, 11, 8.75, 10.75], "texture": "#0"},
				"down": {"uv": [9.75, 10.75, 9.25, 11], "texture": "#0"}
			}
		},
		{
			"from": [7.5, 10.27817, 3.09619],
			"to": [9.5, 10.77817, 3.79619],
			"rotation": {"angle": 45, "axis": "x", "origin": [15.5, 19.52817, 0.84619]},
			"faces": {
				"north": {"uv": [9.75, 10.75, 10.25, 11], "texture": "#0"},
				"east": {"uv": [11, 8.25, 11.25, 8.5], "texture": "#0"},
				"south": {"uv": [10.25, 10.75, 10.75, 11], "texture": "#0"},
				"west": {"uv": [11, 8.5, 11.25, 8.75], "texture": "#0"},
				"up": {"uv": [11.25, 11, 10.75, 10.75], "texture": "#0"},
				"down": {"uv": [11.25, 2.25, 10.75, 2.5], "texture": "#0"}
			}
		},
		{
			"from": [8, 11.25, -4.75],
			"to": [9, 12.75, -3.75],
			"rotation": {"angle": 0, "axis": "y", "origin": [15.5, 14, 5]},
			"faces": {
				"north": {"uv": [2.25, 10.75, 2.5, 11.25], "texture": "#0"},
				"east": {"uv": [10.75, 4.75, 11, 5.25], "texture": "#0"},
				"south": {"uv": [10.75, 5.25, 11, 5.75], "texture": "#0"},
				"west": {"uv": [10.75, 5.75, 11, 6.25], "texture": "#0"},
				"up": {"uv": [11.25, 9, 11, 8.75], "texture": "#0"},
				"down": {"uv": [11.25, 9, 11, 9.25], "texture": "#0"}
			}
		},
		{
			"from": [8.5, 12.25, -4.55],
			"to": [8.6, 13.15, -3.95],
			"rotation": {"angle": 0, "axis": "y", "origin": [15.5, 14, 5]},
			"faces": {
				"north": {"uv": [11, 9.25, 11.25, 9.5], "texture": "#0"},
				"east": {"uv": [11, 9.5, 11.25, 9.75], "texture": "#0"},
				"south": {"uv": [11, 9.75, 11.25, 10], "texture": "#0"},
				"west": {"uv": [11, 10, 11.25, 10.25], "texture": "#0"},
				"up": {"uv": [11.25, 10.5, 11, 10.25], "texture": "#0"},
				"down": {"uv": [0.25, 11.25, 0, 11.5], "texture": "#0"}
			}
		},
		{
			"from": [8.9, 12.25, -4.75],
			"to": [9, 13.5, -3.75],
			"rotation": {"angle": 0, "axis": "y", "origin": [15.5, 15, 5]},
			"faces": {
				"north": {"uv": [0.25, 11.25, 0.5, 11.5], "texture": "#0"},
				"east": {"uv": [0.5, 11.25, 0.75, 11.5], "texture": "#0"},
				"south": {"uv": [0.75, 11.25, 1, 11.5], "texture": "#0"},
				"west": {"uv": [1, 11.25, 1.25, 11.5], "texture": "#0"},
				"up": {"uv": [1.5, 11.5, 1.25, 11.25], "texture": "#0"},
				"down": {"uv": [1.75, 11.25, 1.5, 11.5], "texture": "#0"}
			}
		},
		{
			"from": [8, 12.25, -4.75],
			"to": [8.1, 13.5, -3.75],
			"rotation": {"angle": 0, "axis": "y", "origin": [14.7, 15, 5]},
			"faces": {
				"north": {"uv": [1.75, 11.25, 2, 11.5], "texture": "#0"},
				"east": {"uv": [2, 11.25, 2.25, 11.5], "texture": "#0"},
				"south": {"uv": [2.25, 11.25, 2.5, 11.5], "texture": "#0"},
				"west": {"uv": [2.5, 11.25, 2.75, 11.5], "texture": "#0"},
				"up": {"uv": [3, 11.5, 2.75, 11.25], "texture": "#0"},
				"down": {"uv": [3.25, 11.25, 3, 11.5], "texture": "#0"}
			}
		}
	],
	"display": {
		"thirdperson_righthand": {
			"rotation": [0, 10.75, -23],
			"translation": [0, 3.5, 0.5],
			"scale": [0.5, 0.5, 0.5]
		},
		"thirdperson_lefthand": {
			"translation": [0, 1, -1.75],
			"scale": [0, 0, 0]
		},
		"firstperson_righthand": {
			"rotation": [0, 0, -13],
			"translation": [-2.25, 15, 0],
			"scale": [0.5, 0.5, 0.5]
		},
		"firstperson_lefthand": {
			"rotation": [0, -90, 0],
			"translation": [-10.25, 8.25, 0.5],
			"scale": [0.5, 0.5, 0.5]
		},
		"ground": {
			"scale": [0.5, 0.5, 0.5]
		},
		"gui": {
			"rotation": [25.5, 52.25, -10.5],
			"translation": [0, 0.75, 0],
			"scale": [0.5, 0.5, 0.5]
		},
		"head": {
			"translation": [-3.5, 0, 0],
			"scale": [4, 2, 2]
		},
		"fixed": {
			"rotation": [0, -90.5, 0],
			"scale": [0.5, 0.5, 0.5]
		}
	},
	"groups": [
		{
			"name": "group",
			"origin": [8, 8, 8],
			"children": [
				{
					"name": "p",
					"origin": [8, 8, 8],
					"children": [
						{
							"name": "group",
							"origin": [8, 8, 8],
							"children": [0, 1, 2, 3, 4, 5, 6]
						},
						{
							"name": "group",
							"origin": [8, 8, 8],
							"children": [7, 8, 9, 10, 11, 12, 13, 14, 15]
						},
						{
							"name": "group",
							"origin": [8, 8, 8],
							"children": [16, 17, 18, 19, 20]
						}
					]
				},
				{
					"name": "m",
					"origin": [15.5, 14, 12],
					"children": [
						{
							"name": "group",
							"origin": [15.5, 14, 12],
							"children": [21, 22, 23, 24, 25, 26, 27]
						},
						{
							"name": "group",
							"origin": [15.5, 14, 12],
							"children": [28, 29, 30, 31, 32]
						},
						{
							"name": "group",
							"origin": [15.5, 14, 12],
							"children": [33, 34, 35, 36, 37]
						}
					]
				},
				{
					"name": "e",
					"origin": [8, 8, 8],
					"children": [38, 39, 40, 41, 42,
						{
							"name": "group",
							"origin": [8, 8, 8],
							"children": [43, 44, 45, 46, 47, 48, 49]
						}
					]
				}
			]
		}
	]
}