{
	"credit": "Made with Blockbench",
	"textures": {
		"1": "nw:stand/base/anubis_sword"
	},
	"elements": [
		{
			"name": "anubis_cyber_0",
			"from": [14.4, 0, 0],
			"to": [16, 0.8, 3.2],
			"rotation": {"angle": 45, "axis": "y", "origin": [8.2, 0.4, 8.4]},
			"faces": {
				"north": {"uv": [16, 0, 14.4, 0.8], "texture": "#1"},
				"east": {"uv": [15.2, 0, 16, 3.2], "rotation": 90, "texture": "#1"},
				"south": {"uv": [14.4, 2.4, 16, 3.2], "texture": "#1"},
				"west": {"uv": [14.4, 0, 15.2, 3.2], "rotation": 270, "texture": "#1"},
				"up": {"uv": [14.4, 0, 16, 3.2], "texture": "#1"},
				"down": {"uv": [14.4, 3.2, 16, 0], "texture": "#1"}
			}
		},
		{
			"name": "anubis_cyber_1",
			"from": [13.6, 0, 1.6],
			"to": [14.4, 0.8, 4.8],
			"rotation": {"angle": 45, "axis": "y", "origin": [8.2, 0.4, 8.4]},
			"faces": {
				"north": {"uv": [14.4, 1.6, 13.6, 2.4], "texture": "#1"},
				"east": {"uv": [13.6, 1.6, 14.4, 4.8], "rotation": 90, "texture": "#1"},
				"south": {"uv": [13.6, 4, 14.4, 4.8], "texture": "#1"},
				"west": {"uv": [13.6, 1.6, 14.4, 4.8], "rotation": 270, "texture": "#1"},
				"up": {"uv": [13.6, 1.6, 14.4, 4.8], "texture": "#1"},
				"down": {"uv": [13.6, 4.8, 14.4, 1.6], "texture": "#1"}
			}
		},
		{
			"name": "anubis_cyber_2",
			"from": [12.8, 0, 2.4],
			"to": [13.6, 0.8, 5.6],
			"rotation": {"angle": 45, "axis": "y", "origin": [8.2, 0.4, 8.4]},
			"faces": {
				"north": {"uv": [13.6, 2.4, 12.8, 3.2], "texture": "#1"},
				"east": {"uv": [12.8, 2.4, 13.6, 5.6], "rotation": 90, "texture": "#1"},
				"south": {"uv": [12.8, 4.8, 13.6, 5.6], "texture": "#1"},
				"west": {"uv": [12.8, 2.4, 13.6, 5.6], "rotation": 270, "texture": "#1"},
				"up": {"uv": [12.8, 2.4, 13.6, 5.6], "texture": "#1"},
				"down": {"uv": [12.8, 5.6, 13.6, 2.4], "texture": "#1"}
			}
		},
		{
			"name": "anubis_cyber_3",
			"from": [12, 0, 3.2],
			"to": [12.8, 0.8, 6.4],
			"rotation": {"angle": 45, "axis": "y", "origin": [8.2, 0.4, 8.4]},
			"faces": {
				"north": {"uv": [12.8, 3.2, 12, 4], "texture": "#1"},
				"east": {"uv": [12, 3.2, 12.8, 6.4], "rotation": 90, "texture": "#1"},
				"south": {"uv": [12, 5.6, 12.8, 6.4], "texture": "#1"},
				"west": {"uv": [12, 3.2, 12.8, 6.4], "rotation": 270, "texture": "#1"},
				"up": {"uv": [12, 3.2, 12.8, 6.4], "texture": "#1"},
				"down": {"uv": [12, 6.4, 12.8, 3.2], "texture": "#1"}
			}
		},
		{
			"name": "anubis_cyber_4",
			"from": [14.4, 0, 3.2],
			"to": [15.2, 0.8, 4],
			"rotation": {"angle": 45, "axis": "y", "origin": [8.2, 0.4, 8.4]},
			"faces": {
				"north": {"uv": [15.2, 3.2, 14.4, 4], "texture": "#1"},
				"east": {"uv": [14.4, 3.2, 15.2, 4], "rotation": 90, "texture": "#1"},
				"south": {"uv": [14.4, 3.2, 15.2, 4], "texture": "#1"},
				"west": {"uv": [14.4, 3.2, 15.2, 4], "rotation": 270, "texture": "#1"},
				"up": {"uv": [14.4, 3.2, 15.2, 4], "texture": "#1"},
				"down": {"uv": [14.4, 4, 15.2, 3.2], "texture": "#1"}
			}
		},
		{
			"name": "anubis_cyber_5",
			"from": [11.2, 0, 4],
			"to": [12, 0.8, 7.2],
			"rotation": {"angle": 45, "axis": "y", "origin": [8.2, 0.4, 8.4]},
			"faces": {
				"north": {"uv": [12, 4, 11.2, 4.8], "texture": "#1"},
				"east": {"uv": [11.2, 4, 12, 7.2], "rotation": 90, "texture": "#1"},
				"south": {"uv": [11.2, 6.4, 12, 7.2], "texture": "#1"},
				"west": {"uv": [11.2, 4, 12, 7.2], "rotation": 270, "texture": "#1"},
				"up": {"uv": [11.2, 4, 12, 7.2], "texture": "#1"},
				"down": {"uv": [11.2, 7.2, 12, 4], "texture": "#1"}
			}
		}
	],
	"display": {
		"thirdperson_righthand": {
			"rotation": [100.5, 0, -90.79],
			"translation": [5, -3.75, 2.25],
			"scale": [0.8, 0.8, 0.8]
		},
		"thirdperson_lefthand": {
			"rotation": [100.5, 0, 90],
			"translation": [-7, -3.25, 2.25],
			"scale": [0.8, 0.8, 0.8]
		},
		"firstperson_righthand": {
			"rotation": [57.49, -8.36, -100.18],
			"translation": [5.75, 0, 4],
			"scale": [0.7, 0.7, 0.7]
		},
		"firstperson_lefthand": {
			"rotation": [57.49, -8.36, 100],
			"translation": [-4.75, -0.5, 2.5],
			"scale": [0.7, 0.7, 0.7]
		},
		"ground": {
			"translation": [0, 7.25, 0],
			"scale": [0.8, 0.8, 0.8]
		},
		"gui": {
			"rotation": [90, -45, 0],
			"translation": [-3.75, -4.25, 7.5]
		},
		"fixed": {
			"rotation": [90, 45, 0],
			"translation": [3.75, -4.25, 7.5]
		}
	},
	"groups": [
		{
			"name": "anubis_cyber",
			"origin": [8, 8, 8],
			"color": 0,
			"children": [0, 1, 2, 3, 4, 5]
		}
	]
}