{
	"credit": "Made with Blockbench",
	"textures": {
		"1": "nw:stand/base/anubis_sword"
	},
	"elements": [
		{
			"name": "anubis_cyber_5",
			"from": [11.2, 0, 6],
			"to": [12, 0.8, 7.2],
			"rotation": {"angle": 45, "axis": "y", "origin": [8.2, 0.4, 8.4]},
			"faces": {
				"north": {"uv": [12, 4, 11.2, 4.8], "texture": "#1"},
				"east": {"uv": [11.2, 4, 12, 7.2], "rotation": 90, "texture": "#1"},
				"south": {"uv": [11.2, 6.4, 12, 7.2], "texture": "#1"},
				"west": {"uv": [11.2, 4, 12, 7.2], "rotation": 270, "texture": "#1"},
				"up": {"uv": [11.2, 5.6, 12, 7.2], "texture": "#1"},
				"down": {"uv": [11.2, 7.2, 12, 4], "texture": "#1"}
			}
		},
		{
			"name": "anubis_cyber_6",
			"from": [10.4, 0, 4.8],
			"to": [11.2, 0.8, 8],
			"rotation": {"angle": 45, "axis": "y", "origin": [8.2, 0.4, 8.4]},
			"faces": {
				"north": {"uv": [11.2, 4.8, 10.4, 5.6], "texture": "#1"},
				"east": {"uv": [10.4, 4.8, 11.2, 8], "rotation": 90, "texture": "#1"},
				"south": {"uv": [10.4, 7.2, 11.2, 8], "texture": "#1"},
				"west": {"uv": [10.4, 4.8, 11.2, 8], "rotation": 270, "texture": "#1"},
				"up": {"uv": [10.4, 4.8, 11.2, 8], "texture": "#1"},
				"down": {"uv": [10.4, 8, 11.2, 4.8], "texture": "#1"}
			}
		},
		{
			"name": "anubis_cyber_7",
			"from": [9.6, 0, 5.6],
			"to": [10.4, 0.8, 8.8],
			"rotation": {"angle": 45, "axis": "y", "origin": [8.2, 0.4, 8.4]},
			"faces": {
				"north": {"uv": [10.4, 5.6, 9.6, 6.4], "texture": "#1"},
				"east": {"uv": [9.6, 5.6, 10.4, 8.8], "rotation": 90, "texture": "#1"},
				"south": {"uv": [9.6, 8, 10.4, 8.8], "texture": "#1"},
				"west": {"uv": [9.6, 5.6, 10.4, 8.8], "rotation": 270, "texture": "#1"},
				"up": {"uv": [9.6, 5.6, 10.4, 8.8], "texture": "#1"},
				"down": {"uv": [9.6, 8.8, 10.4, 5.6], "texture": "#1"}
			}
		},
		{
			"name": "anubis_cyber_8",
			"from": [8.8, 0, 6.4],
			"to": [9.6, 0.8, 9.6],
			"rotation": {"angle": 45, "axis": "y", "origin": [8.2, 0.4, 8.4]},
			"faces": {
				"north": {"uv": [9.6, 6.4, 8.8, 7.2], "texture": "#1"},
				"east": {"uv": [8.8, 6.4, 9.6, 9.6], "rotation": 90, "texture": "#1"},
				"south": {"uv": [8.8, 8.8, 9.6, 9.6], "texture": "#1"},
				"west": {"uv": [8.8, 6.4, 9.6, 9.6], "rotation": 270, "texture": "#1"},
				"up": {"uv": [8.8, 6.4, 9.6, 9.6], "texture": "#1"},
				"down": {"uv": [8.8, 9.6, 9.6, 6.4], "texture": "#1"}
			}
		},
		{
			"name": "anubis_cyber_9",
			"from": [4.8, 0, 7.2],
			"to": [5.6, 0.8, 12.8],
			"rotation": {"angle": 45, "axis": "y", "origin": [8.2, 0.4, 8.4]},
			"faces": {
				"north": {"uv": [5.6, 7.2, 4.8, 8], "texture": "#1"},
				"east": {"uv": [4.8, 7.2, 5.6, 12.8], "rotation": 90, "texture": "#1"},
				"south": {"uv": [4.8, 12, 5.6, 12.8], "texture": "#1"},
				"west": {"uv": [4.8, 7.2, 5.6, 12.8], "rotation": 270, "texture": "#1"},
				"up": {"uv": [4.8, 7.2, 5.6, 12.8], "texture": "#1"},
				"down": {"uv": [4.8, 12.8, 5.6, 7.2], "texture": "#1"}
			}
		},
		{
			"name": "anubis_cyber_10",
			"from": [8, 0, 7.2],
			"to": [8.8, 0.8, 14.4],
			"rotation": {"angle": 45, "axis": "y", "origin": [8.2, 0.4, 8.4]},
			"faces": {
				"north": {"uv": [8.8, 7.2, 8, 8], "texture": "#1"},
				"east": {"uv": [8, 7.2, 8.8, 14.4], "rotation": 90, "texture": "#1"},
				"south": {"uv": [8, 13.6, 8.8, 14.4], "texture": "#1"},
				"west": {"uv": [8, 7.2, 8.8, 14.4], "rotation": 270, "texture": "#1"},
				"up": {"uv": [8, 7.2, 8.8, 14.4], "texture": "#1"},
				"down": {"uv": [8, 14.4, 8.8, 7.2], "texture": "#1"}
			}
		},
		{
			"name": "anubis_cyber_11",
			"from": [2.4, 0, 8],
			"to": [4.8, 0.8, 8.8],
			"rotation": {"angle": 45, "axis": "y", "origin": [8.2, 0.4, 8.4]},
			"faces": {
				"north": {"uv": [4.8, 8, 2.4, 8.8], "texture": "#1"},
				"east": {"uv": [4, 8, 4.8, 8.8], "rotation": 90, "texture": "#1"},
				"south": {"uv": [2.4, 8, 4.8, 8.8], "texture": "#1"},
				"west": {"uv": [2.4, 8, 3.2, 8.8], "rotation": 270, "texture": "#1"},
				"up": {"uv": [2.4, 8, 4.8, 8.8], "texture": "#1"},
				"down": {"uv": [2.4, 8.8, 4.8, 8], "texture": "#1"}
			}
		},
		{
			"name": "anubis_cyber_12",
			"from": [5.6, 0, 8],
			"to": [6.4, 0.8, 12],
			"rotation": {"angle": 45, "axis": "y", "origin": [8.2, 0.4, 8.4]},
			"faces": {
				"north": {"uv": [6.4, 8, 5.6, 8.8], "texture": "#1"},
				"east": {"uv": [5.6, 8, 6.4, 12], "rotation": 90, "texture": "#1"},
				"south": {"uv": [5.6, 11.2, 6.4, 12], "texture": "#1"},
				"west": {"uv": [5.6, 8, 6.4, 12], "rotation": 270, "texture": "#1"},
				"up": {"uv": [5.6, 8, 6.4, 12], "texture": "#1"},
				"down": {"uv": [5.6, 12, 6.4, 8], "texture": "#1"}
			}
		},
		{
			"name": "anubis_cyber_13",
			"from": [7.2, 0, 8],
			"to": [8, 0.8, 12.8],
			"rotation": {"angle": 45, "axis": "y", "origin": [8.2, 0.4, 8.4]},
			"faces": {
				"north": {"uv": [8, 8, 7.2, 8.8], "texture": "#1"},
				"east": {"uv": [7.2, 8, 8, 12.8], "rotation": 90, "texture": "#1"},
				"south": {"uv": [7.2, 12, 8, 12.8], "texture": "#1"},
				"west": {"uv": [7.2, 8, 8, 12.8], "rotation": 270, "texture": "#1"},
				"up": {"uv": [7.2, 8, 8, 12.8], "texture": "#1"},
				"down": {"uv": [7.2, 12.8, 8, 8], "texture": "#1"}
			}
		},
		{
			"name": "anubis_cyber_14",
			"from": [4, 0, 8.8],
			"to": [4.8, 0.8, 9.6],
			"rotation": {"angle": 45, "axis": "y", "origin": [8.2, 0.4, 8.4]},
			"faces": {
				"north": {"uv": [4.8, 8.8, 4, 9.6], "texture": "#1"},
				"east": {"uv": [4, 8.8, 4.8, 9.6], "rotation": 90, "texture": "#1"},
				"south": {"uv": [4, 8.8, 4.8, 9.6], "texture": "#1"},
				"west": {"uv": [4, 8.8, 4.8, 9.6], "rotation": 270, "texture": "#1"},
				"up": {"uv": [4, 8.8, 4.8, 9.6], "texture": "#1"},
				"down": {"uv": [4, 9.6, 4.8, 8.8], "texture": "#1"}
			}
		},
		{
			"name": "anubis_cyber_15",
			"from": [6.4, 0, 8.8],
			"to": [7.2, 0.8, 12],
			"rotation": {"angle": 45, "axis": "y", "origin": [8.2, 0.4, 8.4]},
			"faces": {
				"north": {"uv": [7.2, 8.8, 6.4, 9.6], "texture": "#1"},
				"east": {"uv": [6.4, 8.8, 7.2, 12], "rotation": 90, "texture": "#1"},
				"south": {"uv": [6.4, 11.2, 7.2, 12], "texture": "#1"},
				"west": {"uv": [6.4, 8.8, 7.2, 12], "rotation": 270, "texture": "#1"},
				"up": {"uv": [6.4, 8.8, 7.2, 12], "texture": "#1"},
				"down": {"uv": [6.4, 12, 7.2, 8.8], "texture": "#1"}
			}
		},
		{
			"name": "anubis_cyber_16",
			"from": [4, 0, 11.2],
			"to": [4.8, 0.8, 13.6],
			"rotation": {"angle": 45, "axis": "y", "origin": [8.2, 0.4, 8.4]},
			"faces": {
				"north": {"uv": [4.8, 11.2, 4, 12], "texture": "#1"},
				"east": {"uv": [4, 11.2, 4.8, 13.6], "rotation": 90, "texture": "#1"},
				"south": {"uv": [4, 12.8, 4.8, 13.6], "texture": "#1"},
				"west": {"uv": [4, 11.2, 4.8, 13.6], "rotation": 270, "texture": "#1"},
				"up": {"uv": [4, 11.2, 4.8, 13.6], "texture": "#1"},
				"down": {"uv": [4, 13.6, 4.8, 11.2], "texture": "#1"}
			}
		},
		{
			"name": "anubis_cyber_17",
			"from": [8.8, 0, 11.2],
			"to": [9.6, 0.8, 12],
			"rotation": {"angle": 45, "axis": "y", "origin": [8.2, 0.4, 8.4]},
			"faces": {
				"north": {"uv": [9.6, 11.2, 8.8, 12], "texture": "#1"},
				"east": {"uv": [8.8, 11.2, 9.6, 12], "rotation": 90, "texture": "#1"},
				"south": {"uv": [8.8, 11.2, 9.6, 12], "texture": "#1"},
				"west": {"uv": [8.8, 11.2, 9.6, 12], "rotation": 270, "texture": "#1"},
				"up": {"uv": [8.8, 11.2, 9.6, 12], "texture": "#1"},
				"down": {"uv": [8.8, 12, 9.6, 11.2], "texture": "#1"}
			}
		},
		{
			"name": "anubis_cyber_18",
			"from": [3.2, 0, 12],
			"to": [4, 0.8, 14.4],
			"rotation": {"angle": 45, "axis": "y", "origin": [8.2, 0.4, 8.4]},
			"faces": {
				"north": {"uv": [4, 12, 3.2, 12.8], "texture": "#1"},
				"east": {"uv": [3.2, 12, 4, 14.4], "rotation": 90, "texture": "#1"},
				"south": {"uv": [3.2, 13.6, 4, 14.4], "texture": "#1"},
				"west": {"uv": [3.2, 12, 4, 14.4], "rotation": 270, "texture": "#1"},
				"up": {"uv": [3.2, 12, 4, 14.4], "texture": "#1"},
				"down": {"uv": [3.2, 14.4, 4, 12], "texture": "#1"}
			}
		},
		{
			"name": "anubis_cyber_19",
			"from": [2.4, 0, 12.8],
			"to": [3.2, 0.8, 15.2],
			"rotation": {"angle": 45, "axis": "y", "origin": [8.2, 0.4, 8.4]},
			"faces": {
				"north": {"uv": [3.2, 12.8, 2.4, 13.6], "texture": "#1"},
				"east": {"uv": [2.4, 12.8, 3.2, 15.2], "rotation": 90, "texture": "#1"},
				"south": {"uv": [2.4, 14.4, 3.2, 15.2], "texture": "#1"},
				"west": {"uv": [2.4, 12.8, 3.2, 15.2], "rotation": 270, "texture": "#1"},
				"up": {"uv": [2.4, 12.8, 3.2, 15.2], "texture": "#1"},
				"down": {"uv": [2.4, 15.2, 3.2, 12.8], "texture": "#1"}
			}
		},
		{
			"name": "anubis_cyber_20",
			"from": [1.6, 0, 13.6],
			"to": [2.4, 0.8, 16],
			"rotation": {"angle": 45, "axis": "y", "origin": [8.2, 0.4, 8.4]},
			"faces": {
				"north": {"uv": [2.4, 13.6, 1.6, 14.4], "texture": "#1"},
				"east": {"uv": [1.6, 13.6, 2.4, 16], "rotation": 90, "texture": "#1"},
				"south": {"uv": [1.6, 15.2, 2.4, 16], "texture": "#1"},
				"west": {"uv": [1.6, 13.6, 2.4, 16], "rotation": 270, "texture": "#1"},
				"up": {"uv": [1.6, 13.6, 2.4, 16], "texture": "#1"},
				"down": {"uv": [1.6, 16, 2.4, 13.6], "texture": "#1"}
			}
		},
		{
			"name": "anubis_cyber_21",
			"from": [0.8, 0, 14.4],
			"to": [1.6, 0.8, 16],
			"rotation": {"angle": 45, "axis": "y", "origin": [8.2, 0.4, 8.4]},
			"faces": {
				"north": {"uv": [1.6, 14.4, 0.8, 15.2], "texture": "#1"},
				"east": {"uv": [0.8, 14.4, 1.6, 16], "rotation": 90, "texture": "#1"},
				"south": {"uv": [0.8, 15.2, 1.6, 16], "texture": "#1"},
				"west": {"uv": [0.8, 14.4, 1.6, 16], "rotation": 270, "texture": "#1"},
				"up": {"uv": [0.8, 14.4, 1.6, 16], "texture": "#1"},
				"down": {"uv": [0.8, 16, 1.6, 14.4], "texture": "#1"}
			}
		}
	],
	"display": {
		"thirdperson_righthand": {
			"rotation": [100.5, 0, -90.79],
			"translation": [5, 3.75, 2.25],
			"scale": [0.8, 0.8, 0.8]
		},
		"thirdperson_lefthand": {
			"rotation": [100.5, 0, 90],
			"translation": [-7, 2.75, 2.25],
			"scale": [0.8, 0.8, 0.8]
		},
		"firstperson_righthand": {
			"rotation": [57.49, -8.36, -100.18],
			"translation": [5.75, 4, 0.75],
			"scale": [0.7, 0.7, 0.7]
		},
		"firstperson_lefthand": {
			"rotation": [57.49, -8.36, 100],
			"translation": [-4.75, 4, 0.75],
			"scale": [0.7, 0.7, 0.7]
		},
		"ground": {
			"translation": [0, 7.25, 0],
			"scale": [0.8, 0.8, 0.8]
		},
		"gui": {
			"rotation": [90, -45, 0],
			"translation": [0, 0, 7.5]
		},
		"fixed": {
			"rotation": [90, 45, 0],
			"translation": [0, 0, 7.5]
		}
	},
	"groups": [
		{
			"name": "anubis_cyber",
			"origin": [8, 8, 8],
			"color": 0,
			"children": [0, 1, 2, 3, 4, 5, 6, 7, 8, 9, 10, 11, 12, 13, 14, 15, 16]
		}
	]
}