{
	"credit": "Made with Blockbench",
	"textures": {
		"0": "nw:item/bullet",
		"particle": "nw:item/bullet"
	},
	"elements": [
		{
			"from": [7, 0, 4],
			"to": [9, 2, 9],
			"faces": {
				"north": {"uv": [4, 4, 6, 6], "texture": "#0"},
				"east": {"uv": [0, 0, 5, 2], "texture": "#0"},
				"south": {"uv": [5, 0, 7, 2], "texture": "#0"},
				"west": {"uv": [0, 2, 5, 4], "texture": "#0"},
				"up": {"uv": [2, 9, 0, 4], "texture": "#0"},
				"down": {"uv": [4, 4, 2, 9], "texture": "#0"}
			}
		}
	],
	"display": {
		"head": {
			"translation": [0, -5.25, 0],
			"scale": [0.5, 0.5, 0.5]
		}
	}
}