{
	"credit": "Made with Blockbench",
	"textures": {
		"0": "nw:item/purple_disk",
		"particle": "nw:item/purple_disk"
	},
	"elements": [
		{
			"name": "disk_0",
			"from": [5, 0, 3],
			"to": [11, 1, 4],
			"faces": {
				"north": {"uv": [11, 3, 5, 4.1], "texture": "#0"},
				"east": {"uv": [10, 3, 11, 4.1], "rotation": 90, "texture": "#0"},
				"south": {"uv": [5, 3, 11, 4.1], "texture": "#0"},
				"west": {"uv": [5, 3, 6, 4.1], "rotation": 270, "texture": "#0"},
				"up": {"uv": [5, 3, 11, 4.1], "texture": "#0"},
				"down": {"uv": [5, 4.1, 11, 3], "texture": "#0"}
			}
		},
		{
			"name": "disk_1",
			"from": [2, 0, 4],
			"to": [14, 1, 5],
			"faces": {
				"north": {"uv": [14, 4.1, 2, 4.95], "texture": "#0"},
				"east": {"uv": [13, 4.1, 14, 4.95], "rotation": 90, "texture": "#0"},
				"south": {"uv": [2, 4.1, 14, 4.95], "texture": "#0"},
				"west": {"uv": [2, 4.1, 3, 4.95], "rotation": 270, "texture": "#0"},
				"up": {"uv": [2, 4.1, 14, 4.95], "texture": "#0"},
				"down": {"uv": [2, 4.95, 14, 4.1], "texture": "#0"}
			}
		},
		{
			"name": "disk_2",
			"from": [1, 0, 5],
			"to": [15, 1, 6],
			"faces": {
				"north": {"uv": [15, 4.95, 1, 6.05], "texture": "#0"},
				"east": {"uv": [14, 4.95, 15, 6.05], "rotation": 90, "texture": "#0"},
				"south": {"uv": [1, 4.95, 15, 6.05], "texture": "#0"},
				"west": {"uv": [1, 4.95, 2, 6.05], "rotation": 270, "texture": "#0"},
				"up": {"uv": [1, 4.95, 15, 6.05], "texture": "#0"},
				"down": {"uv": [1, 6.05, 15, 4.95], "texture": "#0"}
			}
		},
		{
			"name": "disk_3",
			"from": [0, 0, 6],
			"to": [16, 1, 7],
			"faces": {
				"north": {"uv": [16, 6.05, 0, 6.9], "texture": "#0"},
				"east": {"uv": [15, 6.05, 16, 6.9], "rotation": 90, "texture": "#0"},
				"south": {"uv": [0, 6.05, 16, 6.9], "texture": "#0"},
				"west": {"uv": [0, 6.05, 1, 6.9], "rotation": 270, "texture": "#0"},
				"up": {"uv": [0, 6.05, 16, 6.9], "texture": "#0"},
				"down": {"uv": [0, 6.9, 16, 6.05], "texture": "#0"}
			}
		},
		{
			"name": "disk_4",
			"from": [0, 0, 7],
			"to": [6, 1, 8],
			"faces": {
				"north": {"uv": [6, 6.9, 0, 8], "texture": "#0"},
				"east": {"uv": [4, 6.9, 5, 8], "rotation": 90, "texture": "#0"},
				"south": {"uv": [0, 6.9, 6, 8], "texture": "#0"},
				"west": {"uv": [0, 6.9, 1, 8], "rotation": 270, "texture": "#0"},
				"up": {"uv": [0, 6.9, 6, 8], "texture": "#0"},
				"down": {"uv": [0, 8, 6, 6.9], "texture": "#0"}
			}
		},
		{
			"name": "disk_5",
			"from": [10, 0, 7],
			"to": [16, 1, 8],
			"faces": {
				"north": {"uv": [16, 7.15, 10, 8], "texture": "#0"},
				"east": {"uv": [15, 7.15, 16, 8], "rotation": 90, "texture": "#0"},
				"south": {"uv": [10, 7.15, 16, 8], "texture": "#0"},
				"west": {"uv": [10, 7.15, 11, 8], "rotation": 270, "texture": "#0"},
				"up": {"uv": [10, 7.15, 16, 8], "texture": "#0"},
				"down": {"uv": [10, 8, 16, 7.15], "texture": "#0"}
			}
		},
		{
			"name": "disk_6",
			"from": [0, 0, 8],
			"to": [6, 1, 9],
			"faces": {
				"north": {"uv": [5, 8, 0, 8.85], "texture": "#0"},
				"east": {"uv": [4, 8, 5, 8.85], "rotation": 90, "texture": "#0"},
				"south": {"uv": [0, 8, 5, 8.85], "texture": "#0"},
				"west": {"uv": [0, 8, 1, 8.85], "rotation": 270, "texture": "#0"},
				"up": {"uv": [0, 8, 6, 8.85], "texture": "#0"},
				"down": {"uv": [0, 8.85, 6, 8], "texture": "#0"}
			}
		},
		{
			"name": "disk_7",
			"from": [6, 0, 8],
			"to": [16, 1, 9],
			"faces": {
				"north": {"uv": [16, 8, 6, 8.85], "texture": "#0"},
				"east": {"uv": [15, 8, 16, 8.85], "rotation": 90, "texture": "#0"},
				"south": {"uv": [6, 8, 16, 8.85], "texture": "#0"},
				"west": {"uv": [6, 8, 7, 8.85], "rotation": 270, "texture": "#0"},
				"up": {"uv": [6, 8, 16, 8.85], "texture": "#0"},
				"down": {"uv": [6, 8.85, 16, 8], "texture": "#0"}
			}
		},
		{
			"name": "disk_8",
			"from": [0, 0, 9],
			"to": [16, 1, 10],
			"faces": {
				"north": {"uv": [16, 8.85, 0, 9.95], "texture": "#0"},
				"east": {"uv": [15, 8.85, 16, 9.95], "rotation": 90, "texture": "#0"},
				"south": {"uv": [0, 8.85, 16, 9.95], "texture": "#0"},
				"west": {"uv": [0, 8.85, 1, 9.95], "rotation": 270, "texture": "#0"},
				"up": {"uv": [0, 8.85, 16, 9.95], "texture": "#0"},
				"down": {"uv": [0, 9.95, 16, 8.85], "texture": "#0"}
			}
		},
		{
			"name": "disk_9",
			"from": [1, 0, 10],
			"to": [15, 1, 11],
			"faces": {
				"north": {"uv": [15, 9.95, 1, 11.05], "texture": "#0"},
				"east": {"uv": [14, 9.95, 15, 10.8], "rotation": 90, "texture": "#0"},
				"south": {"uv": [1, 10.2, 15, 11.05], "texture": "#0"},
				"west": {"uv": [1, 9.95, 1.75, 10.8], "rotation": 270, "texture": "#0"},
				"up": {"uv": [1, 9.95, 15, 10.8], "texture": "#0"},
				"down": {"uv": [1, 10.8, 15, 9.95], "texture": "#0"}
			}
		},
		{
			"name": "disk_10",
			"from": [2, 0, 11],
			"to": [14, 1, 12],
			"faces": {
				"north": {"uv": [14, 11.05, 2, 11.9], "texture": "#0"},
				"east": {"uv": [13, 11.05, 14, 11.9], "rotation": 90, "texture": "#0"},
				"south": {"uv": [2, 11.05, 14, 11.9], "texture": "#0"},
				"west": {"uv": [2, 11.05, 3, 11.9], "rotation": 270, "texture": "#0"},
				"up": {"uv": [2, 11.3, 14, 11.4], "texture": "#0"},
				"down": {"uv": [2, 11.9, 14, 11.05], "texture": "#0"}
			}
		},
		{
			"name": "disk_11",
			"from": [5, 0, 12],
			"to": [11, 1, 13],
			"faces": {
				"north": {"uv": [11, 11.9, 5, 13], "texture": "#0"},
				"east": {"uv": [10, 11.9, 11, 13], "rotation": 90, "texture": "#0"},
				"south": {"uv": [5, 11.9, 11, 13], "texture": "#0"},
				"west": {"uv": [5, 11.9, 6, 13], "rotation": 270, "texture": "#0"},
				"up": {"uv": [5, 11.9, 11, 13], "texture": "#0"},
				"down": {"uv": [5, 13, 11, 11.9], "texture": "#0"}
			}
		}
	],
	"gui_light": "front",
	"display": {
		"thirdperson_righthand": {
			"rotation": [90, 0, 0],
			"translation": [0, 2.25, 4.5],
			"scale": [0.5, 0.5, 0.5]
		},
		"thirdperson_lefthand": {
			"rotation": [90, 0, 0],
			"translation": [0, 2.25, 4.5],
			"scale": [0.5, 0.5, 0.5]
		},
		"firstperson_righthand": {
			"rotation": [90, 0, 0]
		},
		"firstperson_lefthand": {
			"rotation": [90, 0, 0]
		},
		"gui": {
			"rotation": [90, 0, 0]
		},
		"fixed": {
			"rotation": [90, 0, 0],
			"translation": [0, 0, 7]
		}
	},
	"groups": [
		{
			"name": "disk",
			"origin": [8, 8, 8],
			"color": 0,
			"children": [0, 1, 2, 3, 4, 5, 6, 7, 8, 9, 10, 11]
		}
	]
}