{
	"credit": "Made with Blockbench",
	"textures": {
		"0": "nw:item/knife",
		"particle": "nw:item/knife"
	},
	"elements": [
		{
			"name": "knife_0",
			"from": [11.07692, 0, 0],
			"to": [14.76923, 1.23077, 3.69231],
			"faces": {
				"north": {"uv": [14.76923, 0, 11.07692, 1.33333], "texture": "#0"},
				"east": {"uv": [13.53846, 0, 14.76923, 4], "rotation": 90, "texture": "#0"},
				"south": {"uv": [11.07692, 2.66667, 14.76923, 4], "texture": "#0"},
				"west": {"uv": [11.07692, 0, 12.30769, 4], "rotation": 270, "texture": "#0"},
				"up": {"uv": [11.07692, 0, 14.76923, 4], "texture": "#0"},
				"down": {"uv": [11.07692, 4, 14.76923, 0], "texture": "#0"}
			}
		},
		{
			"name": "knife_1",
			"from": [14.76923, 0, 0],
			"to": [16, 1.23077, 2.46154],
			"faces": {
				"north": {"uv": [16, 0, 14.76923, 1.33333], "texture": "#0"},
				"east": {"uv": [14.76923, 0, 16, 2.66667], "rotation": 90, "texture": "#0"},
				"south": {"uv": [14.76923, 1.33333, 16, 2.66667], "texture": "#0"},
				"west": {"uv": [14.76923, 0, 16, 2.66667], "rotation": 270, "texture": "#0"},
				"up": {"uv": [14.76923, 0, 16, 2.66667], "texture": "#0"},
				"down": {"uv": [14.76923, 2.66667, 16, 0], "texture": "#0"}
			}
		},
		{
			"name": "knife_2",
			"from": [9.84615, 0, 1.23077],
			"to": [11.07692, 1.23077, 7.38462],
			"faces": {
				"north": {"uv": [11.07692, 1.33333, 9.84615, 2.66667], "texture": "#0"},
				"east": {"uv": [9.84615, 1.33333, 11.07692, 8], "rotation": 90, "texture": "#0"},
				"south": {"uv": [9.84615, 6.66667, 11.07692, 8], "texture": "#0"},
				"west": {"uv": [9.84615, 1.33333, 11.07692, 8], "rotation": 270, "texture": "#0"},
				"up": {"uv": [9.84615, 1.33333, 11.07692, 8], "texture": "#0"},
				"down": {"uv": [9.84615, 8, 11.07692, 1.33333], "texture": "#0"}
			}
		},
		{
			"name": "knife_3",
			"from": [8.61538, 0, 2.46154],
			"to": [9.84615, 1.23077, 8.61538],
			"faces": {
				"north": {"uv": [9.84615, 2.66667, 8.61538, 4], "texture": "#0"},
				"east": {"uv": [8.61538, 2.66667, 9.84615, 9.33333], "rotation": 90, "texture": "#0"},
				"south": {"uv": [8.61538, 8, 9.84615, 9.33333], "texture": "#0"},
				"west": {"uv": [8.61538, 2.66667, 9.84615, 9.33333], "rotation": 270, "texture": "#0"},
				"up": {"uv": [8.61538, 2.66667, 9.84615, 9.33333], "texture": "#0"},
				"down": {"uv": [8.61538, 9.33333, 9.84615, 2.66667], "texture": "#0"}
			}
		},
		{
			"name": "knife_4",
			"from": [7.38462, 0, 3.69231],
			"to": [8.61538, 1.23077, 9.84615],
			"faces": {
				"north": {"uv": [8.61538, 4, 7.38462, 5.33333], "texture": "#0"},
				"east": {"uv": [7.38462, 4, 8.61538, 10.66667], "rotation": 90, "texture": "#0"},
				"south": {"uv": [7.38462, 9.33333, 8.61538, 10.66667], "texture": "#0"},
				"west": {"uv": [7.38462, 4, 8.61538, 10.66667], "rotation": 270, "texture": "#0"},
				"up": {"uv": [7.38462, 4, 8.61538, 10.66667], "texture": "#0"},
				"down": {"uv": [7.38462, 10.66667, 8.61538, 4], "texture": "#0"}
			}
		},
		{
			"name": "knife_5",
			"from": [11.07692, 0, 3.69231],
			"to": [13.53846, 1.23077, 4.92308],
			"faces": {
				"north": {"uv": [13.53846, 4, 11.07692, 5.33333], "texture": "#0"},
				"east": {"uv": [12.30769, 4, 13.53846, 5.33333], "rotation": 90, "texture": "#0"},
				"south": {"uv": [11.07692, 4, 13.53846, 5.33333], "texture": "#0"},
				"west": {"uv": [11.07692, 4, 12.30769, 5.33333], "rotation": 270, "texture": "#0"},
				"up": {"uv": [11.07692, 4, 13.53846, 5.33333], "texture": "#0"},
				"down": {"uv": [11.07692, 5.33333, 13.53846, 4], "texture": "#0"}
			}
		},
		{
			"name": "knife_6",
			"from": [6.15385, 0, 4.92308],
			"to": [7.38462, 1.23077, 11.07692],
			"faces": {
				"north": {"uv": [7.38462, 5.33333, 6.15385, 6.66667], "texture": "#0"},
				"east": {"uv": [6.15385, 5.33333, 7.38462, 12], "rotation": 90, "texture": "#0"},
				"south": {"uv": [6.15385, 10.66667, 7.38462, 12], "texture": "#0"},
				"west": {"uv": [6.15385, 5.33333, 7.38462, 12], "rotation": 270, "texture": "#0"},
				"up": {"uv": [6.15385, 5.33333, 7.38462, 12], "texture": "#0"},
				"down": {"uv": [6.15385, 12, 7.38462, 5.33333], "texture": "#0"}
			}
		},
		{
			"name": "knife_7",
			"from": [11.07692, 0, 4.92308],
			"to": [12.30769, 1.23077, 6.15385],
			"faces": {
				"north": {"uv": [12.30769, 5.33333, 11.07692, 6.66667], "texture": "#0"},
				"east": {"uv": [11.07692, 5.33333, 12.30769, 6.66667], "rotation": 90, "texture": "#0"},
				"south": {"uv": [11.07692, 5.33333, 12.30769, 6.66667], "texture": "#0"},
				"west": {"uv": [11.07692, 5.33333, 12.30769, 6.66667], "rotation": 270, "texture": "#0"},
				"up": {"uv": [11.07692, 5.33333, 12.30769, 6.66667], "texture": "#0"},
				"down": {"uv": [11.07692, 6.66667, 12.30769, 5.33333], "texture": "#0"}
			}
		},
		{
			"name": "knife_8",
			"from": [4.92308, 0, 6.15385],
			"to": [6.15385, 1.23077, 11.07692],
			"faces": {
				"north": {"uv": [6.15385, 6.66667, 4.92308, 8], "texture": "#0"},
				"east": {"uv": [4.92308, 6.66667, 6.15385, 12], "rotation": 90, "texture": "#0"},
				"south": {"uv": [4.92308, 10.66667, 6.15385, 12], "texture": "#0"},
				"west": {"uv": [4.92308, 6.66667, 6.15385, 12], "rotation": 270, "texture": "#0"},
				"up": {"uv": [4.92308, 6.66667, 6.15385, 12], "texture": "#0"},
				"down": {"uv": [4.92308, 12, 6.15385, 6.66667], "texture": "#0"}
			}
		},
		{
			"name": "knife_9",
			"from": [3.69231, 0, 7.38462],
			"to": [4.92308, 1.23077, 12.30769],
			"faces": {
				"north": {"uv": [4.92308, 8, 3.69231, 9.33333], "texture": "#0"},
				"east": {"uv": [3.69231, 8, 4.92308, 13.33333], "rotation": 90, "texture": "#0"},
				"south": {"uv": [3.69231, 12, 4.92308, 13.33333], "texture": "#0"},
				"west": {"uv": [3.69231, 8, 4.92308, 13.33333], "rotation": 270, "texture": "#0"},
				"up": {"uv": [3.69231, 8, 4.92308, 13.33333], "texture": "#0"},
				"down": {"uv": [3.69231, 13.33333, 4.92308, 8], "texture": "#0"}
			}
		},
		{
			"name": "knife_10",
			"from": [2.46154, 0, 9.84615],
			"to": [3.69231, 1.23077, 13.53846],
			"faces": {
				"north": {"uv": [3.69231, 10.66667, 2.46154, 12], "texture": "#0"},
				"east": {"uv": [2.46154, 10.66667, 3.69231, 14.66667], "rotation": 90, "texture": "#0"},
				"south": {"uv": [2.46154, 13.33333, 3.69231, 14.66667], "texture": "#0"},
				"west": {"uv": [2.46154, 10.66667, 3.69231, 14.66667], "rotation": 270, "texture": "#0"},
				"up": {"uv": [2.46154, 10.66667, 3.69231, 14.66667], "texture": "#0"},
				"down": {"uv": [2.46154, 14.66667, 3.69231, 10.66667], "texture": "#0"}
			}
		},
		{
			"name": "knife_11",
			"from": [1.23077, 0, 11.07692],
			"to": [2.46154, 1.23077, 14.76923],
			"faces": {
				"north": {"uv": [2.46154, 12, 1.23077, 13.33333], "texture": "#0"},
				"east": {"uv": [1.23077, 12, 2.46154, 16], "rotation": 90, "texture": "#0"},
				"south": {"uv": [1.23077, 14.66667, 2.46154, 16], "texture": "#0"},
				"west": {"uv": [1.23077, 12, 2.46154, 16], "rotation": 270, "texture": "#0"},
				"up": {"uv": [1.23077, 12, 2.46154, 16], "texture": "#0"},
				"down": {"uv": [1.23077, 16, 2.46154, 12], "texture": "#0"}
			}
		},
		{
			"name": "knife_12",
			"from": [0, 0, 12.30769],
			"to": [1.23077, 1.23077, 14.76923],
			"faces": {
				"north": {"uv": [1.23077, 13.33333, 0, 14.66667], "texture": "#0"},
				"east": {"uv": [0, 13.33333, 1.23077, 16], "rotation": 90, "texture": "#0"},
				"south": {"uv": [0, 14.66667, 1.23077, 16], "texture": "#0"},
				"west": {"uv": [0, 13.33333, 1.23077, 16], "rotation": 270, "texture": "#0"},
				"up": {"uv": [0, 13.33333, 1.23077, 16], "texture": "#0"},
				"down": {"uv": [0, 16, 1.23077, 13.33333], "texture": "#0"}
			}
		}
	],
	"display": {
		"thirdperson_righthand": {
			"rotation": [50, 0, 90],
			"translation": [-4.75, 1.75, 1.25],
			"scale": [0.5, 0.5, 0.5]
		},
		"thirdperson_lefthand": {
			"rotation": [50, 0, -90],
			"translation": [2.5, 1.75, 1.25],
			"scale": [0.5, 0.5, 0.5]
		},
		"firstperson_righthand": {
			"rotation": [90, 45, 0],
			"translation": [6, 3.25, 1.25],
			"scale": [0.7, 0.7, 0.7]
		},
		"firstperson_lefthand": {
			"rotation": [90, -43, 0],
			"translation": [6, 3.25, 1.25],
			"scale": [0.7, 0.7, 0.7]
		},
		"ground": {
			"translation": [0, 4.25, 0],
			"scale": [0.7, 0.7, 0.7]
		},
		"gui": {
			"rotation": [90, 0, 0]
		},
		"head": {
			"rotation": [-45, 0, 90],
			"translation": [-7.75, -8.75, 0]
		},
		"fixed": {
			"rotation": [90, 0, 0],
			"translation": [0, 0, 6.75]
		}
	},
	"groups": [
		{
			"name": "knife",
			"origin": [8, 8, 8],
			"color": 0,
			"children": [0, 1, 2, 3, 4, 5, 6, 7, 8, 9, 10, 11, 12]
		}
	]
}