{
	"credit": "Made with Blockbench",
	"texture_size": [32, 32],
	"textures": {
		"0": "nw:item/pen",
		"particle": "nw:item/pen"
	},
	"elements": [
		{
			"from": [6.36, 0, 6.36],
			"to": [10.64, 21.32, 10.64],
			"rotation": {"angle": 0, "axis": "y", "origin": [-5.12, 0, -5.12]},
			"faces": {
				"north": {"uv": [0, 0, 2, 10.5], "texture": "#0"},
				"east": {"uv": [2, 0, 4, 10.5], "texture": "#0"},
				"south": {"uv": [4, 0, 6, 10.5], "texture": "#0"},
				"west": {"uv": [6, 0, 8, 10.5], "texture": "#0"},
				"up": {"uv": [10, 2, 8, 0], "texture": "#0"},
				"down": {"uv": [10, 2, 8, 4], "texture": "#0"}
			}
		},
		{
			"from": [6.77, -1.64, 6.77],
			"to": [10.23, 0, 10.23],
			"rotation": {"angle": 0, "axis": "y", "origin": [-5.12, 0, -5.12]},
			"faces": {
				"north": {"uv": [8, 7, 9.5, 8], "texture": "#0"},
				"east": {"uv": [8, 8, 9.5, 9], "texture": "#0"},
				"south": {"uv": [8, 9, 9.5, 10], "texture": "#0"},
				"west": {"uv": [9.5, 4, 11, 5], "texture": "#0"},
				"up": {"uv": [9.5, 5.5, 8, 4], "texture": "#0"},
				"down": {"uv": [9.5, 5.5, 8, 7], "texture": "#0"}
			}
		},
		{
			"from": [8.02, -3.14, 7.27],
			"to": [8.98, 0, 9.73],
			"rotation": {"angle": 0, "axis": "y", "origin": [-4.37, 0, -4.62]},
			"faces": {
				"north": {"uv": [10, 2, 10.5, 3.5], "texture": "#0"},
				"east": {"uv": [9.5, 5, 10.5, 6.5], "texture": "#0"},
				"south": {"uv": [8, 10, 8.5, 11.5], "texture": "#0"},
				"west": {"uv": [9.5, 6.5, 10.5, 8], "texture": "#0"},
				"up": {"uv": [2.5, 11.5, 2, 10.5], "texture": "#0"},
				"down": {"uv": [11, 2, 10.5, 3], "texture": "#0"}
			}
		},
		{
			"from": [8.02, -4.60034, 6.45],
			"to": [8.93, -2.80034, 8.09],
			"rotation": {"angle": -45, "axis": "x", "origin": [8.93, -1.98034, 7.27]},
			"faces": {
				"north": {"uv": [8.5, 10, 9, 11], "texture": "#0"},
				"east": {"uv": [9.5, 8, 10.5, 9], "texture": "#0"},
				"south": {"uv": [9, 10, 9.5, 11], "texture": "#0"},
				"west": {"uv": [9.5, 9, 10.5, 10], "texture": "#0"},
				"up": {"uv": [10, 11, 9.5, 10], "texture": "#0"},
				"down": {"uv": [10.5, 10, 10, 11], "texture": "#0"}
			}
		},
		{
			"from": [8.02, -4.60034, 8.91],
			"to": [8.93, -2.80034, 10.55],
			"rotation": {"angle": 45, "axis": "x", "origin": [8.93, -1.98034, 9.73]},
			"faces": {
				"north": {"uv": [0, 10.5, 0.5, 11.5], "texture": "#0"},
				"east": {"uv": [10, 0, 11, 1], "texture": "#0"},
				"south": {"uv": [0.5, 10.5, 1, 11.5], "texture": "#0"},
				"west": {"uv": [10, 1, 11, 2], "texture": "#0"},
				"up": {"uv": [1.5, 11.5, 1, 10.5], "texture": "#0"},
				"down": {"uv": [2, 10.5, 1.5, 11.5], "texture": "#0"}
			}
		}
	],
	"display": {
		"thirdperson_righthand": {
			"rotation": [95.25, 0, 0],
			"translation": [-1, 0, 0],
			"scale": [0.2, 0.2, 0.2]
		},
		"thirdperson_lefthand": {
			"rotation": [95.25, -180, 0],
			"translation": [-1, 0, 0],
			"scale": [0.2, 0.2, 0.2]
		},
		"firstperson_righthand": {
			"rotation": [-77.69, 64.42, -125.51],
			"scale": [0.5, 0.5, 0.5]
		},
		"firstperson_lefthand": {
			"rotation": [-77.69, 64.42, -125.51],
			"translation": [0, 3, -25.75],
			"scale": [0.5, 0.5, 0.5]
		},
		"gui": {
			"rotation": [90, 48, 90],
			"scale": [0.6, 0.6, 0.6]
		},
		"fixed": {
			"rotation": [90, 48, 90],
			"translation": [0, 0, -1.5],
			"scale": [0.6, 0.6, 0.6]
		}
	}
}