{
	"credit": "Made with Blockbench",
	"textures": {
		"0": "nw:item/pillarmens_scroll",
		"particle": "nw:item/pillarmens_scroll"
	},
	"elements": [
		{
			"name": "pillarmens_scroll_0",
			"from": [0, 0, 3.25],
			"to": [1, 1, 12.75],
			"faces": {
				"north": {"uv": [1, 4, 0, 5], "texture": "#0"},
				"east": {"uv": [0, 4, 1, 12], "rotation": 90, "texture": "#0"},
				"south": {"uv": [0, 11, 1, 12], "texture": "#0"},
				"west": {"uv": [0, 4, 1, 12], "rotation": 270, "texture": "#0"},
				"up": {"uv": [0, 4, 1, 12], "texture": "#0"},
				"down": {"uv": [0, 12, 1, 4], "texture": "#0"}
			}
		},
		{
			"name": "pillarmens_scroll_1",
			"from": [9, 0, 3.25],
			"to": [13, 1, 10.75],
			"faces": {
				"north": {"uv": [13, 4, 9, 5], "texture": "#0"},
				"east": {"uv": [12, 4, 13, 10], "rotation": 90, "texture": "#0"},
				"south": {"uv": [9, 9, 13, 10], "texture": "#0"},
				"west": {"uv": [9, 4, 10, 10], "rotation": 270, "texture": "#0"},
				"up": {"uv": [9, 4, 13, 10], "texture": "#0"},
				"down": {"uv": [9, 10, 13, 4], "texture": "#0"}
			}
		},
		{
			"name": "pillarmens_scroll_2",
			"from": [15, 0, 3.25],
			"to": [16, 1, 12.75],
			"faces": {
				"north": {"uv": [16, 4, 15, 5], "texture": "#0"},
				"east": {"uv": [15, 4, 16, 12], "rotation": 90, "texture": "#0"},
				"south": {"uv": [15, 11, 16, 12], "texture": "#0"},
				"west": {"uv": [15, 4, 16, 12], "rotation": 270, "texture": "#0"},
				"up": {"uv": [15, 4, 16, 12], "texture": "#0"},
				"down": {"uv": [15, 12, 16, 4], "texture": "#0"}
			}
		},
		{
			"name": "pillarmens_scroll_3",
			"from": [1, 0, 4.25],
			"to": [3, 1, 11.75],
			"faces": {
				"north": {"uv": [3, 5, 1, 6], "texture": "#0"},
				"east": {"uv": [2, 5, 3, 11], "rotation": 90, "texture": "#0"},
				"south": {"uv": [1, 10, 3, 11], "texture": "#0"},
				"west": {"uv": [1, 5, 2, 11], "rotation": 270, "texture": "#0"},
				"up": {"uv": [1, 5, 3, 11], "texture": "#0"},
				"down": {"uv": [1, 11, 3, 5], "texture": "#0"}
			}
		},
		{
			"name": "pillarmens_scroll_4",
			"from": [6, 0, 4.25],
			"to": [9, 1, 11.75],
			"faces": {
				"north": {"uv": [9, 5, 6, 6], "texture": "#0"},
				"east": {"uv": [8, 5, 9, 11], "rotation": 90, "texture": "#0"},
				"south": {"uv": [6, 10, 9, 11], "texture": "#0"},
				"west": {"uv": [6, 5, 7, 11], "rotation": 270, "texture": "#0"},
				"up": {"uv": [6, 5, 9, 11], "texture": "#0"},
				"down": {"uv": [6, 11, 9, 5], "texture": "#0"}
			}
		},
		{
			"name": "pillarmens_scroll_5",
			"from": [13, 0, 4.25],
			"to": [15, 1, 11.75],
			"faces": {
				"north": {"uv": [15, 5, 13, 6], "texture": "#0"},
				"east": {"uv": [14, 5, 15, 11], "rotation": 90, "texture": "#0"},
				"south": {"uv": [13, 10, 15, 11], "texture": "#0"},
				"west": {"uv": [13, 5, 14, 11], "rotation": 270, "texture": "#0"},
				"up": {"uv": [13, 5, 15, 11], "texture": "#0"},
				"down": {"uv": [13, 11, 15, 5], "texture": "#0"}
			}
		},
		{
			"name": "pillarmens_scroll_6",
			"from": [3, 0, 5.25],
			"to": [6, 1, 12.75],
			"faces": {
				"north": {"uv": [6, 6, 3, 7], "texture": "#0"},
				"east": {"uv": [5, 6, 6, 12], "rotation": 90, "texture": "#0"},
				"south": {"uv": [3, 11, 6, 12], "texture": "#0"},
				"west": {"uv": [3, 6, 4, 12], "rotation": 270, "texture": "#0"},
				"up": {"uv": [3, 6, 6, 12], "texture": "#0"},
				"down": {"uv": [3, 12, 6, 6], "texture": "#0"}
			}
		}
	],
	"gui_light": "front",
	"display": {
		"thirdperson_righthand": {
			"rotation": [19.14, -0.09, 92.39],
			"translation": [-3.25, -1.75, 0.5],
			"scale": [0.45898, 0.45898, 0.45898]
		},
		"thirdperson_lefthand": {
			"rotation": [19.1, -3.02, 89.79],
			"translation": [-4.25, -1.75, 0.5],
			"scale": [0.45898, 0.45898, 0.45898]
		},
		"firstperson_righthand": {
			"rotation": [-27, 7.74, 100.46],
			"translation": [-6.25, 2, 0]
		},
		"firstperson_lefthand": {
			"rotation": [160.73, -1.5, 87.76],
			"translation": [-4.5, 2.75, -2]
		},
		"ground": {
			"translation": [0, 2, 0],
			"scale": [0.6875, 0.6875, 0.6875]
		},
		"gui": {
			"rotation": [90, 0, 0]
		},
		"fixed": {
			"rotation": [90, 37.25, 0],
			"translation": [0, 0, 7.25]
		}
	},
	"groups": [
		{
			"name": "pillarmens_scroll",
			"origin": [8, 8, 8],
			"color": 0,
			"children": [0, 1, 2, 3, 4, 5, 6]
		}
	]
}