{
	"credit": "Made with Blockbench",
	"textures": {
		"0": "nw:item/requiem",
		"particle": "nw:item/requiem"
	},
	"elements": [
		{
			"name": "arrow_0",
			"from": [10, 0, 11],
			"to": [15, 1, 13],
			"rotation": {"angle": 45, "axis": "y", "origin": [0, 0, 15]},
			"faces": {
				"north": {"uv": [15, 1, 10, 2], "texture": "#0"},
				"east": {"uv": [14, 1, 15, 3], "rotation": 90, "texture": "#0"},
				"south": {"uv": [10, 2, 15, 3], "texture": "#0"},
				"west": {"uv": [10, 1, 11, 3], "rotation": 270, "texture": "#0"},
				"up": {"uv": [10, 1, 15, 3], "texture": "#0"},
				"down": {"uv": [10, 3, 15, 1], "texture": "#0"}
			}
		},
		{
			"name": "arrow_1",
			"from": [8, 0, 12],
			"to": [10, 1, 15],
			"rotation": {"angle": 45, "axis": "y", "origin": [0, 0, 15]},
			"faces": {
				"north": {"uv": [10, 2, 8, 3], "texture": "#0"},
				"east": {"uv": [9, 2, 10, 5], "rotation": 90, "texture": "#0"},
				"south": {"uv": [8, 4, 10, 5], "texture": "#0"},
				"west": {"uv": [8, 2, 9, 5], "rotation": 270, "texture": "#0"},
				"up": {"uv": [8, 2, 10, 5], "texture": "#0"},
				"down": {"uv": [8, 5, 10, 2], "texture": "#0"}
			}
		},
		{
			"name": "arrow_2",
			"from": [7, 0, 13],
			"to": [8, 1, 15],
			"rotation": {"angle": 45, "axis": "y", "origin": [0, 0, 15]},
			"faces": {
				"north": {"uv": [8, 3, 7, 4], "texture": "#0"},
				"east": {"uv": [7, 3, 8, 5], "rotation": 90, "texture": "#0"},
				"south": {"uv": [7, 4, 8, 5], "texture": "#0"},
				"west": {"uv": [7, 3, 8, 5], "rotation": 270, "texture": "#0"},
				"up": {"uv": [7, 3, 8, 5], "texture": "#0"},
				"down": {"uv": [7, 5, 8, 3], "texture": "#0"}
			}
		},
		{
			"name": "arrow_3",
			"from": [10, 0, 13],
			"to": [11, 1, 17],
			"rotation": {"angle": 45, "axis": "y", "origin": [0, 0, 15]},
			"faces": {
				"north": {"uv": [11, 3, 10, 4], "texture": "#0"},
				"east": {"uv": [10, 3, 11, 7], "rotation": 90, "texture": "#0"},
				"south": {"uv": [10, 6, 11, 7], "texture": "#0"},
				"west": {"uv": [10, 3, 11, 7], "rotation": 270, "texture": "#0"},
				"up": {"uv": [10, 3, 11, 7], "texture": "#0"},
				"down": {"uv": [10, 7, 11, 3], "texture": "#0"}
			}
		},
		{
			"name": "arrow_4",
			"from": [13, 0, 13],
			"to": [15, 1, 16],
			"rotation": {"angle": 45, "axis": "y", "origin": [0, 0, 15]},
			"faces": {
				"north": {"uv": [15, 3, 13, 4], "texture": "#0"},
				"east": {"uv": [14, 3, 15, 6], "rotation": 90, "texture": "#0"},
				"south": {"uv": [13, 5, 15, 6], "texture": "#0"},
				"west": {"uv": [13, 3, 14, 6], "rotation": 270, "texture": "#0"},
				"up": {"uv": [13, 3, 15, 6], "texture": "#0"},
				"down": {"uv": [13, 6, 15, 3], "texture": "#0"}
			}
		},
		{
			"name": "arrow_5",
			"from": [6, 0, 14],
			"to": [7, 1, 15],
			"rotation": {"angle": 45, "axis": "y", "origin": [0, 0, 15]},
			"faces": {
				"north": {"uv": [7, 4, 6, 5], "texture": "#0"},
				"east": {"uv": [6, 4, 7, 5], "rotation": 90, "texture": "#0"},
				"south": {"uv": [6, 4, 7, 5], "texture": "#0"},
				"west": {"uv": [6, 4, 7, 5], "rotation": 270, "texture": "#0"},
				"up": {"uv": [6, 4, 7, 5], "texture": "#0"},
				"down": {"uv": [6, 5, 7, 4], "texture": "#0"}
			}
		},
		{
			"name": "arrow_6",
			"from": [11, 0, 14],
			"to": [12, 1, 20],
			"rotation": {"angle": 45, "axis": "y", "origin": [0, 0, 15]},
			"faces": {
				"north": {"uv": [12, 4, 11, 5], "texture": "#0"},
				"east": {"uv": [11, 4, 12, 10], "rotation": 90, "texture": "#0"},
				"south": {"uv": [11, 9, 12, 10], "texture": "#0"},
				"west": {"uv": [11, 4, 12, 10], "rotation": 270, "texture": "#0"},
				"up": {"uv": [11, 4, 12, 10], "texture": "#0"},
				"down": {"uv": [11, 10, 12, 4], "texture": "#0"}
			}
		},
		{
			"name": "arrow_7",
			"from": [11, 0, 13],
			"to": [12, 1, 20],
			"rotation": {"angle": 45, "axis": "y", "origin": [0, 0, 15]},
			"faces": {
				"north": {"uv": [12, 4, 11, 5], "texture": "#0"},
				"east": {"uv": [11, 4, 12, 10], "rotation": 90, "texture": "#0"},
				"south": {"uv": [11, 9, 12, 10], "texture": "#0"},
				"west": {"uv": [11, 4, 12, 10], "rotation": 270, "texture": "#0"},
				"up": {"uv": [11, 3, 12, 10], "texture": "#0"},
				"down": {"uv": [11, 10, 12, 4], "texture": "#0"}
			}
		},
		{
			"name": "arrow_7",
			"from": [9, 0, 15],
			"to": [10, 1, 18],
			"rotation": {"angle": 45, "axis": "y", "origin": [0, 0, 15]},
			"faces": {
				"north": {"uv": [10, 5, 9, 6], "texture": "#0"},
				"east": {"uv": [9, 5, 10, 8], "rotation": 90, "texture": "#0"},
				"south": {"uv": [9, 7, 10, 8], "texture": "#0"},
				"west": {"uv": [9, 5, 10, 8], "rotation": 270, "texture": "#0"},
				"up": {"uv": [9, 5, 10, 8], "texture": "#0"},
				"down": {"uv": [9, 8, 10, 5], "texture": "#0"}
			}
		},
		{
			"name": "arrow_8",
			"from": [12, 0, 13],
			"to": [13, 1, 19],
			"rotation": {"angle": 45, "axis": "y", "origin": [0, 0, 15]},
			"faces": {
				"north": {"uv": [13, 5, 12, 6], "texture": "#0"},
				"east": {"uv": [12, 5, 13, 9], "rotation": 90, "texture": "#0"},
				"south": {"uv": [12, 8, 13, 9], "texture": "#0"},
				"west": {"uv": [12, 5, 13, 9], "rotation": 270, "texture": "#0"},
				"up": {"uv": [12, 3, 13, 9], "texture": "#0"},
				"down": {"uv": [12, 9, 13, 5], "texture": "#0"}
			}
		},
		{
			"name": "arrow_9",
			"from": [8, 0, 16],
			"to": [9, 1, 19],
			"rotation": {"angle": 45, "axis": "y", "origin": [0, 0, 15]},
			"faces": {
				"north": {"uv": [9, 6, 8, 7], "texture": "#0"},
				"east": {"uv": [8, 6, 9, 9], "rotation": 90, "texture": "#0"},
				"south": {"uv": [8, 8, 9, 9], "texture": "#0"},
				"west": {"uv": [8, 6, 9, 9], "rotation": 270, "texture": "#0"},
				"up": {"uv": [8, 6, 9, 9], "texture": "#0"},
				"down": {"uv": [8, 9, 9, 6], "texture": "#0"}
			}
		},
		{
			"name": "arrow_10",
			"from": [13, 0, 16],
			"to": [14, 1, 18],
			"rotation": {"angle": 45, "axis": "y", "origin": [0, 0, 15]},
			"faces": {
				"north": {"uv": [14, 6, 13, 7], "texture": "#0"},
				"east": {"uv": [13, 6, 14, 8], "rotation": 90, "texture": "#0"},
				"south": {"uv": [13, 7, 14, 8], "texture": "#0"},
				"west": {"uv": [13, 6, 14, 8], "rotation": 270, "texture": "#0"},
				"up": {"uv": [13, 6, 14, 8], "texture": "#0"},
				"down": {"uv": [13, 8, 14, 6], "texture": "#0"}
			}
		},
		{
			"name": "arrow_11",
			"from": [7, 0, 17],
			"to": [8, 1, 20],
			"rotation": {"angle": 45, "axis": "y", "origin": [0, 0, 15]},
			"faces": {
				"north": {"uv": [8, 7, 7, 8], "texture": "#0"},
				"east": {"uv": [7, 7, 8, 10], "rotation": 90, "texture": "#0"},
				"south": {"uv": [7, 9, 8, 10], "texture": "#0"},
				"west": {"uv": [7, 7, 8, 10], "rotation": 270, "texture": "#0"},
				"up": {"uv": [7, 7, 8, 10], "texture": "#0"},
				"down": {"uv": [7, 10, 8, 7], "texture": "#0"}
			}
		},
		{
			"name": "arrow_12",
			"from": [6, 0, 18],
			"to": [7, 1, 21],
			"rotation": {"angle": 45, "axis": "y", "origin": [0, 0, 15]},
			"faces": {
				"north": {"uv": [7, 8, 6, 9], "texture": "#0"},
				"east": {"uv": [6, 8, 7, 11], "rotation": 90, "texture": "#0"},
				"south": {"uv": [6, 10, 7, 11], "texture": "#0"},
				"west": {"uv": [6, 8, 7, 11], "rotation": 270, "texture": "#0"},
				"up": {"uv": [6, 8, 7, 11], "texture": "#0"},
				"down": {"uv": [6, 11, 7, 8], "texture": "#0"}
			}
		},
		{
			"name": "arrow_13",
			"from": [5, 0, 19],
			"to": [6, 1, 22],
			"rotation": {"angle": 45, "axis": "y", "origin": [0, 0, 15]},
			"faces": {
				"north": {"uv": [6, 9, 5, 10], "texture": "#0"},
				"east": {"uv": [5, 9, 6, 12], "rotation": 90, "texture": "#0"},
				"south": {"uv": [5, 11, 6, 12], "texture": "#0"},
				"west": {"uv": [5, 9, 6, 12], "rotation": 270, "texture": "#0"},
				"up": {"uv": [5, 9, 6, 12], "texture": "#0"},
				"down": {"uv": [5, 12, 6, 9], "texture": "#0"}
			}
		},
		{
			"name": "arrow_14",
			"from": [4, 0, 20],
			"to": [5, 1, 23],
			"rotation": {"angle": 45, "axis": "y", "origin": [0, 0, 15]},
			"faces": {
				"north": {"uv": [5, 10, 4, 11], "texture": "#0"},
				"east": {"uv": [4, 10, 5, 13], "rotation": 90, "texture": "#0"},
				"south": {"uv": [4, 12, 5, 13], "texture": "#0"},
				"west": {"uv": [4, 10, 5, 13], "rotation": 270, "texture": "#0"},
				"up": {"uv": [4, 10, 5, 13], "texture": "#0"},
				"down": {"uv": [4, 13, 5, 10], "texture": "#0"}
			}
		},
		{
			"name": "arrow_15",
			"from": [3, 0, 21],
			"to": [4, 1, 24],
			"rotation": {"angle": 45, "axis": "y", "origin": [0, 0, 15]},
			"faces": {
				"north": {"uv": [4, 11, 3, 12], "texture": "#0"},
				"east": {"uv": [3, 11, 4, 14], "rotation": 90, "texture": "#0"},
				"south": {"uv": [3, 13, 4, 14], "texture": "#0"},
				"west": {"uv": [3, 11, 4, 14], "rotation": 270, "texture": "#0"},
				"up": {"uv": [3, 11, 4, 14], "texture": "#0"},
				"down": {"uv": [3, 14, 4, 11], "texture": "#0"}
			}
		},
		{
			"name": "arrow_16",
			"from": [2, 0, 22],
			"to": [3, 1, 25],
			"rotation": {"angle": 45, "axis": "y", "origin": [0, 0, 15]},
			"faces": {
				"north": {"uv": [3, 12, 2, 13], "texture": "#0"},
				"east": {"uv": [2, 12, 3, 15], "rotation": 90, "texture": "#0"},
				"south": {"uv": [2, 14, 3, 15], "texture": "#0"},
				"west": {"uv": [2, 12, 3, 15], "rotation": 270, "texture": "#0"},
				"up": {"uv": [2, 12, 3, 15], "texture": "#0"},
				"down": {"uv": [2, 15, 3, 12], "texture": "#0"}
			}
		},
		{
			"name": "arrow_17",
			"from": [1, 0, 23],
			"to": [2, 1, 25],
			"rotation": {"angle": 45, "axis": "y", "origin": [0, 0, 15]},
			"faces": {
				"north": {"uv": [2, 13, 1, 14], "texture": "#0"},
				"east": {"uv": [1, 13, 2, 15], "rotation": 90, "texture": "#0"},
				"south": {"uv": [1, 14, 2, 15], "texture": "#0"},
				"west": {"uv": [1, 13, 2, 15], "rotation": 270, "texture": "#0"},
				"up": {"uv": [1, 13, 2, 15], "texture": "#0"},
				"down": {"uv": [1, 15, 2, 13], "texture": "#0"}
			}
		}
	],
	"gui_light": "front",
	"display": {
		"thirdperson_righthand": {
			"rotation": [85.5, 0, 90.5],
			"translation": [-3.25, 1.75, 1],
			"scale": [0.5, 0.5, 0.5]
		},
		"thirdperson_lefthand": {
			"rotation": [85.5, 0, 90.5],
			"translation": [-3.25, 2.25, 1],
			"scale": [0.5, 0.5, 0.5]
		},
		"firstperson_righthand": {
			"rotation": [85.5, 0, 90.5],
			"translation": [-3.25, 5.5, 1],
			"scale": [0.5, 0.5, 0.5]
		},
		"firstperson_lefthand": {
			"rotation": [85.5, 0, 90.5],
			"translation": [-3.25, 5, 1],
			"scale": [0.5, 0.5, 0.5]
		},
		"ground": {
			"translation": [0, 2, 0],
			"scale": [0.5, 0.5, 0.5]
		},
		"gui": {
			"rotation": [90, -45, -1],
			"translation": [2.25, 2.5, 6],
			"scale": [0.8, 0, 0.8]
		},
		"head": {
			"translation": [0, -35.5, 0]
		},
		"fixed": {
			"rotation": [85.5, 0, -1],
			"translation": [0.5, 3.75, 2],
			"scale": [1, 0.43, 1]
		}
	},
	"groups": [
		{
			"name": "arrow",
			"origin": [8, 8, 8],
			"color": 0,
			"children": [0, 1, 2, 3, 4, 5, 6, 7, 8, 9, 10, 11, 12, 13, 14, 15, 16, 17, 18]
		}
	]
}