{
	"credit": "Made with Blockbench",
	"texture_size": [64, 64],
	"textures": {
		"0": "nw:item/revolver",
		"particle": "nw:item/revolver"
	},
	"elements": [
		{
			"from": [7, 6, 2],
			"to": [9, 8, 7],
			"faces": {
				"north": {"uv": [0, 5.75, 0.5, 6.25], "texture": "#0"},
				"east": {"uv": [1.25, 0, 2.5, 0.5], "texture": "#0"},
				"south": {"uv": [5.75, 0, 6.25, 0.5], "texture": "#0"},
				"west": {"uv": [1.25, 0.75, 2.5, 1.25], "texture": "#0"},
				"up": {"uv": [1.75, 2.75, 1.25, 1.5], "texture": "#0"},
				"down": {"uv": [0.5, 2, 0, 3.25], "texture": "#0"}
			}
		},
		{
			"from": [6.75, 5, 7],
			"to": [9.25, 8.25, 8],
			"faces": {
				"north": {"uv": [2, 2.75, 2.625, 3.625], "texture": "#0"},
				"east": {"uv": [3.5, 6, 3.75, 6.875], "texture": "#0"},
				"south": {"uv": [0.75, 3, 1.375, 3.875], "texture": "#0"},
				"west": {"uv": [4, 6, 4.25, 6.875], "texture": "#0"},
				"up": {"uv": [5.625, 2, 5, 1.75], "texture": "#0"},
				"down": {"uv": [6.625, 3.25, 6, 3.5], "texture": "#0"}
			}
		},
		{
			"from": [7.5, 5.25, 5],
			"to": [8.5, 6, 7],
			"faces": {
				"north": {"uv": [4.5, 0.75, 4.75, 1], "texture": "#0"},
				"east": {"uv": [0.75, 7, 1.25, 7.25], "texture": "#0"},
				"south": {"uv": [2.5, 7.5, 2.75, 7.75], "texture": "#0"},
				"west": {"uv": [1.5, 7, 2, 7.25], "texture": "#0"},
				"up": {"uv": [1, 2.5, 0.75, 2], "texture": "#0"},
				"down": {"uv": [2.75, 4, 2.5, 4.5], "texture": "#0"}
			}
		},
		{
			"from": [7.5, 8, 2],
			"to": [8.5, 8.25, 7],
			"faces": {
				"north": {"uv": [2, 8, 2.25, 8.125], "texture": "#0"},
				"east": {"uv": [6.25, 6, 7.5, 6.125], "texture": "#0"},
				"south": {"uv": [2.5, 8, 2.75, 8.125], "texture": "#0"},
				"west": {"uv": [0, 6.5, 1.25, 6.625], "texture": "#0"},
				"up": {"uv": [1.75, 6.75, 1.5, 5.5], "texture": "#0"},
				"down": {"uv": [2.25, 5.5, 2, 6.75], "texture": "#0"}
			}
		},
		{
			"from": [7.5, 8.25, 2],
			"to": [8.5, 8.5, 2.75],
			"faces": {
				"north": {"uv": [8, 2.5, 8.25, 2.625], "texture": "#0"},
				"east": {"uv": [3, 8, 3.25, 8.125], "texture": "#0"},
				"south": {"uv": [3.5, 8, 3.75, 8.125], "texture": "#0"},
				"west": {"uv": [4, 8, 4.25, 8.125], "texture": "#0"},
				"up": {"uv": [7.75, 2.75, 7.5, 2.5], "texture": "#0"},
				"down": {"uv": [3.25, 7.5, 3, 7.75], "texture": "#0"}
			}
		},
		{
			"from": [6.75, 5, 11],
			"to": [9.25, 8.25, 12],
			"faces": {
				"north": {"uv": [3, 1.25, 3.625, 2.125], "texture": "#0"},
				"east": {"uv": [2.5, 6.25, 2.75, 7.125], "texture": "#0"},
				"south": {"uv": [3, 2.5, 3.625, 3.375], "texture": "#0"},
				"west": {"uv": [3, 6.25, 3.25, 7.125], "texture": "#0"},
				"up": {"uv": [7.125, 0.25, 6.5, 0], "texture": "#0"},
				"down": {"uv": [7.125, 0.5, 6.5, 0.75], "texture": "#0"}
			}
		},
		{
			"from": [6.85, 0.85, 11.35],
			"to": [9.15, 4.4, 13.15],
			"rotation": {"angle": -22.5, "axis": "x", "origin": [8, 6, 10]},
			"faces": {
				"north": {"uv": [2, 1.5, 2.625, 2.5], "texture": "#0"},
				"east": {"uv": [0, 3.5, 0.5, 4.5], "texture": "#0"},
				"south": {"uv": [2.75, 0, 3.375, 1], "texture": "#0"},
				"west": {"uv": [3.75, 0, 4.25, 1], "texture": "#0"},
				"up": {"uv": [3.125, 6, 2.5, 5.5], "texture": "#0"},
				"down": {"uv": [6.125, 3.75, 5.5, 4.25], "texture": "#0"}
			}
		},
		{
			"from": [7.35, 3.35, 10.35],
			"to": [8.65, 3.9, 12.65],
			"rotation": {"angle": 0, "axis": "y", "origin": [8, 6, 10]},
			"faces": {
				"north": {"uv": [7, 5, 7.375, 5.25], "texture": "#0"},
				"east": {"uv": [6.5, 1, 7.125, 1.25], "texture": "#0"},
				"south": {"uv": [7, 5.5, 7.375, 5.75], "texture": "#0"},
				"west": {"uv": [6.5, 3.75, 7.125, 4], "texture": "#0"},
				"up": {"uv": [6.125, 1.375, 5.75, 0.75], "texture": "#0"},
				"down": {"uv": [4.875, 5.75, 4.5, 6.375], "texture": "#0"}
			}
		},
		{
			"from": [7.45, 4.7, 11.7],
			"to": [8.55, 5.55, 12.05],
			"rotation": {"angle": 22.5, "axis": "x", "origin": [8, 6, 10]},
			"faces": {
				"north": {"uv": [4.5, 6.75, 4.875, 7.125], "texture": "#0"},
				"east": {"uv": [3.5, 7.25, 3.75, 7.625], "texture": "#0"},
				"south": {"uv": [0, 7, 0.375, 7.375], "texture": "#0"},
				"west": {"uv": [4, 7.25, 4.25, 7.625], "texture": "#0"},
				"up": {"uv": [7.625, 7.25, 7.25, 7], "texture": "#0"},
				"down": {"uv": [7.875, 0, 7.5, 0.25], "texture": "#0"}
			}
		},
		{
			"from": [7.35, 3.35, 9.6],
			"to": [8.65, 4.9, 10.4],
			"rotation": {"angle": 0, "axis": "y", "origin": [8, 6, 10]},
			"faces": {
				"north": {"uv": [6.25, 4.5, 6.625, 5], "texture": "#0"},
				"east": {"uv": [7, 1.5, 7.25, 2], "texture": "#0"},
				"south": {"uv": [6.25, 5.25, 6.625, 5.75], "texture": "#0"},
				"west": {"uv": [7, 2.25, 7.25, 2.75], "texture": "#0"},
				"up": {"uv": [7.875, 0.75, 7.5, 0.5], "texture": "#0"},
				"down": {"uv": [1.125, 7.5, 0.75, 7.75], "texture": "#0"}
			}
		},
		{
			"from": [6.75, 5, 12],
			"to": [9.25, 7.75, 13.5],
			"faces": {
				"north": {"uv": [3, 3.75, 3.625, 4.5], "texture": "#0"},
				"east": {"uv": [5.5, 4.5, 5.875, 5.25], "texture": "#0"},
				"south": {"uv": [4, 1.25, 4.625, 2], "texture": "#0"},
				"west": {"uv": [5.5, 5.5, 5.875, 6.25], "texture": "#0"},
				"up": {"uv": [6.625, 2.125, 6, 1.75], "texture": "#0"},
				"down": {"uv": [6.625, 2.5, 6, 2.875], "texture": "#0"}
			}
		},
		{
			"from": [7, 5, 8],
			"to": [9, 5.25, 11],
			"faces": {
				"north": {"uv": [7.5, 3, 8, 3.125], "texture": "#0"},
				"east": {"uv": [7.5, 1, 8.25, 1.125], "texture": "#0"},
				"south": {"uv": [7.5, 3.5, 8, 3.625], "texture": "#0"},
				"west": {"uv": [1.5, 7.5, 2.25, 7.625], "texture": "#0"},
				"up": {"uv": [0.5, 5.5, 0, 4.75], "texture": "#0"},
				"down": {"uv": [5.25, 3.75, 4.75, 4.5], "texture": "#0"}
			}
		},
		{
			"from": [7.25, 4.75, 7],
			"to": [8.75, 5, 12],
			"faces": {
				"north": {"uv": [0.5, 8, 0.875, 8.125], "texture": "#0"},
				"east": {"uv": [5.25, 6.5, 6.5, 6.625], "texture": "#0"},
				"south": {"uv": [1.25, 8, 1.625, 8.125], "texture": "#0"},
				"west": {"uv": [6.75, 6.5, 8, 6.625], "texture": "#0"},
				"up": {"uv": [2.125, 5.25, 1.75, 4], "texture": "#0"},
				"down": {"uv": [4.375, 2.25, 4, 3.5], "texture": "#0"}
			}
		},
		{
			"from": [5.1, 4.1, 7.85],
			"to": [7.9, 5.9, 11.15],
			"rotation": {"angle": -22.5, "axis": "z", "origin": [8, 5, 9.5]},
			"faces": {
				"north": {"uv": [4.75, 4.75, 5.25, 5.5], "rotation": 90, "texture": "#0"},
				"east": {"uv": [1.25, 4.25, 0.75, 5.125], "rotation": 270, "texture": "#0"},
				"south": {"uv": [5, 0.75, 5.5, 1.5], "rotation": 270, "texture": "#0"},
				"west": {"uv": [4.5, 4.625, 4, 3.75], "rotation": 270, "texture": "#0"},
				"up": {"uv": [0, 0, 0.875, 0.75], "rotation": 270, "texture": "#0"},
				"down": {"uv": [0, 1, 0.875, 1.75], "rotation": 270, "texture": "#0"}
			}
		},
		{
			"from": [5.6, 3.85, 7.85],
			"to": [7.4, 4.15, 11.15],
			"rotation": {"angle": -22.5, "axis": "z", "origin": [8, 5, 9.5]},
			"faces": {
				"north": {"uv": [7.5, 4, 7.625, 4.5], "rotation": 90, "texture": "#0"},
				"east": {"uv": [5.875, 7, 5.75, 7.875], "rotation": 270, "texture": "#0"},
				"south": {"uv": [4.5, 7.5, 4.625, 8], "rotation": 270, "texture": "#0"},
				"west": {"uv": [5.375, 7.875, 5.25, 7], "rotation": 270, "texture": "#0"},
				"up": {"uv": [4.5, 0, 5.375, 0.5], "rotation": 270, "texture": "#0"},
				"down": {"uv": [4.75, 2.25, 5.625, 2.75], "rotation": 270, "texture": "#0"}
			}
		},
		{
			"from": [5.6, 5.85, 7.85],
			"to": [7.4, 6.15, 11.15],
			"rotation": {"angle": -22.5, "axis": "z", "origin": [8, 5, 9.5]},
			"faces": {
				"north": {"uv": [7.25, 7.5, 7.375, 8], "rotation": 90, "texture": "#0"},
				"east": {"uv": [6.875, 7, 6.75, 7.875], "rotation": 270, "texture": "#0"},
				"south": {"uv": [0, 7.75, 0.125, 8.25], "rotation": 270, "texture": "#0"},
				"west": {"uv": [6.375, 7.875, 6.25, 7], "rotation": 270, "texture": "#0"},
				"up": {"uv": [2.5, 4.75, 3.375, 5.25], "rotation": 270, "texture": "#0"},
				"down": {"uv": [4.75, 3, 5.625, 3.5], "rotation": 270, "texture": "#0"}
			}
		},
		{
			"from": [7, 7.75, 8],
			"to": [9, 8.25, 11],
			"faces": {
				"north": {"uv": [7.75, 4.75, 8.25, 4.875], "texture": "#0"},
				"east": {"uv": [7.5, 1.5, 8.25, 1.625], "texture": "#0"},
				"south": {"uv": [7.75, 5.25, 8.25, 5.375], "texture": "#0"},
				"west": {"uv": [7.5, 2, 8.25, 2.125], "texture": "#0"},
				"up": {"uv": [4.25, 5.75, 3.75, 5], "texture": "#0"},
				"down": {"uv": [1.25, 5.5, 0.75, 6.25], "texture": "#0"}
			}
		},
		{
			"from": [7.5, 7.5, 11.75],
			"to": [8.5, 8, 13.5],
			"rotation": {"angle": -22.5, "axis": "x", "origin": [8, 8, 12]},
			"faces": {
				"north": {"uv": [8, 4, 8.25, 4.125], "texture": "#0"},
				"east": {"uv": [7.75, 5.75, 8.25, 5.875], "texture": "#0"},
				"south": {"uv": [8, 7, 8.25, 7.125], "texture": "#0"},
				"west": {"uv": [7.75, 7.5, 8.25, 7.625], "texture": "#0"},
				"up": {"uv": [7.25, 3.5, 7, 3], "texture": "#0"},
				"down": {"uv": [7.25, 4.25, 7, 4.75], "texture": "#0"}
			}
		}
	],
	"display": {
		"thirdperson_righthand": {
			"translation": [-1, 2, -2.5],
			"scale": [0.7, 0.7, 0.7]
		},
		"firstperson_righthand": {
			"rotation": [-56.25, -7.5, 0],
			"translation": [1.25, 3, 0]
		},
		"firstperson_lefthand": {
			"rotation": [-56.25, -7.5, 0],
			"translation": [-16.75, 3, 0]
		},
		"gui": {
			"rotation": [0, -90, 0]
		},
		"fixed": {
			"rotation": [-180, 90, -180]
		}
	},
	"groups": [
		{
			"name": "group",
			"origin": [8, 8, 8],
			"color": 0,
			"children": [0, 1, 2, 3, 4, 5, 6, 7, 8, 9, 10, 11, 12, 13, 14, 15, 16, 17]
		}
	]
}