{
	"credit": "Made with Blockbench",
	"textures": {
		"0": "nw:item/rocket_punch",
		"particle": "nw:item/rocket_punch"
	},
	"elements": [
		{
			"from": [0, -4, 0],
			"to": [16, 6, 16],
			"faces": {
				"north": {"uv": [0, 7, 16, 10], "texture": "#0"},
				"east": {"uv": [0, 7, 16, 10], "texture": "#0"},
				"south": {"uv": [0, 7, 16, 10], "texture": "#0"},
				"west": {"uv": [0, 7, 16, 10], "texture": "#0"},
				"up": {"uv": [10, 10, 16, 16], "texture": "#0"},
				"down": {"uv": [0, 0, 7, 7], "texture": "#0"}
			}
		},
		{
			"from": [5, -6, 11.5],
			"to": [16, -4, 15],
			"faces": {
				"north": {"uv": [0, 7, 16, 10], "texture": "#0"},
				"east": {"uv": [0, 7, 16, 10], "texture": "#0"},
				"south": {"uv": [0, 7, 16, 10], "texture": "#0"},
				"west": {"uv": [0, 7, 16, 10], "texture": "#0"},
				"down": {"uv": [2.25, 0.5, 7, 2], "texture": "#0"}
			}
		},
		{
			"from": [1, -6, 10],
			"to": [4.5, -4, 16],
			"faces": {
				"north": {"uv": [0, 7, 16, 10], "texture": "#0"},
				"east": {"uv": [0, 7, 16, 10], "texture": "#0"},
				"south": {"uv": [0, 7, 16, 10], "texture": "#0"},
				"west": {"uv": [0, 7, 16, 10], "texture": "#0"},
				"down": {"uv": [2.25, 0.5, 7, 2], "rotation": 270, "texture": "#0"}
			}
		},
		{
			"from": [5, -6, 7.5],
			"to": [16, -4, 11],
			"faces": {
				"north": {"uv": [0, 7, 16, 10], "texture": "#0"},
				"east": {"uv": [0, 7, 16, 10], "texture": "#0"},
				"south": {"uv": [0, 7, 16, 10], "texture": "#0"},
				"west": {"uv": [0, 7, 16, 10], "texture": "#0"},
				"down": {"uv": [2.25, 0.5, 7, 2], "texture": "#0"}
			}
		},
		{
			"from": [5, -6, 3.5],
			"to": [16, -4, 7],
			"faces": {
				"north": {"uv": [0, 7, 16, 10], "texture": "#0"},
				"east": {"uv": [0, 7, 16, 10], "texture": "#0"},
				"south": {"uv": [0, 7, 16, 10], "texture": "#0"},
				"west": {"uv": [0, 7, 16, 10], "texture": "#0"},
				"down": {"uv": [2.25, 0.5, 7, 2], "texture": "#0"}
			}
		},
		{
			"from": [5, -6, -0.5],
			"to": [16, -4, 3],
			"faces": {
				"north": {"uv": [0, 7, 16, 10], "texture": "#0"},
				"east": {"uv": [0, 7, 16, 10], "texture": "#0"},
				"south": {"uv": [0, 7, 16, 10], "texture": "#0"},
				"west": {"uv": [0, 7, 16, 10], "texture": "#0"},
				"up": {"uv": [10, 10, 16, 16], "texture": "#0"},
				"down": {"uv": [2.25, 0.5, 7, 2], "texture": "#0"}
			}
		},
		{
			"from": [5, 6, 5],
			"to": [11, 10, 11],
			"faces": {
				"north": {"uv": [0, 7, 16, 10], "texture": "#0"},
				"east": {"uv": [0, 7, 16, 10], "texture": "#0"},
				"south": {"uv": [0, 7, 16, 10], "texture": "#0"},
				"west": {"uv": [0, 7, 16, 10], "texture": "#0"},
				"up": {"uv": [10, 10, 16, 16], "texture": "#0"}
			}
		}
	],
	"display": {
		"thirdperson_righthand": {
			"rotation": [-180, 90, 0],
			"translation": [0, -2, 1.5],
			"scale": [0.3, 0.3, 0.3]
		},
		"gui": {
			"rotation": [-90, -90, 0]
		},
		"head": {
			"rotation": [90, 90, 0],
			"translation": [0, -13, 0.75],
			"scale": [0.3, 0.57, 0.3]
		}
	}
}