{
	"credit": "Made with Blockbench",
	"textures": {
		"0": "nw:item/scroll",
		"particle": "nw:item/scroll"
	},
	"elements": [
		{
			"name": "scroll_0",
			"from": [10, 0, 1],
			"to": [11, 1, 7],
			"faces": {
				"north": {"uv": [11, 1, 10, 2], "texture": "#0"},
				"east": {"uv": [10, 1, 11, 7], "rotation": 90, "texture": "#0"},
				"south": {"uv": [10, 6, 11, 7], "texture": "#0"},
				"west": {"uv": [10, 1, 11, 7], "rotation": 270, "texture": "#0"},
				"up": {"uv": [10, 1, 11, 7], "texture": "#0"},
				"down": {"uv": [10, 7, 11, 1], "texture": "#0"}
			}
		},
		{
			"name": "scroll_1",
			"from": [7, 0, 2],
			"to": [8, 1, 4],
			"faces": {
				"north": {"uv": [8, 2, 7, 3], "texture": "#0"},
				"east": {"uv": [7, 2, 8, 4], "rotation": 90, "texture": "#0"},
				"south": {"uv": [7, 3, 8, 4], "texture": "#0"},
				"west": {"uv": [7, 2, 8, 4], "rotation": 270, "texture": "#0"},
				"up": {"uv": [7, 2, 8, 4], "texture": "#0"},
				"down": {"uv": [7, 4, 8, 2], "texture": "#0"}
			}
		},
		{
			"name": "scroll_2",
			"from": [9, 0, 2],
			"to": [10, 1, 7],
			"faces": {
				"north": {"uv": [10, 2, 9, 3], "texture": "#0"},
				"east": {"uv": [9, 2, 10, 7], "rotation": 90, "texture": "#0"},
				"south": {"uv": [9, 6, 10, 7], "texture": "#0"},
				"west": {"uv": [9, 2, 10, 7], "rotation": 270, "texture": "#0"},
				"up": {"uv": [9, 2, 10, 7], "texture": "#0"},
				"down": {"uv": [9, 7, 10, 2], "texture": "#0"}
			}
		},
		{
			"name": "scroll_3",
			"from": [11, 0, 2],
			"to": [12, 1, 6],
			"faces": {
				"north": {"uv": [12, 2, 11, 3], "texture": "#0"},
				"east": {"uv": [11, 2, 12, 6], "rotation": 90, "texture": "#0"},
				"south": {"uv": [11, 5, 12, 6], "texture": "#0"},
				"west": {"uv": [11, 2, 12, 6], "rotation": 270, "texture": "#0"},
				"up": {"uv": [11, 2, 12, 6], "texture": "#0"},
				"down": {"uv": [11, 6, 12, 2], "texture": "#0"}
			}
		},
		{
			"name": "scroll_4",
			"from": [6, 0, 3],
			"to": [7, 1, 11],
			"faces": {
				"north": {"uv": [7, 3, 6, 4], "texture": "#0"},
				"east": {"uv": [6, 3, 7, 11], "rotation": 90, "texture": "#0"},
				"south": {"uv": [6, 10, 7, 11], "texture": "#0"},
				"west": {"uv": [6, 3, 7, 11], "rotation": 270, "texture": "#0"},
				"up": {"uv": [6, 3, 7, 11], "texture": "#0"},
				"down": {"uv": [6, 11, 7, 3], "texture": "#0"}
			}
		},
		{
			"name": "scroll_5",
			"from": [12, 0, 3],
			"to": [13, 1, 6],
			"faces": {
				"north": {"uv": [13, 3, 12, 4], "texture": "#0"},
				"east": {"uv": [12, 3, 13, 6], "rotation": 90, "texture": "#0"},
				"south": {"uv": [12, 5, 13, 6], "texture": "#0"},
				"west": {"uv": [12, 3, 13, 6], "rotation": 270, "texture": "#0"},
				"up": {"uv": [12, 3, 13, 6], "texture": "#0"},
				"down": {"uv": [12, 6, 13, 3], "texture": "#0"}
			}
		},
		{
			"name": "scroll_6",
			"from": [8, 0, 4],
			"to": [9, 1, 8],
			"faces": {
				"north": {"uv": [9, 4, 8, 5], "texture": "#0"},
				"east": {"uv": [8, 4, 9, 8], "rotation": 90, "texture": "#0"},
				"south": {"uv": [8, 7, 9, 8], "texture": "#0"},
				"west": {"uv": [8, 4, 9, 8], "rotation": 270, "texture": "#0"},
				"up": {"uv": [8, 4, 9, 8], "texture": "#0"},
				"down": {"uv": [8, 8, 9, 4], "texture": "#0"}
			}
		},
		{
			"name": "scroll_7",
			"from": [13, 0, 4],
			"to": [14, 1, 5],
			"faces": {
				"north": {"uv": [14, 4, 13, 5], "texture": "#0"},
				"east": {"uv": [13, 4, 14, 5], "rotation": 90, "texture": "#0"},
				"south": {"uv": [13, 4, 14, 5], "texture": "#0"},
				"west": {"uv": [13, 4, 14, 5], "rotation": 270, "texture": "#0"},
				"up": {"uv": [13, 4, 14, 5], "texture": "#0"},
				"down": {"uv": [13, 5, 14, 4], "texture": "#0"}
			}
		},
		{
			"name": "scroll_8",
			"from": [5, 0, 5],
			"to": [6, 1, 7],
			"faces": {
				"north": {"uv": [6, 5, 5, 6], "texture": "#0"},
				"east": {"uv": [5, 5, 6, 7], "rotation": 90, "texture": "#0"},
				"south": {"uv": [5, 6, 6, 7], "texture": "#0"},
				"west": {"uv": [5, 5, 6, 7], "rotation": 270, "texture": "#0"},
				"up": {"uv": [5, 5, 6, 7], "texture": "#0"},
				"down": {"uv": [5, 7, 6, 5], "texture": "#0"}
			}
		},
		{
			"name": "scroll_9",
			"from": [7, 0, 5],
			"to": [8, 1, 9],
			"faces": {
				"north": {"uv": [8, 5, 7, 6], "texture": "#0"},
				"east": {"uv": [7, 5, 8, 9], "rotation": 90, "texture": "#0"},
				"south": {"uv": [7, 8, 8, 9], "texture": "#0"},
				"west": {"uv": [7, 5, 8, 9], "rotation": 270, "texture": "#0"},
				"up": {"uv": [7, 5, 8, 9], "texture": "#0"},
				"down": {"uv": [7, 9, 8, 5], "texture": "#0"}
			}
		},
		{
			"name": "scroll_10",
			"from": [4, 0, 6],
			"to": [5, 1, 7],
			"faces": {
				"north": {"uv": [5, 6, 4, 7], "texture": "#0"},
				"east": {"uv": [4, 6, 5, 7], "rotation": 90, "texture": "#0"},
				"south": {"uv": [4, 6, 5, 7], "texture": "#0"},
				"west": {"uv": [4, 6, 5, 7], "rotation": 270, "texture": "#0"},
				"up": {"uv": [4, 6, 5, 7], "texture": "#0"},
				"down": {"uv": [4, 7, 5, 6], "texture": "#0"}
			}
		},
		{
			"name": "scroll_11",
			"from": [4, 0, 8],
			"to": [6, 1, 13],
			"faces": {
				"north": {"uv": [6, 8, 4, 9], "texture": "#0"},
				"east": {"uv": [5, 8, 6, 13], "rotation": 90, "texture": "#0"},
				"south": {"uv": [4, 12, 6, 13], "texture": "#0"},
				"west": {"uv": [4, 8, 5, 13], "rotation": 270, "texture": "#0"},
				"up": {"uv": [4, 8, 6, 13], "texture": "#0"},
				"down": {"uv": [4, 13, 6, 8], "texture": "#0"}
			}
		},
		{
			"name": "scroll_12",
			"from": [1, 0, 9],
			"to": [4, 1, 10],
			"faces": {
				"north": {"uv": [4, 9, 1, 10], "texture": "#0"},
				"east": {"uv": [3, 9, 4, 10], "rotation": 90, "texture": "#0"},
				"south": {"uv": [1, 9, 4, 10], "texture": "#0"},
				"west": {"uv": [1, 9, 2, 10], "rotation": 270, "texture": "#0"},
				"up": {"uv": [1, 9, 4, 10], "texture": "#0"},
				"down": {"uv": [1, 10, 4, 9], "texture": "#0"}
			}
		},
		{
			"name": "scroll_13",
			"from": [2, 0, 10],
			"to": [4, 1, 11],
			"faces": {
				"north": {"uv": [4, 10, 2, 11], "texture": "#0"},
				"east": {"uv": [3, 10, 4, 11], "rotation": 90, "texture": "#0"},
				"south": {"uv": [2, 10, 4, 11], "texture": "#0"},
				"west": {"uv": [2, 10, 3, 11], "rotation": 270, "texture": "#0"},
				"up": {"uv": [2, 10, 4, 11], "texture": "#0"},
				"down": {"uv": [2, 11, 4, 10], "texture": "#0"}
			}
		},
		{
			"name": "scroll_14",
			"from": [3, 0, 11],
			"to": [4, 1, 12],
			"faces": {
				"north": {"uv": [4, 11, 3, 12], "texture": "#0"},
				"east": {"uv": [3, 11, 4, 12], "rotation": 90, "texture": "#0"},
				"south": {"uv": [3, 11, 4, 12], "texture": "#0"},
				"west": {"uv": [3, 11, 4, 12], "rotation": 270, "texture": "#0"},
				"up": {"uv": [3, 11, 4, 12], "texture": "#0"},
				"down": {"uv": [3, 12, 4, 11], "texture": "#0"}
			}
		}
	],
	"gui_light": "front",
	"display": {
		"thirdperson_righthand": {
			"rotation": [57, 2.25, 85.75],
			"translation": [-3, 0, 0],
			"scale": [0.5, 0.5, 0.5]
		},
		"thirdperson_lefthand": {
			"rotation": [57, 2.25, 85.75],
			"translation": [-3, 0, 0],
			"scale": [0.5, 0.5, 0.5]
		},
		"firstperson_righthand": {
			"rotation": [57, 2.25, 85.75],
			"translation": [-0.25, 0, 0],
			"scale": [0.5, 0.5, 0.5]
		},
		"firstperson_lefthand": {
			"rotation": [57, 2.25, 85.75],
			"translation": [-0.25, 0, 0],
			"scale": [0.5, 0.5, 0.5]
		},
		"ground": {
			"translation": [0, 7.5, 2.5],
			"scale": [0.5, 0.5, 0.5]
		},
		"gui": {
			"rotation": [90, 0, 0],
			"translation": [0, -0.25, 6.25]
		},
		"fixed": {
			"rotation": [90, 0, 0],
			"translation": [0, 0, 6.25]
		}
	},
	"groups": [
		{
			"name": "scroll",
			"origin": [8, 8, 8],
			"color": 0,
			"children": [0, 1, 2, 3, 4, 5, 6, 7, 8, 9, 10, 11, 12, 13, 14]
		}
	]
}