{
	"credit": "Made with Blockbench",
	"texture_size": [64, 64],
	"textures": {
		"0": "nw:item/stray_cat",
		"particle": "nw:item/stray_cat"
	},
	"elements": [
		{
			"from": [7.1, -1.25523, 5.69152],
			"to": [8.9, 4.54477, 7.49152],
			"rotation": {"angle": -22.5, "axis": "x", "origin": [8, 4.07295, 5.43186]},
			"faces": {
				"north": {"uv": [6.5, 7.5, 6.75, 8.75], "texture": "#0"},
				"east": {"uv": [7.75, 0, 8, 1.25], "texture": "#0"},
				"south": {"uv": [7.75, 3.75, 8, 5], "texture": "#0"},
				"west": {"uv": [7.5, 7.75, 7.75, 9], "texture": "#0"},
				"up": {"uv": [3.75, 3.25, 3.5, 3], "texture": "#0"},
				"down": {"uv": [11.25, 8.25, 11, 8.5], "texture": "#0"}
			}
		},
		{
			"from": [7.3, 3.90994, 5.62884],
			"to": [8.7, 11.30994, 7.02884],
			"rotation": {"angle": 22.5, "axis": "x", "origin": [8, 4.07295, 5.43186]},
			"faces": {
				"north": {"uv": [7, 6, 7.25, 7.75], "texture": "#0"},
				"east": {"uv": [0, 7.25, 0.25, 9], "texture": "#0"},
				"south": {"uv": [0.5, 7.25, 0.75, 9], "texture": "#0"},
				"west": {"uv": [1, 7.25, 1.25, 9], "texture": "#0"},
				"up": {"uv": [11.5, 3.5, 11.25, 3.25], "texture": "#0"},
				"down": {"uv": [11.5, 3.75, 11.25, 4], "texture": "#0"}
			}
		},
		{
			"from": [6.75736, 2, 6.5],
			"to": [10.75736, 3, 10.5],
			"rotation": {"angle": 45, "axis": "z", "origin": [11, 3, 8]},
			"faces": {
				"north": {"uv": [8.5, 2.5, 9.5, 2.75], "texture": "#0"},
				"east": {"uv": [8.5, 3, 9.5, 3.25], "texture": "#0"},
				"south": {"uv": [3.5, 8.5, 4.5, 8.75], "texture": "#0"},
				"west": {"uv": [8.5, 6.25, 9.5, 6.5], "texture": "#0"},
				"up": {"uv": [1, 6, 0, 5], "texture": "#0"},
				"down": {"uv": [6, 0, 5, 1], "texture": "#0"}
			}
		},
		{
			"from": [10.75, -1, 6.5],
			"to": [11.75, 3, 10.5],
			"rotation": {"angle": 45, "axis": "z", "origin": [11, 3, 8]},
			"faces": {
				"north": {"uv": [8.5, 6.75, 8.75, 7.75], "texture": "#0"},
				"east": {"uv": [1.25, 5, 2.25, 6], "texture": "#0"},
				"south": {"uv": [8.5, 8, 8.75, 9], "texture": "#0"},
				"west": {"uv": [2.5, 5, 3.5, 6], "texture": "#0"},
				"up": {"uv": [9, 1, 8.75, 0], "texture": "#0"},
				"down": {"uv": [1.75, 9, 1.5, 10], "texture": "#0"}
			}
		},
		{
			"from": [7, 0, 6.5],
			"to": [8, 4, 10.5],
			"rotation": {"angle": 45, "axis": "z", "origin": [8, 0, 8]},
			"faces": {
				"north": {"uv": [2, 9, 2.25, 10], "texture": "#0"},
				"east": {"uv": [5.25, 2.75, 6.25, 3.75], "texture": "#0"},
				"south": {"uv": [2.5, 9, 2.75, 10], "texture": "#0"},
				"west": {"uv": [5.5, 4, 6.5, 5], "texture": "#0"},
				"up": {"uv": [3.75, 10, 3.5, 9], "texture": "#0"},
				"down": {"uv": [4.25, 9, 4, 10], "texture": "#0"}
			}
		},
		{
			"from": [4.25, -1, 6.5],
			"to": [5.25, 3, 10.5],
			"rotation": {"angle": -45, "axis": "z", "origin": [5, 3, 8]},
			"faces": {
				"north": {"uv": [4.5, 9, 4.75, 10], "texture": "#0"},
				"east": {"uv": [5.5, 5.25, 6.5, 6.25], "texture": "#0"},
				"south": {"uv": [6.5, 9, 6.75, 10], "texture": "#0"},
				"west": {"uv": [3.75, 5.75, 4.75, 6.75], "texture": "#0"},
				"up": {"uv": [9.25, 7.75, 9, 6.75], "texture": "#0"},
				"down": {"uv": [9.25, 8, 9, 9], "texture": "#0"}
			}
		},
		{
			"from": [8.5, 4, 5.4],
			"to": [11.5, 5, 8.4],
			"rotation": {"angle": 22.5, "axis": "z", "origin": [8, 5, 7]},
			"faces": {
				"north": {"uv": [9.5, 5.75, 10.25, 6], "texture": "#0"},
				"east": {"uv": [9.75, 6.25, 10.5, 6.5], "texture": "#0"},
				"south": {"uv": [10, 2, 10.75, 2.25], "texture": "#0"},
				"west": {"uv": [1.5, 10.25, 2.25, 10.5], "texture": "#0"},
				"up": {"uv": [7.25, 2.75, 6.5, 2], "texture": "#0"},
				"down": {"uv": [7.25, 3, 6.5, 3.75], "texture": "#0"}
			}
		},
		{
			"from": [4.5, 4, 5.4],
			"to": [7.5, 5, 8.4],
			"rotation": {"angle": -22.5, "axis": "z", "origin": [8, 5, 7]},
			"faces": {
				"north": {"uv": [10.25, 2.5, 11, 2.75], "texture": "#0"},
				"east": {"uv": [10.25, 3, 11, 3.25], "texture": "#0"},
				"south": {"uv": [3.5, 10.25, 4.25, 10.5], "texture": "#0"},
				"west": {"uv": [10.25, 3.5, 11, 3.75], "texture": "#0"},
				"up": {"uv": [5.75, 7.25, 5, 6.5], "texture": "#0"},
				"down": {"uv": [6.75, 6.5, 6, 7.25], "texture": "#0"}
			}
		},
		{
			"from": [2.5, 6.5, 5.4],
			"to": [5.5, 7.5, 8.4],
			"rotation": {"angle": 22.5, "axis": "z", "origin": [8, 5, 7]},
			"faces": {
				"north": {"uv": [10.25, 4, 11, 4.25], "texture": "#0"},
				"east": {"uv": [10.25, 4.5, 11, 4.75], "texture": "#0"},
				"south": {"uv": [10.25, 5, 11, 5.25], "texture": "#0"},
				"west": {"uv": [9.5, 10.25, 10.25, 10.5], "texture": "#0"},
				"up": {"uv": [7.5, 4.75, 6.75, 4], "texture": "#0"},
				"down": {"uv": [7.5, 5, 6.75, 5.75], "texture": "#0"}
			}
		},
		{
			"from": [10.5, 6.5, 5.4],
			"to": [13.5, 7.5, 8.4],
			"rotation": {"angle": -22.5, "axis": "z", "origin": [8, 5, 7]},
			"faces": {
				"north": {"uv": [10.5, 0, 11.25, 0.25], "texture": "#0"},
				"east": {"uv": [10.5, 0.5, 11.25, 0.75], "texture": "#0"},
				"south": {"uv": [10.5, 1, 11.25, 1.25], "texture": "#0"},
				"west": {"uv": [10.5, 1.5, 11.25, 1.75], "texture": "#0"},
				"up": {"uv": [3.75, 7.75, 3, 7], "texture": "#0"},
				"down": {"uv": [4.75, 7, 4, 7.75], "texture": "#0"}
			}
		},
		{
			"from": [4, 8, 4.5],
			"to": [8, 9, 9.5],
			"rotation": {"angle": -22.5, "axis": "z", "origin": [8, 9, 7]},
			"faces": {
				"north": {"uv": [0, 9.25, 1, 9.5], "texture": "#0"},
				"east": {"uv": [7.75, 1.5, 9, 1.75], "texture": "#0"},
				"south": {"uv": [9.25, 0, 10.25, 0.25], "texture": "#0"},
				"west": {"uv": [7.75, 5.25, 9, 5.5], "texture": "#0"},
				"up": {"uv": [2.5, 4.75, 1.5, 3.5], "texture": "#0"},
				"down": {"uv": [4.5, 1.5, 3.5, 2.75], "texture": "#0"}
			}
		},
		{
			"from": [3.2, 10.8, 4.5],
			"to": [4.2, 13.8, 9.5],
			"rotation": {"angle": 45, "axis": "z", "origin": [5, 11, 7]},
			"faces": {
				"north": {"uv": [2.5, 10.25, 2.75, 11], "texture": "#0"},
				"east": {"uv": [0, 6.25, 1.25, 7], "texture": "#0"},
				"south": {"uv": [4.5, 10.25, 4.75, 11], "texture": "#0"},
				"west": {"uv": [6.25, 0, 7.5, 0.75], "texture": "#0"},
				"up": {"uv": [8.25, 3.25, 8, 2], "texture": "#0"},
				"down": {"uv": [3.25, 8, 3, 9.25], "texture": "#0"}
			}
		},
		{
			"from": [8, 8, 4.5],
			"to": [12, 9, 9.5],
			"rotation": {"angle": 22.5, "axis": "z", "origin": [8, 9, 7]},
			"faces": {
				"north": {"uv": [9.25, 0.5, 10.25, 0.75], "texture": "#0"},
				"east": {"uv": [3.5, 8, 4.75, 8.25], "texture": "#0"},
				"south": {"uv": [9.25, 1, 10.25, 1.25], "texture": "#0"},
				"west": {"uv": [8, 5.75, 9.25, 6], "texture": "#0"},
				"up": {"uv": [3.75, 4.75, 2.75, 3.5], "texture": "#0"},
				"down": {"uv": [5, 3, 4, 4.25], "texture": "#0"}
			}
		},
		{
			"from": [12, 10, 4.5],
			"to": [13, 13, 9.5],
			"rotation": {"angle": -45, "axis": "z", "origin": [12, 11, 7]},
			"faces": {
				"north": {"uv": [6.5, 10.25, 6.75, 11], "texture": "#0"},
				"east": {"uv": [6.25, 1, 7.5, 1.75], "texture": "#0"},
				"south": {"uv": [10.5, 6.75, 10.75, 7.5], "texture": "#0"},
				"west": {"uv": [1.5, 6.25, 2.75, 7], "texture": "#0"},
				"up": {"uv": [8.25, 7.5, 8, 6.25], "texture": "#0"},
				"down": {"uv": [7.25, 8, 7, 9.25], "texture": "#0"}
			}
		},
		{
			"from": [5.8, 10, 5],
			"to": [10.3, 11, 9],
			"faces": {
				"north": {"uv": [8.25, 3.5, 9.375, 3.75], "texture": "#0"},
				"east": {"uv": [9.25, 1.5, 10.25, 1.75], "texture": "#0"},
				"south": {"uv": [8.25, 4, 9.375, 4.25], "texture": "#0"},
				"west": {"uv": [5, 9.25, 6, 9.5], "texture": "#0"},
				"up": {"uv": [5.125, 5.5, 4, 4.5], "texture": "#0"},
				"down": {"uv": [5.875, 1.5, 4.75, 2.5], "texture": "#0"}
			}
		},
		{
			"from": [8, 10, 4],
			"to": [10.5, 11.5, 5],
			"faces": {
				"north": {"uv": [9.25, 5, 9.875, 5.375], "texture": "#0"},
				"east": {"uv": [11, 7.5, 11.25, 7.875], "texture": "#0"},
				"south": {"uv": [9.5, 6.75, 10.125, 7.125], "texture": "#0"},
				"west": {"uv": [11, 9.75, 11.25, 10.125], "texture": "#0"},
				"up": {"uv": [11.375, 6.25, 10.75, 6], "texture": "#0"},
				"down": {"uv": [11.125, 10.75, 10.5, 11], "texture": "#0"}
			}
		},
		{
			"from": [5.5, 10, 4],
			"to": [8, 11.5, 5],
			"rotation": {"angle": 0, "axis": "y", "origin": [-0.2, 0, 0]},
			"faces": {
				"north": {"uv": [9.5, 7.5, 10.125, 7.875], "texture": "#0"},
				"east": {"uv": [2.5, 11.25, 2.75, 11.625], "texture": "#0"},
				"south": {"uv": [9.5, 8.25, 10.125, 8.625], "texture": "#0"},
				"west": {"uv": [11.25, 2.5, 11.5, 2.875], "texture": "#0"},
				"up": {"uv": [0.625, 11.25, 0, 11], "texture": "#0"},
				"down": {"uv": [11.625, 2, 11, 2.25], "texture": "#0"}
			}
		},
		{
			"from": [6.8, 10, 3.5],
			"to": [9.3, 11, 4.5],
			"rotation": {"angle": -22.5, "axis": "x", "origin": [8, 12, 7]},
			"faces": {
				"north": {"uv": [5, 11, 5.625, 11.25], "texture": "#0"},
				"east": {"uv": [11.25, 4.25, 11.5, 4.5], "texture": "#0"},
				"south": {"uv": [11, 6.5, 11.625, 6.75], "texture": "#0"},
				"west": {"uv": [4.5, 11.25, 4.75, 11.5], "texture": "#0"},
				"up": {"uv": [11.625, 7.25, 11, 7], "texture": "#0"},
				"down": {"uv": [8.125, 11, 7.5, 11.25], "texture": "#0"}
			}
		},
		{
			"from": [5.8, 10, 9],
			"to": [10.3, 15, 10],
			"rotation": {"angle": 0, "axis": "y", "origin": [8, 11, 10]},
			"faces": {
				"north": {"uv": [0, 3.5, 1.125, 4.75], "texture": "#0"},
				"east": {"uv": [8, 7.75, 8.25, 9], "texture": "#0"},
				"south": {"uv": [3.5, 0, 4.625, 1.25], "texture": "#0"},
				"west": {"uv": [8.25, 0, 8.5, 1.25], "texture": "#0"},
				"up": {"uv": [9.375, 4.75, 8.25, 4.5], "texture": "#0"},
				"down": {"uv": [9.625, 2, 8.5, 2.25], "texture": "#0"}
			}
		},
		{
			"from": [10.3, 10, 4.5],
			"to": [11.3, 16, 10],
			"rotation": {"angle": 0, "axis": "y", "origin": [8, 11, 9.5]},
			"faces": {
				"north": {"uv": [1.5, 7.25, 1.75, 8.75], "texture": "#0"},
				"east": {"uv": [0, 0, 1.375, 1.5], "texture": "#0"},
				"south": {"uv": [2, 7.25, 2.25, 8.75], "texture": "#0"},
				"west": {"uv": [0, 1.75, 1.375, 3.25], "texture": "#0"},
				"up": {"uv": [5.25, 8.875, 5, 7.5], "texture": "#0"},
				"down": {"uv": [5.75, 7.5, 5.5, 8.875], "texture": "#0"}
			}
		},
		{
			"from": [10.3, 16, 7],
			"to": [11.3, 17, 10],
			"rotation": {"angle": 0, "axis": "y", "origin": [8, 11, 10]},
			"faces": {
				"north": {"uv": [11.25, 4.75, 11.5, 5], "texture": "#0"},
				"east": {"uv": [10.5, 5.5, 11.25, 5.75], "texture": "#0"},
				"south": {"uv": [6.5, 11.25, 6.75, 11.5], "texture": "#0"},
				"west": {"uv": [7.5, 10.5, 8.25, 10.75], "texture": "#0"},
				"up": {"uv": [10.75, 8.5, 10.5, 7.75], "texture": "#0"},
				"down": {"uv": [8.75, 10.5, 8.5, 11.25], "texture": "#0"}
			}
		},
		{
			"from": [4.8, 10, 4.5],
			"to": [5.8, 16, 10],
			"rotation": {"angle": 0, "axis": "y", "origin": [8, 11, 9.5]},
			"faces": {
				"north": {"uv": [2.5, 7.25, 2.75, 8.75], "texture": "#0"},
				"east": {"uv": [1.75, 0, 3.125, 1.5], "texture": "#0"},
				"south": {"uv": [7.5, 2, 7.75, 3.5], "texture": "#0"},
				"west": {"uv": [1.75, 1.75, 3.125, 3.25], "texture": "#0"},
				"up": {"uv": [6.25, 8.875, 6, 7.5], "texture": "#0"},
				"down": {"uv": [7.75, 6, 7.5, 7.375], "texture": "#0"}
			}
		},
		{
			"from": [4.8, 16, 7],
			"to": [5.8, 17, 10],
			"rotation": {"angle": 0, "axis": "y", "origin": [8, 11, 10]},
			"faces": {
				"north": {"uv": [10.5, 11.25, 10.75, 11.5], "texture": "#0"},
				"east": {"uv": [10.5, 8.75, 11.25, 9], "texture": "#0"},
				"south": {"uv": [11, 11.25, 11.25, 11.5], "texture": "#0"},
				"west": {"uv": [10.5, 9.25, 11.25, 9.5], "texture": "#0"},
				"up": {"uv": [9.25, 11.25, 9, 10.5], "texture": "#0"},
				"down": {"uv": [10.75, 9.75, 10.5, 10.5], "texture": "#0"}
			}
		},
		{
			"from": [8.8, 11.8, 4.8],
			"to": [10.2, 12.7, 6.2],
			"faces": {
				"north": {"uv": [13.5625, 6.8125, 14.3125, 7.5625], "texture": "#0"},
				"east": {"uv": [11.5, 0, 11.75, 0.25], "texture": "#0"},
				"south": {"uv": [0.5, 11.5, 0.75, 11.75], "texture": "#0"},
				"west": {"uv": [11.5, 0.5, 11.75, 0.75], "texture": "#0"},
				"up": {"uv": [11.75, 1.25, 11.5, 1], "texture": "#0"},
				"down": {"uv": [11.75, 1.5, 11.5, 1.75], "texture": "#0"}
			}
		},
		{
			"from": [5.9, 11.8, 4.8],
			"to": [7.3, 12.7, 6.2],
			"faces": {
				"north": {"uv": [14.9375, 6.8125, 15.6875, 7.5625], "texture": "#0"},
				"east": {"uv": [11.5, 5.25, 11.75, 5.5], "texture": "#0"},
				"south": {"uv": [5.5, 11.5, 5.75, 11.75], "texture": "#0"},
				"west": {"uv": [7.5, 11.5, 7.75, 11.75], "texture": "#0"},
				"up": {"uv": [11.75, 7.75, 11.5, 7.5], "texture": "#0"},
				"down": {"uv": [8.25, 11.5, 8, 11.75], "texture": "#0"}
			}
		},
		{
			"from": [7.3, 11, 6.3],
			"to": [7.7, 12.4, 6.7],
			"faces": {
				"north": {"uv": [5, 5.75, 5.25, 6.25], "texture": "#0"},
				"east": {"uv": [3, 6.25, 3.25, 6.75], "texture": "#0"},
				"south": {"uv": [1, 11, 1.25, 11.5], "texture": "#0"},
				"west": {"uv": [6, 11, 6.25, 11.5], "texture": "#0"},
				"up": {"uv": [11.75, 8.25, 11.5, 8], "texture": "#0"},
				"down": {"uv": [8.75, 11.5, 8.5, 11.75], "texture": "#0"}
			}
		},
		{
			"from": [8.3, 11, 5.3],
			"to": [8.7, 13.4, 5.7],
			"faces": {
				"north": {"uv": [1.5, 10.75, 1.75, 11.5], "texture": "#0"},
				"east": {"uv": [2, 10.75, 2.25, 11.5], "texture": "#0"},
				"south": {"uv": [3, 10.75, 3.25, 11.5], "texture": "#0"},
				"west": {"uv": [3.5, 10.75, 3.75, 11.5], "texture": "#0"},
				"up": {"uv": [11.75, 8.75, 11.5, 8.5], "texture": "#0"},
				"down": {"uv": [9.25, 11.5, 9, 11.75], "texture": "#0"}
			}
		},
		{
			"from": [9.3, 11, 6.3],
			"to": [9.7, 13.4, 6.7],
			"faces": {
				"north": {"uv": [4, 10.75, 4.25, 11.5], "texture": "#0"},
				"east": {"uv": [7, 10.75, 7.25, 11.5], "texture": "#0"},
				"south": {"uv": [9.5, 10.75, 9.75, 11.5], "texture": "#0"},
				"west": {"uv": [10, 10.75, 10.25, 11.5], "texture": "#0"},
				"up": {"uv": [11.75, 9.25, 11.5, 9], "texture": "#0"},
				"down": {"uv": [11.75, 9.5, 11.5, 9.75], "texture": "#0"}
			}
		},
		{
			"from": [8.3, 11, 7.3],
			"to": [8.7, 14.4, 7.7],
			"faces": {
				"north": {"uv": [7.5, 9.25, 7.75, 10.25], "texture": "#0"},
				"east": {"uv": [8, 9.25, 8.25, 10.25], "texture": "#0"},
				"south": {"uv": [8.5, 9.25, 8.75, 10.25], "texture": "#0"},
				"west": {"uv": [9, 9.25, 9.25, 10.25], "texture": "#0"},
				"up": {"uv": [11.75, 10.25, 11.5, 10], "texture": "#0"},
				"down": {"uv": [11.75, 10.5, 11.5, 10.75], "texture": "#0"}
			}
		},
		{
			"from": [6.3, 11, 6.3],
			"to": [6.7, 13.9, 6.7],
			"faces": {
				"north": {"uv": [3, 9.5, 3.25, 10.375], "texture": "#0"},
				"east": {"uv": [7, 9.5, 7.25, 10.375], "texture": "#0"},
				"south": {"uv": [9.5, 9, 9.75, 9.875], "texture": "#0"},
				"west": {"uv": [0, 9.75, 0.25, 10.625], "texture": "#0"},
				"up": {"uv": [11.75, 11.25, 11.5, 11], "texture": "#0"},
				"down": {"uv": [11.75, 11.5, 11.5, 11.75], "texture": "#0"}
			}
		},
		{
			"from": [6.8, 11, 7.8],
			"to": [7.2, 13.9, 8.2],
			"faces": {
				"north": {"uv": [0.5, 9.75, 0.75, 10.625], "texture": "#0"},
				"east": {"uv": [1, 9.75, 1.25, 10.625], "texture": "#0"},
				"south": {"uv": [9.75, 2.5, 10, 3.375], "texture": "#0"},
				"west": {"uv": [9.75, 3.75, 10, 4.625], "texture": "#0"},
				"up": {"uv": [1.25, 12, 1, 11.75], "texture": "#0"},
				"down": {"uv": [1.75, 11.75, 1.5, 12], "texture": "#0"}
			}
		},
		{
			"from": [9.3, 10.8, 7.8],
			"to": [9.7, 13.7, 8.2],
			"faces": {
				"north": {"uv": [5, 9.75, 5.25, 10.625], "texture": "#0"},
				"east": {"uv": [5.5, 9.75, 5.75, 10.625], "texture": "#0"},
				"south": {"uv": [6, 9.75, 6.25, 10.625], "texture": "#0"},
				"west": {"uv": [10, 9, 10.25, 9.875], "texture": "#0"},
				"up": {"uv": [2.25, 12, 2, 11.75], "texture": "#0"},
				"down": {"uv": [12, 2.5, 11.75, 2.75], "texture": "#0"}
			}
		}
	],
	"gui_light": "front",
	"display": {
		"thirdperson_righthand": {
			"rotation": [70, 0, 0],
			"translation": [0, 0.75, 4.25],
			"scale": [0.5, 0.5, 0.5]
		},
		"gui": {
			"rotation": [0, -180, 0],
			"scale": [0.9, 0.9, 0.9]
		},
		"head": {
			"translation": [0, -34, 0]
		}
	},
	"groups": [
		{
			"name": "StrayCat",
			"origin": [8, 8, 8],
			"color": 0,
			"children": [
				{
					"name": "Body",
					"origin": [8, 8, 8],
					"color": 0,
					"children": [0, 1, 2, 3, 4, 5, 6, 7, 8, 9]
				},
				{
					"name": "Head",
					"origin": [8, 8, 8],
					"color": 0,
					"children": [10, 11, 12, 13, 14, 15, 16, 17, 18, 19, 20, 21, 22, 23, 24, 25, 26, 27, 28, 29, 30, 31]
				}
			]
		}
	]
}