{
	"credit": "Made with Blockbench",
	"texture_size": [64, 64],
	"textures": {
		"0": "nw:item/tommy_gun",
		"particle": "nw:item/tommy_gun"
	},
	"elements": [
		{
			"from": [7, 8, -5],
			"to": [9, 10, 6],
			"faces": {
				"north": {"uv": [5.25, 1.5, 5.75, 2], "texture": "#0"},
				"east": {"uv": [3.5, 0, 6.25, 0.5], "texture": "#0"},
				"south": {"uv": [8.25, 3, 8.75, 3.5], "texture": "#0"},
				"west": {"uv": [3.5, 0.75, 6.25, 1.25], "texture": "#0"},
				"up": {"uv": [0.5, 7, 0, 4.25], "texture": "#0"},
				"down": {"uv": [1.25, 4.25, 0.75, 7], "texture": "#0"}
			}
		},
		{
			"from": [7, 6.5, -1],
			"to": [9, 7.5, 6],
			"faces": {
				"north": {"uv": [9.75, 0.5, 10.25, 0.75], "texture": "#0"},
				"east": {"uv": [7.5, 3.75, 9.25, 4], "texture": "#0"},
				"south": {"uv": [9.75, 1, 10.25, 1.25], "texture": "#0"},
				"west": {"uv": [7.5, 4.25, 9.25, 4.5], "texture": "#0"},
				"up": {"uv": [6.5, 3.25, 6, 1.5], "texture": "#0"},
				"down": {"uv": [6.5, 3.5, 6, 5.25], "texture": "#0"}
			}
		},
		{
			"from": [7.25, 5.59619, 5.01641],
			"to": [8.75, 6.59619, 6.51641],
			"rotation": {"angle": 22.5, "axis": "x", "origin": [9, 7.84619, 6.01641]},
			"faces": {
				"north": {"uv": [5, 10, 5.375, 10.25], "texture": "#0"},
				"east": {"uv": [7.25, 10, 7.625, 10.25], "texture": "#0"},
				"south": {"uv": [10.25, 4, 10.625, 4.25], "texture": "#0"},
				"west": {"uv": [10.25, 4.5, 10.625, 4.75], "texture": "#0"},
				"up": {"uv": [9.875, 6.125, 9.5, 5.75], "texture": "#0"},
				"down": {"uv": [9.875, 6.5, 9.5, 6.875], "texture": "#0"}
			}
		},
		{
			"from": [7.25, 6, 2.5],
			"to": [8.75, 6.5, 4.5],
			"faces": {
				"north": {"uv": [0, 10.5, 0.375, 10.625], "texture": "#0"},
				"east": {"uv": [10.25, 7.75, 10.75, 7.875], "texture": "#0"},
				"south": {"uv": [10.5, 0.5, 10.875, 0.625], "texture": "#0"},
				"west": {"uv": [8, 10.25, 8.5, 10.375], "texture": "#0"},
				"up": {"uv": [9.375, 2.5, 9, 2], "texture": "#0"},
				"down": {"uv": [9.375, 2.75, 9, 3.25], "texture": "#0"}
			}
		},
		{
			"from": [7, 7.5, 6],
			"to": [9, 10, 9],
			"faces": {
				"north": {"uv": [3.5, 8.75, 4, 9.375], "texture": "#0"},
				"east": {"uv": [0.75, 7.25, 1.5, 7.875], "texture": "#0"},
				"south": {"uv": [8.75, 5.75, 9.25, 6.375], "texture": "#0"},
				"west": {"uv": [1.75, 7.25, 2.5, 7.875], "texture": "#0"},
				"up": {"uv": [8, 6.5, 7.5, 5.75], "texture": "#0"},
				"down": {"uv": [6.5, 7.5, 6, 8.25], "texture": "#0"}
			}
		},
		{
			"from": [7, 7.5, 11],
			"to": [9, 10, 22],
			"faces": {
				"north": {"uv": [6.5, 8.75, 7, 9.375], "texture": "#0"},
				"east": {"uv": [0, 3.25, 2.75, 3.875], "texture": "#0"},
				"south": {"uv": [8.75, 6.75, 9.25, 7.375], "texture": "#0"},
				"west": {"uv": [3, 3.25, 5.75, 3.875], "texture": "#0"},
				"up": {"uv": [2, 7, 1.5, 4.25], "texture": "#0"},
				"down": {"uv": [2.75, 4.25, 2.25, 7], "texture": "#0"}
			}
		},
		{
			"from": [7.1, 7.1, 17.85],
			"to": [8.9, 9.9, 28.65],
			"rotation": {"angle": 22.5, "axis": "x", "origin": [8, 10, 16]},
			"faces": {
				"north": {"uv": [7.5, 6.75, 8, 7.5], "texture": "#0"},
				"east": {"uv": [0, 2.25, 2.75, 3], "texture": "#0"},
				"south": {"uv": [6.75, 7.75, 7.25, 8.5], "texture": "#0"},
				"west": {"uv": [3, 2.25, 5.75, 3], "texture": "#0"},
				"up": {"uv": [3.5, 7, 3, 4.25], "texture": "#0"},
				"down": {"uv": [4.25, 4.25, 3.75, 7], "texture": "#0"}
			}
		},
		{
			"from": [7.1, 6.28478, 22.42654],
			"to": [8.9, 7.08478, 28.72654],
			"rotation": {"angle": 22.5, "axis": "x", "origin": [8, 10.18478, 16.07654]},
			"faces": {
				"north": {"uv": [9.75, 1.5, 10.25, 1.75], "texture": "#0"},
				"east": {"uv": [7.5, 4.75, 9.125, 5], "texture": "#0"},
				"south": {"uv": [9.75, 2, 10.25, 2.25], "texture": "#0"},
				"west": {"uv": [7.5, 5.25, 9.125, 5.5], "texture": "#0"},
				"up": {"uv": [6.5, 7.125, 6, 5.5], "texture": "#0"},
				"down": {"uv": [5, 6.5, 4.5, 8.125], "texture": "#0"}
			}
		},
		{
			"from": [7.25, 6.5, 11],
			"to": [8.75, 7.5, 17],
			"faces": {
				"north": {"uv": [10.25, 5, 10.625, 5.25], "texture": "#0"},
				"east": {"uv": [7.5, 7.75, 9, 8], "texture": "#0"},
				"south": {"uv": [10.25, 5.5, 10.625, 5.75], "texture": "#0"},
				"west": {"uv": [8.25, 0, 9.75, 0.25], "texture": "#0"},
				"up": {"uv": [7.125, 7.5, 6.75, 6], "texture": "#0"},
				"down": {"uv": [0.375, 7.25, 0, 8.75], "texture": "#0"}
			}
		},
		{
			"from": [7.35, 2.35, 14.1],
			"to": [8.65, 6.4, 15.15],
			"rotation": {"angle": -22.5, "axis": "x", "origin": [8, 8, 14]},
			"faces": {
				"north": {"uv": [2.75, 7.25, 3.125, 8.5], "texture": "#0"},
				"east": {"uv": [3.5, 7.25, 3.875, 8.5], "texture": "#0"},
				"south": {"uv": [7.5, 0.75, 7.875, 2], "texture": "#0"},
				"west": {"uv": [7.5, 2.25, 7.875, 3.5], "texture": "#0"},
				"up": {"uv": [9.875, 7.625, 9.5, 7.25], "texture": "#0"},
				"down": {"uv": [8.375, 9.5, 8, 9.875], "texture": "#0"}
			}
		},
		{
			"from": [7.25, 9.02257, -0.20884],
			"to": [8.75, 13.02257, 1.29116],
			"rotation": {"angle": -22.5, "axis": "x", "origin": [7.75, 7.77257, 15.79116]},
			"faces": {
				"north": {"uv": [8.25, 0.5, 8.625, 1.5], "texture": "#0"},
				"east": {"uv": [0.75, 8.25, 1.125, 9.25], "texture": "#0"},
				"south": {"uv": [1.5, 8.25, 1.875, 9.25], "texture": "#0"},
				"west": {"uv": [8.25, 1.75, 8.625, 2.75], "texture": "#0"},
				"up": {"uv": [9.875, 8.375, 9.5, 8], "texture": "#0"},
				"down": {"uv": [9.875, 8.75, 9.5, 9.125], "texture": "#0"}
			}
		},
		{
			"from": [7.25, 5.39151, 0.96245],
			"to": [8.75, 6.89151, 2.96245],
			"rotation": {"angle": -22.5, "axis": "x", "origin": [7.75, 5.78332, 1.47219]},
			"faces": {
				"north": {"uv": [9.5, 9.5, 9.875, 9.875], "texture": "#0"},
				"east": {"uv": [8.75, 9, 9.25, 9.375], "texture": "#0"},
				"south": {"uv": [0, 9.75, 0.375, 10.125], "texture": "#0"},
				"west": {"uv": [0.75, 9.5, 1.25, 9.875], "texture": "#0"},
				"up": {"uv": [1.875, 10, 1.5, 9.5], "texture": "#0"},
				"down": {"uv": [9.875, 3.5, 9.5, 4], "texture": "#0"}
			}
		},
		{
			"from": [7.25, 4.75, 12.25],
			"to": [8.75, 5.25, 15.5],
			"rotation": {"angle": 0, "axis": "y", "origin": [8, 8, 14]},
			"faces": {
				"north": {"uv": [10.5, 1, 10.875, 1.125], "texture": "#0"},
				"east": {"uv": [0.75, 10.25, 1.625, 10.375], "texture": "#0"},
				"south": {"uv": [10.5, 1.5, 10.875, 1.625], "texture": "#0"},
				"west": {"uv": [10.25, 2.5, 11.125, 2.625], "texture": "#0"},
				"up": {"uv": [8.375, 9.125, 8, 8.25], "texture": "#0"},
				"down": {"uv": [4.625, 8.5, 4.25, 9.375], "texture": "#0"}
			}
		},
		{
			"from": [7.5, 5.75, 14.75],
			"to": [8.5, 7, 15.25],
			"rotation": {"angle": 22.5, "axis": "x", "origin": [8, 8, 14]},
			"faces": {
				"north": {"uv": [3, 10, 3.25, 10.375], "texture": "#0"},
				"east": {"uv": [2, 10.5, 2.125, 10.875], "texture": "#0"},
				"south": {"uv": [10.25, 6, 10.5, 6.375], "texture": "#0"},
				"west": {"uv": [2.5, 10.5, 2.625, 10.875], "texture": "#0"},
				"up": {"uv": [4.5, 10.625, 4.25, 10.5], "texture": "#0"},
				"down": {"uv": [5, 10.5, 4.75, 10.625], "texture": "#0"}
			}
		},
		{
			"from": [7.25, 4.75, 11.25],
			"to": [8.75, 6.5, 12.25],
			"rotation": {"angle": 0, "axis": "y", "origin": [8, 8, 14]},
			"faces": {
				"north": {"uv": [9.5, 4.25, 9.875, 4.75], "texture": "#0"},
				"east": {"uv": [9.75, 2.5, 10, 3], "texture": "#0"},
				"south": {"uv": [9.5, 5, 9.875, 5.5], "texture": "#0"},
				"west": {"uv": [3.5, 9.75, 3.75, 10.25], "texture": "#0"},
				"up": {"uv": [10.625, 7, 10.25, 6.75], "texture": "#0"},
				"down": {"uv": [10.625, 7.25, 10.25, 7.5], "texture": "#0"}
			}
		},
		{
			"from": [7.25, 10, 18.5],
			"to": [8.75, 10.5, 22],
			"faces": {
				"north": {"uv": [10.5, 2, 10.875, 2.125], "texture": "#0"},
				"east": {"uv": [10.25, 3, 11.125, 3.125], "texture": "#0"},
				"south": {"uv": [3.5, 10.5, 3.875, 10.625], "texture": "#0"},
				"west": {"uv": [10.25, 3.5, 11.125, 3.625], "texture": "#0"},
				"up": {"uv": [6.125, 9.375, 5.75, 8.5], "texture": "#0"},
				"down": {"uv": [3.125, 8.75, 2.75, 9.625], "texture": "#0"}
			}
		},
		{
			"from": [7, 9.5, 9],
			"to": [9, 10, 11],
			"faces": {
				"north": {"uv": [10.25, 8.25, 10.75, 8.375], "texture": "#0"},
				"east": {"uv": [10.25, 8.75, 10.75, 8.875], "texture": "#0"},
				"south": {"uv": [9.25, 10.25, 9.75, 10.375], "texture": "#0"},
				"west": {"uv": [10.25, 9.25, 10.75, 9.375], "texture": "#0"},
				"up": {"uv": [9.25, 8.75, 8.75, 8.25], "texture": "#0"},
				"down": {"uv": [0.5, 9, 0, 9.5], "texture": "#0"}
			}
		},
		{
			"from": [5, 1.5, 9],
			"to": [11, 9.5, 11],
			"faces": {
				"north": {"uv": [0, 0, 1.5, 2], "texture": "#0"},
				"east": {"uv": [4.5, 4.25, 5, 6.25], "texture": "#0"},
				"south": {"uv": [1.75, 0, 3.25, 2], "texture": "#0"},
				"west": {"uv": [5.25, 4.25, 5.75, 6.25], "texture": "#0"},
				"up": {"uv": [5, 2, 3.5, 1.5], "texture": "#0"},
				"down": {"uv": [8, 0, 6.5, 0.5], "texture": "#0"}
			}
		},
		{
			"from": [11, 2.5, 9],
			"to": [12, 8.5, 11],
			"faces": {
				"north": {"uv": [2.25, 8.25, 2.5, 9.75], "texture": "#0"},
				"east": {"uv": [5.25, 6.5, 5.75, 8], "texture": "#0"},
				"south": {"uv": [5.25, 8.25, 5.5, 9.75], "texture": "#0"},
				"west": {"uv": [6.75, 0.75, 7.25, 2.25], "texture": "#0"},
				"up": {"uv": [4.25, 10.25, 4, 9.75], "texture": "#0"},
				"down": {"uv": [4.75, 9.75, 4.5, 10.25], "texture": "#0"}
			}
		},
		{
			"from": [4, 2.5, 9],
			"to": [5, 8.5, 11],
			"faces": {
				"north": {"uv": [8.25, 5.75, 8.5, 7.25], "texture": "#0"},
				"east": {"uv": [6.75, 2.5, 7.25, 4], "texture": "#0"},
				"south": {"uv": [7.5, 8.25, 7.75, 9.75], "texture": "#0"},
				"west": {"uv": [6.75, 4.25, 7.25, 5.75], "texture": "#0"},
				"up": {"uv": [6, 10.25, 5.75, 9.75], "texture": "#0"},
				"down": {"uv": [6.5, 9.75, 6.25, 10.25], "texture": "#0"}
			}
		},
		{
			"from": [6.9, 7.9, -6.2],
			"to": [9.1, 10.1, -5],
			"faces": {
				"north": {"uv": [9, 0.5, 9.5, 1], "texture": "#0"},
				"east": {"uv": [6.75, 9.75, 7, 10.25], "texture": "#0"},
				"south": {"uv": [9, 1.25, 9.5, 1.75], "texture": "#0"},
				"west": {"uv": [8.75, 9.75, 9, 10.25], "texture": "#0"},
				"up": {"uv": [10.5, 0.25, 10, 0], "texture": "#0"},
				"down": {"uv": [2.75, 10, 2.25, 10.25], "texture": "#0"}
			}
		},
		{
			"from": [7.4, 10.1, -6.2],
			"to": [8.6, 11.3, -5.5],
			"faces": {
				"north": {"uv": [10.25, 9.75, 10.5, 10], "texture": "#0"},
				"east": {"uv": [5.25, 10.5, 5.375, 10.75], "texture": "#0"},
				"south": {"uv": [10, 10.25, 10.25, 10.5], "texture": "#0"},
				"west": {"uv": [5.75, 10.5, 5.875, 10.75], "texture": "#0"},
				"up": {"uv": [6.5, 10.625, 6.25, 10.5], "texture": "#0"},
				"down": {"uv": [7, 10.5, 6.75, 10.625], "texture": "#0"}
			}
		},
		{
			"from": [7.4, 7.35, -0.2],
			"to": [8.6, 8.05, 0.5],
			"faces": {
				"north": {"uv": [7.25, 10.5, 7.5, 10.625], "texture": "#0"},
				"east": {"uv": [7.75, 10.75, 7.875, 10.875], "texture": "#0"},
				"south": {"uv": [8.75, 10.5, 9, 10.625], "texture": "#0"},
				"west": {"uv": [8.25, 10.75, 8.375, 10.875], "texture": "#0"},
				"up": {"uv": [10.75, 10.375, 10.5, 10.25], "texture": "#0"},
				"down": {"uv": [11, 0, 10.75, 0.125], "texture": "#0"}
			}
		},
		{
			"from": [7.4, 7.35, 4.8],
			"to": [8.6, 8.05, 5.5],
			"faces": {
				"north": {"uv": [0.75, 10.75, 1, 10.875], "texture": "#0"},
				"east": {"uv": [9.25, 10.75, 9.375, 10.875], "texture": "#0"},
				"south": {"uv": [1.25, 10.75, 1.5, 10.875], "texture": "#0"},
				"west": {"uv": [9.75, 10.75, 9.875, 10.875], "texture": "#0"},
				"up": {"uv": [3.25, 10.875, 3, 10.75], "texture": "#0"},
				"down": {"uv": [11, 6, 10.75, 6.125], "texture": "#0"}
			}
		}
	],
	"display": {
		"thirdperson_righthand": {
			"rotation": [0, -1, 0],
			"translation": [0, 0.75, -4],
			"scale": [0.7, 0.7, 0.7]
		},
		"firstperson_righthand": {
			"rotation": [0, -7.5, 0],
			"translation": [1.25, 0, 0]
		},
		"gui": {
			"rotation": [90, -54.5, 90],
			"translation": [0.75, 1.5, 0],
			"scale": [0.6, 0.6, 0.6]
		},
		"fixed": {
			"rotation": [90, 50.5, -90]
		}
	},
	"groups": [
		{
			"name": "Tommy Gun",
			"origin": [8, 8, 8],
			"color": 0,
			"children": [0, 1, 2, 3, 4, 5, 6, 7, 8, 9, 10, 11, 12, 13, 14, 15, 16, 17, 18, 19, 20, 21, 22, 23]
		}
	]
}