{
	"credit": "Made with Blockbench",
	"textures": {
		"main": "nw:item/wine"
	},
	"elements": [
		{
			"from": [7, 0, 6],
			"to": [10, 0.5, 9],
			"rotation": {"angle": 0, "axis": "y", "origin": [15, 8, 16]},
			"faces": {
				"north": {"uv": [0, 0, 0.0625, 0.125], "texture": "#main"},
				"east": {"uv": [0, 0, 0.0625, 0.125], "texture": "#main"},
				"south": {"uv": [0, 0, 0.0625, 0.125], "texture": "#main"},
				"west": {"uv": [0, 0, 0.0625, 0.125], "texture": "#main"},
				"up": {"uv": [0, 0, 0.0625, 0.125], "texture": "#main"},
				"down": {"uv": [0, 0, 0.0625, 0.125], "texture": "#main"}
			}
		},
		{
			"from": [7, 4, 6],
			"to": [10, 4.5, 9],
			"rotation": {"angle": 0, "axis": "y", "origin": [15, 12, 16]},
			"faces": {
				"north": {"uv": [0, 0.375, 0.375, 0.75], "texture": "#main"},
				"east": {"uv": [0, 0.375, 0.375, 0.75], "texture": "#main"},
				"south": {"uv": [0, 0.375, 0.375, 0.75], "texture": "#main"},
				"west": {"uv": [0, 0.375, 0.375, 0.75], "texture": "#main"},
				"up": {"uv": [0, 0.375, 0.375, 0.75], "texture": "#main"},
				"down": {"uv": [0, 0.375, 0.375, 0.75], "texture": "#main"}
			}
		},
		{
			"from": [7.1, 6.5, 6.1],
			"to": [9.9, 7, 8.9],
			"rotation": {"angle": 0, "axis": "y", "origin": [15, 15, 16]},
			"faces": {
				"north": {"uv": [0, 0, 0.375, 0.0625], "texture": "#main"},
				"east": {"uv": [0, 0, 0.375, 0.0625], "texture": "#main"},
				"south": {"uv": [0, 0, 0.375, 0.0625], "texture": "#main"},
				"west": {"uv": [0, 0, 0.375, 0.0625], "texture": "#main"},
				"up": {"uv": [0, 0.9375, 1, 1.9375], "texture": "#main"},
				"down": {"uv": [0, 0, 0.375, 0.375], "texture": "#main"}
			}
		},
		{
			"from": [10, 4, 6],
			"to": [10, 7.5, 9],
			"rotation": {"angle": 0, "axis": "y", "origin": [15, 12, 16]},
			"faces": {
				"north": {"uv": [0, 0, 0, 0.4375], "texture": "#main"},
				"east": {"uv": [0, 0, 0.75, 0.875], "texture": "#main"},
				"south": {"uv": [0, 0, 0, 0.4375], "texture": "#main"},
				"west": {"uv": [0, 0, 0.375, 0.0625], "texture": "#main"},
				"up": {"uv": [0, 0, 0, 0.375], "texture": "#main"},
				"down": {"uv": [0, 0, 0, 0.375], "texture": "#main"}
			}
		},
		{
			"from": [7, 4, 6],
			"to": [7, 7.5, 9],
			"rotation": {"angle": 0, "axis": "y", "origin": [13, 12, 16]},
			"faces": {
				"north": {"uv": [0, 0, 0, 0.4375], "texture": "#main"},
				"east": {"uv": [0, 0, 0.375, 0.0625], "texture": "#main"},
				"south": {"uv": [0, 0, 0, 0.4375], "texture": "#main"},
				"west": {"uv": [0, 0, 0.75, 0.875], "texture": "#main"},
				"up": {"uv": [0, 0, 0, 0.375], "texture": "#main"},
				"down": {"uv": [0, 0, 0, 0.375], "texture": "#main"}
			}
		},
		{
			"from": [8, 0, 7],
			"to": [9, 4.5, 8],
			"rotation": {"angle": 0, "axis": "y", "origin": [14, 8, 17]},
			"faces": {
				"north": {"uv": [0, 0, 0.0625, 0.0625], "texture": "#main"},
				"east": {"uv": [0, 0, 0.0625, 0.0625], "texture": "#main"},
				"south": {"uv": [0, 0, 0.0625, 0.0625], "texture": "#main"},
				"west": {"uv": [0, 0, 0.0625, 0.0625], "texture": "#main"},
				"up": {"uv": [0, 0, 0.0625, 0.0625], "texture": "#main"},
				"down": {"uv": [0, 0, 0.0625, 0.0625], "texture": "#main"}
			}
		},
		{
			"from": [7, 4, 6],
			"to": [10, 7.5, 6],
			"rotation": {"angle": 0, "axis": "y", "origin": [14, 11, 17]},
			"faces": {
				"north": {"uv": [0.75, 0, 1.5, 0.875], "texture": "#main"},
				"east": {"uv": [0, 0, 0, 0.4375], "texture": "#main"},
				"south": {"uv": [0, 0, 0.375, 0.0625], "texture": "#main"},
				"west": {"uv": [0, 0, 0, 0.4375], "texture": "#main"},
				"up": {"uv": [0, 0, 0.375, 0], "texture": "#main"},
				"down": {"uv": [0, 0, 0.375, 0], "texture": "#main"}
			}
		},
		{
			"from": [7, 4, 9],
			"to": [10, 7.5, 9],
			"rotation": {"angle": 0, "axis": "y", "origin": [14, 11, 19]},
			"faces": {
				"north": {"uv": [0, 0, 0.375, 0.0625], "texture": "#main"},
				"east": {"uv": [0, 0, 0, 0.4375], "texture": "#main"},
				"south": {"uv": [0.75, 0, 1.5, 0.875], "texture": "#main"},
				"west": {"uv": [0, 0, 0, 0.4375], "texture": "#main"},
				"up": {"uv": [0, 0, 0.375, 0], "texture": "#main"},
				"down": {"uv": [0, 0, 0.375, 0], "texture": "#main"}
			}
		},
		{
			"from": [7, 0, 6],
			"to": [10, 0.5, 9],
			"rotation": {"angle": 0, "axis": "y", "origin": [15, 8, 16]},
			"faces": {
				"north": {"uv": [2, 0, 2.0625, 0.125], "texture": "#main"},
				"east": {"uv": [2, 0, 2.0625, 0.125], "texture": "#main"},
				"south": {"uv": [2, 0, 2.0625, 0.125], "texture": "#main"},
				"west": {"uv": [2, 0, 2.0625, 0.125], "texture": "#main"},
				"up": {"uv": [2, 0, 2.0625, 0.125], "texture": "#main"},
				"down": {"uv": [2, 0, 2.0625, 0.125], "texture": "#main"}
			}
		},
		{
			"from": [7, 4, 6],
			"to": [10, 4.5, 9],
			"rotation": {"angle": 0, "axis": "y", "origin": [15, 12, 16]},
			"faces": {
				"north": {"uv": [2, 0.375, 2.375, 0.75], "texture": "#main"},
				"east": {"uv": [2, 0.375, 2.375, 0.75], "texture": "#main"},
				"south": {"uv": [2, 0.375, 2.375, 0.75], "texture": "#main"},
				"west": {"uv": [2, 0.375, 2.375, 0.75], "texture": "#main"},
				"up": {"uv": [2, 0.375, 2.375, 0.75], "texture": "#main"},
				"down": {"uv": [2, 0.375, 2.375, 0.75], "texture": "#main"}
			}
		},
		{
			"from": [7.1, 6.5, 6.1],
			"to": [9.9, 7, 8.9],
			"rotation": {"angle": 0, "axis": "y", "origin": [15, 15, 16]},
			"faces": {
				"north": {"uv": [2, 0, 2.375, 0.0625], "texture": "#main"},
				"east": {"uv": [2, 0, 2.375, 0.0625], "texture": "#main"},
				"south": {"uv": [2, 0, 2.375, 0.0625], "texture": "#main"},
				"west": {"uv": [2, 0, 2.375, 0.0625], "texture": "#main"},
				"up": {"uv": [2, 0.9375, 3, 1.9375], "texture": "#main"},
				"down": {"uv": [2, 0, 2.375, 0.375], "texture": "#main"}
			}
		},
		{
			"from": [10, 4, 6],
			"to": [10, 7.5, 9],
			"rotation": {"angle": 0, "axis": "y", "origin": [15, 12, 16]},
			"faces": {
				"north": {"uv": [2, 0, 2, 0.4375], "texture": "#main"},
				"east": {"uv": [2, 0, 2.75, 0.875], "texture": "#main"},
				"south": {"uv": [2, 0, 2, 0.4375], "texture": "#main"},
				"west": {"uv": [2, 0, 2.375, 0.0625], "texture": "#main"},
				"up": {"uv": [2, 0, 2, 0.375], "texture": "#main"},
				"down": {"uv": [2, 0, 2, 0.375], "texture": "#main"}
			}
		},
		{
			"from": [7, 4, 6],
			"to": [7, 7.5, 9],
			"rotation": {"angle": 0, "axis": "y", "origin": [13, 12, 16]},
			"faces": {
				"north": {"uv": [2, 0, 2, 0.4375], "texture": "#main"},
				"east": {"uv": [2, 0, 2.375, 0.0625], "texture": "#main"},
				"south": {"uv": [2, 0, 2, 0.4375], "texture": "#main"},
				"west": {"uv": [2, 0, 2.75, 0.875], "texture": "#main"},
				"up": {"uv": [2, 0, 2, 0.375], "texture": "#main"},
				"down": {"uv": [2, 0, 2, 0.375], "texture": "#main"}
			}
		},
		{
			"from": [8, 0, 7],
			"to": [9, 4.5, 8],
			"rotation": {"angle": 0, "axis": "y", "origin": [14, 8, 17]},
			"faces": {
				"north": {"uv": [2, 0, 2.0625, 0.0625], "texture": "#main"},
				"east": {"uv": [2, 0, 2.0625, 0.0625], "texture": "#main"},
				"south": {"uv": [2, 0, 2.0625, 0.0625], "texture": "#main"},
				"west": {"uv": [2, 0, 2.0625, 0.0625], "texture": "#main"},
				"up": {"uv": [2, 0, 2.0625, 0.0625], "texture": "#main"},
				"down": {"uv": [2, 0, 2.0625, 0.0625], "texture": "#main"}
			}
		},
		{
			"from": [7, 4, 6],
			"to": [10, 7.5, 6],
			"rotation": {"angle": 0, "axis": "y", "origin": [14, 11, 17]},
			"faces": {
				"north": {"uv": [2.75, 0, 3.5, 0.875], "texture": "#main"},
				"east": {"uv": [2, 0, 2, 0.4375], "texture": "#main"},
				"south": {"uv": [2, 0, 2.375, 0.0625], "texture": "#main"},
				"west": {"uv": [2, 0, 2, 0.4375], "texture": "#main"},
				"up": {"uv": [2, 0, 2.375, 0], "texture": "#main"},
				"down": {"uv": [2, 0, 2.375, 0], "texture": "#main"}
			}
		},
		{
			"from": [7, 4, 9],
			"to": [10, 7.5, 9],
			"rotation": {"angle": 0, "axis": "y", "origin": [14, 11, 19]},
			"faces": {
				"north": {"uv": [2, 0, 2.375, 0.0625], "texture": "#main"},
				"east": {"uv": [2, 0, 2, 0.4375], "texture": "#main"},
				"south": {"uv": [2.75, 0, 3.5, 0.875], "texture": "#main"},
				"west": {"uv": [2, 0, 2, 0.4375], "texture": "#main"},
				"up": {"uv": [2, 0, 2.375, 0], "texture": "#main"},
				"down": {"uv": [2, 0, 2.375, 0], "texture": "#main"}
			}
		},
		{
			"from": [7, 0, 6],
			"to": [10, 0.5, 9],
			"rotation": {"angle": 0, "axis": "y", "origin": [15, 8, 16]},
			"faces": {
				"north": {"uv": [4, 0, 4.1875, 0.0625], "texture": "#main"},
				"east": {"uv": [4.0625, 0, 4.1875, 0.125], "texture": "#main"},
				"south": {"uv": [4, 0, 4.125, 0.0625], "texture": "#main"},
				"west": {"uv": [4, 0, 4.125, 0.0625], "texture": "#main"},
				"up": {"uv": [4, 0, 4.125, 0.0625], "texture": "#main"},
				"down": {"uv": [4, 0, 4.125, 0.0625], "texture": "#main"}
			}
		},
		{
			"from": [7, 4, 6],
			"to": [10, 4.5, 9],
			"rotation": {"angle": 0, "axis": "y", "origin": [15, 12, 16]},
			"faces": {
				"north": {"uv": [4, 0.375, 4.375, 0.75], "texture": "#main"},
				"east": {"uv": [4, 0.375, 4.375, 0.75], "texture": "#main"},
				"south": {"uv": [4, 0.375, 4.375, 0.75], "texture": "#main"},
				"west": {"uv": [4, 0.375, 4.375, 0.75], "texture": "#main"},
				"up": {"uv": [4, 0.375, 4.375, 0.75], "texture": "#main"},
				"down": {"uv": [4, 0.375, 4.375, 0.75], "texture": "#main"}
			}
		},
		{
			"from": [7.1, 6.5, 6.1],
			"to": [9.9, 7, 8.9],
			"rotation": {"angle": 0, "axis": "y", "origin": [15, 15, 16]},
			"faces": {
				"north": {"uv": [4, 0, 4.375, 0.0625], "texture": "#main"},
				"east": {"uv": [4, 0, 4.375, 0.0625], "texture": "#main"},
				"south": {"uv": [4, 0, 4.375, 0.0625], "texture": "#main"},
				"west": {"uv": [4, 0, 4.375, 0.0625], "texture": "#main"},
				"up": {"uv": [4, 0.9375, 5, 1.9375], "texture": "#main"},
				"down": {"uv": [4, 0, 4.375, 0.375], "texture": "#main"}
			}
		},
		{
			"from": [10, 4, 6],
			"to": [10, 7.5, 9],
			"rotation": {"angle": 0, "axis": "y", "origin": [15, 12, 16]},
			"faces": {
				"north": {"uv": [4, 0, 4, 0.4375], "texture": "#main"},
				"east": {"uv": [4, 0, 4.75, 0.875], "texture": "#main"},
				"south": {"uv": [4, 0, 4, 0.4375], "texture": "#main"},
				"west": {"uv": [4, 0, 4.375, 0.0625], "texture": "#main"},
				"up": {"uv": [4, 0, 4, 0.375], "texture": "#main"},
				"down": {"uv": [4, 0, 4, 0.375], "texture": "#main"}
			}
		},
		{
			"from": [7, 4, 6],
			"to": [7, 7.5, 9],
			"rotation": {"angle": 0, "axis": "y", "origin": [13, 12, 16]},
			"faces": {
				"north": {"uv": [4, 0, 4, 0.4375], "texture": "#main"},
				"east": {"uv": [4, 0, 4.375, 0.0625], "texture": "#main"},
				"south": {"uv": [4, 0, 4, 0.4375], "texture": "#main"},
				"west": {"uv": [4, 0, 4.75, 0.875], "texture": "#main"},
				"up": {"uv": [4, 0, 4, 0.375], "texture": "#main"},
				"down": {"uv": [4, 0, 4, 0.375], "texture": "#main"}
			}
		},
		{
			"from": [8, 0, 7],
			"to": [9, 4.5, 8],
			"rotation": {"angle": 0, "axis": "y", "origin": [14, 8, 17]},
			"faces": {
				"north": {"uv": [4, 0, 4.0625, 0.0625], "texture": "#main"},
				"east": {"uv": [4, 0, 4.0625, 0.0625], "texture": "#main"},
				"south": {"uv": [4, 0, 4.0625, 0.0625], "texture": "#main"},
				"west": {"uv": [4, 0, 4.0625, 0.0625], "texture": "#main"},
				"up": {"uv": [4, 0, 4.0625, 0.0625], "texture": "#main"},
				"down": {"uv": [4, 0, 4.0625, 0.0625], "texture": "#main"}
			}
		},
		{
			"from": [7, 4, 6],
			"to": [10, 7.5, 6],
			"rotation": {"angle": 0, "axis": "y", "origin": [14, 11, 17]},
			"faces": {
				"north": {"uv": [4.75, 0, 5.5, 0.875], "texture": "#main"},
				"east": {"uv": [4, 0, 4, 0.4375], "texture": "#main"},
				"south": {"uv": [4, 0, 4.375, 0.0625], "texture": "#main"},
				"west": {"uv": [4, 0, 4, 0.4375], "texture": "#main"},
				"up": {"uv": [4, 0, 4.375, 0], "texture": "#main"},
				"down": {"uv": [4, 0, 4.375, 0], "texture": "#main"}
			}
		},
		{
			"from": [7, 4, 9],
			"to": [10, 7.5, 9],
			"rotation": {"angle": 0, "axis": "y", "origin": [14, 11, 19]},
			"faces": {
				"north": {"uv": [4, 0, 4.375, 0.0625], "texture": "#main"},
				"east": {"uv": [4, 0, 4, 0.4375], "texture": "#main"},
				"south": {"uv": [4.75, 0, 5.5, 0.875], "texture": "#main"},
				"west": {"uv": [4, 0, 4, 0.4375], "texture": "#main"},
				"up": {"uv": [4, 0, 4.375, 0], "texture": "#main"},
				"down": {"uv": [4, 0, 4.375, 0], "texture": "#main"}
			}
		},
		{
			"from": [7, 0, 6],
			"to": [10, 0.5, 9],
			"rotation": {"angle": 0, "axis": "y", "origin": [15, 8, 16]},
			"faces": {
				"north": {"uv": [6, 0, 6.1875, 0.0625], "texture": "#main"},
				"east": {"uv": [6, 0, 6.125, 0.0625], "texture": "#main"},
				"south": {"uv": [6, 0, 6.125, 0.0625], "texture": "#main"},
				"west": {"uv": [6, 0, 6.125, 0.0625], "texture": "#main"},
				"up": {"uv": [6, 0, 6.25, 0.0625], "texture": "#main"},
				"down": {"uv": [6.125, 0, 6.1875, 0.125], "texture": "#main"}
			}
		},
		{
			"from": [7, 4, 6],
			"to": [10, 4.5, 9],
			"rotation": {"angle": 0, "axis": "y", "origin": [15, 12, 16]},
			"faces": {
				"north": {"uv": [6, 0.375, 6.375, 0.75], "texture": "#main"},
				"east": {"uv": [6, 0.375, 6.375, 0.75], "texture": "#main"},
				"south": {"uv": [6, 0.375, 6.375, 0.75], "texture": "#main"},
				"west": {"uv": [6, 0.375, 6.375, 0.75], "texture": "#main"},
				"up": {"uv": [6, 0.375, 6.375, 0.75], "texture": "#main"},
				"down": {"uv": [6, 0.375, 6.375, 0.75], "texture": "#main"}
			}
		},
		{
			"from": [7.1, 6.5, 6.1],
			"to": [9.9, 7, 8.9],
			"rotation": {"angle": 0, "axis": "y", "origin": [15, 15, 16]},
			"faces": {
				"north": {"uv": [6, 0, 6.375, 0.0625], "texture": "#main"},
				"east": {"uv": [6, 0, 6.375, 0.0625], "texture": "#main"},
				"south": {"uv": [6, 0, 6.375, 0.0625], "texture": "#main"},
				"west": {"uv": [6, 0, 6.375, 0.0625], "texture": "#main"},
				"up": {"uv": [6, 0.9375, 7, 1.9375], "texture": "#main"},
				"down": {"uv": [6, 0, 6.375, 0.375], "texture": "#main"}
			}
		},
		{
			"from": [10, 4, 6],
			"to": [10, 7.5, 9],
			"rotation": {"angle": 0, "axis": "y", "origin": [15, 12, 16]},
			"faces": {
				"north": {"uv": [6, 0, 6, 0.4375], "texture": "#main"},
				"east": {"uv": [6, 0, 6.75, 0.875], "texture": "#main"},
				"south": {"uv": [6, 0, 6, 0.4375], "texture": "#main"},
				"west": {"uv": [6, 0, 6.375, 0.0625], "texture": "#main"},
				"up": {"uv": [6, 0, 6, 0.375], "texture": "#main"},
				"down": {"uv": [6, 0, 6, 0.375], "texture": "#main"}
			}
		},
		{
			"from": [7, 4, 6],
			"to": [7, 7.5, 9],
			"rotation": {"angle": 0, "axis": "y", "origin": [13, 12, 16]},
			"faces": {
				"north": {"uv": [6, 0, 6, 0.4375], "texture": "#main"},
				"east": {"uv": [6, 0, 6.375, 0.0625], "texture": "#main"},
				"south": {"uv": [6, 0, 6, 0.4375], "texture": "#main"},
				"west": {"uv": [6, 0, 6.75, 0.875], "texture": "#main"},
				"up": {"uv": [6, 0, 6, 0.375], "texture": "#main"},
				"down": {"uv": [6, 0, 6, 0.375], "texture": "#main"}
			}
		},
		{
			"from": [8, 0, 7],
			"to": [9, 4.5, 8],
			"rotation": {"angle": 0, "axis": "y", "origin": [14, 8, 17]},
			"faces": {
				"north": {"uv": [6, 0, 6.0625, 0.0625], "texture": "#main"},
				"east": {"uv": [6, 0, 6.0625, 0.0625], "texture": "#main"},
				"south": {"uv": [6, 0, 6.0625, 0.0625], "texture": "#main"},
				"west": {"uv": [6, 0, 6.0625, 0.0625], "texture": "#main"},
				"up": {"uv": [6, 0, 6.0625, 0.0625], "texture": "#main"},
				"down": {"uv": [6, 0, 6.0625, 0.0625], "texture": "#main"}
			}
		},
		{
			"from": [7, 4, 6],
			"to": [10, 7.5, 6],
			"rotation": {"angle": 0, "axis": "y", "origin": [14, 11, 17]},
			"faces": {
				"north": {"uv": [6.75, 0, 7.5, 0.875], "texture": "#main"},
				"east": {"uv": [6, 0, 6, 0.4375], "texture": "#main"},
				"south": {"uv": [6, 0, 6.375, 0.0625], "texture": "#main"},
				"west": {"uv": [6, 0, 6, 0.4375], "texture": "#main"},
				"up": {"uv": [6, 0, 6.375, 0], "texture": "#main"},
				"down": {"uv": [6, 0, 6.375, 0], "texture": "#main"}
			}
		},
		{
			"from": [7, 4, 9],
			"to": [10, 7.5, 9],
			"rotation": {"angle": 0, "axis": "y", "origin": [14, 11, 19]},
			"faces": {
				"north": {"uv": [6, 0, 6.375, 0.0625], "texture": "#main"},
				"east": {"uv": [6, 0, 6, 0.4375], "texture": "#main"},
				"south": {"uv": [6.75, 0, 7.5, 0.875], "texture": "#main"},
				"west": {"uv": [6, 0, 6, 0.4375], "texture": "#main"},
				"up": {"uv": [6, 0, 6.375, 0], "texture": "#main"},
				"down": {"uv": [6, 0, 6.375, 0], "texture": "#main"}
			}
		},
		{
			"from": [7, 0, 6],
			"to": [10, 0.5, 9],
			"rotation": {"angle": 0, "axis": "y", "origin": [15, 8, 16]},
			"faces": {
				"north": {"uv": [8.1875, 0, 8.25, 0.125], "texture": "#main"},
				"east": {"uv": [8.25, 0, 8.3125, 0.125], "texture": "#main"},
				"south": {"uv": [8.1875, 0, 8.25, 0.125], "texture": "#main"},
				"west": {"uv": [8.1875, 0, 8.25, 0.125], "texture": "#main"},
				"up": {"uv": [8.1875, 0, 8.25, 0.125], "texture": "#main"},
				"down": {"uv": [8.1875, 0, 8.25, 0.125], "texture": "#main"}
			}
		},
		{
			"from": [7, 4, 6],
			"to": [10, 4.5, 9],
			"rotation": {"angle": 0, "axis": "y", "origin": [15, 12, 16]},
			"faces": {
				"north": {"uv": [8, 0.375, 8.375, 0.75], "texture": "#main"},
				"east": {"uv": [8, 0.375, 8.375, 0.75], "texture": "#main"},
				"south": {"uv": [8, 0.375, 8.375, 0.75], "texture": "#main"},
				"west": {"uv": [8, 0.375, 8.375, 0.75], "texture": "#main"},
				"up": {"uv": [8, 0.375, 8.375, 0.75], "texture": "#main"},
				"down": {"uv": [8, 0.375, 8.375, 0.75], "texture": "#main"}
			}
		},
		{
			"from": [7.1, 6.5, 6.1],
			"to": [9.9, 7, 8.9],
			"rotation": {"angle": 0, "axis": "y", "origin": [15, 15, 16]},
			"faces": {
				"north": {"uv": [8, 0, 8.375, 0.0625], "texture": "#main"},
				"east": {"uv": [8, 0, 8.375, 0.0625], "texture": "#main"},
				"south": {"uv": [8, 0, 8.375, 0.0625], "texture": "#main"},
				"west": {"uv": [8, 0, 8.375, 0.0625], "texture": "#main"},
				"up": {"uv": [8, 0.9375, 9, 1.9375], "texture": "#main"},
				"down": {"uv": [8, 0, 8.375, 0.375], "texture": "#main"}
			}
		},
		{
			"from": [10, 4, 6],
			"to": [10, 7.5, 9],
			"rotation": {"angle": 0, "axis": "y", "origin": [15, 12, 16]},
			"faces": {
				"north": {"uv": [8, 0, 8, 0.4375], "texture": "#main"},
				"east": {"uv": [8, 0, 8.75, 0.875], "texture": "#main"},
				"south": {"uv": [8, 0, 8, 0.4375], "texture": "#main"},
				"west": {"uv": [8, 0, 8.375, 0.0625], "texture": "#main"},
				"up": {"uv": [8, 0, 8, 0.375], "texture": "#main"},
				"down": {"uv": [8, 0, 8, 0.375], "texture": "#main"}
			}
		},
		{
			"from": [7, 4, 6],
			"to": [7, 7.5, 9],
			"rotation": {"angle": 0, "axis": "y", "origin": [13, 12, 16]},
			"faces": {
				"north": {"uv": [8, 0, 8, 0.4375], "texture": "#main"},
				"east": {"uv": [8, 0, 8.375, 0.0625], "texture": "#main"},
				"south": {"uv": [8, 0, 8, 0.4375], "texture": "#main"},
				"west": {"uv": [8, 0, 8.75, 0.875], "texture": "#main"},
				"up": {"uv": [8, 0, 8, 0.375], "texture": "#main"},
				"down": {"uv": [8, 0, 8, 0.375], "texture": "#main"}
			}
		},
		{
			"from": [8, 0, 7],
			"to": [9, 4.5, 8],
			"rotation": {"angle": 0, "axis": "y", "origin": [14, 8, 17]},
			"faces": {
				"north": {"uv": [8, 0, 8.0625, 0.0625], "texture": "#main"},
				"east": {"uv": [8, 0, 8.0625, 0.0625], "texture": "#main"},
				"south": {"uv": [8, 0, 8.0625, 0.0625], "texture": "#main"},
				"west": {"uv": [8, 0, 8.0625, 0.0625], "texture": "#main"},
				"up": {"uv": [8, 0, 8.0625, 0.0625], "texture": "#main"},
				"down": {"uv": [8, 0, 8.0625, 0.0625], "texture": "#main"}
			}
		},
		{
			"from": [7, 4, 6],
			"to": [10, 7.5, 6],
			"rotation": {"angle": 0, "axis": "y", "origin": [14, 11, 17]},
			"faces": {
				"north": {"uv": [8.75, 0, 9.5, 0.875], "texture": "#main"},
				"east": {"uv": [8, 0, 8, 0.4375], "texture": "#main"},
				"south": {"uv": [8, 0, 8.375, 0.0625], "texture": "#main"},
				"west": {"uv": [8, 0, 8, 0.4375], "texture": "#main"},
				"up": {"uv": [8, 0, 8.375, 0], "texture": "#main"},
				"down": {"uv": [8, 0, 8.375, 0], "texture": "#main"}
			}
		},
		{
			"from": [7, 4, 9],
			"to": [10, 7.5, 9],
			"rotation": {"angle": 0, "axis": "y", "origin": [14, 11, 19]},
			"faces": {
				"north": {"uv": [8, 0, 8.375, 0.0625], "texture": "#main"},
				"east": {"uv": [8, 0, 8, 0.4375], "texture": "#main"},
				"south": {"uv": [8.75, 0, 9.5, 0.875], "texture": "#main"},
				"west": {"uv": [8, 0, 8, 0.4375], "texture": "#main"},
				"up": {"uv": [8, 0, 8.375, 0], "texture": "#main"},
				"down": {"uv": [8, 0, 8.375, 0], "texture": "#main"}
			}
		},
		{
			"from": [7, 0, 6],
			"to": [10, 0.5, 9],
			"rotation": {"angle": 0, "axis": "y", "origin": [15, 8, 16]},
			"faces": {
				"north": {"uv": [10, 0, 10.0625, 0.125], "texture": "#main"},
				"east": {"uv": [10, 0, 10.0625, 0.125], "texture": "#main"},
				"south": {"uv": [10, 0, 10.0625, 0.125], "texture": "#main"},
				"west": {"uv": [10, 0, 10.0625, 0.125], "texture": "#main"},
				"up": {"uv": [10, 0, 10.0625, 0.125], "texture": "#main"},
				"down": {"uv": [10, 0, 10.0625, 0.125], "texture": "#main"}
			}
		},
		{
			"from": [7, 4, 6],
			"to": [10, 4.5, 9],
			"rotation": {"angle": 0, "axis": "y", "origin": [15, 12, 16]},
			"faces": {
				"north": {"uv": [10, 0.375, 10.375, 0.75], "texture": "#main"},
				"east": {"uv": [10, 0.375, 10.375, 0.75], "texture": "#main"},
				"south": {"uv": [10, 0.375, 10.375, 0.75], "texture": "#main"},
				"west": {"uv": [10, 0.375, 10.375, 0.75], "texture": "#main"},
				"up": {"uv": [10, 0.375, 10.375, 0.75], "texture": "#main"},
				"down": {"uv": [10, 0.375, 10.375, 0.75], "texture": "#main"}
			}
		},
		{
			"from": [7.1, 6.5, 6.1],
			"to": [9.9, 7, 8.9],
			"rotation": {"angle": 0, "axis": "y", "origin": [15, 15, 16]},
			"faces": {
				"north": {"uv": [10, 0, 10.375, 0.0625], "texture": "#main"},
				"east": {"uv": [10, 0, 10.375, 0.0625], "texture": "#main"},
				"south": {"uv": [10, 0, 10.375, 0.0625], "texture": "#main"},
				"west": {"uv": [10, 0, 10.375, 0.0625], "texture": "#main"},
				"up": {"uv": [10, 0.9375, 11, 1.9375], "texture": "#main"},
				"down": {"uv": [10, 0, 10.375, 0.375], "texture": "#main"}
			}
		},
		{
			"from": [10, 4, 6],
			"to": [10, 7.5, 9],
			"rotation": {"angle": 0, "axis": "y", "origin": [15, 12, 16]},
			"faces": {
				"north": {"uv": [10, 0, 10, 0.4375], "texture": "#main"},
				"east": {"uv": [10, 0, 10.75, 0.875], "texture": "#main"},
				"south": {"uv": [10, 0, 10, 0.4375], "texture": "#main"},
				"west": {"uv": [10, 0, 10.375, 0.0625], "texture": "#main"},
				"up": {"uv": [10, 0, 10, 0.375], "texture": "#main"},
				"down": {"uv": [10, 0, 10, 0.375], "texture": "#main"}
			}
		},
		{
			"from": [7, 4, 6],
			"to": [7, 7.5, 9],
			"rotation": {"angle": 0, "axis": "y", "origin": [13, 12, 16]},
			"faces": {
				"north": {"uv": [10, 0, 10, 0.4375], "texture": "#main"},
				"east": {"uv": [10, 0, 10.375, 0.0625], "texture": "#main"},
				"south": {"uv": [10, 0, 10, 0.4375], "texture": "#main"},
				"west": {"uv": [10, 0, 10.75, 0.875], "texture": "#main"},
				"up": {"uv": [10, 0, 10, 0.375], "texture": "#main"},
				"down": {"uv": [10, 0, 10, 0.375], "texture": "#main"}
			}
		},
		{
			"from": [8, 0, 7],
			"to": [9, 4.5, 8],
			"rotation": {"angle": 0, "axis": "y", "origin": [14, 8, 17]},
			"faces": {
				"north": {"uv": [10, 0, 10.0625, 0.0625], "texture": "#main"},
				"east": {"uv": [10, 0, 10.0625, 0.0625], "texture": "#main"},
				"south": {"uv": [10, 0, 10.0625, 0.0625], "texture": "#main"},
				"west": {"uv": [10, 0, 10.0625, 0.0625], "texture": "#main"},
				"up": {"uv": [10, 0, 10.0625, 0.0625], "texture": "#main"},
				"down": {"uv": [10, 0, 10.0625, 0.0625], "texture": "#main"}
			}
		},
		{
			"from": [7, 4, 6],
			"to": [10, 7.5, 6],
			"rotation": {"angle": 0, "axis": "y", "origin": [14, 11, 17]},
			"faces": {
				"north": {"uv": [10.75, 0, 11.5, 0.875], "texture": "#main"},
				"east": {"uv": [10, 0, 10, 0.4375], "texture": "#main"},
				"south": {"uv": [10, 0, 10.375, 0.0625], "texture": "#main"},
				"west": {"uv": [10, 0, 10, 0.4375], "texture": "#main"},
				"up": {"uv": [10, 0, 10.375, 0], "texture": "#main"},
				"down": {"uv": [10, 0, 10.375, 0], "texture": "#main"}
			}
		},
		{
			"from": [7, 4, 9],
			"to": [10, 7.5, 9],
			"rotation": {"angle": 0, "axis": "y", "origin": [14, 11, 19]},
			"faces": {
				"north": {"uv": [10, 0, 10.375, 0.0625], "texture": "#main"},
				"east": {"uv": [10, 0, 10, 0.4375], "texture": "#main"},
				"south": {"uv": [10.75, 0, 11.5, 0.875], "texture": "#main"},
				"west": {"uv": [10, 0, 10, 0.4375], "texture": "#main"},
				"up": {"uv": [10, 0, 10.375, 0], "texture": "#main"},
				"down": {"uv": [10, 0, 10.375, 0], "texture": "#main"}
			}
		},
		{
			"from": [7, 0, 6],
			"to": [10, 0.5, 9],
			"rotation": {"angle": 0, "axis": "y", "origin": [15, 8, 16]},
			"faces": {
				"north": {"uv": [12, 0, 12.0625, 0.125], "texture": "#main"},
				"east": {"uv": [12, 0, 12.0625, 0.125], "texture": "#main"},
				"south": {"uv": [12, 0, 12.0625, 0.125], "texture": "#main"},
				"west": {"uv": [12, 0, 12.0625, 0.125], "texture": "#main"},
				"up": {"uv": [12, 0, 12.0625, 0.125], "texture": "#main"},
				"down": {"uv": [12, 0, 12.0625, 0.125], "texture": "#main"}
			}
		},
		{
			"from": [7, 4, 6],
			"to": [10, 4.5, 9],
			"rotation": {"angle": 0, "axis": "y", "origin": [15, 12, 16]},
			"faces": {
				"north": {"uv": [12, 0.375, 12.375, 0.75], "texture": "#main"},
				"east": {"uv": [12, 0.375, 12.375, 0.75], "texture": "#main"},
				"south": {"uv": [12, 0.375, 12.375, 0.75], "texture": "#main"},
				"west": {"uv": [12, 0.375, 12.375, 0.75], "texture": "#main"},
				"up": {"uv": [12, 0.375, 12.375, 0.75], "texture": "#main"},
				"down": {"uv": [12, 0.375, 12.375, 0.75], "texture": "#main"}
			}
		},
		{
			"from": [7.1, 6.5, 6.1],
			"to": [9.9, 7, 8.9],
			"rotation": {"angle": 0, "axis": "y", "origin": [15, 15, 16]},
			"faces": {
				"north": {"uv": [12, 0, 12.375, 0.0625], "texture": "#main"},
				"east": {"uv": [12, 0, 12.375, 0.0625], "texture": "#main"},
				"south": {"uv": [12, 0, 12.375, 0.0625], "texture": "#main"},
				"west": {"uv": [12, 0, 12.375, 0.0625], "texture": "#main"},
				"up": {"uv": [12, 0.9375, 13, 1.9375], "texture": "#main"},
				"down": {"uv": [12, 0, 12.375, 0.375], "texture": "#main"}
			}
		},
		{
			"from": [10, 4, 6],
			"to": [10, 7.5, 9],
			"rotation": {"angle": 0, "axis": "y", "origin": [15, 12, 16]},
			"faces": {
				"north": {"uv": [12, 0, 12, 0.4375], "texture": "#main"},
				"east": {"uv": [12, 0, 12.75, 0.875], "texture": "#main"},
				"south": {"uv": [12, 0, 12, 0.4375], "texture": "#main"},
				"west": {"uv": [12, 0, 12.375, 0.0625], "texture": "#main"},
				"up": {"uv": [12, 0, 12, 0.375], "texture": "#main"},
				"down": {"uv": [12, 0, 12, 0.375], "texture": "#main"}
			}
		},
		{
			"from": [7, 4, 6],
			"to": [7, 7.5, 9],
			"rotation": {"angle": 0, "axis": "y", "origin": [13, 12, 16]},
			"faces": {
				"north": {"uv": [12, 0, 12, 0.4375], "texture": "#main"},
				"east": {"uv": [12, 0, 12.375, 0.0625], "texture": "#main"},
				"south": {"uv": [12, 0, 12, 0.4375], "texture": "#main"},
				"west": {"uv": [12, 0, 12.75, 0.875], "texture": "#main"},
				"up": {"uv": [12, 0, 12, 0.375], "texture": "#main"},
				"down": {"uv": [12, 0, 12, 0.375], "texture": "#main"}
			}
		},
		{
			"from": [8, 0, 7],
			"to": [9, 4.5, 8],
			"rotation": {"angle": 0, "axis": "y", "origin": [14, 8, 17]},
			"faces": {
				"north": {"uv": [12, 0, 12.0625, 0.0625], "texture": "#main"},
				"east": {"uv": [12, 0, 12.0625, 0.0625], "texture": "#main"},
				"south": {"uv": [12, 0, 12.0625, 0.0625], "texture": "#main"},
				"west": {"uv": [12, 0, 12.0625, 0.0625], "texture": "#main"},
				"up": {"uv": [12, 0, 12.0625, 0.0625], "texture": "#main"},
				"down": {"uv": [12, 0, 12.0625, 0.0625], "texture": "#main"}
			}
		},
		{
			"from": [7, 4, 6],
			"to": [10, 7.5, 6],
			"rotation": {"angle": 0, "axis": "y", "origin": [14, 11, 17]},
			"faces": {
				"north": {"uv": [12.75, 0, 13.5, 0.875], "texture": "#main"},
				"east": {"uv": [12, 0, 12, 0.4375], "texture": "#main"},
				"south": {"uv": [12, 0, 12.375, 0.0625], "texture": "#main"},
				"west": {"uv": [12, 0, 12, 0.4375], "texture": "#main"},
				"up": {"uv": [12, 0, 12.375, 0], "texture": "#main"},
				"down": {"uv": [12, 0, 12.375, 0], "texture": "#main"}
			}
		},
		{
			"from": [7, 4, 9],
			"to": [10, 7.5, 9],
			"rotation": {"angle": 0, "axis": "y", "origin": [14, 11, 19]},
			"faces": {
				"north": {"uv": [12, 0, 12.375, 0.0625], "texture": "#main"},
				"east": {"uv": [12, 0, 12, 0.4375], "texture": "#main"},
				"south": {"uv": [12.75, 0, 13.5, 0.875], "texture": "#main"},
				"west": {"uv": [12, 0, 12, 0.4375], "texture": "#main"},
				"up": {"uv": [12, 0, 12.375, 0], "texture": "#main"},
				"down": {"uv": [12, 0, 12.375, 0], "texture": "#main"}
			}
		},
		{
			"from": [7, 0, 6],
			"to": [10, 0.5, 9],
			"rotation": {"angle": 0, "axis": "y", "origin": [15, 8, 16]},
			"faces": {
				"north": {"uv": [14, 0, 14.0625, 0.125], "texture": "#main"},
				"east": {"uv": [14, 0, 14.0625, 0.125], "texture": "#main"},
				"south": {"uv": [14, 0, 14.0625, 0.125], "texture": "#main"},
				"west": {"uv": [14, 0, 14.0625, 0.125], "texture": "#main"},
				"up": {"uv": [14, 0, 14.0625, 0.125], "texture": "#main"},
				"down": {"uv": [14, 0, 14.0625, 0.125], "texture": "#main"}
			}
		},
		{
			"from": [7, 4, 6],
			"to": [10, 4.5, 9],
			"rotation": {"angle": 0, "axis": "y", "origin": [15, 12, 16]},
			"faces": {
				"north": {"uv": [14, 0.375, 14.375, 0.75], "texture": "#main"},
				"east": {"uv": [14, 0.375, 14.375, 0.75], "texture": "#main"},
				"south": {"uv": [14, 0.375, 14.375, 0.75], "texture": "#main"},
				"west": {"uv": [14, 0.375, 14.375, 0.75], "texture": "#main"},
				"up": {"uv": [14, 0.375, 14.375, 0.75], "texture": "#main"},
				"down": {"uv": [14, 0.375, 14.375, 0.75], "texture": "#main"}
			}
		},
		{
			"from": [7.1, 6.5, 6.1],
			"to": [9.9, 7, 8.9],
			"rotation": {"angle": 0, "axis": "y", "origin": [15, 15, 16]},
			"faces": {
				"north": {"uv": [14, 0, 14.375, 0.0625], "texture": "#main"},
				"east": {"uv": [14, 0, 14.375, 0.0625], "texture": "#main"},
				"south": {"uv": [14, 0, 14.375, 0.0625], "texture": "#main"},
				"west": {"uv": [14, 0, 14.375, 0.0625], "texture": "#main"},
				"up": {"uv": [14, 0.9375, 15, 1.9375], "texture": "#main"},
				"down": {"uv": [14, 0, 14.375, 0.375], "texture": "#main"}
			}
		},
		{
			"from": [10, 4, 6],
			"to": [10, 7.5, 9],
			"rotation": {"angle": 0, "axis": "y", "origin": [15, 12, 16]},
			"faces": {
				"north": {"uv": [14, 0, 14, 0.4375], "texture": "#main"},
				"east": {"uv": [14, 0, 14.75, 0.875], "texture": "#main"},
				"south": {"uv": [14, 0, 14, 0.4375], "texture": "#main"},
				"west": {"uv": [14, 0, 14.375, 0.0625], "texture": "#main"},
				"up": {"uv": [14, 0, 14, 0.375], "texture": "#main"},
				"down": {"uv": [14, 0, 14, 0.375], "texture": "#main"}
			}
		},
		{
			"from": [7, 4, 6],
			"to": [7, 7.5, 9],
			"rotation": {"angle": 0, "axis": "y", "origin": [13, 12, 16]},
			"faces": {
				"north": {"uv": [14, 0, 14, 0.4375], "texture": "#main"},
				"east": {"uv": [14, 0, 14.375, 0.0625], "texture": "#main"},
				"south": {"uv": [14, 0, 14, 0.4375], "texture": "#main"},
				"west": {"uv": [14, 0, 14.75, 0.875], "texture": "#main"},
				"up": {"uv": [14, 0, 14, 0.375], "texture": "#main"},
				"down": {"uv": [14, 0, 14, 0.375], "texture": "#main"}
			}
		},
		{
			"from": [8, 0, 7],
			"to": [9, 4.5, 8],
			"rotation": {"angle": 0, "axis": "y", "origin": [14, 8, 17]},
			"faces": {
				"north": {"uv": [14, 0, 14.0625, 0.0625], "texture": "#main"},
				"east": {"uv": [14, 0, 14.0625, 0.0625], "texture": "#main"},
				"south": {"uv": [14, 0, 14.0625, 0.0625], "texture": "#main"},
				"west": {"uv": [14, 0, 14.0625, 0.0625], "texture": "#main"},
				"up": {"uv": [14, 0, 14.0625, 0.0625], "texture": "#main"},
				"down": {"uv": [14, 0, 14.0625, 0.0625], "texture": "#main"}
			}
		},
		{
			"from": [7, 4, 6],
			"to": [10, 7.5, 6],
			"rotation": {"angle": 0, "axis": "y", "origin": [14, 11, 17]},
			"faces": {
				"north": {"uv": [14.75, 0, 15.5, 0.875], "texture": "#main"},
				"east": {"uv": [14, 0, 14, 0.4375], "texture": "#main"},
				"south": {"uv": [14, 0, 14.375, 0.0625], "texture": "#main"},
				"west": {"uv": [14, 0, 14, 0.4375], "texture": "#main"},
				"up": {"uv": [14, 0, 14.375, 0], "texture": "#main"},
				"down": {"uv": [14, 0, 14.375, 0], "texture": "#main"}
			}
		},
		{
			"from": [7, 4, 9],
			"to": [10, 7.5, 9],
			"rotation": {"angle": 0, "axis": "y", "origin": [14, 11, 19]},
			"faces": {
				"north": {"uv": [14, 0, 14.375, 0.0625], "texture": "#main"},
				"east": {"uv": [14, 0, 14, 0.4375], "texture": "#main"},
				"south": {"uv": [14.75, 0, 15.5, 0.875], "texture": "#main"},
				"west": {"uv": [14, 0, 14, 0.4375], "texture": "#main"},
				"up": {"uv": [14, 0, 14.375, 0], "texture": "#main"},
				"down": {"uv": [14, 0, 14.375, 0], "texture": "#main"}
			}
		},
		{
			"from": [7, 0, 6],
			"to": [10, 0.5, 9],
			"rotation": {"angle": 0, "axis": "y", "origin": [15, 8, 16]},
			"faces": {
				"north": {"uv": [0, 2, 0.0625, 2.125], "texture": "#main"},
				"east": {"uv": [0, 2, 0.0625, 2.125], "texture": "#main"},
				"south": {"uv": [0, 2, 0.0625, 2.125], "texture": "#main"},
				"west": {"uv": [0, 2, 0.0625, 2.125], "texture": "#main"},
				"up": {"uv": [0, 2, 0.0625, 2.125], "texture": "#main"},
				"down": {"uv": [0, 2, 0.0625, 2.125], "texture": "#main"}
			}
		},
		{
			"from": [7, 4, 6],
			"to": [10, 4.5, 9],
			"rotation": {"angle": 0, "axis": "y", "origin": [15, 12, 16]},
			"faces": {
				"north": {"uv": [0, 2.375, 0.375, 2.75], "texture": "#main"},
				"east": {"uv": [0, 2.375, 0.375, 2.75], "texture": "#main"},
				"south": {"uv": [0, 2.375, 0.375, 2.75], "texture": "#main"},
				"west": {"uv": [0, 2.375, 0.375, 2.75], "texture": "#main"},
				"up": {"uv": [0, 2.375, 0.375, 2.75], "texture": "#main"},
				"down": {"uv": [0, 2.375, 0.375, 2.75], "texture": "#main"}
			}
		},
		{
			"from": [7.1, 6.5, 6.1],
			"to": [9.9, 7, 8.9],
			"rotation": {"angle": 0, "axis": "y", "origin": [15, 15, 16]},
			"faces": {
				"north": {"uv": [0, 2, 0.375, 2.0625], "texture": "#main"},
				"east": {"uv": [0, 2, 0.375, 2.0625], "texture": "#main"},
				"south": {"uv": [0, 2, 0.375, 2.0625], "texture": "#main"},
				"west": {"uv": [0, 2, 0.375, 2.0625], "texture": "#main"},
				"up": {"uv": [0, 2.9375, 1, 3.9375], "texture": "#main"},
				"down": {"uv": [0, 2, 0.375, 2.375], "texture": "#main"}
			}
		},
		{
			"from": [10, 4, 6],
			"to": [10, 7.5, 9],
			"rotation": {"angle": 0, "axis": "y", "origin": [15, 12, 16]},
			"faces": {
				"north": {"uv": [0, 2, 0, 2.4375], "texture": "#main"},
				"east": {"uv": [0, 2, 0.75, 2.875], "texture": "#main"},
				"south": {"uv": [0, 2, 0, 2.4375], "texture": "#main"},
				"west": {"uv": [0, 2, 0.375, 2.0625], "texture": "#main"},
				"up": {"uv": [0, 2, 0, 2.375], "texture": "#main"},
				"down": {"uv": [0, 2, 0, 2.375], "texture": "#main"}
			}
		},
		{
			"from": [7, 4, 6],
			"to": [7, 7.5, 9],
			"rotation": {"angle": 0, "axis": "y", "origin": [13, 12, 16]},
			"faces": {
				"north": {"uv": [0, 2, 0, 2.4375], "texture": "#main"},
				"east": {"uv": [0, 2, 0.375, 2.0625], "texture": "#main"},
				"south": {"uv": [0, 2, 0, 2.4375], "texture": "#main"},
				"west": {"uv": [0, 2, 0.75, 2.875], "texture": "#main"},
				"up": {"uv": [0, 2, 0, 2.375], "texture": "#main"},
				"down": {"uv": [0, 2, 0, 2.375], "texture": "#main"}
			}
		},
		{
			"from": [8, 0, 7],
			"to": [9, 4.5, 8],
			"rotation": {"angle": 0, "axis": "y", "origin": [14, 8, 17]},
			"faces": {
				"north": {"uv": [0, 2, 0.0625, 2.0625], "texture": "#main"},
				"east": {"uv": [0, 2, 0.0625, 2.0625], "texture": "#main"},
				"south": {"uv": [0, 2, 0.0625, 2.0625], "texture": "#main"},
				"west": {"uv": [0, 2, 0.0625, 2.0625], "texture": "#main"},
				"up": {"uv": [0, 2, 0.0625, 2.0625], "texture": "#main"},
				"down": {"uv": [0, 2, 0.0625, 2.0625], "texture": "#main"}
			}
		},
		{
			"from": [7, 4, 6],
			"to": [10, 7.5, 6],
			"rotation": {"angle": 0, "axis": "y", "origin": [14, 11, 17]},
			"faces": {
				"north": {"uv": [0.75, 2, 1.5, 2.875], "texture": "#main"},
				"east": {"uv": [0, 2, 0, 2.4375], "texture": "#main"},
				"south": {"uv": [0, 2, 0.375, 2.0625], "texture": "#main"},
				"west": {"uv": [0, 2, 0, 2.4375], "texture": "#main"},
				"up": {"uv": [0, 2, 0.375, 2], "texture": "#main"},
				"down": {"uv": [0, 2, 0.375, 2], "texture": "#main"}
			}
		},
		{
			"from": [7, 4, 9],
			"to": [10, 7.5, 9],
			"rotation": {"angle": 0, "axis": "y", "origin": [14, 11, 19]},
			"faces": {
				"north": {"uv": [0, 2, 0.375, 2.0625], "texture": "#main"},
				"east": {"uv": [0, 2, 0, 2.4375], "texture": "#main"},
				"south": {"uv": [0.75, 2, 1.5, 2.875], "texture": "#main"},
				"west": {"uv": [0, 2, 0, 2.4375], "texture": "#main"},
				"up": {"uv": [0, 2, 0.375, 2], "texture": "#main"},
				"down": {"uv": [0, 2, 0.375, 2], "texture": "#main"}
			}
		},
		{
			"from": [7, 0, 6],
			"to": [10, 0.5, 9],
			"rotation": {"angle": 0, "axis": "y", "origin": [15, 8, 16]},
			"faces": {
				"north": {"uv": [2, 2, 2.0625, 2.125], "texture": "#main"},
				"east": {"uv": [2, 2, 2.0625, 2.125], "texture": "#main"},
				"south": {"uv": [2, 2, 2.0625, 2.125], "texture": "#main"},
				"west": {"uv": [2, 2, 2.0625, 2.125], "texture": "#main"},
				"up": {"uv": [2, 2, 2.0625, 2.125], "texture": "#main"},
				"down": {"uv": [2, 2, 2.0625, 2.125], "texture": "#main"}
			}
		},
		{
			"from": [7, 4, 6],
			"to": [10, 4.5, 9],
			"rotation": {"angle": 0, "axis": "y", "origin": [15, 12, 16]},
			"faces": {
				"north": {"uv": [2, 2.375, 2.375, 2.75], "texture": "#main"},
				"east": {"uv": [2, 2.375, 2.375, 2.75], "texture": "#main"},
				"south": {"uv": [2, 2.375, 2.375, 2.75], "texture": "#main"},
				"west": {"uv": [2, 2.375, 2.375, 2.75], "texture": "#main"},
				"up": {"uv": [2, 2.375, 2.375, 2.75], "texture": "#main"},
				"down": {"uv": [2, 2.375, 2.375, 2.75], "texture": "#main"}
			}
		},
		{
			"from": [7.1, 6.5, 6.1],
			"to": [9.9, 7, 8.9],
			"rotation": {"angle": 0, "axis": "y", "origin": [15, 15, 16]},
			"faces": {
				"north": {"uv": [2, 2, 2.375, 2.0625], "texture": "#main"},
				"east": {"uv": [2, 2, 2.375, 2.0625], "texture": "#main"},
				"south": {"uv": [2, 2, 2.375, 2.0625], "texture": "#main"},
				"west": {"uv": [2, 2, 2.375, 2.0625], "texture": "#main"},
				"up": {"uv": [2, 2.9375, 3, 3.9375], "texture": "#main"},
				"down": {"uv": [2, 2, 2.375, 2.375], "texture": "#main"}
			}
		},
		{
			"from": [10, 4, 6],
			"to": [10, 7.5, 9],
			"rotation": {"angle": 0, "axis": "y", "origin": [15, 12, 16]},
			"faces": {
				"north": {"uv": [2, 2, 2, 2.4375], "texture": "#main"},
				"east": {"uv": [2, 2, 2.75, 2.875], "texture": "#main"},
				"south": {"uv": [2, 2, 2, 2.4375], "texture": "#main"},
				"west": {"uv": [2, 2, 2.375, 2.0625], "texture": "#main"},
				"up": {"uv": [2, 2, 2, 2.375], "texture": "#main"},
				"down": {"uv": [2, 2, 2, 2.375], "texture": "#main"}
			}
		},
		{
			"from": [7, 4, 6],
			"to": [7, 7.5, 9],
			"rotation": {"angle": 0, "axis": "y", "origin": [13, 12, 16]},
			"faces": {
				"north": {"uv": [2, 2, 2, 2.4375], "texture": "#main"},
				"east": {"uv": [2, 2, 2.375, 2.0625], "texture": "#main"},
				"south": {"uv": [2, 2, 2, 2.4375], "texture": "#main"},
				"west": {"uv": [2, 2, 2.75, 2.875], "texture": "#main"},
				"up": {"uv": [2, 2, 2, 2.375], "texture": "#main"},
				"down": {"uv": [2, 2, 2, 2.375], "texture": "#main"}
			}
		},
		{
			"from": [8, 0, 7],
			"to": [9, 4.5, 8],
			"rotation": {"angle": 0, "axis": "y", "origin": [14, 8, 17]},
			"faces": {
				"north": {"uv": [2, 2, 2.0625, 2.0625], "texture": "#main"},
				"east": {"uv": [2, 2, 2.0625, 2.0625], "texture": "#main"},
				"south": {"uv": [2, 2, 2.0625, 2.0625], "texture": "#main"},
				"west": {"uv": [2, 2, 2.0625, 2.0625], "texture": "#main"},
				"up": {"uv": [2, 2, 2.0625, 2.0625], "texture": "#main"},
				"down": {"uv": [2, 2, 2.0625, 2.0625], "texture": "#main"}
			}
		},
		{
			"from": [7, 4, 6],
			"to": [10, 7.5, 6],
			"rotation": {"angle": 0, "axis": "y", "origin": [14, 11, 17]},
			"faces": {
				"north": {"uv": [2.75, 2, 3.5, 2.875], "texture": "#main"},
				"east": {"uv": [2, 2, 2, 2.4375], "texture": "#main"},
				"south": {"uv": [2, 2, 2.375, 2.0625], "texture": "#main"},
				"west": {"uv": [2, 2, 2, 2.4375], "texture": "#main"},
				"up": {"uv": [2, 2, 2.375, 2], "texture": "#main"},
				"down": {"uv": [2, 2, 2.375, 2], "texture": "#main"}
			}
		},
		{
			"from": [7, 4, 9],
			"to": [10, 7.5, 9],
			"rotation": {"angle": 0, "axis": "y", "origin": [14, 11, 19]},
			"faces": {
				"north": {"uv": [2, 2, 2.375, 2.0625], "texture": "#main"},
				"east": {"uv": [2, 2, 2, 2.4375], "texture": "#main"},
				"south": {"uv": [2.75, 2, 3.5, 2.875], "texture": "#main"},
				"west": {"uv": [2, 2, 2, 2.4375], "texture": "#main"},
				"up": {"uv": [2, 2, 2.375, 2], "texture": "#main"},
				"down": {"uv": [2, 2, 2.375, 2], "texture": "#main"}
			}
		},
		{
			"from": [7, 0, 6],
			"to": [10, 0.5, 9],
			"rotation": {"angle": 0, "axis": "y", "origin": [15, 8, 16]},
			"faces": {
				"north": {"uv": [4, 2, 4.0625, 2.125], "texture": "#main"},
				"east": {"uv": [4, 2, 4.0625, 2.125], "texture": "#main"},
				"south": {"uv": [4, 2, 4.0625, 2.125], "texture": "#main"},
				"west": {"uv": [4, 2, 4.0625, 2.125], "texture": "#main"},
				"up": {"uv": [4, 2, 4.0625, 2.125], "texture": "#main"},
				"down": {"uv": [4, 2, 4.0625, 2.125], "texture": "#main"}
			}
		},
		{
			"from": [7, 4, 6],
			"to": [10, 4.5, 9],
			"rotation": {"angle": 0, "axis": "y", "origin": [15, 12, 16]},
			"faces": {
				"north": {"uv": [4, 2.375, 4.375, 2.75], "texture": "#main"},
				"east": {"uv": [4, 2.375, 4.375, 2.75], "texture": "#main"},
				"south": {"uv": [4, 2.375, 4.375, 2.75], "texture": "#main"},
				"west": {"uv": [4, 2.375, 4.375, 2.75], "texture": "#main"},
				"up": {"uv": [4, 2.375, 4.375, 2.75], "texture": "#main"},
				"down": {"uv": [4, 2.375, 4.375, 2.75], "texture": "#main"}
			}
		},
		{
			"from": [7.1, 6.5, 6.1],
			"to": [9.9, 7, 8.9],
			"rotation": {"angle": 0, "axis": "y", "origin": [15, 15, 16]},
			"faces": {
				"north": {"uv": [4, 2, 4.375, 2.0625], "texture": "#main"},
				"east": {"uv": [4, 2, 4.375, 2.0625], "texture": "#main"},
				"south": {"uv": [4, 2, 4.375, 2.0625], "texture": "#main"},
				"west": {"uv": [4, 2, 4.375, 2.0625], "texture": "#main"},
				"up": {"uv": [4, 2.9375, 5, 3.9375], "texture": "#main"},
				"down": {"uv": [4, 2, 4.375, 2.375], "texture": "#main"}
			}
		},
		{
			"from": [10, 4, 6],
			"to": [10, 7.5, 9],
			"rotation": {"angle": 0, "axis": "y", "origin": [15, 12, 16]},
			"faces": {
				"north": {"uv": [4, 2, 4, 2.4375], "texture": "#main"},
				"east": {"uv": [4, 2, 4.75, 2.875], "texture": "#main"},
				"south": {"uv": [4, 2, 4, 2.4375], "texture": "#main"},
				"west": {"uv": [4, 2, 4.375, 2.0625], "texture": "#main"},
				"up": {"uv": [4, 2, 4, 2.375], "texture": "#main"},
				"down": {"uv": [4, 2, 4, 2.375], "texture": "#main"}
			}
		},
		{
			"from": [7, 4, 6],
			"to": [7, 7.5, 9],
			"rotation": {"angle": 0, "axis": "y", "origin": [13, 12, 16]},
			"faces": {
				"north": {"uv": [4, 2, 4, 2.4375], "texture": "#main"},
				"east": {"uv": [4, 2, 4.375, 2.0625], "texture": "#main"},
				"south": {"uv": [4, 2, 4, 2.4375], "texture": "#main"},
				"west": {"uv": [4, 2, 4.75, 2.875], "texture": "#main"},
				"up": {"uv": [4, 2, 4, 2.375], "texture": "#main"},
				"down": {"uv": [4, 2, 4, 2.375], "texture": "#main"}
			}
		},
		{
			"from": [8, 0, 7],
			"to": [9, 4.5, 8],
			"rotation": {"angle": 0, "axis": "y", "origin": [14, 8, 17]},
			"faces": {
				"north": {"uv": [4, 2, 4.0625, 2.0625], "texture": "#main"},
				"east": {"uv": [4, 2, 4.0625, 2.0625], "texture": "#main"},
				"south": {"uv": [4, 2, 4.0625, 2.0625], "texture": "#main"},
				"west": {"uv": [4, 2, 4.0625, 2.0625], "texture": "#main"},
				"up": {"uv": [4, 2, 4.0625, 2.0625], "texture": "#main"},
				"down": {"uv": [4, 2, 4.0625, 2.0625], "texture": "#main"}
			}
		},
		{
			"from": [7, 4, 6],
			"to": [10, 7.5, 6],
			"rotation": {"angle": 0, "axis": "y", "origin": [14, 11, 17]},
			"faces": {
				"north": {"uv": [4.75, 2, 5.5, 2.875], "texture": "#main"},
				"east": {"uv": [4, 2, 4, 2.4375], "texture": "#main"},
				"south": {"uv": [4, 2, 4.375, 2.0625], "texture": "#main"},
				"west": {"uv": [4, 2, 4, 2.4375], "texture": "#main"},
				"up": {"uv": [4, 2, 4.375, 2], "texture": "#main"},
				"down": {"uv": [4, 2, 4.375, 2], "texture": "#main"}
			}
		},
		{
			"from": [7, 4, 9],
			"to": [10, 7.5, 9],
			"rotation": {"angle": 0, "axis": "y", "origin": [14, 11, 19]},
			"faces": {
				"north": {"uv": [4, 2, 4.375, 2.0625], "texture": "#main"},
				"east": {"uv": [4, 2, 4, 2.4375], "texture": "#main"},
				"south": {"uv": [4.75, 2, 5.5, 2.875], "texture": "#main"},
				"west": {"uv": [4, 2, 4, 2.4375], "texture": "#main"},
				"up": {"uv": [4, 2, 4.375, 2], "texture": "#main"},
				"down": {"uv": [4, 2, 4.375, 2], "texture": "#main"}
			}
		},
		{
			"from": [7, 0, 6],
			"to": [10, 0.5, 9],
			"rotation": {"angle": 0, "axis": "y", "origin": [15, 8, 16]},
			"faces": {
				"north": {"uv": [6, 2, 6.0625, 2.125], "texture": "#main"},
				"east": {"uv": [6, 2, 6.0625, 2.125], "texture": "#main"},
				"south": {"uv": [6, 2, 6.0625, 2.125], "texture": "#main"},
				"west": {"uv": [6, 2, 6.0625, 2.125], "texture": "#main"},
				"up": {"uv": [6, 2, 6.0625, 2.125], "texture": "#main"},
				"down": {"uv": [6, 2, 6.0625, 2.125], "texture": "#main"}
			}
		},
		{
			"from": [7, 4, 6],
			"to": [10, 4.5, 9],
			"rotation": {"angle": 0, "axis": "y", "origin": [15, 12, 16]},
			"faces": {
				"north": {"uv": [6, 2.375, 6.375, 2.75], "texture": "#main"},
				"east": {"uv": [6, 2.375, 6.375, 2.75], "texture": "#main"},
				"south": {"uv": [6, 2.375, 6.375, 2.75], "texture": "#main"},
				"west": {"uv": [6, 2.375, 6.375, 2.75], "texture": "#main"},
				"up": {"uv": [6, 2.375, 6.375, 2.75], "texture": "#main"},
				"down": {"uv": [6, 2.375, 6.375, 2.75], "texture": "#main"}
			}
		},
		{
			"from": [7.1, 6.5, 6.1],
			"to": [9.9, 7, 8.9],
			"rotation": {"angle": 0, "axis": "y", "origin": [15, 15, 16]},
			"faces": {
				"north": {"uv": [6, 2, 6.375, 2.0625], "texture": "#main"},
				"east": {"uv": [6, 2, 6.375, 2.0625], "texture": "#main"},
				"south": {"uv": [6, 2, 6.375, 2.0625], "texture": "#main"},
				"west": {"uv": [6, 2, 6.375, 2.0625], "texture": "#main"},
				"up": {"uv": [6, 2.9375, 7, 3.9375], "texture": "#main"},
				"down": {"uv": [6, 2, 6.375, 2.375], "texture": "#main"}
			}
		},
		{
			"from": [10, 4, 6],
			"to": [10, 7.5, 9],
			"rotation": {"angle": 0, "axis": "y", "origin": [15, 12, 16]},
			"faces": {
				"north": {"uv": [6, 2, 6, 2.4375], "texture": "#main"},
				"east": {"uv": [6, 2, 6.75, 2.875], "texture": "#main"},
				"south": {"uv": [6, 2, 6, 2.4375], "texture": "#main"},
				"west": {"uv": [6, 2, 6.375, 2.0625], "texture": "#main"},
				"up": {"uv": [6, 2, 6, 2.375], "texture": "#main"},
				"down": {"uv": [6, 2, 6, 2.375], "texture": "#main"}
			}
		},
		{
			"from": [7, 4, 6],
			"to": [7, 7.5, 9],
			"rotation": {"angle": 0, "axis": "y", "origin": [13, 12, 16]},
			"faces": {
				"north": {"uv": [6, 2, 6, 2.4375], "texture": "#main"},
				"east": {"uv": [6, 2, 6.375, 2.0625], "texture": "#main"},
				"south": {"uv": [6, 2, 6, 2.4375], "texture": "#main"},
				"west": {"uv": [6, 2, 6.75, 2.875], "texture": "#main"},
				"up": {"uv": [6, 2, 6, 2.375], "texture": "#main"},
				"down": {"uv": [6, 2, 6, 2.375], "texture": "#main"}
			}
		},
		{
			"from": [8, 0, 7],
			"to": [9, 4.5, 8],
			"rotation": {"angle": 0, "axis": "y", "origin": [14, 8, 17]},
			"faces": {
				"north": {"uv": [6, 2, 6.0625, 2.0625], "texture": "#main"},
				"east": {"uv": [6, 2, 6.0625, 2.0625], "texture": "#main"},
				"south": {"uv": [6, 2, 6.0625, 2.0625], "texture": "#main"},
				"west": {"uv": [6, 2, 6.0625, 2.0625], "texture": "#main"},
				"up": {"uv": [6, 2, 6.0625, 2.0625], "texture": "#main"},
				"down": {"uv": [6, 2, 6.0625, 2.0625], "texture": "#main"}
			}
		},
		{
			"from": [7, 4, 6],
			"to": [10, 7.5, 6],
			"rotation": {"angle": 0, "axis": "y", "origin": [14, 11, 17]},
			"faces": {
				"north": {"uv": [6.75, 2, 7.5, 2.875], "texture": "#main"},
				"east": {"uv": [6, 2, 6, 2.4375], "texture": "#main"},
				"south": {"uv": [6, 2, 6.375, 2.0625], "texture": "#main"},
				"west": {"uv": [6, 2, 6, 2.4375], "texture": "#main"},
				"up": {"uv": [6, 2, 6.375, 2], "texture": "#main"},
				"down": {"uv": [6, 2, 6.375, 2], "texture": "#main"}
			}
		},
		{
			"from": [7, 4, 9],
			"to": [10, 7.5, 9],
			"rotation": {"angle": 0, "axis": "y", "origin": [14, 11, 19]},
			"faces": {
				"north": {"uv": [6, 2, 6.375, 2.0625], "texture": "#main"},
				"east": {"uv": [6, 2, 6, 2.4375], "texture": "#main"},
				"south": {"uv": [6.75, 2, 7.5, 2.875], "texture": "#main"},
				"west": {"uv": [6, 2, 6, 2.4375], "texture": "#main"},
				"up": {"uv": [6, 2, 6.375, 2], "texture": "#main"},
				"down": {"uv": [6, 2, 6.375, 2], "texture": "#main"}
			}
		},
		{
			"from": [7, 0, 6],
			"to": [10, 0.5, 9],
			"rotation": {"angle": 0, "axis": "y", "origin": [15, 8, 16]},
			"faces": {
				"north": {"uv": [8, 2, 8.0625, 2.125], "texture": "#main"},
				"east": {"uv": [8, 2, 8.0625, 2.125], "texture": "#main"},
				"south": {"uv": [8, 2, 8.0625, 2.125], "texture": "#main"},
				"west": {"uv": [8, 2, 8.0625, 2.125], "texture": "#main"},
				"up": {"uv": [8, 2, 8.0625, 2.125], "texture": "#main"},
				"down": {"uv": [8, 2, 8.0625, 2.125], "texture": "#main"}
			}
		},
		{
			"from": [7, 4, 6],
			"to": [10, 4.5, 9],
			"rotation": {"angle": 0, "axis": "y", "origin": [15, 12, 16]},
			"faces": {
				"north": {"uv": [8, 2.375, 8.375, 2.75], "texture": "#main"},
				"east": {"uv": [8, 2.375, 8.375, 2.75], "texture": "#main"},
				"south": {"uv": [8, 2.375, 8.375, 2.75], "texture": "#main"},
				"west": {"uv": [8, 2.375, 8.375, 2.75], "texture": "#main"},
				"up": {"uv": [8, 2.375, 8.375, 2.75], "texture": "#main"},
				"down": {"uv": [8, 2.375, 8.375, 2.75], "texture": "#main"}
			}
		},
		{
			"from": [7.1, 6.5, 6.1],
			"to": [9.9, 7, 8.9],
			"rotation": {"angle": 0, "axis": "y", "origin": [15, 15, 16]},
			"faces": {
				"north": {"uv": [8, 2, 8.375, 2.0625], "texture": "#main"},
				"east": {"uv": [8, 2, 8.375, 2.0625], "texture": "#main"},
				"south": {"uv": [8, 2, 8.375, 2.0625], "texture": "#main"},
				"west": {"uv": [8, 2, 8.375, 2.0625], "texture": "#main"},
				"up": {"uv": [8, 2.9375, 9, 3.9375], "texture": "#main"},
				"down": {"uv": [8, 2, 8.375, 2.375], "texture": "#main"}
			}
		},
		{
			"from": [10, 4, 6],
			"to": [10, 7.5, 9],
			"rotation": {"angle": 0, "axis": "y", "origin": [15, 12, 16]},
			"faces": {
				"north": {"uv": [8, 2, 8, 2.4375], "texture": "#main"},
				"east": {"uv": [8, 2, 8.75, 2.875], "texture": "#main"},
				"south": {"uv": [8, 2, 8, 2.4375], "texture": "#main"},
				"west": {"uv": [8, 2, 8.375, 2.0625], "texture": "#main"},
				"up": {"uv": [8, 2, 8, 2.375], "texture": "#main"},
				"down": {"uv": [8, 2, 8, 2.375], "texture": "#main"}
			}
		},
		{
			"from": [7, 4, 6],
			"to": [7, 7.5, 9],
			"rotation": {"angle": 0, "axis": "y", "origin": [13, 12, 16]},
			"faces": {
				"north": {"uv": [8, 2, 8, 2.4375], "texture": "#main"},
				"east": {"uv": [8, 2, 8.375, 2.0625], "texture": "#main"},
				"south": {"uv": [8, 2, 8, 2.4375], "texture": "#main"},
				"west": {"uv": [8, 2, 8.75, 2.875], "texture": "#main"},
				"up": {"uv": [8, 2, 8, 2.375], "texture": "#main"},
				"down": {"uv": [8, 2, 8, 2.375], "texture": "#main"}
			}
		},
		{
			"from": [8, 0, 7],
			"to": [9, 4.5, 8],
			"rotation": {"angle": 0, "axis": "y", "origin": [14, 8, 17]},
			"faces": {
				"north": {"uv": [8, 2, 8.0625, 2.0625], "texture": "#main"},
				"east": {"uv": [8, 2, 8.0625, 2.0625], "texture": "#main"},
				"south": {"uv": [8, 2, 8.0625, 2.0625], "texture": "#main"},
				"west": {"uv": [8, 2, 8.0625, 2.0625], "texture": "#main"},
				"up": {"uv": [8, 2, 8.0625, 2.0625], "texture": "#main"},
				"down": {"uv": [8, 2, 8.0625, 2.0625], "texture": "#main"}
			}
		},
		{
			"from": [7, 4, 6],
			"to": [10, 7.5, 6],
			"rotation": {"angle": 0, "axis": "y", "origin": [14, 11, 17]},
			"faces": {
				"north": {"uv": [8.75, 2, 9.5, 2.875], "texture": "#main"},
				"east": {"uv": [8, 2, 8, 2.4375], "texture": "#main"},
				"south": {"uv": [8, 2, 8.375, 2.0625], "texture": "#main"},
				"west": {"uv": [8, 2, 8, 2.4375], "texture": "#main"},
				"up": {"uv": [8, 2, 8.375, 2], "texture": "#main"},
				"down": {"uv": [8, 2, 8.375, 2], "texture": "#main"}
			}
		},
		{
			"from": [7, 4, 9],
			"to": [10, 7.5, 9],
			"rotation": {"angle": 0, "axis": "y", "origin": [14, 11, 19]},
			"faces": {
				"north": {"uv": [8, 2, 8.375, 2.0625], "texture": "#main"},
				"east": {"uv": [8, 2, 8, 2.4375], "texture": "#main"},
				"south": {"uv": [8.75, 2, 9.5, 2.875], "texture": "#main"},
				"west": {"uv": [8, 2, 8, 2.4375], "texture": "#main"},
				"up": {"uv": [8, 2, 8.375, 2], "texture": "#main"},
				"down": {"uv": [8, 2, 8.375, 2], "texture": "#main"}
			}
		},
		{
			"from": [7, 0, 6],
			"to": [10, 0.5, 9],
			"rotation": {"angle": 0, "axis": "y", "origin": [15, 8, 16]},
			"faces": {
				"north": {"uv": [10, 2, 10.0625, 2.125], "texture": "#main"},
				"east": {"uv": [10, 2, 10.0625, 2.125], "texture": "#main"},
				"south": {"uv": [10, 2, 10.0625, 2.125], "texture": "#main"},
				"west": {"uv": [10, 2, 10.0625, 2.125], "texture": "#main"},
				"up": {"uv": [10, 2, 10.0625, 2.125], "texture": "#main"},
				"down": {"uv": [10, 2, 10.0625, 2.125], "texture": "#main"}
			}
		},
		{
			"from": [7, 4, 6],
			"to": [10, 4.5, 9],
			"rotation": {"angle": 0, "axis": "y", "origin": [15, 12, 16]},
			"faces": {
				"north": {"uv": [10, 2.375, 10.375, 2.75], "texture": "#main"},
				"east": {"uv": [10, 2.375, 10.375, 2.75], "texture": "#main"},
				"south": {"uv": [10, 2.375, 10.375, 2.75], "texture": "#main"},
				"west": {"uv": [10, 2.375, 10.375, 2.75], "texture": "#main"},
				"up": {"uv": [10, 2.375, 10.375, 2.75], "texture": "#main"},
				"down": {"uv": [10, 2.375, 10.375, 2.75], "texture": "#main"}
			}
		},
		{
			"from": [7.1, 6.5, 6.1],
			"to": [9.9, 7, 8.9],
			"rotation": {"angle": 0, "axis": "y", "origin": [15, 15, 16]},
			"faces": {
				"north": {"uv": [10, 2, 10.375, 2.0625], "texture": "#main"},
				"east": {"uv": [10, 2, 10.375, 2.0625], "texture": "#main"},
				"south": {"uv": [10, 2, 10.375, 2.0625], "texture": "#main"},
				"west": {"uv": [10, 2, 10.375, 2.0625], "texture": "#main"},
				"up": {"uv": [10, 2.9375, 11, 3.9375], "texture": "#main"},
				"down": {"uv": [10, 2, 10.375, 2.375], "texture": "#main"}
			}
		},
		{
			"from": [10, 4, 6],
			"to": [10, 7.5, 9],
			"rotation": {"angle": 0, "axis": "y", "origin": [15, 12, 16]},
			"faces": {
				"north": {"uv": [10, 2, 10, 2.4375], "texture": "#main"},
				"east": {"uv": [10, 2, 10.75, 2.875], "texture": "#main"},
				"south": {"uv": [10, 2, 10, 2.4375], "texture": "#main"},
				"west": {"uv": [10, 2, 10.375, 2.0625], "texture": "#main"},
				"up": {"uv": [10, 2, 10, 2.375], "texture": "#main"},
				"down": {"uv": [10, 2, 10, 2.375], "texture": "#main"}
			}
		},
		{
			"from": [7, 4, 6],
			"to": [7, 7.5, 9],
			"rotation": {"angle": 0, "axis": "y", "origin": [13, 12, 16]},
			"faces": {
				"north": {"uv": [10, 2, 10, 2.4375], "texture": "#main"},
				"east": {"uv": [10, 2, 10.375, 2.0625], "texture": "#main"},
				"south": {"uv": [10, 2, 10, 2.4375], "texture": "#main"},
				"west": {"uv": [10, 2, 10.75, 2.875], "texture": "#main"},
				"up": {"uv": [10, 2, 10, 2.375], "texture": "#main"},
				"down": {"uv": [10, 2, 10, 2.375], "texture": "#main"}
			}
		},
		{
			"from": [8, 0, 7],
			"to": [9, 4.5, 8],
			"rotation": {"angle": 0, "axis": "y", "origin": [14, 8, 17]},
			"faces": {
				"north": {"uv": [10, 2, 10.0625, 2.0625], "texture": "#main"},
				"east": {"uv": [10, 2, 10.0625, 2.0625], "texture": "#main"},
				"south": {"uv": [10, 2, 10.0625, 2.0625], "texture": "#main"},
				"west": {"uv": [10, 2, 10.0625, 2.0625], "texture": "#main"},
				"up": {"uv": [10, 2, 10.0625, 2.0625], "texture": "#main"},
				"down": {"uv": [10, 2, 10.0625, 2.0625], "texture": "#main"}
			}
		},
		{
			"from": [7, 4, 6],
			"to": [10, 7.5, 6],
			"rotation": {"angle": 0, "axis": "y", "origin": [14, 11, 17]},
			"faces": {
				"north": {"uv": [10.75, 2, 11.5, 2.875], "texture": "#main"},
				"east": {"uv": [10, 2, 10, 2.4375], "texture": "#main"},
				"south": {"uv": [10, 2, 10.375, 2.0625], "texture": "#main"},
				"west": {"uv": [10, 2, 10, 2.4375], "texture": "#main"},
				"up": {"uv": [10, 2, 10.375, 2], "texture": "#main"},
				"down": {"uv": [10, 2, 10.375, 2], "texture": "#main"}
			}
		},
		{
			"from": [7, 4, 9],
			"to": [10, 7.5, 9],
			"rotation": {"angle": 0, "axis": "y", "origin": [14, 11, 19]},
			"faces": {
				"north": {"uv": [10, 2, 10.375, 2.0625], "texture": "#main"},
				"east": {"uv": [10, 2, 10, 2.4375], "texture": "#main"},
				"south": {"uv": [10.75, 2, 11.5, 2.875], "texture": "#main"},
				"west": {"uv": [10, 2, 10, 2.4375], "texture": "#main"},
				"up": {"uv": [10, 2, 10.375, 2], "texture": "#main"},
				"down": {"uv": [10, 2, 10.375, 2], "texture": "#main"}
			}
		},
		{
			"from": [7, 0, 6],
			"to": [10, 0.5, 9],
			"rotation": {"angle": 0, "axis": "y", "origin": [15, 8, 16]},
			"faces": {
				"north": {"uv": [12.3125, 2, 12.375, 2.125], "texture": "#main"},
				"east": {"uv": [12.125, 2, 12.1875, 2.125], "texture": "#main"},
				"south": {"uv": [12.125, 2, 12.1875, 2.125], "texture": "#main"},
				"west": {"uv": [12.1875, 2, 12.25, 2.125], "texture": "#main"},
				"up": {"uv": [12.1875, 2, 12.25, 2.125], "texture": "#main"},
				"down": {"uv": [12.125, 2, 12.1875, 2.125], "texture": "#main"}
			}
		},
		{
			"from": [7, 4, 6],
			"to": [10, 4.5, 9],
			"rotation": {"angle": 0, "axis": "y", "origin": [15, 12, 16]},
			"faces": {
				"north": {"uv": [12, 2.375, 12.375, 2.75], "texture": "#main"},
				"east": {"uv": [12, 2.375, 12.375, 2.75], "texture": "#main"},
				"south": {"uv": [12, 2.375, 12.375, 2.75], "texture": "#main"},
				"west": {"uv": [12, 2.375, 12.375, 2.75], "texture": "#main"},
				"up": {"uv": [12, 2.375, 12.375, 2.75], "texture": "#main"},
				"down": {"uv": [12, 2.375, 12.375, 2.75], "texture": "#main"}
			}
		},
		{
			"from": [7.1, 6.5, 6.1],
			"to": [9.9, 7, 8.9],
			"rotation": {"angle": 0, "axis": "y", "origin": [15, 15, 16]},
			"faces": {
				"north": {"uv": [12, 2, 12.375, 2.0625], "texture": "#main"},
				"east": {"uv": [12, 2, 12.375, 2.0625], "texture": "#main"},
				"south": {"uv": [12, 2, 12.375, 2.0625], "texture": "#main"},
				"west": {"uv": [12, 2, 12.375, 2.0625], "texture": "#main"},
				"up": {"uv": [12, 2.9375, 13, 3.9375], "texture": "#main"},
				"down": {"uv": [12, 2, 12.375, 2.375], "texture": "#main"}
			}
		},
		{
			"from": [10, 4, 6],
			"to": [10, 7.5, 9],
			"rotation": {"angle": 0, "axis": "y", "origin": [15, 12, 16]},
			"faces": {
				"north": {"uv": [12, 2, 12, 2.4375], "texture": "#main"},
				"east": {"uv": [12, 2, 12.75, 2.875], "texture": "#main"},
				"south": {"uv": [12, 2, 12, 2.4375], "texture": "#main"},
				"west": {"uv": [12, 2, 12.375, 2.0625], "texture": "#main"},
				"up": {"uv": [12, 2, 12, 2.375], "texture": "#main"},
				"down": {"uv": [12, 2, 12, 2.375], "texture": "#main"}
			}
		},
		{
			"from": [7, 4, 6],
			"to": [7, 7.5, 9],
			"rotation": {"angle": 0, "axis": "y", "origin": [13, 12, 16]},
			"faces": {
				"north": {"uv": [12, 2, 12, 2.4375], "texture": "#main"},
				"east": {"uv": [12, 2, 12.375, 2.0625], "texture": "#main"},
				"south": {"uv": [12, 2, 12, 2.4375], "texture": "#main"},
				"west": {"uv": [12, 2, 12.75, 2.875], "texture": "#main"},
				"up": {"uv": [12, 2, 12, 2.375], "texture": "#main"},
				"down": {"uv": [12, 2, 12, 2.375], "texture": "#main"}
			}
		},
		{
			"from": [8, 0, 7],
			"to": [9, 4.5, 8],
			"rotation": {"angle": 0, "axis": "y", "origin": [14, 8, 17]},
			"faces": {
				"north": {"uv": [12, 2, 12.0625, 2.0625], "texture": "#main"},
				"east": {"uv": [12, 2, 12.0625, 2.0625], "texture": "#main"},
				"south": {"uv": [12, 2, 12.0625, 2.0625], "texture": "#main"},
				"west": {"uv": [12, 2, 12.0625, 2.0625], "texture": "#main"},
				"up": {"uv": [12, 2, 12.0625, 2.0625], "texture": "#main"},
				"down": {"uv": [12, 2, 12.0625, 2.0625], "texture": "#main"}
			}
		},
		{
			"from": [7, 4, 6],
			"to": [10, 7.5, 6],
			"rotation": {"angle": 0, "axis": "y", "origin": [14, 11, 17]},
			"faces": {
				"north": {"uv": [12.75, 2, 13.5, 2.875], "texture": "#main"},
				"east": {"uv": [12, 2, 12, 2.4375], "texture": "#main"},
				"south": {"uv": [12, 2, 12.375, 2.0625], "texture": "#main"},
				"west": {"uv": [12, 2, 12, 2.4375], "texture": "#main"},
				"up": {"uv": [12, 2, 12.375, 2], "texture": "#main"},
				"down": {"uv": [12, 2, 12.375, 2], "texture": "#main"}
			}
		},
		{
			"from": [7, 4, 9],
			"to": [10, 7.5, 9],
			"rotation": {"angle": 0, "axis": "y", "origin": [14, 11, 19]},
			"faces": {
				"north": {"uv": [12, 2, 12.375, 2.0625], "texture": "#main"},
				"east": {"uv": [12, 2, 12, 2.4375], "texture": "#main"},
				"south": {"uv": [12.75, 2, 13.5, 2.875], "texture": "#main"},
				"west": {"uv": [12, 2, 12, 2.4375], "texture": "#main"},
				"up": {"uv": [12, 2, 12.375, 2], "texture": "#main"},
				"down": {"uv": [12, 2, 12.375, 2], "texture": "#main"}
			}
		},
		{
			"from": [7, 0, 6],
			"to": [10, 0.5, 9],
			"rotation": {"angle": 0, "axis": "y", "origin": [15, 8, 16]},
			"faces": {
				"north": {"uv": [14.3125, 2, 14.375, 2.125], "texture": "#main"},
				"east": {"uv": [14.1875, 2, 14.25, 2.125], "texture": "#main"},
				"south": {"uv": [14.3125, 2, 14.375, 2.125], "texture": "#main"},
				"west": {"uv": [14.1875, 2, 14.25, 2.125], "texture": "#main"},
				"up": {"uv": [14.1875, 2, 14.25, 2.125], "texture": "#main"},
				"down": {"uv": [14.1875, 2, 14.25, 2.125], "texture": "#main"}
			}
		},
		{
			"from": [7, 4, 6],
			"to": [10, 4.5, 9],
			"rotation": {"angle": 0, "axis": "y", "origin": [15, 12, 16]},
			"faces": {
				"north": {"uv": [14, 2.375, 14.375, 2.75], "texture": "#main"},
				"east": {"uv": [14, 2.375, 14.375, 2.75], "texture": "#main"},
				"south": {"uv": [14, 2.375, 14.375, 2.75], "texture": "#main"},
				"west": {"uv": [14, 2.375, 14.375, 2.75], "texture": "#main"},
				"up": {"uv": [14, 2.375, 14.375, 2.75], "texture": "#main"},
				"down": {"uv": [14, 2.375, 14.375, 2.75], "texture": "#main"}
			}
		},
		{
			"from": [7.1, 6.5, 6.1],
			"to": [9.9, 7, 8.9],
			"rotation": {"angle": 0, "axis": "y", "origin": [15, 15, 16]},
			"faces": {
				"north": {"uv": [14, 2, 14.375, 2.0625], "texture": "#main"},
				"east": {"uv": [14, 2, 14.375, 2.0625], "texture": "#main"},
				"south": {"uv": [14, 2, 14.375, 2.0625], "texture": "#main"},
				"west": {"uv": [14, 2, 14.375, 2.0625], "texture": "#main"},
				"up": {"uv": [14, 2.9375, 15, 3.9375], "texture": "#main"},
				"down": {"uv": [14, 2, 14.375, 2.375], "texture": "#main"}
			}
		},
		{
			"from": [10, 4, 6],
			"to": [10, 7.5, 9],
			"rotation": {"angle": 0, "axis": "y", "origin": [15, 12, 16]},
			"faces": {
				"north": {"uv": [14, 2, 14, 2.4375], "texture": "#main"},
				"east": {"uv": [14, 2, 14.75, 2.875], "texture": "#main"},
				"south": {"uv": [14, 2, 14, 2.4375], "texture": "#main"},
				"west": {"uv": [14, 2, 14.375, 2.0625], "texture": "#main"},
				"up": {"uv": [14, 2, 14, 2.375], "texture": "#main"},
				"down": {"uv": [14, 2, 14, 2.375], "texture": "#main"}
			}
		},
		{
			"from": [7, 4, 6],
			"to": [7, 7.5, 9],
			"rotation": {"angle": 0, "axis": "y", "origin": [13, 12, 16]},
			"faces": {
				"north": {"uv": [14, 2, 14, 2.4375], "texture": "#main"},
				"east": {"uv": [14, 2, 14.375, 2.0625], "texture": "#main"},
				"south": {"uv": [14, 2, 14, 2.4375], "texture": "#main"},
				"west": {"uv": [14, 2, 14.75, 2.875], "texture": "#main"},
				"up": {"uv": [14, 2, 14, 2.375], "texture": "#main"},
				"down": {"uv": [14, 2, 14, 2.375], "texture": "#main"}
			}
		},
		{
			"from": [8, 0, 7],
			"to": [9, 4.5, 8],
			"rotation": {"angle": 0, "axis": "y", "origin": [14, 8, 17]},
			"faces": {
				"north": {"uv": [14, 2, 14.0625, 2.0625], "texture": "#main"},
				"east": {"uv": [14, 2, 14.0625, 2.0625], "texture": "#main"},
				"south": {"uv": [14, 2, 14.0625, 2.0625], "texture": "#main"},
				"west": {"uv": [14, 2, 14.0625, 2.0625], "texture": "#main"},
				"up": {"uv": [14, 2, 14.0625, 2.0625], "texture": "#main"},
				"down": {"uv": [14, 2, 14.0625, 2.0625], "texture": "#main"}
			}
		},
		{
			"from": [7, 4, 6],
			"to": [10, 7.5, 6],
			"rotation": {"angle": 0, "axis": "y", "origin": [14, 11, 17]},
			"faces": {
				"north": {"uv": [14.75, 2, 15.5, 2.875], "texture": "#main"},
				"east": {"uv": [14, 2, 14, 2.4375], "texture": "#main"},
				"south": {"uv": [14, 2, 14.375, 2.0625], "texture": "#main"},
				"west": {"uv": [14, 2, 14, 2.4375], "texture": "#main"},
				"up": {"uv": [14, 2, 14.375, 2], "texture": "#main"},
				"down": {"uv": [14, 2, 14.375, 2], "texture": "#main"}
			}
		},
		{
			"from": [7, 4, 9],
			"to": [10, 7.5, 9],
			"rotation": {"angle": 0, "axis": "y", "origin": [14, 11, 19]},
			"faces": {
				"north": {"uv": [14, 2, 14.375, 2.0625], "texture": "#main"},
				"east": {"uv": [14, 2, 14, 2.4375], "texture": "#main"},
				"south": {"uv": [14.75, 2, 15.5, 2.875], "texture": "#main"},
				"west": {"uv": [14, 2, 14, 2.4375], "texture": "#main"},
				"up": {"uv": [14, 2, 14.375, 2], "texture": "#main"},
				"down": {"uv": [14, 2, 14.375, 2], "texture": "#main"}
			}
		},
		{
			"from": [7, 0, 6],
			"to": [10, 0.5, 9],
			"rotation": {"angle": 0, "axis": "y", "origin": [15, 8, 16]},
			"faces": {
				"north": {"uv": [0.3125, 4, 0.375, 4.125], "texture": "#main"},
				"east": {"uv": [0.1875, 4, 0.25, 4.125], "texture": "#main"},
				"south": {"uv": [0.3125, 4, 0.375, 4.125], "texture": "#main"},
				"west": {"uv": [0.1875, 4, 0.25, 4.125], "texture": "#main"},
				"up": {"uv": [0.1875, 4, 0.25, 4.125], "texture": "#main"},
				"down": {"uv": [0.1875, 4, 0.25, 4.125], "texture": "#main"}
			}
		},
		{
			"from": [7, 4, 6],
			"to": [10, 4.5, 9],
			"rotation": {"angle": 0, "axis": "y", "origin": [15, 12, 16]},
			"faces": {
				"north": {"uv": [0, 4.375, 0.375, 4.75], "texture": "#main"},
				"east": {"uv": [0, 4.375, 0.375, 4.75], "texture": "#main"},
				"south": {"uv": [0, 4.375, 0.375, 4.75], "texture": "#main"},
				"west": {"uv": [0, 4.375, 0.375, 4.75], "texture": "#main"},
				"up": {"uv": [0, 4.375, 0.375, 4.75], "texture": "#main"},
				"down": {"uv": [0, 4.375, 0.375, 4.75], "texture": "#main"}
			}
		},
		{
			"from": [7.1, 6.5, 6.1],
			"to": [9.9, 7, 8.9],
			"rotation": {"angle": 0, "axis": "y", "origin": [15, 15, 16]},
			"faces": {
				"north": {"uv": [0, 4, 0.375, 4.0625], "texture": "#main"},
				"east": {"uv": [0, 4, 0.375, 4.0625], "texture": "#main"},
				"south": {"uv": [0, 4, 0.375, 4.0625], "texture": "#main"},
				"west": {"uv": [0, 4, 0.375, 4.0625], "texture": "#main"},
				"up": {"uv": [0, 4.9375, 1, 5.9375], "texture": "#main"},
				"down": {"uv": [0, 4, 0.375, 4.375], "texture": "#main"}
			}
		},
		{
			"from": [10, 4, 6],
			"to": [10, 7.5, 9],
			"rotation": {"angle": 0, "axis": "y", "origin": [15, 12, 16]},
			"faces": {
				"north": {"uv": [0, 4, 0, 4.4375], "texture": "#main"},
				"east": {"uv": [0, 4, 0.75, 4.875], "texture": "#main"},
				"south": {"uv": [0, 4, 0, 4.4375], "texture": "#main"},
				"west": {"uv": [0, 4, 0.375, 4.0625], "texture": "#main"},
				"up": {"uv": [0, 4, 0, 4.375], "texture": "#main"},
				"down": {"uv": [0, 4, 0, 4.375], "texture": "#main"}
			}
		},
		{
			"from": [7, 4, 6],
			"to": [7, 7.5, 9],
			"rotation": {"angle": 0, "axis": "y", "origin": [13, 12, 16]},
			"faces": {
				"north": {"uv": [0, 4, 0, 4.4375], "texture": "#main"},
				"east": {"uv": [0, 4, 0.375, 4.0625], "texture": "#main"},
				"south": {"uv": [0, 4, 0, 4.4375], "texture": "#main"},
				"west": {"uv": [0, 4, 0.75, 4.875], "texture": "#main"},
				"up": {"uv": [0, 4, 0, 4.375], "texture": "#main"},
				"down": {"uv": [0, 4, 0, 4.375], "texture": "#main"}
			}
		},
		{
			"from": [8, 0, 7],
			"to": [9, 4.5, 8],
			"rotation": {"angle": 0, "axis": "y", "origin": [14, 8, 17]},
			"faces": {
				"north": {"uv": [0, 4, 0.0625, 4.0625], "texture": "#main"},
				"east": {"uv": [0, 4, 0.0625, 4.0625], "texture": "#main"},
				"south": {"uv": [0, 4, 0.0625, 4.0625], "texture": "#main"},
				"west": {"uv": [0, 4, 0.0625, 4.0625], "texture": "#main"},
				"up": {"uv": [0, 4, 0.0625, 4.0625], "texture": "#main"},
				"down": {"uv": [0, 4, 0.0625, 4.0625], "texture": "#main"}
			}
		},
		{
			"from": [7, 4, 6],
			"to": [10, 7.5, 6],
			"rotation": {"angle": 0, "axis": "y", "origin": [14, 11, 17]},
			"faces": {
				"north": {"uv": [0.75, 4, 1.5, 4.875], "texture": "#main"},
				"east": {"uv": [0, 4, 0, 4.4375], "texture": "#main"},
				"south": {"uv": [0, 4, 0.375, 4.0625], "texture": "#main"},
				"west": {"uv": [0, 4, 0, 4.4375], "texture": "#main"},
				"up": {"uv": [0, 4, 0.375, 4], "texture": "#main"},
				"down": {"uv": [0, 4, 0.375, 4], "texture": "#main"}
			}
		},
		{
			"from": [7, 4, 9],
			"to": [10, 7.5, 9],
			"rotation": {"angle": 0, "axis": "y", "origin": [14, 11, 19]},
			"faces": {
				"north": {"uv": [0, 4, 0.375, 4.0625], "texture": "#main"},
				"east": {"uv": [0, 4, 0, 4.4375], "texture": "#main"},
				"south": {"uv": [0.75, 4, 1.5, 4.875], "texture": "#main"},
				"west": {"uv": [0, 4, 0, 4.4375], "texture": "#main"},
				"up": {"uv": [0, 4, 0.375, 4], "texture": "#main"},
				"down": {"uv": [0, 4, 0.375, 4], "texture": "#main"}
			}
		},
		{
			"from": [7, 0, 6],
			"to": [10, 0.5, 9],
			"rotation": {"angle": 0, "axis": "y", "origin": [15, 8, 16]},
			"faces": {
				"north": {"uv": [2, 4, 2.0625, 4.125], "texture": "#main"},
				"east": {"uv": [2, 4, 2.0625, 4.125], "texture": "#main"},
				"south": {"uv": [2, 4, 2.0625, 4.125], "texture": "#main"},
				"west": {"uv": [2, 4, 2.0625, 4.125], "texture": "#main"},
				"up": {"uv": [2, 4, 2.0625, 4.125], "texture": "#main"},
				"down": {"uv": [2, 4, 2.0625, 4.125], "texture": "#main"}
			}
		},
		{
			"from": [7, 4, 6],
			"to": [10, 4.5, 9],
			"rotation": {"angle": 0, "axis": "y", "origin": [15, 12, 16]},
			"faces": {
				"north": {"uv": [2, 4.375, 2.375, 4.75], "texture": "#main"},
				"east": {"uv": [2, 4.375, 2.375, 4.75], "texture": "#main"},
				"south": {"uv": [2, 4.375, 2.375, 4.75], "texture": "#main"},
				"west": {"uv": [2, 4.375, 2.375, 4.75], "texture": "#main"},
				"up": {"uv": [2, 4.375, 2.375, 4.75], "texture": "#main"},
				"down": {"uv": [2, 4.375, 2.375, 4.75], "texture": "#main"}
			}
		},
		{
			"from": [7.1, 6.5, 6.1],
			"to": [9.9, 7, 8.9],
			"rotation": {"angle": 0, "axis": "y", "origin": [15, 15, 16]},
			"faces": {
				"north": {"uv": [2, 4, 2.375, 4.0625], "texture": "#main"},
				"east": {"uv": [2, 4, 2.375, 4.0625], "texture": "#main"},
				"south": {"uv": [2, 4, 2.375, 4.0625], "texture": "#main"},
				"west": {"uv": [2, 4, 2.375, 4.0625], "texture": "#main"},
				"up": {"uv": [2, 4.9375, 3, 5.9375], "texture": "#main"},
				"down": {"uv": [2, 4, 2.375, 4.375], "texture": "#main"}
			}
		},
		{
			"from": [10, 4, 6],
			"to": [10, 7.5, 9],
			"rotation": {"angle": 0, "axis": "y", "origin": [15, 12, 16]},
			"faces": {
				"north": {"uv": [2, 4, 2, 4.4375], "texture": "#main"},
				"east": {"uv": [2, 4, 2.75, 4.875], "texture": "#main"},
				"south": {"uv": [2, 4, 2, 4.4375], "texture": "#main"},
				"west": {"uv": [2, 4, 2.375, 4.0625], "texture": "#main"},
				"up": {"uv": [2, 4, 2, 4.375], "texture": "#main"},
				"down": {"uv": [2, 4, 2, 4.375], "texture": "#main"}
			}
		},
		{
			"from": [7, 4, 6],
			"to": [7, 7.5, 9],
			"rotation": {"angle": 0, "axis": "y", "origin": [13, 12, 16]},
			"faces": {
				"north": {"uv": [2, 4, 2, 4.4375], "texture": "#main"},
				"east": {"uv": [2, 4, 2.375, 4.0625], "texture": "#main"},
				"south": {"uv": [2, 4, 2, 4.4375], "texture": "#main"},
				"west": {"uv": [2, 4, 2.75, 4.875], "texture": "#main"},
				"up": {"uv": [2, 4, 2, 4.375], "texture": "#main"},
				"down": {"uv": [2, 4, 2, 4.375], "texture": "#main"}
			}
		},
		{
			"from": [8, 0, 7],
			"to": [9, 4.5, 8],
			"rotation": {"angle": 0, "axis": "y", "origin": [14, 8, 17]},
			"faces": {
				"north": {"uv": [2, 4, 2.0625, 4.0625], "texture": "#main"},
				"east": {"uv": [2, 4, 2.0625, 4.0625], "texture": "#main"},
				"south": {"uv": [2, 4, 2.0625, 4.0625], "texture": "#main"},
				"west": {"uv": [2, 4, 2.0625, 4.0625], "texture": "#main"},
				"up": {"uv": [2, 4, 2.0625, 4.0625], "texture": "#main"},
				"down": {"uv": [2, 4, 2.0625, 4.0625], "texture": "#main"}
			}
		},
		{
			"from": [7, 4, 6],
			"to": [10, 7.5, 6],
			"rotation": {"angle": 0, "axis": "y", "origin": [14, 11, 17]},
			"faces": {
				"north": {"uv": [2.75, 4, 3.5, 4.875], "texture": "#main"},
				"east": {"uv": [2, 4, 2, 4.4375], "texture": "#main"},
				"south": {"uv": [2, 4, 2.375, 4.0625], "texture": "#main"},
				"west": {"uv": [2, 4, 2, 4.4375], "texture": "#main"},
				"up": {"uv": [2, 4, 2.375, 4], "texture": "#main"},
				"down": {"uv": [2, 4, 2.375, 4], "texture": "#main"}
			}
		},
		{
			"from": [7, 4, 9],
			"to": [10, 7.5, 9],
			"rotation": {"angle": 0, "axis": "y", "origin": [14, 11, 19]},
			"faces": {
				"north": {"uv": [2, 4, 2.375, 4.0625], "texture": "#main"},
				"east": {"uv": [2, 4, 2, 4.4375], "texture": "#main"},
				"south": {"uv": [2.75, 4, 3.5, 4.875], "texture": "#main"},
				"west": {"uv": [2, 4, 2, 4.4375], "texture": "#main"},
				"up": {"uv": [2, 4, 2.375, 4], "texture": "#main"},
				"down": {"uv": [2, 4, 2.375, 4], "texture": "#main"}
			}
		},
		{
			"from": [7, 0, 6],
			"to": [10, 0.5, 9],
			"rotation": {"angle": 0, "axis": "y", "origin": [15, 8, 16]},
			"faces": {
				"north": {"uv": [4, 4, 4.0625, 4.125], "texture": "#main"},
				"east": {"uv": [4, 4, 4.0625, 4.125], "texture": "#main"},
				"south": {"uv": [4, 4, 4.0625, 4.125], "texture": "#main"},
				"west": {"uv": [4, 4, 4.0625, 4.125], "texture": "#main"},
				"up": {"uv": [4, 4, 4.0625, 4.125], "texture": "#main"},
				"down": {"uv": [4, 4, 4.0625, 4.125], "texture": "#main"}
			}
		},
		{
			"from": [7, 4, 6],
			"to": [10, 4.5, 9],
			"rotation": {"angle": 0, "axis": "y", "origin": [15, 12, 16]},
			"faces": {
				"north": {"uv": [4, 4.375, 4.375, 4.75], "texture": "#main"},
				"east": {"uv": [4, 4.375, 4.375, 4.75], "texture": "#main"},
				"south": {"uv": [4, 4.375, 4.375, 4.75], "texture": "#main"},
				"west": {"uv": [4, 4.375, 4.375, 4.75], "texture": "#main"},
				"up": {"uv": [4, 4.375, 4.375, 4.75], "texture": "#main"},
				"down": {"uv": [4, 4.375, 4.375, 4.75], "texture": "#main"}
			}
		},
		{
			"from": [7.1, 6.5, 6.1],
			"to": [9.9, 7, 8.9],
			"rotation": {"angle": 0, "axis": "y", "origin": [15, 15, 16]},
			"faces": {
				"north": {"uv": [4, 4, 4.375, 4.0625], "texture": "#main"},
				"east": {"uv": [4, 4, 4.375, 4.0625], "texture": "#main"},
				"south": {"uv": [4, 4, 4.375, 4.0625], "texture": "#main"},
				"west": {"uv": [4, 4, 4.375, 4.0625], "texture": "#main"},
				"up": {"uv": [4, 4.9375, 5, 5.9375], "texture": "#main"},
				"down": {"uv": [4, 4, 4.375, 4.375], "texture": "#main"}
			}
		},
		{
			"from": [10, 4, 6],
			"to": [10, 7.5, 9],
			"rotation": {"angle": 0, "axis": "y", "origin": [15, 12, 16]},
			"faces": {
				"north": {"uv": [4, 4, 4, 4.4375], "texture": "#main"},
				"east": {"uv": [4, 4, 4.75, 4.875], "texture": "#main"},
				"south": {"uv": [4, 4, 4, 4.4375], "texture": "#main"},
				"west": {"uv": [4, 4, 4.375, 4.0625], "texture": "#main"},
				"up": {"uv": [4, 4, 4, 4.375], "texture": "#main"},
				"down": {"uv": [4, 4, 4, 4.375], "texture": "#main"}
			}
		},
		{
			"from": [7, 4, 6],
			"to": [7, 7.5, 9],
			"rotation": {"angle": 0, "axis": "y", "origin": [13, 12, 16]},
			"faces": {
				"north": {"uv": [4, 4, 4, 4.4375], "texture": "#main"},
				"east": {"uv": [4, 4, 4.375, 4.0625], "texture": "#main"},
				"south": {"uv": [4, 4, 4, 4.4375], "texture": "#main"},
				"west": {"uv": [4, 4, 4.75, 4.875], "texture": "#main"},
				"up": {"uv": [4, 4, 4, 4.375], "texture": "#main"},
				"down": {"uv": [4, 4, 4, 4.375], "texture": "#main"}
			}
		},
		{
			"from": [8, 0, 7],
			"to": [9, 4.5, 8],
			"rotation": {"angle": 0, "axis": "y", "origin": [14, 8, 17]},
			"faces": {
				"north": {"uv": [4, 4, 4.0625, 4.0625], "texture": "#main"},
				"east": {"uv": [4, 4, 4.0625, 4.0625], "texture": "#main"},
				"south": {"uv": [4, 4, 4.0625, 4.0625], "texture": "#main"},
				"west": {"uv": [4, 4, 4.0625, 4.0625], "texture": "#main"},
				"up": {"uv": [4, 4, 4.0625, 4.0625], "texture": "#main"},
				"down": {"uv": [4, 4, 4.0625, 4.0625], "texture": "#main"}
			}
		},
		{
			"from": [7, 4, 6],
			"to": [10, 7.5, 6],
			"rotation": {"angle": 0, "axis": "y", "origin": [14, 11, 17]},
			"faces": {
				"north": {"uv": [4.75, 4, 5.5, 4.875], "texture": "#main"},
				"east": {"uv": [4, 4, 4, 4.4375], "texture": "#main"},
				"south": {"uv": [4, 4, 4.375, 4.0625], "texture": "#main"},
				"west": {"uv": [4, 4, 4, 4.4375], "texture": "#main"},
				"up": {"uv": [4, 4, 4.375, 4], "texture": "#main"},
				"down": {"uv": [4, 4, 4.375, 4], "texture": "#main"}
			}
		},
		{
			"from": [7, 4, 9],
			"to": [10, 7.5, 9],
			"rotation": {"angle": 0, "axis": "y", "origin": [14, 11, 19]},
			"faces": {
				"north": {"uv": [4, 4, 4.375, 4.0625], "texture": "#main"},
				"east": {"uv": [4, 4, 4, 4.4375], "texture": "#main"},
				"south": {"uv": [4.75, 4, 5.5, 4.875], "texture": "#main"},
				"west": {"uv": [4, 4, 4, 4.4375], "texture": "#main"},
				"up": {"uv": [4, 4, 4.375, 4], "texture": "#main"},
				"down": {"uv": [4, 4, 4.375, 4], "texture": "#main"}
			}
		},
		{
			"from": [7, 0, 6],
			"to": [10, 0.5, 9],
			"rotation": {"angle": 0, "axis": "y", "origin": [15, 8, 16]},
			"faces": {
				"north": {"uv": [6, 4, 6.0625, 4.125], "texture": "#main"},
				"east": {"uv": [6, 4, 6.0625, 4.125], "texture": "#main"},
				"south": {"uv": [6, 4, 6.0625, 4.125], "texture": "#main"},
				"west": {"uv": [6, 4, 6.0625, 4.125], "texture": "#main"},
				"up": {"uv": [6, 4, 6.0625, 4.125], "texture": "#main"},
				"down": {"uv": [6, 4, 6.0625, 4.125], "texture": "#main"}
			}
		},
		{
			"from": [7, 4, 6],
			"to": [10, 4.5, 9],
			"rotation": {"angle": 0, "axis": "y", "origin": [15, 12, 16]},
			"faces": {
				"north": {"uv": [6, 4.375, 6.375, 4.75], "texture": "#main"},
				"east": {"uv": [6, 4.375, 6.375, 4.75], "texture": "#main"},
				"south": {"uv": [6, 4.375, 6.375, 4.75], "texture": "#main"},
				"west": {"uv": [6, 4.375, 6.375, 4.75], "texture": "#main"},
				"up": {"uv": [6, 4.375, 6.375, 4.75], "texture": "#main"},
				"down": {"uv": [6, 4.375, 6.375, 4.75], "texture": "#main"}
			}
		},
		{
			"from": [7.1, 6.5, 6.1],
			"to": [9.9, 7, 8.9],
			"rotation": {"angle": 0, "axis": "y", "origin": [15, 15, 16]},
			"faces": {
				"north": {"uv": [6, 4, 6.375, 4.0625], "texture": "#main"},
				"east": {"uv": [6, 4, 6.375, 4.0625], "texture": "#main"},
				"south": {"uv": [6, 4, 6.375, 4.0625], "texture": "#main"},
				"west": {"uv": [6, 4, 6.375, 4.0625], "texture": "#main"},
				"up": {"uv": [6, 4.9375, 7, 5.9375], "texture": "#main"},
				"down": {"uv": [6, 4, 6.375, 4.375], "texture": "#main"}
			}
		},
		{
			"from": [10, 4, 6],
			"to": [10, 7.5, 9],
			"rotation": {"angle": 0, "axis": "y", "origin": [15, 12, 16]},
			"faces": {
				"north": {"uv": [6, 4, 6, 4.4375], "texture": "#main"},
				"east": {"uv": [6, 4, 6.75, 4.875], "texture": "#main"},
				"south": {"uv": [6, 4, 6, 4.4375], "texture": "#main"},
				"west": {"uv": [6, 4, 6.375, 4.0625], "texture": "#main"},
				"up": {"uv": [6, 4, 6, 4.375], "texture": "#main"},
				"down": {"uv": [6, 4, 6, 4.375], "texture": "#main"}
			}
		},
		{
			"from": [7, 4, 6],
			"to": [7, 7.5, 9],
			"rotation": {"angle": 0, "axis": "y", "origin": [13, 12, 16]},
			"faces": {
				"north": {"uv": [6, 4, 6, 4.4375], "texture": "#main"},
				"east": {"uv": [6, 4, 6.375, 4.0625], "texture": "#main"},
				"south": {"uv": [6, 4, 6, 4.4375], "texture": "#main"},
				"west": {"uv": [6, 4, 6.75, 4.875], "texture": "#main"},
				"up": {"uv": [6, 4, 6, 4.375], "texture": "#main"},
				"down": {"uv": [6, 4, 6, 4.375], "texture": "#main"}
			}
		},
		{
			"from": [8, 0, 7],
			"to": [9, 4.5, 8],
			"rotation": {"angle": 0, "axis": "y", "origin": [14, 8, 17]},
			"faces": {
				"north": {"uv": [6, 4, 6.0625, 4.0625], "texture": "#main"},
				"east": {"uv": [6, 4, 6.0625, 4.0625], "texture": "#main"},
				"south": {"uv": [6, 4, 6.0625, 4.0625], "texture": "#main"},
				"west": {"uv": [6, 4, 6.0625, 4.0625], "texture": "#main"},
				"up": {"uv": [6, 4, 6.0625, 4.0625], "texture": "#main"},
				"down": {"uv": [6, 4, 6.0625, 4.0625], "texture": "#main"}
			}
		},
		{
			"from": [7, 4, 6],
			"to": [10, 7.5, 6],
			"rotation": {"angle": 0, "axis": "y", "origin": [14, 11, 17]},
			"faces": {
				"north": {"uv": [6.75, 4, 7.5, 4.875], "texture": "#main"},
				"east": {"uv": [6, 4, 6, 4.4375], "texture": "#main"},
				"south": {"uv": [6, 4, 6.375, 4.0625], "texture": "#main"},
				"west": {"uv": [6, 4, 6, 4.4375], "texture": "#main"},
				"up": {"uv": [6, 4, 6.375, 4], "texture": "#main"},
				"down": {"uv": [6, 4, 6.375, 4], "texture": "#main"}
			}
		},
		{
			"from": [7, 4, 9],
			"to": [10, 7.5, 9],
			"rotation": {"angle": 0, "axis": "y", "origin": [14, 11, 19]},
			"faces": {
				"north": {"uv": [6, 4, 6.375, 4.0625], "texture": "#main"},
				"east": {"uv": [6, 4, 6, 4.4375], "texture": "#main"},
				"south": {"uv": [6.75, 4, 7.5, 4.875], "texture": "#main"},
				"west": {"uv": [6, 4, 6, 4.4375], "texture": "#main"},
				"up": {"uv": [6, 4, 6.375, 4], "texture": "#main"},
				"down": {"uv": [6, 4, 6.375, 4], "texture": "#main"}
			}
		},
		{
			"from": [7, 0, 6],
			"to": [10, 0.5, 9],
			"rotation": {"angle": 0, "axis": "y", "origin": [15, 8, 16]},
			"faces": {
				"north": {"uv": [8, 4, 8.0625, 4.125], "texture": "#main"},
				"east": {"uv": [8, 4, 8.0625, 4.125], "texture": "#main"},
				"south": {"uv": [8, 4, 8.0625, 4.125], "texture": "#main"},
				"west": {"uv": [8, 4, 8.0625, 4.125], "texture": "#main"},
				"up": {"uv": [8, 4, 8.0625, 4.125], "texture": "#main"},
				"down": {"uv": [8, 4, 8.0625, 4.125], "texture": "#main"}
			}
		},
		{
			"from": [7, 4, 6],
			"to": [10, 4.5, 9],
			"rotation": {"angle": 0, "axis": "y", "origin": [15, 12, 16]},
			"faces": {
				"north": {"uv": [8, 4.375, 8.375, 4.75], "texture": "#main"},
				"east": {"uv": [8, 4.375, 8.375, 4.75], "texture": "#main"},
				"south": {"uv": [8, 4.375, 8.375, 4.75], "texture": "#main"},
				"west": {"uv": [8, 4.375, 8.375, 4.75], "texture": "#main"},
				"up": {"uv": [8, 4.375, 8.375, 4.75], "texture": "#main"},
				"down": {"uv": [8, 4.375, 8.375, 4.75], "texture": "#main"}
			}
		},
		{
			"from": [7.1, 6.5, 6.1],
			"to": [9.9, 7, 8.9],
			"rotation": {"angle": 0, "axis": "y", "origin": [15, 15, 16]},
			"faces": {
				"north": {"uv": [8, 4, 8.375, 4.0625], "texture": "#main"},
				"east": {"uv": [8, 4, 8.375, 4.0625], "texture": "#main"},
				"south": {"uv": [8, 4, 8.375, 4.0625], "texture": "#main"},
				"west": {"uv": [8, 4, 8.375, 4.0625], "texture": "#main"},
				"up": {"uv": [8, 4.9375, 9, 5.9375], "texture": "#main"},
				"down": {"uv": [8, 4, 8.375, 4.375], "texture": "#main"}
			}
		},
		{
			"from": [10, 4, 6],
			"to": [10, 7.5, 9],
			"rotation": {"angle": 0, "axis": "y", "origin": [15, 12, 16]},
			"faces": {
				"north": {"uv": [8, 4, 8, 4.4375], "texture": "#main"},
				"east": {"uv": [8, 4, 8.75, 4.875], "texture": "#main"},
				"south": {"uv": [8, 4, 8, 4.4375], "texture": "#main"},
				"west": {"uv": [8, 4, 8.375, 4.0625], "texture": "#main"},
				"up": {"uv": [8, 4, 8, 4.375], "texture": "#main"},
				"down": {"uv": [8, 4, 8, 4.375], "texture": "#main"}
			}
		},
		{
			"from": [7, 4, 6],
			"to": [7, 7.5, 9],
			"rotation": {"angle": 0, "axis": "y", "origin": [13, 12, 16]},
			"faces": {
				"north": {"uv": [8, 4, 8, 4.4375], "texture": "#main"},
				"east": {"uv": [8, 4, 8.375, 4.0625], "texture": "#main"},
				"south": {"uv": [8, 4, 8, 4.4375], "texture": "#main"},
				"west": {"uv": [8, 4, 8.75, 4.875], "texture": "#main"},
				"up": {"uv": [8, 4, 8, 4.375], "texture": "#main"},
				"down": {"uv": [8, 4, 8, 4.375], "texture": "#main"}
			}
		},
		{
			"from": [8, 0, 7],
			"to": [9, 4.5, 8],
			"rotation": {"angle": 0, "axis": "y", "origin": [14, 8, 17]},
			"faces": {
				"north": {"uv": [8, 4, 8.0625, 4.0625], "texture": "#main"},
				"east": {"uv": [8, 4, 8.0625, 4.0625], "texture": "#main"},
				"south": {"uv": [8, 4, 8.0625, 4.0625], "texture": "#main"},
				"west": {"uv": [8, 4, 8.0625, 4.0625], "texture": "#main"},
				"up": {"uv": [8, 4, 8.0625, 4.0625], "texture": "#main"},
				"down": {"uv": [8, 4, 8.0625, 4.0625], "texture": "#main"}
			}
		},
		{
			"from": [7, 4, 6],
			"to": [10, 7.5, 6],
			"rotation": {"angle": 0, "axis": "y", "origin": [14, 11, 17]},
			"faces": {
				"north": {"uv": [8.75, 4, 9.5, 4.875], "texture": "#main"},
				"east": {"uv": [8, 4, 8, 4.4375], "texture": "#main"},
				"south": {"uv": [8, 4, 8.375, 4.0625], "texture": "#main"},
				"west": {"uv": [8, 4, 8, 4.4375], "texture": "#main"},
				"up": {"uv": [8, 4, 8.375, 4], "texture": "#main"},
				"down": {"uv": [8, 4, 8.375, 4], "texture": "#main"}
			}
		},
		{
			"from": [7, 4, 9],
			"to": [10, 7.5, 9],
			"rotation": {"angle": 0, "axis": "y", "origin": [14, 11, 19]},
			"faces": {
				"north": {"uv": [8, 4, 8.375, 4.0625], "texture": "#main"},
				"east": {"uv": [8, 4, 8, 4.4375], "texture": "#main"},
				"south": {"uv": [8.75, 4, 9.5, 4.875], "texture": "#main"},
				"west": {"uv": [8, 4, 8, 4.4375], "texture": "#main"},
				"up": {"uv": [8, 4, 8.375, 4], "texture": "#main"},
				"down": {"uv": [8, 4, 8.375, 4], "texture": "#main"}
			}
		},
		{
			"from": [7, 0, 6],
			"to": [10, 0.5, 9],
			"rotation": {"angle": 0, "axis": "y", "origin": [15, 8, 16]},
			"faces": {
				"north": {"uv": [10.1875, 4, 10.25, 4.125], "texture": "#main"},
				"east": {"uv": [10.1875, 4, 10.25, 4.125], "texture": "#main"},
				"south": {"uv": [10.1875, 4, 10.25, 4.125], "texture": "#main"},
				"west": {"uv": [10.1875, 4, 10.25, 4.125], "texture": "#main"},
				"up": {"uv": [10.1875, 4, 10.25, 4.125], "texture": "#main"},
				"down": {"uv": [10.1875, 4, 10.25, 4.125], "texture": "#main"}
			}
		},
		{
			"from": [7, 4, 6],
			"to": [10, 4.5, 9],
			"rotation": {"angle": 0, "axis": "y", "origin": [15, 12, 16]},
			"faces": {
				"north": {"uv": [10, 4.375, 10.375, 4.75], "texture": "#main"},
				"east": {"uv": [10, 4.375, 10.375, 4.75], "texture": "#main"},
				"south": {"uv": [10, 4.375, 10.375, 4.75], "texture": "#main"},
				"west": {"uv": [10, 4.375, 10.375, 4.75], "texture": "#main"},
				"up": {"uv": [10, 4.375, 10.375, 4.75], "texture": "#main"},
				"down": {"uv": [10, 4.375, 10.375, 4.75], "texture": "#main"}
			}
		},
		{
			"from": [7.1, 6.5, 6.1],
			"to": [9.9, 7, 8.9],
			"rotation": {"angle": 0, "axis": "y", "origin": [15, 15, 16]},
			"faces": {
				"north": {"uv": [10, 4, 10.375, 4.0625], "texture": "#main"},
				"east": {"uv": [10, 4, 10.375, 4.0625], "texture": "#main"},
				"south": {"uv": [10, 4, 10.375, 4.0625], "texture": "#main"},
				"west": {"uv": [10, 4, 10.375, 4.0625], "texture": "#main"},
				"up": {"uv": [10, 4.9375, 11, 5.9375], "texture": "#main"},
				"down": {"uv": [10, 4, 10.375, 4.375], "texture": "#main"}
			}
		},
		{
			"from": [10, 4, 6],
			"to": [10, 7.5, 9],
			"rotation": {"angle": 0, "axis": "y", "origin": [15, 12, 16]},
			"faces": {
				"north": {"uv": [10, 4, 10, 4.4375], "texture": "#main"},
				"east": {"uv": [10, 4, 10.75, 4.875], "texture": "#main"},
				"south": {"uv": [10, 4, 10, 4.4375], "texture": "#main"},
				"west": {"uv": [10, 4, 10.375, 4.0625], "texture": "#main"},
				"up": {"uv": [10, 4, 10, 4.375], "texture": "#main"},
				"down": {"uv": [10, 4, 10, 4.375], "texture": "#main"}
			}
		},
		{
			"from": [7, 4, 6],
			"to": [7, 7.5, 9],
			"rotation": {"angle": 0, "axis": "y", "origin": [13, 12, 16]},
			"faces": {
				"north": {"uv": [10, 4, 10, 4.4375], "texture": "#main"},
				"east": {"uv": [10, 4, 10.375, 4.0625], "texture": "#main"},
				"south": {"uv": [10, 4, 10, 4.4375], "texture": "#main"},
				"west": {"uv": [10, 4, 10.75, 4.875], "texture": "#main"},
				"up": {"uv": [10, 4, 10, 4.375], "texture": "#main"},
				"down": {"uv": [10, 4, 10, 4.375], "texture": "#main"}
			}
		},
		{
			"from": [8, 0, 7],
			"to": [9, 4.5, 8],
			"rotation": {"angle": 0, "axis": "y", "origin": [14, 8, 17]},
			"faces": {
				"north": {"uv": [10, 4, 10.0625, 4.0625], "texture": "#main"},
				"east": {"uv": [10, 4, 10.0625, 4.0625], "texture": "#main"},
				"south": {"uv": [10, 4, 10.0625, 4.0625], "texture": "#main"},
				"west": {"uv": [10, 4, 10.0625, 4.0625], "texture": "#main"},
				"up": {"uv": [10, 4, 10.0625, 4.0625], "texture": "#main"},
				"down": {"uv": [10, 4, 10.0625, 4.0625], "texture": "#main"}
			}
		},
		{
			"from": [7, 4, 6],
			"to": [10, 7.5, 6],
			"rotation": {"angle": 0, "axis": "y", "origin": [14, 11, 17]},
			"faces": {
				"north": {"uv": [10.75, 4, 11.5, 4.875], "texture": "#main"},
				"east": {"uv": [10, 4, 10, 4.4375], "texture": "#main"},
				"south": {"uv": [10, 4, 10.375, 4.0625], "texture": "#main"},
				"west": {"uv": [10, 4, 10, 4.4375], "texture": "#main"},
				"up": {"uv": [10, 4, 10.375, 4], "texture": "#main"},
				"down": {"uv": [10, 4, 10.375, 4], "texture": "#main"}
			}
		},
		{
			"from": [7, 4, 9],
			"to": [10, 7.5, 9],
			"rotation": {"angle": 0, "axis": "y", "origin": [14, 11, 19]},
			"faces": {
				"north": {"uv": [10, 4, 10.375, 4.0625], "texture": "#main"},
				"east": {"uv": [10, 4, 10, 4.4375], "texture": "#main"},
				"south": {"uv": [10.75, 4, 11.5, 4.875], "texture": "#main"},
				"west": {"uv": [10, 4, 10, 4.4375], "texture": "#main"},
				"up": {"uv": [10, 4, 10.375, 4], "texture": "#main"},
				"down": {"uv": [10, 4, 10.375, 4], "texture": "#main"}
			}
		},
		{
			"from": [7, 0, 6],
			"to": [10, 0.5, 9],
			"rotation": {"angle": 0, "axis": "y", "origin": [15, 8, 16]},
			"faces": {
				"north": {"uv": [12, 4, 12.0625, 4.125], "texture": "#main"},
				"east": {"uv": [12, 4, 12.0625, 4.125], "texture": "#main"},
				"south": {"uv": [12, 4, 12.0625, 4.125], "texture": "#main"},
				"west": {"uv": [12, 4, 12.0625, 4.125], "texture": "#main"},
				"up": {"uv": [12, 4, 12.0625, 4.125], "texture": "#main"},
				"down": {"uv": [12, 4, 12.0625, 4.125], "texture": "#main"}
			}
		},
		{
			"from": [7, 4, 6],
			"to": [10, 4.5, 9],
			"rotation": {"angle": 0, "axis": "y", "origin": [15, 12, 16]},
			"faces": {
				"north": {"uv": [12, 4.375, 12.375, 4.75], "texture": "#main"},
				"east": {"uv": [12, 4.375, 12.375, 4.75], "texture": "#main"},
				"south": {"uv": [12, 4.375, 12.375, 4.75], "texture": "#main"},
				"west": {"uv": [12, 4.375, 12.375, 4.75], "texture": "#main"},
				"up": {"uv": [12, 4.375, 12.375, 4.75], "texture": "#main"},
				"down": {"uv": [12, 4.375, 12.375, 4.75], "texture": "#main"}
			}
		},
		{
			"from": [7.1, 6.5, 6.1],
			"to": [9.9, 7, 8.9],
			"rotation": {"angle": 0, "axis": "y", "origin": [15, 15, 16]},
			"faces": {
				"north": {"uv": [12, 4, 12.375, 4.0625], "texture": "#main"},
				"east": {"uv": [12, 4, 12.375, 4.0625], "texture": "#main"},
				"south": {"uv": [12, 4, 12.375, 4.0625], "texture": "#main"},
				"west": {"uv": [12, 4, 12.375, 4.0625], "texture": "#main"},
				"up": {"uv": [12, 4.9375, 13, 5.9375], "texture": "#main"},
				"down": {"uv": [12, 4, 12.375, 4.375], "texture": "#main"}
			}
		},
		{
			"from": [10, 4, 6],
			"to": [10, 7.5, 9],
			"rotation": {"angle": 0, "axis": "y", "origin": [15, 12, 16]},
			"faces": {
				"north": {"uv": [12, 4, 12, 4.4375], "texture": "#main"},
				"east": {"uv": [12, 4, 12.75, 4.875], "texture": "#main"},
				"south": {"uv": [12, 4, 12, 4.4375], "texture": "#main"},
				"west": {"uv": [12, 4, 12.375, 4.0625], "texture": "#main"},
				"up": {"uv": [12, 4, 12, 4.375], "texture": "#main"},
				"down": {"uv": [12, 4, 12, 4.375], "texture": "#main"}
			}
		},
		{
			"from": [7, 4, 6],
			"to": [7, 7.5, 9],
			"rotation": {"angle": 0, "axis": "y", "origin": [13, 12, 16]},
			"faces": {
				"north": {"uv": [12, 4, 12, 4.4375], "texture": "#main"},
				"east": {"uv": [12, 4, 12.375, 4.0625], "texture": "#main"},
				"south": {"uv": [12, 4, 12, 4.4375], "texture": "#main"},
				"west": {"uv": [12, 4, 12.75, 4.875], "texture": "#main"},
				"up": {"uv": [12, 4, 12, 4.375], "texture": "#main"},
				"down": {"uv": [12, 4, 12, 4.375], "texture": "#main"}
			}
		},
		{
			"from": [8, 0, 7],
			"to": [9, 4.5, 8],
			"rotation": {"angle": 0, "axis": "y", "origin": [14, 8, 17]},
			"faces": {
				"north": {"uv": [12, 4, 12.0625, 4.0625], "texture": "#main"},
				"east": {"uv": [12, 4, 12.0625, 4.0625], "texture": "#main"},
				"south": {"uv": [12, 4, 12.0625, 4.0625], "texture": "#main"},
				"west": {"uv": [12, 4, 12.0625, 4.0625], "texture": "#main"},
				"up": {"uv": [12, 4, 12.0625, 4.0625], "texture": "#main"},
				"down": {"uv": [12, 4, 12.0625, 4.0625], "texture": "#main"}
			}
		},
		{
			"from": [7, 4, 6],
			"to": [10, 7.5, 6],
			"rotation": {"angle": 0, "axis": "y", "origin": [14, 11, 17]},
			"faces": {
				"north": {"uv": [12.75, 4, 13.5, 4.875], "texture": "#main"},
				"east": {"uv": [12, 4, 12, 4.4375], "texture": "#main"},
				"south": {"uv": [12, 4, 12.375, 4.0625], "texture": "#main"},
				"west": {"uv": [12, 4, 12, 4.4375], "texture": "#main"},
				"up": {"uv": [12, 4, 12.375, 4], "texture": "#main"},
				"down": {"uv": [12, 4, 12.375, 4], "texture": "#main"}
			}
		},
		{
			"from": [7, 4, 9],
			"to": [10, 7.5, 9],
			"rotation": {"angle": 0, "axis": "y", "origin": [14, 11, 19]},
			"faces": {
				"north": {"uv": [12, 4, 12.375, 4.0625], "texture": "#main"},
				"east": {"uv": [12, 4, 12, 4.4375], "texture": "#main"},
				"south": {"uv": [12.75, 4, 13.5, 4.875], "texture": "#main"},
				"west": {"uv": [12, 4, 12, 4.4375], "texture": "#main"},
				"up": {"uv": [12, 4, 12.375, 4], "texture": "#main"},
				"down": {"uv": [12, 4, 12.375, 4], "texture": "#main"}
			}
		},
		{
			"from": [7, 0, 6],
			"to": [10, 0.5, 9],
			"rotation": {"angle": 0, "axis": "y", "origin": [15, 8, 16]},
			"faces": {
				"north": {"uv": [14, 4, 14.0625, 4.125], "texture": "#main"},
				"east": {"uv": [14, 4, 14.0625, 4.125], "texture": "#main"},
				"south": {"uv": [14, 4, 14.0625, 4.125], "texture": "#main"},
				"west": {"uv": [14, 4, 14.0625, 4.125], "texture": "#main"},
				"up": {"uv": [14, 4, 14.0625, 4.125], "texture": "#main"},
				"down": {"uv": [14, 4, 14.0625, 4.125], "texture": "#main"}
			}
		},
		{
			"from": [7, 4, 6],
			"to": [10, 4.5, 9],
			"rotation": {"angle": 0, "axis": "y", "origin": [15, 12, 16]},
			"faces": {
				"north": {"uv": [14, 4.375, 14.375, 4.75], "texture": "#main"},
				"east": {"uv": [14, 4.375, 14.375, 4.75], "texture": "#main"},
				"south": {"uv": [14, 4.375, 14.375, 4.75], "texture": "#main"},
				"west": {"uv": [14, 4.375, 14.375, 4.75], "texture": "#main"},
				"up": {"uv": [14, 4.375, 14.375, 4.75], "texture": "#main"},
				"down": {"uv": [14, 4.375, 14.375, 4.75], "texture": "#main"}
			}
		},
		{
			"from": [7.1, 6.5, 6.1],
			"to": [9.9, 7, 8.9],
			"rotation": {"angle": 0, "axis": "y", "origin": [15, 15, 16]},
			"faces": {
				"north": {"uv": [14, 4, 14.375, 4.0625], "texture": "#main"},
				"east": {"uv": [14, 4, 14.375, 4.0625], "texture": "#main"},
				"south": {"uv": [14, 4, 14.375, 4.0625], "texture": "#main"},
				"west": {"uv": [14, 4, 14.375, 4.0625], "texture": "#main"},
				"up": {"uv": [14, 4.9375, 15, 5.9375], "texture": "#main"},
				"down": {"uv": [14, 4, 14.375, 4.375], "texture": "#main"}
			}
		},
		{
			"from": [10, 4, 6],
			"to": [10, 7.5, 9],
			"rotation": {"angle": 0, "axis": "y", "origin": [15, 12, 16]},
			"faces": {
				"north": {"uv": [14, 4, 14, 4.4375], "texture": "#main"},
				"east": {"uv": [14, 4, 14.75, 4.875], "texture": "#main"},
				"south": {"uv": [14, 4, 14, 4.4375], "texture": "#main"},
				"west": {"uv": [14, 4, 14.375, 4.0625], "texture": "#main"},
				"up": {"uv": [14, 4, 14, 4.375], "texture": "#main"},
				"down": {"uv": [14, 4, 14, 4.375], "texture": "#main"}
			}
		},
		{
			"from": [7, 4, 6],
			"to": [7, 7.5, 9],
			"rotation": {"angle": 0, "axis": "y", "origin": [13, 12, 16]},
			"faces": {
				"north": {"uv": [14, 4, 14, 4.4375], "texture": "#main"},
				"east": {"uv": [14, 4, 14.375, 4.0625], "texture": "#main"},
				"south": {"uv": [14, 4, 14, 4.4375], "texture": "#main"},
				"west": {"uv": [14, 4, 14.75, 4.875], "texture": "#main"},
				"up": {"uv": [14, 4, 14, 4.375], "texture": "#main"},
				"down": {"uv": [14, 4, 14, 4.375], "texture": "#main"}
			}
		},
		{
			"from": [8, 0, 7],
			"to": [9, 4.5, 8],
			"rotation": {"angle": 0, "axis": "y", "origin": [14, 8, 17]},
			"faces": {
				"north": {"uv": [14, 4, 14.0625, 4.0625], "texture": "#main"},
				"east": {"uv": [14, 4, 14.0625, 4.0625], "texture": "#main"},
				"south": {"uv": [14, 4, 14.0625, 4.0625], "texture": "#main"},
				"west": {"uv": [14, 4, 14.0625, 4.0625], "texture": "#main"},
				"up": {"uv": [14, 4, 14.0625, 4.0625], "texture": "#main"},
				"down": {"uv": [14, 4, 14.0625, 4.0625], "texture": "#main"}
			}
		},
		{
			"from": [7, 4, 6],
			"to": [10, 7.5, 6],
			"rotation": {"angle": 0, "axis": "y", "origin": [14, 11, 17]},
			"faces": {
				"north": {"uv": [14.75, 4, 15.5, 4.875], "texture": "#main"},
				"east": {"uv": [14, 4, 14, 4.4375], "texture": "#main"},
				"south": {"uv": [14, 4, 14.375, 4.0625], "texture": "#main"},
				"west": {"uv": [14, 4, 14, 4.4375], "texture": "#main"},
				"up": {"uv": [14, 4, 14.375, 4], "texture": "#main"},
				"down": {"uv": [14, 4, 14.375, 4], "texture": "#main"}
			}
		},
		{
			"from": [7, 4, 9],
			"to": [10, 7.5, 9],
			"rotation": {"angle": 0, "axis": "y", "origin": [14, 11, 19]},
			"faces": {
				"north": {"uv": [14, 4, 14.375, 4.0625], "texture": "#main"},
				"east": {"uv": [14, 4, 14, 4.4375], "texture": "#main"},
				"south": {"uv": [14.75, 4, 15.5, 4.875], "texture": "#main"},
				"west": {"uv": [14, 4, 14, 4.4375], "texture": "#main"},
				"up": {"uv": [14, 4, 14.375, 4], "texture": "#main"},
				"down": {"uv": [14, 4, 14.375, 4], "texture": "#main"}
			}
		}
	],
	"display": {
		"thirdperson_righthand": {
			"translation": [0, 2.25, 0],
			"scale": [0.7, 0.7, 0.7]
		},
		"thirdperson_lefthand": {
			"translation": [0, 2.25, 0],
			"scale": [0.7, 0.7, 0.7]
		},
		"firstperson_righthand": {
			"translation": [0, 5.25, 0]
		},
		"firstperson_lefthand": {
			"translation": [0, 5.25, 0]
		},
		"ground": {
			"translation": [0, 5.5, 0]
		},
		"gui": {
			"translation": [0, 8.5, -1.25],
			"scale": [2, 2, 2]
		},
		"fixed": {
			"translation": [0, 4, -1.25]
		}
	}
}