{
	"credit": "Made with Blockbench",
	"textures": {
		"main": "nw:specs/caesar_bubble"
	},
	"elements": [
		{
			"from": [5, -5.25, 6],
			"to": [15, 11, 10],
			"rotation": {"angle": 0, "axis": "y", "origin": [8, 0, 8]},
			"faces": {
				"north": {"uv": [0, 0, 1, 1], "texture": "#main"},
				"east": {"uv": [0, 0, 1, 1], "texture": "#main"},
				"south": {"uv": [0, 0, 1, 1], "texture": "#main"},
				"west": {"uv": [0, 0, 1, 1], "texture": "#main"},
				"up": {"uv": [0, 0, 1, 1], "rotation": 90, "texture": "#main"},
				"down": {"uv": [0, 0, 1, 1], "rotation": 270, "texture": "#main"}
			}
		},
		{
			"from": [4.71507, 9.06755, 6],
			"to": [14.71507, 25.31755, 10],
			"rotation": {"angle": -22.5, "axis": "z", "origin": [9.71507, 9.31755, 8]},
			"faces": {
				"north": {"uv": [0, 0, 1, 1], "texture": "#main"},
				"east": {"uv": [0, 0, 1, 1], "texture": "#main"},
				"south": {"uv": [0, 0, 1, 1], "texture": "#main"},
				"west": {"uv": [0, 0, 1, 1], "texture": "#main"},
				"up": {"uv": [0, 0, 1, 1], "rotation": 90, "texture": "#main"},
				"down": {"uv": [0, 0, 1, 1], "rotation": 270, "texture": "#main"}
			}
		}
	],
	"display": {
		"head": {
			"rotation": [0, 0, 103.25],
			"translation": [5, -21.25, -0.25],
			"scale": [2, 2, 2]
		}
	}
}