{
	"credit": "Made with Blockbench",
	"textures": {
		"main": "nw:specs/bubble_cutter"
	},
	"elements": [
		{
			"from": [7, 0, 7],
			"to": [9, 1.75, 9],
			"faces": {
				"north": {"uv": [0, 0, 1, 1], "texture": "#main"},
				"east": {"uv": [0, 0, 1, 1], "texture": "#main"},
				"south": {"uv": [0, 0, 1, 1], "texture": "#main"},
				"west": {"uv": [0, 0, 1, 1], "texture": "#main"},
				"up": {"uv": [0, 0, 1, 1], "texture": "#main"},
				"down": {"uv": [0, 0, 1, 1], "texture": "#main"}
			}
		},
		{
			"from": [6, 0.75, 6],
			"to": [10, 1, 10],
			"rotation": {"angle": 0, "axis": "y", "origin": [8, 0, 8]},
			"faces": {
				"north": {"uv": [0, 0, 1, 1], "texture": "#main"},
				"east": {"uv": [0, 0, 1, 1], "texture": "#main"},
				"south": {"uv": [0, 0, 1, 1], "texture": "#main"},
				"west": {"uv": [0, 0, 1, 1], "texture": "#main"},
				"up": {"uv": [0, 0, 1, 1], "rotation": 90, "texture": "#main"},
				"down": {"uv": [0, 0, 1, 1], "rotation": 270, "texture": "#main"}
			}
		},
		{
			"from": [7, 0, 7],
			"to": [9, 1.75, 9],
			"faces": {
				"north": {"uv": [8, 0, 9, 1], "texture": "#main"},
				"east": {"uv": [8, 0, 9, 1], "texture": "#main"},
				"south": {"uv": [8, 0, 9, 1], "texture": "#main"},
				"west": {"uv": [8, 0, 9, 1], "texture": "#main"},
				"up": {"uv": [8, 0, 9, 1], "texture": "#main"},
				"down": {"uv": [8, 0, 9, 1], "texture": "#main"}
			}
		},
		{
			"from": [6, 0.75, 6],
			"to": [10, 1, 10],
			"rotation": {"angle": -45, "axis": "y", "origin": [8, 0, 8]},
			"faces": {
				"north": {"uv": [8, 0, 9, 1], "texture": "#main"},
				"east": {"uv": [8, 0, 9, 1], "texture": "#main"},
				"south": {"uv": [8, 0, 9, 1], "texture": "#main"},
				"west": {"uv": [8, 0, 9, 1], "texture": "#main"},
				"up": {"uv": [8, 0, 9, 1], "rotation": 90, "texture": "#main"},
				"down": {"uv": [8, 0, 9, 1], "rotation": 270, "texture": "#main"}
			}
		}
	],
	"display": {
		"head": {
			"scale": [2, 2, 2]
		}
	}
}