{
	"credit": "Made with Blockbench",
	"texture_size": [32, 32],
	"textures": {
		"0": "nw:specs/rib_cage",
		"particle": "nw:specs/rib_cage"
	},
	"elements": [
		{
			"from": [5.85, 12, 8],
			"to": [8, 14, 10],
			"rotation": {"angle": -45, "axis": "y", "origin": [4.46999, 8.975, 6.96965]},
			"faces": {
				"north": {"uv": [6, 7, 7, 8], "texture": "#0"},
				"east": {"uv": [7, 7, 8, 8], "texture": "#0"},
				"south": {"uv": [7.5, 0, 8.5, 1], "texture": "#0"},
				"west": {"uv": [7.5, 1, 8.5, 2], "texture": "#0"},
				"up": {"uv": [2, 9, 1, 8], "texture": "#0"},
				"down": {"uv": [3, 8, 2, 9], "texture": "#0"}
			}
		},
		{
			"from": [5.85, 8, 8],
			"to": [8, 10, 10],
			"rotation": {"angle": -45, "axis": "y", "origin": [4.46999, 8.975, 6.96965]},
			"faces": {
				"north": {"uv": [8, 2, 9, 3], "texture": "#0"},
				"east": {"uv": [3, 8, 4, 9], "texture": "#0"},
				"south": {"uv": [6, 8, 7, 9], "texture": "#0"},
				"west": {"uv": [7, 8, 8, 9], "texture": "#0"},
				"up": {"uv": [9, 8, 8, 7], "texture": "#0"},
				"down": {"uv": [9, 8, 8, 9], "texture": "#0"}
			}
		},
		{
			"from": [3.45994, 8.25, 5.07179],
			"to": [4.95994, 9.75, 10.02179],
			"rotation": {"angle": 0, "axis": "y", "origin": [4.46999, 8.975, 6.96965]},
			"faces": {
				"north": {"uv": [8.5, 1, 9.5, 2], "texture": "#0"},
				"east": {"uv": [2, 2, 4.5, 3], "texture": "#0"},
				"south": {"uv": [0, 9, 1, 10], "texture": "#0"},
				"west": {"uv": [2.5, 0, 5, 1], "texture": "#0"},
				"up": {"uv": [3, 5.5, 2, 3], "texture": "#0"},
				"down": {"uv": [4, 3, 3, 5.5], "texture": "#0"}
			}
		},
		{
			"from": [5.85, 4, 8],
			"to": [8, 6, 10],
			"rotation": {"angle": -45, "axis": "y", "origin": [4.46999, 8.975, 6.96965]},
			"faces": {
				"north": {"uv": [1, 9, 2, 10], "texture": "#0"},
				"east": {"uv": [2, 9, 3, 10], "texture": "#0"},
				"south": {"uv": [9, 2, 10, 3], "texture": "#0"},
				"west": {"uv": [3, 9, 4, 10], "texture": "#0"},
				"up": {"uv": [10, 4, 9, 3], "texture": "#0"},
				"down": {"uv": [5, 9, 4, 10], "texture": "#0"}
			}
		},
		{
			"from": [3.45994, 4.25, 5.07179],
			"to": [4.95994, 5.75, 10.02179],
			"rotation": {"angle": 0, "axis": "y", "origin": [4.46999, 8.975, 6.96965]},
			"faces": {
				"north": {"uv": [5.5, 9, 6.5, 10], "texture": "#0"},
				"east": {"uv": [2.5, 1, 5, 2], "texture": "#0"},
				"south": {"uv": [6.5, 9, 7.5, 10], "texture": "#0"},
				"west": {"uv": [4, 3, 6.5, 4], "texture": "#0"},
				"up": {"uv": [5, 6.5, 4, 4], "texture": "#0"},
				"down": {"uv": [1, 4.5, 0, 7], "texture": "#0"}
			}
		},
		{
			"from": [3.82984, 4.425, 4.44441],
			"to": [4.82984, 5.425, 8.76941],
			"rotation": {"angle": -22.5, "axis": "y", "origin": [12.17923, 9.27308, 6.23053]},
			"faces": {
				"north": {"uv": [7, 11, 7.5, 11.5], "texture": "#0"},
				"east": {"uv": [9, 4, 11, 4.5], "texture": "#0"},
				"south": {"uv": [11, 7, 11.5, 7.5], "texture": "#0"},
				"west": {"uv": [9, 4.5, 11, 5], "texture": "#0"},
				"up": {"uv": [5.5, 11, 5, 9], "texture": "#0"},
				"down": {"uv": [9.5, 5, 9, 7], "texture": "#0"}
			}
		},
		{
			"from": [3.82984, 8.425, 4.44441],
			"to": [4.82984, 9.425, 8.76941],
			"rotation": {"angle": -22.5, "axis": "y", "origin": [12.17923, 9.27308, 6.23053]},
			"faces": {
				"north": {"uv": [10.5, 9, 11, 9.5], "texture": "#0"},
				"east": {"uv": [8.5, 0, 10.5, 0.5], "texture": "#0"},
				"south": {"uv": [6.5, 11, 7, 11.5], "texture": "#0"},
				"west": {"uv": [8.5, 0.5, 10.5, 1], "texture": "#0"},
				"up": {"uv": [9, 5, 8.5, 3], "texture": "#0"},
				"down": {"uv": [9, 5, 8.5, 7], "texture": "#0"}
			}
		},
		{
			"from": [3.82984, 12.425, 4.44441],
			"to": [4.82984, 13.425, 8.76941],
			"rotation": {"angle": -22.5, "axis": "y", "origin": [12.17923, 9.27308, 6.23053]},
			"faces": {
				"north": {"uv": [4.5, 10, 5, 10.5], "texture": "#0"},
				"east": {"uv": [6.5, 3, 8.5, 3.5], "texture": "#0"},
				"south": {"uv": [4.5, 10.5, 5, 11], "texture": "#0"},
				"west": {"uv": [6.5, 3.5, 8.5, 4], "texture": "#0"},
				"up": {"uv": [0.5, 9, 0, 7], "texture": "#0"},
				"down": {"uv": [1, 7, 0.5, 9], "texture": "#0"}
			}
		},
		{
			"from": [3.45994, 12.25, 5.07179],
			"to": [4.95994, 13.75, 10.02179],
			"rotation": {"angle": 0, "axis": "y", "origin": [12.17923, 9.27308, 6.23053]},
			"faces": {
				"north": {"uv": [1, 7, 2, 8], "texture": "#0"},
				"east": {"uv": [0, 0, 2.5, 1], "texture": "#0"},
				"south": {"uv": [7, 2, 8, 3], "texture": "#0"},
				"west": {"uv": [0, 1, 2.5, 2], "texture": "#0"},
				"up": {"uv": [1, 4.5, 0, 2], "texture": "#0"},
				"down": {"uv": [2, 2, 1, 4.5], "texture": "#0"}
			}
		},
		{
			"from": [8, 12, 8],
			"to": [10.15, 14, 10],
			"rotation": {"angle": 45, "axis": "y", "origin": [11.53001, 8.975, 6.96965]},
			"faces": {
				"north": {"uv": [3.5, 11, 4.5, 12], "texture": "#0"},
				"east": {"uv": [11, 4, 12, 5], "texture": "#0"},
				"south": {"uv": [4.5, 11, 5.5, 12], "texture": "#0"},
				"west": {"uv": [11, 5, 12, 6], "texture": "#0"},
				"up": {"uv": [6.5, 12, 5.5, 11], "texture": "#0"},
				"down": {"uv": [12, 6, 11, 7], "texture": "#0"}
			}
		},
		{
			"from": [8, 8, 8],
			"to": [10.15, 10, 10],
			"rotation": {"angle": 45, "axis": "y", "origin": [11.53001, 8.975, 6.96965]},
			"faces": {
				"north": {"uv": [10.5, 0, 11.5, 1], "texture": "#0"},
				"east": {"uv": [1, 10.5, 2, 11.5], "texture": "#0"},
				"south": {"uv": [10.5, 2, 11.5, 3], "texture": "#0"},
				"west": {"uv": [10.5, 3, 11.5, 4], "texture": "#0"},
				"up": {"uv": [11, 11.5, 10, 10.5], "texture": "#0"},
				"down": {"uv": [3.5, 11, 2.5, 12], "texture": "#0"}
			}
		},
		{
			"from": [11.04006, 8.25, 5.07179],
			"to": [12.54006, 9.75, 10.02179],
			"rotation": {"angle": 0, "axis": "y", "origin": [11.53001, 8.975, 6.96965]},
			"faces": {
				"north": {"uv": [10, 9.5, 11, 10.5], "texture": "#0"},
				"east": {"uv": [6, 5, 8.5, 6], "texture": "#0"},
				"south": {"uv": [0, 10.5, 1, 11.5], "texture": "#0"},
				"west": {"uv": [6, 6, 8.5, 7], "texture": "#0"},
				"up": {"uv": [5, 9, 4, 6.5], "texture": "#0"},
				"down": {"uv": [6, 6.5, 5, 9], "texture": "#0"}
			}
		},
		{
			"from": [8, 4, 8],
			"to": [10.15, 6, 10],
			"rotation": {"angle": 45, "axis": "y", "origin": [11.53001, 8.975, 6.96965]},
			"faces": {
				"north": {"uv": [10, 5, 11, 6], "texture": "#0"},
				"east": {"uv": [5.5, 10, 6.5, 11], "texture": "#0"},
				"south": {"uv": [10, 6, 11, 7], "texture": "#0"},
				"west": {"uv": [6.5, 10, 7.5, 11], "texture": "#0"},
				"up": {"uv": [11, 8, 10, 7], "texture": "#0"},
				"down": {"uv": [8.5, 10, 7.5, 11], "texture": "#0"}
			}
		},
		{
			"from": [11.04006, 4.25, 5.07179],
			"to": [12.54006, 5.75, 10.02179],
			"rotation": {"angle": 0, "axis": "y", "origin": [11.53001, 8.975, 6.96965]},
			"faces": {
				"north": {"uv": [2.5, 10, 3.5, 11], "texture": "#0"},
				"east": {"uv": [5, 1, 7.5, 2], "texture": "#0"},
				"south": {"uv": [3.5, 10, 4.5, 11], "texture": "#0"},
				"west": {"uv": [6, 4, 8.5, 5], "texture": "#0"},
				"up": {"uv": [3, 8, 2, 5.5], "texture": "#0"},
				"down": {"uv": [4, 5.5, 3, 8], "texture": "#0"}
			}
		},
		{
			"from": [12.03984, 4.425, 1.55047],
			"to": [13.03984, 5.425, 5.87547],
			"rotation": {"angle": 22.5, "axis": "y", "origin": [11.53001, 8.975, 6.96965]},
			"faces": {
				"north": {"uv": [11, 8.5, 11.5, 9], "texture": "#0"},
				"east": {"uv": [9.5, 1.5, 11.5, 2], "texture": "#0"},
				"south": {"uv": [11, 9, 11.5, 9.5], "texture": "#0"},
				"west": {"uv": [0, 10, 2, 10.5], "texture": "#0"},
				"up": {"uv": [2.5, 12, 2, 10], "texture": "#0"},
				"down": {"uv": [10.5, 2, 10, 4], "texture": "#0"}
			}
		},
		{
			"from": [12.03984, 8.425, 1.55047],
			"to": [13.03984, 9.425, 5.87547],
			"rotation": {"angle": 22.5, "axis": "y", "origin": [11.53001, 8.975, 6.96965]},
			"faces": {
				"north": {"uv": [8, 11, 8.5, 11.5], "texture": "#0"},
				"east": {"uv": [9, 8.5, 11, 9], "texture": "#0"},
				"south": {"uv": [11, 8, 11.5, 8.5], "texture": "#0"},
				"west": {"uv": [9.5, 1, 11.5, 1.5], "texture": "#0"},
				"up": {"uv": [9.5, 11.5, 9, 9.5], "texture": "#0"},
				"down": {"uv": [10, 9.5, 9.5, 11.5], "texture": "#0"}
			}
		},
		{
			"from": [12.03984, 12.425, 1.55047],
			"to": [13.03984, 13.425, 5.87547],
			"rotation": {"angle": 22.5, "axis": "y", "origin": [11.53001, 8.975, 6.96965]},
			"faces": {
				"north": {"uv": [7.5, 11, 8, 11.5], "texture": "#0"},
				"east": {"uv": [9, 8, 11, 8.5], "texture": "#0"},
				"south": {"uv": [11, 7.5, 11.5, 8], "texture": "#0"},
				"west": {"uv": [8.5, 9, 10.5, 9.5], "texture": "#0"},
				"up": {"uv": [10, 7, 9.5, 5], "texture": "#0"},
				"down": {"uv": [9, 9.5, 8.5, 11.5], "texture": "#0"}
			}
		},
		{
			"from": [11.04006, 12.25, 5.07179],
			"to": [12.54006, 13.75, 10.02179],
			"rotation": {"angle": 0, "axis": "y", "origin": [11.53001, 8.975, 6.96965]},
			"faces": {
				"north": {"uv": [9, 7, 10, 8], "texture": "#0"},
				"east": {"uv": [4.5, 2, 7, 3], "texture": "#0"},
				"south": {"uv": [7.5, 9, 8.5, 10], "texture": "#0"},
				"west": {"uv": [5, 0, 7.5, 1], "texture": "#0"},
				"up": {"uv": [2, 7, 1, 4.5], "texture": "#0"},
				"down": {"uv": [6, 4, 5, 6.5], "texture": "#0"}
			}
		}
	],
	"display": {
		"head": {
			"translation": [0, -18.75, -4.5],
			"scale": [1.98633, 1.98633, 1.98633]
		}
	}
}