{
	"credit": "Made with Blockbench",
	"texture_size": [64, 64],
	"textures": {
		"1": "nw:specs/ulf_wing",
		"particle": "nw:specs/ulf_wing"
	},
	"elements": [
		{
			"from": [6, 1, 3.75],
			"to": [10, 7, 4.75],
			"rotation": {"angle": -22.5, "axis": "x", "origin": [8, 2, 4.25]},
			"faces": {
				"north": {"uv": [1.5, 1.75, 2.125, 2.25], "texture": "#1"},
				"east": {"uv": [1.5, 0.625, 1.25, 0.875], "texture": "#1"},
				"south": {"uv": [2.25, 0.75, 2.75, 0.75], "texture": "#1"},
				"west": {"uv": [1.125, 0.875, 1.25, 1.25], "texture": "#1"},
				"up": {"uv": [1.5, 0.5, 2, 0.75], "texture": "#1"},
				"down": {"uv": [1.25, 0.75, 1.75, 1], "texture": "#1"}
			}
		},
		{
			"from": [6, 5.85611, -0.00071],
			"to": [10, 26, 0.99929],
			"rotation": {"angle": 22.5, "axis": "x", "origin": [8, 1.42806, 2.37464]},
			"faces": {
				"north": {"uv": [1.5, 1.75, 2.125, 2.75], "texture": "#1"},
				"east": {"uv": [1.5, 0.625, 1.25, 1.375], "texture": "#1"},
				"south": {"uv": [2.25, 0.75, 2.75, 1.25], "texture": "#1"},
				"west": {"uv": [0.75, 0.25, 0.875, 1.125], "texture": "#1"},
				"up": {"uv": [1.5, 0.5, 2, 0.75], "texture": "#1"},
				"down": {"uv": [1.25, 0.75, 1.75, 1], "texture": "#1"}
			}
		},
		{
			"from": [3.18768, 1.43745, 4.01902],
			"to": [4.18768, 10.43745, 6.01902],
			"rotation": {"angle": -22.5, "axis": "y", "origin": [3.68768, 5.93745, 5.01902]},
			"faces": {
				"north": {"uv": [1.75, 1.75, 2.125, 2], "texture": "#1"},
				"east": {"uv": [2, 0.625, 2, 0.625], "texture": "#1"},
				"south": {"uv": [2.5, 0.75, 2.75, 0.75], "texture": "#1"},
				"west": {"uv": [1.625, 0.875, 2, 1], "texture": "#1"},
				"up": {"uv": [1.5, 0.75, 2, 1], "rotation": 90, "texture": "#1"},
				"down": {"uv": [1.25, 1, 1.75, 1.25], "rotation": 270, "texture": "#1"}
			}
		},
		{
			"from": [11.81232, 1.43745, 4.01902],
			"to": [12.81232, 10.43745, 6.01902],
			"rotation": {"angle": 22.5, "axis": "y", "origin": [12.31232, 5.93745, 5.01902]},
			"faces": {
				"north": {"uv": [2.125, 1.75, 1.75, 2], "texture": "#1"},
				"east": {"uv": [2, 0.875, 1.625, 1], "texture": "#1"},
				"south": {"uv": [2.75, 0.75, 2.5, 0.75], "texture": "#1"},
				"west": {"uv": [2, 0.625, 2, 0.625], "texture": "#1"},
				"up": {"uv": [2, 0.75, 1.5, 1], "rotation": 270, "texture": "#1"},
				"down": {"uv": [1.75, 1, 1.25, 1.25], "rotation": 90, "texture": "#1"}
			}
		}
	],
	"display": {
		"head": {
			"translation": [0, 14.25, 0],
			"scale": [1.6, 1.6, 1.6]
		}
	},
	"groups": [
		{
			"name": "Head",
			"origin": [0, 24, 0],
			"color": 0,
			"children": []
		},
		{
			"name": "Body",
			"origin": [0, 24, 0],
			"color": 0,
			"children": [
				{
					"name": "Body",
					"origin": [0, 24, 0],
					"color": 0,
					"children": []
				}
			]
		},
		{
			"name": "RightArm",
			"origin": [5, 21.5, 0],
			"color": 0,
			"children": []
		},
		{
			"name": "LeftArm",
			"origin": [-5, 21.5, 0],
			"color": 0,
			"children": []
		},
		{
			"name": "RightLeg",
			"origin": [1.9, 12, 0],
			"color": 0,
			"children": [
				{
					"name": "RightLeg",
					"origin": [1.9, 12, 0],
					"color": 0,
					"children": []
				}
			]
		},
		{
			"name": "LeftLeg",
			"origin": [-1.9, 12, 0],
			"color": 0,
			"children": [
				{
					"name": "LeftLeg",
					"origin": [-1.9, 12, 0],
					"color": 0,
					"children": []
				}
			]
		},
		0,
		1,
		2,
		3
	]
}