{
	"credit": "Made with Blockbench",
	"textures": {
		"0": "nw:specs/ulf_feather",
		"particle": "nw:specs/ulf_feather"
	},
	"elements": [
		{
			"from": [4, 0, 3],
			"to": [12, 1, 13],
			"rotation": {"angle": 0, "axis": "z", "origin": [4, 0.5, 5]},
			"faces": {
				"north": {"uv": [0, 0, 8, 1], "texture": "#0"},
				"east": {"uv": [0, 0, 10, 1], "texture": "#0"},
				"south": {"uv": [0, 0, 8, 1], "texture": "#0"},
				"west": {"uv": [0, 0, 10, 1], "texture": "#0"},
				"up": {"uv": [0, 0, 8, 10], "texture": "#0"},
				"down": {"uv": [0, 0, 8, 10], "texture": "#0"}
			}
		},
		{
			"from": [4, 1, 4],
			"to": [12, 2, 12],
			"rotation": {"angle": 0, "axis": "z", "origin": [4, 0.5, 5]},
			"faces": {
				"north": {"uv": [0, 0, 8, 1], "texture": "#0"},
				"east": {"uv": [0, 0, 8, 1], "texture": "#0"},
				"south": {"uv": [0, 0, 8, 1], "texture": "#0"},
				"west": {"uv": [0, 0, 8, 1], "texture": "#0"},
				"up": {"uv": [0, 0, 8, 8], "texture": "#0"},
				"down": {"uv": [0, 0, 8, 8], "texture": "#0"}
			}
		},
		{
			"from": [4.01777, 0, -1.39645],
			"to": [7.01777, 1, 4.60355],
			"rotation": {"angle": -45, "axis": "y", "origin": [5.51777, 0.5, 3.60355]},
			"faces": {
				"north": {"uv": [0, 0, 3, 1], "texture": "#0"},
				"east": {"uv": [0, 0, 6, 1], "texture": "#0"},
				"south": {"uv": [0, 0, 3, 1], "texture": "#0"},
				"west": {"uv": [0, 0, 6, 1], "texture": "#0"},
				"up": {"uv": [0, 0, 6, 3], "rotation": 270, "texture": "#0"},
				"down": {"uv": [0, 0, 6, 3], "rotation": 90, "texture": "#0"}
			}
		},
		{
			"from": [8.96751, 0, -1.39645],
			"to": [11.96751, 1, 4.60355],
			"rotation": {"angle": 45, "axis": "y", "origin": [10.46751, 0.5, 3.60355]},
			"faces": {
				"north": {"uv": [3, 0, 6, 1], "texture": "#0"},
				"east": {"uv": [6, 0, 12, 1], "texture": "#0"},
				"south": {"uv": [3, 0, 6, 1], "texture": "#0"},
				"west": {"uv": [6, 0, 12, 1], "texture": "#0"},
				"up": {"uv": [0, 3, 6, 6], "rotation": 270, "texture": "#0"},
				"down": {"uv": [0, 3, 6, 6], "rotation": 90, "texture": "#0"}
			}
		},
		{
			"from": [8.96751, 0, 11.39645],
			"to": [11.96751, 1, 17.39645],
			"rotation": {"angle": -45, "axis": "y", "origin": [10.46751, 0.5, 12.39645]},
			"faces": {
				"north": {"uv": [6, 0, 3, 1], "texture": "#0"},
				"east": {"uv": [12, 0, 6, 1], "texture": "#0"},
				"south": {"uv": [6, 0, 3, 1], "texture": "#0"},
				"west": {"uv": [12, 0, 6, 1], "texture": "#0"},
				"up": {"uv": [6, 3, 0, 6], "rotation": 270, "texture": "#0"},
				"down": {"uv": [6, 3, 0, 6], "rotation": 90, "texture": "#0"}
			}
		},
		{
			"from": [4.01777, 0, 11.39645],
			"to": [7.01777, 1, 17.39645],
			"rotation": {"angle": 45, "axis": "y", "origin": [5.51777, 0.5, 12.39645]},
			"faces": {
				"north": {"uv": [3, 0, 0, 1], "texture": "#0"},
				"east": {"uv": [6, 0, 0, 1], "texture": "#0"},
				"south": {"uv": [3, 0, 0, 1], "texture": "#0"},
				"west": {"uv": [6, 0, 0, 1], "texture": "#0"},
				"up": {"uv": [6, 0, 0, 3], "rotation": 270, "texture": "#0"},
				"down": {"uv": [6, 0, 0, 3], "rotation": 90, "texture": "#0"}
			}
		},
		{
			"from": [4.01777, 1, 10.39645],
			"to": [7.01777, 2, 16.39645],
			"rotation": {"angle": 45, "axis": "y", "origin": [5.51777, 1.5, 11.39645]},
			"faces": {
				"north": {"uv": [3, 0, 6, 1], "texture": "#0"},
				"east": {"uv": [6, 0, 12, 1], "texture": "#0"},
				"south": {"uv": [3, 0, 6, 1], "texture": "#0"},
				"west": {"uv": [6, 0, 12, 1], "texture": "#0"},
				"up": {"uv": [6, 0, 12, 3], "rotation": 270, "texture": "#0"},
				"down": {"uv": [6, 0, 12, 3], "rotation": 90, "texture": "#0"}
			}
		},
		{
			"from": [8.96751, 1, 10.39645],
			"to": [11.96751, 2, 16.39645],
			"rotation": {"angle": -45, "axis": "y", "origin": [10.46751, 1.5, 11.39645]},
			"faces": {
				"north": {"uv": [6, 0, 9, 1], "texture": "#0"},
				"east": {"uv": [10, 0, 16, 1], "texture": "#0"},
				"south": {"uv": [6, 0, 9, 1], "texture": "#0"},
				"west": {"uv": [10, 0, 16, 1], "texture": "#0"},
				"up": {"uv": [6, 3, 12, 6], "rotation": 270, "texture": "#0"},
				"down": {"uv": [6, 3, 12, 6], "rotation": 90, "texture": "#0"}
			}
		},
		{
			"from": [4.01777, 1, -0.39645],
			"to": [7.01777, 2, 5.60355],
			"rotation": {"angle": -45, "axis": "y", "origin": [5.51777, 1.5, 4.60355]},
			"faces": {
				"north": {"uv": [6, 0, 3, 1], "texture": "#0"},
				"east": {"uv": [12, 0, 6, 1], "texture": "#0"},
				"south": {"uv": [6, 0, 3, 1], "texture": "#0"},
				"west": {"uv": [12, 0, 6, 1], "texture": "#0"},
				"up": {"uv": [12, 0, 6, 3], "rotation": 270, "texture": "#0"},
				"down": {"uv": [12, 0, 6, 3], "rotation": 90, "texture": "#0"}
			}
		},
		{
			"from": [8.96751, 1, -0.39645],
			"to": [11.96751, 2, 5.60355],
			"rotation": {"angle": 45, "axis": "y", "origin": [10.46751, 1.5, 4.60355]},
			"faces": {
				"north": {"uv": [9, 0, 6, 1], "texture": "#0"},
				"east": {"uv": [16, 0, 10, 1], "texture": "#0"},
				"south": {"uv": [9, 0, 6, 1], "texture": "#0"},
				"west": {"uv": [16, 0, 10, 1], "texture": "#0"},
				"up": {"uv": [12, 3, 6, 6], "rotation": 270, "texture": "#0"},
				"down": {"uv": [12, 3, 6, 6], "rotation": 90, "texture": "#0"}
			}
		}
	],
	"display": {
		"head": {
			"translation": [0, -1.5, 0],
			"scale": [0.7, 0.7, 0.7]
		}
	}
}