{
	"credit": "Made with Blockbench",
	"texture_size": [64, 64],
	"textures": {
		"0": "dt/dt101",
		"1": "dt/tree",
		"particle": "dt/dt101"
	},
	"elements": [
		{
			"from": [3, 0, 0],
			"to": [13, 1, 16],
			"faces": {
				"north": {"uv": [6.5, 6.25, 9, 6.5], "texture": "#0"},
				"east": {"uv": [5, 3.75, 9, 4], "texture": "#0"},
				"south": {"uv": [6.5, 6.5, 9, 6.75], "texture": "#0"},
				"west": {"uv": [0, 6, 4, 6.25], "texture": "#0"},
				"up": {"uv": [2.5, 4, 0, 0], "texture": "#0"},
				"down": {"uv": [5, 0, 2.5, 4], "texture": "#0"}
			}
		},
		{
			"from": [3, 1, 15],
			"to": [13, 5, 16],
			"faces": {
				"north": {"uv": [5, 2.75, 7.5, 3.75], "texture": "#0"},
				"east": {"uv": [7.5, 2, 7.75, 3], "texture": "#0"},
				"south": {"uv": [3.5, 5, 6, 6], "texture": "#0"},
				"west": {"uv": [4.75, 7.5, 5, 8.5], "texture": "#0"},
				"up": {"uv": [9, 7, 6.5, 6.75], "texture": "#0"},
				"down": {"uv": [4.75, 7, 2.25, 7.25], "texture": "#0"}
			}
		},
		{
			"from": [3, 1, 0],
			"to": [13, 5, 1],
			"faces": {
				"north": {"uv": [5, 0.75, 7.5, 1.75], "texture": "#0"},
				"east": {"uv": [4.5, 7.25, 4.75, 8.25], "texture": "#0"},
				"south": {"uv": [5, 1.75, 7.5, 2.75], "texture": "#0"},
				"west": {"uv": [7.5, 1, 7.75, 2], "texture": "#0"},
				"up": {"uv": [2.5, 6, 0, 5.75], "texture": "#0"},
				"down": {"uv": [9, 6, 6.5, 6.25], "texture": "#0"}
			}
		},
		{
			"from": [5.7, 5, 0],
			"to": [10.3, 7.5, 1],
			"faces": {
				"north": {"uv": [4, 6, 5.125, 6.875], "texture": "#0"},
				"east": {"uv": [6.5, 7.75, 6.75, 8.625], "texture": "#0"},
				"south": {"uv": [6, 5, 7.125, 5.875], "texture": "#0"},
				"west": {"uv": [6.75, 7.75, 7, 8.625], "texture": "#0"},
				"up": {"uv": [8.375, 5.5, 7.25, 5.25], "texture": "#0"},
				"down": {"uv": [8.375, 5.5, 7.25, 5.75], "texture": "#0"}
			}
		},
		{
			"from": [5.7, 5, 15],
			"to": [10.3, 7.4, 16],
			"rotation": {"angle": 0, "axis": "y", "origin": [0, 0, 16]},
			"faces": {
				"north": {"uv": [5.25, 6, 6.375, 6.875], "texture": "#0"},
				"east": {"uv": [7, 7.75, 7.25, 8.625], "texture": "#0"},
				"south": {"uv": [0, 6.25, 1.125, 7.125], "texture": "#0"},
				"west": {"uv": [7.25, 7.75, 7.5, 8.625], "texture": "#0"},
				"up": {"uv": [8.375, 6, 7.25, 5.75], "texture": "#0"},
				"down": {"uv": [8.625, 0.75, 7.5, 1], "texture": "#0"}
			}
		},
		{
			"from": [3, 1, 1],
			"to": [4, 5, 15],
			"faces": {
				"north": {"uv": [5, 7.5, 5.25, 8.5], "texture": "#0"},
				"east": {"uv": [0, 4, 3.5, 5], "texture": "#0"},
				"south": {"uv": [5.25, 7.5, 5.5, 8.5], "texture": "#0"},
				"west": {"uv": [3.5, 4, 7, 5], "texture": "#0"},
				"up": {"uv": [1.5, 9.75, 1.25, 6.25], "texture": "#0"},
				"down": {"uv": [1.75, 6.25, 1.5, 9.75], "texture": "#0"}
			}
		},
		{
			"from": [6.0782, 5.60685, 1],
			"to": [7.0782, 7.40685, 15],
			"rotation": {"angle": 0, "axis": "y", "origin": [3.0782, 4.60685, 0]},
			"faces": {
				"north": {"uv": [3.75, 6.25, 4, 7], "texture": "#0"},
				"east": {"uv": [0, 5, 3.5, 5.75], "texture": "#0"},
				"south": {"uv": [7.5, 7.75, 7.75, 8.5], "texture": "#0"},
				"west": {"uv": [5, 0, 8.5, 0.75], "texture": "#0"},
				"up": {"uv": [2, 9.75, 1.75, 6.25], "texture": "#0"},
				"down": {"uv": [2.25, 6.25, 2, 9.75], "texture": "#0"}
			}
		},
		{
			"from": [1.92807, 3.38896, 1],
			"to": [5.92807, 4.38896, 3],
			"rotation": {"angle": 22.5, "axis": "z", "origin": [0.92807, 7.38896, 0]},
			"faces": {
				"north": {"uv": [2.5, 5.75, 3.5, 6], "texture": "#0"},
				"east": {"uv": [3.25, 6.25, 3.75, 6.5], "texture": "#0"},
				"south": {"uv": [7.5, 3, 8.5, 3.25], "texture": "#0"},
				"west": {"uv": [3.25, 6.5, 3.75, 6.75], "texture": "#0"},
				"up": {"uv": [3.25, 6.75, 2.25, 6.25], "texture": "#0"},
				"down": {"uv": [8, 4, 7, 4.5], "texture": "#0"}
			}
		},
		{
			"from": [1.92807, 3.38896, 5],
			"to": [5.92807, 4.38896, 7],
			"rotation": {"angle": 22.5, "axis": "z", "origin": [0.92807, 7.38896, 0]},
			"faces": {
				"north": {"uv": [7.5, 3.25, 8.5, 3.5], "texture": "#0"},
				"east": {"uv": [0.25, 8, 0.75, 8.25], "texture": "#0"},
				"south": {"uv": [7.5, 3.5, 8.5, 3.75], "texture": "#0"},
				"west": {"uv": [2.25, 8, 2.75, 8.25], "texture": "#0"},
				"up": {"uv": [8, 5, 7, 4.5], "texture": "#0"},
				"down": {"uv": [5.75, 7, 4.75, 7.5], "texture": "#0"}
			}
		},
		{
			"from": [1.92807, 3.38896, 9],
			"to": [5.92807, 4.38896, 11],
			"rotation": {"angle": 22.5, "axis": "z", "origin": [0.92807, 7.38896, 0]},
			"faces": {
				"north": {"uv": [5.5, 7.5, 6.5, 7.75], "texture": "#0"},
				"east": {"uv": [2.75, 8, 3.25, 8.25], "texture": "#0"},
				"south": {"uv": [6.5, 7.5, 7.5, 7.75], "texture": "#0"},
				"west": {"uv": [8, 4, 8.5, 4.25], "texture": "#0"},
				"up": {"uv": [6.75, 7.5, 5.75, 7], "texture": "#0"},
				"down": {"uv": [7.75, 7, 6.75, 7.5], "texture": "#0"}
			}
		},
		{
			"from": [1.92807, 3.38896, 13],
			"to": [5.92807, 4.38896, 15],
			"rotation": {"angle": 22.5, "axis": "z", "origin": [0.92807, 7.38896, 0]},
			"faces": {
				"north": {"uv": [7.5, 7.5, 8.5, 7.75], "texture": "#0"},
				"east": {"uv": [8, 4.25, 8.5, 4.5], "texture": "#0"},
				"south": {"uv": [0, 7.75, 1, 8], "texture": "#0"},
				"west": {"uv": [8, 4.5, 8.5, 4.75], "texture": "#0"},
				"up": {"uv": [1, 7.75, 0, 7.25], "texture": "#0"},
				"down": {"uv": [3.25, 7.25, 2.25, 7.75], "texture": "#0"}
			}
		},
		{
			"from": [11, 1, 13],
			"to": [12, 2, 14],
			"faces": {
				"north": {"uv": [0.75, 8, 1, 8.25], "texture": "#0"},
				"east": {"uv": [6, 8, 6.25, 8.25], "texture": "#0"},
				"south": {"uv": [6.25, 8, 6.5, 8.25], "texture": "#0"},
				"west": {"uv": [8, 7.75, 8.25, 8], "texture": "#0"},
				"up": {"uv": [8.25, 8.25, 8, 8], "texture": "#0"},
				"down": {"uv": [0.5, 8.25, 0.25, 8.5], "texture": "#0"}
			}
		},
		{
			"from": [6, 1, 13],
			"to": [10, 2, 14],
			"faces": {
				"north": {"uv": [7.75, 1, 8.75, 1.25], "texture": "#0"},
				"east": {"uv": [0.5, 8.25, 0.75, 8.5], "texture": "#0"},
				"south": {"uv": [7.75, 1.25, 8.75, 1.5], "texture": "#0"},
				"west": {"uv": [0.75, 8.25, 1, 8.5], "texture": "#0"},
				"up": {"uv": [8.75, 1.75, 7.75, 1.5], "texture": "#0"},
				"down": {"uv": [8.75, 1.75, 7.75, 2], "texture": "#0"}
			}
		},
		{
			"from": [7, 1, 6],
			"to": [9, 2, 10],
			"faces": {
				"north": {"uv": [8, 4.75, 8.5, 5], "texture": "#0"},
				"east": {"uv": [7.75, 2, 8.75, 2.25], "texture": "#0"},
				"south": {"uv": [5.5, 8, 6, 8.25], "texture": "#0"},
				"west": {"uv": [2.25, 7.75, 3.25, 8], "texture": "#0"},
				"up": {"uv": [3.75, 8.25, 3.25, 7.25], "texture": "#0"},
				"down": {"uv": [4.25, 7.25, 3.75, 8.25], "texture": "#0"}
			}
		},
		{
			"from": [4, 1, 13],
			"to": [5, 2, 14],
			"faces": {
				"north": {"uv": [2.25, 8.25, 2.5, 8.5], "texture": "#0"},
				"east": {"uv": [2.5, 8.25, 2.75, 8.5], "texture": "#0"},
				"south": {"uv": [2.75, 8.25, 3, 8.5], "texture": "#0"},
				"west": {"uv": [3, 8.25, 3.25, 8.5], "texture": "#0"},
				"up": {"uv": [3.5, 8.5, 3.25, 8.25], "texture": "#0"},
				"down": {"uv": [3.75, 8.25, 3.5, 8.5], "texture": "#0"}
			}
		},
		{
			"from": [4, 1, 11],
			"to": [5, 2, 12],
			"faces": {
				"north": {"uv": [3.75, 8.25, 4, 8.5], "texture": "#0"},
				"east": {"uv": [4, 8.25, 4.25, 8.5], "texture": "#0"},
				"south": {"uv": [4.5, 8.25, 4.75, 8.5], "texture": "#0"},
				"west": {"uv": [5.5, 8.25, 5.75, 8.5], "texture": "#0"},
				"up": {"uv": [6, 8.5, 5.75, 8.25], "texture": "#0"},
				"down": {"uv": [6.25, 8.25, 6, 8.5], "texture": "#0"}
			}
		},
		{
			"from": [4, 1, 10],
			"to": [5, 2, 11],
			"faces": {
				"north": {"uv": [6.25, 8.25, 6.5, 8.5], "texture": "#0"},
				"east": {"uv": [8.25, 7.75, 8.5, 8], "texture": "#0"},
				"south": {"uv": [8, 8.25, 8.25, 8.5], "texture": "#0"},
				"west": {"uv": [8.25, 8, 8.5, 8.25], "texture": "#0"},
				"up": {"uv": [8.5, 8.5, 8.25, 8.25], "texture": "#0"},
				"down": {"uv": [8.75, 0, 8.5, 0.25], "texture": "#0"}
			}
		},
		{
			"from": [4, 1, 5],
			"to": [5, 2, 8],
			"faces": {
				"north": {"uv": [0.25, 8.5, 0.5, 8.75], "texture": "#0"},
				"east": {"uv": [7.75, 7, 8.5, 7.25], "texture": "#0"},
				"south": {"uv": [8.5, 0.25, 8.75, 0.5], "texture": "#0"},
				"west": {"uv": [7.75, 7.25, 8.5, 7.5], "texture": "#0"},
				"up": {"uv": [8, 8.5, 7.75, 7.75], "texture": "#0"},
				"down": {"uv": [0.25, 8, 0, 8.75], "texture": "#0"}
			}
		},
		{
			"from": [5, 1, 10],
			"to": [6, 2, 11],
			"faces": {
				"north": {"uv": [0.5, 8.5, 0.75, 8.75], "texture": "#0"},
				"east": {"uv": [8.5, 0.5, 8.75, 0.75], "texture": "#0"},
				"south": {"uv": [0.75, 8.5, 1, 8.75], "texture": "#0"},
				"west": {"uv": [2.25, 8.5, 2.5, 8.75], "texture": "#0"},
				"up": {"uv": [2.75, 8.75, 2.5, 8.5], "texture": "#0"},
				"down": {"uv": [3, 8.5, 2.75, 8.75], "texture": "#0"}
			}
		},
		{
			"from": [6, 1, 2],
			"to": [10, 2, 3],
			"faces": {
				"north": {"uv": [7.75, 2.25, 8.75, 2.5], "texture": "#0"},
				"east": {"uv": [3, 8.5, 3.25, 8.75], "texture": "#0"},
				"south": {"uv": [7.75, 2.5, 8.75, 2.75], "texture": "#0"},
				"west": {"uv": [8.5, 3, 8.75, 3.25], "texture": "#0"},
				"up": {"uv": [8.75, 3, 7.75, 2.75], "texture": "#0"},
				"down": {"uv": [6.5, 7.75, 5.5, 8], "texture": "#0"}
			}
		},
		{
			"from": [11, 1, 2],
			"to": [12, 2, 3],
			"faces": {
				"north": {"uv": [3.25, 8.5, 3.5, 8.75], "texture": "#0"},
				"east": {"uv": [8.5, 3.25, 8.75, 3.5], "texture": "#0"},
				"south": {"uv": [3.5, 8.5, 3.75, 8.75], "texture": "#0"},
				"west": {"uv": [8.5, 3.5, 8.75, 3.75], "texture": "#0"},
				"up": {"uv": [4, 8.75, 3.75, 8.5], "texture": "#0"},
				"down": {"uv": [4.25, 8.5, 4, 8.75], "texture": "#0"}
			}
		},
		{
			"from": [11, 1, 5],
			"to": [12, 2, 11],
			"faces": {
				"north": {"uv": [8.5, 4, 8.75, 4.25], "texture": "#0"},
				"east": {"uv": [2.25, 6.75, 3.75, 7], "texture": "#0"},
				"south": {"uv": [8.5, 4.25, 8.75, 4.5], "texture": "#0"},
				"west": {"uv": [7.25, 5, 8.75, 5.25], "texture": "#0"},
				"up": {"uv": [1.25, 8.75, 1, 7.25], "texture": "#0"},
				"down": {"uv": [4.5, 7.25, 4.25, 8.75], "texture": "#0"}
			}
		},
		{
			"from": [4, 1, 2],
			"to": [5, 2, 3],
			"faces": {
				"north": {"uv": [4.5, 8.5, 4.75, 8.75], "texture": "#0"},
				"east": {"uv": [8.5, 4.5, 8.75, 4.75], "texture": "#0"},
				"south": {"uv": [4.75, 8.5, 5, 8.75], "texture": "#0"},
				"west": {"uv": [8.5, 4.75, 8.75, 5], "texture": "#0"},
				"up": {"uv": [5.25, 8.75, 5, 8.5], "texture": "#0"},
				"down": {"uv": [5.5, 8.5, 5.25, 8.75], "texture": "#0"}
			}
		},
		{
			"from": [9, 1, 8.5],
			"to": [9.5, 1.5, 9],
			"faces": {
				"north": {"uv": [0, 0, 0.125, 0.125], "texture": "#1"},
				"east": {"uv": [0, 0, 0.125, 0.125], "texture": "#1"},
				"south": {"uv": [0, 0, 0.125, 0.125], "texture": "#1"},
				"west": {"uv": [0, 0, 0.125, 0.125], "texture": "#1"},
				"up": {"uv": [0, 0, 0.125, 0.125], "texture": "#1"},
				"down": {"uv": [0, 0, 0.125, 0.125], "texture": "#1"}
			}
		},
		{
			"from": [5, 1, 11],
			"to": [5.5, 1.5, 11.5],
			"faces": {
				"north": {"uv": [0, 0, 0.125, 0.125], "texture": "#1"},
				"east": {"uv": [0, 0, 0.125, 0.125], "texture": "#1"},
				"south": {"uv": [0, 0, 0.125, 0.125], "texture": "#1"},
				"west": {"uv": [0, 0, 0.125, 0.125], "texture": "#1"},
				"up": {"uv": [0, 0, 0.125, 0.125], "texture": "#1"},
				"down": {"uv": [0, 0, 0.125, 0.125], "texture": "#1"}
			}
		},
		{
			"from": [6.5, 1, 7.8],
			"to": [7, 1.5, 8.8],
			"faces": {
				"north": {"uv": [0, 0, 0.125, 0.125], "texture": "#1"},
				"east": {"uv": [0, 0, 0.125, 0.125], "texture": "#1"},
				"south": {"uv": [0, 0, 0.125, 0.125], "texture": "#1"},
				"west": {"uv": [0, 0, 0.125, 0.125], "texture": "#1"},
				"up": {"uv": [0, 0, 0.125, 0.125], "texture": "#1"},
				"down": {"uv": [0, 0, 0.125, 0.125], "texture": "#1"}
			}
		},
		{
			"from": [10.5, 1, 6.5],
			"to": [11, 1.5, 7.5],
			"faces": {
				"north": {"uv": [0, 0, 0.125, 0.125], "texture": "#1"},
				"east": {"uv": [0, 0, 0.125, 0.125], "texture": "#1"},
				"south": {"uv": [0, 0, 0.125, 0.125], "texture": "#1"},
				"west": {"uv": [0, 0, 0.125, 0.125], "texture": "#1"},
				"up": {"uv": [0, 0, 0.125, 0.125], "texture": "#1"},
				"down": {"uv": [0, 0, 0.125, 0.125], "texture": "#1"}
			}
		},
		{
			"from": [8.5, 1, 12],
			"to": [9, 1.5, 13],
			"faces": {
				"north": {"uv": [0, 0, 0.125, 0.125], "texture": "#1"},
				"east": {"uv": [0, 0, 0.125, 0.125], "texture": "#1"},
				"south": {"uv": [0, 0, 0.125, 0.125], "texture": "#1"},
				"west": {"uv": [0, 0, 0.125, 0.125], "texture": "#1"},
				"up": {"uv": [0, 0, 0.125, 0.125], "texture": "#1"},
				"down": {"uv": [0, 0, 0.125, 0.125], "texture": "#1"}
			}
		},
		{
			"from": [6, 1, 3],
			"to": [7, 1.5, 3.5],
			"faces": {
				"north": {"uv": [0, 0, 0.125, 0.125], "texture": "#1"},
				"east": {"uv": [0, 0, 0.125, 0.125], "texture": "#1"},
				"south": {"uv": [0, 0, 0.125, 0.125], "texture": "#1"},
				"west": {"uv": [0, 0, 0.125, 0.125], "texture": "#1"},
				"up": {"uv": [0, 0, 0.125, 0.125], "texture": "#1"},
				"down": {"uv": [0, 0, 0.125, 0.125], "texture": "#1"}
			}
		},
		{
			"from": [8.5, 1, 4.5],
			"to": [9.5, 1.5, 5.5],
			"faces": {
				"north": {"uv": [0, 0, 0.125, 0.125], "texture": "#1"},
				"east": {"uv": [0, 0, 0.125, 0.125], "texture": "#1"},
				"south": {"uv": [0, 0, 0.125, 0.125], "texture": "#1"},
				"west": {"uv": [0, 0, 0.125, 0.125], "texture": "#1"},
				"up": {"uv": [0, 0, 0.125, 0.125], "texture": "#1"},
				"down": {"uv": [0, 0, 0.125, 0.125], "texture": "#1"}
			}
		},
		{
			"from": [9, 1, 3],
			"to": [9.5, 1.5, 3.5],
			"faces": {
				"north": {"uv": [0, 0, 0.125, 0.125], "texture": "#1"},
				"east": {"uv": [0, 0, 0.125, 0.125], "texture": "#1"},
				"south": {"uv": [0, 0, 0.125, 0.125], "texture": "#1"},
				"west": {"uv": [0, 0, 0.125, 0.125], "texture": "#1"},
				"up": {"uv": [0, 0, 0.125, 0.125], "texture": "#1"},
				"down": {"uv": [0, 0, 0.125, 0.125], "texture": "#1"}
			}
		},
		{
			"from": [5, 1, 6.5],
			"to": [5.5, 1.5, 7],
			"faces": {
				"north": {"uv": [0, 0, 0.125, 0.125], "texture": "#1"},
				"east": {"uv": [0, 0, 0.125, 0.125], "texture": "#1"},
				"south": {"uv": [0, 0, 0.125, 0.125], "texture": "#1"},
				"west": {"uv": [0, 0, 0.125, 0.125], "texture": "#1"},
				"up": {"uv": [0, 0, 0.125, 0.125], "texture": "#1"},
				"down": {"uv": [0, 0, 0.125, 0.125], "texture": "#1"}
			}
		}
	],
	"display": {
		"thirdperson_righthand": {
			"scale": [0, 0, 0]
		},
		"thirdperson_lefthand": {
			"scale": [0, 0, 0]
		},
		"firstperson_righthand": {
			"rotation": [43, -113.25, -4.5],
			"translation": [-8.75, 9.25, 9.5],
			"scale": [0.2, 0.2, 0.2]
		},
		"gui": {
			"rotation": [38.75, -68.25, 0],
			"translation": [0, 4.5, 0],
			"scale": [0.8, 0.8, 0.8]
		}
	},
	"groups": [
		{
			"name": "group",
			"origin": [8, 8, 8],
			"color": 0,
			"children": [0, 1, 2, 3, 4, 5, 6, 7, 8, 9, 10, 11, 12, 13, 14, 15, 16, 17, 18, 19, 20, 21, 22]
		},
		{
			"name": "group",
			"origin": [8, 8, 8],
			"color": 0,
			"children": [23, 24, 25, 26, 27, 28, 29, 30, 31]
		}
	]
}