{
	"credit": "Made with Blockbench",
	"texture_size": [64, 64],
	"textures": {
		"0": "dt/dt2",
		"particle": "dt/dt2"
	},
	"elements": [
		{
			"from": [0, 0, 0],
			"to": [16, 1, 16],
			"faces": {
				"north": {"uv": [0, 8, 4, 8.25], "texture": "#0"},
				"east": {"uv": [8, 6.5, 12, 6.75], "texture": "#0"},
				"south": {"uv": [8, 6.75, 12, 7], "texture": "#0"},
				"west": {"uv": [8, 7, 12, 7.25], "texture": "#0"},
				"up": {"uv": [4, 4, 0, 0], "texture": "#0"},
				"down": {"uv": [4, 4, 0, 8], "texture": "#0"}
			}
		},
		{
			"from": [13, 0, 5],
			"to": [16, 2, 12],
			"faces": {
				"north": {"uv": [8.75, 5, 9.5, 5.5], "texture": "#0"},
				"east": {"uv": [0, 8.25, 1.75, 8.75], "texture": "#0"},
				"south": {"uv": [8.75, 5.5, 9.5, 6], "texture": "#0"},
				"west": {"uv": [1.75, 8.25, 3.5, 8.75], "texture": "#0"},
				"up": {"uv": [6.25, 9.25, 5.5, 7.5], "texture": "#0"},
				"down": {"uv": [7, 7.5, 6.25, 9.25], "texture": "#0"}
			}
		},
		{
			"from": [3, 1, 4],
			"to": [13, 7, 13],
			"faces": {
				"north": {"uv": [4, 4.5, 6.5, 6], "texture": "#0"},
				"east": {"uv": [6.5, 3.5, 8.75, 5], "texture": "#0"},
				"south": {"uv": [4, 6, 6.5, 7.5], "texture": "#0"},
				"west": {"uv": [6.5, 5, 8.75, 6.5], "texture": "#0"},
				"up": {"uv": [6.5, 2.25, 4, 0], "texture": "#0"},
				"down": {"uv": [6.5, 2.25, 4, 4.5], "texture": "#0"}
			}
		},
		{
			"from": [8, 1, 13],
			"to": [11, 7, 15],
			"faces": {
				"north": {"uv": [7, 7.5, 7.75, 9], "texture": "#0"},
				"east": {"uv": [3.5, 8.25, 4, 9.75], "texture": "#0"},
				"south": {"uv": [7.75, 7.5, 8.5, 9], "texture": "#0"},
				"west": {"uv": [8.5, 0, 9, 1.5], "texture": "#0"},
				"up": {"uv": [9.5, 6.5, 8.75, 6], "texture": "#0"},
				"down": {"uv": [9.25, 8.75, 8.5, 9.25], "texture": "#0"}
			}
		},
		{
			"from": [7, 1, 2],
			"to": [13, 5, 4],
			"faces": {
				"north": {"uv": [6.5, 6.5, 8, 7.5], "texture": "#0"},
				"east": {"uv": [5, 8.5, 5.5, 9.5], "texture": "#0"},
				"south": {"uv": [4, 7.5, 5.5, 8.5], "texture": "#0"},
				"west": {"uv": [8.5, 7.75, 9, 8.75], "texture": "#0"},
				"up": {"uv": [10, 2, 8.5, 1.5], "texture": "#0"},
				"down": {"uv": [10, 2, 8.5, 2.5], "texture": "#0"}
			}
		},
		{
			"from": [9, 5, 2],
			"to": [13, 7, 4],
			"faces": {
				"north": {"uv": [8.5, 2.5, 9.5, 3], "texture": "#0"},
				"east": {"uv": [3, 8.75, 3.5, 9.25], "texture": "#0"},
				"south": {"uv": [8.5, 3, 9.5, 3.5], "texture": "#0"},
				"west": {"uv": [9, 0, 9.5, 0.5], "texture": "#0"},
				"up": {"uv": [5, 9, 4, 8.5], "texture": "#0"},
				"down": {"uv": [9.5, 7.25, 8.5, 7.75], "texture": "#0"}
			}
		},
		{
			"from": [3, 5, 2],
			"to": [7, 7, 4],
			"faces": {
				"north": {"uv": [0, 8.75, 1, 9.25], "texture": "#0"},
				"east": {"uv": [9, 0.5, 9.5, 1], "texture": "#0"},
				"south": {"uv": [1, 8.75, 2, 9.25], "texture": "#0"},
				"west": {"uv": [9, 1, 9.5, 1.5], "texture": "#0"},
				"up": {"uv": [3, 9.25, 2, 8.75], "texture": "#0"},
				"down": {"uv": [9.75, 3.5, 8.75, 4], "texture": "#0"}
			}
		},
		{
			"from": [3, 1, 2],
			"to": [4, 5, 3],
			"faces": {
				"north": {"uv": [4, 9, 4.25, 10], "texture": "#0"},
				"east": {"uv": [4.25, 9, 4.5, 10], "texture": "#0"},
				"south": {"uv": [4.5, 9, 4.75, 10], "texture": "#0"},
				"west": {"uv": [4.75, 9, 5, 10], "texture": "#0"},
				"up": {"uv": [6.25, 9.5, 6, 9.25], "texture": "#0"},
				"down": {"uv": [6.5, 9.25, 6.25, 9.5], "texture": "#0"}
			}
		},
		{
			"from": [4, 7, 5],
			"to": [12, 8, 12],
			"faces": {
				"north": {"uv": [8.75, 4, 10.75, 4.25], "texture": "#0"},
				"east": {"uv": [8.75, 4.5, 10.5, 4.75], "texture": "#0"},
				"south": {"uv": [8.75, 4.25, 10.75, 4.5], "texture": "#0"},
				"west": {"uv": [8.75, 4.75, 10.5, 5], "texture": "#0"},
				"up": {"uv": [8.5, 1.75, 6.5, 0], "texture": "#0"},
				"down": {"uv": [8.5, 1.75, 6.5, 3.5], "texture": "#0"}
			}
		},
		{
			"from": [9, 7, 12],
			"to": [10, 8, 14],
			"faces": {
				"north": {"uv": [6.5, 9.25, 6.75, 9.5], "texture": "#0"},
				"east": {"uv": [8, 7.25, 8.5, 7.5], "texture": "#0"},
				"south": {"uv": [6.75, 9.25, 7, 9.5], "texture": "#0"},
				"west": {"uv": [9, 8.25, 9.5, 8.5], "texture": "#0"},
				"up": {"uv": [0.25, 9.75, 0, 9.25], "texture": "#0"},
				"down": {"uv": [0.5, 9.25, 0.25, 9.75], "texture": "#0"}
			}
		},
		{
			"from": [10, 7, 3],
			"to": [12, 8, 5],
			"faces": {
				"north": {"uv": [9, 8.5, 9.5, 8.75], "texture": "#0"},
				"east": {"uv": [0.5, 9.25, 1, 9.5], "texture": "#0"},
				"south": {"uv": [1, 9.25, 1.5, 9.5], "texture": "#0"},
				"west": {"uv": [1.5, 9.25, 2, 9.5], "texture": "#0"},
				"up": {"uv": [7.5, 9.5, 7, 9], "texture": "#0"},
				"down": {"uv": [8, 9, 7.5, 9.5], "texture": "#0"}
			}
		},
		{
			"from": [4, 7, 3],
			"to": [6, 8, 5],
			"faces": {
				"north": {"uv": [2, 9.25, 2.5, 9.5], "texture": "#0"},
				"east": {"uv": [2.5, 9.25, 3, 9.5], "texture": "#0"},
				"south": {"uv": [3, 9.25, 3.5, 9.5], "texture": "#0"},
				"west": {"uv": [5.5, 9.25, 6, 9.5], "texture": "#0"},
				"up": {"uv": [9.5, 8.25, 9, 7.75], "texture": "#0"},
				"down": {"uv": [8.5, 9, 8, 9.5], "texture": "#0"}
			}
		}
	],
	"display": {
		"thirdperson_righthand": {
			"scale": [0, 0, 0]
		},
		"thirdperson_lefthand": {
			"scale": [0, 0, 0]
		},
		"firstperson_righthand": {
			"rotation": [43, -70.75, -4.25],
			"translation": [-8.75, 9.5, 8.75],
			"scale": [0.2, 0.2, 0.2]
		},
		"gui": {
			"rotation": [38.75, -68.25, 0],
			"translation": [0, 4.75, 0],
			"scale": [0.8, 0.8, 0.8]
		}
	},
	"groups": [
		{
			"name": "group",
			"origin": [8, 8, 8],
			"color": 0,
			"children": [0, 1, 2, 3, 4, 5, 6, 7, 8, 9, 10, 11]
		}
	]
}