{
	"credit": "Made with Blockbench",
	"texture_size": [64, 64],
	"textures": {
		"0": "nw:stand/base/special/tank",
		"particle": "nw:stand/base/special/tank"
	},
	"elements": [
		{
			"from": [6, 3, 7],
			"to": [9.5, 4, 10.5],
			"faces": {
				"north": {"uv": [5.75, 0.25, 6.75, 0.5], "texture": "#0"},
				"east": {"uv": [5.75, 0.5, 6.75, 0.75], "texture": "#0"},
				"south": {"uv": [5.75, 2.75, 6.75, 3], "texture": "#0"},
				"west": {"uv": [3, 5.75, 4, 6], "texture": "#0"},
				"up": {"uv": [4, 2, 3, 1], "texture": "#0"},
				"down": {"uv": [4, 2, 3, 3], "texture": "#0"}
			}
		},
		{
			"from": [5.75, 3.25, 6],
			"to": [10.25, 4.25, 10],
			"rotation": {"angle": 0, "axis": "y", "origin": [0, 0.25, 0]},
			"faces": {
				"north": {"uv": [5.5, 4.5, 6.75, 4.75], "texture": "#0"},
				"east": {"uv": [5.75, 3, 6.75, 3.25], "texture": "#0"},
				"south": {"uv": [5.5, 4.75, 6.75, 5], "texture": "#0"},
				"west": {"uv": [4.75, 5.75, 5.75, 6], "texture": "#0"},
				"up": {"uv": [1.25, 3.25, 0, 2.25], "texture": "#0"},
				"down": {"uv": [4.25, 0, 3, 1], "texture": "#0"}
			}
		},
		{
			"from": [6.5, 3.25, 10.83],
			"to": [9.5, 4.25, 11.83],
			"rotation": {"angle": 0, "axis": "y", "origin": [0, 0.25, 0]},
			"faces": {
				"north": {"uv": [4, 2.75, 4.75, 3], "texture": "#0"},
				"east": {"uv": [4.75, 3.25, 5, 3.5], "texture": "#0"},
				"south": {"uv": [6.75, 1.25, 7.5, 1.5], "texture": "#0"},
				"west": {"uv": [7.25, 3, 7.5, 3.25], "texture": "#0"},
				"up": {"uv": [7.5, 6.25, 6.75, 6], "texture": "#0"},
				"down": {"uv": [7.5, 6.25, 6.75, 6.5], "texture": "#0"}
			}
		},
		{
			"from": [7.1, 3.25, 4.08],
			"to": [8.85, 4.25, 5.58],
			"rotation": {"angle": 0, "axis": "y", "origin": [0, 0.25, 0]},
			"faces": {
				"north": {"uv": [1.25, 3, 1.75, 3.25], "texture": "#0"},
				"east": {"uv": [7.5, 1.25, 7.75, 1.5], "texture": "#0"},
				"south": {"uv": [7, 3.25, 7.5, 3.5], "texture": "#0"},
				"west": {"uv": [3.5, 7.75, 3.75, 8], "texture": "#0"},
				"up": {"uv": [4, 7.25, 3.5, 7], "texture": "#0"},
				"down": {"uv": [7.5, 3.5, 7, 3.75], "texture": "#0"}
			}
		},
		{
			"from": [13.35707, 3.25, 6.8387],
			"to": [14.85707, 4.25, 8.8387],
			"shade": false,
			"rotation": {"angle": -22.5, "axis": "y", "origin": [4.60707, 0.25, -3.1613]},
			"faces": {
				"north": {"uv": [7, 3.75, 7.5, 4], "texture": "#0"},
				"east": {"uv": [7, 4, 7.5, 4.25], "texture": "#0"},
				"south": {"uv": [7, 4.25, 7.5, 4.5], "texture": "#0"},
				"west": {"uv": [4.5, 7, 5, 7.25], "texture": "#0"},
				"up": {"uv": [4.5, 6.25, 4, 5.75], "texture": "#0"},
				"down": {"uv": [6.25, 5.75, 5.75, 6.25], "texture": "#0"}
			}
		},
		{
			"from": [6.43572, 3.25, 9.0199],
			"to": [7.93572, 4.25, 11.0199],
			"rotation": {"angle": 22.5, "axis": "y", "origin": [8.55652, 3.25, 11.23363]},
			"faces": {
				"north": {"uv": [5, 7, 5.5, 7.25], "texture": "#0"},
				"east": {"uv": [5.5, 7, 6, 7.25], "texture": "#0"},
				"south": {"uv": [6, 7, 6.5, 7.25], "texture": "#0"},
				"west": {"uv": [6.5, 7, 7, 7.25], "texture": "#0"},
				"up": {"uv": [0.5, 6.5, 0, 6], "texture": "#0"},
				"down": {"uv": [1, 6, 0.5, 6.5], "texture": "#0"}
			}
		},
		{
			"from": [6.01777, 3.25, 5.35355],
			"to": [7.51777, 4.25, 7.35355],
			"rotation": {"angle": -45, "axis": "y", "origin": [7.51777, 3.25, 6.35355]},
			"faces": {
				"north": {"uv": [7, 6.5, 7.5, 6.75], "texture": "#0"},
				"east": {"uv": [7, 6.75, 7.5, 7], "texture": "#0"},
				"south": {"uv": [7, 7, 7.5, 7.25], "texture": "#0"},
				"west": {"uv": [0.25, 7.25, 0.75, 7.5], "texture": "#0"},
				"up": {"uv": [1.5, 6.5, 1, 6], "texture": "#0"},
				"down": {"uv": [3.5, 6, 3, 6.5], "texture": "#0"}
			}
		},
		{
			"from": [7.65, 3.9922, 3.81988],
			"to": [8.4, 4.7422, 5.81988],
			"rotation": {"angle": -22.5, "axis": "x", "origin": [8.1, 5.32385, 5.26193]},
			"faces": {
				"north": {"uv": [7.75, 3.5, 8, 3.75], "texture": "#0"},
				"east": {"uv": [7.25, 0.25, 7.75, 0.5], "texture": "#0"},
				"south": {"uv": [3.75, 7.75, 4, 8], "texture": "#0"},
				"west": {"uv": [7.25, 0.5, 7.75, 0.75], "texture": "#0"},
				"up": {"uv": [5, 5.75, 4.75, 5.25], "texture": "#0"},
				"down": {"uv": [1.5, 6.5, 1.25, 7], "texture": "#0"}
			}
		},
		{
			"from": [7.1, 4.25, 6],
			"to": [8.85, 5, 11],
			"rotation": {"angle": 0, "axis": "y", "origin": [0, 0.25, 0]},
			"faces": {
				"north": {"uv": [0.75, 7.25, 1.25, 7.5], "texture": "#0"},
				"east": {"uv": [5.5, 5, 6.75, 5.25], "texture": "#0"},
				"south": {"uv": [7.25, 0.75, 7.75, 1], "texture": "#0"},
				"west": {"uv": [5.5, 5.25, 6.75, 5.5], "texture": "#0"},
				"up": {"uv": [2.25, 4.75, 1.75, 3.5], "texture": "#0"},
				"down": {"uv": [2.75, 3.5, 2.25, 4.75], "texture": "#0"}
			}
		},
		{
			"from": [7.06802, 3.25, 5.93934],
			"to": [8.56802, 4.25, 7.93934],
			"rotation": {"angle": 45, "axis": "y", "origin": [7.06802, 3.25, 4.93934]},
			"faces": {
				"north": {"uv": [7.25, 1, 7.75, 1.25], "texture": "#0"},
				"east": {"uv": [1.25, 7.25, 1.75, 7.5], "texture": "#0"},
				"south": {"uv": [7.25, 1.5, 7.75, 1.75], "texture": "#0"},
				"west": {"uv": [1.75, 7.25, 2.25, 7.5], "texture": "#0"},
				"up": {"uv": [6.5, 3.75, 6, 3.25], "texture": "#0"},
				"down": {"uv": [4, 6, 3.5, 6.5], "texture": "#0"}
			}
		},
		{
			"from": [9.15171, 3.26955, 6],
			"to": [10.65171, 4.26955, 9],
			"rotation": {"angle": -22.5, "axis": "z", "origin": [10.40171, 5.26955, 7]},
			"faces": {
				"north": {"uv": [7.25, 1.75, 7.75, 2], "texture": "#0"},
				"east": {"uv": [7, 0, 7.75, 0.25], "texture": "#0"},
				"south": {"uv": [7.25, 2, 7.75, 2.25], "texture": "#0"},
				"west": {"uv": [0.25, 7, 1, 7.25], "texture": "#0"},
				"up": {"uv": [1.75, 3, 1.25, 2.25], "texture": "#0"},
				"down": {"uv": [5.5, 4.25, 5, 5], "texture": "#0"}
			}
		},
		{
			"from": [5.27217, 3.65223, 6],
			"to": [6.77217, 4.65223, 9],
			"rotation": {"angle": 22.5, "axis": "z", "origin": [6.52217, 5.65223, 7]},
			"faces": {
				"north": {"uv": [2.25, 7.25, 2.75, 7.5], "texture": "#0"},
				"east": {"uv": [1, 7, 1.75, 7.25], "texture": "#0"},
				"south": {"uv": [7.25, 2.25, 7.75, 2.5], "texture": "#0"},
				"west": {"uv": [2.75, 7, 3.5, 7.25], "texture": "#0"},
				"up": {"uv": [5.5, 5.75, 5, 5], "texture": "#0"},
				"down": {"uv": [5.75, 0, 5.25, 0.75], "texture": "#0"}
			}
		},
		{
			"from": [7.08045, 3.90171, 9],
			"to": [8.08045, 5.40171, 11],
			"rotation": {"angle": -22.5, "axis": "z", "origin": [6.08045, 5.15171, 7]},
			"faces": {
				"north": {"uv": [3.75, 6.5, 4, 7], "texture": "#0"},
				"east": {"uv": [6, 3.75, 6.5, 4.25], "texture": "#0"},
				"south": {"uv": [7.25, 2.5, 7.5, 3], "texture": "#0"},
				"west": {"uv": [4.75, 6, 5.25, 6.5], "texture": "#0"},
				"up": {"uv": [3, 7.75, 2.75, 7.25], "texture": "#0"},
				"down": {"uv": [3.25, 7.25, 3, 7.75], "texture": "#0"}
			}
		},
		{
			"from": [8.09791, 2.75366, 9],
			"to": [9.09791, 4.25366, 11],
			"rotation": {"angle": 22.5, "axis": "z", "origin": [7.09791, 4.00366, 7]},
			"faces": {
				"north": {"uv": [3.25, 7.25, 3.5, 7.75], "texture": "#0"},
				"east": {"uv": [5.25, 6, 5.75, 6.5], "texture": "#0"},
				"south": {"uv": [3.5, 7.25, 3.75, 7.75], "texture": "#0"},
				"west": {"uv": [6.25, 1, 6.75, 1.5], "texture": "#0"},
				"up": {"uv": [4, 7.75, 3.75, 7.25], "texture": "#0"},
				"down": {"uv": [4.25, 7.25, 4, 7.75], "texture": "#0"}
			}
		},
		{
			"from": [7.75, 3.35, -0.2],
			"to": [8.3, 4.15, 4.1],
			"rotation": {"angle": 0, "axis": "y", "origin": [0, 0.25, 0]},
			"faces": {
				"north": {"uv": [7.75, 3.75, 8, 4], "texture": "#0"},
				"east": {"uv": [5.5, 5.5, 6.75, 5.75], "texture": "#0"},
				"south": {"uv": [4, 7.75, 4.25, 8], "texture": "#0"},
				"west": {"uv": [5.75, 0, 7, 0.25], "texture": "#0"},
				"up": {"uv": [2, 3.5, 1.75, 2.25], "texture": "#0"},
				"down": {"uv": [4.75, 5.25, 4.5, 6.5], "texture": "#0"}
			}
		},
		{
			"from": [7.65, 3.25, -1.2],
			"to": [8.4, 4.25, -0.2],
			"rotation": {"angle": 0, "axis": "y", "origin": [0, 0.25, 0]},
			"faces": {
				"north": {"uv": [7.75, 4, 8, 4.25], "texture": "#0"},
				"east": {"uv": [4.25, 7.75, 4.5, 8], "texture": "#0"},
				"south": {"uv": [7.75, 4.25, 8, 4.5], "texture": "#0"},
				"west": {"uv": [4.5, 7.75, 4.75, 8], "texture": "#0"},
				"up": {"uv": [8, 4.75, 7.75, 4.5], "texture": "#0"},
				"down": {"uv": [5, 7.75, 4.75, 8], "texture": "#0"}
			}
		},
		{
			"from": [6, 2, 3.25],
			"to": [10, 3, 11.75],
			"faces": {
				"north": {"uv": [6.25, 1.5, 7.25, 1.75], "texture": "#0"},
				"east": {"uv": [2.75, 3.5, 5, 3.75], "texture": "#0"},
				"south": {"uv": [6.25, 1.75, 7.25, 2], "texture": "#0"},
				"west": {"uv": [2.75, 3.75, 5, 4], "texture": "#0"},
				"up": {"uv": [1, 2.25, 0, 0], "texture": "#0"},
				"down": {"uv": [2, 0, 1, 2.25], "texture": "#0"}
			}
		},
		{
			"from": [10, 2, 8.2],
			"to": [11.25, 2.75, 12.45],
			"faces": {
				"north": {"uv": [7.75, 4.75, 8, 5], "texture": "#0"},
				"east": {"uv": [6.25, 2, 7.25, 2.25], "texture": "#0"},
				"south": {"uv": [5, 7.75, 5.25, 8], "texture": "#0"},
				"west": {"uv": [6.25, 2.25, 7.25, 2.5], "texture": "#0"},
				"up": {"uv": [1.75, 7, 1.5, 6], "texture": "#0"},
				"down": {"uv": [4.25, 6.25, 4, 7.25], "texture": "#0"}
			}
		},
		{
			"from": [4.75, 2, 8.2],
			"to": [6, 2.75, 12.45],
			"faces": {
				"north": {"uv": [7.75, 5, 8, 5.25], "texture": "#0"},
				"east": {"uv": [6.25, 2.5, 7.25, 2.75], "texture": "#0"},
				"south": {"uv": [5.25, 7.75, 5.5, 8], "texture": "#0"},
				"west": {"uv": [5.75, 6.25, 6.75, 6.5], "texture": "#0"},
				"up": {"uv": [4.5, 7.25, 4.25, 6.25], "texture": "#0"},
				"down": {"uv": [0.25, 6.5, 0, 7.5], "texture": "#0"}
			}
		},
		{
			"from": [10, 2, 2.7],
			"to": [11.25, 2.5, 8.2],
			"faces": {
				"north": {"uv": [7.75, 5.25, 8, 5.5], "texture": "#0"},
				"east": {"uv": [5.25, 0.75, 6.75, 1], "texture": "#0"},
				"south": {"uv": [5.5, 7.75, 5.75, 8], "texture": "#0"},
				"west": {"uv": [3, 5.25, 4.5, 5.5], "texture": "#0"},
				"up": {"uv": [2, 6.75, 1.75, 5.25], "texture": "#0"},
				"down": {"uv": [2.25, 5.25, 2, 6.75], "texture": "#0"}
			}
		},
		{
			"from": [4.75, 2, 2.7],
			"to": [6, 2.5, 8.2],
			"faces": {
				"north": {"uv": [7.75, 5.5, 8, 5.75], "texture": "#0"},
				"east": {"uv": [3, 5.5, 4.5, 5.75], "texture": "#0"},
				"south": {"uv": [5.75, 7.75, 6, 8], "texture": "#0"},
				"west": {"uv": [5.5, 4.25, 7, 4.5], "texture": "#0"},
				"up": {"uv": [2.5, 6.75, 2.25, 5.25], "texture": "#0"},
				"down": {"uv": [2.75, 5.25, 2.5, 6.75], "texture": "#0"}
			}
		},
		{
			"from": [6, 0.5, 4],
			"to": [10, 2, 11],
			"faces": {
				"north": {"uv": [4.25, 0, 5.25, 0.5], "texture": "#0"},
				"east": {"uv": [3, 3, 4.75, 3.5], "texture": "#0"},
				"south": {"uv": [4.25, 0.5, 5.25, 1], "texture": "#0"},
				"west": {"uv": [0, 3.25, 1.75, 3.75], "texture": "#0"},
				"up": {"uv": [3, 1.75, 2, 0], "texture": "#0"},
				"down": {"uv": [3, 1.75, 2, 3.5], "texture": "#0"}
			}
		},
		{
			"from": [6, 1.91655, 3.12149],
			"to": [10, 3.66655, 5.12149],
			"rotation": {"angle": -22.5, "axis": "x", "origin": [7, 3.41655, 7.12149]},
			"faces": {
				"north": {"uv": [3, 4.25, 4, 4.75], "texture": "#0"},
				"east": {"uv": [6.25, 5.75, 6.75, 6.25], "texture": "#0"},
				"south": {"uv": [4, 4.25, 5, 4.75], "texture": "#0"},
				"west": {"uv": [0.25, 6.5, 0.75, 7], "texture": "#0"},
				"up": {"uv": [2.75, 5.25, 1.75, 4.75], "texture": "#0"},
				"down": {"uv": [5.75, 2.75, 4.75, 3.25], "texture": "#0"}
			}
		},
		{
			"from": [6, 2.29924, 9.95463],
			"to": [10, 4.04924, 11.95463],
			"rotation": {"angle": 22.5, "axis": "x", "origin": [7, 3.79924, 6.95463]},
			"faces": {
				"north": {"uv": [3, 4.75, 4, 5.25], "texture": "#0"},
				"east": {"uv": [0.75, 6.5, 1.25, 7], "texture": "#0"},
				"south": {"uv": [4, 4.75, 5, 5.25], "texture": "#0"},
				"west": {"uv": [2.75, 6.5, 3.25, 7], "texture": "#0"},
				"up": {"uv": [6, 3.75, 5, 3.25], "texture": "#0"},
				"down": {"uv": [6, 3.75, 5, 4.25], "texture": "#0"}
			}
		},
		{
			"from": [10, 0, 3],
			"to": [11, 0.25, 12],
			"shade": false,
			"faces": {
				"north": {"uv": [7.75, 5.75, 8, 6], "texture": "#0"},
				"east": {"uv": [4, 1, 6.25, 1.25], "texture": "#0"},
				"south": {"uv": [6, 7.75, 6.25, 8], "texture": "#0"},
				"west": {"uv": [4, 1.25, 6.25, 1.5], "texture": "#0"},
				"up": {"uv": [0.25, 6, 0, 3.75], "texture": "#0"},
				"down": {"uv": [0.5, 3.75, 0.25, 6], "texture": "#0"}
			}
		},
		{
			"from": [10, 1.75, 3],
			"to": [11, 2, 12],
			"shade": false,
			"faces": {
				"north": {"uv": [7.75, 6, 8, 6.25], "texture": "#0"},
				"east": {"uv": [4, 1.5, 6.25, 1.75], "texture": "#0"},
				"south": {"uv": [6.25, 7.75, 6.5, 8], "texture": "#0"},
				"west": {"uv": [4, 1.75, 6.25, 2], "texture": "#0"},
				"up": {"uv": [0.75, 6, 0.5, 3.75], "texture": "#0"},
				"down": {"uv": [1, 3.75, 0.75, 6], "texture": "#0"}
			}
		},
		{
			"from": [10, 0.25, 2.75],
			"to": [11, 1.75, 3],
			"shade": false,
			"faces": {
				"north": {"uv": [4.25, 7.25, 4.5, 7.75], "texture": "#0"},
				"east": {"uv": [4.5, 7.25, 4.75, 7.75], "texture": "#0"},
				"south": {"uv": [7.25, 4.5, 7.5, 5], "texture": "#0"},
				"west": {"uv": [4.75, 7.25, 5, 7.75], "texture": "#0"},
				"up": {"uv": [8, 6.5, 7.75, 6.25], "texture": "#0"},
				"down": {"uv": [6.75, 7.75, 6.5, 8], "texture": "#0"}
			}
		},
		{
			"from": [10, 0.25, 12],
			"to": [11, 1.75, 12.25],
			"shade": false,
			"faces": {
				"north": {"uv": [5, 7.25, 5.25, 7.75], "texture": "#0"},
				"east": {"uv": [7.25, 5, 7.5, 5.5], "texture": "#0"},
				"south": {"uv": [5.25, 7.25, 5.5, 7.75], "texture": "#0"},
				"west": {"uv": [5.5, 7.25, 5.75, 7.75], "texture": "#0"},
				"up": {"uv": [8, 6.75, 7.75, 6.5], "texture": "#0"},
				"down": {"uv": [7, 7.75, 6.75, 8], "texture": "#0"}
			}
		},
		{
			"from": [10, 0.25, 3.5],
			"to": [10.75, 1.75, 5],
			"faces": {
				"north": {"uv": [7.25, 5.5, 7.5, 6], "texture": "#0"},
				"east": {"uv": [3.25, 6.5, 3.75, 7], "texture": "#0"},
				"south": {"uv": [5.75, 7.25, 6, 7.75], "texture": "#0"},
				"west": {"uv": [6.5, 3.25, 7, 3.75], "texture": "#0"},
				"up": {"uv": [6.25, 7.75, 6, 7.25], "texture": "#0"},
				"down": {"uv": [6.5, 7.25, 6.25, 7.75], "texture": "#0"}
			}
		},
		{
			"from": [10, 0.25, 10],
			"to": [10.75, 1.75, 11.5],
			"faces": {
				"north": {"uv": [6.5, 7.25, 6.75, 7.75], "texture": "#0"},
				"east": {"uv": [6.5, 3.75, 7, 4.25], "texture": "#0"},
				"south": {"uv": [6.75, 7.25, 7, 7.75], "texture": "#0"},
				"west": {"uv": [4.5, 6.5, 5, 7], "texture": "#0"},
				"up": {"uv": [7.25, 7.75, 7, 7.25], "texture": "#0"},
				"down": {"uv": [7.5, 7.25, 7.25, 7.75], "texture": "#0"}
			}
		},
		{
			"from": [10, 0.25, 5.5],
			"to": [10.75, 1.75, 7],
			"faces": {
				"north": {"uv": [0, 7.5, 0.25, 8], "texture": "#0"},
				"east": {"uv": [5, 6.5, 5.5, 7], "texture": "#0"},
				"south": {"uv": [0.25, 7.5, 0.5, 8], "texture": "#0"},
				"west": {"uv": [5.5, 6.5, 6, 7], "texture": "#0"},
				"up": {"uv": [0.75, 8, 0.5, 7.5], "texture": "#0"},
				"down": {"uv": [1, 7.5, 0.75, 8], "texture": "#0"}
			}
		},
		{
			"from": [10, 0.25, 8],
			"to": [10.75, 1.75, 9.5],
			"faces": {
				"north": {"uv": [1, 7.5, 1.25, 8], "texture": "#0"},
				"east": {"uv": [6, 6.5, 6.5, 7], "texture": "#0"},
				"south": {"uv": [1.25, 7.5, 1.5, 8], "texture": "#0"},
				"west": {"uv": [6.5, 6.5, 7, 7], "texture": "#0"},
				"up": {"uv": [1.75, 8, 1.5, 7.5], "texture": "#0"},
				"down": {"uv": [2, 7.5, 1.75, 8], "texture": "#0"}
			}
		},
		{
			"from": [5, 0, 3],
			"to": [6, 0.25, 12],
			"shade": false,
			"rotation": {"angle": 0, "axis": "y", "origin": [16, 0, 0]},
			"faces": {
				"north": {"uv": [8, 5.75, 7.75, 6], "texture": "#0"},
				"east": {"uv": [6.25, 1.25, 4, 1.5], "texture": "#0"},
				"south": {"uv": [6.25, 7.75, 6, 8], "texture": "#0"},
				"west": {"uv": [6.25, 1, 4, 1.25], "texture": "#0"},
				"up": {"uv": [0, 6, 0.25, 3.75], "texture": "#0"},
				"down": {"uv": [0.25, 3.75, 0.5, 6], "texture": "#0"}
			}
		},
		{
			"from": [5, 1.75, 3],
			"to": [6, 2, 12],
			"shade": false,
			"rotation": {"angle": 0, "axis": "y", "origin": [16, 0, 0]},
			"faces": {
				"north": {"uv": [8, 6, 7.75, 6.25], "texture": "#0"},
				"east": {"uv": [6.25, 1.75, 4, 2], "texture": "#0"},
				"south": {"uv": [6.5, 7.75, 6.25, 8], "texture": "#0"},
				"west": {"uv": [6.25, 1.5, 4, 1.75], "texture": "#0"},
				"up": {"uv": [0.5, 6, 0.75, 3.75], "texture": "#0"},
				"down": {"uv": [0.75, 3.75, 1, 6], "texture": "#0"}
			}
		},
		{
			"from": [5, 0.25, 2.75],
			"to": [6, 1.75, 3],
			"shade": false,
			"rotation": {"angle": 0, "axis": "y", "origin": [16, 0, 0]},
			"faces": {
				"north": {"uv": [4.5, 7.25, 4.25, 7.75], "texture": "#0"},
				"east": {"uv": [5, 7.25, 4.75, 7.75], "texture": "#0"},
				"south": {"uv": [7.5, 4.5, 7.25, 5], "texture": "#0"},
				"west": {"uv": [4.75, 7.25, 4.5, 7.75], "texture": "#0"},
				"up": {"uv": [7.75, 6.5, 8, 6.25], "texture": "#0"},
				"down": {"uv": [6.5, 7.75, 6.75, 8], "texture": "#0"}
			}
		},
		{
			"from": [5, 0.25, 12],
			"to": [6, 1.75, 12.25],
			"shade": false,
			"rotation": {"angle": 0, "axis": "y", "origin": [16, 0, 0]},
			"faces": {
				"north": {"uv": [5.25, 7.25, 5, 7.75], "texture": "#0"},
				"east": {"uv": [5.75, 7.25, 5.5, 7.75], "texture": "#0"},
				"south": {"uv": [5.5, 7.25, 5.25, 7.75], "texture": "#0"},
				"west": {"uv": [7.5, 5, 7.25, 5.5], "texture": "#0"},
				"up": {"uv": [7.75, 6.75, 8, 6.5], "texture": "#0"},
				"down": {"uv": [6.75, 7.75, 7, 8], "texture": "#0"}
			}
		},
		{
			"from": [5.25, 0.25, 3.5],
			"to": [6, 1.75, 5],
			"rotation": {"angle": 0, "axis": "y", "origin": [16, 0, 0]},
			"faces": {
				"north": {"uv": [7.5, 5.5, 7.25, 6], "texture": "#0"},
				"east": {"uv": [7, 3.25, 6.5, 3.75], "texture": "#0"},
				"south": {"uv": [6, 7.25, 5.75, 7.75], "texture": "#0"},
				"west": {"uv": [3.75, 6.5, 3.25, 7], "texture": "#0"},
				"up": {"uv": [6, 7.75, 6.25, 7.25], "texture": "#0"},
				"down": {"uv": [6.25, 7.25, 6.5, 7.75], "texture": "#0"}
			}
		},
		{
			"from": [5.25, 0.25, 10],
			"to": [6, 1.75, 11.5],
			"rotation": {"angle": 0, "axis": "y", "origin": [16, 0, 0]},
			"faces": {
				"north": {"uv": [6.75, 7.25, 6.5, 7.75], "texture": "#0"},
				"east": {"uv": [5, 6.5, 4.5, 7], "texture": "#0"},
				"south": {"uv": [7, 7.25, 6.75, 7.75], "texture": "#0"},
				"west": {"uv": [7, 3.75, 6.5, 4.25], "texture": "#0"},
				"up": {"uv": [7, 7.75, 7.25, 7.25], "texture": "#0"},
				"down": {"uv": [7.25, 7.25, 7.5, 7.75], "texture": "#0"}
			}
		},
		{
			"from": [5.25, 0.25, 5.5],
			"to": [6, 1.75, 7],
			"rotation": {"angle": 0, "axis": "y", "origin": [16, 0, 0]},
			"faces": {
				"north": {"uv": [0.25, 7.5, 0, 8], "texture": "#0"},
				"east": {"uv": [6, 6.5, 5.5, 7], "texture": "#0"},
				"south": {"uv": [0.5, 7.5, 0.25, 8], "texture": "#0"},
				"west": {"uv": [5.5, 6.5, 5, 7], "texture": "#0"},
				"up": {"uv": [0.5, 8, 0.75, 7.5], "texture": "#0"},
				"down": {"uv": [0.75, 7.5, 1, 8], "texture": "#0"}
			}
		},
		{
			"from": [5.25, 0.25, 8],
			"to": [6, 1.75, 9.5],
			"rotation": {"angle": 0, "axis": "y", "origin": [16, 0, 0]},
			"faces": {
				"north": {"uv": [1.25, 7.5, 1, 8], "texture": "#0"},
				"east": {"uv": [7, 6.5, 6.5, 7], "texture": "#0"},
				"south": {"uv": [1.5, 7.5, 1.25, 8], "texture": "#0"},
				"west": {"uv": [6.5, 6.5, 6, 7], "texture": "#0"},
				"up": {"uv": [1.5, 8, 1.75, 7.5], "texture": "#0"},
				"down": {"uv": [1.75, 7.5, 2, 8], "texture": "#0"}
			}
		}
	],
	"display": {
		"head": {
			"translation": [0, -23, 0.75],
			"scale": [2.5, 2.5, 2.5]
		}
	},
	"groups": [
		{
			"name": "Tank",
			"origin": [8, 8, 8],
			"color": 0,
			"children": [
				0,
				{
					"name": "group",
					"origin": [0, 0, 0],
					"color": 0,
					"children": [1, 2, 3, 4, 5, 6, 7, 8, 9, 10, 11, 12, 13, 14, 15]
				},
				16,
				17,
				18,
				19,
				20,
				21,
				22,
				23,
				{
					"name": "group",
					"origin": [0, 0, 0],
					"color": 0,
					"children": [24, 25, 26, 27, 28, 29, 30, 31]
				},
				{
					"name": "group",
					"origin": [0, 0, 0],
					"color": 0,
					"children": [32, 33, 34, 35, 36, 37, 38, 39]
				}
			]
		}
	]
}