{
	"credit": "Made with Blockbench",
	"texture_size": [64, 64],
	"textures": {
		"0": "nw:stand/base/sabbath",
		"particle": "nw:item/arrow",
		"1_0": "nw:item/arrow"
	},
	"elements": [
		{
			"name": "Head",
			"from": [4, 13, 4],
			"to": [12, 14, 12],
			"rotation": {"angle": 0, "axis": "x", "origin": [8, 13.54545, 8]},
			"faces": {
				"north": {"uv": [2, 3.75, 4, 4], "texture": "#0"},
				"east": {"uv": [0, 3.75, 2, 4], "texture": "#0"},
				"south": {"uv": [6, 3.75, 8, 4], "texture": "#0"},
				"west": {"uv": [4, 3.75, 6, 4], "texture": "#0"},
				"up": {"uv": [4, 2, 2, 0], "texture": "#0"},
				"down": {"uv": [6, 0, 4, 2], "texture": "#0"}
			}
		},
		{
			"name": "Head",
			"from": [4, 14, 4],
			"to": [12, 17, 12],
			"rotation": {"angle": 22.5, "axis": "x", "origin": [8, 13.54545, 8]},
			"faces": {
				"north": {"uv": [2, 3, 4, 3.75], "texture": "#0"},
				"east": {"uv": [0, 3, 2, 3.75], "texture": "#0"},
				"south": {"uv": [6, 3, 8, 3.75], "texture": "#0"},
				"west": {"uv": [4, 3, 6, 3.75], "texture": "#0"},
				"up": {"uv": [4, 2, 2, 0], "texture": "#0"},
				"down": {"uv": [4, 0, 2, 2], "texture": "#0"}
			}
		},
		{
			"name": "Head",
			"from": [3, 17, 3],
			"to": [13, 21, 13],
			"rotation": {"angle": 22.5, "axis": "x", "origin": [8, 13.54545, 8]},
			"faces": {
				"north": {"uv": [2, 2, 4, 3], "texture": "#0"},
				"east": {"uv": [0, 2, 2, 3], "texture": "#0"},
				"south": {"uv": [6, 2, 8, 3], "texture": "#0"},
				"west": {"uv": [4, 2, 6, 3], "texture": "#0"},
				"up": {"uv": [4, 2, 2, 0], "texture": "#0"},
				"down": {"uv": [4, 0, 2, 2], "texture": "#0"}
			}
		},
		{
			"name": "Hat Layer",
			"from": [3.5, 12.5, 3.5],
			"to": [12.5, 21.5, 12.5],
			"rotation": {"angle": 22.5, "axis": "x", "origin": [8, 13.54545, 8]},
			"faces": {
				"north": {"uv": [10, 2, 12, 4], "texture": "#0"},
				"east": {"uv": [8, 2, 10, 4], "texture": "#0"},
				"south": {"uv": [14, 2, 16, 4], "texture": "#0"},
				"west": {"uv": [12, 2, 14, 4], "texture": "#0"},
				"up": {"uv": [12, 2, 10, 0], "texture": "#0"},
				"down": {"uv": [14, 0, 12, 2], "texture": "#0"}
			}
		},
		{
			"name": "Hat Layer",
			"from": [2.5, 17.5, 2.5],
			"to": [13.5, 21.5, 13.5],
			"rotation": {"angle": 22.5, "axis": "x", "origin": [8, 13.54545, 8]},
			"faces": {
				"north": {"uv": [10, 2, 12, 3], "texture": "#0"},
				"east": {"uv": [8, 2, 10, 3], "texture": "#0"},
				"south": {"uv": [14, 2, 16, 3], "texture": "#0"},
				"west": {"uv": [12, 2, 14, 3], "texture": "#0"},
				"up": {"uv": [12, 2, 10, 0], "texture": "#0"},
				"down": {"uv": [14, 0, 12, 2], "texture": "#0"}
			}
		},
		{
			"name": "Body",
			"from": [4, 7, 6],
			"to": [12, 13, 10],
			"rotation": {"angle": 22.5, "axis": "y", "origin": [8, 13.54545, 8]},
			"faces": {
				"north": {"uv": [5, 5, 7, 6.5], "texture": "#0"},
				"east": {"uv": [4, 5, 5, 6.5], "texture": "#0"},
				"south": {"uv": [8, 5, 10, 6.5], "texture": "#0"},
				"west": {"uv": [7, 5, 8, 6.5], "texture": "#0"},
				"up": {"uv": [7, 5, 5, 4], "texture": "#0"},
				"down": {"uv": [9, 4, 7, 5], "texture": "#0"}
			}
		},
		{
			"name": "Body Layer",
			"from": [3.75, 6.75, 5.75],
			"to": [12.25, 13.25, 10.25],
			"rotation": {"angle": 22.5, "axis": "y", "origin": [8, 13.54545, 8]},
			"faces": {
				"north": {"uv": [5, 9, 7, 10.5], "texture": "#0"},
				"east": {"uv": [4, 9, 5, 10.5], "texture": "#0"},
				"south": {"uv": [8, 9, 10, 10.5], "texture": "#0"},
				"west": {"uv": [7, 9, 8, 10.5], "texture": "#0"},
				"up": {"uv": [7, 9, 5, 8], "texture": "#0"},
				"down": {"uv": [9, 8, 7, 9], "texture": "#0"}
			}
		},
		{
			"name": "Body",
			"from": [4, 1, 6],
			"to": [12, 7, 10],
			"rotation": {"angle": 22.5, "axis": "y", "origin": [8, 13.54545, 8]},
			"faces": {
				"north": {"uv": [5, 6.5, 7, 8], "texture": "#0"},
				"east": {"uv": [4, 6.5, 5, 8], "texture": "#0"},
				"south": {"uv": [8, 6.5, 10, 8], "texture": "#0"},
				"west": {"uv": [7, 6.5, 8, 8], "texture": "#0"},
				"up": {"uv": [7, 5, 5, 4], "texture": "#0"},
				"down": {"uv": [9, 4, 7, 5], "texture": "#0"}
			}
		},
		{
			"name": "Body Layer",
			"from": [3.75, 0.75, 5.75],
			"to": [12.25, 7.25, 10.25],
			"rotation": {"angle": 22.5, "axis": "y", "origin": [8, 13.54545, 8]},
			"faces": {
				"north": {"uv": [5, 10.5, 7, 12], "texture": "#0"},
				"east": {"uv": [4, 10.5, 5, 12], "texture": "#0"},
				"south": {"uv": [8, 10.5, 10, 12], "texture": "#0"},
				"west": {"uv": [7, 10.5, 8, 12], "texture": "#0"},
				"up": {"uv": [7, 9, 5, 8], "texture": "#0"},
				"down": {"uv": [9, 8, 7, 9], "texture": "#0"}
			}
		},
		{
			"name": "Right Arm",
			"from": [12, 8.54545, 3.45455],
			"to": [15, 12.54545, 9.45455],
			"rotation": {"angle": 0, "axis": "x", "origin": [13.75, 11.54545, 8]},
			"faces": {
				"north": {"uv": [0.75, 0, 0, 1], "rotation": 180, "texture": "#0"},
				"east": {"uv": [10, 5, 11, 6.5], "rotation": 270, "texture": "#0"},
				"south": {"uv": [11.75, 5, 11, 4], "texture": "#0"},
				"west": {"uv": [11.75, 5, 12.75, 6.5], "rotation": 90, "texture": "#0"},
				"up": {"uv": [11, 5, 11.75, 6.5], "rotation": 180, "texture": "#0"},
				"down": {"uv": [12.75, 5, 13.5, 6.5], "texture": "#0"}
			}
		},
		{
			"name": "Right Arm Layer",
			"from": [11.75, 8.29545, 3.20455],
			"to": [15.25, 12.79545, 9.70455],
			"rotation": {"angle": 0, "axis": "x", "origin": [13.75, 11.54545, 8]},
			"faces": {
				"north": {"uv": [0.75, 0, 0, 1], "rotation": 180, "texture": "#0"},
				"east": {"uv": [10, 9, 11, 10.5], "rotation": 270, "texture": "#0"},
				"south": {"uv": [11.75, 9, 11, 8], "texture": "#0"},
				"west": {"uv": [11.75, 9, 12.75, 10.5], "rotation": 90, "texture": "#0"},
				"up": {"uv": [11, 9, 11.75, 10.5], "rotation": 180, "texture": "#0"},
				"down": {"uv": [12.75, 9, 13.5, 10.5], "texture": "#0"}
			}
		},
		{
			"name": "Right Arm",
			"from": [13.58214, 8.65374, -1.8485],
			"to": [16.58214, 12.65374, 4.1515],
			"rotation": {"angle": 22.5, "axis": "y", "origin": [14.95573, 11.65374, 4.77726]},
			"faces": {
				"north": {"uv": [12.5, 4, 11.75, 5], "rotation": 180, "texture": "#0"},
				"east": {"uv": [10, 6.5, 11, 8], "rotation": 270, "texture": "#0"},
				"south": {"uv": [0.75, 1, 0, 0], "texture": "#0"},
				"west": {"uv": [11.75, 6.5, 12.75, 8], "rotation": 90, "texture": "#0"},
				"up": {"uv": [11, 6.5, 11.75, 8], "rotation": 180, "texture": "#0"},
				"down": {"uv": [12.75, 6.5, 13.5, 8], "texture": "#0"}
			}
		},
		{
			"name": "Right Arm Layer",
			"from": [13.33214, 8.40374, -2.0985],
			"to": [16.83214, 12.90374, 4.4015],
			"rotation": {"angle": 22.5, "axis": "y", "origin": [14.95573, 11.65374, 4.77726]},
			"faces": {
				"north": {"uv": [12.5, 8, 11.75, 9], "rotation": 180, "texture": "#0"},
				"east": {"uv": [10, 10.5, 11, 12], "rotation": 270, "texture": "#0"},
				"south": {"uv": [0.75, 1, 0, 0], "texture": "#0"},
				"west": {"uv": [11.75, 10.5, 12.75, 12], "rotation": 90, "texture": "#0"},
				"up": {"uv": [11, 10.5, 11.75, 12], "rotation": 180, "texture": "#0"},
				"down": {"uv": [12.75, 10.5, 13.5, 12], "texture": "#0"}
			}
		},
		{
			"name": "Left Arm",
			"from": [0.25, 9.79545, 3.45455],
			"to": [4.25, 12.79545, 9.45455],
			"rotation": {"angle": 0, "axis": "y", "origin": [2.25, 11.54545, 8]},
			"faces": {
				"north": {"uv": [0.75, 0, 0, 1], "rotation": 90, "texture": "#0"},
				"east": {"uv": [9, 13, 9.75, 14.5], "rotation": 270, "texture": "#0"},
				"south": {"uv": [9.75, 13, 9, 12], "rotation": 90, "texture": "#0"},
				"west": {"uv": [10.75, 13, 11.5, 14.5], "rotation": 90, "texture": "#0"},
				"up": {"uv": [9.75, 13, 10.75, 14.5], "rotation": 180, "texture": "#0"},
				"down": {"uv": [8, 13, 9, 14.5], "texture": "#0"}
			}
		},
		{
			"name": "Left Arm Layer",
			"from": [0, 9.54545, 3.20455],
			"to": [4.5, 13.04545, 9.70455],
			"rotation": {"angle": 0, "axis": "y", "origin": [2.25, 11.54545, 8]},
			"faces": {
				"north": {"uv": [0.75, 0, 0, 1], "rotation": 90, "texture": "#0"},
				"east": {"uv": [13, 13, 13.75, 14.5], "rotation": 270, "texture": "#0"},
				"south": {"uv": [13.75, 13, 13, 12], "rotation": 90, "texture": "#0"},
				"west": {"uv": [14.75, 13, 15.5, 14.5], "rotation": 90, "texture": "#0"},
				"up": {"uv": [13.75, 13, 14.75, 14.5], "rotation": 180, "texture": "#0"},
				"down": {"uv": [12, 13, 13, 14.5], "texture": "#0"}
			}
		},
		{
			"name": "Left Arm",
			"from": [-1.64171, 9.79545, -2.12608],
			"to": [2.35829, 12.79545, 3.87392],
			"rotation": {"angle": -22.5, "axis": "y", "origin": [0.35829, 11.54545, 8.41937]},
			"faces": {
				"north": {"uv": [10.5, 12, 9.75, 13], "rotation": 90, "texture": "#0"},
				"east": {"uv": [9, 14.5, 9.75, 16], "rotation": 270, "texture": "#0"},
				"south": {"uv": [0.75, 1, 0, 0], "rotation": 90, "texture": "#0"},
				"west": {"uv": [10.75, 14.5, 11.5, 16], "rotation": 90, "texture": "#0"},
				"up": {"uv": [9.75, 14.5, 10.75, 16], "rotation": 180, "texture": "#0"},
				"down": {"uv": [8, 14.5, 9, 16], "texture": "#0"}
			}
		},
		{
			"name": "Left Arm Layer",
			"from": [-1.89171, 9.54545, -2.37608],
			"to": [2.60829, 13.04545, 4.12392],
			"rotation": {"angle": -22.5, "axis": "y", "origin": [0.35829, 11.54545, 8.41937]},
			"faces": {
				"north": {"uv": [14.5, 12, 13.75, 13], "rotation": 90, "texture": "#0"},
				"east": {"uv": [13, 14.5, 13.75, 16], "rotation": 270, "texture": "#0"},
				"south": {"uv": [0.75, 1, 0, 0], "rotation": 90, "texture": "#0"},
				"west": {"uv": [14.75, 14.5, 15.5, 16], "rotation": 90, "texture": "#0"},
				"up": {"uv": [13.75, 14.5, 14.75, 16], "rotation": 180, "texture": "#0"},
				"down": {"uv": [12, 14.5, 13, 16], "texture": "#0"}
			}
		},
		{
			"name": "Right Leg",
			"from": [7.9, -5, 5],
			"to": [11.9, 1, 9],
			"rotation": {"angle": 0, "axis": "y", "origin": [8, 0.54545, 8]},
			"faces": {
				"north": {"uv": [1, 5, 2, 6.5], "texture": "#0"},
				"east": {"uv": [0, 5, 1, 6.5], "texture": "#0"},
				"south": {"uv": [3, 5, 4, 6.5], "texture": "#0"},
				"west": {"uv": [2, 5, 3, 6.5], "texture": "#0"},
				"up": {"uv": [2, 5, 1, 4], "texture": "#0"},
				"down": {"uv": [3, 4, 2, 5], "texture": "#0"}
			}
		},
		{
			"name": "Right Leg Layer",
			"from": [7.65, -5.25, 4.75],
			"to": [12.15, 1.25, 9.25],
			"rotation": {"angle": 0, "axis": "y", "origin": [8, 0.54545, 8]},
			"faces": {
				"north": {"uv": [1, 9, 2, 10.5], "texture": "#0"},
				"east": {"uv": [0, 9, 1, 10.5], "texture": "#0"},
				"south": {"uv": [3, 9, 4, 10.5], "texture": "#0"},
				"west": {"uv": [2, 9, 3, 10.5], "texture": "#0"},
				"up": {"uv": [2, 9, 1, 8], "texture": "#0"},
				"down": {"uv": [1, 0, 0, 1], "texture": "#0"}
			}
		},
		{
			"name": "Right Leg",
			"from": [7.9, -11, 5],
			"to": [11.9, -5, 9],
			"rotation": {"angle": 0, "axis": "y", "origin": [8, 0.54545, 8]},
			"faces": {
				"north": {"uv": [1, 6.5, 2, 8], "texture": "#0"},
				"east": {"uv": [0, 6.5, 1, 8], "texture": "#0"},
				"south": {"uv": [3, 6.5, 4, 8], "texture": "#0"},
				"west": {"uv": [2, 6.5, 3, 8], "texture": "#0"},
				"up": {"uv": [1, 1, 0, 0], "texture": "#0"},
				"down": {"uv": [3, 4, 2, 5], "texture": "#0"}
			}
		},
		{
			"name": "Right Leg Layer",
			"from": [7.65, -11.25, 4.75],
			"to": [12.15, -4.75, 9.25],
			"rotation": {"angle": 0, "axis": "y", "origin": [8, 0.54545, 8]},
			"faces": {
				"north": {"uv": [1, 10.5, 2, 12], "texture": "#0"},
				"east": {"uv": [0, 10.5, 1, 12], "texture": "#0"},
				"south": {"uv": [3, 10.5, 4, 12], "texture": "#0"},
				"west": {"uv": [2, 10.5, 3, 12], "texture": "#0"},
				"up": {"uv": [1, 1, 0, 0], "texture": "#0"},
				"down": {"uv": [3, 8, 2, 9], "texture": "#0"}
			}
		},
		{
			"name": "Left Leg",
			"from": [4.1, -5, 6],
			"to": [8.1, 1, 10],
			"rotation": {"angle": 22.5, "axis": "y", "origin": [8, 0.54545, 8]},
			"faces": {
				"north": {"uv": [5, 13, 6, 14.5], "texture": "#0"},
				"east": {"uv": [4, 13, 5, 14.5], "texture": "#0"},
				"south": {"uv": [7, 13, 8, 14.5], "texture": "#0"},
				"west": {"uv": [6, 13, 7, 14.5], "texture": "#0"},
				"up": {"uv": [6, 13, 5, 12], "texture": "#0"},
				"down": {"uv": [7, 12, 6, 13], "texture": "#0"}
			}
		},
		{
			"name": "Left Leg Layer",
			"from": [3.85, -5.25, 5.75],
			"to": [8.35, 1.25, 10.25],
			"rotation": {"angle": 22.5, "axis": "y", "origin": [8, 0.54545, 8]},
			"faces": {
				"north": {"uv": [1, 13, 2, 14.5], "texture": "#0"},
				"east": {"uv": [0, 13, 1, 14.5], "texture": "#0"},
				"south": {"uv": [3, 13, 4, 14.5], "texture": "#0"},
				"west": {"uv": [2, 13, 3, 14.5], "texture": "#0"},
				"up": {"uv": [2, 13, 1, 12], "texture": "#0"},
				"down": {"uv": [1, 0, 0, 1], "texture": "#0"}
			}
		},
		{
			"name": "Left Leg",
			"from": [4.1, -11, 6],
			"to": [8.1, -5, 10],
			"rotation": {"angle": 22.5, "axis": "y", "origin": [8, 0.54545, 8]},
			"faces": {
				"north": {"uv": [5, 14.5, 6, 16], "texture": "#0"},
				"east": {"uv": [4, 14.5, 5, 16], "texture": "#0"},
				"south": {"uv": [7, 14.5, 8, 16], "texture": "#0"},
				"west": {"uv": [6, 14.5, 7, 16], "texture": "#0"},
				"up": {"uv": [1, 1, 0, 0], "texture": "#0"},
				"down": {"uv": [7, 12, 6, 13], "texture": "#0"}
			}
		},
		{
			"name": "Left Leg Layer",
			"from": [3.85, -11.25, 5.75],
			"to": [8.35, -4.75, 10.25],
			"rotation": {"angle": 22.5, "axis": "y", "origin": [8, 0.54545, 8]},
			"faces": {
				"north": {"uv": [1, 14.5, 2, 16], "texture": "#0"},
				"east": {"uv": [0, 14.5, 1, 16], "texture": "#0"},
				"south": {"uv": [3, 14.5, 4, 16], "texture": "#0"},
				"west": {"uv": [2, 14.5, 3, 16], "texture": "#0"},
				"up": {"uv": [1, 1, 0, 0], "texture": "#0"},
				"down": {"uv": [3, 12, 2, 13], "texture": "#0"}
			}
		},
		{
			"from": [-0.75, -5.20455, 3.45455],
			"to": [0.25, 12.79545, 9.45455],
			"rotation": {"angle": 0, "axis": "y", "origin": [-0.25, 5.29545, 3.45455]},
			"faces": {
				"north": {"uv": [10, 5, 10.25, 8], "texture": "#0"},
				"east": {"uv": [10, 5, 11.5, 7.5], "texture": "#0"},
				"south": {"uv": [10, 5, 10.25, 8], "texture": "#0"},
				"west": {"uv": [11.5, 5, 10, 7.5], "texture": "#0"},
				"up": {"uv": [10, 5, 10.25, 6.5], "texture": "#0"},
				"down": {"uv": [10, 5, 10.25, 6.5], "texture": "#0"}
			}
		},
		{
			"from": [-0.78806, -5.20455, -2.35411],
			"to": [0.21194, 12.79545, 3.64589],
			"rotation": {"angle": -22.5, "axis": "y", "origin": [-0.28806, 5.29545, 3.64589]},
			"faces": {
				"north": {"uv": [10, 5, 10.25, 8], "texture": "#0"},
				"east": {"uv": [10, 5, 11.5, 7.5], "texture": "#0"},
				"south": {"uv": [10, 5, 10.25, 8], "texture": "#0"},
				"west": {"uv": [10, 5, 11.5, 7.5], "texture": "#0"},
				"up": {"uv": [10, 5, 10.25, 6.5], "texture": "#0"},
				"down": {"uv": [10, 5, 10.25, 6.5], "texture": "#0"}
			}
		},
		{
			"from": [15.33655, -5.20455, 3.21992],
			"to": [16.33655, 12.79545, 10.21992],
			"rotation": {"angle": 0, "axis": "y", "origin": [14.83655, 5.29545, 4.21992]},
			"faces": {
				"north": {"uv": [10.25, 5, 10, 8], "texture": "#0"},
				"east": {"uv": [10, 5, 11.5, 7.5], "texture": "#0"},
				"south": {"uv": [10.25, 5, 10, 8], "texture": "#0"},
				"west": {"uv": [11.5, 5, 10, 7.5], "texture": "#0"},
				"up": {"uv": [10.25, 5, 10, 6.5], "texture": "#0"},
				"down": {"uv": [10.25, 5, 10, 6.5], "texture": "#0"}
			}
		},
		{
			"from": [15.92295, -5.20455, -0.54299],
			"to": [16.92295, 12.79545, 5.45701],
			"rotation": {"angle": 22.5, "axis": "y", "origin": [14.95573, 11.65374, 4.77726]},
			"faces": {
				"north": {"uv": [10.25, 5, 10, 8], "texture": "#0"},
				"east": {"uv": [11.5, 5, 10, 7.5], "texture": "#0"},
				"south": {"uv": [10.25, 5, 10, 8], "texture": "#0"},
				"west": {"uv": [11.5, 5, 10, 7.5], "texture": "#0"},
				"up": {"uv": [10.25, 5, 10, 6.5], "texture": "#0"},
				"down": {"uv": [10.25, 5, 10, 6.5], "texture": "#0"}
			}
		},
		{
			"from": [11.52582, -5.20455, 11.17139],
			"to": [16.52582, 12.79545, 12.17139],
			"rotation": {"angle": 22.5, "axis": "y", "origin": [11.52582, 5.29545, 11.67139]},
			"faces": {
				"north": {"uv": [11.5, 5, 10, 7.5], "texture": "#0"},
				"east": {"uv": [10.25, 5, 10, 8], "texture": "#0"},
				"south": {"uv": [11.5, 5, 10, 7.5], "texture": "#0"},
				"west": {"uv": [10.25, 5, 10, 8], "texture": "#0"},
				"up": {"uv": [10.25, 5, 10, 6.5], "rotation": 90, "texture": "#0"},
				"down": {"uv": [10.25, 5, 10, 6.5], "rotation": 270, "texture": "#0"}
			}
		},
		{
			"from": [5.71716, -5.20455, 11.13333],
			"to": [11.71716, 12.79545, 12.13333],
			"rotation": {"angle": 0, "axis": "y", "origin": [5.71716, 5.29545, 11.63333]},
			"faces": {
				"north": {"uv": [10, 5, 11.5, 7.5], "texture": "#0"},
				"east": {"uv": [10, 5, 10.25, 8], "texture": "#0"},
				"south": {"uv": [11.5, 5, 10, 7.5], "texture": "#0"},
				"west": {"uv": [10, 5, 10.25, 8], "texture": "#0"},
				"up": {"uv": [10.25, 6.5, 10, 5], "rotation": 90, "texture": "#0"},
				"down": {"uv": [10.25, 6.5, 10, 5], "rotation": 270, "texture": "#0"}
			}
		},
		{
			"from": [-1.0915, -5.20455, 11.17139],
			"to": [5.9085, 12.79545, 12.17139],
			"rotation": {"angle": -22.5, "axis": "y", "origin": [5.9085, 5.29545, 11.67139]},
			"faces": {
				"north": {"uv": [10, 5, 11.5, 7.5], "texture": "#0"},
				"east": {"uv": [10, 5, 10.25, 8], "texture": "#0"},
				"south": {"uv": [10, 5, 11.5, 7.5], "texture": "#0"},
				"west": {"uv": [10, 5, 10.25, 8], "texture": "#0"},
				"up": {"uv": [10.25, 6.5, 10, 5], "rotation": 90, "texture": "#0"},
				"down": {"uv": [10.25, 6.5, 10, 5], "rotation": 270, "texture": "#0"}
			}
		},
		{
			"name": "arrow_0",
			"from": [14.5, 14.5, 4],
			"to": [17, 15, 5],
			"rotation": {"angle": 45, "axis": "y", "origin": [4, 4, 11.5]},
			"faces": {
				"north": {"uv": [15, 1, 10, 2], "texture": "#1_0"},
				"east": {"uv": [14, 1, 15, 3], "rotation": 90, "texture": "#1_0"},
				"south": {"uv": [10, 2, 15, 3], "texture": "#1_0"},
				"west": {"uv": [10, 1, 11, 3], "rotation": 270, "texture": "#1_0"},
				"up": {"uv": [10, 1, 15, 3], "texture": "#1_0"},
				"down": {"uv": [10, 3, 15, 1], "texture": "#1_0"}
			}
		},
		{
			"name": "arrow_1",
			"from": [13.5, 14.5, 4.5],
			"to": [14.5, 15, 6],
			"rotation": {"angle": 45, "axis": "y", "origin": [4, 4, 11.5]},
			"faces": {
				"north": {"uv": [10, 2, 8, 3], "texture": "#1_0"},
				"east": {"uv": [9, 2, 10, 5], "rotation": 90, "texture": "#1_0"},
				"south": {"uv": [8, 4, 10, 5], "texture": "#1_0"},
				"west": {"uv": [8, 2, 9, 5], "rotation": 270, "texture": "#1_0"},
				"up": {"uv": [8, 2, 10, 5], "texture": "#1_0"},
				"down": {"uv": [8, 5, 10, 2], "texture": "#1_0"}
			}
		},
		{
			"name": "arrow_2",
			"from": [13, 14.5, 5],
			"to": [13.5, 15, 6],
			"rotation": {"angle": 45, "axis": "y", "origin": [4, 4, 11.5]},
			"faces": {
				"north": {"uv": [8, 3, 7, 4], "texture": "#1_0"},
				"east": {"uv": [7, 3, 8, 5], "rotation": 90, "texture": "#1_0"},
				"south": {"uv": [7, 4, 8, 5], "texture": "#1_0"},
				"west": {"uv": [7, 3, 8, 5], "rotation": 270, "texture": "#1_0"},
				"up": {"uv": [7, 3, 8, 5], "texture": "#1_0"},
				"down": {"uv": [7, 5, 8, 3], "texture": "#1_0"}
			}
		},
		{
			"name": "arrow_3",
			"from": [14.5, 14.5, 5],
			"to": [15, 15, 7],
			"rotation": {"angle": 45, "axis": "y", "origin": [4, 4, 11.5]},
			"faces": {
				"north": {"uv": [11, 3, 10, 4], "texture": "#1_0"},
				"east": {"uv": [10, 3, 11, 7], "rotation": 90, "texture": "#1_0"},
				"south": {"uv": [10, 6, 11, 7], "texture": "#1_0"},
				"west": {"uv": [10, 3, 11, 7], "rotation": 270, "texture": "#1_0"},
				"up": {"uv": [10, 3, 11, 7], "texture": "#1_0"},
				"down": {"uv": [10, 7, 11, 3], "texture": "#1_0"}
			}
		},
		{
			"name": "arrow_4",
			"from": [16, 14.5, 5],
			"to": [17, 15, 6.5],
			"rotation": {"angle": 45, "axis": "y", "origin": [4, 4, 11.5]},
			"faces": {
				"north": {"uv": [15, 3, 13, 4], "texture": "#1_0"},
				"east": {"uv": [14, 3, 15, 6], "rotation": 90, "texture": "#1_0"},
				"south": {"uv": [13, 5, 15, 6], "texture": "#1_0"},
				"west": {"uv": [13, 3, 14, 6], "rotation": 270, "texture": "#1_0"},
				"up": {"uv": [13, 3, 15, 6], "texture": "#1_0"},
				"down": {"uv": [13, 6, 15, 3], "texture": "#1_0"}
			}
		},
		{
			"name": "arrow_5",
			"from": [12.5, 14.5, 5.5],
			"to": [13, 15, 6],
			"rotation": {"angle": 45, "axis": "y", "origin": [4, 4, 11.5]},
			"faces": {
				"north": {"uv": [7, 4, 6, 5], "texture": "#1_0"},
				"east": {"uv": [6, 4, 7, 5], "rotation": 90, "texture": "#1_0"},
				"south": {"uv": [6, 4, 7, 5], "texture": "#1_0"},
				"west": {"uv": [6, 4, 7, 5], "rotation": 270, "texture": "#1_0"},
				"up": {"uv": [6, 4, 7, 5], "texture": "#1_0"},
				"down": {"uv": [6, 5, 7, 4], "texture": "#1_0"}
			}
		},
		{
			"name": "arrow_6",
			"from": [15, 14.5, 5.5],
			"to": [15.5, 15, 8.5],
			"rotation": {"angle": 45, "axis": "y", "origin": [4, 4, 11.5]},
			"faces": {
				"north": {"uv": [12, 4, 11, 5], "texture": "#1_0"},
				"east": {"uv": [11, 4, 12, 10], "rotation": 90, "texture": "#1_0"},
				"south": {"uv": [11, 9, 12, 10], "texture": "#1_0"},
				"west": {"uv": [11, 4, 12, 10], "rotation": 270, "texture": "#1_0"},
				"up": {"uv": [11, 4, 12, 10], "texture": "#1_0"},
				"down": {"uv": [11, 10, 12, 4], "texture": "#1_0"}
			}
		},
		{
			"name": "arrow_7",
			"from": [14, 14.5, 6],
			"to": [14.5, 15, 7.5],
			"rotation": {"angle": 45, "axis": "y", "origin": [4, 4, 11.5]},
			"faces": {
				"north": {"uv": [10, 5, 9, 6], "texture": "#1_0"},
				"east": {"uv": [9, 5, 10, 8], "rotation": 90, "texture": "#1_0"},
				"south": {"uv": [9, 7, 10, 8], "texture": "#1_0"},
				"west": {"uv": [9, 5, 10, 8], "rotation": 270, "texture": "#1_0"},
				"up": {"uv": [9, 5, 10, 8], "texture": "#1_0"},
				"down": {"uv": [9, 8, 10, 5], "texture": "#1_0"}
			}
		},
		{
			"name": "arrow_8",
			"from": [15.5, 14.5, 6],
			"to": [16, 15, 8],
			"rotation": {"angle": 45, "axis": "y", "origin": [4, 4, 11.5]},
			"faces": {
				"north": {"uv": [13, 5, 12, 6], "texture": "#1_0"},
				"east": {"uv": [12, 5, 13, 9], "rotation": 90, "texture": "#1_0"},
				"south": {"uv": [12, 8, 13, 9], "texture": "#1_0"},
				"west": {"uv": [12, 5, 13, 9], "rotation": 270, "texture": "#1_0"},
				"up": {"uv": [12, 5, 13, 9], "texture": "#1_0"},
				"down": {"uv": [12, 9, 13, 5], "texture": "#1_0"}
			}
		},
		{
			"name": "arrow_9",
			"from": [13.5, 14.5, 6.5],
			"to": [14, 15, 8],
			"rotation": {"angle": 45, "axis": "y", "origin": [4, 4, 11.5]},
			"faces": {
				"north": {"uv": [9, 6, 8, 7], "texture": "#1_0"},
				"east": {"uv": [8, 6, 9, 9], "rotation": 90, "texture": "#1_0"},
				"south": {"uv": [8, 8, 9, 9], "texture": "#1_0"},
				"west": {"uv": [8, 6, 9, 9], "rotation": 270, "texture": "#1_0"},
				"up": {"uv": [8, 6, 9, 9], "texture": "#1_0"},
				"down": {"uv": [8, 9, 9, 6], "texture": "#1_0"}
			}
		},
		{
			"name": "arrow_10",
			"from": [16, 14.5, 6.5],
			"to": [16.5, 15, 7.5],
			"rotation": {"angle": 45, "axis": "y", "origin": [4, 4, 11.5]},
			"faces": {
				"north": {"uv": [14, 6, 13, 7], "texture": "#1_0"},
				"east": {"uv": [13, 6, 14, 8], "rotation": 90, "texture": "#1_0"},
				"south": {"uv": [13, 7, 14, 8], "texture": "#1_0"},
				"west": {"uv": [13, 6, 14, 8], "rotation": 270, "texture": "#1_0"},
				"up": {"uv": [13, 6, 14, 8], "texture": "#1_0"},
				"down": {"uv": [13, 8, 14, 6], "texture": "#1_0"}
			}
		},
		{
			"name": "arrow_11",
			"from": [13, 14.5, 7],
			"to": [13.5, 15, 8.5],
			"rotation": {"angle": 45, "axis": "y", "origin": [4, 4, 11.5]},
			"faces": {
				"north": {"uv": [8, 7, 7, 8], "texture": "#1_0"},
				"east": {"uv": [7, 7, 8, 10], "rotation": 90, "texture": "#1_0"},
				"south": {"uv": [7, 9, 8, 10], "texture": "#1_0"},
				"west": {"uv": [7, 7, 8, 10], "rotation": 270, "texture": "#1_0"},
				"up": {"uv": [7, 7, 8, 10], "texture": "#1_0"},
				"down": {"uv": [7, 10, 8, 7], "texture": "#1_0"}
			}
		},
		{
			"name": "arrow_12",
			"from": [12.5, 14.5, 7.5],
			"to": [13, 15, 9],
			"rotation": {"angle": 45, "axis": "y", "origin": [4, 4, 11.5]},
			"faces": {
				"north": {"uv": [7, 8, 6, 9], "texture": "#1_0"},
				"east": {"uv": [6, 8, 7, 11], "rotation": 90, "texture": "#1_0"},
				"south": {"uv": [6, 10, 7, 11], "texture": "#1_0"},
				"west": {"uv": [6, 8, 7, 11], "rotation": 270, "texture": "#1_0"},
				"up": {"uv": [6, 8, 7, 11], "texture": "#1_0"},
				"down": {"uv": [6, 11, 7, 8], "texture": "#1_0"}
			}
		},
		{
			"name": "arrow_13",
			"from": [12, 14.5, 8],
			"to": [12.5, 15, 9.5],
			"rotation": {"angle": 45, "axis": "y", "origin": [4, 4, 11.5]},
			"faces": {
				"north": {"uv": [6, 9, 5, 10], "texture": "#1_0"},
				"east": {"uv": [5, 9, 6, 12], "rotation": 90, "texture": "#1_0"},
				"south": {"uv": [5, 11, 6, 12], "texture": "#1_0"},
				"west": {"uv": [5, 9, 6, 12], "rotation": 270, "texture": "#1_0"},
				"up": {"uv": [5, 9, 6, 12], "texture": "#1_0"},
				"down": {"uv": [5, 12, 6, 9], "texture": "#1_0"}
			}
		},
		{
			"name": "arrow_14",
			"from": [11.5, 14.5, 8.5],
			"to": [12, 15, 10],
			"rotation": {"angle": 45, "axis": "y", "origin": [4, 4, 11.5]},
			"faces": {
				"north": {"uv": [5, 10, 4, 11], "texture": "#1_0"},
				"east": {"uv": [4, 10, 5, 13], "rotation": 90, "texture": "#1_0"},
				"south": {"uv": [4, 12, 5, 13], "texture": "#1_0"},
				"west": {"uv": [4, 10, 5, 13], "rotation": 270, "texture": "#1_0"},
				"up": {"uv": [4, 10, 5, 13], "texture": "#1_0"},
				"down": {"uv": [4, 13, 5, 10], "texture": "#1_0"}
			}
		},
		{
			"name": "arrow_15",
			"from": [11, 14.5, 9],
			"to": [11.5, 15, 10.5],
			"rotation": {"angle": 45, "axis": "y", "origin": [4, 4, 11.5]},
			"faces": {
				"north": {"uv": [4, 11, 3, 12], "texture": "#1_0"},
				"east": {"uv": [3, 11, 4, 14], "rotation": 90, "texture": "#1_0"},
				"south": {"uv": [3, 13, 4, 14], "texture": "#1_0"},
				"west": {"uv": [3, 11, 4, 14], "rotation": 270, "texture": "#1_0"},
				"up": {"uv": [3, 11, 4, 14], "texture": "#1_0"},
				"down": {"uv": [3, 14, 4, 11], "texture": "#1_0"}
			}
		},
		{
			"name": "arrow_16",
			"from": [10.5, 14.5, 9.5],
			"to": [11, 15, 11],
			"rotation": {"angle": 45, "axis": "y", "origin": [4, 4, 11.5]},
			"faces": {
				"north": {"uv": [3, 12, 2, 13], "texture": "#1_0"},
				"east": {"uv": [2, 12, 3, 15], "rotation": 90, "texture": "#1_0"},
				"south": {"uv": [2, 14, 3, 15], "texture": "#1_0"},
				"west": {"uv": [2, 12, 3, 15], "rotation": 270, "texture": "#1_0"},
				"up": {"uv": [2, 12, 3, 15], "texture": "#1_0"},
				"down": {"uv": [2, 15, 3, 12], "texture": "#1_0"}
			}
		},
		{
			"name": "arrow_17",
			"from": [10, 14.5, 10],
			"to": [10.5, 15, 11],
			"rotation": {"angle": 45, "axis": "y", "origin": [4, 4, 11.5]},
			"faces": {
				"north": {"uv": [2, 13, 1, 14], "texture": "#1_0"},
				"east": {"uv": [1, 13, 2, 15], "rotation": 90, "texture": "#1_0"},
				"south": {"uv": [1, 14, 2, 15], "texture": "#1_0"},
				"west": {"uv": [1, 13, 2, 15], "rotation": 270, "texture": "#1_0"},
				"up": {"uv": [1, 13, 2, 15], "texture": "#1_0"},
				"down": {"uv": [1, 15, 2, 13], "texture": "#1_0"}
			}
		}
	],
	"gui_light": "front",
	"display": {
		"thirdperson_righthand": {
			"rotation": [85.5, 0, 90.5],
			"translation": [-3.25, 1.75, 1],
			"scale": [0.5, 0.5, 0.5]
		},
		"thirdperson_lefthand": {
			"rotation": [85.5, 0, 90.5],
			"translation": [-3.25, 2.25, 1],
			"scale": [0.5, 0.5, 0.5]
		},
		"firstperson_righthand": {
			"rotation": [85.5, 0, 90.5],
			"translation": [-3.25, 5.5, 1],
			"scale": [0.5, 0.5, 0.5]
		},
		"firstperson_lefthand": {
			"rotation": [85.5, 0, 90.5],
			"translation": [-3.25, 5, 1],
			"scale": [0.5, 0.5, 0.5]
		},
		"ground": {
			"translation": [0, 2, 0],
			"scale": [0.5, 0.5, 0.5]
		},
		"gui": {
			"rotation": [90, -45, -1],
			"translation": [2.25, 2.5, 6],
			"scale": [0.8, 0, 0.8]
		},
		"head": {
			"translation": [0, -14.5, 0],
			"scale": [1.6, 1.6, 1.6]
		},
		"fixed": {
			"rotation": [85.5, 0, -1],
			"translation": [0.5, 3.75, 2],
			"scale": [1, 0.43, 1]
		}
	},
	"groups": [
		{
			"name": "Head",
			"origin": [0, 24, 0],
			"color": 0,
			"children": [0, 1, 2, 3, 4]
		},
		{
			"name": "Body",
			"origin": [0, 24, 0],
			"color": 0,
			"children": [
				5,
				6,
				{
					"name": "Body",
					"origin": [0, 24, 0],
					"color": 0,
					"children": [7, 8]
				}
			]
		},
		{
			"name": "RightArm",
			"origin": [5, 21.5, 0],
			"color": 0,
			"children": [9, 10, 11, 12]
		},
		{
			"name": "LeftArm",
			"origin": [-5, 21.5, 0],
			"color": 0,
			"children": [13, 14, 15, 16]
		},
		{
			"name": "RightLeg",
			"origin": [1.9, 12, 0],
			"color": 0,
			"children": [
				17,
				18,
				{
					"name": "RightLeg",
					"origin": [1.9, 12, 0],
					"color": 0,
					"children": [19, 20]
				}
			]
		},
		{
			"name": "LeftLeg",
			"origin": [-1.9, 12, 0],
			"color": 0,
			"children": [
				21,
				22,
				{
					"name": "LeftLeg",
					"origin": [-1.9, 12, 0],
					"color": 0,
					"children": [23, 24]
				}
			]
		},
		25,
		26,
		27,
		28,
		29,
		30,
		31,
		{
			"name": "stand_arrow",
			"origin": [8, 8, 8],
			"color": 0,
			"children": [
				{
					"name": "arrow",
					"origin": [8, 8, 8],
					"color": 0,
					"children": [32, 33, 34, 35, 36, 37, 38, 39, 40, 41, 42, 43, 44, 45, 46, 47, 48, 49]
				}
			]
		}
	]
}