{
	"credit": "Made with Blockbench",
	"texture_size": [64, 64],
	"textures": {
		"0": "nw:stand/base/silver_chariot_armorless",
		"1": "nw:stand/base/silver_chariot",
		"particle": "nw:stand/base/silver_chariot"
	},
	"elements": [
		{
			"name": "Head",
			"from": [4, 12, 8],
			"to": [12, 20, 16],
			"rotation": {"angle": 0, "axis": "y", "origin": [8, 11, 12]},
			"faces": {
				"north": {"uv": [2, 2, 4, 4], "texture": "#0"},
				"east": {"uv": [0, 2, 2, 4], "texture": "#0"},
				"south": {"uv": [6, 2, 8, 4], "texture": "#0"},
				"west": {"uv": [4, 2, 6, 4], "texture": "#0"},
				"up": {"uv": [4, 2, 2, 0], "texture": "#0"},
				"down": {"uv": [6, 0, 4, 2], "texture": "#0"}
			}
		},
		{
			"name": "Hat Layer",
			"from": [3.5, 11.5, 7.5],
			"to": [12.5, 20.5, 16.5],
			"rotation": {"angle": 0, "axis": "y", "origin": [8, 11, 12]},
			"faces": {
				"north": {"uv": [10, 2, 12, 4], "texture": "#0"},
				"east": {"uv": [8, 2, 10, 4], "texture": "#0"},
				"south": {"uv": [14, 2, 16, 4], "texture": "#0"},
				"west": {"uv": [12, 2, 14, 4], "texture": "#0"},
				"up": {"uv": [12, 2, 10, 0], "texture": "#0"},
				"down": {"uv": [14, 0, 12, 2], "texture": "#0"}
			}
		},
		{
			"name": "Body",
			"from": [4, 0, 10],
			"to": [12, 12, 14],
			"rotation": {"angle": 0, "axis": "x", "origin": [8, -1, 12]},
			"faces": {
				"north": {"uv": [5, 5, 7, 8], "texture": "#0"},
				"east": {"uv": [4, 5, 5, 8], "texture": "#0"},
				"south": {"uv": [8, 5, 10, 8], "texture": "#0"},
				"west": {"uv": [7, 5, 8, 8], "texture": "#0"},
				"up": {"uv": [7, 5, 5, 4], "texture": "#0"},
				"down": {"uv": [9, 4, 7, 5], "texture": "#0"}
			}
		},
		{
			"name": "Body Layer",
			"from": [3.75, -0.25, 9.75],
			"to": [12.25, 12.25, 14.25],
			"rotation": {"angle": 0, "axis": "x", "origin": [8, -1, 12]},
			"faces": {
				"north": {"uv": [5, 9, 7, 12], "texture": "#0"},
				"east": {"uv": [4, 9, 5, 12], "texture": "#0"},
				"south": {"uv": [8, 9, 10, 12], "texture": "#0"},
				"west": {"uv": [7, 9, 8, 12], "texture": "#0"},
				"up": {"uv": [7, 9, 5, 8], "texture": "#0"},
				"down": {"uv": [9, 8, 7, 9], "texture": "#0"}
			}
		},
		{
			"name": "Right Arm",
			"from": [12, 9, 0],
			"to": [15, 13, 6],
			"rotation": {"angle": 0, "axis": "x", "origin": [13, 11, 8]},
			"faces": {
				"north": {"uv": [12.5, 4, 11.75, 5], "rotation": 180, "texture": "#0"},
				"east": {"uv": [10, 6.5, 11, 8], "rotation": 270, "texture": "#0"},
				"south": {"uv": [11.75, 5, 11, 4], "texture": "#0"},
				"west": {"uv": [11.75, 6.75, 12.75, 8], "rotation": 90, "texture": "#0"},
				"up": {"uv": [11, 6.75, 11.75, 8], "rotation": 180, "texture": "#0"},
				"down": {"uv": [12.75, 6.75, 13.5, 8], "texture": "#0"}
			}
		},
		{
			"name": "Right Arm Layer",
			"from": [11.75, 8.75, -0.25],
			"to": [15.25, 13.25, 6.25],
			"rotation": {"angle": 0, "axis": "x", "origin": [13, 11, 8]},
			"faces": {
				"north": {"uv": [12.5, 8, 11.75, 9], "rotation": 180, "texture": "#0"},
				"east": {"uv": [10, 10.5, 11, 12], "rotation": 270, "texture": "#0"},
				"south": {"uv": [11.75, 9, 11, 8], "texture": "#0"},
				"west": {"uv": [11.75, 10.5, 12.75, 12], "rotation": 90, "texture": "#0"},
				"up": {"uv": [11, 10.5, 11.75, 12], "rotation": 180, "texture": "#0"},
				"down": {"uv": [12.75, 10.5, 13.5, 12], "texture": "#0"}
			}
		},
		{
			"name": "Right Arm",
			"from": [12, 9, 6],
			"to": [15, 13, 12],
			"rotation": {"angle": 0, "axis": "x", "origin": [13, 11, 8]},
			"faces": {
				"north": {"uv": [12.5, 4, 11.75, 5], "rotation": 180, "texture": "#0"},
				"east": {"uv": [10, 5, 11, 6.5], "rotation": 270, "texture": "#0"},
				"south": {"uv": [11.75, 5, 11, 4], "texture": "#0"},
				"west": {"uv": [11.75, 5, 12.75, 6.5], "rotation": 90, "texture": "#0"},
				"up": {"uv": [11, 5, 11.75, 6.5], "rotation": 180, "texture": "#0"},
				"down": {"uv": [12.75, 5, 13.5, 6.5], "texture": "#0"}
			}
		},
		{
			"name": "Right Arm Layer",
			"from": [11.75, 8.75, 5.75],
			"to": [15.25, 13.25, 12.25],
			"rotation": {"angle": 0, "axis": "x", "origin": [13, 11, 8]},
			"faces": {
				"north": {"uv": [12.5, 8, 11.75, 9], "rotation": 180, "texture": "#0"},
				"east": {"uv": [10, 9, 11, 10.5], "rotation": 270, "texture": "#0"},
				"south": {"uv": [11.75, 9, 11, 8], "texture": "#0"},
				"west": {"uv": [11.75, 9, 12.75, 10.5], "rotation": 90, "texture": "#0"},
				"up": {"uv": [11, 9, 11.75, 10.5], "rotation": 180, "texture": "#0"},
				"down": {"uv": [12.75, 9, 13.5, 10.5], "texture": "#0"}
			}
		},
		{
			"name": "Right Leg",
			"from": [7.9, -12, 10],
			"to": [11.9, 0, 14],
			"rotation": {"angle": 0, "axis": "x", "origin": [8, 0, 12]},
			"faces": {
				"north": {"uv": [1, 5, 2, 8], "texture": "#0"},
				"east": {"uv": [0, 5, 1, 8], "texture": "#0"},
				"south": {"uv": [3, 5, 4, 8], "texture": "#0"},
				"west": {"uv": [2, 5, 3, 8], "texture": "#0"},
				"up": {"uv": [2, 5, 1, 4], "texture": "#0"},
				"down": {"uv": [3, 4, 2, 5], "texture": "#0"}
			}
		},
		{
			"name": "Right Leg Layer",
			"from": [7.65, -12.25, 9.75],
			"to": [12.15, 0.25, 14.25],
			"rotation": {"angle": 0, "axis": "x", "origin": [8, 0, 12]},
			"faces": {
				"north": {"uv": [1, 9, 2, 12], "texture": "#0"},
				"east": {"uv": [0, 9, 1, 12], "texture": "#0"},
				"south": {"uv": [3, 9, 4, 12], "texture": "#0"},
				"west": {"uv": [2, 9, 3, 12], "texture": "#0"},
				"up": {"uv": [2, 9, 1, 8], "texture": "#0"},
				"down": {"uv": [3, 8, 2, 9], "texture": "#0"}
			}
		},
		{
			"name": "Left Leg",
			"from": [4.1, -12, 10],
			"to": [8.1, 0, 14],
			"rotation": {"angle": -22.5, "axis": "x", "origin": [8, 0, 12]},
			"faces": {
				"north": {"uv": [5, 13, 6, 16], "texture": "#0"},
				"east": {"uv": [4, 13, 5, 16], "texture": "#0"},
				"south": {"uv": [7, 13, 8, 16], "texture": "#0"},
				"west": {"uv": [6, 13, 7, 16], "texture": "#0"},
				"up": {"uv": [6, 13, 5, 12], "texture": "#0"},
				"down": {"uv": [7, 12, 6, 13], "texture": "#0"}
			}
		},
		{
			"name": "Left Leg Layer",
			"from": [3.85, -12.25, 9.75],
			"to": [8.35, 0.25, 14.25],
			"rotation": {"angle": -22.5, "axis": "x", "origin": [8, 0, 12]},
			"faces": {
				"north": {"uv": [1, 13, 2, 16], "texture": "#0"},
				"east": {"uv": [0, 13, 1, 16], "texture": "#0"},
				"south": {"uv": [3, 13, 4, 16], "texture": "#0"},
				"west": {"uv": [2, 13, 3, 16], "texture": "#0"},
				"up": {"uv": [2, 13, 1, 12], "texture": "#0"},
				"down": {"uv": [3, 12, 2, 13], "texture": "#0"}
			}
		},
		{
			"name": "Right Arm",
			"from": [1, -1, 10],
			"to": [4, 5, 14],
			"rotation": {"angle": -22.5, "axis": "x", "origin": [2, 11, 8]},
			"faces": {
				"north": {"uv": [11.75, 6.75, 11, 8], "texture": "#0"},
				"east": {"uv": [12.75, 6.75, 11.75, 8], "texture": "#0"},
				"south": {"uv": [13.5, 6.75, 12.75, 8], "texture": "#0"},
				"west": {"uv": [11, 6.5, 10, 8], "texture": "#0"},
				"up": {"uv": [11, 5, 11.75, 4], "texture": "#0"},
				"down": {"uv": [11.75, 4, 12.5, 5], "texture": "#0"}
			}
		},
		{
			"name": "Right Arm Layer",
			"from": [0.75, -1.25, 9.75],
			"to": [4.25, 5.25, 14.25],
			"rotation": {"angle": -22.5, "axis": "x", "origin": [3, 11, 8]},
			"faces": {
				"north": {"uv": [11.75, 10.5, 11, 12], "texture": "#0"},
				"east": {"uv": [12.75, 10.5, 11.75, 12], "texture": "#0"},
				"south": {"uv": [13.5, 10.5, 12.75, 12], "texture": "#0"},
				"west": {"uv": [11, 10.5, 10, 12], "texture": "#0"},
				"up": {"uv": [11, 9, 11.75, 8], "texture": "#0"},
				"down": {"uv": [11.75, 8, 12.5, 9], "texture": "#0"}
			}
		},
		{
			"name": "Right Arm",
			"from": [1, 5, 10],
			"to": [4, 11, 14],
			"rotation": {"angle": -22.5, "axis": "x", "origin": [2, 11, 8]},
			"faces": {
				"north": {"uv": [11.75, 5, 11, 6.5], "texture": "#0"},
				"east": {"uv": [12.75, 5, 11.75, 6.5], "texture": "#0"},
				"south": {"uv": [13.5, 5, 12.75, 6.5], "texture": "#0"},
				"west": {"uv": [11, 5, 10, 6.5], "texture": "#0"},
				"up": {"uv": [11, 5, 11.75, 4], "texture": "#0"},
				"down": {"uv": [11.75, 4, 12.5, 5], "texture": "#0"}
			}
		},
		{
			"name": "Right Arm Layer",
			"from": [0.75, 4.75, 9.75],
			"to": [4.25, 11.25, 14.25],
			"rotation": {"angle": -22.5, "axis": "x", "origin": [2, 11, 8]},
			"faces": {
				"north": {"uv": [11.75, 9, 11, 10.5], "texture": "#0"},
				"east": {"uv": [12.75, 9, 11.75, 10.5], "texture": "#0"},
				"south": {"uv": [13.5, 9, 12.75, 10.5], "texture": "#0"},
				"west": {"uv": [11, 9, 10, 10.5], "texture": "#0"},
				"up": {"uv": [11, 9, 11.75, 8], "texture": "#0"},
				"down": {"uv": [11.75, 8, 12.5, 9], "texture": "#0"}
			}
		},
		{
			"from": [11.5, 8.25, -0.5],
			"to": [16.5, 13.25, 0.5],
			"rotation": {"angle": 0, "axis": "y", "origin": [14, 13.25, 1.5]},
			"faces": {
				"north": {"uv": [12, 5.5, 13.25, 6.75], "texture": "#1"},
				"east": {"uv": [12.25, 5.75, 12.5, 7], "texture": "#1"},
				"south": {"uv": [11.75, 5.5, 13, 6.75], "texture": "#1"},
				"west": {"uv": [12, 5.75, 12.25, 7], "texture": "#1"},
				"up": {"uv": [11.75, 5.75, 13, 6], "texture": "#1"},
				"down": {"uv": [11.75, 6, 13, 6.25], "texture": "#1"}
			}
		},
		{
			"from": [13.5, 10.25, -15.5],
			"to": [14.5, 11.25, 1.5],
			"rotation": {"angle": 0, "axis": "y", "origin": [14, 13.25, 1.5]},
			"faces": {
				"north": {"uv": [6, 2.75, 6.25, 3], "texture": "#1"},
				"east": {"uv": [9.5, 13, 9.75, 16], "rotation": 270, "texture": "#1"},
				"south": {"uv": [0, 0, 0.25, 0.25], "texture": "#1"},
				"west": {"uv": [9.5, 13, 9.75, 16], "rotation": 90, "texture": "#1"},
				"up": {"uv": [9.5, 11.75, 9.75, 16], "texture": "#1"},
				"down": {"uv": [9.25, 11.75, 9.5, 16], "texture": "#1"}
			}
		}
	],
	"display": {
		"head": {
			"translation": [0, -12.75, -6.5],
			"scale": [1.6, 1.6, 1.6]
		}
	},
	"groups": [
		{
			"name": "Head",
			"origin": [0, 24, 0],
			"color": 0,
			"children": [0, 1]
		},
		{
			"name": "Body",
			"origin": [0, 24, 0],
			"color": 0,
			"children": [2, 3]
		},
		{
			"name": "RightArm",
			"origin": [5, 22, 0],
			"color": 0,
			"children": [4, 5,
				{
					"name": "RightArm",
					"origin": [5, 22, 0],
					"color": 0,
					"children": [6, 7]
				}
			]
		},
		{
			"name": "RightLeg",
			"origin": [1.9, 12, 0],
			"color": 0,
			"children": [8, 9]
		},
		{
			"name": "LeftLeg",
			"origin": [-1.9, 12, 0],
			"color": 0,
			"children": [10, 11]
		},
		{
			"name": "LeftArm",
			"origin": [5, 22, 0],
			"color": 0,
			"children": [12, 13,
				{
					"name": "LeftArmo",
					"origin": [5, 22, 0],
					"color": 0,
					"children": [14, 15]
				}
			]
		}, 16, 17]
}