{
	"credit": "Made with Blockbench",
	"texture_size": [32, 32],
	"textures": {
		"0": "nw:stand/base/special/cdglass",
		"particle": "nw:stand/base/special/cdglass"
	},
	"elements": [
		{
			"from": [8, 2, 8],
			"to": [11, 5, 9],
			"rotation": {"angle": 45, "axis": "z", "origin": [8, 2, 8.5]},
			"faces": {
				"north": {"uv": [0, 0, 1.5, 1.5], "texture": "#0"},
				"east": {"uv": [2, 4, 2.5, 5.5], "texture": "#0"},
				"south": {"uv": [0, 2, 1.5, 3.5], "texture": "#0"},
				"west": {"uv": [4, 2, 4.5, 3.5], "texture": "#0"},
				"up": {"uv": [4.5, 4.5, 3, 4], "texture": "#0"},
				"down": {"uv": [6.5, 2, 5, 2.5], "texture": "#0"}
			}
		},
		{
			"from": [6.85, 4.8, 8],
			"to": [9.85, 7.3, 9],
			"rotation": {"angle": 22.5, "axis": "z", "origin": [8, 2, 8.5]},
			"faces": {
				"north": {"uv": [2, 0, 3.5, 1.25], "texture": "#0"},
				"east": {"uv": [0, 6, 0.5, 7.25], "texture": "#0"},
				"south": {"uv": [2, 2, 3.5, 3.25], "texture": "#0"},
				"west": {"uv": [6, 0, 6.5, 1.25], "texture": "#0"},
				"up": {"uv": [4.5, 5.5, 3, 5], "texture": "#0"},
				"down": {"uv": [6.5, 3, 5, 3.5], "texture": "#0"}
			}
		},
		{
			"from": [6.15, 4.8, 8],
			"to": [9.15, 7.3, 9],
			"rotation": {"angle": -22.5, "axis": "z", "origin": [8, 2, 8.5]},
			"faces": {
				"north": {"uv": [0, 4, 1.5, 5.25], "texture": "#0"},
				"east": {"uv": [1, 6, 1.5, 7.25], "texture": "#0"},
				"south": {"uv": [4, 0, 5.5, 1.25], "texture": "#0"},
				"west": {"uv": [2, 6, 2.5, 7.25], "texture": "#0"},
				"up": {"uv": [6.5, 4.5, 5, 4], "texture": "#0"},
				"down": {"uv": [6.5, 5, 5, 5.5], "texture": "#0"}
			}
		},
		{
			"from": [8.2, 2.8, 8],
			"to": [8.5, 3.3, 9],
			"rotation": {"angle": -22.5, "axis": "z", "origin": [8, 2, 8.5]},
			"faces": {
				"north": {"uv": [0, 8, 0.25, 8.25], "texture": "#0"},
				"east": {"uv": [7, 4, 7.5, 4.25], "texture": "#0"},
				"south": {"uv": [8, 0, 8.25, 0.25], "texture": "#0"},
				"west": {"uv": [5, 7, 5.5, 7.25], "texture": "#0"},
				"up": {"uv": [7.25, 5.5, 7, 5], "texture": "#0"},
				"down": {"uv": [6.25, 7, 6, 7.5], "texture": "#0"}
			}
		},
		{
			"from": [9.5, 3.56956, 8],
			"to": [9.8, 4.06956, 9],
			"rotation": {"angle": 0, "axis": "y", "origin": [9, 4, 8.5]},
			"faces": {
				"north": {"uv": [9, 3, 9.125, 3.25], "texture": "#0"},
				"east": {"uv": [7, 6, 7.5, 6.25], "texture": "#0"},
				"south": {"uv": [4, 9, 4.125, 9.25], "texture": "#0"},
				"west": {"uv": [7, 7, 7.5, 7.25], "texture": "#0"},
				"up": {"uv": [1.125, 8.5, 1, 8], "texture": "#0"},
				"down": {"uv": [8.125, 1, 8, 1.5], "texture": "#0"}
			}
		},
		{
			"from": [10.5, 5, 8],
			"to": [10.8, 5.7, 9],
			"rotation": {"angle": 0, "axis": "y", "origin": [9, 4, 8.5]},
			"faces": {
				"north": {"uv": [2, 8, 2.125, 8.5], "texture": "#0"},
				"east": {"uv": [3, 6, 3.5, 6.5], "texture": "#0"},
				"south": {"uv": [8, 2, 8.125, 2.5], "texture": "#0"},
				"west": {"uv": [4, 6, 4.5, 6.5], "texture": "#0"},
				"up": {"uv": [3.125, 8.5, 3, 8], "texture": "#0"},
				"down": {"uv": [8.125, 3, 8, 3.5], "texture": "#0"}
			}
		},
		{
			"from": [11.5, 5.3, 8],
			"to": [11.8, 6.1, 9],
			"rotation": {"angle": 45, "axis": "z", "origin": [9, 4, 8.5]},
			"faces": {
				"north": {"uv": [4, 8, 4.125, 8.5], "texture": "#0"},
				"east": {"uv": [5, 6, 5.5, 6.5], "texture": "#0"},
				"south": {"uv": [8, 4, 8.125, 4.5], "texture": "#0"},
				"west": {"uv": [6, 6, 6.5, 6.5], "texture": "#0"},
				"up": {"uv": [5.125, 8.5, 5, 8], "texture": "#0"},
				"down": {"uv": [8.125, 5, 8, 5.5], "texture": "#0"}
			}
		},
		{
			"from": [5.9, 6.9, 8],
			"to": [6.7, 7.2, 9],
			"rotation": {"angle": 0, "axis": "y", "origin": [9, 4, 8.5]},
			"faces": {
				"north": {"uv": [6, 8, 6.5, 8.125], "texture": "#0"},
				"east": {"uv": [8, 6, 8.5, 6.125], "texture": "#0"},
				"south": {"uv": [7, 8, 7.5, 8.125], "texture": "#0"},
				"west": {"uv": [8, 7, 8.5, 7.125], "texture": "#0"},
				"up": {"uv": [7.5, 0.5, 7, 0], "texture": "#0"},
				"down": {"uv": [7.5, 1, 7, 1.5], "texture": "#0"}
			}
		},
		{
			"from": [5.6, 4.3, 8],
			"to": [5.9, 4.8, 9],
			"rotation": {"angle": 0, "axis": "y", "origin": [9, 4, 8.5]},
			"faces": {
				"north": {"uv": [8, 8, 8.125, 8.5], "texture": "#0"},
				"east": {"uv": [7, 2, 7.5, 2.5], "texture": "#0"},
				"south": {"uv": [0, 9, 0.125, 9.5], "texture": "#0"},
				"west": {"uv": [3, 7, 3.5, 7.5], "texture": "#0"},
				"up": {"uv": [9.125, 0.5, 9, 0], "texture": "#0"},
				"down": {"uv": [1.125, 9, 1, 9.5], "texture": "#0"}
			}
		},
		{
			"from": [6.4, 4, 8],
			"to": [6.7, 4.8, 9],
			"rotation": {"angle": 22.5, "axis": "z", "origin": [9, 4, 8.5]},
			"faces": {
				"north": {"uv": [9, 1, 9.125, 1.5], "texture": "#0"},
				"east": {"uv": [7, 3, 7.5, 3.5], "texture": "#0"},
				"south": {"uv": [2, 9, 2.125, 9.5], "texture": "#0"},
				"west": {"uv": [4, 7, 4.5, 7.5], "texture": "#0"},
				"up": {"uv": [9.125, 2.5, 9, 2], "texture": "#0"},
				"down": {"uv": [3.125, 9, 3, 9.5], "texture": "#0"}
			}
		}
	],
	"display": {
		"head": {
			"rotation": [90, 0, 0],
			"translation": [0, -8, 4.25],
			"scale": [1.4, 1.4, 1.4]
		}
	},
	"groups": [
		{
			"name": "Diamond",
			"origin": [8, 8, 8],
			"color": 0,
			"children": [0, 1, 2, 3, 4, 5, 6, 7, 8, 9]
		}
	]
}