{
	"credit": "Made with Blockbench",
	"texture_size": [64, 64],
	"textures": {
		"0": "nw:stand/base/king_crimson"
	},
	"elements": [
		{
			"name": "Right Arm",
			"from": [14, 10.02545, 3.62818],
			"to": [18, 13.02545, 9.62818],
			"rotation": {"angle": -45, "axis": "x", "origin": [8.5, 11.54238, 8.27201]},
			"faces": {
				"north": {"uv": [0.75, 0, 0, 1], "rotation": 90, "texture": "#0"},
				"east": {"uv": [11, 5, 11.75, 6.5], "rotation": 270, "texture": "#0"},
				"south": {"uv": [11.75, 5, 11, 4], "rotation": 90, "texture": "#0"},
				"west": {"uv": [12.75, 5, 13.5, 6.5], "rotation": 90, "texture": "#0"},
				"up": {"uv": [11.75, 5, 12.75, 6.5], "rotation": 180, "texture": "#0"},
				"down": {"uv": [10, 5, 11, 6.5], "texture": "#0"}
			}
		},
		{
			"name": "Right Arm Layer",
			"from": [13.75, 9.77545, 3.37818],
			"to": [18.25, 13.27545, 9.87818],
			"rotation": {"angle": -45, "axis": "x", "origin": [8.5, 11.54238, 8.27201]},
			"faces": {
				"north": {"uv": [0.75, 0, 0, 1], "rotation": 90, "texture": "#0"},
				"east": {"uv": [11, 9, 11.75, 10.5], "rotation": 270, "texture": "#0"},
				"south": {"uv": [11.75, 9, 11, 8], "rotation": 90, "texture": "#0"},
				"west": {"uv": [12.75, 9, 13.5, 10.5], "rotation": 90, "texture": "#0"},
				"up": {"uv": [11.75, 9, 12.75, 10.5], "rotation": 180, "texture": "#0"},
				"down": {"uv": [10, 9, 11, 10.5], "texture": "#0"}
			}
		},
		{
			"name": "Right Arm",
			"from": [14, 8.3638, -1.43783],
			"to": [18, 11.3638, 4.56217],
			"rotation": {"angle": -22.5, "axis": "x", "origin": [8.5, 11.54238, 8.27201]},
			"faces": {
				"north": {"uv": [12.5, 4, 11.75, 5], "rotation": 90, "texture": "#0"},
				"east": {"uv": [11, 6.5, 11.75, 8], "rotation": 270, "texture": "#0"},
				"south": {"uv": [0.75, 1, 0, 0], "rotation": 90, "texture": "#0"},
				"west": {"uv": [12.75, 6.5, 13.5, 8], "rotation": 90, "texture": "#0"},
				"up": {"uv": [11.75, 6.5, 12.75, 8], "rotation": 180, "texture": "#0"},
				"down": {"uv": [10, 6.5, 11, 8], "texture": "#0"}
			}
		},
		{
			"name": "Right Arm Layer",
			"from": [13.75, 8.1138, -1.68783],
			"to": [18.25, 11.6138, 4.81217],
			"rotation": {"angle": -22.5, "axis": "x", "origin": [8.5, 11.54238, 8.27201]},
			"faces": {
				"north": {"uv": [12.5, 8, 11.75, 9], "rotation": 90, "texture": "#0"},
				"east": {"uv": [11, 10.5, 11.75, 12], "rotation": 270, "texture": "#0"},
				"south": {"uv": [0.75, 1, 0, 0], "rotation": 90, "texture": "#0"},
				"west": {"uv": [12.75, 10.5, 13.5, 12], "rotation": 90, "texture": "#0"},
				"up": {"uv": [11.75, 10.5, 12.75, 12], "rotation": 180, "texture": "#0"},
				"down": {"uv": [10, 10.5, 11, 12], "texture": "#0"}
			}
		},
		{
			"name": "Left Arm",
			"from": [-1, 9.02545, 3.62818],
			"to": [3, 12.02545, 9.62818],
			"rotation": {"angle": -45, "axis": "x", "origin": [8.5, 11.54238, 8.27201]},
			"faces": {
				"north": {"uv": [0.75, 0, 0, 1], "rotation": 270, "texture": "#0"},
				"east": {"uv": [10.75, 13, 11.5, 14.5], "rotation": 270, "texture": "#0"},
				"south": {"uv": [9.75, 13, 9, 12], "rotation": 270, "texture": "#0"},
				"west": {"uv": [9, 13, 9.75, 14.5], "rotation": 90, "texture": "#0"},
				"up": {"uv": [8, 13, 9, 14.5], "rotation": 180, "texture": "#0"},
				"down": {"uv": [9.75, 13, 10.75, 14.5], "texture": "#0"}
			}
		},
		{
			"name": "Left Arm Layer",
			"from": [-1.25, 8.77545, 3.37818],
			"to": [3.25, 12.27545, 9.87818],
			"rotation": {"angle": -45, "axis": "x", "origin": [8.5, 11.54238, 8.27201]},
			"faces": {
				"north": {"uv": [0.75, 0, 0, 1], "rotation": 270, "texture": "#0"},
				"east": {"uv": [14.75, 13, 15.5, 14.5], "rotation": 270, "texture": "#0"},
				"south": {"uv": [13.75, 13, 13, 12], "rotation": 270, "texture": "#0"},
				"west": {"uv": [13, 13, 13.75, 14.5], "rotation": 90, "texture": "#0"},
				"up": {"uv": [12, 13, 13, 14.5], "rotation": 180, "texture": "#0"},
				"down": {"uv": [13.75, 13, 14.75, 14.5], "texture": "#0"}
			}
		},
		{
			"name": "Left Arm",
			"from": [-1, 7.43992, -1.05514],
			"to": [3, 10.43992, 4.94486],
			"rotation": {"angle": -22.5, "axis": "x", "origin": [8.5, 11.54238, 8.27201]},
			"faces": {
				"north": {"uv": [10.5, 12, 9.75, 13], "rotation": 270, "texture": "#0"},
				"east": {"uv": [10.75, 14.5, 11.5, 16], "rotation": 270, "texture": "#0"},
				"south": {"uv": [0.75, 1, 0, 0], "rotation": 270, "texture": "#0"},
				"west": {"uv": [9, 14.5, 9.75, 16], "rotation": 90, "texture": "#0"},
				"up": {"uv": [8, 14.5, 9, 16], "rotation": 180, "texture": "#0"},
				"down": {"uv": [9.75, 14.5, 10.75, 16], "texture": "#0"}
			}
		},
		{
			"name": "Left Arm Layer",
			"from": [-1.25, 7.18992, -1.30514],
			"to": [3.25, 10.68992, 5.19486],
			"rotation": {"angle": -22.5, "axis": "x", "origin": [8.5, 11.54238, 8.27201]},
			"faces": {
				"north": {"uv": [14.5, 12, 13.75, 13], "rotation": 270, "texture": "#0"},
				"east": {"uv": [14.75, 14.5, 15.5, 16], "rotation": 270, "texture": "#0"},
				"south": {"uv": [0.75, 1, 0, 0], "rotation": 270, "texture": "#0"},
				"west": {"uv": [13, 14.5, 13.75, 16], "rotation": 90, "texture": "#0"},
				"up": {"uv": [12, 14.5, 13, 16], "rotation": 180, "texture": "#0"},
				"down": {"uv": [13.75, 14.5, 14.75, 16], "texture": "#0"}
			}
		}
	],
	"display": {
		"head": {
			"translation": [0, -38.5, 0],
			"scale": [1.6, 1.6, 1.6]
		}
	},
	"groups": [
		{
			"name": "RightArm",
			"origin": [5, 21.5, 0],
			"color": 0,
			"children": [0, 1, 2, 3]
		},
		{
			"name": "LeftArm",
			"origin": [-5, 21.5, 0],
			"color": 0,
			"children": [4, 5, 6, 7]
		}
	]
}