{
	"credit": "Made with Blockbench",
	"texture_size": [64, 64],
	"textures": {
		"0": "nw:stand/base/enigma"
	},
	"elements": [
		{
			"name": "Head",
			"from": [4, 11, 2],
			"to": [12, 19, 10],
			"rotation": {"angle": -22.5, "axis": "y", "origin": [8, 16, 5]},
			"faces": {
				"north": {"uv": [0, 2, 2, 4], "texture": "#0"},
				"east": {"uv": [6, 2, 8, 4], "texture": "#0"},
				"south": {"uv": [4, 2, 6, 4], "texture": "#0"},
				"west": {"uv": [2, 2, 4, 4], "texture": "#0"},
				"up": {"uv": [4, 2, 2, 0], "rotation": 270, "texture": "#0"},
				"down": {"uv": [6, 0, 4, 2], "rotation": 90, "texture": "#0"}
			}
		},
		{
			"name": "Hat Layer",
			"from": [3.5, 10.5, 1.5],
			"to": [12.5, 19.5, 10.5],
			"rotation": {"angle": -22.5, "axis": "y", "origin": [8, 16, 5]},
			"faces": {
				"north": {"uv": [8, 2, 10, 4], "texture": "#0"},
				"east": {"uv": [14, 2, 16, 4], "texture": "#0"},
				"south": {"uv": [12, 2, 14, 4], "texture": "#0"},
				"west": {"uv": [10, 2, 12, 4], "texture": "#0"},
				"up": {"uv": [12, 2, 10, 0], "rotation": 270, "texture": "#0"},
				"down": {"uv": [14, 0, 12, 2], "rotation": 90, "texture": "#0"}
			}
		},
		{
			"name": "Body",
			"from": [4, 6.26923, 6.32619],
			"to": [12, 12.26923, 10.32619],
			"rotation": {"angle": -22.5, "axis": "x", "origin": [8, 5.81468, 8.32619]},
			"faces": {
				"north": {"uv": [5, 5, 7, 6.5], "texture": "#0"},
				"east": {"uv": [4, 5, 5, 6.5], "texture": "#0"},
				"south": {"uv": [8, 5, 10, 6.5], "texture": "#0"},
				"west": {"uv": [7, 5, 8, 6.5], "texture": "#0"},
				"up": {"uv": [7, 5, 5, 4], "texture": "#0"},
				"down": {"uv": [9, 4, 7, 5], "texture": "#0"}
			}
		},
		{
			"name": "Body Layer",
			"from": [3.75, 6.01923, 6.07619],
			"to": [12.25, 12.51923, 10.57619],
			"rotation": {"angle": -22.5, "axis": "x", "origin": [8, 5.81468, 8.32619]},
			"faces": {
				"north": {"uv": [5, 9, 7, 10.5], "texture": "#0"},
				"east": {"uv": [4, 9, 5, 10.5], "texture": "#0"},
				"south": {"uv": [8, 9, 10, 10.5], "texture": "#0"},
				"west": {"uv": [7, 9, 8, 10.5], "texture": "#0"},
				"up": {"uv": [7, 9, 5, 8], "texture": "#0"},
				"down": {"uv": [9, 8, 7, 9], "texture": "#0"}
			}
		},
		{
			"name": "Body",
			"from": [4, 1, 6],
			"to": [12, 7, 10],
			"rotation": {"angle": 0, "axis": "y", "origin": [8, 13.54545, 8]},
			"faces": {
				"north": {"uv": [5, 6.5, 7, 8], "texture": "#0"},
				"east": {"uv": [4, 6.5, 5, 8], "texture": "#0"},
				"south": {"uv": [8, 6.5, 10, 8], "texture": "#0"},
				"west": {"uv": [7, 6.5, 8, 8], "texture": "#0"},
				"up": {"uv": [7, 5, 5, 4], "texture": "#0"},
				"down": {"uv": [9, 4, 7, 5], "texture": "#0"}
			}
		},
		{
			"name": "Body Layer",
			"from": [3.75, 0.75, 5.75],
			"to": [12.25, 7.25, 10.25],
			"rotation": {"angle": 0, "axis": "y", "origin": [8, 13.54545, 8]},
			"faces": {
				"north": {"uv": [5, 10.5, 7, 12], "texture": "#0"},
				"east": {"uv": [4, 10.5, 5, 12], "texture": "#0"},
				"south": {"uv": [8, 10.5, 10, 12], "texture": "#0"},
				"west": {"uv": [7, 10.5, 8, 12], "texture": "#0"},
				"up": {"uv": [7, 9, 5, 8], "texture": "#0"},
				"down": {"uv": [9, 8, 7, 9], "texture": "#0"}
			}
		},
		{
			"name": "Right Arm",
			"from": [12.54545, 8.54545, 3],
			"to": [18.54545, 11.54545, 7],
			"rotation": {"angle": -22.5, "axis": "z", "origin": [13, 10.54545, 5]},
			"faces": {
				"north": {"uv": [11, 5, 11.75, 6.5], "rotation": 90, "texture": "#0"},
				"east": {"uv": [0.75, 0, 0, 1], "rotation": 270, "texture": "#0"},
				"south": {"uv": [12.75, 5, 13.5, 6.5], "rotation": 270, "texture": "#0"},
				"west": {"uv": [11.75, 5, 11, 4], "rotation": 270, "texture": "#0"},
				"up": {"uv": [10, 5, 11, 6.5], "rotation": 270, "texture": "#0"},
				"down": {"uv": [11.75, 5, 12.75, 6.5], "rotation": 270, "texture": "#0"}
			}
		},
		{
			"name": "Right Arm Layer",
			"from": [12.29545, 8.29545, 2.75],
			"to": [18.79545, 11.79545, 7.25],
			"rotation": {"angle": -22.5, "axis": "z", "origin": [13, 10.54545, 5]},
			"faces": {
				"north": {"uv": [11, 9, 11.75, 10.5], "rotation": 90, "texture": "#0"},
				"east": {"uv": [0.75, 0, 0, 1], "rotation": 270, "texture": "#0"},
				"south": {"uv": [12.75, 9, 13.5, 10.5], "rotation": 270, "texture": "#0"},
				"west": {"uv": [11.75, 9, 11, 8], "rotation": 270, "texture": "#0"},
				"up": {"uv": [10, 9, 11, 10.5], "rotation": 270, "texture": "#0"},
				"down": {"uv": [11.75, 9, 12.75, 10.5], "rotation": 270, "texture": "#0"}
			}
		},
		{
			"name": "Right Arm",
			"from": [17.56797, 6.57554, 7.50701],
			"to": [23.56797, 9.57554, 11.50701],
			"rotation": {"angle": 45, "axis": "y", "origin": [12.02252, 8.57554, 9.50701]},
			"faces": {
				"north": {"uv": [11, 6.5, 11.75, 8], "rotation": 90, "texture": "#0"},
				"east": {"uv": [12.5, 5.5, 11.75, 6.5], "rotation": 270, "texture": "#0"},
				"south": {"uv": [12.75, 6.5, 13.5, 8], "rotation": 270, "texture": "#0"},
				"west": {"uv": [0.75, 1, 0, 0], "rotation": 270, "texture": "#0"},
				"up": {"uv": [10, 6.5, 11, 8], "rotation": 270, "texture": "#0"},
				"down": {"uv": [11.75, 6.5, 12.75, 8], "rotation": 270, "texture": "#0"}
			}
		},
		{
			"name": "Right Arm Layer",
			"from": [17.31797, 6.32554, 7.25701],
			"to": [23.81797, 9.82554, 11.75701],
			"rotation": {"angle": 45, "axis": "y", "origin": [12.02252, 8.57554, 9.50701]},
			"faces": {
				"north": {"uv": [11, 10.5, 11.75, 12], "rotation": 90, "texture": "#0"},
				"east": {"uv": [12.5, 9.5, 11.75, 10.5], "rotation": 270, "texture": "#0"},
				"south": {"uv": [12.75, 10.5, 13.5, 12], "rotation": 270, "texture": "#0"},
				"west": {"uv": [0.75, 1, 0, 0], "rotation": 270, "texture": "#0"},
				"up": {"uv": [10, 10.5, 11, 12], "rotation": 270, "texture": "#0"},
				"down": {"uv": [11.75, 10.5, 12.75, 12], "rotation": 270, "texture": "#0"}
			}
		},
		{
			"name": "Left Arm",
			"from": [-2.54545, 7.54545, 4],
			"to": [3.45455, 10.54545, 8],
			"rotation": {"angle": -22.5, "axis": "y", "origin": [3, 9.54545, 6]},
			"faces": {
				"north": {"uv": [9, 13, 9.75, 14.5], "rotation": 270, "texture": "#0"},
				"east": {"uv": [9.75, 13, 9, 12], "rotation": 90, "texture": "#0"},
				"south": {"uv": [10.75, 13, 11.5, 14.5], "rotation": 90, "texture": "#0"},
				"west": {"uv": [0.75, 0, 0, 1], "rotation": 90, "texture": "#0"},
				"up": {"uv": [9.75, 13, 10.75, 14.5], "rotation": 90, "texture": "#0"},
				"down": {"uv": [8, 13, 9, 14.5], "rotation": 90, "texture": "#0"}
			}
		},
		{
			"name": "Left Arm Layer",
			"from": [-2.79545, 7.29545, 3.75],
			"to": [3.70455, 10.79545, 8.25],
			"rotation": {"angle": -22.5, "axis": "y", "origin": [3, 9.54545, 6]},
			"faces": {
				"north": {"uv": [13, 13, 13.75, 14.5], "rotation": 270, "texture": "#0"},
				"east": {"uv": [13.75, 13, 13, 12], "rotation": 90, "texture": "#0"},
				"south": {"uv": [14.75, 13, 15.5, 14.5], "rotation": 90, "texture": "#0"},
				"west": {"uv": [0.75, 0, 0, 1], "rotation": 90, "texture": "#0"},
				"up": {"uv": [13.75, 13, 14.75, 14.5], "rotation": 90, "texture": "#0"},
				"down": {"uv": [12, 13, 13, 14.5], "rotation": 90, "texture": "#0"}
			}
		},
		{
			"name": "Left Arm",
			"from": [-8.54545, 7.54545, 4],
			"to": [-2.54545, 10.54545, 8],
			"rotation": {"angle": -22.5, "axis": "y", "origin": [3, 9.54545, 6]},
			"faces": {
				"north": {"uv": [9, 14.5, 9.75, 16], "rotation": 270, "texture": "#0"},
				"east": {"uv": [0.75, 1, 0, 0], "rotation": 90, "texture": "#0"},
				"south": {"uv": [10.75, 14.5, 11.5, 16], "rotation": 90, "texture": "#0"},
				"west": {"uv": [10.5, 13.5, 9.75, 14.5], "rotation": 90, "texture": "#0"},
				"up": {"uv": [9.75, 14.5, 10.75, 16], "rotation": 90, "texture": "#0"},
				"down": {"uv": [8, 14.5, 9, 16], "rotation": 90, "texture": "#0"}
			}
		},
		{
			"name": "Left Arm Layer",
			"from": [-8.79545, 7.29545, 3.75],
			"to": [-2.29545, 10.79545, 8.25],
			"rotation": {"angle": -22.5, "axis": "y", "origin": [3, 9.54545, 6]},
			"faces": {
				"north": {"uv": [13, 14.5, 13.75, 16], "rotation": 270, "texture": "#0"},
				"east": {"uv": [0.75, 1, 0, 0], "rotation": 90, "texture": "#0"},
				"south": {"uv": [14.75, 14.5, 15.5, 16], "rotation": 90, "texture": "#0"},
				"west": {"uv": [14.5, 13.5, 13.75, 14.5], "rotation": 90, "texture": "#0"},
				"up": {"uv": [13.75, 14.5, 14.75, 16], "rotation": 90, "texture": "#0"},
				"down": {"uv": [12, 14.5, 13, 16], "rotation": 90, "texture": "#0"}
			}
		},
		{
			"name": "Right Leg",
			"from": [7.9, -1.45455, 2.45455],
			"to": [11.9, 2.54545, 8.45455],
			"rotation": {"angle": -22.5, "axis": "x", "origin": [8, 0.54545, 8]},
			"faces": {
				"north": {"uv": [1, 0, 0, 1], "rotation": 180, "texture": "#0"},
				"east": {"uv": [0, 5, 1, 6.5], "rotation": 270, "texture": "#0"},
				"south": {"uv": [2, 5, 1, 4], "texture": "#0"},
				"west": {"uv": [2, 5, 3, 6.5], "rotation": 90, "texture": "#0"},
				"up": {"uv": [1, 5, 2, 6.5], "rotation": 180, "texture": "#0"},
				"down": {"uv": [3, 5, 4, 6.5], "texture": "#0"}
			}
		},
		{
			"name": "Right Leg Layer",
			"from": [7.65, -1.70455, 2.20455],
			"to": [12.15, 2.79545, 8.70455],
			"rotation": {"angle": -22.5, "axis": "x", "origin": [8, 0.54545, 8]},
			"faces": {
				"north": {"uv": [1, 0, 0, 1], "rotation": 180, "texture": "#0"},
				"east": {"uv": [0, 9, 1, 10.5], "rotation": 270, "texture": "#0"},
				"south": {"uv": [2, 9, 1, 8], "texture": "#0"},
				"west": {"uv": [2, 9, 3, 10.5], "rotation": 90, "texture": "#0"},
				"up": {"uv": [1, 9, 2, 10.5], "rotation": 180, "texture": "#0"},
				"down": {"uv": [3, 9, 4, 10.5], "texture": "#0"}
			}
		},
		{
			"name": "Right Leg",
			"from": [7.9, -5.3857, -1.16309],
			"to": [11.9, 0.6143, 2.83691],
			"rotation": {"angle": -22.5, "axis": "x", "origin": [8, 6.15975, 1.83691]},
			"faces": {
				"north": {"uv": [1, 6.5, 2, 8], "texture": "#0"},
				"east": {"uv": [0, 6.5, 1, 8], "texture": "#0"},
				"south": {"uv": [3, 6.5, 4, 8], "texture": "#0"},
				"west": {"uv": [2, 6.5, 3, 8], "texture": "#0"},
				"up": {"uv": [1, 1, 0, 0], "texture": "#0"},
				"down": {"uv": [3, 5.5, 2, 6.5], "texture": "#0"}
			}
		},
		{
			"name": "Right Leg Layer",
			"from": [7.65, -5.6357, -1.41309],
			"to": [12.15, 0.8643, 3.08691],
			"rotation": {"angle": -22.5, "axis": "x", "origin": [8, 6.15975, 1.83691]},
			"faces": {
				"north": {"uv": [1, 10.5, 2, 12], "texture": "#0"},
				"east": {"uv": [0, 10.5, 1, 12], "texture": "#0"},
				"south": {"uv": [3, 10.5, 4, 12], "texture": "#0"},
				"west": {"uv": [2, 10.5, 3, 12], "texture": "#0"},
				"up": {"uv": [1, 1, 0, 0], "texture": "#0"},
				"down": {"uv": [3, 9.5, 2, 10.5], "texture": "#0"}
			}
		},
		{
			"name": "Left Leg",
			"from": [4.1, -5, 6],
			"to": [8.1, 1, 10],
			"rotation": {"angle": 22.5, "axis": "x", "origin": [8, 0.54545, 8]},
			"faces": {
				"north": {"uv": [5, 13, 6, 14.5], "texture": "#0"},
				"east": {"uv": [4, 13, 5, 14.5], "texture": "#0"},
				"south": {"uv": [7, 13, 8, 14.5], "texture": "#0"},
				"west": {"uv": [6, 13, 7, 14.5], "texture": "#0"},
				"up": {"uv": [6, 13, 5, 12], "texture": "#0"},
				"down": {"uv": [1, 0, 0, 1], "texture": "#0"}
			}
		},
		{
			"name": "Left Leg Layer",
			"from": [3.85, -5.25, 5.75],
			"to": [8.35, 1.25, 10.25],
			"rotation": {"angle": 22.5, "axis": "x", "origin": [8, 0.54545, 8]},
			"faces": {
				"north": {"uv": [1, 13, 2, 14.5], "texture": "#0"},
				"east": {"uv": [0, 13, 1, 14.5], "texture": "#0"},
				"south": {"uv": [3, 13, 4, 14.5], "texture": "#0"},
				"west": {"uv": [2, 13, 3, 14.5], "texture": "#0"},
				"up": {"uv": [2, 13, 1, 12], "texture": "#0"},
				"down": {"uv": [1, 0, 0, 1], "texture": "#0"}
			}
		},
		{
			"name": "Left Leg",
			"from": [4.1, -11, 6],
			"to": [8.1, -5, 10],
			"rotation": {"angle": 22.5, "axis": "x", "origin": [8, 0.54545, 8]},
			"faces": {
				"north": {"uv": [5, 14.5, 6, 16], "texture": "#0"},
				"east": {"uv": [4, 14.5, 5, 16], "texture": "#0"},
				"south": {"uv": [7, 14.5, 8, 16], "texture": "#0"},
				"west": {"uv": [6, 14.5, 7, 16], "texture": "#0"},
				"up": {"uv": [1, 1, 0, 0], "texture": "#0"},
				"down": {"uv": [7, 13.5, 6, 14.5], "texture": "#0"}
			}
		},
		{
			"name": "Left Leg Layer",
			"from": [3.85, -11.25, 5.75],
			"to": [8.35, -4.75, 10.25],
			"rotation": {"angle": 22.5, "axis": "x", "origin": [8, 0.54545, 8]},
			"faces": {
				"north": {"uv": [1, 14.5, 2, 16], "texture": "#0"},
				"east": {"uv": [0, 14.5, 1, 16], "texture": "#0"},
				"south": {"uv": [3, 14.5, 4, 16], "texture": "#0"},
				"west": {"uv": [2, 14.5, 3, 16], "texture": "#0"},
				"up": {"uv": [1, 1, 0, 0], "texture": "#0"},
				"down": {"uv": [3, 13.5, 2, 14.5], "texture": "#0"}
			}
		}
	],
	"display": {
		"head": {
			"rotation": [0, -67.5, 0],
			"translation": [-2.75, -11, 1.75],
			"scale": [1.6, 1.6, 1.6]
		}
	},
	"groups": [
		{
			"name": "Head",
			"origin": [0, 24, 0],
			"color": 0,
			"children": [0, 1]
		},
		{
			"name": "Body",
			"origin": [0, 24, 0],
			"color": 0,
			"children": [
				2,
				3,
				{
					"name": "Body",
					"origin": [0, 24, 0],
					"color": 0,
					"children": [4, 5]
				}
			]
		},
		{
			"name": "RightArm",
			"origin": [5, 21.5, 0],
			"color": 0,
			"children": [6, 7, 8, 9]
		},
		{
			"name": "LeftArm",
			"origin": [-5, 21.5, 0],
			"color": 0,
			"children": [10, 11, 12, 13]
		},
		{
			"name": "RightLeg",
			"origin": [1.9, 12, 0],
			"color": 0,
			"children": [
				14,
				15,
				{
					"name": "RightLeg",
					"origin": [1.9, 12, 0],
					"color": 0,
					"children": [16, 17]
				}
			]
		},
		{
			"name": "LeftLeg",
			"origin": [-1.9, 12, 0],
			"color": 0,
			"children": [
				18,
				19,
				{
					"name": "LeftLeg",
					"origin": [-1.9, 12, 0],
					"color": 0,
					"children": [20, 21]
				}
			]
		}
	]
}