{
	"credit": "Made with Blockbench",
	"textures": {
		"0": "nw:stand/base/special/epitaph",
		"particle": "nw:stand/base/special/epitaph"
	},
	"elements": [
		{
			"from": [6, 0, 7],
			"to": [10, 4, 8],
			"faces": {
				"north": {"uv": [0, 0, 4, 5], "texture": "#0"},
				"east": {"uv": [0, 5, 1, 10], "texture": "#0"},
				"south": {"uv": [4, 0, 8, 5], "texture": "#0"},
				"west": {"uv": [1, 5, 2, 10], "texture": "#0"},
				"up": {"uv": [6, 6, 2, 5], "texture": "#0"},
				"down": {"uv": [6, 6, 2, 7], "texture": "#0"}
			}
		}
	],
	"display": {
		"gui": {
			"rotation": [0, -180, 0],
			"translation": [0.25, 18.25, 0],
			"scale": [3, 3, 3]
		},
		"head": {
			"translation": [0, 10.5, -6.25]
		}
	}
}