{
	"credit": "Made with Blockbench",
	"texture_size": [64, 64],
	"textures": {
		"0": "nw:stand/base/special/face_pc",
		"particle": "nw:stand/base/special/face_pc"
	},
	"elements": [
		{
			"from": [1, 0, -1],
			"to": [15, 3, 9],
			"faces": {
				"north": {"uv": [3.75, 5, 7.25, 5.75], "texture": "#0"},
				"east": {"uv": [3.75, 7, 6.25, 7.75], "texture": "#0"},
				"south": {"uv": [0, 5.5, 3.5, 6.25], "texture": "#0"},
				"west": {"uv": [6.5, 7, 9, 7.75], "texture": "#0"},
				"up": {"uv": [3.5, 2.5, 0, 0], "texture": "#0"},
				"down": {"uv": [3.5, 2.75, 0, 5.25], "texture": "#0"}
			}
		},
		{
			"from": [1, -6, 6.51472],
			"to": [15, -3, 15.51472],
			"rotation": {"angle": -45, "axis": "x", "origin": [0, 0, 0.51472]},
			"faces": {
				"north": {"uv": [3.75, 6, 7.25, 6.75], "texture": "#0"},
				"east": {"uv": [0, 7.5, 2.25, 8.25], "texture": "#0"},
				"south": {"uv": [0, 6.5, 3.5, 7.25], "texture": "#0"},
				"west": {"uv": [7.5, 0, 9.75, 0.75], "texture": "#0"},
				"up": {"uv": [7.25, 2.25, 3.75, 0], "texture": "#0"},
				"down": {"uv": [7.25, 2.5, 3.75, 4.75], "texture": "#0"}
			}
		},
		{
			"from": [0, 1, 0],
			"to": [1, 2, 1],
			"faces": {
				"north": {"uv": [7.5, 5.25, 7.75, 5.5], "texture": "#0"},
				"east": {"uv": [7.5, 5.75, 7.75, 6], "texture": "#0"},
				"south": {"uv": [7.5, 6.25, 7.75, 6.5], "texture": "#0"},
				"west": {"uv": [3.5, 8, 3.75, 8.25], "texture": "#0"},
				"up": {"uv": [4.25, 8.25, 4, 8], "texture": "#0"},
				"down": {"uv": [4.75, 8, 4.5, 8.25], "texture": "#0"}
			}
		},
		{
			"from": [15, 1, 0],
			"to": [16, 2, 1],
			"faces": {
				"north": {"uv": [5, 8, 5.25, 8.25], "texture": "#0"},
				"east": {"uv": [8, 5.25, 8.25, 5.5], "texture": "#0"},
				"south": {"uv": [5.5, 8, 5.75, 8.25], "texture": "#0"},
				"west": {"uv": [8, 5.75, 8.25, 6], "texture": "#0"},
				"up": {"uv": [6.25, 8.25, 6, 8], "texture": "#0"},
				"down": {"uv": [8.25, 6.25, 8, 6.5], "texture": "#0"}
			}
		},
		{
			"from": [0, 1, 7],
			"to": [1, 2, 8],
			"faces": {
				"north": {"uv": [6.5, 8, 6.75, 8.25], "texture": "#0"},
				"east": {"uv": [7, 8, 7.25, 8.25], "texture": "#0"},
				"south": {"uv": [7.5, 8, 7.75, 8.25], "texture": "#0"},
				"west": {"uv": [8, 8, 8.25, 8.25], "texture": "#0"},
				"up": {"uv": [0.25, 8.75, 0, 8.5], "texture": "#0"},
				"down": {"uv": [0.75, 8.5, 0.5, 8.75], "texture": "#0"}
			}
		},
		{
			"from": [15, 1, 7],
			"to": [16, 2, 8],
			"faces": {
				"north": {"uv": [1, 8.5, 1.25, 8.75], "texture": "#0"},
				"east": {"uv": [1.5, 8.5, 1.75, 8.75], "texture": "#0"},
				"south": {"uv": [2, 8.5, 2.25, 8.75], "texture": "#0"},
				"west": {"uv": [8.5, 2, 8.75, 2.25], "texture": "#0"},
				"up": {"uv": [8.75, 2.75, 8.5, 2.5], "texture": "#0"},
				"down": {"uv": [8.75, 3, 8.5, 3.25], "texture": "#0"}
			}
		},
		{
			"from": [-1, 1, 0],
			"to": [0, 2, 8],
			"faces": {
				"north": {"uv": [3.5, 8.5, 3.75, 8.75], "texture": "#0"},
				"east": {"uv": [7.5, 1, 9.5, 1.25], "texture": "#0"},
				"south": {"uv": [8.5, 3.5, 8.75, 3.75], "texture": "#0"},
				"west": {"uv": [7.5, 1.5, 9.5, 1.75], "texture": "#0"},
				"up": {"uv": [7.75, 4, 7.5, 2], "texture": "#0"},
				"down": {"uv": [2.75, 7.5, 2.5, 9.5], "texture": "#0"}
			}
		},
		{
			"from": [16, 1, 0],
			"to": [17, 2, 8],
			"faces": {
				"north": {"uv": [4, 8.5, 4.25, 8.75], "texture": "#0"},
				"east": {"uv": [7.5, 4.25, 9.5, 4.5], "texture": "#0"},
				"south": {"uv": [4.5, 8.5, 4.75, 8.75], "texture": "#0"},
				"west": {"uv": [7.5, 4.75, 9.5, 5], "texture": "#0"},
				"up": {"uv": [3.25, 9.5, 3, 7.5], "texture": "#0"},
				"down": {"uv": [8.25, 2, 8, 4], "texture": "#0"}
			}
		}
	],
	"gui_light": "front",
	"display": {
		"thirdperson_righthand": {
			"rotation": [-110.53, -0.26, 179.94],
			"translation": [-5.75, 4.5, 2.75],
			"scale": [0.6, 0.6, 0.6]
		},
		"thirdperson_lefthand": {
			"rotation": [-110.53, -0.26, 179.94],
			"translation": [-5.75, 4.5, 2.75],
			"scale": [0.6, 0.6, 0.6]
		},
		"firstperson_righthand": {
			"rotation": [0, -180, 0],
			"translation": [-7.75, 4.75, -5.25],
			"scale": [0.7, 0.7, 0.7]
		},
		"firstperson_lefthand": {
			"rotation": [0, -180, 0],
			"translation": [-7.75, 4.75, -5.25],
			"scale": [0.7, 0.7, 0.7]
		},
		"gui": {
			"rotation": [44, -180, 0],
			"translation": [0, 4, 0]
		}
	},
	"groups": [
		{
			"name": "Note",
			"origin": [0, 0, 0],
			"color": 0,
			"children": [0, 1, 2, 3, 4, 5, 6, 7]
		}
	]
}