{
	"credit": "Made with Blockbench",
	"texture_size": [64, 64],
	"textures": {
		"0": "nw:stand/base/magicians_red"
	},
	"elements": [
		{
			"name": "Head",
			"from": [4.25, 22, 16],
			"to": [11.75, 29, 23.5],
			"rotation": {"angle": 0, "axis": "y", "origin": [8, 18, 20]},
			"faces": {
				"north": {"uv": [2, 2, 4, 4], "texture": "#0"},
				"east": {"uv": [6, 2, 8, 4], "texture": "#0"},
				"south": {"uv": [4, 2, 6, 4], "texture": "#0"},
				"west": {"uv": [4, 2, 6, 4], "texture": "#0"},
				"up": {"uv": [4, 2, 2, 0], "rotation": 270, "texture": "#0"},
				"down": {"uv": [6, 0, 4, 2], "rotation": 90, "texture": "#0"}
			}
		},
		{
			"name": "Face_layer",
			"from": [4.125, 21.75, 15.9],
			"to": [11.875, 29.5, 23.9],
			"rotation": {"angle": 0, "axis": "y", "origin": [8, 18, 20]},
			"faces": {
				"north": {"uv": [10, 2, 12, 4], "texture": "#0"},
				"east": {"uv": [8, 2, 10, 4], "texture": "#0"},
				"south": {"uv": [14, 2, 16, 4], "texture": "#0"},
				"west": {"uv": [12, 2, 14, 4], "texture": "#0"},
				"up": {"uv": [12, 2, 10, 0], "texture": "#0"},
				"down": {"uv": [14, 0, 12, 2], "texture": "#0"}
			}
		},
		{
			"name": "Ear?(2)",
			"from": [7.5, 28, 17.78635],
			"to": [8.5, 29, 22.78635],
			"rotation": {"angle": 22.5, "axis": "x", "origin": [8, 18, 20]},
			"faces": {
				"north": {"uv": [11, 1.75, 11.25, 2.25], "rotation": 90, "texture": "#0"},
				"east": {"uv": [11, 0, 10.75, 0.5], "rotation": 270, "texture": "#0"},
				"south": {"uv": [10.75, 0, 11, 0.25], "rotation": 270, "texture": "#0"},
				"west": {"uv": [11, 0.5, 10.75, 0], "rotation": 270, "texture": "#0"},
				"up": {"uv": [10.75, 0, 11, 0.5], "rotation": 180, "texture": "#0"},
				"down": {"uv": [10.75, 0, 11, 0.5], "rotation": 270, "texture": "#0"}
			}
		},
		{
			"name": "Ear?(2)",
			"from": [7.625, 18, 30.25],
			"to": [8.375, 20, 31.25],
			"rotation": {"angle": -45, "axis": "x", "origin": [8, 18, 20]},
			"faces": {
				"north": {"uv": [10.75, 0, 11, 0.5], "rotation": 90, "texture": "#0"},
				"east": {"uv": [11, 0, 10.75, 0.5], "rotation": 180, "texture": "#0"},
				"south": {"uv": [10.75, 0, 11, 0.5], "rotation": 180, "texture": "#0"},
				"west": {"uv": [11, 0.5, 10.75, 0], "texture": "#0"},
				"up": {"uv": [11, 1.75, 11.25, 2.25], "rotation": 270, "texture": "#0"},
				"down": {"uv": [10.75, 0, 11, 0.25], "rotation": 270, "texture": "#0"}
			}
		},
		{
			"name": "Ear?(2)",
			"from": [7.625, 15.15076, 29.15076],
			"to": [8.375, 18.15076, 30.15076],
			"rotation": {"angle": -45, "axis": "x", "origin": [8, 18, 20]},
			"faces": {
				"north": {"uv": [10.75, 0, 11, 0.5], "rotation": 90, "texture": "#0"},
				"east": {"uv": [11, 0, 10.75, 0.5], "rotation": 180, "texture": "#0"},
				"south": {"uv": [10.75, 0, 11, 0.5], "rotation": 180, "texture": "#0"},
				"west": {"uv": [11, 0.5, 10.75, 0], "texture": "#0"},
				"up": {"uv": [11, 1.75, 11.25, 2.25], "rotation": 270, "texture": "#0"},
				"down": {"uv": [10.75, 0, 11, 0.25], "rotation": 270, "texture": "#0"}
			}
		},
		{
			"name": "Ear?(2)",
			"from": [7.5, 26.39853, 18.78635],
			"to": [8.5, 27.39853, 23.78635],
			"rotation": {"angle": 22.5, "axis": "x", "origin": [8, 18, 20]},
			"faces": {
				"north": {"uv": [11, 1.75, 11.25, 2.25], "rotation": 90, "texture": "#0"},
				"east": {"uv": [11, 0, 10.75, 0.5], "rotation": 270, "texture": "#0"},
				"south": {"uv": [10.75, 0, 11, 0.25], "rotation": 270, "texture": "#0"},
				"west": {"uv": [11, 0.5, 10.75, 0], "rotation": 270, "texture": "#0"},
				"up": {"uv": [10.75, 0, 11, 0.5], "rotation": 180, "texture": "#0"},
				"down": {"uv": [10.75, 0, 11, 0.5], "rotation": 270, "texture": "#0"}
			}
		},
		{
			"name": "Body",
			"from": [4, 11, 9],
			"to": [12, 23, 13],
			"rotation": {"angle": 22.5, "axis": "x", "origin": [8, -1, 14]},
			"faces": {
				"north": {"uv": [5, 5, 7, 8], "texture": "#0"},
				"east": {"uv": [4, 5, 5, 8], "texture": "#0"},
				"south": {"uv": [8, 5, 10, 8], "texture": "#0"},
				"west": {"uv": [7, 5, 8, 8], "texture": "#0"},
				"up": {"uv": [7, 5, 5, 4], "texture": "#0"},
				"down": {"uv": [9, 4, 7, 5], "texture": "#0"}
			}
		},
		{
			"name": "Body Layer",
			"from": [3.75, 10.75, 8.75],
			"to": [12.25, 23.25, 13.25],
			"rotation": {"angle": 22.5, "axis": "x", "origin": [8, -1, 14]},
			"faces": {
				"north": {"uv": [5, 9, 7, 12], "texture": "#0"},
				"east": {"uv": [4, 9, 5, 12], "texture": "#0"},
				"south": {"uv": [8, 9, 10, 12], "texture": "#0"},
				"west": {"uv": [7, 9, 8, 12], "texture": "#0"},
				"up": {"uv": [7, 9, 5, 8], "texture": "#0"},
				"down": {"uv": [9, 8, 7, 9], "texture": "#0"}
			}
		},
		{
			"name": "Left Arm",
			"from": [1.40916, 18.75, 12.68838],
			"to": [5.65916, 23, 19.18838],
			"rotation": {"angle": 0, "axis": "x", "origin": [3, 21, 14]},
			"faces": {
				"north": {"uv": [10, 12, 11, 13], "rotation": 180, "texture": "#0"},
				"east": {"uv": [11, 13, 10, 14.5], "rotation": 270, "texture": "#0"},
				"south": {"uv": [9, 13, 10, 12], "texture": "#0"},
				"west": {"uv": [9, 13, 8, 14.5], "rotation": 90, "texture": "#0"},
				"up": {"uv": [10, 13, 9, 14.75], "rotation": 180, "texture": "#0"},
				"down": {"uv": [12, 13, 11, 14.5], "texture": "#0"}
			}
		},
		{
			"name": "Left Arm Layer",
			"from": [1.40916, 18.75, 7.43838],
			"to": [5.90916, 23.25, 13.93838],
			"rotation": {"angle": 0, "axis": "x", "origin": [3, 21, 14]},
			"faces": {
				"north": {"uv": [14, 12, 15, 13], "rotation": 180, "texture": "#0"},
				"east": {"uv": [15, 13, 14, 16], "rotation": 270, "texture": "#0"},
				"south": {"uv": [13, 13, 14, 12], "texture": "#0"},
				"west": {"uv": [13, 13, 12, 16], "rotation": 90, "texture": "#0"},
				"up": {"uv": [14, 13, 13, 16], "rotation": 180, "texture": "#0"},
				"down": {"uv": [16, 13, 15, 16], "texture": "#0"}
			}
		},
		{
			"name": "Left Arm",
			"from": [1.65916, 19, 6.68838],
			"to": [5.65916, 23, 12.68838],
			"rotation": {"angle": 0, "axis": "x", "origin": [3, 21, 14]},
			"faces": {
				"north": {"uv": [10, 12, 11, 13], "texture": "#0"},
				"east": {"uv": [9, 14.25, 8, 16], "rotation": 270, "texture": "#0"},
				"south": {"uv": [9, 13, 10, 12], "rotation": 180, "texture": "#0"},
				"west": {"uv": [11, 14.25, 10, 16], "rotation": 90, "texture": "#0"},
				"up": {"uv": [12, 14.25, 11, 16], "rotation": 180, "texture": "#0"},
				"down": {"uv": [10, 14.25, 9, 16], "texture": "#0"}
			}
		},
		{
			"name": "Right Leg",
			"from": [7.9, 0, 14],
			"to": [11.9, 12, 18],
			"rotation": {"angle": 0, "axis": "x", "origin": [8, 12, 14]},
			"faces": {
				"north": {"uv": [1, 5, 2, 8], "texture": "#0"},
				"east": {"uv": [0, 5, 1, 8], "texture": "#0"},
				"south": {"uv": [3, 5, 4, 8], "texture": "#0"},
				"west": {"uv": [2, 5, 3, 8], "texture": "#0"},
				"up": {"uv": [2, 5, 1, 4], "texture": "#0"},
				"down": {"uv": [3, 4, 2, 5], "texture": "#0"}
			}
		},
		{
			"name": "bracers",
			"from": [7.89, -0.75, 13.9],
			"to": [12.14, 0.5, 18.15],
			"rotation": {"angle": 0, "axis": "x", "origin": [8, 12, 14]},
			"faces": {
				"north": {"uv": [5.75, 15.5, 6.75, 15.75], "texture": "#0"},
				"east": {"uv": [2, 15, 3, 15.25], "texture": "#0"},
				"south": {"uv": [1.5, 15, 2.5, 15.25], "texture": "#0"},
				"west": {"uv": [1, 15, 2, 15.25], "texture": "#0"},
				"up": {"uv": [15.5, 6.75, 14.5, 5.75], "texture": "#0"},
				"down": {"uv": [3, 15, 2, 15.25], "texture": "#0"}
			}
		},
		{
			"name": "bracers",
			"from": [7.75, 1.5, 13.9],
			"to": [12, 4.75, 18.15],
			"rotation": {"angle": 0, "axis": "x", "origin": [8, 12, 14]},
			"faces": {
				"north": {"uv": [2.5, 14.25, 3.25, 15.25], "texture": "#0"},
				"east": {"uv": [2.5, 14.25, 3.25, 15.25], "texture": "#0"},
				"south": {"uv": [2.5, 14.25, 3.25, 15.25], "texture": "#0"},
				"west": {"uv": [2.5, 14.25, 3.25, 15.25], "texture": "#0"},
				"up": {"uv": [15.5, 6.75, 14.5, 5.75], "texture": "#0"},
				"down": {"uv": [3, 15, 2, 15.25], "texture": "#0"}
			}
		},
		{
			"name": "bracers",
			"from": [4, -0.05, 13.9],
			"to": [8.25, 1.2, 18.15],
			"rotation": {"angle": 0, "axis": "y", "origin": [8, -1, 14]},
			"faces": {
				"north": {"uv": [5.75, 15.5, 6.75, 15.75], "texture": "#0"},
				"east": {"uv": [2, 15, 3, 15.25], "texture": "#0"},
				"south": {"uv": [1.5, 15, 2.5, 15.25], "texture": "#0"},
				"west": {"uv": [1, 15, 2, 15.25], "texture": "#0"},
				"up": {"uv": [15.5, 6.75, 14.5, 5.75], "texture": "#0"},
				"down": {"uv": [3, 15, 2, 15.25], "texture": "#0"}
			}
		},
		{
			"name": "bracers",
			"from": [4, 1.95, 13.9],
			"to": [8.25, 5.2, 18.15],
			"rotation": {"angle": 0, "axis": "y", "origin": [8, -1, 14]},
			"faces": {
				"north": {"uv": [2.5, 14.25, 3.25, 15.25], "texture": "#0"},
				"east": {"uv": [2.5, 14.25, 3.25, 15.25], "texture": "#0"},
				"south": {"uv": [2.5, 14.25, 3.25, 15.25], "texture": "#0"},
				"west": {"uv": [2.5, 14.25, 3.25, 15.25], "texture": "#0"},
				"up": {"uv": [15.5, 6.75, 14.5, 5.75], "texture": "#0"},
				"down": {"uv": [3, 15, 2, 15.25], "texture": "#0"}
			}
		},
		{
			"name": "Left Leg",
			"from": [4.1, 0.5, 14],
			"to": [8.1, 12, 18],
			"rotation": {"angle": 0, "axis": "y", "origin": [8, -1, 14]},
			"faces": {
				"north": {"uv": [5, 13, 6, 16], "texture": "#0"},
				"east": {"uv": [4, 13, 5, 16], "texture": "#0"},
				"south": {"uv": [7, 13, 8, 16], "texture": "#0"},
				"west": {"uv": [6, 13, 7, 16], "texture": "#0"},
				"up": {"uv": [6, 13, 5, 12], "texture": "#0"},
				"down": {"uv": [7, 12, 6, 13], "texture": "#0"}
			}
		},
		{
			"name": "Left Arm",
			"from": [10.34084, 18.75, 12.68838],
			"to": [14.59084, 23, 19.18838],
			"rotation": {"angle": 0, "axis": "x", "origin": [13, 21, 14]},
			"faces": {
				"north": {"uv": [11, 12, 10, 13], "rotation": 180, "texture": "#0"},
				"east": {"uv": [8, 13, 9, 14.5], "rotation": 270, "texture": "#0"},
				"south": {"uv": [10, 13, 9, 12], "texture": "#0"},
				"west": {"uv": [10, 13, 11, 14.5], "rotation": 90, "texture": "#0"},
				"up": {"uv": [9, 13, 10, 14.75], "rotation": 180, "texture": "#0"},
				"down": {"uv": [11, 13, 12, 14.5], "texture": "#0"}
			}
		},
		{
			"name": "Left Arm Layer",
			"from": [10.09084, 18.75, 7.43838],
			"to": [14.59084, 23.25, 13.93838],
			"rotation": {"angle": 0, "axis": "x", "origin": [13, 21, 14]},
			"faces": {
				"north": {"uv": [15, 12, 14, 13], "rotation": 180, "texture": "#0"},
				"east": {"uv": [12, 13, 13, 16], "rotation": 270, "texture": "#0"},
				"south": {"uv": [14, 13, 13, 12], "texture": "#0"},
				"west": {"uv": [14, 13, 15, 16], "rotation": 90, "texture": "#0"},
				"up": {"uv": [13, 13, 14, 16], "rotation": 180, "texture": "#0"},
				"down": {"uv": [15, 13, 16, 16], "texture": "#0"}
			}
		},
		{
			"name": "Left Arm",
			"from": [10.34084, 19, 6.68838],
			"to": [14.34084, 23, 12.68838],
			"rotation": {"angle": 0, "axis": "x", "origin": [13, 21, 14]},
			"faces": {
				"north": {"uv": [11, 12, 10, 13], "texture": "#0"},
				"east": {"uv": [10, 14.25, 11, 16], "rotation": 270, "texture": "#0"},
				"south": {"uv": [10, 13, 9, 12], "rotation": 180, "texture": "#0"},
				"west": {"uv": [8, 14.25, 9, 16], "rotation": 90, "texture": "#0"},
				"up": {"uv": [11, 14.25, 12, 16], "rotation": 180, "texture": "#0"},
				"down": {"uv": [9, 14.25, 10, 16], "texture": "#0"}
			}
		},
		{
			"from": [2, 19, -3],
			"to": [3, 20, 7],
			"rotation": {"angle": 0, "axis": "y", "origin": [-2, -1, 5]},
			"faces": {
				"north": {"uv": [0, 0, 0.75, 0.75], "texture": "#0"},
				"east": {"uv": [0, 0, 0.75, 0.75], "texture": "#0"},
				"south": {"uv": [0, 0, 0.75, 0.75], "texture": "#0"},
				"west": {"uv": [0, 0, 0.75, 0.75], "texture": "#0"},
				"up": {"uv": [0, 0, 0.75, 0.75], "texture": "#0"},
				"down": {"uv": [0, 0, 0.75, 0.75], "texture": "#0"}
			}
		},
		{
			"from": [-5, 19, -13],
			"to": [-4, 20, -3],
			"rotation": {"angle": -45, "axis": "y", "origin": [-2, -1, 5]},
			"faces": {
				"north": {"uv": [0, 0, 0.75, 0.75], "texture": "#0"},
				"east": {"uv": [0, 0, 0.75, 0.75], "texture": "#0"},
				"south": {"uv": [0, 0, 0.75, 0.75], "texture": "#0"},
				"west": {"uv": [0, 0, 0.75, 0.75], "texture": "#0"},
				"up": {"uv": [0, 0, 0.75, 0.75], "texture": "#0"},
				"down": {"uv": [0, 0, 0.75, 0.75], "texture": "#0"}
			}
		},
		{
			"from": [11, 19, 5],
			"to": [12, 20, 12],
			"rotation": {"angle": 45, "axis": "y", "origin": [-2, -1, 11]},
			"faces": {
				"north": {"uv": [0, 0, 0.75, 0.75], "texture": "#0"},
				"east": {"uv": [0, 0, 0.75, 0.75], "texture": "#0"},
				"south": {"uv": [0, 0, 0.75, 0.75], "texture": "#0"},
				"west": {"uv": [0, 0, 0.75, 0.75], "texture": "#0"},
				"up": {"uv": [0, 0, 0.75, 0.75], "texture": "#0"},
				"down": {"uv": [0, 0, 0.75, 0.75], "texture": "#0"}
			}
		},
		{
			"from": [20, 19, -13],
			"to": [21, 20, -3],
			"rotation": {"angle": 45, "axis": "y", "origin": [18, -1, 5]},
			"faces": {
				"north": {"uv": [0, 0, 0.75, 0.75], "texture": "#0"},
				"east": {"uv": [0, 0, 0.75, 0.75], "texture": "#0"},
				"south": {"uv": [0, 0, 0.75, 0.75], "texture": "#0"},
				"west": {"uv": [0, 0, 0.75, 0.75], "texture": "#0"},
				"up": {"uv": [0, 0, 0.75, 0.75], "texture": "#0"},
				"down": {"uv": [0, 0, 0.75, 0.75], "texture": "#0"}
			}
		},
		{
			"from": [4, 19, 5],
			"to": [5, 20, 12],
			"rotation": {"angle": -45, "axis": "y", "origin": [18, -1, 11]},
			"faces": {
				"north": {"uv": [0, 0, 0.75, 0.75], "texture": "#0"},
				"east": {"uv": [0, 0, 0.75, 0.75], "texture": "#0"},
				"south": {"uv": [0, 0, 0.75, 0.75], "texture": "#0"},
				"west": {"uv": [0, 0, 0.75, 0.75], "texture": "#0"},
				"up": {"uv": [0, 0, 0.75, 0.75], "texture": "#0"},
				"down": {"uv": [0, 0, 0.75, 0.75], "texture": "#0"}
			}
		},
		{
			"from": [5.45711, 22, 3.94975],
			"to": [6.45711, 23, 12.94975],
			"rotation": {"angle": -45, "axis": "y", "origin": [19.45711, 2, 9.94975]},
			"faces": {
				"north": {"uv": [0, 0, 0.75, 0.75], "texture": "#0"},
				"east": {"uv": [0, 0, 0.75, 0.75], "texture": "#0"},
				"south": {"uv": [0, 0, 0.75, 0.75], "texture": "#0"},
				"west": {"uv": [0, 0, 0.75, 0.75], "texture": "#0"},
				"up": {"uv": [0, 0, 0.75, 0.75], "texture": "#0"},
				"down": {"uv": [0, 0, 0.75, 0.75], "texture": "#0"}
			}
		},
		{
			"from": [20.75, 22, -13],
			"to": [21.75, 23, -4],
			"rotation": {"angle": 45, "axis": "y", "origin": [18.75, 2, 5]},
			"faces": {
				"north": {"uv": [0, 0, 0.75, 0.75], "texture": "#0"},
				"east": {"uv": [0, 0, 0.75, 0.75], "texture": "#0"},
				"south": {"uv": [0, 0, 0.75, 0.75], "texture": "#0"},
				"west": {"uv": [0, 0, 0.75, 0.75], "texture": "#0"},
				"up": {"uv": [0, 0, 0.75, 0.75], "texture": "#0"},
				"down": {"uv": [0, 0, 0.75, 0.75], "texture": "#0"}
			}
		},
		{
			"from": [-5.4632, 22, -13],
			"to": [-4.4632, 23, -4],
			"rotation": {"angle": -45, "axis": "y", "origin": [-2.4632, 2, 5]},
			"faces": {
				"north": {"uv": [0, 0, 0.75, 0.75], "texture": "#0"},
				"east": {"uv": [0, 0, 0.75, 0.75], "texture": "#0"},
				"south": {"uv": [0, 0, 0.75, 0.75], "texture": "#0"},
				"west": {"uv": [0, 0, 0.75, 0.75], "texture": "#0"},
				"up": {"uv": [0, 0, 0.75, 0.75], "texture": "#0"},
				"down": {"uv": [0, 0, 0.75, 0.75], "texture": "#0"}
			}
		},
		{
			"from": [10.5368, 22, 4.65685],
			"to": [11.5368, 23, 11.65685],
			"rotation": {"angle": 45, "axis": "y", "origin": [-2.4632, 2, 10.65685]},
			"faces": {
				"north": {"uv": [0, 0, 0.75, 0.75], "texture": "#0"},
				"east": {"uv": [0, 0, 0.75, 0.75], "texture": "#0"},
				"south": {"uv": [0, 0, 0.75, 0.75], "texture": "#0"},
				"west": {"uv": [0, 0, 0.75, 0.75], "texture": "#0"},
				"up": {"uv": [0, 0, 0.75, 0.75], "texture": "#0"},
				"down": {"uv": [0, 0, 0.75, 0.75], "texture": "#0"}
			}
		},
		{
			"from": [13, 22, -3],
			"to": [14, 23, 7],
			"rotation": {"angle": 0, "axis": "y", "origin": [18, 2, 5]},
			"faces": {
				"north": {"uv": [0, 0, 0.75, 0.75], "texture": "#0"},
				"east": {"uv": [0, 0, 0.75, 0.75], "texture": "#0"},
				"south": {"uv": [0, 0, 0.75, 0.75], "texture": "#0"},
				"west": {"uv": [0, 0, 0.75, 0.75], "texture": "#0"},
				"up": {"uv": [0, 0, 0.75, 0.75], "texture": "#0"},
				"down": {"uv": [0, 0, 0.75, 0.75], "texture": "#0"}
			}
		},
		{
			"name": "Beak",
			"from": [6.25, 23.95076, 19.65076],
			"to": [9.65, 24.45076, 22.65076],
			"rotation": {"angle": -45, "axis": "x", "origin": [8, 17.5, 20]},
			"faces": {
				"north": {"uv": [3.75, 3.75, 2.25, 3.5], "rotation": 180, "texture": "#0"},
				"east": {"uv": [2.5, 3.75, 2.25, 3.5], "rotation": 270, "texture": "#0"},
				"south": {"uv": [12, 2, 10, 0], "texture": "#0"},
				"west": {"uv": [2.25, 3.75, 2.25, 3.5], "rotation": 90, "texture": "#0"},
				"up": {"uv": [2.25, 3.75, 3.75, 3.5], "rotation": 180, "texture": "#0"},
				"down": {"uv": [2.25, 3.75, 3.75, 3.5], "texture": "#0"}
			}
		},
		{
			"name": "Beak",
			"from": [6.25, 24.49853, 16.46365],
			"to": [9.75, 25.74853, 19.46365],
			"rotation": {"angle": -22.5, "axis": "x", "origin": [8, 17.5, 20]},
			"faces": {
				"north": {"uv": [3.75, 3.75, 2.25, 3.5], "rotation": 180, "texture": "#0"},
				"east": {"uv": [2.75, 3.75, 2.25, 3.5], "rotation": 270, "texture": "#0"},
				"south": {"uv": [3.75, 3.75, 2.25, 3.5], "texture": "#0"},
				"west": {"uv": [3.5, 3.75, 3.5, 3.5], "rotation": 90, "texture": "#0"},
				"up": {"uv": [2.25, 3.75, 3.75, 3.5], "rotation": 180, "texture": "#0"},
				"down": {"uv": [2.25, 3.75, 3.75, 3.5], "texture": "#0"}
			}
		},
		{
			"name": "Beak",
			"from": [7, 25.40076, 18.90076],
			"to": [9, 26.40076, 20.15076],
			"rotation": {"angle": -45, "axis": "x", "origin": [8, 17.5, 20]},
			"faces": {
				"north": {"uv": [3.25, 3.75, 2.75, 3.5], "texture": "#0"},
				"east": {"uv": [2.75, 3.75, 2.25, 3.5], "rotation": 270, "texture": "#0"},
				"south": {"uv": [12, 2, 10, 0], "texture": "#0"},
				"west": {"uv": [3.5, 3.75, 3.5, 3.5], "rotation": 90, "texture": "#0"},
				"up": {"uv": [2.5, 3.75, 3.5, 3.5], "rotation": 180, "texture": "#0"},
				"down": {"uv": [2.25, 3.75, 3.75, 3.5], "texture": "#0"}
			}
		}
	],
	"display": {
		"thirdperson_righthand": {
			"rotation": [45.5, 0, 0],
			"translation": [-2, -13.5, 17.75]
		},
		"head": {
			"translation": [-0.25, -34.25, 17.75],
			"scale": [1.6, 1.6, 1.6]
		}
	},
	"groups": [
		{
			"name": "Head",
			"origin": [0, 24, 0],
			"color": 0,
			"children": [0, 1, 2, 3, 4, 5]
		},
		{
			"name": "Body",
			"origin": [0, 24, 0],
			"color": 0,
			"children": [6, 7]
		},
		{
			"name": "LeftArm",
			"origin": [-5, 22, 0],
			"color": 0,
			"children": [8, 9, 10]
		},
		{
			"name": "RightLeg",
			"origin": [1.9, 12, 0],
			"color": 0,
			"children": [11, 12, 13]
		},
		{
			"name": "LeftLeg",
			"origin": [-1.9, 12, 0],
			"color": 0,
			"children": [14, 15, 16]
		},
		{
			"name": "LeftArm",
			"origin": [-5, 22, 0],
			"color": 0,
			"children": [17, 18, 19]
		},
		20,
		21,
		22,
		23,
		24,
		25,
		26,
		27,
		28,
		29,
		30,
		31,
		32
	]
}