{
	"credit": "Made with Blockbench",
	"texture_size": [64, 64],
	"textures": {
		"0": "nw:stand/base/nbig"
	},
	"elements": [
		{
			"name": "Head",
			"from": [4, 13, 4],
			"to": [12, 21, 12],
			"rotation": {"angle": 0, "axis": "y", "origin": [8, 13.54545, 8]},
			"faces": {
				"north": {"uv": [2, 2, 4, 4], "texture": "#0"},
				"east": {"uv": [0, 2, 2, 4], "texture": "#0"},
				"south": {"uv": [6, 2, 8, 4], "texture": "#0"},
				"west": {"uv": [4, 2, 6, 4], "texture": "#0"},
				"up": {"uv": [4, 2, 2, 0], "texture": "#0"},
				"down": {"uv": [6, 0, 4, 2], "texture": "#0"}
			}
		},
		{
			"name": "Head",
			"from": [3.5, 13, 12],
			"to": [12.5, 21.5, 14],
			"rotation": {"angle": 0, "axis": "y", "origin": [8, 13.54545, 8]},
			"faces": {
				"north": {"uv": [0, 2, 2, 3], "texture": "#0"},
				"east": {"uv": [0, 2, 2, 3], "texture": "#0"},
				"south": {"uv": [0, 2, 2, 3], "texture": "#0"},
				"west": {"uv": [0, 2, 2, 3], "texture": "#0"},
				"up": {"uv": [2, 2.75, 0, 2.5], "texture": "#0"},
				"down": {"uv": [2, 2.25, 0, 2.5], "texture": "#0"}
			}
		},
		{
			"name": "Hat Layer",
			"from": [3.5, 12.5, 3.5],
			"to": [12.5, 21.5, 12.5],
			"rotation": {"angle": 0, "axis": "y", "origin": [8, 13.54545, 8]},
			"faces": {
				"north": {"uv": [10, 2, 12, 4], "texture": "#0"},
				"east": {"uv": [8, 2, 10, 4], "texture": "#0"},
				"south": {"uv": [14, 2, 16, 4], "texture": "#0"},
				"west": {"uv": [12, 2, 14, 4], "texture": "#0"},
				"up": {"uv": [12, 2, 10, 0], "texture": "#0"},
				"down": {"uv": [14, 0, 12, 2], "texture": "#0"}
			}
		},
		{
			"name": "Right Arm",
			"from": [12.25, 13.2, 4.8],
			"to": [17.05, 15.6, 8],
			"rotation": {"angle": 0, "axis": "z", "origin": [11.8, 9.9, 6.4]},
			"faces": {
				"north": {"uv": [11, 5, 11.75, 6.5], "rotation": 90, "texture": "#0"},
				"east": {"uv": [0.75, 0, 0, 1], "rotation": 270, "texture": "#0"},
				"south": {"uv": [12.75, 5, 13.5, 6.5], "rotation": 270, "texture": "#0"},
				"west": {"uv": [11.75, 5, 11, 4], "rotation": 270, "texture": "#0"},
				"up": {"uv": [10, 5, 11, 6.5], "rotation": 270, "texture": "#0"},
				"down": {"uv": [11.75, 5, 12.75, 6.5], "rotation": 270, "texture": "#0"}
			}
		},
		{
			"name": "Right Arm Layer",
			"from": [12.05, 13, 4.6],
			"to": [17.25, 15.8, 8.2],
			"rotation": {"angle": 0, "axis": "z", "origin": [11.8, 9.9, 6.4]},
			"faces": {
				"north": {"uv": [11, 9, 11.75, 10.5], "rotation": 90, "texture": "#0"},
				"east": {"uv": [0.75, 0, 0, 1], "rotation": 270, "texture": "#0"},
				"south": {"uv": [12.75, 9, 13.5, 10.5], "rotation": 270, "texture": "#0"},
				"west": {"uv": [11.75, 9, 11, 8], "rotation": 270, "texture": "#0"},
				"up": {"uv": [10, 9, 11, 10.5], "rotation": 270, "texture": "#0"},
				"down": {"uv": [11.75, 9, 12.75, 10.5], "rotation": 270, "texture": "#0"}
			}
		},
		{
			"name": "Right Arm",
			"from": [11.9627, 13.2, 2.18807],
			"to": [15.1627, 15.6, 6.98807],
			"rotation": {"angle": -22.5, "axis": "y", "origin": [13.5627, 9.9, 12.23807]},
			"faces": {
				"north": {"uv": [12.5, 4, 11.75, 5], "rotation": 270, "texture": "#0"},
				"east": {"uv": [12.75, 6.5, 13.5, 8], "rotation": 270, "texture": "#0"},
				"south": {"uv": [0.75, 1, 0, 0], "rotation": 270, "texture": "#0"},
				"west": {"uv": [11, 6.5, 11.75, 8], "rotation": 90, "texture": "#0"},
				"up": {"uv": [10, 6.5, 11, 8], "rotation": 180, "texture": "#0"},
				"down": {"uv": [11.75, 6.5, 12.75, 8], "texture": "#0"}
			}
		},
		{
			"name": "Right Arm Layer",
			"from": [11.7627, 13, 1.98807],
			"to": [15.3627, 15.8, 7.18807],
			"rotation": {"angle": -22.5, "axis": "y", "origin": [13.5627, 9.9, 12.23807]},
			"faces": {
				"north": {"uv": [12.5, 8, 11.75, 9], "rotation": 270, "texture": "#0"},
				"east": {"uv": [12.75, 10.5, 13.5, 12], "rotation": 270, "texture": "#0"},
				"south": {"uv": [0.75, 1, 0, 0], "rotation": 270, "texture": "#0"},
				"west": {"uv": [11, 10.5, 11.75, 12], "rotation": 90, "texture": "#0"},
				"up": {"uv": [10, 10.5, 11, 12], "rotation": 180, "texture": "#0"},
				"down": {"uv": [11.75, 10.5, 12.75, 12], "texture": "#0"}
			}
		},
		{
			"name": "Right Arm",
			"from": [-1.05, 13.2, 4.8],
			"to": [3.75, 15.6, 8],
			"rotation": {"angle": 0, "axis": "z", "origin": [4.2, 9.9, 6.4]},
			"faces": {
				"north": {"uv": [11, 6.5, 11.75, 5], "rotation": 90, "texture": "#0"},
				"east": {"uv": [11.75, 4, 11, 5], "rotation": 270, "texture": "#0"},
				"south": {"uv": [12.75, 6.5, 13.5, 5], "rotation": 270, "texture": "#0"},
				"west": {"uv": [0.75, 1, 0, 0], "rotation": 270, "texture": "#0"},
				"up": {"uv": [10, 6.5, 11, 5], "rotation": 270, "texture": "#0"},
				"down": {"uv": [11.75, 6.5, 12.75, 5], "rotation": 270, "texture": "#0"}
			}
		},
		{
			"name": "Right Arm Layer",
			"from": [-1.25, 13, 4.6],
			"to": [3.95, 15.8, 8.2],
			"rotation": {"angle": 0, "axis": "z", "origin": [4.2, 9.9, 6.4]},
			"faces": {
				"north": {"uv": [11, 10.5, 11.75, 9], "rotation": 90, "texture": "#0"},
				"east": {"uv": [11.75, 8, 11, 9], "rotation": 270, "texture": "#0"},
				"south": {"uv": [12.75, 10.5, 13.5, 9], "rotation": 270, "texture": "#0"},
				"west": {"uv": [0.75, 1, 0, 0], "rotation": 270, "texture": "#0"},
				"up": {"uv": [10, 10.5, 11, 9], "rotation": 270, "texture": "#0"},
				"down": {"uv": [11.75, 10.5, 12.75, 9], "rotation": 270, "texture": "#0"}
			}
		},
		{
			"name": "Right Arm",
			"from": [0.8373, 13.2, 2.18807],
			"to": [4.0373, 15.6, 6.98807],
			"rotation": {"angle": 22.5, "axis": "y", "origin": [2.4373, 9.9, 12.23807]},
			"faces": {
				"north": {"uv": [12.5, 5, 11.75, 4], "rotation": 270, "texture": "#0"},
				"east": {"uv": [11, 8, 11.75, 6.5], "rotation": 90, "texture": "#0"},
				"south": {"uv": [0.75, 0, 0, 1], "rotation": 270, "texture": "#0"},
				"west": {"uv": [12.75, 8, 13.5, 6.5], "rotation": 270, "texture": "#0"},
				"up": {"uv": [11, 6.5, 10, 8], "rotation": 180, "texture": "#0"},
				"down": {"uv": [12.75, 6.5, 11.75, 8], "texture": "#0"}
			}
		},
		{
			"name": "Right Arm",
			"from": [5.8373, 13.2, 9.18807],
			"to": [10.0373, 15.6, 23.98807],
			"rotation": {"angle": 0, "axis": "y", "origin": [11.4373, 9.9, 22.23807]},
			"faces": {
				"north": {"uv": [12.5, 5, 11.75, 4], "rotation": 270, "texture": "#0"},
				"east": {"uv": [11, 8, 11.75, 6.5], "rotation": 90, "texture": "#0"},
				"south": {"uv": [0.75, 0, 0, 1], "rotation": 270, "texture": "#0"},
				"west": {"uv": [12.75, 8, 13.5, 6.5], "rotation": 270, "texture": "#0"},
				"up": {"uv": [11, 6.5, 10, 8], "rotation": 180, "texture": "#0"},
				"down": {"uv": [12.75, 6.5, 11.75, 8], "texture": "#0"}
			}
		},
		{
			"name": "Right Arm",
			"from": [5.42188, 13.2, 24.99098],
			"to": [10.62188, 15.6, 28.04098],
			"rotation": {"angle": -45, "axis": "y", "origin": [10.52188, 14.4, 26.51598]},
			"faces": {
				"north": {"uv": [11.5, 7.25, 10.75, 6.25], "rotation": 270, "texture": "#0"},
				"east": {"uv": [11, 6, 11.75, 5], "rotation": 90, "texture": "#0"},
				"south": {"uv": [11.75, 4, 11, 5], "rotation": 270, "texture": "#0"},
				"west": {"uv": [12.75, 6, 13.5, 5], "rotation": 270, "texture": "#0"},
				"up": {"uv": [10, 5.75, 11, 5], "texture": "#0"},
				"down": {"uv": [11.75, 6.5, 12.75, 5], "rotation": 180, "texture": "#0"}
			}
		},
		{
			"name": "Right Arm",
			"from": [10.09023, 13.2, 24.76938],
			"to": [15.29023, 15.6, 27.81938],
			"rotation": {"angle": -22.5, "axis": "y", "origin": [10.19023, 14.4, 26.29438]},
			"faces": {
				"north": {"uv": [11.5, 7.25, 10.75, 6.25], "rotation": 270, "texture": "#0"},
				"east": {"uv": [11, 6, 11.75, 5], "rotation": 90, "texture": "#0"},
				"south": {"uv": [11.75, 4, 11, 5], "rotation": 270, "texture": "#0"},
				"west": {"uv": [12.75, 6, 13.5, 5], "rotation": 270, "texture": "#0"},
				"up": {"uv": [10, 5.75, 11, 5], "texture": "#0"},
				"down": {"uv": [11.75, 6.5, 12.75, 5], "rotation": 180, "texture": "#0"}
			}
		},
		{
			"name": "Right Arm Layer",
			"from": [0.6373, 13, 1.98807],
			"to": [4.2373, 15.8, 7.18807],
			"rotation": {"angle": 22.5, "axis": "y", "origin": [2.4373, 9.9, 12.23807]},
			"faces": {
				"north": {"uv": [12.5, 9, 11.75, 8], "rotation": 270, "texture": "#0"},
				"east": {"uv": [11, 12, 11.75, 10.5], "rotation": 90, "texture": "#0"},
				"south": {"uv": [0.75, 0, 0, 1], "rotation": 270, "texture": "#0"},
				"west": {"uv": [12.75, 12, 13.5, 10.5], "rotation": 270, "texture": "#0"},
				"up": {"uv": [11, 10.5, 10, 12], "rotation": 180, "texture": "#0"},
				"down": {"uv": [12.75, 10.5, 11.75, 12], "texture": "#0"}
			}
		}
	],
	"display": {
		"head": {
			"translation": [0, -52.5, 0],
			"scale": [1.6, 1.6, 1.6]
		}
	},
	"groups": [
		{
			"name": "Head",
			"origin": [0, 24, 0],
			"color": 0,
			"children": [0, 1, 2]
		},
		{
			"name": "RightArm",
			"origin": [5, 21.5, 0],
			"color": 0,
			"children": [3, 4, 5, 6]
		},
		{
			"name": "RightArm",
			"origin": [5, 21.5, 0],
			"color": 0,
			"children": [7, 8, 9, 10, 11, 12, 13]
		}
	]
}