{
	"credit": "Made with Blockbench",
	"texture_size": [64, 64],
	"textures": {
		"0": "nw:stand/base/notorious"
	},
	"elements": [
		{
			"name": "Head",
			"from": [4, 12, 2],
			"to": [12, 20, 10],
			"rotation": {"angle": 0, "axis": "y", "origin": [8, 12.54545, 6]},
			"faces": {
				"north": {"uv": [2, 2, 4, 4], "texture": "#0"},
				"east": {"uv": [0, 2, 2, 4], "texture": "#0"},
				"south": {"uv": [6, 2, 8, 4], "texture": "#0"},
				"west": {"uv": [4, 2, 6, 4], "texture": "#0"},
				"up": {"uv": [4, 2, 2, 0], "texture": "#0"},
				"down": {"uv": [6, 0, 4, 2], "texture": "#0"}
			}
		},
		{
			"name": "Hat Layer",
			"from": [3.5, 11.5, 1.5],
			"to": [12.5, 20.5, 10.5],
			"rotation": {"angle": 0, "axis": "y", "origin": [8, 12.54545, 6]},
			"faces": {
				"north": {"uv": [10, 2, 12, 4], "texture": "#0"},
				"east": {"uv": [8, 2, 10, 4], "texture": "#0"},
				"south": {"uv": [14, 2, 16, 4], "texture": "#0"},
				"west": {"uv": [12, 2, 14, 4], "texture": "#0"},
				"up": {"uv": [12, 2, 10, 0], "texture": "#0"},
				"down": {"uv": [14, 0, 12, 2], "texture": "#0"}
			}
		},
		{
			"name": "Body",
			"from": [4, 7, 6],
			"to": [12, 13, 10],
			"rotation": {"angle": -22.5, "axis": "x", "origin": [8, 6.54545, 8]},
			"faces": {
				"north": {"uv": [7, 5, 5, 6.5], "texture": "#0"},
				"east": {"uv": [8, 5, 7, 6.5], "texture": "#0"},
				"south": {"uv": [10, 5, 8, 6.5], "texture": "#0"},
				"west": {"uv": [5, 5, 4, 6.5], "texture": "#0"},
				"up": {"uv": [5, 5, 7, 4], "texture": "#0"},
				"down": {"uv": [7, 4, 9, 5], "texture": "#0"}
			}
		},
		{
			"name": "Body Layer",
			"from": [3.75, 6.75, 5.75],
			"to": [12.25, 13.25, 10.25],
			"rotation": {"angle": -22.5, "axis": "x", "origin": [8, 6.54545, 8]},
			"faces": {
				"north": {"uv": [7, 9, 5, 10.5], "texture": "#0"},
				"east": {"uv": [8, 9, 7, 10.5], "texture": "#0"},
				"south": {"uv": [10, 9, 8, 10.5], "texture": "#0"},
				"west": {"uv": [5, 9, 4, 10.5], "texture": "#0"},
				"up": {"uv": [5, 9, 7, 8], "texture": "#0"},
				"down": {"uv": [7, 8, 9, 9], "texture": "#0"}
			}
		},
		{
			"name": "Body",
			"from": [4, 1.5, 3.25],
			"to": [12, 7.5, 7.25],
			"rotation": {"angle": -22.5, "axis": "x", "origin": [8, 13.54545, 8]},
			"faces": {
				"north": {"uv": [7, 6.5, 5, 8], "texture": "#0"},
				"east": {"uv": [8, 6.5, 7, 8], "texture": "#0"},
				"south": {"uv": [10, 6.5, 8, 8], "texture": "#0"},
				"west": {"uv": [5, 6.5, 4, 8], "texture": "#0"},
				"up": {"uv": [5, 5, 7, 4], "texture": "#0"},
				"down": {"uv": [7, 4, 9, 5], "texture": "#0"}
			}
		},
		{
			"name": "Body Layer",
			"from": [3.75, 1.25, 3],
			"to": [12.25, 7.75, 7.5],
			"rotation": {"angle": -22.5, "axis": "x", "origin": [8, 13.54545, 8]},
			"faces": {
				"north": {"uv": [7, 10.5, 5, 12], "texture": "#0"},
				"east": {"uv": [8, 10.5, 7, 12], "texture": "#0"},
				"south": {"uv": [10, 10.5, 8, 12], "texture": "#0"},
				"west": {"uv": [5, 10.5, 4, 12], "texture": "#0"},
				"up": {"uv": [5, 9, 7, 8], "texture": "#0"},
				"down": {"uv": [7, 8, 9, 9], "texture": "#0"}
			}
		},
		{
			"name": "Right Arm",
			"from": [1, 6, 4],
			"to": [4, 12, 8],
			"rotation": {"angle": -45, "axis": "x", "origin": [2.5, 10.54545, 6]},
			"faces": {
				"north": {"uv": [11.75, 5, 11, 6.5], "texture": "#0"},
				"east": {"uv": [12.75, 5, 11.75, 6.5], "texture": "#0"},
				"south": {"uv": [13.5, 5, 12.75, 6.5], "texture": "#0"},
				"west": {"uv": [11, 5, 10, 6.5], "texture": "#0"},
				"up": {"uv": [11, 5, 11.75, 4], "texture": "#0"},
				"down": {"uv": [0, 0, 0.75, 1], "texture": "#0"}
			}
		},
		{
			"name": "Right Arm Layer",
			"from": [0.75, 5.75, 3.75],
			"to": [4.25, 12.25, 8.25],
			"rotation": {"angle": -45, "axis": "x", "origin": [2.5, 10.54545, 6]},
			"faces": {
				"north": {"uv": [11.75, 9, 11, 10.5], "texture": "#0"},
				"east": {"uv": [12.75, 9, 11.75, 10.5], "texture": "#0"},
				"south": {"uv": [13.5, 9, 12.75, 10.5], "texture": "#0"},
				"west": {"uv": [11, 9, 10, 10.5], "texture": "#0"},
				"up": {"uv": [11, 9, 11.75, 8], "texture": "#0"},
				"down": {"uv": [0, 0, 0.75, 1], "texture": "#0"}
			}
		},
		{
			"name": "Right Arm",
			"from": [1, 1.63418, 5.0411],
			"to": [4, 7.63418, 9.0411],
			"rotation": {"angle": -22.5, "axis": "x", "origin": [2.5, 12.17963, 7.0411]},
			"faces": {
				"north": {"uv": [11.75, 6.5, 11, 8], "texture": "#0"},
				"east": {"uv": [12.75, 6.5, 11.75, 8], "texture": "#0"},
				"south": {"uv": [13.5, 6.5, 12.75, 8], "texture": "#0"},
				"west": {"uv": [11, 6.5, 10, 8], "texture": "#0"},
				"up": {"uv": [0, 1, 0.75, 0], "texture": "#0"},
				"down": {"uv": [11.75, 4, 12.5, 5], "texture": "#0"}
			}
		},
		{
			"name": "Right Arm Layer",
			"from": [0.75, 1.38418, 4.7911],
			"to": [4.25, 7.88418, 9.2911],
			"rotation": {"angle": -22.5, "axis": "x", "origin": [2.5, 12.17963, 7.0411]},
			"faces": {
				"north": {"uv": [11.75, 10.5, 11, 12], "texture": "#0"},
				"east": {"uv": [12.75, 10.5, 11.75, 12], "texture": "#0"},
				"south": {"uv": [13.5, 10.5, 12.75, 12], "texture": "#0"},
				"west": {"uv": [11, 10.5, 10, 12], "texture": "#0"},
				"up": {"uv": [0, 1, 0.75, 0], "texture": "#0"},
				"down": {"uv": [11.75, 8, 12.5, 9], "texture": "#0"}
			}
		},
		{
			"name": "Left Arm",
			"from": [11.25, 9.04545, 1.45455],
			"to": [15.25, 12.04545, 7.45455],
			"rotation": {"angle": 0, "axis": "z", "origin": [13.25, 10.54545, 6]},
			"faces": {
				"north": {"uv": [0, 0, 0.75, 1], "rotation": 270, "texture": "#0"},
				"east": {"uv": [11.5, 13, 10.75, 14.5], "rotation": 270, "texture": "#0"},
				"south": {"uv": [9, 13, 9.75, 12], "rotation": 270, "texture": "#0"},
				"west": {"uv": [9.75, 13, 9, 14.5], "rotation": 90, "texture": "#0"},
				"up": {"uv": [9.75, 14.5, 10.75, 13], "texture": "#0"},
				"down": {"uv": [8, 14.5, 9, 13], "rotation": 180, "texture": "#0"}
			}
		},
		{
			"name": "Left Arm Layer",
			"from": [11, 8.79545, 1.20455],
			"to": [15.5, 12.29545, 7.70455],
			"rotation": {"angle": 0, "axis": "z", "origin": [13.25, 10.54545, 6]},
			"faces": {
				"north": {"uv": [0, 0, 0.75, 1], "rotation": 270, "texture": "#0"},
				"east": {"uv": [15.5, 13, 14.75, 14.5], "rotation": 270, "texture": "#0"},
				"south": {"uv": [13, 13, 13.75, 12], "rotation": 270, "texture": "#0"},
				"west": {"uv": [13.75, 13, 13, 14.5], "rotation": 90, "texture": "#0"},
				"up": {"uv": [13.75, 14.5, 14.75, 13], "texture": "#0"},
				"down": {"uv": [12, 14.5, 13, 13], "rotation": 180, "texture": "#0"}
			}
		},
		{
			"name": "Left Arm",
			"from": [11.25, 9.04545, -4.54545],
			"to": [15.25, 12.04545, 1.45455],
			"rotation": {"angle": 0, "axis": "z", "origin": [13.25, 10.54545, 6]},
			"faces": {
				"north": {"uv": [9.75, 12, 10.5, 13], "rotation": 270, "texture": "#0"},
				"east": {"uv": [11.5, 14.5, 10.75, 16], "rotation": 270, "texture": "#0"},
				"south": {"uv": [0, 1, 0.75, 0], "rotation": 270, "texture": "#0"},
				"west": {"uv": [9.75, 14.5, 9, 16], "rotation": 90, "texture": "#0"},
				"up": {"uv": [9.75, 16, 10.75, 14.5], "texture": "#0"},
				"down": {"uv": [8, 16, 9, 14.5], "rotation": 180, "texture": "#0"}
			}
		},
		{
			"name": "Left Arm Layer",
			"from": [11, 8.79545, -4.79545],
			"to": [15.5, 12.29545, 1.70455],
			"rotation": {"angle": 0, "axis": "z", "origin": [13.25, 10.54545, 6]},
			"faces": {
				"north": {"uv": [13.75, 12, 14.5, 13], "rotation": 270, "texture": "#0"},
				"east": {"uv": [15.5, 14.5, 14.75, 16], "rotation": 270, "texture": "#0"},
				"south": {"uv": [0, 1, 0.75, 0], "rotation": 270, "texture": "#0"},
				"west": {"uv": [13.75, 14.5, 13, 16], "rotation": 90, "texture": "#0"},
				"up": {"uv": [13.75, 16, 14.75, 14.5], "texture": "#0"},
				"down": {"uv": [12, 16, 13, 14.5], "rotation": 180, "texture": "#0"}
			}
		},
		{
			"name": "Right Leg",
			"from": [4.1, -5, 6],
			"to": [8.1, 1, 10],
			"rotation": {"angle": 22.5, "axis": "x", "origin": [8, 0.54545, 8]},
			"faces": {
				"north": {"uv": [2, 5, 1, 6.5], "texture": "#0"},
				"east": {"uv": [3, 5, 2, 6.5], "texture": "#0"},
				"south": {"uv": [4, 5, 3, 6.5], "texture": "#0"},
				"west": {"uv": [1, 5, 0, 6.5], "texture": "#0"},
				"up": {"uv": [1, 5, 2, 4], "texture": "#0"},
				"down": {"uv": [2, 4, 3, 5], "texture": "#0"}
			}
		},
		{
			"name": "Right Leg Layer",
			"from": [3.85, -5.25, 5.75],
			"to": [8.35, 1.25, 10.25],
			"rotation": {"angle": 22.5, "axis": "x", "origin": [8, 0.54545, 8]},
			"faces": {
				"north": {"uv": [2, 9, 1, 10.5], "texture": "#0"},
				"east": {"uv": [3, 9, 2, 10.5], "texture": "#0"},
				"south": {"uv": [4, 9, 3, 10.5], "texture": "#0"},
				"west": {"uv": [1, 9, 0, 10.5], "texture": "#0"},
				"up": {"uv": [1, 9, 2, 8], "texture": "#0"},
				"down": {"uv": [0, 0, 1, 1], "texture": "#0"}
			}
		},
		{
			"name": "Right Leg",
			"from": [4.1, -9.81251, 4.03009],
			"to": [8.1, -3.81251, 8.03009],
			"rotation": {"angle": 0, "axis": "x", "origin": [8, 0.54545, 8]},
			"faces": {
				"north": {"uv": [2, 6.5, 1, 8], "texture": "#0"},
				"east": {"uv": [3, 6.5, 2, 8], "texture": "#0"},
				"south": {"uv": [4, 6.5, 3, 8], "texture": "#0"},
				"west": {"uv": [1, 6.5, 0, 8], "texture": "#0"},
				"up": {"uv": [0, 1, 1, 0], "texture": "#0"},
				"down": {"uv": [2, 4, 3, 5], "texture": "#0"}
			}
		},
		{
			"name": "Right Leg Layer",
			"from": [3.85, -10.06251, 3.78009],
			"to": [8.35, -3.56251, 8.28009],
			"rotation": {"angle": 0, "axis": "x", "origin": [8, 0.54545, 8]},
			"faces": {
				"north": {"uv": [2, 10.5, 1, 12], "texture": "#0"},
				"east": {"uv": [3, 10.5, 2, 12], "texture": "#0"},
				"south": {"uv": [4, 10.5, 3, 12], "texture": "#0"},
				"west": {"uv": [1, 10.5, 0, 12], "texture": "#0"},
				"up": {"uv": [0, 1, 1, 0], "texture": "#0"},
				"down": {"uv": [2, 8, 3, 9], "texture": "#0"}
			}
		},
		{
			"name": "Left Leg",
			"from": [7.9, -5, 8],
			"to": [11.9, 1, 12],
			"rotation": {"angle": -45, "axis": "x", "origin": [8, 0.54545, 10]},
			"faces": {
				"north": {"uv": [6, 13, 5, 14.5], "texture": "#0"},
				"east": {"uv": [7, 13, 6, 14.5], "texture": "#0"},
				"south": {"uv": [8, 13, 7, 14.5], "texture": "#0"},
				"west": {"uv": [5, 13, 4, 14.5], "texture": "#0"},
				"up": {"uv": [5, 13, 6, 12], "texture": "#0"},
				"down": {"uv": [6, 12, 7, 13], "texture": "#0"}
			}
		},
		{
			"name": "Left Leg Layer",
			"from": [7.65, -5.25, 7.75],
			"to": [12.15, 1.25, 12.25],
			"rotation": {"angle": -45, "axis": "x", "origin": [8, 0.54545, 10]},
			"faces": {
				"north": {"uv": [2, 13, 1, 14.5], "texture": "#0"},
				"east": {"uv": [3, 13, 2, 14.5], "texture": "#0"},
				"south": {"uv": [4, 13, 3, 14.5], "texture": "#0"},
				"west": {"uv": [1, 13, 0, 14.5], "texture": "#0"},
				"up": {"uv": [1, 13, 2, 12], "texture": "#0"},
				"down": {"uv": [0, 0, 1, 1], "texture": "#0"}
			}
		},
		{
			"name": "Left Leg",
			"from": [7.9, -3.42446, 14.35796],
			"to": [11.9, 0.57554, 20.35796],
			"rotation": {"angle": 22.5, "axis": "x", "origin": [8, 0.54545, 10]},
			"faces": {
				"north": {"uv": [0, 1, 1, 0], "rotation": 180, "texture": "#0"},
				"east": {"uv": [7, 14.5, 6, 16], "rotation": 90, "texture": "#0"},
				"south": {"uv": [6, 12, 7, 13], "texture": "#0"},
				"west": {"uv": [5, 14.5, 4, 16], "rotation": 270, "texture": "#0"},
				"up": {"uv": [8, 14.5, 7, 16], "texture": "#0"},
				"down": {"uv": [6, 14.5, 5, 16], "rotation": 180, "texture": "#0"}
			}
		},
		{
			"name": "Left Leg Layer",
			"from": [7.65, -3.67446, 14.10796],
			"to": [12.15, 0.82554, 20.60796],
			"rotation": {"angle": 22.5, "axis": "x", "origin": [8, 0.54545, 10]},
			"faces": {
				"north": {"uv": [0, 1, 1, 0], "rotation": 180, "texture": "#0"},
				"east": {"uv": [3, 14.5, 2, 16], "rotation": 90, "texture": "#0"},
				"south": {"uv": [2, 12, 3, 13], "texture": "#0"},
				"west": {"uv": [1, 14.5, 0, 16], "rotation": 270, "texture": "#0"},
				"up": {"uv": [4, 14.5, 3, 16], "texture": "#0"},
				"down": {"uv": [2, 14.5, 1, 16], "rotation": 180, "texture": "#0"}
			}
		}
	],
	"display": {
		"head": {
			"translation": [-1.25, -14.5, 4],
			"scale": [1.6, 1.6, 1.6]
		}
	},
	"groups": [
		{
			"name": "Head",
			"origin": [0, 24, 0],
			"color": 0,
			"children": [0, 1]
		},
		{
			"name": "Body",
			"origin": [0, 24, 0],
			"color": 0,
			"children": [
				2,
				3,
				{
					"name": "Body",
					"origin": [0, 24, 0],
					"color": 0,
					"children": [4, 5]
				}
			]
		},
		{
			"name": "RightArm",
			"origin": [5, 21.5, 0],
			"color": 0,
			"children": [6, 7, 8, 9]
		},
		{
			"name": "LeftArm",
			"origin": [-5, 21.5, 0],
			"color": 0,
			"children": [10, 11, 12, 13]
		},
		{
			"name": "RightLeg",
			"origin": [1.9, 12, 0],
			"color": 0,
			"children": [
				14,
				15,
				{
					"name": "RightLeg",
					"origin": [1.9, 12, 0],
					"color": 0,
					"children": [16, 17]
				}
			]
		},
		{
			"name": "LeftLeg",
			"origin": [-1.9, 12, 0],
			"color": 0,
			"children": [
				18,
				19,
				{
					"name": "LeftLeg",
					"origin": [-1.9, 12, 0],
					"color": 0,
					"children": [20, 21]
				}
			]
		}
	]
}