{
	"credit": "Made with Blockbench",
	"texture_size": [64, 64],
	"textures": {
		"0": "nw:stand/base/spice_girl"
	},
	"elements": [
		{
			"name": "Head",
			"from": [4, 13, 4],
			"to": [12, 21, 12],
			"rotation": {"angle": 0, "axis": "y", "origin": [8, 13.54545, 8]},
			"faces": {
				"north": {"uv": [2, 2, 4, 4], "texture": "#0"},
				"east": {"uv": [0, 2, 2, 4], "texture": "#0"},
				"south": {"uv": [6, 2, 8, 4], "texture": "#0"},
				"west": {"uv": [4, 2, 6, 4], "texture": "#0"},
				"up": {"uv": [4, 2, 2, 0], "texture": "#0"},
				"down": {"uv": [6, 0, 4, 2], "texture": "#0"}
			}
		},
		{
			"name": "Hat Layer",
			"from": [3.5, 12.5, 3.5],
			"to": [12.5, 21.5, 12.5],
			"rotation": {"angle": 0, "axis": "y", "origin": [8, 13.54545, 8]},
			"faces": {
				"north": {"uv": [10, 2, 12, 4], "texture": "#0"},
				"east": {"uv": [8, 2, 10, 4], "texture": "#0"},
				"south": {"uv": [14, 2, 16, 4], "texture": "#0"},
				"west": {"uv": [12, 2, 14, 4], "texture": "#0"},
				"up": {"uv": [12, 2, 10, 0], "texture": "#0"},
				"down": {"uv": [14, 0, 12, 2], "texture": "#0"}
			}
		},
		{
			"name": "Body",
			"from": [4, 7, 6],
			"to": [12, 13, 10],
			"rotation": {"angle": 22.5, "axis": "y", "origin": [8, 13.54545, 8]},
			"faces": {
				"north": {"uv": [5, 5, 7, 6.5], "texture": "#0"},
				"east": {"uv": [4, 5, 5, 6.5], "texture": "#0"},
				"south": {"uv": [8, 5, 10, 6.5], "texture": "#0"},
				"west": {"uv": [7, 5, 8, 6.5], "texture": "#0"},
				"up": {"uv": [7, 5, 5, 4], "texture": "#0"},
				"down": {"uv": [9, 4, 7, 5], "texture": "#0"}
			}
		},
		{
			"name": "Body Layer",
			"from": [3.75, 6.75, 5.75],
			"to": [12.25, 13.25, 10.25],
			"rotation": {"angle": 22.5, "axis": "y", "origin": [8, 13.54545, 8]},
			"faces": {
				"north": {"uv": [5, 9, 7, 10.5], "texture": "#0"},
				"east": {"uv": [4, 9, 5, 10.5], "texture": "#0"},
				"south": {"uv": [8, 9, 10, 10.5], "texture": "#0"},
				"west": {"uv": [7, 9, 8, 10.5], "texture": "#0"},
				"up": {"uv": [7, 9, 5, 8], "texture": "#0"},
				"down": {"uv": [9, 8, 7, 9], "texture": "#0"}
			}
		},
		{
			"name": "Body",
			"from": [4, 1, 6],
			"to": [12, 7, 10],
			"rotation": {"angle": 22.5, "axis": "y", "origin": [8, 13.54545, 8]},
			"faces": {
				"north": {"uv": [5, 6.5, 7, 8], "texture": "#0"},
				"east": {"uv": [4, 6.5, 5, 8], "texture": "#0"},
				"south": {"uv": [8, 6.5, 10, 8], "texture": "#0"},
				"west": {"uv": [7, 6.5, 8, 8], "texture": "#0"},
				"up": {"uv": [7, 5, 5, 4], "texture": "#0"},
				"down": {"uv": [9, 4, 7, 5], "texture": "#0"}
			}
		},
		{
			"name": "Body Layer",
			"from": [3.75, 0.75, 5.75],
			"to": [12.25, 7.25, 10.25],
			"rotation": {"angle": 22.5, "axis": "y", "origin": [8, 13.54545, 8]},
			"faces": {
				"north": {"uv": [5, 10.5, 7, 12], "texture": "#0"},
				"east": {"uv": [4, 10.5, 5, 12], "texture": "#0"},
				"south": {"uv": [8, 10.5, 10, 12], "texture": "#0"},
				"west": {"uv": [7, 10.5, 8, 12], "texture": "#0"},
				"up": {"uv": [7, 9, 5, 8], "texture": "#0"},
				"down": {"uv": [9, 8, 7, 9], "texture": "#0"}
			}
		},
		{
			"name": "Right Arm",
			"from": [12, 7.67669, 6.41421],
			"to": [15, 13.67669, 10.41421],
			"rotation": {"angle": 0, "axis": "x", "origin": [8, 12.17669, 7.91421]},
			"faces": {
				"north": {"uv": [11, 5, 11.75, 6.5], "texture": "#0"},
				"east": {"uv": [10, 5, 11, 6.5], "texture": "#0"},
				"south": {"uv": [12.75, 5, 13.5, 6.5], "texture": "#0"},
				"west": {"uv": [11.75, 5, 12.75, 6.5], "texture": "#0"},
				"up": {"uv": [11.75, 5, 11, 4], "texture": "#0"},
				"down": {"uv": [1.75, 4, 1, 5], "texture": "#0"}
			}
		},
		{
			"name": "Right Arm Layer",
			"from": [11.75, 7.42669, 6.16421],
			"to": [15.25, 13.92669, 10.66421],
			"rotation": {"angle": 0, "axis": "x", "origin": [8, 12.17669, 7.91421]},
			"faces": {
				"north": {"uv": [11, 9, 11.75, 10.5], "texture": "#0"},
				"east": {"uv": [10, 9, 11, 10.5], "texture": "#0"},
				"south": {"uv": [12.75, 9, 13.5, 10.5], "texture": "#0"},
				"west": {"uv": [11.75, 9, 12.75, 10.5], "texture": "#0"},
				"up": {"uv": [11.75, 9, 11, 8], "texture": "#0"},
				"down": {"uv": [0.75, 0, 0, 1], "texture": "#0"}
			}
		},
		{
			"name": "Right Arm",
			"from": [12, 4.41933, -0.44975],
			"to": [15, 8.41933, 5.55025],
			"rotation": {"angle": -45, "axis": "x", "origin": [8, 11.91933, 4.05025]},
			"faces": {
				"north": {"uv": [12.5, 4, 11.75, 5], "rotation": 180, "texture": "#0"},
				"east": {"uv": [10, 6.5, 11, 8], "rotation": 270, "texture": "#0"},
				"south": {"uv": [0.75, 5.75, 0.25, 5], "rotation": 270, "texture": "#0"},
				"west": {"uv": [11.75, 6.5, 12.75, 8], "rotation": 90, "texture": "#0"},
				"up": {"uv": [11, 6.5, 11.75, 8], "rotation": 180, "texture": "#0"},
				"down": {"uv": [12.75, 6.5, 13.5, 8], "texture": "#0"}
			}
		},
		{
			"name": "Right Arm Layer",
			"from": [11.75, 4.16933, -0.69975],
			"to": [15.25, 8.66933, 5.80025],
			"rotation": {"angle": -45, "axis": "x", "origin": [8, 11.91933, 4.05025]},
			"faces": {
				"north": {"uv": [12.5, 8, 11.75, 9], "rotation": 180, "texture": "#0"},
				"east": {"uv": [10, 10.5, 11, 12], "rotation": 270, "texture": "#0"},
				"south": {"uv": [0.75, 1, 0, 0], "texture": "#0"},
				"west": {"uv": [11.75, 10.5, 12.75, 12], "rotation": 90, "texture": "#0"},
				"up": {"uv": [11, 10.5, 11.75, 12], "rotation": 180, "texture": "#0"},
				"down": {"uv": [12.75, 10.5, 13.5, 12], "texture": "#0"}
			}
		},
		{
			"name": "Right Leg",
			"from": [8, -1.45455, 2.45455],
			"to": [12, 2.54545, 8.45455],
			"rotation": {"angle": -22.5, "axis": "z", "origin": [10, 0.54545, 2.45455]},
			"faces": {
				"north": {"uv": [3, 4, 2, 5], "rotation": 180, "texture": "#0"},
				"east": {"uv": [0, 5, 1, 6.5], "rotation": 270, "texture": "#0"},
				"south": {"uv": [2, 5, 1, 4], "texture": "#0"},
				"west": {"uv": [2, 5, 3, 6.5], "rotation": 90, "texture": "#0"},
				"up": {"uv": [1, 5, 2, 6.5], "rotation": 180, "texture": "#0"},
				"down": {"uv": [3, 5, 4, 6.5], "texture": "#0"}
			}
		},
		{
			"name": "Right Leg Layer",
			"from": [7.75, -1.70455, 2.20455],
			"to": [12.25, 2.79545, 8.70455],
			"rotation": {"angle": -22.5, "axis": "z", "origin": [10, 0.54545, 2.45455]},
			"faces": {
				"north": {"uv": [1, 0, 0, 1], "rotation": 180, "texture": "#0"},
				"east": {"uv": [0, 9, 1, 10.5], "rotation": 270, "texture": "#0"},
				"south": {"uv": [2, 9, 1, 8], "texture": "#0"},
				"west": {"uv": [2, 9, 3, 10.5], "rotation": 90, "texture": "#0"},
				"up": {"uv": [1, 9, 2, 10.5], "rotation": 180, "texture": "#0"},
				"down": {"uv": [3, 9, 4, 10.5], "texture": "#0"}
			}
		},
		{
			"name": "Right Leg",
			"from": [8, -1.45455, -3.54545],
			"to": [12, 2.54545, 2.45455],
			"rotation": {"angle": -22.5, "axis": "z", "origin": [10, 0.54545, 2.45455]},
			"faces": {
				"north": {"uv": [3, 4, 2, 5], "rotation": 180, "texture": "#0"},
				"east": {"uv": [0, 6.5, 1, 8], "rotation": 270, "texture": "#0"},
				"south": {"uv": [1, 1, 0, 0], "texture": "#0"},
				"west": {"uv": [2, 6.5, 3, 8], "rotation": 90, "texture": "#0"},
				"up": {"uv": [1, 6.5, 2, 8], "rotation": 180, "texture": "#0"},
				"down": {"uv": [3, 6.5, 4, 8], "texture": "#0"}
			}
		},
		{
			"name": "Right Leg Layer",
			"from": [7.75, -1.70455, -3.79545],
			"to": [12.25, 2.79545, 2.70455],
			"rotation": {"angle": -22.5, "axis": "z", "origin": [10, 0.54545, 2.45455]},
			"faces": {
				"north": {"uv": [3, 8, 2, 9], "rotation": 180, "texture": "#0"},
				"east": {"uv": [0, 10.5, 1, 12], "rotation": 270, "texture": "#0"},
				"south": {"uv": [1, 1, 0, 0], "texture": "#0"},
				"west": {"uv": [2, 10.5, 3, 12], "rotation": 90, "texture": "#0"},
				"up": {"uv": [1, 10.5, 2, 12], "rotation": 180, "texture": "#0"},
				"down": {"uv": [3, 10.5, 4, 12], "texture": "#0"}
			}
		},
		{
			"name": "Left Leg",
			"from": [2.07999, -2.92436, 6.69971],
			"to": [6.07999, 3.07564, 10.69971],
			"rotation": {"angle": -22.5, "axis": "z", "origin": [3, -2.54328, 9.69971]},
			"faces": {
				"north": {"uv": [4, 13, 5, 14.5], "texture": "#0"},
				"east": {"uv": [7, 13, 8, 14.5], "texture": "#0"},
				"south": {"uv": [6, 13, 7, 14.5], "texture": "#0"},
				"west": {"uv": [5, 13, 6, 14.5], "texture": "#0"},
				"up": {"uv": [6, 13, 5, 12], "rotation": 270, "texture": "#0"},
				"down": {"uv": [7, 12, 6, 13], "rotation": 90, "texture": "#0"}
			}
		},
		{
			"name": "Left Leg Layer",
			"from": [1.82999, -3.17436, 6.44971],
			"to": [6.32999, 3.32564, 10.94971],
			"rotation": {"angle": -22.5, "axis": "z", "origin": [3, -2.54328, 9.69971]},
			"faces": {
				"north": {"uv": [0, 13, 1, 14.5], "texture": "#0"},
				"east": {"uv": [3, 13, 4, 14.5], "texture": "#0"},
				"south": {"uv": [2, 13, 3, 14.5], "texture": "#0"},
				"west": {"uv": [1, 13, 2, 14.5], "texture": "#0"},
				"up": {"uv": [2, 13, 1, 12], "rotation": 270, "texture": "#0"},
				"down": {"uv": [1, 0, 0, 1], "rotation": 90, "texture": "#0"}
			}
		},
		{
			"name": "Left Leg",
			"from": [2.07999, -8.1622, 6.69971],
			"to": [6.07999, -2.1622, 10.69971],
			"rotation": {"angle": 22.5, "axis": "z", "origin": [3, -2.54328, 9.69971]},
			"faces": {
				"north": {"uv": [4, 14.5, 5, 16], "texture": "#0"},
				"east": {"uv": [7, 14.5, 8, 16], "texture": "#0"},
				"south": {"uv": [6, 14.5, 7, 16], "texture": "#0"},
				"west": {"uv": [5, 14.5, 6, 16], "texture": "#0"},
				"up": {"uv": [1, 1, 0, 0], "rotation": 270, "texture": "#0"},
				"down": {"uv": [7, 12, 6, 13], "rotation": 90, "texture": "#0"}
			}
		},
		{
			"name": "Left Leg Layer",
			"from": [1.82999, -8.4122, 6.44971],
			"to": [6.32999, -1.9122, 10.94971],
			"rotation": {"angle": 22.5, "axis": "z", "origin": [3, -2.54328, 9.69971]},
			"faces": {
				"north": {"uv": [0, 14.5, 1, 16], "texture": "#0"},
				"east": {"uv": [3, 14.5, 4, 16], "texture": "#0"},
				"south": {"uv": [2, 14.5, 3, 16], "texture": "#0"},
				"west": {"uv": [1, 14.5, 2, 16], "texture": "#0"},
				"up": {"uv": [1, 1, 0, 0], "rotation": 270, "texture": "#0"},
				"down": {"uv": [3, 12, 2, 13], "rotation": 90, "texture": "#0"}
			}
		},
		{
			"name": "Right Arm",
			"from": [1, 5.67669, 6.41421],
			"to": [4, 11.67669, 10.41421],
			"rotation": {"angle": -45, "axis": "x", "origin": [3, 12.17669, 7.91421]},
			"faces": {
				"north": {"uv": [11.75, 5, 11, 6.5], "texture": "#0"},
				"east": {"uv": [12.75, 5, 11.75, 6.5], "texture": "#0"},
				"south": {"uv": [13.5, 5, 12.75, 6.5], "texture": "#0"},
				"west": {"uv": [11, 5, 10, 6.5], "texture": "#0"},
				"up": {"uv": [11, 5, 11.75, 4], "texture": "#0"},
				"down": {"uv": [1, 4, 1.75, 5], "texture": "#0"}
			}
		},
		{
			"name": "Right Arm Layer",
			"from": [0.75, 5.42669, 6.16421],
			"to": [4.25, 11.92669, 10.66421],
			"rotation": {"angle": -45, "axis": "x", "origin": [3, 12.17669, 7.91421]},
			"faces": {
				"north": {"uv": [11.75, 9, 11, 10.5], "texture": "#0"},
				"east": {"uv": [12.75, 9, 11.75, 10.5], "texture": "#0"},
				"south": {"uv": [13.5, 9, 12.75, 10.5], "texture": "#0"},
				"west": {"uv": [11, 9, 10, 10.5], "texture": "#0"},
				"up": {"uv": [11, 9, 11.75, 8], "texture": "#0"},
				"down": {"uv": [0, 0, 0.75, 1], "texture": "#0"}
			}
		},
		{
			"name": "Right Arm",
			"from": [1, -0.32331, 6.41421],
			"to": [4, 5.67669, 10.41421],
			"rotation": {"angle": -45, "axis": "x", "origin": [3, 12.17669, 7.91421]},
			"faces": {
				"north": {"uv": [11.75, 6.5, 11, 8], "texture": "#0"},
				"east": {"uv": [11.75, 8, 12.75, 6.5], "rotation": 180, "texture": "#0"},
				"south": {"uv": [13.5, 6.5, 12.75, 8], "texture": "#0"},
				"west": {"uv": [10, 8, 11, 6.5], "rotation": 180, "texture": "#0"},
				"up": {"uv": [0.75, 5, 0.25, 5.75], "rotation": 270, "texture": "#0"},
				"down": {"uv": [11.75, 4, 12.5, 5], "texture": "#0"}
			}
		},
		{
			"name": "Right Arm Layer",
			"from": [0.75, -0.57331, 6.16421],
			"to": [4.25, 5.92669, 10.66421],
			"rotation": {"angle": -45, "axis": "x", "origin": [3, 12.17669, 7.91421]},
			"faces": {
				"north": {"uv": [11.75, 10.5, 11, 12], "texture": "#0"},
				"east": {"uv": [11.75, 12, 12.75, 10.5], "rotation": 180, "texture": "#0"},
				"south": {"uv": [13.5, 10.5, 12.75, 12], "texture": "#0"},
				"west": {"uv": [10, 12, 11, 10.5], "rotation": 180, "texture": "#0"},
				"up": {"uv": [0, 1, 0.75, 0], "texture": "#0"},
				"down": {"uv": [11.75, 8, 12.5, 9], "texture": "#0"}
			}
		}
	],
	"display": {
		"head": {
			"translation": [0, -12, 0],
			"scale": [1.6, 1.6, 1.6]
		}
	},
	"groups": [
		{
			"name": "Head",
			"origin": [0, 24, 0],
			"color": 0,
			"children": [0, 1]
		},
		{
			"name": "Body",
			"origin": [0, 24, 0],
			"color": 0,
			"children": [
				2,
				3,
				{
					"name": "Body",
					"origin": [0, 24, 0],
					"color": 0,
					"children": [4, 5]
				}
			]
		},
		{
			"name": "RightArm",
			"origin": [5, 21.5, 0],
			"color": 0,
			"children": [6, 7, 8, 9]
		},
		{
			"name": "RightLeg",
			"origin": [1.9, 12, 0],
			"color": 0,
			"children": [
				10,
				11,
				{
					"name": "RightLeg",
					"origin": [1.9, 12, 0],
					"color": 0,
					"children": [12, 13]
				}
			]
		},
		{
			"name": "LeftLeg",
			"origin": [-1.9, 12, 0],
			"color": 0,
			"children": [
				14,
				15,
				{
					"name": "LeftLeg",
					"origin": [-1.9, 12, 0],
					"color": 0,
					"children": [16, 17]
				}
			]
		},
		{
			"name": "RightArm",
			"origin": [5, 21.5, 0],
			"color": 0,
			"children": [18, 19, 20, 21]
		}
	]
}