{
	"credit": "Made with Blockbench",
	"texture_size": [64, 64],
	"textures": {
		"0": "nw:stand/base/sticky_fingers"
	},
	"elements": [
		{
			"name": "Head",
			"from": [4, 13, 23],
			"to": [12, 21, 31],
			"rotation": {"angle": 0, "axis": "z", "origin": [8, 13.54545, 27]},
			"faces": {
				"north": {"uv": [2, 2, 4, 4], "texture": "#0"},
				"east": {"uv": [0, 2, 2, 4], "texture": "#0"},
				"south": {"uv": [6, 2, 8, 4], "texture": "#0"},
				"west": {"uv": [4, 2, 6, 4], "texture": "#0"},
				"up": {"uv": [4, 2, 2, 0], "texture": "#0"},
				"down": {"uv": [6, 0, 4, 2], "texture": "#0"}
			}
		},
		{
			"name": "Hat Layer",
			"from": [3.5, 12.5, 22.5],
			"to": [12.5, 21.5, 31.5],
			"rotation": {"angle": 0, "axis": "z", "origin": [8, 13.54545, 27]},
			"faces": {
				"north": {"uv": [10, 2, 12, 4], "texture": "#0"},
				"east": {"uv": [8, 2, 10, 4], "texture": "#0"},
				"south": {"uv": [14, 2, 16, 4], "texture": "#0"},
				"west": {"uv": [12, 2, 14, 4], "texture": "#0"},
				"up": {"uv": [12, 2, 10, 0], "texture": "#0"},
				"down": {"uv": [14, 0, 12, 2], "texture": "#0"}
			}
		},
		{
			"name": "Body",
			"from": [4, 7, 25],
			"to": [12, 13, 29],
			"rotation": {"angle": -22.5, "axis": "y", "origin": [8, 13.54545, 27]},
			"faces": {
				"north": {"uv": [5, 5, 7, 6.5], "texture": "#0"},
				"east": {"uv": [4, 5, 5, 6.5], "texture": "#0"},
				"south": {"uv": [8, 5, 10, 6.5], "texture": "#0"},
				"west": {"uv": [7, 5, 8, 6.5], "texture": "#0"},
				"up": {"uv": [7, 5, 5, 4], "texture": "#0"},
				"down": {"uv": [9, 4, 7, 5], "texture": "#0"}
			}
		},
		{
			"name": "Body Layer",
			"from": [3.75, 6.75, 24.75],
			"to": [12.25, 13.25, 29.25],
			"rotation": {"angle": -22.5, "axis": "y", "origin": [8, 13.54545, 27]},
			"faces": {
				"north": {"uv": [5, 9, 7, 10.5], "texture": "#0"},
				"east": {"uv": [4, 9, 5, 10.5], "texture": "#0"},
				"south": {"uv": [8, 9, 10, 10.5], "texture": "#0"},
				"west": {"uv": [7, 9, 8, 10.5], "texture": "#0"},
				"up": {"uv": [7, 9, 5, 8], "texture": "#0"},
				"down": {"uv": [9, 8, 7, 9], "texture": "#0"}
			}
		},
		{
			"name": "Body",
			"from": [4, 1, 25],
			"to": [12, 7, 29],
			"rotation": {"angle": -22.5, "axis": "y", "origin": [8, 13.54545, 27]},
			"faces": {
				"north": {"uv": [5, 6.5, 7, 8], "texture": "#0"},
				"east": {"uv": [4, 6.5, 5, 8], "texture": "#0"},
				"south": {"uv": [8, 6.5, 10, 8], "texture": "#0"},
				"west": {"uv": [7, 6.5, 8, 8], "texture": "#0"},
				"up": {"uv": [7, 5, 5, 4], "texture": "#0"},
				"down": {"uv": [9, 4, 7, 5], "texture": "#0"}
			}
		},
		{
			"name": "Body Layer",
			"from": [3.75, 0.75, 24.75],
			"to": [12.25, 7.25, 29.25],
			"rotation": {"angle": -22.5, "axis": "y", "origin": [8, 13.54545, 27]},
			"faces": {
				"north": {"uv": [5, 10.5, 7, 12], "texture": "#0"},
				"east": {"uv": [4, 10.5, 5, 12], "texture": "#0"},
				"south": {"uv": [8, 10.5, 10, 12], "texture": "#0"},
				"west": {"uv": [7, 10.5, 8, 12], "texture": "#0"},
				"up": {"uv": [7, 9, 5, 8], "texture": "#0"},
				"down": {"uv": [9, 8, 7, 9], "texture": "#0"}
			}
		},
		{
			"name": "Right Arm",
			"from": [10.88268, 9.5, 22.07612],
			"to": [14.88268, 12.5, 28.07612],
			"rotation": {"angle": 0, "axis": "y", "origin": [12.5, 11, 27]},
			"faces": {
				"north": {"uv": [11.75, 4, 11, 5], "rotation": 270, "texture": "#0"},
				"east": {"uv": [13.25, 5, 14, 6.5], "rotation": 270, "texture": "#0"},
				"south": {"uv": [11.75, 5, 11, 4], "rotation": 270, "texture": "#0"},
				"west": {"uv": [11, 5, 11.75, 6.5], "rotation": 90, "texture": "#0"},
				"up": {"uv": [10, 5, 11, 6.5], "rotation": 180, "texture": "#0"},
				"down": {"uv": [11.75, 5, 12.75, 6.5], "texture": "#0"}
			}
		},
		{
			"name": "Right Arm Layer",
			"from": [10.63268, 9.25, 21.82612],
			"to": [15.13268, 12.75, 28.32612],
			"rotation": {"angle": 0, "axis": "y", "origin": [12.5, 11, 27]},
			"faces": {
				"north": {"uv": [1, 0, 0.25, 1], "rotation": 270, "texture": "#0"},
				"east": {"uv": [13.25, 9, 14, 10.5], "rotation": 270, "texture": "#0"},
				"south": {"uv": [11.75, 9, 11, 8], "rotation": 270, "texture": "#0"},
				"west": {"uv": [11, 9, 11.75, 10.5], "rotation": 90, "texture": "#0"},
				"up": {"uv": [10, 9, 11, 10.5], "rotation": 180, "texture": "#0"},
				"down": {"uv": [11.75, 9, 12.75, 10.5], "texture": "#0"}
			}
		},
		{
			"name": "Right Arm",
			"from": [18.9636, 9.5, -15.08352],
			"to": [22.9636, 12.5, -9.08352],
			"rotation": {"angle": 22.5, "axis": "y", "origin": [10.79708, 11, 25.71338]},
			"faces": {
				"north": {"uv": [12.75, 4, 12, 5], "rotation": 270, "texture": "#0"},
				"east": {"uv": [13.25, 6.5, 14, 8], "rotation": 270, "texture": "#0"},
				"south": {"uv": [11.75, 5, 11, 4], "rotation": 270, "texture": "#0"},
				"west": {"uv": [11, 6.5, 11.75, 8], "rotation": 90, "texture": "#0"},
				"up": {"uv": [10, 6.5, 11, 8], "rotation": 180, "texture": "#0"},
				"down": {"uv": [11.75, 6.5, 12.75, 8], "texture": "#0"}
			}
		},
		{
			"name": "Right Arm Layer",
			"from": [18.7136, 9.25, -15.33352],
			"to": [23.2136, 12.75, -8.83352],
			"rotation": {"angle": 22.5, "axis": "y", "origin": [10.79708, 11, 25.71338]},
			"faces": {
				"north": {"uv": [12.75, 8, 12, 9], "rotation": 270, "texture": "#0"},
				"east": {"uv": [13.25, 10.5, 14, 12], "rotation": 270, "texture": "#0"},
				"south": {"uv": [0.75, 1, 0, 0], "rotation": 270, "texture": "#0"},
				"west": {"uv": [11, 10.5, 11.75, 12], "rotation": 90, "texture": "#0"},
				"up": {"uv": [10, 10.5, 11, 12], "rotation": 180, "texture": "#0"},
				"down": {"uv": [11.75, 10.5, 12.75, 12], "texture": "#0"}
			}
		},
		{
			"name": "Left Arm",
			"from": [-1.5, 9.5, 25],
			"to": [4.5, 12.5, 29],
			"rotation": {"angle": -22.5, "axis": "y", "origin": [2.5, 11, 27]},
			"faces": {
				"north": {"uv": [9, 13, 10, 14.5], "rotation": 270, "texture": "#0"},
				"east": {"uv": [9.75, 13, 9, 12], "rotation": 90, "texture": "#0"},
				"south": {"uv": [11, 13, 11.75, 14.5], "rotation": 90, "texture": "#0"},
				"west": {"uv": [0.75, 0, 0, 1], "rotation": 90, "texture": "#0"},
				"up": {"uv": [10, 13, 11, 14.5], "rotation": 90, "texture": "#0"},
				"down": {"uv": [8, 13, 9, 14.5], "rotation": 90, "texture": "#0"}
			}
		},
		{
			"name": "Left Arm Layer",
			"from": [-1.75, 9.25, 24.75],
			"to": [4.75, 12.75, 29.25],
			"rotation": {"angle": -22.5, "axis": "y", "origin": [2.5, 11, 27]},
			"faces": {
				"north": {"uv": [13, 13, 14, 14.5], "rotation": 270, "texture": "#0"},
				"east": {"uv": [13.75, 13, 13, 12], "rotation": 90, "texture": "#0"},
				"south": {"uv": [15, 13, 15.75, 14.5], "rotation": 90, "texture": "#0"},
				"west": {"uv": [0.75, 0, 0, 1], "rotation": 90, "texture": "#0"},
				"up": {"uv": [14, 13, 15, 14.5], "rotation": 90, "texture": "#0"},
				"down": {"uv": [12, 13, 13, 14.5], "rotation": 90, "texture": "#0"}
			}
		},
		{
			"name": "Left Arm",
			"from": [-0.87849, 9.5, 18.06985],
			"to": [3.12151, 12.5, 24.06985],
			"rotation": {"angle": 45, "axis": "y", "origin": [2.5, 11, 27]},
			"faces": {
				"north": {"uv": [11, 12, 10.25, 13], "rotation": 90, "texture": "#0"},
				"east": {"uv": [9, 14.5, 10, 16], "rotation": 270, "texture": "#0"},
				"south": {"uv": [0.75, 1, 0, 0], "rotation": 90, "texture": "#0"},
				"west": {"uv": [11, 14.5, 11.75, 16], "rotation": 90, "texture": "#0"},
				"up": {"uv": [10, 14.5, 11, 16], "rotation": 180, "texture": "#0"},
				"down": {"uv": [8, 14.5, 9, 16], "texture": "#0"}
			}
		},
		{
			"name": "Left Arm Layer",
			"from": [-1.12849, 9.25, 17.81985],
			"to": [3.37151, 12.75, 24.31985],
			"rotation": {"angle": 45, "axis": "y", "origin": [2.5, 11, 27]},
			"faces": {
				"north": {"uv": [15, 12, 14.25, 13], "rotation": 90, "texture": "#0"},
				"east": {"uv": [13, 14.5, 14, 16], "rotation": 270, "texture": "#0"},
				"south": {"uv": [0.75, 1, 0, 0], "rotation": 90, "texture": "#0"},
				"west": {"uv": [15, 14.5, 15.75, 16], "rotation": 90, "texture": "#0"},
				"up": {"uv": [14, 14.5, 15, 16], "rotation": 180, "texture": "#0"},
				"down": {"uv": [12, 14.5, 13, 16], "texture": "#0"}
			}
		},
		{
			"name": "Right Leg",
			"from": [7.9, -5, 25],
			"to": [11.9, 1, 29],
			"rotation": {"angle": 0, "axis": "y", "origin": [8, 0.54545, 27]},
			"faces": {
				"north": {"uv": [1, 5, 2, 6.5], "texture": "#0"},
				"east": {"uv": [0, 5, 1, 6.5], "texture": "#0"},
				"south": {"uv": [3, 5, 4, 6.5], "texture": "#0"},
				"west": {"uv": [2, 5, 3, 6.5], "texture": "#0"},
				"up": {"uv": [2, 5, 1, 4], "texture": "#0"},
				"down": {"uv": [3, 4, 2, 5], "texture": "#0"}
			}
		},
		{
			"name": "Right Leg Layer",
			"from": [7.65, -5.25, 24.75],
			"to": [12.15, 1.25, 29.25],
			"rotation": {"angle": 0, "axis": "y", "origin": [8, 0.54545, 27]},
			"faces": {
				"north": {"uv": [1, 9, 2, 10.5], "texture": "#0"},
				"east": {"uv": [0, 9, 1, 10.5], "texture": "#0"},
				"south": {"uv": [3, 9, 4, 10.5], "texture": "#0"},
				"west": {"uv": [2, 9, 3, 10.5], "texture": "#0"},
				"up": {"uv": [2, 9, 1, 8], "texture": "#0"},
				"down": {"uv": [1, 0, 0, 1], "texture": "#0"}
			}
		},
		{
			"name": "Right Leg",
			"from": [7.9, -10.65676, 22.72561],
			"to": [11.9, -4.65676, 26.72561],
			"rotation": {"angle": -22.5, "axis": "x", "origin": [8, 0.88869, 24.72561]},
			"faces": {
				"north": {"uv": [1, 6.5, 2, 8], "texture": "#0"},
				"east": {"uv": [0, 6.5, 1, 8], "texture": "#0"},
				"south": {"uv": [3, 6.5, 4, 8], "texture": "#0"},
				"west": {"uv": [2, 6.5, 3, 8], "texture": "#0"},
				"up": {"uv": [1, 1, 0, 0], "texture": "#0"},
				"down": {"uv": [3, 4, 2, 5], "texture": "#0"}
			}
		},
		{
			"name": "Right Leg Layer",
			"from": [7.65, -10.90676, 22.47561],
			"to": [12.15, -4.40676, 26.97561],
			"rotation": {"angle": -22.5, "axis": "x", "origin": [8, 0.88869, 24.72561]},
			"faces": {
				"north": {"uv": [1, 10.5, 2, 12], "texture": "#0"},
				"east": {"uv": [0, 10.5, 1, 12], "texture": "#0"},
				"south": {"uv": [3, 10.5, 4, 12], "texture": "#0"},
				"west": {"uv": [2, 10.5, 3, 12], "texture": "#0"},
				"up": {"uv": [1, 1, 0, 0], "texture": "#0"},
				"down": {"uv": [3, 8, 2, 9], "texture": "#0"}
			}
		},
		{
			"name": "Left Leg",
			"from": [4.1, -5, 25],
			"to": [8.1, 1, 29],
			"rotation": {"angle": 45, "axis": "x", "origin": [8, 0.54545, 27]},
			"faces": {
				"north": {"uv": [5, 13, 6, 14.5], "texture": "#0"},
				"east": {"uv": [4, 13, 5, 14.5], "texture": "#0"},
				"south": {"uv": [7, 13, 8, 14.5], "texture": "#0"},
				"west": {"uv": [6, 13, 7, 14.5], "texture": "#0"},
				"up": {"uv": [6, 13, 5, 12], "texture": "#0"},
				"down": {"uv": [7, 12, 6, 13], "texture": "#0"}
			}
		},
		{
			"name": "Left Leg Layer",
			"from": [3.85, -5.25, 24.75],
			"to": [8.35, 1.25, 29.25],
			"rotation": {"angle": 45, "axis": "x", "origin": [8, 0.54545, 27]},
			"faces": {
				"north": {"uv": [1, 13, 2, 14.5], "texture": "#0"},
				"east": {"uv": [0, 13, 1, 14.5], "texture": "#0"},
				"south": {"uv": [3, 13, 4, 14.5], "texture": "#0"},
				"west": {"uv": [2, 13, 3, 14.5], "texture": "#0"},
				"up": {"uv": [2, 13, 1, 12], "texture": "#0"},
				"down": {"uv": [1, 0, 0, 1], "texture": "#0"}
			}
		},
		{
			"name": "Left Leg",
			"from": [4.1, -7.96156, 21.66456],
			"to": [8.1, -1.96156, 25.66456],
			"rotation": {"angle": 0, "axis": "x", "origin": [8, 3.58389, 23.66456]},
			"faces": {
				"north": {"uv": [5, 14.5, 6, 16], "texture": "#0"},
				"east": {"uv": [4, 14.5, 5, 16], "texture": "#0"},
				"south": {"uv": [7, 14.5, 8, 16], "texture": "#0"},
				"west": {"uv": [6, 14.5, 7, 16], "texture": "#0"},
				"up": {"uv": [1, 1, 0, 0], "texture": "#0"},
				"down": {"uv": [7, 12, 6, 13], "texture": "#0"}
			}
		},
		{
			"name": "Left Leg Layer",
			"from": [3.85, -8.21156, 21.41456],
			"to": [8.35, -1.71156, 25.91456],
			"rotation": {"angle": 0, "axis": "x", "origin": [8, 3.58389, 23.66456]},
			"faces": {
				"north": {"uv": [1, 14.5, 2, 16], "texture": "#0"},
				"east": {"uv": [0, 14.5, 1, 16], "texture": "#0"},
				"south": {"uv": [3, 14.5, 4, 16], "texture": "#0"},
				"west": {"uv": [2, 14.5, 3, 16], "texture": "#0"},
				"up": {"uv": [1, 1, 0, 0], "texture": "#0"},
				"down": {"uv": [3, 12, 2, 13], "texture": "#0"}
			}
		},
		{
			"from": [11, 11, 19],
			"to": [12, 12, 22],
			"rotation": {"angle": 0, "axis": "y", "origin": [11.5, 11.5, 19]},
			"faces": {
				"north": {"uv": [5.75, 5.25, 6, 5.5], "texture": "#0"},
				"east": {"uv": [5.75, 6.25, 6.25, 6.5], "texture": "#0"},
				"south": {"uv": [6, 5.25, 6.25, 5.5], "texture": "#0"},
				"west": {"uv": [5.75, 6.25, 6.25, 6.5], "texture": "#0"},
				"up": {"uv": [6, 6.25, 6.25, 7], "texture": "#0"},
				"down": {"uv": [5.75, 6.25, 6, 7], "texture": "#0"}
			}
		},
		{
			"from": [9.85195, 11, 16.22836],
			"to": [10.85195, 12, 19.22836],
			"rotation": {"angle": 22.5, "axis": "y", "origin": [10.35195, 11.5, 16.22836]},
			"faces": {
				"north": {"uv": [5.75, 5.25, 6, 5.5], "texture": "#0"},
				"east": {"uv": [5.75, 6.25, 6.25, 6.5], "texture": "#0"},
				"south": {"uv": [6, 5.25, 6.25, 5.5], "texture": "#0"},
				"west": {"uv": [5.75, 6.25, 6.25, 6.5], "texture": "#0"},
				"up": {"uv": [6, 6.25, 6.25, 7], "texture": "#0"},
				"down": {"uv": [5.75, 6.25, 6, 7], "texture": "#0"}
			}
		},
		{
			"from": [9.85195, 9.85195, 13.45672],
			"to": [10.85195, 10.85195, 16.45672],
			"rotation": {"angle": -22.5, "axis": "x", "origin": [10.35195, 10.35195, 13.45672]},
			"faces": {
				"north": {"uv": [5.75, 5.25, 6, 5.5], "texture": "#0"},
				"east": {"uv": [5.75, 6.25, 6.25, 6.5], "texture": "#0"},
				"south": {"uv": [6, 5.25, 6.25, 5.5], "texture": "#0"},
				"west": {"uv": [5.75, 6.25, 6.25, 6.5], "texture": "#0"},
				"up": {"uv": [6, 6.25, 6.25, 7], "texture": "#0"},
				"down": {"uv": [5.75, 6.25, 6, 7], "texture": "#0"}
			}
		},
		{
			"from": [9.85195, 7.73063, 11.3354],
			"to": [10.85195, 8.73063, 14.3354],
			"rotation": {"angle": -45, "axis": "x", "origin": [10.35195, 8.23063, 11.3354]},
			"faces": {
				"north": {"uv": [5.75, 5.25, 6, 5.5], "texture": "#0"},
				"east": {"uv": [5.75, 6.25, 6.25, 6.5], "texture": "#0"},
				"south": {"uv": [6, 5.25, 6.25, 5.5], "texture": "#0"},
				"west": {"uv": [5.75, 6.25, 6.25, 6.5], "texture": "#0"},
				"up": {"uv": [6, 6.25, 6.25, 7], "texture": "#0"},
				"down": {"uv": [5.75, 6.25, 6, 7], "texture": "#0"}
			}
		},
		{
			"from": [9.85195, 7.73063, 8.3354],
			"to": [10.85195, 8.73063, 11.3354],
			"rotation": {"angle": 0, "axis": "x", "origin": [10.35195, 8.23063, 8.3354]},
			"faces": {
				"north": {"uv": [5.75, 5.25, 6, 5.5], "texture": "#0"},
				"east": {"uv": [5.75, 6.25, 6.25, 6.5], "texture": "#0"},
				"south": {"uv": [6, 5.25, 6.25, 5.5], "texture": "#0"},
				"west": {"uv": [5.75, 6.25, 6.25, 6.5], "texture": "#0"},
				"up": {"uv": [6, 6.25, 6.25, 7], "texture": "#0"},
				"down": {"uv": [5.75, 6.25, 6, 7], "texture": "#0"}
			}
		},
		{
			"from": [8.7039, 7.73063, 5.56376],
			"to": [9.7039, 8.73063, 8.56376],
			"rotation": {"angle": 22.5, "axis": "y", "origin": [9.2039, 8.23063, 5.56376]},
			"faces": {
				"north": {"uv": [5.75, 5.25, 6, 5.5], "texture": "#0"},
				"east": {"uv": [5.75, 6.25, 6.25, 6.5], "texture": "#0"},
				"south": {"uv": [6, 5.25, 6.25, 5.5], "texture": "#0"},
				"west": {"uv": [5.75, 6.25, 6.25, 6.5], "texture": "#0"},
				"up": {"uv": [6, 6.25, 6.25, 7], "texture": "#0"},
				"down": {"uv": [5.75, 6.25, 6, 7], "texture": "#0"}
			}
		},
		{
			"from": [8.7039, 8.87868, 2.79213],
			"to": [9.7039, 9.87868, 5.79213],
			"rotation": {"angle": 22.5, "axis": "x", "origin": [9.2039, 9.37868, 2.79213]},
			"faces": {
				"north": {"uv": [5.75, 5.25, 6, 5.5], "texture": "#0"},
				"east": {"uv": [5.75, 6.25, 6.25, 6.5], "texture": "#0"},
				"south": {"uv": [6, 5.25, 6.25, 5.5], "texture": "#0"},
				"west": {"uv": [5.75, 6.25, 6.25, 6.5], "texture": "#0"},
				"up": {"uv": [6, 6.25, 6.25, 7], "texture": "#0"},
				"down": {"uv": [5.75, 6.25, 6, 7], "texture": "#0"}
			}
		},
		{
			"from": [8.7039, 10.02673, 0.02049],
			"to": [9.7039, 11.02673, 3.02049],
			"rotation": {"angle": 22.5, "axis": "x", "origin": [9.2039, 10.52673, 0.02049]},
			"faces": {
				"north": {"uv": [5.75, 5.25, 6, 5.5], "texture": "#0"},
				"east": {"uv": [5.75, 6.25, 6.25, 6.5], "texture": "#0"},
				"south": {"uv": [6, 5.25, 6.25, 5.5], "texture": "#0"},
				"west": {"uv": [5.75, 6.25, 6.25, 6.5], "texture": "#0"},
				"up": {"uv": [6, 6.25, 6.25, 7], "texture": "#0"},
				"down": {"uv": [5.75, 6.25, 6, 7], "texture": "#0"}
			}
		},
		{
			"from": [8.7039, 10.02673, -2.97951],
			"to": [9.7039, 11.02673, 0.02049],
			"rotation": {"angle": 0, "axis": "x", "origin": [9.2039, 10.52673, -2.97951]},
			"faces": {
				"north": {"uv": [5.75, 5.25, 6, 5.5], "texture": "#0"},
				"east": {"uv": [5.75, 6.25, 6.25, 6.5], "texture": "#0"},
				"south": {"uv": [6, 5.25, 6.25, 5.5], "texture": "#0"},
				"west": {"uv": [5.75, 6.25, 6.25, 6.5], "texture": "#0"},
				"up": {"uv": [6, 6.25, 6.25, 7], "texture": "#0"},
				"down": {"uv": [5.75, 6.25, 6, 7], "texture": "#0"}
			}
		},
		{
			"from": [9.85195, 10.02673, -5.75115],
			"to": [10.85195, 11.02673, -2.75115],
			"rotation": {"angle": -22.5, "axis": "y", "origin": [10.35195, 10.52673, -5.75115]},
			"faces": {
				"north": {"uv": [5.75, 5.25, 6, 5.5], "texture": "#0"},
				"east": {"uv": [5.75, 6.25, 6.25, 6.5], "texture": "#0"},
				"south": {"uv": [6, 5.25, 6.25, 5.5], "texture": "#0"},
				"west": {"uv": [5.75, 6.25, 6.25, 6.5], "texture": "#0"},
				"up": {"uv": [6, 6.25, 6.25, 7], "texture": "#0"},
				"down": {"uv": [5.75, 6.25, 6, 7], "texture": "#0"}
			}
		},
		{
			"from": [9.85195, 10.02673, -8.75115],
			"to": [10.85195, 11.02673, -5.75115],
			"rotation": {"angle": 0, "axis": "y", "origin": [10.35195, 10.52673, -8.75115]},
			"faces": {
				"north": {"uv": [5.75, 5.25, 6, 5.5], "texture": "#0"},
				"east": {"uv": [5.75, 6.25, 6.25, 6.5], "texture": "#0"},
				"south": {"uv": [6, 5.25, 6.25, 5.5], "texture": "#0"},
				"west": {"uv": [5.75, 6.25, 6.25, 6.5], "texture": "#0"},
				"up": {"uv": [6, 6.25, 6.25, 7], "texture": "#0"},
				"down": {"uv": [5.75, 6.25, 6, 7], "texture": "#0"}
			}
		},
		{
			"from": [9.85195, 10.02673, -11.75115],
			"to": [10.85195, 11.02673, -8.75115],
			"rotation": {"angle": 45, "axis": "y", "origin": [10.35195, 10.52673, -8.75115]},
			"faces": {
				"north": {"uv": [5.75, 5.25, 6, 5.5], "texture": "#0"},
				"east": {"uv": [5.75, 6.25, 6.25, 6.5], "texture": "#0"},
				"south": {"uv": [6, 5.25, 6.25, 5.5], "texture": "#0"},
				"west": {"uv": [5.75, 6.25, 6.25, 6.5], "texture": "#0"},
				"up": {"uv": [6, 6.25, 6.25, 7], "texture": "#0"},
				"down": {"uv": [5.75, 6.25, 6, 7], "texture": "#0"}
			}
		}
	],
	"display": {
		"head": {
			"translation": [0, -14.5, -30],
			"scale": [1.6, 1.6, 1.6]
		}
	},
	"groups": [
		{
			"name": "Head",
			"origin": [0, 24, 0],
			"color": 0,
			"children": [0, 1]
		},
		{
			"name": "Body",
			"origin": [0, 24, 0],
			"color": 0,
			"children": [
				2,
				3,
				{
					"name": "Body",
					"origin": [0, 24, 0],
					"color": 0,
					"children": [4, 5]
				}
			]
		},
		{
			"name": "RightArm",
			"origin": [5, 21.5, 0],
			"color": 0,
			"children": [6, 7, 8, 9]
		},
		{
			"name": "LeftArm",
			"origin": [-5, 21.5, 0],
			"color": 0,
			"children": [10, 11, 12, 13]
		},
		{
			"name": "RightLeg",
			"origin": [1.9, 12, 0],
			"color": 0,
			"children": [
				14,
				15,
				{
					"name": "RightLeg",
					"origin": [1.9, 12, 0],
					"color": 0,
					"children": [16, 17]
				}
			]
		},
		{
			"name": "LeftLeg",
			"origin": [-1.9, 12, 0],
			"color": 0,
			"children": [
				18,
				19,
				{
					"name": "LeftLeg",
					"origin": [-1.9, 12, 0],
					"color": 0,
					"children": [20, 21]
				}
			]
		},
		22,
		23,
		24,
		25,
		26,
		27,
		28,
		29,
		30,
		31,
		32,
		33
	]
}