{
	"credit": "Made with Blockbench",
	"texture_size": [64, 64],
	"textures": {
		"0": "nw:stand/base/the_hand",
		"1": "nw:stand/base/special/hand_erasure",
		"particle": "nw:stand/base/special/hand_erasure"
	},
	"elements": [
		{
			"name": "Head",
			"from": [4, 11, 0],
			"to": [12, 19, 8],
			"rotation": {"angle": 0, "axis": "x", "origin": [8, 0, 8]},
			"faces": {
				"north": {"uv": [2, 2, 4, 4], "texture": "#0"},
				"east": {"uv": [0, 2, 2, 4], "texture": "#0"},
				"south": {"uv": [6, 2, 8, 4], "texture": "#0"},
				"west": {"uv": [4, 2, 6, 4], "texture": "#0"},
				"up": {"uv": [4, 2, 2, 0], "texture": "#0"},
				"down": {"uv": [6, 0, 4, 2], "texture": "#0"}
			}
		},
		{
			"name": "Hat Layer",
			"from": [3.5, 10.5, -0.5],
			"to": [12.5, 19.5, 8.5],
			"rotation": {"angle": 0, "axis": "x", "origin": [8, 0, 8]},
			"faces": {
				"north": {"uv": [10, 2, 12, 4], "texture": "#0"},
				"east": {"uv": [8, 2, 10, 4], "texture": "#0"},
				"south": {"uv": [14, 2, 16, 4], "texture": "#0"},
				"west": {"uv": [12, 2, 14, 4], "texture": "#0"},
				"up": {"uv": [12, 2, 10, 0], "texture": "#0"},
				"down": {"uv": [14, 0, 12, 2], "texture": "#0"}
			}
		},
		{
			"name": "Body",
			"from": [4, 6, 5.75],
			"to": [12, 12, 10.25],
			"rotation": {"angle": -22.5, "axis": "x", "origin": [8, 0, 8]},
			"faces": {
				"north": {"uv": [5, 5, 7, 6.5], "texture": "#0"},
				"east": {"uv": [4, 5, 5, 6.5], "texture": "#0"},
				"south": {"uv": [8, 5, 10, 6.5], "texture": "#0"},
				"west": {"uv": [7, 5, 8, 6.5], "texture": "#0"},
				"up": {"uv": [7, 5, 5, 4], "texture": "#0"},
				"down": {"uv": [9, 4, 7, 5], "texture": "#0"}
			}
		},
		{
			"name": "Body Layer",
			"from": [3.75, 5.75, 5.5],
			"to": [12.25, 12.25, 10.5],
			"rotation": {"angle": -22.5, "axis": "x", "origin": [8, 0, 8]},
			"faces": {
				"north": {"uv": [5, 9, 7, 10.5], "texture": "#0"},
				"east": {"uv": [4, 9, 5, 10.5], "texture": "#0"},
				"south": {"uv": [8, 9, 10, 10.5], "texture": "#0"},
				"west": {"uv": [7, 9, 8, 10.5], "texture": "#0"},
				"up": {"uv": [7, 9, 5, 8], "texture": "#0"},
				"down": {"uv": [2, 0, 0, 1], "texture": "#0"}
			}
		},
		{
			"name": "Body",
			"from": [4.25, 0, 6],
			"to": [11.75, 6, 10],
			"rotation": {"angle": -22.5, "axis": "x", "origin": [8, 0, 8]},
			"faces": {
				"north": {"uv": [5, 6.5, 7, 8], "texture": "#0"},
				"east": {"uv": [4, 6.5, 5, 8], "texture": "#0"},
				"south": {"uv": [8, 6.5, 10, 8], "texture": "#0"},
				"west": {"uv": [7, 6.5, 8, 8], "texture": "#0"},
				"up": {"uv": [7, 6.5, 5, 5.5], "texture": "#0"},
				"down": {"uv": [9, 5.5, 7, 6.5], "texture": "#0"}
			}
		},
		{
			"name": "Body Layer",
			"from": [4, -0.25, 5.75],
			"to": [12, 6.25, 10.25],
			"rotation": {"angle": -22.5, "axis": "x", "origin": [8, 0, 8]},
			"faces": {
				"north": {"uv": [5, 10.5, 7, 12], "texture": "#0"},
				"east": {"uv": [4, 10.5, 5, 12], "texture": "#0"},
				"south": {"uv": [8, 10.5, 10, 12], "texture": "#0"},
				"west": {"uv": [7, 10.5, 8, 12], "texture": "#0"},
				"up": {"uv": [2, 1, 0, 0], "texture": "#0"},
				"down": {"uv": [9, 9.5, 7, 10.5], "texture": "#0"}
			}
		},
		{
			"name": "Right Arm",
			"from": [12, 4.00208, 1.98954],
			"to": [16, 10.00208, 5.98954],
			"rotation": {"angle": 22.5, "axis": "x", "origin": [13, 9, 3]},
			"faces": {
				"north": {"uv": [10, 5, 11, 6.5], "texture": "#0"},
				"east": {"uv": [13, 5, 14, 6.5], "texture": "#0"},
				"south": {"uv": [12, 5, 13, 6.5], "texture": "#0"},
				"west": {"uv": [11, 5, 12, 6.5], "texture": "#0"},
				"up": {"uv": [12, 5, 11, 4], "rotation": 270, "texture": "#0"},
				"down": {"uv": [13, 4, 12, 5], "rotation": 90, "texture": "#0"}
			}
		},
		{
			"name": "Right Arm Layer",
			"from": [11.75, 3.75208, 1.73954],
			"to": [16.25, 10.25208, 6.23954],
			"rotation": {"angle": 22.5, "axis": "x", "origin": [13, 9, 3]},
			"faces": {
				"north": {"uv": [10, 9, 11, 10.5], "texture": "#0"},
				"east": {"uv": [13, 9, 14, 10.5], "texture": "#0"},
				"south": {"uv": [12, 9, 13, 10.5], "texture": "#0"},
				"west": {"uv": [11, 9, 12, 10.5], "texture": "#0"},
				"up": {"uv": [12, 9, 11, 8], "rotation": 270, "texture": "#0"},
				"down": {"uv": [1, 0, 0, 1], "rotation": 90, "texture": "#0"}
			}
		},
		{
			"name": "Right Arm",
			"from": [12, -1.99792, 1.98954],
			"to": [16, 4.00208, 5.98954],
			"rotation": {"angle": 22.5, "axis": "x", "origin": [13, 9, 3]},
			"faces": {
				"north": {"uv": [10, 6.5, 11, 8], "texture": "#0"},
				"east": {"uv": [13, 6.5, 14, 8], "texture": "#0"},
				"south": {"uv": [12, 6.5, 13, 8], "texture": "#0"},
				"west": {"uv": [11, 6.5, 12, 8], "texture": "#0"},
				"up": {"uv": [12, 6.5, 11, 5.5], "rotation": 270, "texture": "#0"},
				"down": {"uv": [13, 4, 12, 5], "rotation": 90, "texture": "#0"}
			}
		},
		{
			"name": "Right Arm Layer",
			"from": [11.75, -2.24792, 1.73954],
			"to": [16.25, 4.25208, 6.23954],
			"rotation": {"angle": 22.5, "axis": "x", "origin": [13, 9, 3]},
			"faces": {
				"north": {"uv": [10, 10.5, 11, 12], "texture": "#0"},
				"east": {"uv": [13, 10.5, 14, 12], "texture": "#0"},
				"south": {"uv": [12, 10.5, 13, 12], "texture": "#0"},
				"west": {"uv": [11, 10.5, 12, 12], "texture": "#0"},
				"up": {"uv": [1, 1, 0, 0], "rotation": 270, "texture": "#0"},
				"down": {"uv": [13, 8, 12, 9], "rotation": 90, "texture": "#0"}
			}
		},
		{
			"from": [12, -0.19239, -3.36396],
			"to": [16, 9.80761, -1.36396],
			"rotation": {"angle": 0, "axis": "x", "origin": [13, 9, 3]},
			"faces": {
				"north": {"uv": [0, 0, 2.5, 1], "rotation": 90, "texture": "#1"},
				"east": {"uv": [0, 0, 2.5, 0.5], "rotation": 270, "texture": "#1"},
				"south": {"uv": [0, 0, 2.5, 1], "rotation": 270, "texture": "#1"},
				"west": {"uv": [0, 0, 2.5, 0.5], "rotation": 270, "texture": "#1"},
				"up": {"uv": [0, 0, 0.5, 1], "rotation": 270, "texture": "#1"},
				"down": {"uv": [0, 0, 0.5, 1], "rotation": 270, "texture": "#1"}
			}
		},
		{
			"from": [12, 2, -8],
			"to": [16, 7, -6],
			"rotation": {"angle": -45, "axis": "x", "origin": [13, 9, 3]},
			"faces": {
				"north": {"uv": [0, 0, 1.25, 1], "rotation": 90, "texture": "#1"},
				"east": {"uv": [0, 0, 1.25, 0.5], "rotation": 270, "texture": "#1"},
				"south": {"uv": [0, 0, 1.25, 1], "rotation": 270, "texture": "#1"},
				"west": {"uv": [0, 0, 1.25, 0.5], "rotation": 270, "texture": "#1"},
				"up": {"uv": [0, 0, 0.5, 1], "rotation": 270, "texture": "#1"},
				"down": {"uv": [0, 0, 0.5, 1], "rotation": 270, "texture": "#1"}
			}
		},
		{
			"name": "Left Arm",
			"from": [0, 7, 2],
			"to": [4, 13, 6],
			"rotation": {"angle": -22.5, "axis": "x", "origin": [2, 10, 8]},
			"faces": {
				"north": {"uv": [9, 13, 10, 14.5], "texture": "#0"},
				"east": {"uv": [8, 13, 9, 14.5], "texture": "#0"},
				"south": {"uv": [11, 13, 12, 14.5], "texture": "#0"},
				"west": {"uv": [10, 13, 11, 14.5], "texture": "#0"},
				"up": {"uv": [10, 13, 9, 12], "texture": "#0"},
				"down": {"uv": [11, 12, 10, 13], "texture": "#0"}
			}
		},
		{
			"name": "Left Arm Layer",
			"from": [-0.25, 6.75, 1.75],
			"to": [4.25, 13.25, 6.25],
			"rotation": {"angle": -22.5, "axis": "x", "origin": [2, 10, 8]},
			"faces": {
				"north": {"uv": [13, 13, 14, 14.5], "texture": "#0"},
				"east": {"uv": [12, 13, 13, 14.5], "texture": "#0"},
				"south": {"uv": [15, 13, 16, 14.5], "texture": "#0"},
				"west": {"uv": [14, 13, 15, 14.5], "texture": "#0"},
				"up": {"uv": [14, 13, 13, 12], "texture": "#0"},
				"down": {"uv": [1, 0, 0, 1], "texture": "#0"}
			}
		},
		{
			"name": "Left Arm",
			"from": [0, 1, 2],
			"to": [4, 7, 6],
			"rotation": {"angle": -22.5, "axis": "x", "origin": [2, 10, 8]},
			"faces": {
				"north": {"uv": [9, 14.5, 10, 16], "texture": "#0"},
				"east": {"uv": [8, 14.5, 9, 16], "texture": "#0"},
				"south": {"uv": [11, 14.5, 12, 16], "texture": "#0"},
				"west": {"uv": [10, 14.5, 11, 16], "texture": "#0"},
				"up": {"uv": [10, 14.5, 9, 13.5], "texture": "#0"},
				"down": {"uv": [11, 12, 10, 13], "texture": "#0"}
			}
		},
		{
			"name": "Left Arm Layer",
			"from": [-0.25, 0.75, 1.75],
			"to": [4.25, 7.25, 6.25],
			"rotation": {"angle": -22.5, "axis": "x", "origin": [2, 10, 8]},
			"faces": {
				"north": {"uv": [13, 14.5, 14, 16], "texture": "#0"},
				"east": {"uv": [12, 14.5, 13, 16], "texture": "#0"},
				"south": {"uv": [15, 14.5, 16, 16], "texture": "#0"},
				"west": {"uv": [14, 14.5, 15, 16], "texture": "#0"},
				"up": {"uv": [1, 1, 0, 0], "texture": "#0"},
				"down": {"uv": [15, 12, 14, 13], "texture": "#0"}
			}
		},
		{
			"name": "Right Leg",
			"from": [7.9, -6, 6],
			"to": [11.65, 0, 10],
			"rotation": {"angle": -22.5, "axis": "x", "origin": [8, 0, 8]},
			"faces": {
				"north": {"uv": [1, 5, 2, 6.5], "texture": "#0"},
				"east": {"uv": [0, 5, 1, 6.5], "texture": "#0"},
				"south": {"uv": [3, 5, 4, 6.5], "texture": "#0"},
				"west": {"uv": [2, 5, 3, 6.5], "texture": "#0"},
				"up": {"uv": [2, 5, 1, 4], "texture": "#0"},
				"down": {"uv": [3, 4, 2, 5], "texture": "#0"}
			}
		},
		{
			"name": "Right Leg Layer",
			"from": [7.65, -6.25, 5.75],
			"to": [11.9, 0.25, 10.25],
			"rotation": {"angle": -22.5, "axis": "x", "origin": [8, 0, 8]},
			"faces": {
				"north": {"uv": [1, 9, 2, 10.5], "texture": "#0"},
				"east": {"uv": [0, 9, 1, 10.5], "texture": "#0"},
				"south": {"uv": [3, 9, 4, 10.5], "texture": "#0"},
				"west": {"uv": [2, 9, 3, 10.5], "texture": "#0"},
				"up": {"uv": [2, 9, 1, 8], "texture": "#0"},
				"down": {"uv": [1, 0, 0, 1], "texture": "#0"}
			}
		},
		{
			"name": "Right Leg",
			"from": [7.9, -12, 6],
			"to": [11.65, -6, 10],
			"rotation": {"angle": -22.5, "axis": "x", "origin": [8, 0, 8]},
			"faces": {
				"north": {"uv": [1, 6.5, 2, 8], "texture": "#0"},
				"east": {"uv": [0, 6.5, 1, 8], "texture": "#0"},
				"south": {"uv": [3, 6.5, 4, 8], "texture": "#0"},
				"west": {"uv": [2, 6.5, 3, 8], "texture": "#0"},
				"up": {"uv": [2, 6.5, 1, 5.5], "texture": "#0"},
				"down": {"uv": [3, 4, 2, 5], "texture": "#0"}
			}
		},
		{
			"name": "Right Leg Layer",
			"from": [7.65, -12.25, 5.75],
			"to": [11.9, -5.75, 10.25],
			"rotation": {"angle": -22.5, "axis": "x", "origin": [8, 0, 8]},
			"faces": {
				"north": {"uv": [1, 10.5, 2, 12], "texture": "#0"},
				"east": {"uv": [0, 10.5, 1, 12], "texture": "#0"},
				"south": {"uv": [3, 10.5, 4, 12], "texture": "#0"},
				"west": {"uv": [2, 10.5, 3, 12], "texture": "#0"},
				"up": {"uv": [1, 1, 0, 0], "texture": "#0"},
				"down": {"uv": [3, 8, 2, 9], "texture": "#0"}
			}
		},
		{
			"name": "Left Leg",
			"from": [4.35, -6, 6],
			"to": [8.1, 0, 10],
			"rotation": {"angle": 0, "axis": "y", "origin": [8, 0, 8]},
			"faces": {
				"north": {"uv": [5, 13, 6, 14.5], "texture": "#0"},
				"east": {"uv": [4, 13, 5, 14.5], "texture": "#0"},
				"south": {"uv": [7, 13, 8, 14.5], "texture": "#0"},
				"west": {"uv": [6, 13, 7, 14.5], "texture": "#0"},
				"up": {"uv": [6, 13, 5, 12], "texture": "#0"},
				"down": {"uv": [7, 12, 6, 13], "texture": "#0"}
			}
		},
		{
			"name": "Left Leg Layer",
			"from": [4.1, -6.25, 5.75],
			"to": [8.35, 0.25, 10.25],
			"rotation": {"angle": 0, "axis": "y", "origin": [8, 0, 8]},
			"faces": {
				"north": {"uv": [1, 13, 2, 14.5], "texture": "#0"},
				"east": {"uv": [0, 13, 1, 14.5], "texture": "#0"},
				"south": {"uv": [3, 13, 4, 14.5], "texture": "#0"},
				"west": {"uv": [2, 13, 3, 14.5], "texture": "#0"},
				"up": {"uv": [2, 13, 1, 12], "texture": "#0"},
				"down": {"uv": [1, 0, 0, 1], "texture": "#0"}
			}
		},
		{
			"name": "Left Leg",
			"from": [4.35, -12, 6],
			"to": [8.1, -6, 10],
			"rotation": {"angle": 0, "axis": "y", "origin": [8, 0, 8]},
			"faces": {
				"north": {"uv": [5, 14.5, 6, 16], "texture": "#0"},
				"east": {"uv": [4, 14.5, 5, 16], "texture": "#0"},
				"south": {"uv": [7, 14.5, 8, 16], "texture": "#0"},
				"west": {"uv": [6, 14.5, 7, 16], "texture": "#0"},
				"up": {"uv": [6, 14.5, 5, 13.5], "texture": "#0"},
				"down": {"uv": [7, 12, 6, 13], "texture": "#0"}
			}
		},
		{
			"name": "Left Leg Layer",
			"from": [4.1, -12.25, 5.75],
			"to": [8.35, -5.75, 10.25],
			"rotation": {"angle": 0, "axis": "y", "origin": [8, 0, 8]},
			"faces": {
				"north": {"uv": [1, 14.5, 2, 16], "texture": "#0"},
				"east": {"uv": [0, 14.5, 1, 16], "texture": "#0"},
				"south": {"uv": [3, 14.5, 4, 16], "texture": "#0"},
				"west": {"uv": [2, 14.5, 3, 16], "texture": "#0"},
				"up": {"uv": [1, 1, 0, 0], "texture": "#0"},
				"down": {"uv": [3, 12, 2, 13], "texture": "#0"}
			}
		}
	],
	"display": {
		"head": {
			"translation": [0, -12.75, 0],
			"scale": [1.6, 1.6, 1.6]
		}
	},
	"groups": [
		{
			"name": "Head",
			"origin": [0, 24, 0],
			"color": 0,
			"children": [0, 1]
		},
		{
			"name": "Body",
			"origin": [0, 24, 0],
			"color": 0,
			"children": [
				2,
				3,
				{
					"name": "Body",
					"origin": [0, 24, 0],
					"color": 0,
					"children": [4, 5]
				}
			]
		},
		{
			"name": "RightArm",
			"origin": [5, 22, 0],
			"color": 0,
			"children": [
				6,
				7,
				{
					"name": "RightArm",
					"origin": [5, 22, 0],
					"color": 0,
					"children": [8, 9, 10, 11]
				}
			]
		},
		{
			"name": "LeftArm",
			"origin": [-5, 22, 0],
			"color": 0,
			"children": [
				12,
				13,
				{
					"name": "LeftArm",
					"origin": [-5, 22, 0],
					"color": 0,
					"children": [14, 15]
				}
			]
		},
		{
			"name": "RightLeg",
			"origin": [1.9, 12, 0],
			"color": 0,
			"children": [
				16,
				17,
				{
					"name": "RightLeg",
					"origin": [1.9, 12, 0],
					"color": 0,
					"children": [18, 19]
				}
			]
		},
		{
			"name": "LeftLeg",
			"origin": [-1.9, 12, 0],
			"color": 0,
			"children": [
				20,
				21,
				{
					"name": "LeftLeg",
					"origin": [-1.9, 12, 0],
					"color": 0,
					"children": [22, 23]
				}
			]
		}
	]
}