{
	"credit": "Made with Blockbench",
	"texture_size": [32, 32],
	"textures": {
		"0": "nw:stand/base/special/zipper",
		"particle": "nw:stand/base/special/zipper"
	},
	"elements": [
		{
			"from": [2, 0, 0],
			"to": [3, 1, 16],
			"faces": {
				"north": {"uv": [4, 4, 4.5, 4.5], "texture": "#0"},
				"east": {"uv": [0, 0, 8, 0.5], "texture": "#0"},
				"south": {"uv": [4, 4.5, 4.5, 5], "texture": "#0"},
				"west": {"uv": [0, 0.5, 8, 1], "texture": "#0"},
				"up": {"uv": [0.5, 9, 0, 1], "texture": "#0"},
				"down": {"uv": [1, 1, 0.5, 9], "texture": "#0"}
			}
		},
		{
			"from": [2, 0, 0],
			"to": [14, 0, 16],
			"faces": {
				"north": {"uv": [12, 11, 12.5, 11.5], "texture": "#0"},
				"east": {"uv": [8, 9, 16, 9.5], "texture": "#0"},
				"south": {"uv": [12, 11.5, 12.5, 12], "texture": "#0"},
				"west": {"uv": [8, 9.5, 16, 10], "texture": "#0"},
				"up": {"uv": [8.5, 16, 8, 9], "texture": "#0"},
				"down": {"uv": [9, 9, 8.5, 16], "texture": "#0"}
			}
		},
		{
			"from": [13, 0, 0],
			"to": [14, 1, 16],
			"faces": {
				"north": {"uv": [4.5, 4, 5, 4.5], "texture": "#0"},
				"east": {"uv": [1, 1, 9, 1.5], "texture": "#0"},
				"south": {"uv": [4.5, 4.5, 5, 5], "texture": "#0"},
				"west": {"uv": [1, 1.5, 9, 2], "texture": "#0"},
				"up": {"uv": [1.5, 10, 1, 2], "texture": "#0"},
				"down": {"uv": [2, 2, 1.5, 10], "texture": "#0"}
			}
		},
		{
			"from": [12, 0, 0],
			"to": [13, 1, 16],
			"faces": {
				"north": {"uv": [4, 5, 4.5, 5.5], "texture": "#0"},
				"east": {"uv": [2, 2, 10, 2.5], "texture": "#0"},
				"south": {"uv": [5, 4, 5.5, 4.5], "texture": "#0"},
				"west": {"uv": [2, 2.5, 10, 3], "texture": "#0"},
				"up": {"uv": [2.5, 11, 2, 3], "texture": "#0"},
				"down": {"uv": [3, 3, 2.5, 11], "texture": "#0"}
			}
		},
		{
			"from": [11, 0, 15],
			"to": [12, 1, 16],
			"faces": {
				"north": {"uv": [5, 5, 5.5, 5.5], "texture": "#0"},
				"east": {"uv": [4, 5.5, 4.5, 6], "texture": "#0"},
				"south": {"uv": [5.5, 4, 6, 4.5], "texture": "#0"},
				"west": {"uv": [4.5, 5.5, 5, 6], "texture": "#0"},
				"up": {"uv": [6, 5, 5.5, 4.5], "texture": "#0"},
				"down": {"uv": [5.5, 5.5, 5, 6], "texture": "#0"}
			}
		},
		{
			"from": [11, 0, 13],
			"to": [12, 1, 14],
			"faces": {
				"north": {"uv": [5.5, 5, 6, 5.5], "texture": "#0"},
				"east": {"uv": [5.5, 5.5, 6, 6], "texture": "#0"},
				"south": {"uv": [4, 6, 4.5, 6.5], "texture": "#0"},
				"west": {"uv": [6, 4, 6.5, 4.5], "texture": "#0"},
				"up": {"uv": [5, 6.5, 4.5, 6], "texture": "#0"},
				"down": {"uv": [6.5, 4.5, 6, 5], "texture": "#0"}
			}
		},
		{
			"from": [11, 0, 9],
			"to": [12, 1, 10],
			"faces": {
				"north": {"uv": [6.5, 4, 7, 4.5], "texture": "#0"},
				"east": {"uv": [4.5, 6.5, 5, 7], "texture": "#0"},
				"south": {"uv": [6.5, 4.5, 7, 5], "texture": "#0"},
				"west": {"uv": [5, 6.5, 5.5, 7], "texture": "#0"},
				"up": {"uv": [7, 5.5, 6.5, 5], "texture": "#0"},
				"down": {"uv": [6, 6.5, 5.5, 7], "texture": "#0"}
			}
		},
		{
			"from": [11, 0, 11],
			"to": [12, 1, 12],
			"faces": {
				"north": {"uv": [5, 6, 5.5, 6.5], "texture": "#0"},
				"east": {"uv": [6, 5, 6.5, 5.5], "texture": "#0"},
				"south": {"uv": [5.5, 6, 6, 6.5], "texture": "#0"},
				"west": {"uv": [6, 5.5, 6.5, 6], "texture": "#0"},
				"up": {"uv": [6.5, 6.5, 6, 6], "texture": "#0"},
				"down": {"uv": [4.5, 6.5, 4, 7], "texture": "#0"}
			}
		},
		{
			"from": [11, 0, 5],
			"to": [12, 1, 6],
			"faces": {
				"north": {"uv": [4.5, 7, 5, 7.5], "texture": "#0"},
				"east": {"uv": [7, 4.5, 7.5, 5], "texture": "#0"},
				"south": {"uv": [5, 7, 5.5, 7.5], "texture": "#0"},
				"west": {"uv": [7, 5, 7.5, 5.5], "texture": "#0"},
				"up": {"uv": [6, 7.5, 5.5, 7], "texture": "#0"},
				"down": {"uv": [7.5, 5.5, 7, 6], "texture": "#0"}
			}
		},
		{
			"from": [11, 0, 7],
			"to": [12, 1, 8],
			"faces": {
				"north": {"uv": [6.5, 5.5, 7, 6], "texture": "#0"},
				"east": {"uv": [6, 6.5, 6.5, 7], "texture": "#0"},
				"south": {"uv": [6.5, 6, 7, 6.5], "texture": "#0"},
				"west": {"uv": [6.5, 6.5, 7, 7], "texture": "#0"},
				"up": {"uv": [4.5, 7.5, 4, 7], "texture": "#0"},
				"down": {"uv": [7.5, 4, 7, 4.5], "texture": "#0"}
			}
		},
		{
			"from": [11, 0, 1],
			"to": [12, 1, 2],
			"faces": {
				"north": {"uv": [7.5, 4, 8, 4.5], "texture": "#0"},
				"east": {"uv": [4.5, 7.5, 5, 8], "texture": "#0"},
				"south": {"uv": [7.5, 4.5, 8, 5], "texture": "#0"},
				"west": {"uv": [5, 7.5, 5.5, 8], "texture": "#0"},
				"up": {"uv": [8, 5.5, 7.5, 5], "texture": "#0"},
				"down": {"uv": [6, 7.5, 5.5, 8], "texture": "#0"}
			}
		},
		{
			"from": [11, 0, 3],
			"to": [12, 1, 4],
			"faces": {
				"north": {"uv": [6, 7, 6.5, 7.5], "texture": "#0"},
				"east": {"uv": [7, 6, 7.5, 6.5], "texture": "#0"},
				"south": {"uv": [6.5, 7, 7, 7.5], "texture": "#0"},
				"west": {"uv": [7, 6.5, 7.5, 7], "texture": "#0"},
				"up": {"uv": [7.5, 7.5, 7, 7], "texture": "#0"},
				"down": {"uv": [4.5, 7.5, 4, 8], "texture": "#0"}
			}
		},
		{
			"from": [4, 0, 14],
			"to": [5, 1, 15],
			"rotation": {"angle": 0, "axis": "y", "origin": [16, 0, 16]},
			"faces": {
				"north": {"uv": [8.5, 7, 9, 7.5], "texture": "#0"},
				"east": {"uv": [7.5, 8.5, 8, 9], "texture": "#0"},
				"south": {"uv": [8.5, 7.5, 9, 8], "texture": "#0"},
				"west": {"uv": [8, 8.5, 8.5, 9], "texture": "#0"},
				"up": {"uv": [9, 8.5, 8.5, 8], "texture": "#0"},
				"down": {"uv": [9, 8.5, 8.5, 9], "texture": "#0"}
			}
		},
		{
			"from": [4, 0, 12],
			"to": [5, 1, 13],
			"rotation": {"angle": 0, "axis": "y", "origin": [16, 0, 16]},
			"faces": {
				"north": {"uv": [8.5, 5.5, 9, 6], "texture": "#0"},
				"east": {"uv": [6, 8.5, 6.5, 9], "texture": "#0"},
				"south": {"uv": [8.5, 6, 9, 6.5], "texture": "#0"},
				"west": {"uv": [6.5, 8.5, 7, 9], "texture": "#0"},
				"up": {"uv": [9, 7, 8.5, 6.5], "texture": "#0"},
				"down": {"uv": [7.5, 8.5, 7, 9], "texture": "#0"}
			}
		},
		{
			"from": [4, 0, 10],
			"to": [5, 1, 11],
			"rotation": {"angle": 0, "axis": "y", "origin": [16, 0, 16]},
			"faces": {
				"north": {"uv": [8.5, 4, 9, 4.5], "texture": "#0"},
				"east": {"uv": [4.5, 8.5, 5, 9], "texture": "#0"},
				"south": {"uv": [8.5, 4.5, 9, 5], "texture": "#0"},
				"west": {"uv": [5, 8.5, 5.5, 9], "texture": "#0"},
				"up": {"uv": [9, 5.5, 8.5, 5], "texture": "#0"},
				"down": {"uv": [6, 8.5, 5.5, 9], "texture": "#0"}
			}
		},
		{
			"from": [4, 0, 8],
			"to": [5, 1, 9],
			"rotation": {"angle": 0, "axis": "y", "origin": [16, 0, 16]},
			"faces": {
				"north": {"uv": [7.5, 8, 8, 8.5], "texture": "#0"},
				"east": {"uv": [8, 7.5, 8.5, 8], "texture": "#0"},
				"south": {"uv": [8, 8, 8.5, 8.5], "texture": "#0"},
				"west": {"uv": [8.5, 0, 9, 0.5], "texture": "#0"},
				"up": {"uv": [9, 1, 8.5, 0.5], "texture": "#0"},
				"down": {"uv": [4.5, 8.5, 4, 9], "texture": "#0"}
			}
		},
		{
			"from": [4, 0, 6],
			"to": [5, 1, 7],
			"rotation": {"angle": 0, "axis": "y", "origin": [16, 0, 16]},
			"faces": {
				"north": {"uv": [6, 8, 6.5, 8.5], "texture": "#0"},
				"east": {"uv": [8, 6, 8.5, 6.5], "texture": "#0"},
				"south": {"uv": [6.5, 8, 7, 8.5], "texture": "#0"},
				"west": {"uv": [8, 6.5, 8.5, 7], "texture": "#0"},
				"up": {"uv": [7.5, 8.5, 7, 8], "texture": "#0"},
				"down": {"uv": [8.5, 7, 8, 7.5], "texture": "#0"}
			}
		},
		{
			"from": [4, 0, 4],
			"to": [5, 1, 5],
			"rotation": {"angle": 0, "axis": "y", "origin": [16, 0, 16]},
			"faces": {
				"north": {"uv": [4.5, 8, 5, 8.5], "texture": "#0"},
				"east": {"uv": [8, 4.5, 8.5, 5], "texture": "#0"},
				"south": {"uv": [5, 8, 5.5, 8.5], "texture": "#0"},
				"west": {"uv": [8, 5, 8.5, 5.5], "texture": "#0"},
				"up": {"uv": [6, 8.5, 5.5, 8], "texture": "#0"},
				"down": {"uv": [8.5, 5.5, 8, 6], "texture": "#0"}
			}
		},
		{
			"from": [4, 0, 2],
			"to": [5, 1, 3],
			"rotation": {"angle": 0, "axis": "y", "origin": [16, 0, 16]},
			"faces": {
				"north": {"uv": [7.5, 7, 8, 7.5], "texture": "#0"},
				"east": {"uv": [7.5, 7.5, 8, 8], "texture": "#0"},
				"south": {"uv": [8, 0, 8.5, 0.5], "texture": "#0"},
				"west": {"uv": [8, 0.5, 8.5, 1], "texture": "#0"},
				"up": {"uv": [4.5, 8.5, 4, 8], "texture": "#0"},
				"down": {"uv": [8.5, 4, 8, 4.5], "texture": "#0"}
			}
		},
		{
			"from": [4, 0, 0],
			"to": [5, 1, 1],
			"rotation": {"angle": 0, "axis": "y", "origin": [16, 0, 16]},
			"faces": {
				"north": {"uv": [7.5, 5.5, 8, 6], "texture": "#0"},
				"east": {"uv": [6, 7.5, 6.5, 8], "texture": "#0"},
				"south": {"uv": [7.5, 6, 8, 6.5], "texture": "#0"},
				"west": {"uv": [6.5, 7.5, 7, 8], "texture": "#0"},
				"up": {"uv": [8, 7, 7.5, 6.5], "texture": "#0"},
				"down": {"uv": [7.5, 7.5, 7, 8], "texture": "#0"}
			}
		},
		{
			"from": [3, 0, 0],
			"to": [4, 1, 16],
			"faces": {
				"north": {"uv": [4.5, 5, 5, 5.5], "texture": "#0"},
				"east": {"uv": [3, 3, 11, 3.5], "texture": "#0"},
				"south": {"uv": [5, 4.5, 5.5, 5], "texture": "#0"},
				"west": {"uv": [3, 3.5, 11, 4], "texture": "#0"},
				"up": {"uv": [3.5, 12, 3, 4], "texture": "#0"},
				"down": {"uv": [4, 4, 3.5, 12], "texture": "#0"}
			}
		},
		{
			"from": [2, -1, 0],
			"to": [3, 0, 16],
			"rotation": {"angle": 0, "axis": "y", "origin": [0, 16, 0]},
			"faces": {
				"north": {"uv": [4, 4.5, 4.5, 4], "texture": "#0"},
				"east": {"uv": [0, 0.5, 8, 0], "texture": "#0"},
				"south": {"uv": [4, 5, 4.5, 4.5], "texture": "#0"},
				"west": {"uv": [0, 1, 8, 0.5], "texture": "#0"},
				"up": {"uv": [1, 9, 0.5, 1], "texture": "#0"},
				"down": {"uv": [0.5, 1, 0, 9], "texture": "#0"}
			}
		},
		{
			"from": [13, -1, 0],
			"to": [14, 0, 16],
			"rotation": {"angle": 0, "axis": "y", "origin": [0, 16, 0]},
			"faces": {
				"north": {"uv": [4.5, 4.5, 5, 4], "texture": "#0"},
				"east": {"uv": [1, 1.5, 9, 1], "texture": "#0"},
				"south": {"uv": [4.5, 5, 5, 4.5], "texture": "#0"},
				"west": {"uv": [1, 2, 9, 1.5], "texture": "#0"},
				"up": {"uv": [2, 10, 1.5, 2], "texture": "#0"},
				"down": {"uv": [1.5, 2, 1, 10], "texture": "#0"}
			}
		},
		{
			"from": [12, -1, 0],
			"to": [13, 0, 16],
			"rotation": {"angle": 0, "axis": "y", "origin": [0, 16, 0]},
			"faces": {
				"north": {"uv": [4, 5.5, 4.5, 5], "texture": "#0"},
				"east": {"uv": [2, 2.5, 10, 2], "texture": "#0"},
				"south": {"uv": [5, 4.5, 5.5, 4], "texture": "#0"},
				"west": {"uv": [2, 3, 10, 2.5], "texture": "#0"},
				"up": {"uv": [3, 11, 2.5, 3], "texture": "#0"},
				"down": {"uv": [2.5, 3, 2, 11], "texture": "#0"}
			}
		},
		{
			"from": [3, -1, 0],
			"to": [4, 0, 16],
			"rotation": {"angle": 0, "axis": "y", "origin": [0, 16, 0]},
			"faces": {
				"north": {"uv": [4.5, 5.5, 5, 5], "texture": "#0"},
				"east": {"uv": [3, 3.5, 11, 3], "texture": "#0"},
				"south": {"uv": [5, 5, 5.5, 4.5], "texture": "#0"},
				"west": {"uv": [3, 4, 11, 3.5], "texture": "#0"},
				"up": {"uv": [4, 12, 3.5, 4], "texture": "#0"},
				"down": {"uv": [3.5, 4, 3, 12], "texture": "#0"}
			}
		},
		{
			"from": [11, -1, 15],
			"to": [12, 0, 16],
			"rotation": {"angle": 0, "axis": "y", "origin": [0, 16, 0]},
			"faces": {
				"north": {"uv": [5, 5.5, 5.5, 5], "texture": "#0"},
				"east": {"uv": [4, 6, 4.5, 5.5], "texture": "#0"},
				"south": {"uv": [5.5, 4.5, 6, 4], "texture": "#0"},
				"west": {"uv": [4.5, 6, 5, 5.5], "texture": "#0"},
				"up": {"uv": [5.5, 6, 5, 5.5], "texture": "#0"},
				"down": {"uv": [6, 4.5, 5.5, 5], "texture": "#0"}
			}
		},
		{
			"from": [11, -1, 13],
			"to": [12, 0, 14],
			"rotation": {"angle": 0, "axis": "y", "origin": [0, 16, 0]},
			"faces": {
				"north": {"uv": [5.5, 5.5, 6, 5], "texture": "#0"},
				"east": {"uv": [5.5, 6, 6, 5.5], "texture": "#0"},
				"south": {"uv": [4, 6.5, 4.5, 6], "texture": "#0"},
				"west": {"uv": [6, 4.5, 6.5, 4], "texture": "#0"},
				"up": {"uv": [6.5, 5, 6, 4.5], "texture": "#0"},
				"down": {"uv": [5, 6, 4.5, 6.5], "texture": "#0"}
			}
		},
		{
			"from": [11, -1, 11],
			"to": [12, 0, 12],
			"rotation": {"angle": 0, "axis": "y", "origin": [0, 16, 0]},
			"faces": {
				"north": {"uv": [5, 6.5, 5.5, 6], "texture": "#0"},
				"east": {"uv": [6, 5.5, 6.5, 5], "texture": "#0"},
				"south": {"uv": [5.5, 6.5, 6, 6], "texture": "#0"},
				"west": {"uv": [6, 6, 6.5, 5.5], "texture": "#0"},
				"up": {"uv": [4.5, 7, 4, 6.5], "texture": "#0"},
				"down": {"uv": [6.5, 6, 6, 6.5], "texture": "#0"}
			}
		},
		{
			"from": [11, -1, 9],
			"to": [12, 0, 10],
			"rotation": {"angle": 0, "axis": "y", "origin": [0, 16, 0]},
			"faces": {
				"north": {"uv": [6.5, 4.5, 7, 4], "texture": "#0"},
				"east": {"uv": [4.5, 7, 5, 6.5], "texture": "#0"},
				"south": {"uv": [6.5, 5, 7, 4.5], "texture": "#0"},
				"west": {"uv": [5, 7, 5.5, 6.5], "texture": "#0"},
				"up": {"uv": [6, 7, 5.5, 6.5], "texture": "#0"},
				"down": {"uv": [7, 5, 6.5, 5.5], "texture": "#0"}
			}
		},
		{
			"from": [11, -1, 7],
			"to": [12, 0, 8],
			"rotation": {"angle": 0, "axis": "y", "origin": [0, 16, 0]},
			"faces": {
				"north": {"uv": [6.5, 6, 7, 5.5], "texture": "#0"},
				"east": {"uv": [6, 7, 6.5, 6.5], "texture": "#0"},
				"south": {"uv": [6.5, 6.5, 7, 6], "texture": "#0"},
				"west": {"uv": [6.5, 7, 7, 6.5], "texture": "#0"},
				"up": {"uv": [7.5, 4.5, 7, 4], "texture": "#0"},
				"down": {"uv": [4.5, 7, 4, 7.5], "texture": "#0"}
			}
		},
		{
			"from": [11, -1, 5],
			"to": [12, 0, 6],
			"rotation": {"angle": 0, "axis": "y", "origin": [0, 16, 0]},
			"faces": {
				"north": {"uv": [4.5, 7.5, 5, 7], "texture": "#0"},
				"east": {"uv": [7, 5, 7.5, 4.5], "texture": "#0"},
				"south": {"uv": [5, 7.5, 5.5, 7], "texture": "#0"},
				"west": {"uv": [7, 5.5, 7.5, 5], "texture": "#0"},
				"up": {"uv": [7.5, 6, 7, 5.5], "texture": "#0"},
				"down": {"uv": [6, 7, 5.5, 7.5], "texture": "#0"}
			}
		},
		{
			"from": [11, -1, 3],
			"to": [12, 0, 4],
			"rotation": {"angle": 0, "axis": "y", "origin": [0, 16, 0]},
			"faces": {
				"north": {"uv": [6, 7.5, 6.5, 7], "texture": "#0"},
				"east": {"uv": [7, 6.5, 7.5, 6], "texture": "#0"},
				"south": {"uv": [6.5, 7.5, 7, 7], "texture": "#0"},
				"west": {"uv": [7, 7, 7.5, 6.5], "texture": "#0"},
				"up": {"uv": [4.5, 8, 4, 7.5], "texture": "#0"},
				"down": {"uv": [7.5, 7, 7, 7.5], "texture": "#0"}
			}
		},
		{
			"from": [11, -1, 1],
			"to": [12, 0, 2],
			"rotation": {"angle": 0, "axis": "y", "origin": [0, 16, 0]},
			"faces": {
				"north": {"uv": [7.5, 4.5, 8, 4], "texture": "#0"},
				"east": {"uv": [4.5, 8, 5, 7.5], "texture": "#0"},
				"south": {"uv": [7.5, 5, 8, 4.5], "texture": "#0"},
				"west": {"uv": [5, 8, 5.5, 7.5], "texture": "#0"},
				"up": {"uv": [6, 8, 5.5, 7.5], "texture": "#0"},
				"down": {"uv": [8, 5, 7.5, 5.5], "texture": "#0"}
			}
		},
		{
			"from": [4, -1, 0],
			"to": [5, 0, 1],
			"rotation": {"angle": 0, "axis": "y", "origin": [16, 16, 16]},
			"faces": {
				"north": {"uv": [7.5, 6, 8, 5.5], "texture": "#0"},
				"east": {"uv": [6, 8, 6.5, 7.5], "texture": "#0"},
				"south": {"uv": [7.5, 6.5, 8, 6], "texture": "#0"},
				"west": {"uv": [6.5, 8, 7, 7.5], "texture": "#0"},
				"up": {"uv": [7.5, 8, 7, 7.5], "texture": "#0"},
				"down": {"uv": [8, 6.5, 7.5, 7], "texture": "#0"}
			}
		},
		{
			"from": [4, -1, 2],
			"to": [5, 0, 3],
			"rotation": {"angle": 0, "axis": "y", "origin": [16, 16, 16]},
			"faces": {
				"north": {"uv": [7.5, 7.5, 8, 7], "texture": "#0"},
				"east": {"uv": [7.5, 8, 8, 7.5], "texture": "#0"},
				"south": {"uv": [8, 0.5, 8.5, 0], "texture": "#0"},
				"west": {"uv": [8, 1, 8.5, 0.5], "texture": "#0"},
				"up": {"uv": [8.5, 4.5, 8, 4], "texture": "#0"},
				"down": {"uv": [4.5, 8, 4, 8.5], "texture": "#0"}
			}
		},
		{
			"from": [4, -1, 4],
			"to": [5, 0, 5],
			"rotation": {"angle": 0, "axis": "y", "origin": [16, 16, 16]},
			"faces": {
				"north": {"uv": [4.5, 8.5, 5, 8], "texture": "#0"},
				"east": {"uv": [8, 5, 8.5, 4.5], "texture": "#0"},
				"south": {"uv": [5, 8.5, 5.5, 8], "texture": "#0"},
				"west": {"uv": [8, 5.5, 8.5, 5], "texture": "#0"},
				"up": {"uv": [8.5, 6, 8, 5.5], "texture": "#0"},
				"down": {"uv": [6, 8, 5.5, 8.5], "texture": "#0"}
			}
		},
		{
			"from": [4, -1, 6],
			"to": [5, 0, 7],
			"rotation": {"angle": 0, "axis": "y", "origin": [16, 16, 16]},
			"faces": {
				"north": {"uv": [6, 8.5, 6.5, 8], "texture": "#0"},
				"east": {"uv": [8, 6.5, 8.5, 6], "texture": "#0"},
				"south": {"uv": [6.5, 8.5, 7, 8], "texture": "#0"},
				"west": {"uv": [8, 7, 8.5, 6.5], "texture": "#0"},
				"up": {"uv": [8.5, 7.5, 8, 7], "texture": "#0"},
				"down": {"uv": [7.5, 8, 7, 8.5], "texture": "#0"}
			}
		},
		{
			"from": [4, -1, 8],
			"to": [5, 0, 9],
			"rotation": {"angle": 0, "axis": "y", "origin": [16, 16, 16]},
			"faces": {
				"north": {"uv": [7.5, 8.5, 8, 8], "texture": "#0"},
				"east": {"uv": [8, 8, 8.5, 7.5], "texture": "#0"},
				"south": {"uv": [8, 8.5, 8.5, 8], "texture": "#0"},
				"west": {"uv": [8.5, 0.5, 9, 0], "texture": "#0"},
				"up": {"uv": [4.5, 9, 4, 8.5], "texture": "#0"},
				"down": {"uv": [9, 0.5, 8.5, 1], "texture": "#0"}
			}
		},
		{
			"from": [4, -1, 10],
			"to": [5, 0, 11],
			"rotation": {"angle": 0, "axis": "y", "origin": [16, 16, 16]},
			"faces": {
				"north": {"uv": [8.5, 4.5, 9, 4], "texture": "#0"},
				"east": {"uv": [4.5, 9, 5, 8.5], "texture": "#0"},
				"south": {"uv": [8.5, 5, 9, 4.5], "texture": "#0"},
				"west": {"uv": [5, 9, 5.5, 8.5], "texture": "#0"},
				"up": {"uv": [6, 9, 5.5, 8.5], "texture": "#0"},
				"down": {"uv": [9, 5, 8.5, 5.5], "texture": "#0"}
			}
		},
		{
			"from": [4, -1, 12],
			"to": [5, 0, 13],
			"rotation": {"angle": 0, "axis": "y", "origin": [16, 16, 16]},
			"faces": {
				"north": {"uv": [8.5, 6, 9, 5.5], "texture": "#0"},
				"east": {"uv": [6, 9, 6.5, 8.5], "texture": "#0"},
				"south": {"uv": [8.5, 6.5, 9, 6], "texture": "#0"},
				"west": {"uv": [6.5, 9, 7, 8.5], "texture": "#0"},
				"up": {"uv": [7.5, 9, 7, 8.5], "texture": "#0"},
				"down": {"uv": [9, 6.5, 8.5, 7], "texture": "#0"}
			}
		},
		{
			"from": [4, -1, 14],
			"to": [5, 0, 15],
			"rotation": {"angle": 0, "axis": "y", "origin": [16, 16, 16]},
			"faces": {
				"north": {"uv": [8.5, 7.5, 9, 7], "texture": "#0"},
				"east": {"uv": [7.5, 9, 8, 8.5], "texture": "#0"},
				"south": {"uv": [8.5, 8, 9, 7.5], "texture": "#0"},
				"west": {"uv": [8, 9, 8.5, 8.5], "texture": "#0"},
				"up": {"uv": [9, 9, 8.5, 8.5], "texture": "#0"},
				"down": {"uv": [9, 8, 8.5, 8.5], "texture": "#0"}
			}
		},
		{
			"from": [2, 0, 0],
			"to": [14, 0, 16],
			"rotation": {"angle": 0, "axis": "y", "origin": [0, 16, 0]},
			"faces": {
				"north": {"uv": [12, 11.5, 12.5, 11], "texture": "#0"},
				"east": {"uv": [8, 9.5, 16, 9], "texture": "#0"},
				"south": {"uv": [12, 12, 12.5, 11.5], "texture": "#0"},
				"west": {"uv": [8, 10, 16, 9.5], "texture": "#0"},
				"up": {"uv": [9, 16, 8.5, 9], "texture": "#0"},
				"down": {"uv": [8.5, 9, 8, 16], "texture": "#0"}
			}
		}
	],
	"display": {
		"head": {
			"rotation": [90, 0, 0],
			"translation": [0, -19.5, 22.75],
			"scale": [2.17, 2, 3.11]
		}
	}
}