{
	"credit": "Made with Blockbench",
	"textures": {
		"0": "head/tangmi",
		"particle": "head/tangmi"
	},
	"elements": [
		{
			"from": [4, 2, 4],
			"to": [12, 10, 4],
			"rotation": {"angle": 0, "axis": "y", "origin": [12, 10, 12]},
			"faces": {
				"north": {"uv": [4, 4, 8, 8], "texture": "#0"},
				"east": {"uv": [0, 4, 4, 8], "texture": "#missing"},
				"south": {"uv": [4, 4, 8, 8], "texture": "#0"},
				"west": {"uv": [8, 4, 12, 8], "texture": "#missing"},
				"up": {"uv": [6, 0, 8, 4], "texture": "#missing"},
				"down": {"uv": [4, 8, 6, 12], "texture": "#missing"}
			}
		},
		{
			"from": [4, 2, 12],
			"to": [12, 10, 12],
			"rotation": {"angle": 0, "axis": "y", "origin": [12, 10, 12]},
			"faces": {
				"north": {"uv": [12, 4, 16, 8], "texture": "#0"},
				"east": {"uv": [0, 4, 4, 8], "texture": "#missing"},
				"south": {"uv": [12, 4, 16, 8], "texture": "#0"},
				"west": {"uv": [8, 4, 12, 8], "texture": "#missing"},
				"up": {"uv": [6, 0, 8, 4], "texture": "#missing"},
				"down": {"uv": [4, 8, 6, 12], "texture": "#missing"}
			}
		},
		{
			"from": [12, 2, 4],
			"to": [12, 10, 12],
			"rotation": {"angle": 0, "axis": "y", "origin": [12, 10, 12]},
			"faces": {
				"north": {"uv": [12, 4, 16, 8], "texture": "#missing"},
				"east": {"uv": [0, 4, 4, 8], "texture": "#0"},
				"south": {"uv": [12, 4, 16, 8], "texture": "#missing"},
				"west": {"uv": [8, 4, 12, 8], "texture": "#0"},
				"up": {"uv": [6, 0, 8, 4], "texture": "#missing"},
				"down": {"uv": [4, 8, 6, 12], "texture": "#missing"}
			}
		},
		{
			"from": [4, 2, 4],
			"to": [4, 10, 12],
			"rotation": {"angle": 0, "axis": "y", "origin": [12, 10, 12]},
			"faces": {
				"north": {"uv": [12, 4, 16, 8], "texture": "#missing"},
				"east": {"uv": [0, 4, 4, 8], "texture": "#0"},
				"south": {"uv": [12, 4, 16, 8], "texture": "#missing"},
				"west": {"uv": [8, 4, 12, 8], "texture": "#0"},
				"up": {"uv": [6, 0, 8, 4], "texture": "#missing"},
				"down": {"uv": [4, 8, 6, 12], "texture": "#missing"}
			}
		},
		{
			"from": [4, 2, 4],
			"to": [12, 2, 12],
			"rotation": {"angle": 0, "axis": "y", "origin": [12, 10, 12]},
			"faces": {
				"north": {"uv": [12, 4, 16, 8], "texture": "#missing"},
				"east": {"uv": [0, 4, 4, 8], "texture": "#missing"},
				"south": {"uv": [12, 4, 16, 8], "texture": "#missing"},
				"west": {"uv": [8, 4, 12, 8], "texture": "#missing"},
				"up": {"uv": [8, 0, 12, 4], "texture": "#0"},
				"down": {"uv": [8, 0, 12, 4], "texture": "#0"}
			}
		},
		{
			"from": [4, 10, 4],
			"to": [12, 10, 12],
			"rotation": {"angle": 0, "axis": "y", "origin": [12, 10, 12]},
			"faces": {
				"north": {"uv": [12, 4, 16, 8], "texture": "#missing"},
				"east": {"uv": [0, 4, 4, 8], "texture": "#missing"},
				"south": {"uv": [12, 4, 16, 8], "texture": "#missing"},
				"west": {"uv": [8, 4, 12, 8], "texture": "#missing"},
				"up": {"uv": [4, 0, 8, 4], "texture": "#0"},
				"down": {"uv": [4, 0, 8, 4], "texture": "#0"}
			}
		},
		{
			"from": [3.5, 1.5, 3.5],
			"to": [12.5, 10.5, 3.5],
			"rotation": {"angle": 0, "axis": "y", "origin": [12, 10, 12]},
			"faces": {
				"north": {"uv": [4, 12, 8, 16], "texture": "#0"},
				"east": {"uv": [0, 4, 4, 8], "texture": "#missing"},
				"south": {"uv": [4, 12, 8, 16], "texture": "#0"},
				"west": {"uv": [8, 4, 12, 8], "texture": "#missing"},
				"up": {"uv": [6, 0, 8, 4], "texture": "#missing"},
				"down": {"uv": [4, 8, 6, 12], "texture": "#missing"}
			}
		},
		{
			"from": [3.5, 1.5, 12.5],
			"to": [12.5, 10.5, 12.5],
			"rotation": {"angle": 0, "axis": "y", "origin": [12, 10, 12]},
			"faces": {
				"north": {"uv": [12, 12, 16, 16], "texture": "#0"},
				"east": {"uv": [0, 4, 4, 8], "texture": "#missing"},
				"south": {"uv": [12, 12, 16, 16], "texture": "#0"},
				"west": {"uv": [8, 4, 12, 8], "texture": "#missing"},
				"up": {"uv": [6, 0, 8, 4], "texture": "#missing"},
				"down": {"uv": [4, 8, 6, 12], "texture": "#missing"}
			}
		},
		{
			"from": [12.5, 1.5, 3.5],
			"to": [12.5, 10.5, 12.5],
			"rotation": {"angle": 0, "axis": "y", "origin": [12, 10, 12]},
			"faces": {
				"north": {"uv": [12, 4, 16, 8], "texture": "#missing"},
				"east": {"uv": [0, 12, 4, 16], "texture": "#0"},
				"south": {"uv": [12, 4, 16, 8], "texture": "#missing"},
				"west": {"uv": [8, 12, 12, 16], "texture": "#0"},
				"up": {"uv": [6, 0, 8, 4], "texture": "#missing"},
				"down": {"uv": [4, 8, 6, 12], "texture": "#missing"}
			}
		},
		{
			"from": [3.5, 1.5, 3.5],
			"to": [3.5, 10.5, 12.5],
			"rotation": {"angle": 0, "axis": "y", "origin": [12, 10, 12]},
			"faces": {
				"north": {"uv": [12, 4, 16, 8], "texture": "#missing"},
				"east": {"uv": [0, 12, 4, 16], "texture": "#0"},
				"south": {"uv": [12, 4, 16, 8], "texture": "#missing"},
				"west": {"uv": [8, 12, 12, 16], "texture": "#0"},
				"up": {"uv": [6, 0, 8, 4], "texture": "#missing"},
				"down": {"uv": [4, 8, 6, 12], "texture": "#missing"}
			}
		},
		{
			"from": [3.5, 1.5, 3.5],
			"to": [12.5, 1.5, 12.5],
			"rotation": {"angle": 0, "axis": "y", "origin": [12, 10, 12]},
			"faces": {
				"north": {"uv": [12, 4, 16, 8], "texture": "#missing"},
				"east": {"uv": [0, 4, 4, 8], "texture": "#missing"},
				"south": {"uv": [12, 4, 16, 8], "texture": "#missing"},
				"west": {"uv": [8, 4, 12, 8], "texture": "#missing"},
				"up": {"uv": [12, 8, 16, 12], "texture": "#0"},
				"down": {"uv": [8, 8, 12, 12], "texture": "#0"}
			}
		},
		{
			"from": [3.5, 10.5, 3.5],
			"to": [12.5, 10.5, 12.5],
			"rotation": {"angle": 0, "axis": "y", "origin": [12, 10, 12]},
			"faces": {
				"north": {"uv": [12, 4, 16, 8], "texture": "#missing"},
				"east": {"uv": [0, 4, 4, 8], "texture": "#missing"},
				"south": {"uv": [12, 4, 16, 8], "texture": "#missing"},
				"west": {"uv": [8, 4, 12, 8], "texture": "#missing"},
				"up": {"uv": [4, 8, 8, 12], "texture": "#0"},
				"down": {"uv": [4, 8, 8, 12], "texture": "#0"}
			}
		}
	],
	"display": {
		"thirdperson_righthand": {
			"scale": [0, 0, 0]
		},
		"thirdperson_lefthand": {
			"scale": [0, 0, 0]
		},
		"firstperson_righthand": {
			"rotation": [20, -160, 0],
			"translation": [-9, 10, -5]
		},
		"gui": {
			"rotation": [35.5, -144.25, 0],
			"translation": [0, 1.75, 0]
		},
		"head": {
			"rotation": [-180, 0, 0],
			"translation": [0, 4.5, 0],
			"scale": [-1.85, -1.85, -1.85]
		}
	},
	"groups": [
		{
			"name": "group",
			"origin": [12, 10, 12],
			"color": 0,
			"children": [0, 1, 2, 3, 4, 5]
		},
		{
			"name": "group",
			"origin": [12, 10, 12],
			"color": 0,
			"children": [6, 7, 8, 9, 10, 11]
		}
	]
}