{
	"credit": "Made with Blockbench",
	"texture_size": [32, 32],
	"textures": {
		"0": "gun/57usg/57usg",
		"particle": "gun/57usg/57usg"
	},
	"elements": [
		{
			"from": [7.6, 1.9, 11.8],
			"to": [8.4, 4.4, 13],
			"rotation": {"angle": 0, "axis": "y", "origin": [8, 1.9, 10]},
			"faces": {
				"north": {"uv": [2, 3, 2.375, 4.25], "texture": "#0"},
				"east": {"uv": [1, 0, 1.625, 1.25], "texture": "#0"},
				"south": {"uv": [3, 2, 3.375, 3.25], "texture": "#0"},
				"west": {"uv": [1, 1.5, 1.625, 2.75], "texture": "#0"},
				"up": {"uv": [0.375, 5.125, 0, 4.5], "texture": "#0"},
				"down": {"uv": [2.375, 4.5, 2, 5.125], "texture": "#0"}
			}
		},
		{
			"from": [7.6, 1.9, 13],
			"to": [8.4, 2.9, 13.2],
			"rotation": {"angle": 0, "axis": "y", "origin": [0, 1.9, 0]},
			"faces": {
				"north": {"uv": [5, 3.5, 5.375, 4], "texture": "#0"},
				"east": {"uv": [0.5, 8, 0.625, 8.5], "texture": "#0"},
				"south": {"uv": [5, 4, 5.375, 4.5], "texture": "#0"},
				"west": {"uv": [8, 0.5, 8.125, 1], "texture": "#0"},
				"up": {"uv": [2.875, 8.125, 2.5, 8], "texture": "#0"},
				"down": {"uv": [8.375, 3, 8, 3.125], "texture": "#0"}
			}
		},
		{
			"from": [7.6, -2.15142, 14.00479],
			"to": [8.4, -1.55142, 14.20479],
			"rotation": {"angle": -22.5, "axis": "x", "origin": [0, -2.15142, 1.00479]},
			"faces": {
				"north": {"uv": [3.5, 6.5, 3.875, 6.8125], "texture": "#0"},
				"east": {"uv": [8.5, 6.5, 8.625, 6.8125], "texture": "#0"},
				"south": {"uv": [5, 6.5, 5.375, 6.8125], "texture": "#0"},
				"west": {"uv": [7, 8.5, 7.125, 8.8125], "texture": "#0"},
				"up": {"uv": [8.375, 3.625, 8, 3.5], "texture": "#0"},
				"down": {"uv": [4.375, 8, 4, 8.125], "texture": "#0"}
			}
		},
		{
			"from": [7.6, 1.9, 11.7],
			"to": [8.4, 2, 11.8],
			"rotation": {"angle": 0, "axis": "y", "origin": [0, 1.9, 0]},
			"faces": {
				"north": {"uv": [9.5, 0, 9.875, 0.0625], "texture": "#0"},
				"east": {"uv": [2, 11, 2.0625, 11.0625], "texture": "#0"},
				"south": {"uv": [9.5, 0.5, 9.875, 0.5625], "texture": "#0"},
				"west": {"uv": [11, 2, 11.0625, 2.0625], "texture": "#0"},
				"up": {"uv": [9.875, 1.0625, 9.5, 1], "texture": "#0"},
				"down": {"uv": [9.875, 1.5, 9.5, 1.5625], "texture": "#0"}
			}
		},
		{
			"from": [7.6, -6.34386, 15.19756],
			"to": [8.4, -6.24386, 15.39756],
			"rotation": {"angle": -45, "axis": "x", "origin": [0, -6.34386, 3.49756]},
			"faces": {
				"north": {"uv": [9.5, 2, 9.875, 2.0625], "texture": "#0"},
				"east": {"uv": [10.5, 7, 10.625, 7.0625], "texture": "#0"},
				"south": {"uv": [9.5, 2.5, 9.875, 2.5625], "texture": "#0"},
				"west": {"uv": [7.5, 10.5, 7.625, 10.5625], "texture": "#0"},
				"up": {"uv": [8.375, 4.125, 8, 4], "texture": "#0"},
				"down": {"uv": [4.875, 8, 4.5, 8.125], "texture": "#0"}
			}
		},
		{
			"from": [7.6, 4.4, 10.2],
			"to": [8.4, 5.1, 13.825],
			"rotation": {"angle": 0, "axis": "y", "origin": [0, 1.9, 0]},
			"faces": {
				"north": {"uv": [0.5, 6.5, 0.875, 6.875], "texture": "#0"},
				"east": {"uv": [2, 0, 3.8125, 0.375], "texture": "#0"},
				"south": {"uv": [6.5, 0.5, 6.875, 0.875], "texture": "#0"},
				"west": {"uv": [2, 0.5, 3.8125, 0.875], "texture": "#0"},
				"up": {"uv": [2.375, 2.8125, 2, 1], "texture": "#0"},
				"down": {"uv": [0.375, 2.5, 0, 4.3125], "texture": "#0"}
			}
		},
		{
			"from": [7.6, 4.4, 13.8],
			"to": [8.4, 4.7, 14],
			"rotation": {"angle": 0, "axis": "y", "origin": [0, 1.9, 0]},
			"faces": {
				"north": {"uv": [8, 4.5, 8.375, 4.625], "texture": "#0"},
				"east": {"uv": [7, 10, 7.125, 10.125], "texture": "#0"},
				"south": {"uv": [5, 8, 5.375, 8.125], "texture": "#0"},
				"west": {"uv": [10, 7, 10.125, 7.125], "texture": "#0"},
				"up": {"uv": [8.375, 5.125, 8, 5], "texture": "#0"},
				"down": {"uv": [5.875, 8, 5.5, 8.125], "texture": "#0"}
			}
		},
		{
			"from": [7.6, -0.46727, 15.8224],
			"to": [8.4, -0.04227, 16.0224],
			"rotation": {"angle": -22.5, "axis": "x", "origin": [0, -2.96727, 2.0224]},
			"faces": {
				"north": {"uv": [4, 7.5, 4.375, 7.6875], "texture": "#0"},
				"east": {"uv": [3.5, 9.5, 3.625, 9.6875], "texture": "#0"},
				"south": {"uv": [7.5, 4, 7.875, 4.1875], "texture": "#0"},
				"west": {"uv": [4, 9.5, 4.125, 9.6875], "texture": "#0"},
				"up": {"uv": [8.375, 5.625, 8, 5.5], "texture": "#0"},
				"down": {"uv": [6.375, 8, 6, 8.125], "texture": "#0"}
			}
		},
		{
			"from": [7.6, -1.10939, 12.90241],
			"to": [8.4, -0.80939, 13.90241],
			"rotation": {"angle": -22.5, "axis": "x", "origin": [0, 1.89061, 0.10241]},
			"faces": {
				"north": {"uv": [8, 6, 8.375, 6.125], "texture": "#0"},
				"east": {"uv": [1, 8, 1.5, 8.125], "texture": "#0"},
				"south": {"uv": [6.5, 8, 6.875, 8.125], "texture": "#0"},
				"west": {"uv": [8, 1, 8.5, 1.125], "texture": "#0"},
				"up": {"uv": [4.875, 5.5, 4.5, 5], "texture": "#0"},
				"down": {"uv": [5.375, 4.5, 5, 5], "texture": "#0"}
			}
		},
		{
			"from": [7.6, 8.49061, 10.90241],
			"to": [8.4, 9.29061, 11.30241],
			"rotation": {"angle": 22.5, "axis": "x", "origin": [0, 1.89061, 0.10241]},
			"faces": {
				"north": {"uv": [6.5, 1, 6.875, 1.375], "texture": "#0"},
				"east": {"uv": [4.5, 7.5, 4.6875, 7.875], "texture": "#0"},
				"south": {"uv": [1.5, 6.5, 1.875, 6.875], "texture": "#0"},
				"west": {"uv": [7.5, 4.5, 7.6875, 4.875], "texture": "#0"},
				"up": {"uv": [5.375, 7.6875, 5, 7.5], "texture": "#0"},
				"down": {"uv": [7.875, 5, 7.5, 5.1875], "texture": "#0"}
			}
		},
		{
			"from": [7.6, 12.49061, 7.40241],
			"to": [8.4, 13.29061, 7.80241],
			"rotation": {"angle": 45, "axis": "x", "origin": [0, 1.89061, 0.10241]},
			"faces": {
				"north": {"uv": [6.5, 1.5, 6.875, 1.875], "texture": "#0"},
				"east": {"uv": [5.5, 7.5, 5.6875, 7.875], "texture": "#0"},
				"south": {"uv": [2, 6.5, 2.375, 6.875], "texture": "#0"},
				"west": {"uv": [7.5, 5.5, 7.6875, 5.875], "texture": "#0"},
				"up": {"uv": [6.375, 7.6875, 6, 7.5], "texture": "#0"},
				"down": {"uv": [7.875, 6, 7.5, 6.1875], "texture": "#0"}
			}
		},
		{
			"from": [7.6, 5.29289, 11.15563],
			"to": [8.4, 5.59289, 11.45563],
			"rotation": {"angle": -45, "axis": "x", "origin": [8, 3.69289, 11.75563]},
			"faces": {
				"north": {"uv": [7, 8, 7.375, 8.125], "texture": "#0"},
				"east": {"uv": [7.5, 10, 7.625, 10.125], "texture": "#0"},
				"south": {"uv": [8, 7, 8.375, 7.125], "texture": "#0"},
				"west": {"uv": [10, 7.5, 10.125, 7.625], "texture": "#0"},
				"up": {"uv": [7.875, 8.125, 7.5, 8], "texture": "#0"},
				"down": {"uv": [8.375, 7.5, 8, 7.625], "texture": "#0"}
			}
		},
		{
			"from": [7.6, 4.96353, 10.55449],
			"to": [8.4, 5.36353, 10.85449],
			"rotation": {"angle": -22.5, "axis": "x", "origin": [8, 3.36353, 11.15449]},
			"faces": {
				"north": {"uv": [6.5, 7.5, 6.875, 7.6875], "texture": "#0"},
				"east": {"uv": [4.5, 9.5, 4.625, 9.6875], "texture": "#0"},
				"south": {"uv": [7, 7.5, 7.375, 7.6875], "texture": "#0"},
				"west": {"uv": [5, 9.5, 5.125, 9.6875], "texture": "#0"},
				"up": {"uv": [8.375, 8.125, 8, 8], "texture": "#0"},
				"down": {"uv": [0.375, 8.5, 0, 8.625], "texture": "#0"}
			}
		},
		{
			"from": [7.6, 4.8, 9.925],
			"to": [8.4, 5.1, 10.2],
			"rotation": {"angle": 0, "axis": "y", "origin": [0, 1.9, 0]},
			"faces": {
				"north": {"uv": [0.5, 8.5, 0.875, 8.625], "texture": "#0"},
				"east": {"uv": [8, 10, 8.125, 10.125], "texture": "#0"},
				"south": {"uv": [8.5, 0.5, 8.875, 0.625], "texture": "#0"},
				"west": {"uv": [10, 8, 10.125, 8.125], "texture": "#0"},
				"up": {"uv": [1.375, 8.625, 1, 8.5], "texture": "#0"},
				"down": {"uv": [8.875, 1, 8.5, 1.125], "texture": "#0"}
			}
		},
		{
			"from": [7.6, 5.1, 10.2],
			"to": [8.4, 5.9, 13.5],
			"rotation": {"angle": 0, "axis": "y", "origin": [0, 1.9, 0]},
			"faces": {
				"north": {"uv": [6.5, 2, 6.875, 2.375], "texture": "#0"},
				"east": {"uv": [3, 1, 4.625, 1.375], "texture": "#0"},
				"south": {"uv": [2.5, 6.5, 2.875, 6.875], "texture": "#0"},
				"west": {"uv": [3, 1.5, 4.625, 1.875], "texture": "#0"},
				"up": {"uv": [1.375, 4.625, 1, 3], "texture": "#0"},
				"down": {"uv": [1.875, 3, 1.5, 4.625], "texture": "#0"}
			}
		},
		{
			"from": [7.6, 5.44062, 9.64219],
			"to": [8.4, 5.675, 9.75],
			"rotation": {"angle": 0, "axis": "y", "origin": [0, 1.9, 0]},
			"faces": {
				"north": {"uv": [8.5, 1.5, 8.875, 1.625], "texture": "#0"},
				"east": {"uv": [10.5, 7.5, 10.5625, 7.625], "texture": "#0"},
				"south": {"uv": [2, 8.5, 2.375, 8.625], "texture": "#0"},
				"west": {"uv": [8, 10.5, 8.0625, 10.625], "texture": "#0"},
				"up": {"uv": [9.875, 5.0625, 9.5, 5], "texture": "#0"},
				"down": {"uv": [5.875, 9.5, 5.5, 9.5625], "texture": "#0"}
			}
		},
		{
			"from": [7.6, 5.1, 9.9],
			"to": [8.4, 5.7, 10.2],
			"rotation": {"angle": 0, "axis": "y", "origin": [0, 1.9, 0]},
			"faces": {
				"north": {"uv": [5.5, 6.5, 5.875, 6.8125], "texture": "#0"},
				"east": {"uv": [8.5, 7, 8.625, 7.3125], "texture": "#0"},
				"south": {"uv": [6, 6.5, 6.375, 6.8125], "texture": "#0"},
				"west": {"uv": [7.5, 8.5, 7.625, 8.8125], "texture": "#0"},
				"up": {"uv": [8.875, 2.125, 8.5, 2], "texture": "#0"},
				"down": {"uv": [2.875, 8.5, 2.5, 8.625], "texture": "#0"}
			}
		},
		{
			"from": [7.6, -0.04227, 15.8224],
			"to": [8.4, 0.83273, 16.0224],
			"rotation": {"angle": -22.5, "axis": "x", "origin": [0, -2.96727, 2.0224]},
			"faces": {
				"north": {"uv": [1.5, 6, 1.875, 6.4375], "texture": "#0"},
				"east": {"uv": [8, 1.5, 8.125, 1.9375], "texture": "#0"},
				"south": {"uv": [6, 2, 6.375, 2.4375], "texture": "#0"},
				"west": {"uv": [2, 8, 2.125, 8.4375], "texture": "#0"},
				"up": {"uv": [8.875, 2.625, 8.5, 2.5], "texture": "#0"},
				"down": {"uv": [3.375, 8.5, 3, 8.625], "texture": "#0"}
			}
		},
		{
			"from": [7.6, 5.1, 13.5],
			"to": [8.4, 5.4, 13.7],
			"rotation": {"angle": 0, "axis": "y", "origin": [0, 1.9, 0]},
			"faces": {
				"north": {"uv": [8.5, 3, 8.875, 3.125], "texture": "#0"},
				"east": {"uv": [8.5, 10, 8.625, 10.125], "texture": "#0"},
				"south": {"uv": [3.5, 8.5, 3.875, 8.625], "texture": "#0"},
				"west": {"uv": [10, 8.5, 10.125, 8.625], "texture": "#0"},
				"up": {"uv": [8.875, 3.625, 8.5, 3.5], "texture": "#0"},
				"down": {"uv": [4.375, 8.5, 4, 8.625], "texture": "#0"}
			}
		},
		{
			"from": [7.6, 5.36353, 10.55449],
			"to": [8.4, 5.86353, 10.85449],
			"rotation": {"angle": -22.5, "axis": "x", "origin": [8, 3.36353, 11.15449]},
			"faces": {
				"north": {"uv": [7, 0.5, 7.375, 0.75], "texture": "#0"},
				"east": {"uv": [9, 5, 9.125, 5.25], "texture": "#0"},
				"south": {"uv": [1, 7, 1.375, 7.25], "texture": "#0"},
				"west": {"uv": [5.5, 9, 5.625, 9.25], "texture": "#0"},
				"up": {"uv": [8.875, 4.125, 8.5, 4], "texture": "#0"},
				"down": {"uv": [4.875, 8.5, 4.5, 8.625], "texture": "#0"}
			}
		},
		{
			"from": [7.6, 4.70109, 10.0105],
			"to": [8.4, 4.90109, 10.6105],
			"rotation": {"angle": -22.5, "axis": "x", "origin": [8, 4.40109, 7.9105]},
			"faces": {
				"north": {"uv": [8.5, 4.5, 8.875, 4.625], "texture": "#0"},
				"east": {"uv": [8.5, 7.5, 8.8125, 7.625], "texture": "#0"},
				"south": {"uv": [5, 8.5, 5.375, 8.625], "texture": "#0"},
				"west": {"uv": [8, 8.5, 8.3125, 8.625], "texture": "#0"},
				"up": {"uv": [6.875, 6.8125, 6.5, 6.5], "texture": "#0"},
				"down": {"uv": [0.375, 7, 0, 7.3125], "texture": "#0"}
			}
		},
		{
			"from": [7.8, 3.6, 10.9],
			"to": [8.2, 3.7, 11.8],
			"rotation": {"angle": 0, "axis": "y", "origin": [8, 1.9, 10]},
			"faces": {
				"north": {"uv": [10.5, 3.5, 10.6875, 3.5625], "texture": "#0"},
				"east": {"uv": [9, 8.5, 9.4375, 8.5625], "texture": "#0"},
				"south": {"uv": [4, 10.5, 4.1875, 10.5625], "texture": "#0"},
				"west": {"uv": [9, 9, 9.4375, 9.0625], "texture": "#0"},
				"up": {"uv": [7.1875, 2.4375, 7, 2], "texture": "#0"},
				"down": {"uv": [2.6875, 7, 2.5, 7.4375], "texture": "#0"}
			}
		},
		{
			"from": [7.8, 4.03555, 9.91033],
			"to": [8.2, 4.13555, 10.31033],
			"rotation": {"angle": 22.5, "axis": "x", "origin": [8, 2.33555, 9.51033]},
			"faces": {
				"north": {"uv": [10.5, 4, 10.6875, 4.0625], "texture": "#0"},
				"east": {"uv": [4.5, 10.5, 4.6875, 10.5625], "texture": "#0"},
				"south": {"uv": [10.5, 4.5, 10.6875, 4.5625], "texture": "#0"},
				"west": {"uv": [5, 10.5, 5.1875, 10.5625], "texture": "#0"},
				"up": {"uv": [8.6875, 8.1875, 8.5, 8], "texture": "#0"},
				"down": {"uv": [8.6875, 8.5, 8.5, 8.6875], "texture": "#0"}
			}
		},
		{
			"from": [7.8, 3.04162, 10.35371],
			"to": [8.2, 3.84162, 10.45371],
			"rotation": {"angle": -22.5, "axis": "x", "origin": [8, 3.84162, 8.65371]},
			"faces": {
				"north": {"uv": [7.5, 7.5, 7.6875, 7.875], "texture": "#0"},
				"east": {"uv": [9.5, 5.5, 9.5625, 5.875], "texture": "#0"},
				"south": {"uv": [0, 8, 0.1875, 8.375], "texture": "#0"},
				"west": {"uv": [6, 9.5, 6.0625, 9.875], "texture": "#0"},
				"up": {"uv": [10.6875, 5.0625, 10.5, 5], "texture": "#0"},
				"down": {"uv": [5.6875, 10.5, 5.5, 10.5625], "texture": "#0"}
			}
		},
		{
			"from": [7.8, 3.03555, 11.51033],
			"to": [8.2, 3.23555, 11.81033],
			"rotation": {"angle": -45, "axis": "x", "origin": [8, 2.33555, 9.51033]},
			"faces": {
				"north": {"uv": [9.5, 6, 9.6875, 6.125], "texture": "#0"},
				"east": {"uv": [9, 10, 9.125, 10.125], "texture": "#0"},
				"south": {"uv": [6.5, 9.5, 6.6875, 9.625], "texture": "#0"},
				"west": {"uv": [10, 9, 10.125, 9.125], "texture": "#0"},
				"up": {"uv": [9.6875, 6.625, 9.5, 6.5], "texture": "#0"},
				"down": {"uv": [7.1875, 9.5, 7, 9.625], "texture": "#0"}
			}
		},
		{
			"from": [7.8, 1.53555, 11.96033],
			"to": [8.2, 1.78555, 12.23533],
			"rotation": {"angle": -45, "axis": "x", "origin": [8, 2.33555, 9.51033]},
			"faces": {
				"north": {"uv": [9.5, 7, 9.6875, 7.125], "texture": "#0"},
				"east": {"uv": [9.5, 10, 9.625, 10.125], "texture": "#0"},
				"south": {"uv": [7.5, 9.5, 7.6875, 9.625], "texture": "#0"},
				"west": {"uv": [10, 9.5, 10.125, 9.625], "texture": "#0"},
				"up": {"uv": [9.6875, 7.625, 9.5, 7.5], "texture": "#0"},
				"down": {"uv": [8.1875, 9.5, 8, 9.625], "texture": "#0"}
			}
		},
		{
			"from": [7.95, 4.025, 11.3],
			"to": [8.05, 4.4, 11.4],
			"rotation": {"angle": 0, "axis": "y", "origin": [8, 1.9, 10]},
			"faces": {
				"north": {"uv": [10.5, 5.5, 10.5625, 5.6875], "texture": "#0"},
				"east": {"uv": [6, 10.5, 6.0625, 10.6875], "texture": "#0"},
				"south": {"uv": [10.5, 6, 10.5625, 6.1875], "texture": "#0"},
				"west": {"uv": [6.5, 10.5, 6.5625, 10.6875], "texture": "#0"},
				"up": {"uv": [2.5625, 11.0625, 2.5, 11], "texture": "#0"},
				"down": {"uv": [11.0625, 2.5, 11, 2.5625], "texture": "#0"}
			}
		},
		{
			"from": [7.95, 3.19076, 12.01425],
			"to": [8.05, 3.36576, 12.11425],
			"rotation": {"angle": 22.5, "axis": "x", "origin": [8, 5.49076, 13.41425]},
			"faces": {
				"north": {"uv": [3, 11, 3.0625, 11.0625], "texture": "#0"},
				"east": {"uv": [11, 3, 11.0625, 3.0625], "texture": "#0"},
				"south": {"uv": [3.5, 11, 3.5625, 11.0625], "texture": "#0"},
				"west": {"uv": [11, 3.5, 11.0625, 3.5625], "texture": "#0"},
				"up": {"uv": [4.0625, 11.0625, 4, 11], "texture": "#0"},
				"down": {"uv": [11.0625, 4, 11, 4.0625], "texture": "#0"}
			}
		},
		{
			"from": [7.625, 5, 7.7],
			"to": [8.375, 5.6, 10.2],
			"rotation": {"angle": 0, "axis": "y", "origin": [0, 1.9, 0]},
			"faces": {
				"north": {"uv": [7, 0, 7.375, 0.3125], "texture": "#0"},
				"east": {"uv": [3, 3.5, 4.25, 3.8125], "texture": "#0"},
				"south": {"uv": [0.5, 7, 0.875, 7.3125], "texture": "#0"},
				"west": {"uv": [4, 0, 5.25, 0.3125], "texture": "#0"},
				"up": {"uv": [3.875, 3.25, 3.5, 2], "texture": "#0"},
				"down": {"uv": [2.875, 3.5, 2.5, 4.75], "texture": "#0"}
			}
		},
		{
			"from": [7.875, 5.6, 7.7],
			"to": [8.125, 5.85, 10.2],
			"rotation": {"angle": 0, "axis": "y", "origin": [0, 1.9, 0]},
			"faces": {
				"north": {"uv": [10, 10, 10.125, 10.125], "texture": "#0"},
				"east": {"uv": [2.5, 6, 3.75, 6.125], "texture": "#0"},
				"south": {"uv": [0, 10.5, 0.125, 10.625], "texture": "#0"},
				"west": {"uv": [6, 4, 7.25, 4.125], "texture": "#0"},
				"up": {"uv": [4.125, 7.25, 4, 6], "texture": "#0"},
				"down": {"uv": [4.625, 6, 4.5, 7.25], "texture": "#0"}
			}
		},
		{
			"from": [12.74532, 0.93846, 7.7],
			"to": [13.09532, 1.23846, 10.2],
			"rotation": {"angle": 45, "axis": "z", "origin": [4.92032, -2.76154, 0]},
			"faces": {
				"north": {"uv": [9.5, 8, 9.6875, 8.125], "texture": "#0"},
				"east": {"uv": [6, 4.5, 7.25, 4.625], "texture": "#0"},
				"south": {"uv": [8.5, 9.5, 8.6875, 9.625], "texture": "#0"},
				"west": {"uv": [6, 5, 7.25, 5.125], "texture": "#0"},
				"up": {"uv": [4.6875, 3.25, 4.5, 2], "texture": "#0"},
				"down": {"uv": [4.6875, 3.5, 4.5, 4.75], "texture": "#0"}
			}
		},
		{
			"from": [2.90468, 0.93846, 7.7],
			"to": [3.25468, 1.23846, 10.2],
			"rotation": {"angle": -45, "axis": "z", "origin": [11.07968, -2.76154, 0]},
			"faces": {
				"north": {"uv": [9.5, 8.5, 9.6875, 8.625], "texture": "#0"},
				"east": {"uv": [6, 5.5, 7.25, 5.625], "texture": "#0"},
				"south": {"uv": [9, 9.5, 9.1875, 9.625], "texture": "#0"},
				"west": {"uv": [6, 6, 7.25, 6.125], "texture": "#0"},
				"up": {"uv": [0.6875, 6.25, 0.5, 5], "texture": "#0"},
				"down": {"uv": [5.1875, 0.5, 5, 1.75], "texture": "#0"}
			}
		},
		{
			"from": [7.725, 4.9, 7.7],
			"to": [8.275, 5, 10.2],
			"rotation": {"angle": 0, "axis": "y", "origin": [0, 1.9, 0]},
			"faces": {
				"north": {"uv": [10.5, 0, 10.75, 0.0625], "texture": "#0"},
				"east": {"uv": [7, 2.5, 8.25, 2.5625], "texture": "#0"},
				"south": {"uv": [0.5, 10.5, 0.75, 10.5625], "texture": "#0"},
				"west": {"uv": [5, 7, 6.25, 7.0625], "texture": "#0"},
				"up": {"uv": [4.25, 3.25, 4, 2], "texture": "#0"},
				"down": {"uv": [3.25, 4, 3, 5.25], "texture": "#0"}
			}
		},
		{
			"from": [2.75237, 0.35499, 7.7],
			"to": [2.85237, 0.49718, 10.2],
			"rotation": {"angle": 45, "axis": "z", "origin": [-0.24763, 8.62999, 0]},
			"faces": {
				"north": {"uv": [4.5, 11, 4.5625, 11.0625], "texture": "#0"},
				"east": {"uv": [6.5, 7, 7.75, 7.0625], "texture": "#0"},
				"south": {"uv": [11, 4.5, 11.0625, 4.5625], "texture": "#0"},
				"west": {"uv": [7, 6.5, 8.25, 6.5625], "texture": "#0"},
				"up": {"uv": [3.0625, 8.25, 3, 7], "texture": "#0"},
				"down": {"uv": [3.5625, 7, 3.5, 8.25], "texture": "#0"}
			}
		},
		{
			"from": [13.14763, 0.35499, 7.7],
			"to": [13.24763, 0.49718, 10.2],
			"rotation": {"angle": -45, "axis": "z", "origin": [16.24763, 8.62999, 0]},
			"faces": {
				"north": {"uv": [5, 11, 5.0625, 11.0625], "texture": "#0"},
				"east": {"uv": [0, 7.5, 1.25, 7.5625], "texture": "#0"},
				"south": {"uv": [11, 5, 11.0625, 5.0625], "texture": "#0"},
				"west": {"uv": [7.5, 0, 8.75, 0.0625], "texture": "#0"},
				"up": {"uv": [7.5625, 1.75, 7.5, 0.5], "texture": "#0"},
				"down": {"uv": [1.5625, 7.5, 1.5, 8.75], "texture": "#0"}
			}
		},
		{
			"from": [7.725, 4.6, 8.1],
			"to": [8.275, 4.9, 10.2],
			"rotation": {"angle": 0, "axis": "y", "origin": [0, 1.9, 0]},
			"faces": {
				"north": {"uv": [9, 5.5, 9.25, 5.625], "texture": "#0"},
				"east": {"uv": [6.5, 3, 7.5625, 3.125], "texture": "#0"},
				"south": {"uv": [6, 9, 6.25, 9.125], "texture": "#0"},
				"west": {"uv": [6.5, 3.5, 7.5625, 3.625], "texture": "#0"},
				"up": {"uv": [3.75, 5.0625, 3.5, 4], "texture": "#0"},
				"down": {"uv": [4.25, 4, 4, 5.0625], "texture": "#0"}
			}
		},
		{
			"from": [7.725, 2.79033, 4.40215],
			"to": [8.275, 3.19033, 4.60215],
			"rotation": {"angle": -22.5, "axis": "x", "origin": [0, 12.99033, 1.70215]},
			"faces": {
				"north": {"uv": [8.5, 5, 8.75, 5.1875], "texture": "#0"},
				"east": {"uv": [9.5, 9, 9.625, 9.1875], "texture": "#0"},
				"south": {"uv": [5.5, 8.5, 5.75, 8.6875], "texture": "#0"},
				"west": {"uv": [9.5, 9.5, 9.625, 9.6875], "texture": "#0"},
				"up": {"uv": [9.25, 6.125, 9, 6], "texture": "#0"},
				"down": {"uv": [6.75, 9, 6.5, 9.125], "texture": "#0"}
			}
		},
		{
			"name": "hexadecagon",
			"from": [7.94033, 5.1, 6.6],
			"to": [8.05967, 5.7, 7.7],
			"rotation": {"angle": -45, "axis": "z", "origin": [8, 5.4, 7.2]},
			"faces": {
				"north": {"uv": [3, 10, 3.0625, 10.3125], "texture": "#0"},
				"east": {"uv": [5, 5, 5.5625, 5.3125], "texture": "#0"},
				"south": {"uv": [10, 3, 10.0625, 3.3125], "texture": "#0"},
				"west": {"uv": [5.5, 0, 6.0625, 0.3125], "texture": "#0"},
				"up": {"uv": [0.0625, 9.5625, 0, 9], "texture": "#0"},
				"down": {"uv": [9.0625, 0, 9, 0.5625], "texture": "#0"}
			}
		},
		{
			"name": "hexadecagon",
			"from": [7.94033, 5.1, 6.6],
			"to": [8.05967, 5.7, 7.7],
			"rotation": {"angle": -22.5, "axis": "z", "origin": [8, 5.4, 7.2]},
			"faces": {
				"north": {"uv": [3.5, 10, 3.5625, 10.3125], "texture": "#0"},
				"east": {"uv": [5.5, 0.5, 6.0625, 0.8125], "texture": "#0"},
				"south": {"uv": [10, 3.5, 10.0625, 3.8125], "texture": "#0"},
				"west": {"uv": [5.5, 1, 6.0625, 1.3125], "texture": "#0"},
				"up": {"uv": [0.5625, 9.5625, 0.5, 9], "texture": "#0"},
				"down": {"uv": [1.0625, 9, 1, 9.5625], "texture": "#0"}
			}
		},
		{
			"name": "hexadecagon",
			"from": [7.94033, 5.1, 6.6],
			"to": [8.05967, 5.7, 7.7],
			"rotation": {"angle": 0, "axis": "z", "origin": [8, 5.4, 7.2]},
			"faces": {
				"north": {"uv": [4, 10, 4.0625, 10.3125], "texture": "#0"},
				"east": {"uv": [5.5, 1.5, 6.0625, 1.8125], "texture": "#0"},
				"south": {"uv": [10, 4, 10.0625, 4.3125], "texture": "#0"},
				"west": {"uv": [5.5, 2.5, 6.0625, 2.8125], "texture": "#0"},
				"up": {"uv": [9.0625, 1.5625, 9, 1], "texture": "#0"},
				"down": {"uv": [1.5625, 9, 1.5, 9.5625], "texture": "#0"}
			}
		},
		{
			"name": "hexadecagon",
			"from": [7.94033, 5.1, 6.6],
			"to": [8.05967, 5.7, 7.7],
			"rotation": {"angle": 22.5, "axis": "z", "origin": [8, 5.4, 7.2]},
			"faces": {
				"north": {"uv": [4.5, 10, 4.5625, 10.3125], "texture": "#0"},
				"east": {"uv": [3, 5.5, 3.5625, 5.8125], "texture": "#0"},
				"south": {"uv": [10, 4.5, 10.0625, 4.8125], "texture": "#0"},
				"west": {"uv": [5.5, 3, 6.0625, 3.3125], "texture": "#0"},
				"up": {"uv": [2.0625, 9.5625, 2, 9], "texture": "#0"},
				"down": {"uv": [9.0625, 2, 9, 2.5625], "texture": "#0"}
			}
		},
		{
			"name": "hexadecagon",
			"from": [7.94033, 5.1, 6.6],
			"to": [8.05967, 5.7, 7.7],
			"rotation": {"angle": 45, "axis": "z", "origin": [8, 5.4, 7.2]},
			"faces": {
				"north": {"uv": [5, 10, 5.0625, 10.3125], "texture": "#0"},
				"east": {"uv": [5.5, 3.5, 6.0625, 3.8125], "texture": "#0"},
				"south": {"uv": [10, 5, 10.0625, 5.3125], "texture": "#0"},
				"west": {"uv": [4, 5.5, 4.5625, 5.8125], "texture": "#0"},
				"up": {"uv": [2.5625, 9.5625, 2.5, 9], "texture": "#0"},
				"down": {"uv": [3.0625, 9, 3, 9.5625], "texture": "#0"}
			}
		},
		{
			"name": "hexadecagon",
			"from": [7.7, 5.34033, 6.6],
			"to": [8.3, 5.45967, 7.7],
			"rotation": {"angle": -22.5, "axis": "z", "origin": [8, 5.4, 7.2]},
			"faces": {
				"north": {"uv": [5.5, 10, 5.8125, 10.0625], "texture": "#0"},
				"east": {"uv": [9, 3, 9.5625, 3.0625], "texture": "#0"},
				"south": {"uv": [10, 5.5, 10.3125, 5.5625], "texture": "#0"},
				"west": {"uv": [3.5, 9, 4.0625, 9.0625], "texture": "#0"},
				"up": {"uv": [0.3125, 6.0625, 0, 5.5], "texture": "#0"},
				"down": {"uv": [2.3125, 5.5, 2, 6.0625], "texture": "#0"}
			}
		},
		{
			"name": "hexadecagon",
			"from": [7.7, 5.34033, 6.6],
			"to": [8.3, 5.45967, 7.7],
			"rotation": {"angle": 0, "axis": "z", "origin": [8, 5.4, 7.2]},
			"faces": {
				"north": {"uv": [6, 10, 6.3125, 10.0625], "texture": "#0"},
				"east": {"uv": [9, 3.5, 9.5625, 3.5625], "texture": "#0"},
				"south": {"uv": [10, 6, 10.3125, 6.0625], "texture": "#0"},
				"west": {"uv": [9, 4, 9.5625, 4.0625], "texture": "#0"},
				"up": {"uv": [5.8125, 4.5625, 5.5, 4], "texture": "#0"},
				"down": {"uv": [5.3125, 5.5, 5, 6.0625], "texture": "#0"}
			}
		},
		{
			"name": "hexadecagon",
			"from": [7.7, 5.34033, 6.6],
			"to": [8.3, 5.45967, 7.7],
			"rotation": {"angle": 22.5, "axis": "z", "origin": [8, 5.4, 7.2]},
			"faces": {
				"north": {"uv": [6.5, 10, 6.8125, 10.0625], "texture": "#0"},
				"east": {"uv": [4.5, 9, 5.0625, 9.0625], "texture": "#0"},
				"south": {"uv": [10, 6.5, 10.3125, 6.5625], "texture": "#0"},
				"west": {"uv": [9, 4.5, 9.5625, 4.5625], "texture": "#0"},
				"up": {"uv": [5.8125, 6.0625, 5.5, 5.5], "texture": "#0"},
				"down": {"uv": [1.3125, 6, 1, 6.5625], "texture": "#0"}
			}
		},
		{
			"from": [7.95, 5, 8],
			"to": [8.05, 6, 8.375],
			"rotation": {"angle": 0, "axis": "y", "origin": [0, 1.8, 0]},
			"faces": {
				"north": {"uv": [9, 6.5, 9.0625, 7], "texture": "#0"},
				"east": {"uv": [7, 1, 7.1875, 1.5], "texture": "#0"},
				"south": {"uv": [7, 9, 7.0625, 9.5], "texture": "#0"},
				"west": {"uv": [1.5, 7, 1.6875, 7.5], "texture": "#0"},
				"up": {"uv": [10.5625, 6.6875, 10.5, 6.5], "texture": "#0"},
				"down": {"uv": [7.0625, 10.5, 7, 10.6875], "texture": "#0"}
			}
		},
		{
			"from": [7.95, 2.83973, 10.49478],
			"to": [8.05, 3.11473, 10.61978],
			"rotation": {"angle": -22.5, "axis": "x", "origin": [0, -1.08527, 2.24478]},
			"faces": {
				"north": {"uv": [10.5, 8, 10.5625, 8.125], "texture": "#0"},
				"east": {"uv": [8.5, 10.5, 8.5625, 10.625], "texture": "#0"},
				"south": {"uv": [10.5, 8.5, 10.5625, 8.625], "texture": "#0"},
				"west": {"uv": [9, 10.5, 9.0625, 10.625], "texture": "#0"},
				"up": {"uv": [5.5625, 11.0625, 5.5, 11], "texture": "#0"},
				"down": {"uv": [11.0625, 5.5, 11, 5.5625], "texture": "#0"}
			}
		},
		{
			"from": [7.95, 8.07681, 10.88527],
			"to": [8.05, 8.24478, 11.23214],
			"rotation": {"angle": -22.5, "axis": "x", "origin": [0, -0.13022, 15.08527]},
			"faces": {
				"north": {"uv": [1.5, 11, 1.5625, 11.0625], "texture": "#0"},
				"east": {"uv": [10.5, 2.5, 10.6875, 2.5625], "texture": "#0"},
				"south": {"uv": [11, 1.5, 11.0625, 1.5625], "texture": "#0"},
				"west": {"uv": [3, 10.5, 3.1875, 10.5625], "texture": "#0"},
				"up": {"uv": [10.5625, 3.1875, 10.5, 3], "texture": "#0"},
				"down": {"uv": [3.5625, 10.5, 3.5, 10.6875], "texture": "#0"}
			}
		},
		{
			"from": [7.85, 5.9, 12.7],
			"to": [8.15, 6, 13.225],
			"rotation": {"angle": 0, "axis": "y", "origin": [0, 1.8, 0]},
			"faces": {
				"north": {"uv": [10.5, 9, 10.625, 9.0625], "texture": "#0"},
				"east": {"uv": [10.5, 0.5, 10.75, 0.5625], "texture": "#0"},
				"south": {"uv": [9.5, 10.5, 9.625, 10.5625], "texture": "#0"},
				"west": {"uv": [1, 10.5, 1.25, 10.5625], "texture": "#0"},
				"up": {"uv": [9.125, 7.25, 9, 7], "texture": "#0"},
				"down": {"uv": [7.625, 9, 7.5, 9.25], "texture": "#0"}
			}
		},
		{
			"from": [7.85, -2.25669, 19.38301],
			"to": [8.15, -2.15669, 19.55801],
			"rotation": {"angle": -45, "axis": "x", "origin": [0, -6.35669, 6.28301]},
			"faces": {
				"north": {"uv": [10.5, 9.5, 10.625, 9.5625], "texture": "#0"},
				"east": {"uv": [6, 11, 6.0625, 11.0625], "texture": "#0"},
				"south": {"uv": [10, 10.5, 10.125, 10.5625], "texture": "#0"},
				"west": {"uv": [11, 6, 11.0625, 6.0625], "texture": "#0"},
				"up": {"uv": [10.625, 10.0625, 10.5, 10], "texture": "#0"},
				"down": {"uv": [10.625, 10.5, 10.5, 10.5625], "texture": "#0"}
			}
		},
		{
			"from": [7.85, 1.10655, 15.30445],
			"to": [7.95, 1.30655, 15.77945],
			"rotation": {"angle": -22.5, "axis": "x", "origin": [0, -2.89345, 2.20445]},
			"faces": {
				"north": {"uv": [0, 11, 0.0625, 11.125], "texture": "#0"},
				"east": {"uv": [9, 7.5, 9.25, 7.625], "texture": "#0"},
				"south": {"uv": [11, 0, 11.0625, 0.125], "texture": "#0"},
				"west": {"uv": [8, 9, 8.25, 9.125], "texture": "#0"},
				"up": {"uv": [10.5625, 1.25, 10.5, 1], "texture": "#0"},
				"down": {"uv": [1.5625, 10.5, 1.5, 10.75], "texture": "#0"}
			}
		},
		{
			"from": [8.05, 1.10655, 15.30445],
			"to": [8.15, 1.30655, 15.77945],
			"rotation": {"angle": -22.5, "axis": "x", "origin": [16, -2.89345, 2.20445]},
			"faces": {
				"north": {"uv": [0.5, 11, 0.5625, 11.125], "texture": "#0"},
				"east": {"uv": [9, 8, 9.25, 8.125], "texture": "#0"},
				"south": {"uv": [11, 0.5, 11.0625, 0.625], "texture": "#0"},
				"west": {"uv": [8.5, 9, 8.75, 9.125], "texture": "#0"},
				"up": {"uv": [10.5625, 1.75, 10.5, 1.5], "texture": "#0"},
				"down": {"uv": [2.0625, 10.5, 2, 10.75], "texture": "#0"}
			}
		},
		{
			"from": [7.675, -0.2, 11.9],
			"to": [8.325, 4.1, 12.925],
			"rotation": {"angle": 0, "axis": "y", "origin": [8, 1.2, 10]},
			"faces": {
				"north": {"uv": [0.5, 2.5, 0.8125, 4.625], "texture": "#0"},
				"east": {"uv": [0, 0, 0.5, 2.125], "texture": "#0"},
				"south": {"uv": [2.5, 1, 2.8125, 3.125], "texture": "#0"},
				"west": {"uv": [0.5, 0, 1, 2.125], "texture": "#0"},
				"up": {"uv": [0.3125, 7, 0, 6.5], "texture": "#0"},
				"down": {"uv": [6.8125, 0, 6.5, 0.5], "texture": "#0"}
			}
		},
		{
			"from": [7.65, -0.2, 11.875],
			"to": [8.35, 0.6, 12.95],
			"rotation": {"angle": 0, "axis": "y", "origin": [8, 1.2, 10]},
			"faces": {
				"north": {"uv": [6.5, 2.5, 6.875, 2.875], "texture": "#0"},
				"east": {"uv": [4, 0.5, 4.5625, 0.875], "texture": "#0"},
				"south": {"uv": [3, 6.5, 3.375, 6.875], "texture": "#0"},
				"west": {"uv": [5, 2, 5.5625, 2.375], "texture": "#0"},
				"up": {"uv": [2.875, 5.5625, 2.5, 5], "texture": "#0"},
				"down": {"uv": [5.375, 2.5, 5, 3.0625], "texture": "#0"}
			}
		},
		{
			"from": [7.625, -0.2, 11.775],
			"to": [8.375, 0.1, 13],
			"rotation": {"angle": 0, "axis": "y", "origin": [8, 1.2, 10]},
			"faces": {
				"north": {"uv": [8.5, 5.5, 8.875, 5.625], "texture": "#0"},
				"east": {"uv": [2, 7.5, 2.625, 7.625], "texture": "#0"},
				"south": {"uv": [6, 8.5, 6.375, 8.625], "texture": "#0"},
				"west": {"uv": [7.5, 2, 8.125, 2.125], "texture": "#0"},
				"up": {"uv": [1.375, 5.625, 1, 5], "texture": "#0"},
				"down": {"uv": [1.875, 5, 1.5, 5.625], "texture": "#0"}
			}
		},
		{
			"from": [7.65, 0.1, 12.95],
			"to": [8.35, 0.55, 13],
			"rotation": {"angle": 0, "axis": "y", "origin": [8, 1.2, 10]},
			"faces": {
				"north": {"uv": [7, 1.5, 7.375, 1.75], "texture": "#0"},
				"east": {"uv": [10.5, 2, 10.5625, 2.25], "texture": "#0"},
				"south": {"uv": [2, 7, 2.375, 7.25], "texture": "#0"},
				"west": {"uv": [2.5, 10.5, 2.5625, 10.75], "texture": "#0"},
				"up": {"uv": [0.375, 10.0625, 0, 10], "texture": "#0"},
				"down": {"uv": [10.375, 0, 10, 0.0625], "texture": "#0"}
			}
		},
		{
			"from": [7.65, -0.96508, 14.76747],
			"to": [8.35, -0.91508, 14.83701],
			"rotation": {"angle": 45, "axis": "x", "origin": [8, 2.03492, 15.68701]},
			"faces": {
				"north": {"uv": [0.5, 10, 0.875, 10.0625], "texture": "#0"},
				"east": {"uv": [6.5, 11, 6.5625, 11.0625], "texture": "#0"},
				"south": {"uv": [10, 0.5, 10.375, 0.5625], "texture": "#0"},
				"west": {"uv": [11, 6.5, 11.0625, 6.5625], "texture": "#0"},
				"up": {"uv": [1.375, 10.0625, 1, 10], "texture": "#0"},
				"down": {"uv": [10.375, 1, 10, 1.0625], "texture": "#0"}
			}
		},
		{
			"from": [7.625, -0.2, 11.73672],
			"to": [8.375, 0.00781, 11.775],
			"rotation": {"angle": 0, "axis": "y", "origin": [8, 1.2, 10]},
			"faces": {
				"north": {"uv": [8.5, 6, 8.875, 6.125], "texture": "#0"},
				"east": {"uv": [1, 11, 1.0625, 11.125], "texture": "#0"},
				"south": {"uv": [6.5, 8.5, 6.875, 8.625], "texture": "#0"},
				"west": {"uv": [11, 1, 11.0625, 1.125], "texture": "#0"},
				"up": {"uv": [1.875, 10.0625, 1.5, 10], "texture": "#0"},
				"down": {"uv": [10.375, 1.5, 10, 1.5625], "texture": "#0"}
			}
		},
		{
			"from": [7.625, 0.59553, 12.33107],
			"to": [8.375, 0.69553, 12.43107],
			"rotation": {"angle": 22.5, "axis": "x", "origin": [8, 1.79553, 10.55607]},
			"faces": {
				"north": {"uv": [2, 10, 2.375, 10.0625], "texture": "#0"},
				"east": {"uv": [7, 11, 7.0625, 11.0625], "texture": "#0"},
				"south": {"uv": [10, 2, 10.375, 2.0625], "texture": "#0"},
				"west": {"uv": [11, 7, 11.0625, 7.0625], "texture": "#0"},
				"up": {"uv": [2.875, 10.0625, 2.5, 10], "texture": "#0"},
				"down": {"uv": [10.375, 2.5, 10, 2.5625], "texture": "#0"}
			}
		}
	],
	"display": {
		"thirdperson_righthand": {
			"translation": [0, 3, -3]
		},
		"thirdperson_lefthand": {
			"scale": [0, 0, 0]
		},
		"firstperson_righthand": {
			"rotation": [0, 0, -5],
			"translation": [-1, 18.75, -1.25]
		},
		"firstperson_lefthand": {
			"rotation": [3.75, 77.75, 0],
			"translation": [-11.75, 12.75, 0]
		},
		"ground": {
			"translation": [0, 3.75, -2.75]
		},
		"gui": {
			"rotation": [27.5, 58.25, 0],
			"translation": [-3, 7.25, 0],
			"scale": [1.5, 1.5, 1.5]
		}
	},
	"groups": [
		{
			"name": "57usg",
			"origin": [8, 8, 8],
			"color": 0,
			"children": [
				{
					"name": "group",
					"origin": [8, 8, 8],
					"color": 0,
					"children": [0, 1, 2, 3, 4]
				},
				{
					"name": "group",
					"origin": [0, 0, 0],
					"color": 0,
					"children": [5, 6, 7, 8, 9, 10, 11, 12, 13]
				},
				{
					"name": "group",
					"origin": [8, 8, 8],
					"color": 0,
					"children": [14, 15, 16, 17, 18, 19, 20]
				},
				{
					"name": "group",
					"origin": [8, 8, 8],
					"color": 0,
					"children": [21, 22, 23, 24, 25, 26, 27]
				},
				{
					"name": "group",
					"origin": [8, 8, 8],
					"color": 0,
					"children": [28, 29, 30, 31, 32, 33, 34, 35, 36]
				},
				{
					"name": "hexadecagon",
					"origin": [8, 8, 8],
					"color": 0,
					"children": [37, 38, 39, 40, 41, 42, 43, 44]
				},
				{
					"name": "group",
					"origin": [8, 8, 8],
					"color": 0,
					"children": [45, 46, 47, 48, 49, 50, 51]
				},
				{
					"name": "group",
					"origin": [8, 8, 8],
					"color": 0,
					"children": [52, 53, 54, 55, 56, 57, 58]
				}
			]
		}
	]
}