{
	"credit": "Made with Blockbench",
	"texture_size": [32, 32],
	"textures": {
		"0": "gun/q929/q929",
		"particle": "gun/q929/q929"
	},
	"elements": [
		{
			"from": [7, 5.75, 8.35],
			"to": [8, 6.5, 13.85],
			"faces": {
				"north": {"uv": [6.5, 6, 7, 6.375], "texture": "#0"},
				"east": {"uv": [4, 1, 6.75, 1.375], "texture": "#0"},
				"south": {"uv": [6.5, 6.5, 7, 6.875], "texture": "#0"},
				"west": {"uv": [4, 1.5, 6.75, 1.875], "texture": "#0"},
				"up": {"uv": [2.5, 5.75, 2, 3], "texture": "#0"},
				"down": {"uv": [3, 3, 2.5, 5.75], "texture": "#0"}
			}
		},
		{
			"from": [7.1, 5.75, 6.25],
			"to": [7.9, 6.5, 8.35],
			"faces": {
				"north": {"uv": [7, 3, 7.375, 3.375], "texture": "#0"},
				"east": {"uv": [5.5, 3.5, 6.5, 3.875], "texture": "#0"},
				"south": {"uv": [3.5, 7, 3.875, 7.375], "texture": "#0"},
				"west": {"uv": [5.5, 4, 6.5, 4.375], "texture": "#0"},
				"up": {"uv": [1.875, 6.5, 1.5, 5.5], "texture": "#0"},
				"down": {"uv": [5.375, 5.5, 5, 6.5], "texture": "#0"}
			}
		},
		{
			"from": [7.1, 5.55, 6.35],
			"to": [7.9, 5.75, 6.55],
			"faces": {
				"north": {"uv": [7.5, 0.5, 7.875, 0.625], "texture": "#0"},
				"east": {"uv": [3, 8, 3.125, 8.125], "texture": "#0"},
				"south": {"uv": [1, 7.5, 1.375, 7.625], "texture": "#0"},
				"west": {"uv": [8, 3, 8.125, 3.125], "texture": "#0"},
				"up": {"uv": [7.875, 1.125, 7.5, 1], "texture": "#0"},
				"down": {"uv": [7.875, 1.5, 7.5, 1.625], "texture": "#0"}
			}
		},
		{
			"from": [7.1, 5.55, 6.75],
			"to": [7.9, 5.75, 6.95],
			"faces": {
				"north": {"uv": [2, 7.5, 2.375, 7.625], "texture": "#0"},
				"east": {"uv": [3.5, 8, 3.625, 8.125], "texture": "#0"},
				"south": {"uv": [7.5, 2, 7.875, 2.125], "texture": "#0"},
				"west": {"uv": [8, 3.5, 8.125, 3.625], "texture": "#0"},
				"up": {"uv": [2.875, 7.625, 2.5, 7.5], "texture": "#0"},
				"down": {"uv": [3.375, 7.5, 3, 7.625], "texture": "#0"}
			}
		},
		{
			"from": [7.1, 5.55, 7.15],
			"to": [7.9, 5.75, 7.35],
			"faces": {
				"north": {"uv": [7.5, 3, 7.875, 3.125], "texture": "#0"},
				"east": {"uv": [4, 8, 4.125, 8.125], "texture": "#0"},
				"south": {"uv": [3.5, 7.5, 3.875, 7.625], "texture": "#0"},
				"west": {"uv": [8, 4, 8.125, 4.125], "texture": "#0"},
				"up": {"uv": [7.875, 3.625, 7.5, 3.5], "texture": "#0"},
				"down": {"uv": [4.375, 7.5, 4, 7.625], "texture": "#0"}
			}
		},
		{
			"from": [7.1, 5.55, 7.55],
			"to": [7.9, 5.75, 7.75],
			"faces": {
				"north": {"uv": [7.5, 4, 7.875, 4.125], "texture": "#0"},
				"east": {"uv": [4.5, 8, 4.625, 8.125], "texture": "#0"},
				"south": {"uv": [4.5, 7.5, 4.875, 7.625], "texture": "#0"},
				"west": {"uv": [8, 4.5, 8.125, 4.625], "texture": "#0"},
				"up": {"uv": [7.875, 4.625, 7.5, 4.5], "texture": "#0"},
				"down": {"uv": [5.375, 7.5, 5, 7.625], "texture": "#0"}
			}
		},
		{
			"from": [7.1, 5.55, 7.95],
			"to": [7.9, 5.75, 8.15],
			"faces": {
				"north": {"uv": [7.5, 5, 7.875, 5.125], "texture": "#0"},
				"east": {"uv": [5, 8, 5.125, 8.125], "texture": "#0"},
				"south": {"uv": [7.5, 5.5, 7.875, 5.625], "texture": "#0"},
				"west": {"uv": [8, 5, 8.125, 5.125], "texture": "#0"},
				"up": {"uv": [6.375, 7.625, 6, 7.5], "texture": "#0"},
				"down": {"uv": [7.875, 6, 7.5, 6.125], "texture": "#0"}
			}
		},
		{
			"from": [7, 3.10709, 11.1632],
			"to": [8, 4.05709, 11.4632],
			"rotation": {"angle": -22.5, "axis": "x", "origin": [0, -2.64291, 3.1132]},
			"faces": {
				"north": {"uv": [6, 5.5, 6.5, 6], "texture": "#0"},
				"east": {"uv": [7, 7, 7.125, 7.5], "texture": "#0"},
				"south": {"uv": [6, 6, 6.5, 6.5], "texture": "#0"},
				"west": {"uv": [0, 7.5, 0.125, 8], "texture": "#0"},
				"up": {"uv": [8, 0.125, 7.5, 0], "texture": "#0"},
				"down": {"uv": [1, 7.5, 0.5, 7.625], "texture": "#0"}
			}
		},
		{
			"from": [6.9, 5.75, 10.95],
			"to": [8.1, 6.5, 13.85],
			"faces": {
				"north": {"uv": [6.5, 5, 7.125, 5.375], "texture": "#0"},
				"east": {"uv": [5, 5, 6.5, 5.375], "texture": "#0"},
				"south": {"uv": [6.5, 5.5, 7.125, 5.875], "texture": "#0"},
				"west": {"uv": [5.5, 3, 7, 3.375], "texture": "#0"},
				"up": {"uv": [1.625, 5.5, 1, 4], "texture": "#0"},
				"down": {"uv": [4.625, 3, 4, 4.5], "texture": "#0"}
			}
		},
		{
			"from": [7.1, -2.5, 12.65],
			"to": [7.9, 1.1, 14.4],
			"rotation": {"angle": -22.5, "axis": "x", "origin": [0, 0, 0]},
			"faces": {
				"north": {"uv": [3, 5, 3.375, 6.75], "texture": "#0"},
				"east": {"uv": [2, 1, 2.875, 2.75], "texture": "#0"},
				"south": {"uv": [5, 3, 5.375, 4.75], "texture": "#0"},
				"west": {"uv": [3, 1, 3.875, 2.75], "texture": "#0"},
				"up": {"uv": [6.375, 0.875, 6, 0], "texture": "#0"},
				"down": {"uv": [0.875, 6, 0.5, 6.875], "texture": "#0"}
			}
		},
		{
			"from": [7.2, -8.4, 12.75],
			"to": [7.8, -5.2, 14.3],
			"rotation": {"angle": -22.5, "axis": "x", "origin": [0, 0, 0]},
			"faces": {
				"north": {"uv": [3.5, 5, 3.75, 6.625], "texture": "#0"},
				"east": {"uv": [3, 3, 3.75, 4.625], "texture": "#0"},
				"south": {"uv": [1, 5.5, 1.25, 7.125], "texture": "#0"},
				"west": {"uv": [0, 4, 0.75, 5.625], "texture": "#0"},
				"up": {"uv": [5.25, 7.25, 5, 6.5], "texture": "#0"},
				"down": {"uv": [6.25, 6.5, 6, 7.25], "texture": "#0"}
			}
		},
		{
			"from": [7.1, -5.5, 13],
			"to": [7.9, -4.6, 14.1],
			"rotation": {"angle": -45, "axis": "x", "origin": [0, 0, 0]},
			"faces": {
				"north": {"uv": [7, 0, 7.375, 0.5], "texture": "#0"},
				"east": {"uv": [6.5, 0, 7, 0.5], "texture": "#0"},
				"south": {"uv": [0.5, 7, 0.875, 7.5], "texture": "#0"},
				"west": {"uv": [6.5, 0.5, 7, 1], "texture": "#0"},
				"up": {"uv": [7.375, 1, 7, 0.5], "texture": "#0"},
				"down": {"uv": [7.375, 1, 7, 1.5], "texture": "#0"}
			}
		},
		{
			"from": [7.2, 4.5, 9.7],
			"to": [7.8, 4.65, 12.5],
			"rotation": {"angle": 0, "axis": "y", "origin": [0, -0.25, 0.2]},
			"faces": {
				"north": {"uv": [8, 1.5, 8.25, 1.625], "texture": "#0"},
				"east": {"uv": [2, 7, 3.375, 7.125], "texture": "#0"},
				"south": {"uv": [2, 8, 2.25, 8.125], "texture": "#0"},
				"west": {"uv": [7, 2.5, 8.375, 2.625], "texture": "#0"},
				"up": {"uv": [5.75, 6.875, 5.5, 5.5], "texture": "#0"},
				"down": {"uv": [0.25, 6, 0, 7.375], "texture": "#0"}
			}
		},
		{
			"from": [7.2, 4.5, 9.7],
			"to": [7.8, 5.95, 9.9],
			"rotation": {"angle": 0, "axis": "y", "origin": [0, -0.25, 0.2]},
			"faces": {
				"north": {"uv": [1.5, 7, 1.75, 7.75], "texture": "#0"},
				"east": {"uv": [5.5, 7, 5.625, 7.75], "texture": "#0"},
				"south": {"uv": [7, 1.5, 7.25, 2.25], "texture": "#0"},
				"west": {"uv": [7, 6, 7.125, 6.75], "texture": "#0"},
				"up": {"uv": [8.25, 2.125, 8, 2], "texture": "#0"},
				"down": {"uv": [2.75, 8, 2.5, 8.125], "texture": "#0"}
			}
		},
		{
			"from": [7.4, 2.28571, 6.37652],
			"to": [7.6, 3.08571, 6.62652],
			"rotation": {"angle": 22.5, "axis": "x", "origin": [0, -6.76429, 15.87652]},
			"faces": {
				"north": {"uv": [6.5, 7.5, 6.625, 7.875], "texture": "#0"},
				"east": {"uv": [7.5, 6.5, 7.625, 6.875], "texture": "#0"},
				"south": {"uv": [7, 7.5, 7.125, 7.875], "texture": "#0"},
				"west": {"uv": [7.5, 7, 7.625, 7.375], "texture": "#0"},
				"up": {"uv": [5.625, 8.125, 5.5, 8], "texture": "#0"},
				"down": {"uv": [8.125, 5.5, 8, 5.625], "texture": "#0"}
			}
		},
		{
			"from": [7.2, 6.6, 6.1],
			"to": [7.8, 7.25, 11.5],
			"rotation": {"angle": 0, "axis": "y", "origin": [0, -0.25, 0.2]},
			"faces": {
				"north": {"uv": [7, 4.5, 7.25, 4.875], "texture": "#0"},
				"east": {"uv": [4, 2, 6.75, 2.375], "texture": "#0"},
				"south": {"uv": [6.5, 7, 6.75, 7.375], "texture": "#0"},
				"west": {"uv": [4, 2.5, 6.75, 2.875], "texture": "#0"},
				"up": {"uv": [4.25, 7.25, 4, 4.5], "texture": "#0"},
				"down": {"uv": [4.75, 4.5, 4.5, 7.25], "texture": "#0"}
			}
		},
		{
			"from": [6.9, 6.5, 6.25],
			"to": [8.1, 7.5, 13.45],
			"rotation": {"angle": 0, "axis": "y", "origin": [0, -0.25, 0]},
			"faces": {
				"north": {"uv": [5.5, 4.5, 6.125, 5], "texture": "#0"},
				"east": {"uv": [2, 0, 5.625, 0.5], "texture": "#0"},
				"south": {"uv": [2, 6, 2.625, 6.5], "texture": "#0"},
				"west": {"uv": [2, 0.5, 5.625, 1], "texture": "#0"},
				"up": {"uv": [0.625, 3.625, 0, 0], "texture": "#0"},
				"down": {"uv": [1.625, 0, 1, 3.625], "texture": "#0"}
			}
		},
		{
			"from": [7, 2.41038, 7.89284],
			"to": [8, 3.51038, 8.89284],
			"rotation": {"angle": -22.5, "axis": "x", "origin": [0, 16.96038, 1.14284]},
			"faces": {
				"north": {"uv": [1.5, 6.5, 2, 7], "texture": "#0"},
				"east": {"uv": [2, 6.5, 2.5, 7], "texture": "#0"},
				"south": {"uv": [2.5, 6.5, 3, 7], "texture": "#0"},
				"west": {"uv": [6.5, 3.5, 7, 4], "texture": "#0"},
				"up": {"uv": [7, 4.5, 6.5, 4], "texture": "#0"},
				"down": {"uv": [7, 4.5, 6.5, 5], "texture": "#0"}
			}
		},
		{
			"from": [7.4, 7.08571, 18.12652],
			"to": [7.6, 7.73571, 18.92652],
			"rotation": {"angle": -22.5, "axis": "x", "origin": [0, -6.76429, 15.87652]},
			"faces": {
				"north": {"uv": [7.5, 7.5, 7.625, 7.875], "texture": "#0"},
				"east": {"uv": [7, 3.5, 7.375, 3.875], "texture": "#0"},
				"south": {"uv": [0, 8, 0.125, 8.375], "texture": "#0"},
				"west": {"uv": [7, 4, 7.375, 4.375], "texture": "#0"},
				"up": {"uv": [8.125, 0.375, 8, 0], "texture": "#0"},
				"down": {"uv": [0.625, 8, 0.5, 8.375], "texture": "#0"}
			}
		},
		{
			"from": [7.4, 3.04503, 0.33436],
			"to": [7.6, 3.84503, 0.58436],
			"rotation": {"angle": 22.5, "axis": "x", "origin": [-21, -10.40497, 13.63436]},
			"faces": {
				"north": {"uv": [8, 0.5, 8.125, 0.875], "texture": "#0"},
				"east": {"uv": [1, 8, 1.125, 8.375], "texture": "#0"},
				"south": {"uv": [8, 1, 8.125, 1.375], "texture": "#0"},
				"west": {"uv": [1.5, 8, 1.625, 8.375], "texture": "#0"},
				"up": {"uv": [6.125, 8.125, 6, 8], "texture": "#0"},
				"down": {"uv": [8.125, 6, 8, 6.125], "texture": "#0"}
			}
		},
		{
			"from": [7.4, 7.5, 6.8],
			"to": [7.6, 7.85, 7],
			"rotation": {"angle": 0, "axis": "y", "origin": [0, -0.25, 0.2]},
			"faces": {
				"north": {"uv": [6.5, 8, 6.625, 8.125], "texture": "#0"},
				"east": {"uv": [8, 6.5, 8.125, 6.625], "texture": "#0"},
				"south": {"uv": [7, 8, 7.125, 8.125], "texture": "#0"},
				"west": {"uv": [8, 7, 8.125, 7.125], "texture": "#0"},
				"up": {"uv": [7.625, 8.125, 7.5, 8], "texture": "#0"},
				"down": {"uv": [8.125, 7.5, 8, 7.625], "texture": "#0"}
			}
		}
	],
	"display": {
		"thirdperson_righthand": {
			"rotation": [0.75, -0.5, -18],
			"translation": [0, 3.5, -2.25],
			"scale": [0.8, 0.8, 0.8]
		},
		"thirdperson_lefthand": {
			"scale": [0, 0, 0]
		},
		"firstperson_righthand": {
			"rotation": [0, 0, -30],
			"translation": [0, 17, -3]
		},
		"firstperson_lefthand": {
			"rotation": [0, 90, 0],
			"translation": [-11.75, 10.25, 1.5]
		},
		"ground": {
			"translation": [0, 0, -2.5]
		},
		"gui": {
			"rotation": [16, 63.25, 0],
			"translation": [-2, 4, 0],
			"scale": [1.2, 1.2, 1.2]
		}
	},
	"groups": [
		{
			"name": "group",
			"origin": [8, 8, 8],
			"color": 0,
			"children": [
				{
					"name": "group",
					"origin": [8, 8, 8],
					"color": 0,
					"children": [0, 1,
						{
							"name": "group",
							"origin": [0, 0, 0],
							"color": 0,
							"children": [2, 3, 4, 5, 6]
						}, 7, 8, 9, 10, 11, 12, 13, 14]
				},
				{
					"name": "group",
					"origin": [0, -0.25, 0.2],
					"color": 0,
					"children": [15]
				},
				{
					"name": "group",
					"origin": [8, 8, 8],
					"color": 0,
					"children": [16, 17, 18, 19, 20]
				}
			]
		}
	]
}