{
	"credit": "Made with Blockbench",
	"textures": {
		"1": "item/cell_state/blocked_player1",
		"3": "item/cell_state/player1",
		"particle": "item/cell_state/empty",
		"screen": "item/cell_state/empty"
	},
	"elements": [
		{
			"from": [-16, -16, -16],
			"to": [32, 0, 32],
			"faces": {
				"north": {"uv": [0, 10.66667, 16, 16], "texture": "#1"},
				"east": {"uv": [0, 10.66667, 16, 16], "texture": "#1"},
				"south": {"uv": [0, 10.66667, 16, 16], "texture": "#1"},
				"west": {"uv": [0, 10.66667, 16, 16], "texture": "#1"},
				"up": {"uv": [0, 0, 16, 16], "texture": "#3"},
				"down": {"uv": [0, 0, 16, 16], "texture": "#screen"}
			}
		},
		{
			"from": [-14, -16, -14],
			"to": [30, 30, 30],
			"faces": {
				"north": {"uv": [0, 0, 16, 16], "texture": "#screen"},
				"east": {"uv": [0, 0, 16, 16], "texture": "#screen"},
				"south": {"uv": [0, 0, 16, 16], "texture": "#screen"},
				"west": {"uv": [0, 0, 16, 16], "texture": "#screen"},
				"up": {"uv": [0, 0, 16, 16], "texture": "#screen"},
				"down": {"uv": [0, 0, 16, 16], "texture": "#screen"}
			}
		}
	],
	"display": {
		"head": {
			"translation": [0, 21, 0],
			"scale": [1.6, 1.6, 1.6]
		}
	}
}