{
	"credit": "Made with Blockbench",
	"textures": {
		"1": "item/card/pile_side",
		"2": "item/card/trash",
		"particle": "item/card/back"
	},
	"elements": [
		{
			"from": [-8, 0, -16],
			"to": [24, 5, 32],
			"rotation": {"angle": 0, "axis": "y", "origin": [16, 8, 8]},
			"faces": {
				"north": {"uv": [0, 0, 16, 16], "texture": "#1"},
				"east": {"uv": [0, 0, 16, 16], "texture": "#1"},
				"south": {"uv": [0, 0, 16, 16], "texture": "#1"},
				"west": {"uv": [0, 0, 16, 16], "texture": "#1"},
				"up": {"uv": [0, 0, 8, 12], "texture": "#2"},
				"down": {"uv": [0, 0, 8, 12], "texture": "#2"}
			}
		}
	],
	"display": {
		"head": {
			"translation": [0, -6.25, 0],
			"scale": [1.6, 1.6, 1.6]
		}
	}
}