{
	"credit": "Made with Blockbench",
	"texture_size": [32, 32],
	"textures": {
		"0": "gun/ak12/ak12_hx",
		"particle": "gun/ak12/ak12_hx"
	},
	"elements": [
		{
			"from": [7.6, 4, 21.6],
			"to": [8.4, 6.6, 22.2],
			"rotation": {"angle": 0, "axis": "y", "origin": [0.5, 0, 6.3]},
			"faces": {
				"north": {"uv": [8, 1, 8.375, 2.3125], "texture": "#0"},
				"east": {"uv": [8.5, 6, 8.8125, 7.3125], "texture": "#0"},
				"south": {"uv": [4.5, 8, 4.875, 9.3125], "texture": "#0"},
				"west": {"uv": [8.5, 7.5, 8.8125, 8.8125], "texture": "#0"},
				"up": {"uv": [10.875, 11.3125, 10.5, 11], "texture": "#0"},
				"down": {"uv": [11.375, 10.5, 11, 10.8125], "texture": "#0"}
			}
		},
		{
			"from": [7.6, 4, 21.3],
			"to": [8.4, 6.6, 21.6],
			"rotation": {"angle": 0, "axis": "y", "origin": [0.5, 0, 6.3]},
			"faces": {
				"north": {"uv": [8, 6, 8.375, 7.3125], "texture": "#0"},
				"east": {"uv": [2, 11, 2.125, 12.3125], "texture": "#0"},
				"south": {"uv": [8, 7.5, 8.375, 8.8125], "texture": "#0"},
				"west": {"uv": [11, 2.5, 11.125, 3.8125], "texture": "#0"},
				"up": {"uv": [12.375, 12.125, 12, 12], "texture": "#0"},
				"down": {"uv": [12.875, 0, 12.5, 0.125], "texture": "#0"}
			}
		},
		{
			"from": [7.6, 5.5, 16.4],
			"to": [8.4, 6.6, 21.3],
			"rotation": {"angle": 0, "axis": "y", "origin": [0.5, 0, 6.3]},
			"faces": {
				"north": {"uv": [4.5, 10, 4.875, 10.5625], "texture": "#0"},
				"east": {"uv": [3, 3, 5.4375, 3.5625], "texture": "#0"},
				"south": {"uv": [5, 10, 5.375, 10.5625], "texture": "#0"},
				"west": {"uv": [4, 0, 6.4375, 0.5625], "texture": "#0"},
				"up": {"uv": [4.375, 7.9375, 4, 5.5], "texture": "#0"},
				"down": {"uv": [4.875, 5.5, 4.5, 7.9375], "texture": "#0"}
			}
		},
		{
			"from": [7.8, 0.75343, 15.97841],
			"to": [8.2, 2.65343, 16.77841],
			"rotation": {"angle": -22.5, "axis": "x", "origin": [0.5, 15.75343, 10.47841]},
			"faces": {
				"north": {"uv": [9, 10.5, 9.1875, 11.4375], "texture": "#0"},
				"east": {"uv": [6, 9, 6.375, 9.9375], "texture": "#0"},
				"south": {"uv": [9.5, 10.5, 9.6875, 11.4375], "texture": "#0"},
				"west": {"uv": [8, 9, 8.375, 9.9375], "texture": "#0"},
				"up": {"uv": [7.1875, 12.375, 7, 12], "texture": "#0"},
				"down": {"uv": [7.6875, 12, 7.5, 12.375], "texture": "#0"}
			}
		},
		{
			"from": [7.5, 5.8, 18.8],
			"to": [8.5, 6.3, 20.5],
			"rotation": {"angle": 0, "axis": "y", "origin": [0.5, 0, 6.3]},
			"faces": {
				"north": {"uv": [6, 11, 6.5, 11.25], "texture": "#0"},
				"east": {"uv": [10, 2, 10.875, 2.25], "texture": "#0"},
				"south": {"uv": [7.5, 11, 8, 11.25], "texture": "#0"},
				"west": {"uv": [10, 2.5, 10.875, 2.75], "texture": "#0"},
				"up": {"uv": [3, 9.375, 2.5, 8.5], "texture": "#0"},
				"down": {"uv": [5.5, 8.5, 5, 9.375], "texture": "#0"}
			}
		},
		{
			"from": [7.5, 6.3, 18.3],
			"to": [8.5, 6.7, 21],
			"rotation": {"angle": 0, "axis": "y", "origin": [0.5, 0, 6.3]},
			"faces": {
				"north": {"uv": [6.5, 11.5, 7, 11.6875], "texture": "#0"},
				"east": {"uv": [7, 2.5, 8.375, 2.6875], "texture": "#0"},
				"south": {"uv": [7, 11.5, 7.5, 11.6875], "texture": "#0"},
				"west": {"uv": [9.5, 4, 10.875, 4.1875], "texture": "#0"},
				"up": {"uv": [5.5, 8.375, 5, 7], "texture": "#0"},
				"down": {"uv": [8, 6, 7.5, 7.375], "texture": "#0"}
			}
		},
		{
			"from": [7.5, -0.84508, 28.05736],
			"to": [8.5, -0.34508, 28.75736],
			"rotation": {"angle": -45, "axis": "x", "origin": [0.5, -6.64508, 16.25736]},
			"faces": {
				"north": {"uv": [8, 11, 8.5, 11.25], "texture": "#0"},
				"east": {"uv": [7.5, 11.5, 7.875, 11.75], "texture": "#0"},
				"south": {"uv": [11, 8, 11.5, 8.25], "texture": "#0"},
				"west": {"uv": [8, 11.5, 8.375, 11.75], "texture": "#0"},
				"up": {"uv": [9, 2.875, 8.5, 2.5], "texture": "#0"},
				"down": {"uv": [11, 1.5, 10.5, 1.875], "texture": "#0"}
			}
		},
		{
			"from": [7.5, 12.79361, 26.21594],
			"to": [8.5, 13.29361, 26.91594],
			"rotation": {"angle": 45, "axis": "x", "origin": [0.5, 19.09361, 14.41594]},
			"faces": {
				"north": {"uv": [8.5, 11, 9, 11.25], "texture": "#0"},
				"east": {"uv": [11.5, 8, 11.875, 8.25], "texture": "#0"},
				"south": {"uv": [11, 9, 11.5, 9.25], "texture": "#0"},
				"west": {"uv": [8.5, 11.5, 8.875, 11.75], "texture": "#0"},
				"up": {"uv": [11, 5.875, 10.5, 5.5], "texture": "#0"},
				"down": {"uv": [8, 10.5, 7.5, 10.875], "texture": "#0"}
			}
		},
		{
			"from": [7.6, 5.5, 8.4],
			"to": [8.4, 6.5, 16.4],
			"rotation": {"angle": 0, "axis": "y", "origin": [0.5, 0, 6.3]},
			"faces": {
				"north": {"uv": [10.5, 8, 10.875, 8.5], "texture": "#0"},
				"east": {"uv": [0, 2, 4, 2.5], "texture": "#0"},
				"south": {"uv": [8.5, 10.5, 8.875, 11], "texture": "#0"},
				"west": {"uv": [0, 2.5, 4, 3], "texture": "#0"},
				"up": {"uv": [2.375, 7, 2, 3], "texture": "#0"},
				"down": {"uv": [2.875, 3, 2.5, 7], "texture": "#0"}
			}
		},
		{
			"from": [7.6, 5.3, 14.2],
			"to": [8.4, 5.5, 16.2],
			"rotation": {"angle": 0, "axis": "y", "origin": [0.5, 0, 6.3]},
			"faces": {
				"north": {"uv": [0.5, 12.5, 0.875, 12.625], "texture": "#0"},
				"east": {"uv": [11, 9.5, 12, 9.625], "texture": "#0"},
				"south": {"uv": [12.5, 0.5, 12.875, 0.625], "texture": "#0"},
				"west": {"uv": [11, 10, 12, 10.125], "texture": "#0"},
				"up": {"uv": [9.375, 2, 9, 1], "texture": "#0"},
				"down": {"uv": [9.375, 2, 9, 3], "texture": "#0"}
			}
		},
		{
			"from": [7.6, 4.5, 14.2],
			"to": [8.4, 5.3, 15.5],
			"rotation": {"angle": 0, "axis": "y", "origin": [0.5, 0, 6.3]},
			"faces": {
				"north": {"uv": [3, 11, 3.375, 11.375], "texture": "#0"},
				"east": {"uv": [9.5, 8, 10.125, 8.375], "texture": "#0"},
				"south": {"uv": [3.5, 11, 3.875, 11.375], "texture": "#0"},
				"west": {"uv": [9.5, 8.5, 10.125, 8.875], "texture": "#0"},
				"up": {"uv": [7.375, 10.125, 7, 9.5], "texture": "#0"},
				"down": {"uv": [9.375, 9.5, 9, 10.125], "texture": "#0"}
			}
		},
		{
			"from": [7.6, -0.51976, 16.82957],
			"to": [8.4, 1.88024, 18.12957],
			"rotation": {"angle": -22.5, "axis": "x", "origin": [0.5, -3.41976, 8.92957]},
			"faces": {
				"north": {"uv": [8.5, 1, 8.875, 2.1875], "texture": "#0"},
				"east": {"uv": [6.5, 6, 7.125, 7.1875], "texture": "#0"},
				"south": {"uv": [2, 8.5, 2.375, 9.6875], "texture": "#0"},
				"west": {"uv": [2, 7, 2.625, 8.1875], "texture": "#0"},
				"up": {"uv": [9.875, 9.625, 9.5, 9], "texture": "#0"},
				"down": {"uv": [10.375, 0, 10, 0.625], "texture": "#0"}
			}
		},
		{
			"from": [7.7, -3.93608, 4.24928],
			"to": [8.3, -0.33608, 6.14928],
			"rotation": {"angle": 22.5, "axis": "x", "origin": [0.5, -9.83608, 6.84928]},
			"faces": {
				"north": {"uv": [6.5, 7.5, 6.8125, 9.3125], "texture": "#0"},
				"east": {"uv": [0, 3, 0.9375, 4.8125], "texture": "#0"},
				"south": {"uv": [7, 7.5, 7.3125, 9.3125], "texture": "#0"},
				"west": {"uv": [1, 3, 1.9375, 4.8125], "texture": "#0"},
				"up": {"uv": [9.8125, 2.9375, 9.5, 2], "texture": "#0"},
				"down": {"uv": [2.8125, 9.5, 2.5, 10.4375], "texture": "#0"}
			}
		},
		{
			"from": [7.7, -0.79134, 7.83806],
			"to": [8.3, 1.50866, 9.83806],
			"rotation": {"angle": 0, "axis": "y", "origin": [0.5, -4.19134, 3.83806]},
			"faces": {
				"north": {"uv": [9, 8, 9.3125, 9.125], "texture": "#0"},
				"east": {"uv": [4, 1, 5, 2.125], "texture": "#0"},
				"south": {"uv": [8.5, 9, 8.8125, 10.125], "texture": "#0"},
				"west": {"uv": [4, 4, 5, 5.125], "texture": "#0"},
				"up": {"uv": [9.8125, 1, 9.5, 0], "texture": "#0"},
				"down": {"uv": [9.8125, 1, 9.5, 2], "texture": "#0"}
			}
		},
		{
			"from": [7.6, 12.55772, 14.54695],
			"to": [8.4, 13.25772, 14.94695],
			"rotation": {"angle": 45, "axis": "x", "origin": [0.5, 8.05772, 5.94695]},
			"faces": {
				"north": {"uv": [4, 11, 4.375, 11.375], "texture": "#0"},
				"east": {"uv": [12, 7.5, 12.1875, 7.875], "texture": "#0"},
				"south": {"uv": [11, 4, 11.375, 4.375], "texture": "#0"},
				"west": {"uv": [8, 12, 8.1875, 12.375], "texture": "#0"},
				"up": {"uv": [12.375, 8.1875, 12, 8], "texture": "#0"},
				"down": {"uv": [8.875, 12, 8.5, 12.1875], "texture": "#0"}
			}
		},
		{
			"from": [7.8, 4.30866, 12.53806],
			"to": [8.2, 4.40866, 13.73806],
			"rotation": {"angle": 0, "axis": "y", "origin": [0.5, -0.19134, 5.83806]},
			"faces": {
				"north": {"uv": [6, 14, 6.1875, 14.0625], "texture": "#0"},
				"east": {"uv": [12.5, 3.5, 13.125, 3.5625], "texture": "#0"},
				"south": {"uv": [14, 6, 14.1875, 6.0625], "texture": "#0"},
				"west": {"uv": [4, 12.5, 4.625, 12.5625], "texture": "#0"},
				"up": {"uv": [11.1875, 11.625, 11, 11], "texture": "#0"},
				"down": {"uv": [11.6875, 0, 11.5, 0.625], "texture": "#0"}
			}
		},
		{
			"from": [7.8, 4.90866, 13.23806],
			"to": [8.2, 5.50866, 13.33806],
			"rotation": {"angle": 0, "axis": "y", "origin": [0.5, -0.19134, 5.83806]},
			"faces": {
				"north": {"uv": [12, 9.5, 12.1875, 9.8125], "texture": "#0"},
				"east": {"uv": [12.5, 13, 12.5625, 13.3125], "texture": "#0"},
				"south": {"uv": [10, 12, 10.1875, 12.3125], "texture": "#0"},
				"west": {"uv": [13, 12.5, 13.0625, 12.8125], "texture": "#0"},
				"up": {"uv": [6.6875, 14.0625, 6.5, 14], "texture": "#0"},
				"down": {"uv": [14.1875, 6.5, 14, 6.5625], "texture": "#0"}
			}
		},
		{
			"from": [7.7, 4.30866, 11.83806],
			"to": [8.3, 5.50866, 12.53806],
			"rotation": {"angle": 0, "axis": "y", "origin": [0.5, -0.19134, 5.83806]},
			"faces": {
				"north": {"uv": [10, 5, 10.3125, 5.625], "texture": "#0"},
				"east": {"uv": [10, 1, 10.375, 1.625], "texture": "#0"},
				"south": {"uv": [6, 10, 6.3125, 10.625], "texture": "#0"},
				"west": {"uv": [2, 10, 2.375, 10.625], "texture": "#0"},
				"up": {"uv": [0.8125, 11.875, 0.5, 11.5], "texture": "#0"},
				"down": {"uv": [1.3125, 11.5, 1, 11.875], "texture": "#0"}
			}
		},
		{
			"from": [7.7, 3.90866, 11.83806],
			"to": [8.3, 4.30866, 11.93806],
			"rotation": {"angle": 0, "axis": "y", "origin": [0.5, -0.19134, 5.83806]},
			"faces": {
				"north": {"uv": [12, 10, 12.3125, 10.1875], "texture": "#0"},
				"east": {"uv": [7, 14, 7.0625, 14.1875], "texture": "#0"},
				"south": {"uv": [10.5, 12, 10.8125, 12.1875], "texture": "#0"},
				"west": {"uv": [14, 7, 14.0625, 7.1875], "texture": "#0"},
				"up": {"uv": [13.3125, 13.0625, 13, 13], "texture": "#0"},
				"down": {"uv": [0.3125, 13.5, 0, 13.5625], "texture": "#0"}
			}
		},
		{
			"from": [7.8, 1.81934, 16.02343],
			"to": [8.2, 1.91934, 16.62343],
			"rotation": {"angle": -22.5, "axis": "x", "origin": [0.5, -2.68066, 8.62343]},
			"faces": {
				"north": {"uv": [7.5, 14, 7.6875, 14.0625], "texture": "#0"},
				"east": {"uv": [13.5, 0, 13.8125, 0.0625], "texture": "#0"},
				"south": {"uv": [14, 7.5, 14.1875, 7.5625], "texture": "#0"},
				"west": {"uv": [0.5, 13.5, 0.8125, 13.5625], "texture": "#0"},
				"up": {"uv": [12.1875, 10.8125, 12, 10.5], "texture": "#0"},
				"down": {"uv": [11.1875, 12, 11, 12.3125], "texture": "#0"}
			}
		},
		{
			"from": [7.6, 6, 2.4],
			"to": [8.4, 6.7, 8.4],
			"rotation": {"angle": 0, "axis": "y", "origin": [0.5, 0, 5.3]},
			"faces": {
				"north": {"uv": [4.5, 11, 4.875, 11.375], "texture": "#0"},
				"east": {"uv": [4, 2.5, 7, 2.875], "texture": "#0"},
				"south": {"uv": [11, 4.5, 11.375, 4.875], "texture": "#0"},
				"west": {"uv": [5, 1, 8, 1.375], "texture": "#0"},
				"up": {"uv": [0.375, 8, 0, 5], "texture": "#0"},
				"down": {"uv": [0.875, 5, 0.5, 8], "texture": "#0"}
			}
		},
		{
			"from": [7.8, 5.5, 2.4],
			"to": [8.2, 6, 8.4],
			"rotation": {"angle": 0, "axis": "y", "origin": [0.5, 0, 5.3]},
			"faces": {
				"north": {"uv": [1, 12.5, 1.1875, 12.75], "texture": "#0"},
				"east": {"uv": [6.5, 0, 9.5, 0.25], "texture": "#0"},
				"south": {"uv": [12.5, 1.5, 12.6875, 1.75], "texture": "#0"},
				"west": {"uv": [6.5, 0.5, 9.5, 0.75], "texture": "#0"},
				"up": {"uv": [7.6875, 10.5, 7.5, 7.5], "texture": "#0"},
				"down": {"uv": [0.1875, 8, 0, 11], "texture": "#0"}
			}
		},
		{
			"from": [10.45178, 3.16313, 2.4],
			"to": [10.85178, 3.66313, 8.4],
			"rotation": {"angle": 22.5, "axis": "z", "origin": [3.15178, -2.33687, 5.3]},
			"faces": {
				"north": {"uv": [2, 12.5, 2.1875, 12.75], "texture": "#0"},
				"east": {"uv": [6.5, 4, 9.5, 4.25], "texture": "#0"},
				"south": {"uv": [12.5, 2, 12.6875, 2.25], "texture": "#0"},
				"west": {"uv": [6.5, 4.5, 9.5, 4.75], "texture": "#0"},
				"up": {"uv": [0.6875, 11, 0.5, 8], "texture": "#0"},
				"down": {"uv": [1.1875, 8, 1, 11], "texture": "#0"}
			}
		},
		{
			"from": [5.14822, 3.16313, 2.4],
			"to": [5.54822, 3.66313, 8.4],
			"rotation": {"angle": -22.5, "axis": "z", "origin": [12.84822, -2.33687, 5.3]},
			"faces": {
				"north": {"uv": [2.5, 12.5, 2.6875, 12.75], "texture": "#0"},
				"east": {"uv": [6.5, 5, 9.5, 5.25], "texture": "#0"},
				"south": {"uv": [3, 12.5, 3.1875, 12.75], "texture": "#0"},
				"west": {"uv": [6.5, 5.5, 9.5, 5.75], "texture": "#0"},
				"up": {"uv": [1.6875, 11, 1.5, 8], "texture": "#0"},
				"down": {"uv": [3.1875, 8, 3, 11], "texture": "#0"}
			}
		},
		{
			"from": [7.7, 6.5, 8.4],
			"to": [8.3, 7.6, 16],
			"rotation": {"angle": 0, "axis": "y", "origin": [0.5, 0, 6.3]},
			"faces": {
				"north": {"uv": [10, 10.5, 10.3125, 11.0625], "texture": "#0"},
				"east": {"uv": [0, 0, 3.8125, 0.5625], "texture": "#0"},
				"south": {"uv": [10.5, 10, 10.8125, 10.5625], "texture": "#0"},
				"west": {"uv": [0, 1, 3.8125, 1.5625], "texture": "#0"},
				"up": {"uv": [3.3125, 7.8125, 3, 4], "texture": "#0"},
				"down": {"uv": [3.8125, 4, 3.5, 7.8125], "texture": "#0"}
			}
		},
		{
			"from": [7.7, 7.4, 2.4],
			"to": [8.3, 7.6, 8.4],
			"rotation": {"angle": 0, "axis": "y", "origin": [0.5, 0, 6.3]},
			"faces": {
				"north": {"uv": [12.5, 4, 12.8125, 4.125], "texture": "#0"},
				"east": {"uv": [9, 6, 12, 6.125], "texture": "#0"},
				"south": {"uv": [12.5, 5, 12.8125, 5.125], "texture": "#0"},
				"west": {"uv": [9, 6.5, 12, 6.625], "texture": "#0"},
				"up": {"uv": [1.3125, 8, 1, 5], "texture": "#0"},
				"down": {"uv": [1.8125, 5, 1.5, 8], "texture": "#0"}
			}
		},
		{
			"from": [7.7, 5.5, 2.4],
			"to": [8.3, 5.7, 8.4],
			"rotation": {"angle": 0, "axis": "y", "origin": [0.5, 0, 6.3]},
			"faces": {
				"north": {"uv": [5.5, 12.5, 5.8125, 12.625], "texture": "#0"},
				"east": {"uv": [9, 7, 12, 7.125], "texture": "#0"},
				"south": {"uv": [12.5, 5.5, 12.8125, 5.625], "texture": "#0"},
				"west": {"uv": [9, 7.5, 12, 7.625], "texture": "#0"},
				"up": {"uv": [5.3125, 7, 5, 4], "texture": "#0"},
				"down": {"uv": [5.8125, 3, 5.5, 6], "texture": "#0"}
			}
		},
		{
			"from": [7.7, 3.28275, 19.22581],
			"to": [8.3, 4.38275, 19.62581],
			"rotation": {"angle": -22.5, "axis": "x", "origin": [0.4, -3.21725, 9.92581]},
			"faces": {
				"north": {"uv": [0, 11, 0.3125, 11.5625], "texture": "#0"},
				"east": {"uv": [3, 11.5, 3.1875, 12.0625], "texture": "#0"},
				"south": {"uv": [11, 0, 11.3125, 0.5625], "texture": "#0"},
				"west": {"uv": [11.5, 3, 11.6875, 3.5625], "texture": "#0"},
				"up": {"uv": [12.3125, 11.1875, 12, 11], "texture": "#0"},
				"down": {"uv": [12.3125, 11.5, 12, 11.6875], "texture": "#0"}
			}
		},
		{
			"from": [7.8, 6.7, 2.4],
			"to": [8.2, 7.4, 8.4],
			"rotation": {"angle": 0, "axis": "y", "origin": [0.5, 0, 5.3]},
			"faces": {
				"north": {"uv": [12, 8.5, 12.1875, 8.875], "texture": "#0"},
				"east": {"uv": [5, 1.5, 8, 1.875], "texture": "#0"},
				"south": {"uv": [9, 12, 9.1875, 12.375], "texture": "#0"},
				"west": {"uv": [5, 2, 8, 2.375], "texture": "#0"},
				"up": {"uv": [3.6875, 11, 3.5, 8], "texture": "#0"},
				"down": {"uv": [4.1875, 8, 4, 11], "texture": "#0"}
			}
		},
		{
			"from": [7.7, 5.4, 3.8],
			"to": [8.3, 5.5, 4.1],
			"rotation": {"angle": 0, "axis": "y", "origin": [0.5, 0, 6.3]},
			"faces": {
				"north": {"uv": [13.5, 0.5, 13.8125, 0.5625], "texture": "#0"},
				"east": {"uv": [8, 14, 8.125, 14.0625], "texture": "#0"},
				"south": {"uv": [1, 13.5, 1.3125, 13.5625], "texture": "#0"},
				"west": {"uv": [14, 8, 14.125, 8.0625], "texture": "#0"},
				"up": {"uv": [6.3125, 12.625, 6, 12.5], "texture": "#0"},
				"down": {"uv": [12.8125, 6.5, 12.5, 6.625], "texture": "#0"}
			}
		},
		{
			"from": [7.7, 5.4, 2.4],
			"to": [8.3, 5.5, 2.9],
			"rotation": {"angle": 0, "axis": "y", "origin": [0.5, 0, 6.3]},
			"faces": {
				"north": {"uv": [13.5, 1, 13.8125, 1.0625], "texture": "#0"},
				"east": {"uv": [3, 14, 3.25, 14.0625], "texture": "#0"},
				"south": {"uv": [1.5, 13.5, 1.8125, 13.5625], "texture": "#0"},
				"west": {"uv": [14, 3, 14.25, 3.0625], "texture": "#0"},
				"up": {"uv": [11.8125, 9.25, 11.5, 9], "texture": "#0"},
				"down": {"uv": [9.8125, 11.5, 9.5, 11.75], "texture": "#0"}
			}
		},
		{
			"from": [7.7, 5.4, 3.2],
			"to": [8.3, 5.5, 3.5],
			"rotation": {"angle": 0, "axis": "y", "origin": [0.5, 0, 6.3]},
			"faces": {
				"north": {"uv": [13.5, 1.5, 13.8125, 1.5625], "texture": "#0"},
				"east": {"uv": [8.5, 14, 8.625, 14.0625], "texture": "#0"},
				"south": {"uv": [2, 13.5, 2.3125, 13.5625], "texture": "#0"},
				"west": {"uv": [14, 8.5, 14.125, 8.5625], "texture": "#0"},
				"up": {"uv": [7.3125, 12.625, 7, 12.5], "texture": "#0"},
				"down": {"uv": [12.8125, 7, 12.5, 7.125], "texture": "#0"}
			}
		},
		{
			"from": [7.7, 5.4, 6.2],
			"to": [8.3, 5.5, 6.5],
			"rotation": {"angle": 0, "axis": "y", "origin": [0.5, 0, 6.3]},
			"faces": {
				"north": {"uv": [13.5, 2, 13.8125, 2.0625], "texture": "#0"},
				"east": {"uv": [9, 14, 9.125, 14.0625], "texture": "#0"},
				"south": {"uv": [2.5, 13.5, 2.8125, 13.5625], "texture": "#0"},
				"west": {"uv": [14, 9, 14.125, 9.0625], "texture": "#0"},
				"up": {"uv": [7.8125, 12.625, 7.5, 12.5], "texture": "#0"},
				"down": {"uv": [12.8125, 7.5, 12.5, 7.625], "texture": "#0"}
			}
		},
		{
			"from": [7.7, 5.4, 6.8],
			"to": [8.3, 5.5, 7.1],
			"rotation": {"angle": 0, "axis": "y", "origin": [0.5, 0, 6.3]},
			"faces": {
				"north": {"uv": [13.5, 2.5, 13.8125, 2.5625], "texture": "#0"},
				"east": {"uv": [9.5, 14, 9.625, 14.0625], "texture": "#0"},
				"south": {"uv": [3, 13.5, 3.3125, 13.5625], "texture": "#0"},
				"west": {"uv": [14, 9.5, 14.125, 9.5625], "texture": "#0"},
				"up": {"uv": [8.3125, 12.625, 8, 12.5], "texture": "#0"},
				"down": {"uv": [12.8125, 8, 12.5, 8.125], "texture": "#0"}
			}
		},
		{
			"from": [7.7, 5.4, 7.4],
			"to": [8.3, 5.5, 7.7],
			"rotation": {"angle": 0, "axis": "y", "origin": [0.5, 0, 6.3]},
			"faces": {
				"north": {"uv": [13.5, 3, 13.8125, 3.0625], "texture": "#0"},
				"east": {"uv": [10, 14, 10.125, 14.0625], "texture": "#0"},
				"south": {"uv": [3.5, 13.5, 3.8125, 13.5625], "texture": "#0"},
				"west": {"uv": [14, 10, 14.125, 10.0625], "texture": "#0"},
				"up": {"uv": [8.8125, 12.625, 8.5, 12.5], "texture": "#0"},
				"down": {"uv": [12.8125, 8.5, 12.5, 8.625], "texture": "#0"}
			}
		},
		{
			"from": [7.7, 5.4, 8],
			"to": [8.3, 5.5, 8.3],
			"rotation": {"angle": 0, "axis": "y", "origin": [0.5, 0, 6.3]},
			"faces": {
				"north": {"uv": [13.5, 3.5, 13.8125, 3.5625], "texture": "#0"},
				"east": {"uv": [10.5, 14, 10.625, 14.0625], "texture": "#0"},
				"south": {"uv": [4, 13.5, 4.3125, 13.5625], "texture": "#0"},
				"west": {"uv": [14, 10.5, 14.125, 10.5625], "texture": "#0"},
				"up": {"uv": [9.3125, 12.625, 9, 12.5], "texture": "#0"},
				"down": {"uv": [12.8125, 9, 12.5, 9.125], "texture": "#0"}
			}
		},
		{
			"from": [7.7, 5.4, 5.6],
			"to": [8.3, 5.5, 5.9],
			"rotation": {"angle": 0, "axis": "y", "origin": [0.5, 0, 6.3]},
			"faces": {
				"north": {"uv": [13.5, 4, 13.8125, 4.0625], "texture": "#0"},
				"east": {"uv": [11, 14, 11.125, 14.0625], "texture": "#0"},
				"south": {"uv": [4.5, 13.5, 4.8125, 13.5625], "texture": "#0"},
				"west": {"uv": [14, 11, 14.125, 11.0625], "texture": "#0"},
				"up": {"uv": [9.8125, 12.625, 9.5, 12.5], "texture": "#0"},
				"down": {"uv": [12.8125, 9.5, 12.5, 9.625], "texture": "#0"}
			}
		},
		{
			"from": [7.7, 5.4, 5],
			"to": [8.3, 5.5, 5.3],
			"rotation": {"angle": 0, "axis": "y", "origin": [0.5, 0, 6.3]},
			"faces": {
				"north": {"uv": [13.5, 4.5, 13.8125, 4.5625], "texture": "#0"},
				"east": {"uv": [11.5, 14, 11.625, 14.0625], "texture": "#0"},
				"south": {"uv": [5, 13.5, 5.3125, 13.5625], "texture": "#0"},
				"west": {"uv": [14, 11.5, 14.125, 11.5625], "texture": "#0"},
				"up": {"uv": [10.3125, 12.625, 10, 12.5], "texture": "#0"},
				"down": {"uv": [12.8125, 10, 12.5, 10.125], "texture": "#0"}
			}
		},
		{
			"from": [7.7, 5.4, 4.4],
			"to": [8.3, 5.5, 4.7],
			"rotation": {"angle": 0, "axis": "y", "origin": [0.5, 0, 6.3]},
			"faces": {
				"north": {"uv": [13.5, 5, 13.8125, 5.0625], "texture": "#0"},
				"east": {"uv": [12, 14, 12.125, 14.0625], "texture": "#0"},
				"south": {"uv": [5.5, 13.5, 5.8125, 13.5625], "texture": "#0"},
				"west": {"uv": [14, 12, 14.125, 12.0625], "texture": "#0"},
				"up": {"uv": [10.8125, 12.625, 10.5, 12.5], "texture": "#0"},
				"down": {"uv": [12.8125, 10.5, 12.5, 10.625], "texture": "#0"}
			}
		},
		{
			"from": [7.7, 7.6, 2.4],
			"to": [8.3, 7.7, 2.9],
			"rotation": {"angle": 0, "axis": "y", "origin": [0.5, 0, 6.3]},
			"faces": {
				"north": {"uv": [13.5, 5.5, 13.8125, 5.5625], "texture": "#0"},
				"east": {"uv": [3.5, 14, 3.75, 14.0625], "texture": "#0"},
				"south": {"uv": [6, 13.5, 6.3125, 13.5625], "texture": "#0"},
				"west": {"uv": [14, 3.5, 14.25, 3.5625], "texture": "#0"},
				"up": {"uv": [10.3125, 11.75, 10, 11.5], "texture": "#0"},
				"down": {"uv": [10.8125, 11.5, 10.5, 11.75], "texture": "#0"}
			}
		},
		{
			"from": [7.7, 7.6, 3.2],
			"to": [8.3, 7.7, 3.5],
			"rotation": {"angle": 0, "axis": "y", "origin": [0.5, 0, 6.3]},
			"faces": {
				"north": {"uv": [13.5, 6, 13.8125, 6.0625], "texture": "#0"},
				"east": {"uv": [12.5, 14, 12.625, 14.0625], "texture": "#0"},
				"south": {"uv": [6.5, 13.5, 6.8125, 13.5625], "texture": "#0"},
				"west": {"uv": [14, 12.5, 14.125, 12.5625], "texture": "#0"},
				"up": {"uv": [11.3125, 12.625, 11, 12.5], "texture": "#0"},
				"down": {"uv": [12.8125, 11, 12.5, 11.125], "texture": "#0"}
			}
		},
		{
			"from": [7.7, 7.6, 6.2],
			"to": [8.3, 7.7, 6.5],
			"rotation": {"angle": 0, "axis": "y", "origin": [0.5, 0, 6.3]},
			"faces": {
				"north": {"uv": [13.5, 6.5, 13.8125, 6.5625], "texture": "#0"},
				"east": {"uv": [13, 14, 13.125, 14.0625], "texture": "#0"},
				"south": {"uv": [7, 13.5, 7.3125, 13.5625], "texture": "#0"},
				"west": {"uv": [14, 13, 14.125, 13.0625], "texture": "#0"},
				"up": {"uv": [11.8125, 12.625, 11.5, 12.5], "texture": "#0"},
				"down": {"uv": [12.8125, 11.5, 12.5, 11.625], "texture": "#0"}
			}
		},
		{
			"from": [7.7, 7.6, 6.8],
			"to": [8.3, 7.7, 7.1],
			"rotation": {"angle": 0, "axis": "y", "origin": [0.5, 0, 6.3]},
			"faces": {
				"north": {"uv": [13.5, 7, 13.8125, 7.0625], "texture": "#0"},
				"east": {"uv": [13.5, 14, 13.625, 14.0625], "texture": "#0"},
				"south": {"uv": [7.5, 13.5, 7.8125, 13.5625], "texture": "#0"},
				"west": {"uv": [14, 13.5, 14.125, 13.5625], "texture": "#0"},
				"up": {"uv": [12.3125, 12.625, 12, 12.5], "texture": "#0"},
				"down": {"uv": [12.8125, 12, 12.5, 12.125], "texture": "#0"}
			}
		},
		{
			"from": [7.7, 7.6, 7.4],
			"to": [8.3, 7.7, 7.7],
			"rotation": {"angle": 0, "axis": "y", "origin": [0.5, 0, 6.3]},
			"faces": {
				"north": {"uv": [13.5, 7.5, 13.8125, 7.5625], "texture": "#0"},
				"east": {"uv": [14, 14, 14.125, 14.0625], "texture": "#0"},
				"south": {"uv": [8, 13.5, 8.3125, 13.5625], "texture": "#0"},
				"west": {"uv": [0, 14.5, 0.125, 14.5625], "texture": "#0"},
				"up": {"uv": [12.8125, 12.625, 12.5, 12.5], "texture": "#0"},
				"down": {"uv": [0.3125, 13, 0, 13.125], "texture": "#0"}
			}
		},
		{
			"from": [7.7, 7.6, 5.6],
			"to": [8.3, 7.7, 5.9],
			"rotation": {"angle": 0, "axis": "y", "origin": [0.5, 0, 6.3]},
			"faces": {
				"north": {"uv": [13.5, 8, 13.8125, 8.0625], "texture": "#0"},
				"east": {"uv": [14.5, 0, 14.625, 0.0625], "texture": "#0"},
				"south": {"uv": [8.5, 13.5, 8.8125, 13.5625], "texture": "#0"},
				"west": {"uv": [0.5, 14.5, 0.625, 14.5625], "texture": "#0"},
				"up": {"uv": [13.3125, 0.125, 13, 0], "texture": "#0"},
				"down": {"uv": [0.8125, 13, 0.5, 13.125], "texture": "#0"}
			}
		},
		{
			"from": [7.7, 7.6, 5],
			"to": [8.3, 7.7, 5.3],
			"rotation": {"angle": 0, "axis": "y", "origin": [0.5, 0, 6.3]},
			"faces": {
				"north": {"uv": [13.5, 8.5, 13.8125, 8.5625], "texture": "#0"},
				"east": {"uv": [14.5, 0.5, 14.625, 0.5625], "texture": "#0"},
				"south": {"uv": [9, 13.5, 9.3125, 13.5625], "texture": "#0"},
				"west": {"uv": [1, 14.5, 1.125, 14.5625], "texture": "#0"},
				"up": {"uv": [13.3125, 0.625, 13, 0.5], "texture": "#0"},
				"down": {"uv": [1.3125, 13, 1, 13.125], "texture": "#0"}
			}
		},
		{
			"from": [7.7, 7.6, 4.4],
			"to": [8.3, 7.7, 4.7],
			"rotation": {"angle": 0, "axis": "y", "origin": [0.5, 0, 6.3]},
			"faces": {
				"north": {"uv": [13.5, 9, 13.8125, 9.0625], "texture": "#0"},
				"east": {"uv": [14.5, 1, 14.625, 1.0625], "texture": "#0"},
				"south": {"uv": [9.5, 13.5, 9.8125, 13.5625], "texture": "#0"},
				"west": {"uv": [1.5, 14.5, 1.625, 14.5625], "texture": "#0"},
				"up": {"uv": [13.3125, 1.125, 13, 1], "texture": "#0"},
				"down": {"uv": [1.8125, 13, 1.5, 13.125], "texture": "#0"}
			}
		},
		{
			"from": [7.7, 7.6, 3.8],
			"to": [8.3, 7.7, 4.1],
			"rotation": {"angle": 0, "axis": "y", "origin": [0.5, 0, 6.3]},
			"faces": {
				"north": {"uv": [13.5, 9.5, 13.8125, 9.5625], "texture": "#0"},
				"east": {"uv": [14.5, 1.5, 14.625, 1.5625], "texture": "#0"},
				"south": {"uv": [10, 13.5, 10.3125, 13.5625], "texture": "#0"},
				"west": {"uv": [2, 14.5, 2.125, 14.5625], "texture": "#0"},
				"up": {"uv": [13.3125, 1.625, 13, 1.5], "texture": "#0"},
				"down": {"uv": [2.3125, 13, 2, 13.125], "texture": "#0"}
			}
		},
		{
			"from": [7.7, 7.6, 9.2],
			"to": [8.3, 7.7, 9.5],
			"rotation": {"angle": 0, "axis": "y", "origin": [0.5, 0, 6.3]},
			"faces": {
				"north": {"uv": [13.5, 10, 13.8125, 10.0625], "texture": "#0"},
				"east": {"uv": [14.5, 2, 14.625, 2.0625], "texture": "#0"},
				"south": {"uv": [10.5, 13.5, 10.8125, 13.5625], "texture": "#0"},
				"west": {"uv": [2.5, 14.5, 2.625, 14.5625], "texture": "#0"},
				"up": {"uv": [13.3125, 2.125, 13, 2], "texture": "#0"},
				"down": {"uv": [2.8125, 13, 2.5, 13.125], "texture": "#0"}
			}
		},
		{
			"from": [7.7, 7.6, 9.8],
			"to": [8.3, 7.7, 10.1],
			"rotation": {"angle": 0, "axis": "y", "origin": [0.5, 0, 6.3]},
			"faces": {
				"north": {"uv": [13.5, 10.5, 13.8125, 10.5625], "texture": "#0"},
				"east": {"uv": [14.5, 2.5, 14.625, 2.5625], "texture": "#0"},
				"south": {"uv": [11, 13.5, 11.3125, 13.5625], "texture": "#0"},
				"west": {"uv": [3, 14.5, 3.125, 14.5625], "texture": "#0"},
				"up": {"uv": [13.3125, 2.625, 13, 2.5], "texture": "#0"},
				"down": {"uv": [3.3125, 13, 3, 13.125], "texture": "#0"}
			}
		},
		{
			"from": [7.7, 7.6, 10.4],
			"to": [8.3, 7.7, 10.7],
			"rotation": {"angle": 0, "axis": "y", "origin": [0.5, 0, 6.3]},
			"faces": {
				"north": {"uv": [13.5, 11, 13.8125, 11.0625], "texture": "#0"},
				"east": {"uv": [14.5, 3, 14.625, 3.0625], "texture": "#0"},
				"south": {"uv": [11.5, 13.5, 11.8125, 13.5625], "texture": "#0"},
				"west": {"uv": [3.5, 14.5, 3.625, 14.5625], "texture": "#0"},
				"up": {"uv": [13.3125, 3.125, 13, 3], "texture": "#0"},
				"down": {"uv": [3.8125, 13, 3.5, 13.125], "texture": "#0"}
			}
		},
		{
			"from": [7.7, 7.6, 12.2],
			"to": [8.3, 7.7, 12.5],
			"rotation": {"angle": 0, "axis": "y", "origin": [0.5, 0, 6.3]},
			"faces": {
				"north": {"uv": [13.5, 11.5, 13.8125, 11.5625], "texture": "#0"},
				"east": {"uv": [14.5, 3.5, 14.625, 3.5625], "texture": "#0"},
				"south": {"uv": [12, 13.5, 12.3125, 13.5625], "texture": "#0"},
				"west": {"uv": [4, 14.5, 4.125, 14.5625], "texture": "#0"},
				"up": {"uv": [4.3125, 13.125, 4, 13], "texture": "#0"},
				"down": {"uv": [13.3125, 4, 13, 4.125], "texture": "#0"}
			}
		},
		{
			"from": [7.7, 7.6, 11.6],
			"to": [8.3, 7.7, 11.9],
			"rotation": {"angle": 0, "axis": "y", "origin": [0.5, 0, 6.3]},
			"faces": {
				"north": {"uv": [13.5, 12, 13.8125, 12.0625], "texture": "#0"},
				"east": {"uv": [14.5, 4, 14.625, 4.0625], "texture": "#0"},
				"south": {"uv": [12.5, 13.5, 12.8125, 13.5625], "texture": "#0"},
				"west": {"uv": [4.5, 14.5, 4.625, 14.5625], "texture": "#0"},
				"up": {"uv": [4.8125, 13.125, 4.5, 13], "texture": "#0"},
				"down": {"uv": [13.3125, 4.5, 13, 4.625], "texture": "#0"}
			}
		},
		{
			"from": [7.7, 7.6, 11],
			"to": [8.3, 7.7, 11.3],
			"rotation": {"angle": 0, "axis": "y", "origin": [0.5, 0, 6.3]},
			"faces": {
				"north": {"uv": [13.5, 12.5, 13.8125, 12.5625], "texture": "#0"},
				"east": {"uv": [14.5, 4.5, 14.625, 4.5625], "texture": "#0"},
				"south": {"uv": [13, 13.5, 13.3125, 13.5625], "texture": "#0"},
				"west": {"uv": [5, 14.5, 5.125, 14.5625], "texture": "#0"},
				"up": {"uv": [5.3125, 13.125, 5, 13], "texture": "#0"},
				"down": {"uv": [13.3125, 5, 13, 5.125], "texture": "#0"}
			}
		},
		{
			"from": [7.7, 7.6, 8],
			"to": [8.3, 7.7, 8.3],
			"rotation": {"angle": 0, "axis": "y", "origin": [0.5, 0, 6.3]},
			"faces": {
				"north": {"uv": [13.5, 13, 13.8125, 13.0625], "texture": "#0"},
				"east": {"uv": [14.5, 5, 14.625, 5.0625], "texture": "#0"},
				"south": {"uv": [13.5, 13.5, 13.8125, 13.5625], "texture": "#0"},
				"west": {"uv": [5.5, 14.5, 5.625, 14.5625], "texture": "#0"},
				"up": {"uv": [5.8125, 13.125, 5.5, 13], "texture": "#0"},
				"down": {"uv": [13.3125, 5.5, 13, 5.625], "texture": "#0"}
			}
		},
		{
			"from": [7.7, 7.6, 8.6],
			"to": [8.3, 7.7, 8.9],
			"rotation": {"angle": 0, "axis": "y", "origin": [0.5, 0, 6.3]},
			"faces": {
				"north": {"uv": [0, 14, 0.3125, 14.0625], "texture": "#0"},
				"east": {"uv": [14.5, 5.5, 14.625, 5.5625], "texture": "#0"},
				"south": {"uv": [14, 0, 14.3125, 0.0625], "texture": "#0"},
				"west": {"uv": [6, 14.5, 6.125, 14.5625], "texture": "#0"},
				"up": {"uv": [6.3125, 13.125, 6, 13], "texture": "#0"},
				"down": {"uv": [13.3125, 6, 13, 6.125], "texture": "#0"}
			}
		},
		{
			"from": [7.7, 7.6, 14],
			"to": [8.3, 7.7, 14.3],
			"rotation": {"angle": 0, "axis": "y", "origin": [0.5, 0, 6.3]},
			"faces": {
				"north": {"uv": [0.5, 14, 0.8125, 14.0625], "texture": "#0"},
				"east": {"uv": [14.5, 6, 14.625, 6.0625], "texture": "#0"},
				"south": {"uv": [14, 0.5, 14.3125, 0.5625], "texture": "#0"},
				"west": {"uv": [6.5, 14.5, 6.625, 14.5625], "texture": "#0"},
				"up": {"uv": [6.8125, 13.125, 6.5, 13], "texture": "#0"},
				"down": {"uv": [13.3125, 6.5, 13, 6.625], "texture": "#0"}
			}
		},
		{
			"from": [7.7, 7.6, 14.6],
			"to": [8.3, 7.7, 14.9],
			"rotation": {"angle": 0, "axis": "y", "origin": [0.5, 0, 6.3]},
			"faces": {
				"north": {"uv": [1, 14, 1.3125, 14.0625], "texture": "#0"},
				"east": {"uv": [14.5, 6.5, 14.625, 6.5625], "texture": "#0"},
				"south": {"uv": [14, 1, 14.3125, 1.0625], "texture": "#0"},
				"west": {"uv": [7, 14.5, 7.125, 14.5625], "texture": "#0"},
				"up": {"uv": [7.3125, 13.125, 7, 13], "texture": "#0"},
				"down": {"uv": [13.3125, 7, 13, 7.125], "texture": "#0"}
			}
		},
		{
			"from": [7.7, 7.6, 15.2],
			"to": [8.3, 7.7, 16],
			"rotation": {"angle": 0, "axis": "y", "origin": [0.5, 0, 6.3]},
			"faces": {
				"north": {"uv": [1.5, 14, 1.8125, 14.0625], "texture": "#0"},
				"east": {"uv": [11, 13, 11.375, 13.0625], "texture": "#0"},
				"south": {"uv": [14, 1.5, 14.3125, 1.5625], "texture": "#0"},
				"west": {"uv": [13, 11, 13.375, 11.0625], "texture": "#0"},
				"up": {"uv": [11.8125, 1.375, 11.5, 1], "texture": "#0"},
				"down": {"uv": [11.8125, 1.5, 11.5, 1.875], "texture": "#0"}
			}
		},
		{
			"from": [7.7, 7.6, 13.4],
			"to": [8.3, 7.7, 13.7],
			"rotation": {"angle": 0, "axis": "y", "origin": [0.5, 0, 6.3]},
			"faces": {
				"north": {"uv": [2, 14, 2.3125, 14.0625], "texture": "#0"},
				"east": {"uv": [14.5, 7, 14.625, 7.0625], "texture": "#0"},
				"south": {"uv": [14, 2, 14.3125, 2.0625], "texture": "#0"},
				"west": {"uv": [7.5, 14.5, 7.625, 14.5625], "texture": "#0"},
				"up": {"uv": [7.8125, 13.125, 7.5, 13], "texture": "#0"},
				"down": {"uv": [13.3125, 7.5, 13, 7.625], "texture": "#0"}
			}
		},
		{
			"from": [7.7, 7.6, 12.8],
			"to": [8.3, 7.7, 13.1],
			"rotation": {"angle": 0, "axis": "y", "origin": [0.5, 0, 6.3]},
			"faces": {
				"north": {"uv": [2.5, 14, 2.8125, 14.0625], "texture": "#0"},
				"east": {"uv": [14.5, 7.5, 14.625, 7.5625], "texture": "#0"},
				"south": {"uv": [14, 2.5, 14.3125, 2.5625], "texture": "#0"},
				"west": {"uv": [8, 14.5, 8.125, 14.5625], "texture": "#0"},
				"up": {"uv": [8.3125, 13.125, 8, 13], "texture": "#0"},
				"down": {"uv": [13.3125, 8, 13, 8.125], "texture": "#0"}
			}
		},
		{
			"from": [7.8, 6, -7.3],
			"to": [8.2, 6.4, 2.4],
			"rotation": {"angle": 0, "axis": "y", "origin": [0.5, 0, 5.3]},
			"faces": {
				"north": {"uv": [10, 13, 10.1875, 13.1875], "texture": "#0"},
				"east": {"uv": [6, 3, 10.875, 3.1875], "texture": "#0"},
				"south": {"uv": [13, 10, 13.1875, 10.1875], "texture": "#0"},
				"west": {"uv": [6, 3.5, 10.875, 3.6875], "texture": "#0"},
				"up": {"uv": [6.1875, 8.875, 6, 4], "texture": "#0"},
				"down": {"uv": [5.6875, 6, 5.5, 10.875], "texture": "#0"}
			}
		},
		{
			"from": [7.8, 6.9, 0.5],
			"to": [8.2, 7.3, 2.4],
			"rotation": {"angle": 0, "axis": "y", "origin": [0.5, 0, 5.3]},
			"faces": {
				"north": {"uv": [10.5, 13, 10.6875, 13.1875], "texture": "#0"},
				"east": {"uv": [10.5, 8.5, 11.4375, 8.6875], "texture": "#0"},
				"south": {"uv": [13, 10.5, 13.1875, 10.6875], "texture": "#0"},
				"west": {"uv": [0.5, 11, 1.4375, 11.1875], "texture": "#0"},
				"up": {"uv": [1.6875, 11.9375, 1.5, 11], "texture": "#0"},
				"down": {"uv": [11.1875, 1.5, 11, 2.4375], "texture": "#0"}
			}
		},
		{
			"from": [7.7, 6.8, -0.8],
			"to": [8.3, 7.4, 0.5],
			"rotation": {"angle": 0, "axis": "y", "origin": [0.5, 0, 5.3]},
			"faces": {
				"north": {"uv": [3.5, 11.5, 3.8125, 11.8125], "texture": "#0"},
				"east": {"uv": [10, 9, 10.625, 9.3125], "texture": "#0"},
				"south": {"uv": [4, 11.5, 4.3125, 11.8125], "texture": "#0"},
				"west": {"uv": [9.5, 10, 10.125, 10.3125], "texture": "#0"},
				"up": {"uv": [8.3125, 10.625, 8, 10], "texture": "#0"},
				"down": {"uv": [10.8125, 0, 10.5, 0.625], "texture": "#0"}
			}
		},
		{
			"from": [7.7, 5.9, -1.4],
			"to": [8.3, 6.5, -0.1],
			"rotation": {"angle": 0, "axis": "y", "origin": [0.5, 0, 5.3]},
			"faces": {
				"north": {"uv": [11.5, 4, 11.8125, 4.3125], "texture": "#0"},
				"east": {"uv": [10, 9.5, 10.625, 9.8125], "texture": "#0"},
				"south": {"uv": [4.5, 11.5, 4.8125, 11.8125], "texture": "#0"},
				"west": {"uv": [10.5, 1, 11.125, 1.3125], "texture": "#0"},
				"up": {"uv": [2.8125, 11.125, 2.5, 10.5], "texture": "#0"},
				"down": {"uv": [10.8125, 4.5, 10.5, 5.125], "texture": "#0"}
			}
		},
		{
			"from": [7.9, 0.1, -3.8],
			"to": [8.1, 1.3, -3.2],
			"rotation": {"angle": 45, "axis": "x", "origin": [0.5, 0, 5.3]},
			"faces": {
				"north": {"uv": [11.5, 10.5, 11.625, 11.125], "texture": "#0"},
				"east": {"uv": [6.5, 10.5, 6.8125, 11.125], "texture": "#0"},
				"south": {"uv": [11.5, 11.5, 11.625, 12.125], "texture": "#0"},
				"west": {"uv": [7, 10.5, 7.3125, 11.125], "texture": "#0"},
				"up": {"uv": [8.625, 13.3125, 8.5, 13], "texture": "#0"},
				"down": {"uv": [13.125, 8.5, 13, 8.8125], "texture": "#0"}
			}
		},
		{
			"from": [7.7, 5.9, -5.1],
			"to": [8.3, 6.5, -4.2],
			"rotation": {"angle": 0, "axis": "y", "origin": [0.5, 0, 5.3]},
			"faces": {
				"north": {"uv": [11.5, 4.5, 11.8125, 4.8125], "texture": "#0"},
				"east": {"uv": [5, 11, 5.4375, 11.3125], "texture": "#0"},
				"south": {"uv": [5, 11.5, 5.3125, 11.8125], "texture": "#0"},
				"west": {"uv": [11, 5, 11.4375, 5.3125], "texture": "#0"},
				"up": {"uv": [5.8125, 11.4375, 5.5, 11], "texture": "#0"},
				"down": {"uv": [11.3125, 5.5, 11, 5.9375], "texture": "#0"}
			}
		},
		{
			"from": [7.9, 6.5, -5.1],
			"to": [8.1, 7.5, -4.7],
			"rotation": {"angle": 0, "axis": "y", "origin": [0.5, 0, 5.3]},
			"faces": {
				"north": {"uv": [12, 9, 12.125, 9.5], "texture": "#0"},
				"east": {"uv": [11.5, 8.5, 11.6875, 9], "texture": "#0"},
				"south": {"uv": [9.5, 12, 9.625, 12.5], "texture": "#0"},
				"west": {"uv": [9, 11.5, 9.1875, 12], "texture": "#0"},
				"up": {"uv": [11.625, 13.1875, 11.5, 13], "texture": "#0"},
				"down": {"uv": [13.125, 11.5, 13, 11.6875], "texture": "#0"}
			}
		},
		{
			"from": [7.9, 10.71296, -2.91454],
			"to": [8.1, 11.91296, -2.51454],
			"rotation": {"angle": -22.5, "axis": "x", "origin": [0.5, 4.21296, 7.48546]},
			"faces": {
				"north": {"uv": [0, 12, 0.125, 12.625], "texture": "#0"},
				"east": {"uv": [11.5, 2, 11.6875, 2.625], "texture": "#0"},
				"south": {"uv": [12, 0, 12.125, 0.625], "texture": "#0"},
				"west": {"uv": [2.5, 11.5, 2.6875, 12.125], "texture": "#0"},
				"up": {"uv": [12.125, 13.1875, 12, 13], "texture": "#0"},
				"down": {"uv": [13.125, 12, 13, 12.1875], "texture": "#0"}
			}
		},
		{
			"from": [7.7, 5.9, -8],
			"to": [8.3, 6.5, -6.4],
			"rotation": {"angle": 0, "axis": "y", "origin": [0.5, 0, 5.3]},
			"faces": {
				"north": {"uv": [11.5, 5, 11.8125, 5.3125], "texture": "#0"},
				"east": {"uv": [4.5, 9.5, 5.3125, 9.8125], "texture": "#0"},
				"south": {"uv": [5.5, 11.5, 5.8125, 11.8125], "texture": "#0"},
				"west": {"uv": [9.5, 4.5, 10.3125, 4.8125], "texture": "#0"},
				"up": {"uv": [9.8125, 5.8125, 9.5, 5], "texture": "#0"},
				"down": {"uv": [6.8125, 9.5, 6.5, 10.3125], "texture": "#0"}
			}
		},
		{
			"from": [7.7, 6.3, -9.3],
			"to": [7.9, 6.5, -8],
			"rotation": {"angle": 0, "axis": "y", "origin": [0.5, 0, 5.3]},
			"faces": {
				"north": {"uv": [4, 14, 4.125, 14.125], "texture": "#0"},
				"east": {"uv": [0.5, 12, 1.125, 12.125], "texture": "#0"},
				"south": {"uv": [14, 4, 14.125, 4.125], "texture": "#0"},
				"west": {"uv": [12, 1, 12.625, 1.125], "texture": "#0"},
				"up": {"uv": [1.625, 12.625, 1.5, 12], "texture": "#0"},
				"down": {"uv": [12.125, 1.5, 12, 2.125], "texture": "#0"}
			}
		},
		{
			"from": [8.1, 6.3, -9.3],
			"to": [8.3, 6.5, -8],
			"rotation": {"angle": 0, "axis": "y", "origin": [0.5, 0, 5.3]},
			"faces": {
				"north": {"uv": [4.5, 14, 4.625, 14.125], "texture": "#0"},
				"east": {"uv": [12, 2.5, 12.625, 2.625], "texture": "#0"},
				"south": {"uv": [14, 4.5, 14.125, 4.625], "texture": "#0"},
				"west": {"uv": [12, 3, 12.625, 3.125], "texture": "#0"},
				"up": {"uv": [3.625, 12.625, 3.5, 12], "texture": "#0"},
				"down": {"uv": [12.125, 3.5, 12, 4.125], "texture": "#0"}
			}
		},
		{
			"from": [7.7, 5.9, -9.3],
			"to": [7.9, 6.1, -8],
			"rotation": {"angle": 0, "axis": "y", "origin": [0.5, 0, 5.3]},
			"faces": {
				"north": {"uv": [5, 14, 5.125, 14.125], "texture": "#0"},
				"east": {"uv": [4, 12, 4.625, 12.125], "texture": "#0"},
				"south": {"uv": [14, 5, 14.125, 5.125], "texture": "#0"},
				"west": {"uv": [12, 4.5, 12.625, 4.625], "texture": "#0"},
				"up": {"uv": [5.125, 12.625, 5, 12], "texture": "#0"},
				"down": {"uv": [12.125, 5, 12, 5.625], "texture": "#0"}
			}
		},
		{
			"from": [8.1, 5.9, -9.3],
			"to": [8.3, 6.1, -8],
			"rotation": {"angle": 0, "axis": "y", "origin": [0.5, 0, 5.3]},
			"faces": {
				"north": {"uv": [5.5, 14, 5.625, 14.125], "texture": "#0"},
				"east": {"uv": [5.5, 12, 6.125, 12.125], "texture": "#0"},
				"south": {"uv": [14, 5.5, 14.125, 5.625], "texture": "#0"},
				"west": {"uv": [12, 6, 12.625, 6.125], "texture": "#0"},
				"up": {"uv": [6.625, 12.625, 6.5, 12], "texture": "#0"},
				"down": {"uv": [12.125, 6.5, 12, 7.125], "texture": "#0"}
			}
		},
		{
			"from": [7.7, 5.9, -9.5],
			"to": [8.3, 6.5, -9.3],
			"rotation": {"angle": 0, "axis": "y", "origin": [0.5, 0, 5.3]},
			"faces": {
				"north": {"uv": [11.5, 5.5, 11.8125, 5.8125], "texture": "#0"},
				"east": {"uv": [9, 13, 9.125, 13.3125], "texture": "#0"},
				"south": {"uv": [6, 11.5, 6.3125, 11.8125], "texture": "#0"},
				"west": {"uv": [13, 9, 13.125, 9.3125], "texture": "#0"},
				"up": {"uv": [9.8125, 13.125, 9.5, 13], "texture": "#0"},
				"down": {"uv": [13.3125, 9.5, 13, 9.625], "texture": "#0"}
			}
		}
	],
	"display": {
		"thirdperson_righthand": {
			"translation": [0, 2.25, -2.5],
			"scale": [0.8, 0.8, 0.8]
		},
		"thirdperson_lefthand": {
			"scale": [0, 0, 0]
		},
		"firstperson_righthand": {
			"rotation": [0, 0, -25],
			"translation": [0, 15.5, -4.75]
		},
		"firstperson_lefthand": {
			"rotation": [0, 85.5, 0],
			"translation": [-10.25, 12.25, -4.5]
		},
		"ground": {
			"translation": [0, 1, 0]
		},
		"gui": {
			"rotation": [25.25, 41.75, 0],
			"translation": [0.5, 1.5, 0],
			"scale": [0.8, 0.8, 0.8]
		}
	},
	"groups": [
		{
			"name": "ak12",
			"origin": [8, 8, 8],
			"color": 0,
			"children": [
				{
					"name": "wei",
					"origin": [8, 8, 8],
					"color": 0,
					"children": [0, 1, 2, 3, 4, 5, 6, 7]
				},
				{
					"name": "main",
					"origin": [8, 8, 8],
					"color": 0,
					"children": [8,
						{
							"name": "group",
							"origin": [0.5, 0, 4],
							"color": 0,
							"children": [9, 10, 11, 12, 13, 14]
						},
						{
							"name": "group",
							"origin": [0.5, 0, 4],
							"color": 0,
							"children": [15, 16, 17, 18, 19]
						}, 20, 21, 22, 23, 24, 25, 26, 27, 28,
						{
							"name": "group",
							"origin": [0.5, 0, 5.3],
							"color": 0,
							"children": [29, 30, 31, 32, 33, 34, 35, 36, 37, 38]
						},
						{
							"name": "group",
							"origin": [0.5, 0, 5.3],
							"color": 0,
							"children": [39, 40, 41, 42, 43, 44, 45, 46, 47, 48, 49, 50, 51, 52, 53, 54, 55, 56, 57, 58, 59, 60]
						}
					]
				},
				{
					"name": "head",
					"origin": [8, 8, 8],
					"color": 0,
					"children": [61, 62, 63, 64, 65, 66, 67, 68, 69, 70, 71, 72, 73, 74]
				}
			]
		}
	]
}