{
	"parent":"item/handheld_rod",
	"textures":{"layer0":"item/carrot_on_a_stick"},
	"overrides":
	[
		{"predicate":{"custom_model_data":1},"model":"item/start"},
		{"predicate":{"custom_model_data":2},"model":"item/downland"},
		{"predicate":{"custom_model_data":3},"model":"item/cantstart"},
		{"predicate":{"custom_model_data":4},"model":"item/what"},
		{"predicate":{"custom_model_data":5},"model":"item/canchoice"},
		{"predicate":{"custom_model_data":6},"model":"item/choice"},
		{"predicate":{"custom_model_data":7},"model":"item/buy"},
		{"predicate":{"custom_model_data":8},"model":"item/canbuy"},
		{"predicate":{"custom_model_data":9},"model":"item/nochoice"},
		{"predicate":{"custom_model_data":10},"model":"item/text"},
		{"predicate":{"custom_model_data":11},"model":"item/guntext"},
		{"predicate":{"custom_model_data":12},"model":"item/purtext"},
		{"predicate":{"custom_model_data":13},"model":"item/esc"},
		{"predicate":{"custom_model_data":14},"model":"item/mode"},
		{"predicate":{"custom_model_data":18},"model":"item/zd"},
		{"predicate":{"custom_model_data":19},"model":"item/map"},
		{"predicate":{"custom_model_data":20},"model":"item/random"},
		{"predicate":{"custom_model_data":21},"model":"item/no"},
		{"predicate":{"custom_model_data":22},"model":"item/canlike"},
		{"predicate":{"custom_model_data":23},"model":"item/like"},
		{"predicate":{"custom_model_data":24},"model":"item/nolike"},
		{"predicate":{"custom_model_data":25},"model":"item/chat"},
		{"predicate":{"custom_model_data":26},"model":"item/sz"},
		{"predicate":{"custom_model_data":27},"model":"item/sz-qgy"},
		{"predicate":{"custom_model_data":28},"model":"item/jd"},
		{"predicate":{"custom_model_data":29},"model":"item/left"},
		{"predicate":{"custom_model_data":30},"model":"item/right"},
		{"predicate":{"custom_model_data":31},"model":"item/noleft"},
		{"predicate":{"custom_model_data":32},"model":"item/noright"},
		{"predicate":{"custom_model_data":33},"model":"item/world"},
		{"predicate":{"custom_model_data":34},"model":"item/chat_yellow"},
		{"predicate":{"custom_model_data":35},"model":"item/lqstart"},
		{"predicate":{"custom_model_data":101},"model":"dt/dt1"},
		{"predicate":{"custom_model_data":102},"model":"dt/dt2"},
		{"predicate":{"custom_model_data":103},"model":"dt/dt3"},
		{"predicate":{"custom_model_data":104},"model":"dt/dt4"},
		{"predicate":{"custom_model_data":105},"model":"dt/dt5"},
		{"predicate":{"custom_model_data":111},"model":"dt/dt101"},
		{"predicate":{"custom_model_data":231},"model":"yxz/cdq"},
		{"predicate":{"custom_model_data":232},"model":"yxz/cdq_1"},
		{"predicate":{"custom_model_data":233},"model":"yxz/ccdq"},
		{"predicate":{"custom_model_data":234},"model":"yxz/a"},
		{"predicate":{"custom_model_data":235},"model":"yxz/b"},
		{"predicate":{"custom_model_data":241},"model":"yxz/rz"},
		{"predicate":{"custom_model_data":271},"model":"yxz/ms7.text"},
		{"predicate":{"custom_model_data":272},"model":"yxz/ms7.yj"},
		{"predicate":{"custom_model_data":273},"model":"yxz/ms7.zombie"},
		{"predicate":{"custom_model_data":274},"model":"yxz/jjb"},
		{"predicate":{"custom_model_data":275},"model":"yxz/dyx"},
		{"predicate":{"custom_model_data":300},"model":"item/ms0"},
		{"predicate":{"custom_model_data":310},"model":"item/zh1"},
		{"predicate":{"custom_model_data":311},"model":"item/ms1"},
		{"predicate":{"custom_model_data":312},"model":"item/ms3"},
		{"predicate":{"custom_model_data":313},"model":"item/ms4"},
		{"predicate":{"custom_model_data":314},"model":"item/ms5"},
		{"predicate":{"custom_model_data":315},"model":"item/ranking"},
		{"predicate":{"custom_model_data":320},"model":"item/zh2"},
		{"predicate":{"custom_model_data":321},"model":"item/ms2"},
		{"predicate":{"custom_model_data":330},"model":"item/zh3"},
		{"predicate":{"custom_model_data":331},"model":"item/ms7"},
		{"predicate":{"custom_model_data":332},"model":"item/ms8"},
		{"predicate":{"custom_model_data":401},"model":"head/xsg"},
		{"predicate":{"custom_model_data":411},"model":"yxz/like"},
		{"predicate":{"custom_model_data":412},"model":"yxz/like_1"},
		{"predicate":{"custom_model_data":413},"model":"yxz/like_2"},
		{"predicate":{"custom_model_data":414},"model":"yxz/like_3"},
		{"predicate":{"custom_model_data":421},"model":"yxz/iron_block"},
		{"predicate":{"custom_model_data":500},"model":"item/nomusic"},
		{"predicate":{"custom_model_data":501},"model":"item/pigstep"},
		{"predicate":{"custom_model_data":502},"model":"item/cat"},
		{"predicate":{"custom_model_data":503},"model":"item/chirp"},
		{"predicate":{"custom_model_data":504},"model":"item/wait"},
		{"predicate":{"custom_model_data":505},"model":"item/alpha"},
		{"predicate":{"custom_model_data":511},"model":"yxz/yzm"},
		{"predicate":{"custom_model_data":1000},"model":"head/steve"},
		{"predicate":{"custom_model_data":1001},"model":"gun/hk416"},
		{"predicate":{"custom_model_data":1002},"model":"gun/hk416_1"},
		{"predicate":{"custom_model_data":1003},"model":"gun/usp"},
		{"predicate":{"custom_model_data":1004},"model":"gun/usp_1"},
		{"predicate":{"custom_model_data":1005},"model":"jn/grenade"},
		{"predicate":{"custom_model_data":1006},"model":"gun/bishou"},
		{"predicate":{"custom_model_data":1011},"model":"gunhd/hk416/1"},
		{"predicate":{"custom_model_data":1012},"model":"gunhd/hk416/2"},
		{"predicate":{"custom_model_data":1013},"model":"gunhd/hk416/3"},
		{"predicate":{"custom_model_data":1014},"model":"gunhd/hk416/4"},
		{"predicate":{"custom_model_data":1015},"model":"gunhd/hk416/5"},
		{"predicate":{"custom_model_data":1016},"model":"gunhd/hk416/6"},
		{"predicate":{"custom_model_data":1021},"model":"gunhd/usp/1"},
		{"predicate":{"custom_model_data":1022},"model":"gunhd/usp/2"},
		{"predicate":{"custom_model_data":1023},"model":"gunhd/usp/3"},
		{"predicate":{"custom_model_data":1024},"model":"gunhd/usp/4"},
		{"predicate":{"custom_model_data":1025},"model":"gunhd/usp/5"},
		{"predicate":{"custom_model_data":1026},"model":"gunhd/usp/6"},
		{"predicate":{"custom_model_data":1100},"model":"head/steve_mc"},
		{"predicate":{"custom_model_data":1101},"model":"gun/hk416_mc"},
		{"predicate":{"custom_model_data":1102},"model":"gun/hk416_mc_1"},
		{"predicate":{"custom_model_data":1103},"model":"gun/usp_mc"},
		{"predicate":{"custom_model_data":1104},"model":"gun/usp_mc_1"},
		{"predicate":{"custom_model_data":1105},"model":"jn/grenade_mc"},
		{"predicate":{"custom_model_data":1111},"model":"gunhd/hk416_1/1"},
		{"predicate":{"custom_model_data":1112},"model":"gunhd/hk416_1/2"},
		{"predicate":{"custom_model_data":1113},"model":"gunhd/hk416_1/3"},
		{"predicate":{"custom_model_data":1114},"model":"gunhd/hk416_1/4"},
		{"predicate":{"custom_model_data":1115},"model":"gunhd/hk416_1/5"},
		{"predicate":{"custom_model_data":1116},"model":"gunhd/hk416_1/6"},
		{"predicate":{"custom_model_data":1121},"model":"gunhd/usp_1/1"},
		{"predicate":{"custom_model_data":1122},"model":"gunhd/usp_1/2"},
		{"predicate":{"custom_model_data":1123},"model":"gunhd/usp_1/3"},
		{"predicate":{"custom_model_data":1124},"model":"gunhd/usp_1/4"},
		{"predicate":{"custom_model_data":1125},"model":"gunhd/usp_1/5"},
		{"predicate":{"custom_model_data":1126},"model":"gunhd/usp_1/6"},
		{"predicate":{"custom_model_data":1200},"model":"head/steve_him"},
		{"predicate":{"custom_model_data":1201},"model":"gun/hk416_him"},
		{"predicate":{"custom_model_data":1202},"model":"gun/hk416_him_1"},
		{"predicate":{"custom_model_data":1203},"model":"gun/usp_him"},
		{"predicate":{"custom_model_data":1204},"model":"gun/usp_him_1"},
		{"predicate":{"custom_model_data":1205},"model":"jn/grenade_him"},
		{"predicate":{"custom_model_data":1211},"model":"gunhd/hk416_him/1"},
		{"predicate":{"custom_model_data":1212},"model":"gunhd/hk416_him/2"},
		{"predicate":{"custom_model_data":1213},"model":"gunhd/hk416_him/3"},
		{"predicate":{"custom_model_data":1214},"model":"gunhd/hk416_him/4"},
		{"predicate":{"custom_model_data":1215},"model":"gunhd/hk416_him/5"},
		{"predicate":{"custom_model_data":1216},"model":"gunhd/hk416_him/6"},
		{"predicate":{"custom_model_data":1221},"model":"gunhd/usp_him/1"},
		{"predicate":{"custom_model_data":1222},"model":"gunhd/usp_him/2"},
		{"predicate":{"custom_model_data":1223},"model":"gunhd/usp_him/3"},
		{"predicate":{"custom_model_data":1224},"model":"gunhd/usp_him/4"},
		{"predicate":{"custom_model_data":1225},"model":"gunhd/usp_him/5"},
		{"predicate":{"custom_model_data":1226},"model":"gunhd/usp_him/6"},
		{"predicate":{"custom_model_data":2000},"model":"head/alex"},
		{"predicate":{"custom_model_data":2001},"model":"gun/aug"},
		{"predicate":{"custom_model_data":2002},"model":"gun/aug_1"},
		{"predicate":{"custom_model_data":2003},"model":"gun/llk"},
		{"predicate":{"custom_model_data":2004},"model":"gun/llk_1"},
		{"predicate":{"custom_model_data":2005},"model":"jn/flash"},
		{"predicate":{"custom_model_data":2011},"model":"gunhd/aug/1"},
		{"predicate":{"custom_model_data":2012},"model":"gunhd/aug/2"},
		{"predicate":{"custom_model_data":2013},"model":"gunhd/aug/3"},
		{"predicate":{"custom_model_data":2014},"model":"gunhd/aug/4"},
		{"predicate":{"custom_model_data":2015},"model":"gunhd/aug/5"},
		{"predicate":{"custom_model_data":2016},"model":"gunhd/aug/6"},
		{"predicate":{"custom_model_data":2017},"model":"gunhd/aug/7"},
		{"predicate":{"custom_model_data":2018},"model":"gunhd/aug/8"},
		{"predicate":{"custom_model_data":2021},"model":"gunhd/llk/1"},
		{"predicate":{"custom_model_data":2022},"model":"gunhd/llk/2"},
		{"predicate":{"custom_model_data":2023},"model":"gunhd/llk/3"},
		{"predicate":{"custom_model_data":2024},"model":"gunhd/llk/4"},
		{"predicate":{"custom_model_data":2025},"model":"gunhd/llk/5"},
		{"predicate":{"custom_model_data":2026},"model":"gunhd/llk/6"},
		{"predicate":{"custom_model_data":2027},"model":"gunhd/llk/7"},
		{"predicate":{"custom_model_data":2028},"model":"gunhd/llk/8"},
		{"predicate":{"custom_model_data":2029},"model":"gunhd/llk/9"},
		{"predicate":{"custom_model_data":2030},"model":"gunhd/llk/10"},
		{"predicate":{"custom_model_data":2100},"model":"head/alex_lemon"},
		{"predicate":{"custom_model_data":2101},"model":"gun/aug_lemon"},
		{"predicate":{"custom_model_data":2102},"model":"gun/aug_lemon_1"},
		{"predicate":{"custom_model_data":2103},"model":"gun/llk_lemon"},
		{"predicate":{"custom_model_data":2104},"model":"gun/llk_lemon_1"},
		{"predicate":{"custom_model_data":2105},"model":"jn/flash_lemon"},
		{"predicate":{"custom_model_data":2111},"model":"gunhd/aug_lemon/1"},
		{"predicate":{"custom_model_data":2112},"model":"gunhd/aug_lemon/2"},
		{"predicate":{"custom_model_data":2113},"model":"gunhd/aug_lemon/3"},
		{"predicate":{"custom_model_data":2114},"model":"gunhd/aug_lemon/4"},
		{"predicate":{"custom_model_data":2115},"model":"gunhd/aug_lemon/5"},
		{"predicate":{"custom_model_data":2116},"model":"gunhd/aug_lemon/6"},
		{"predicate":{"custom_model_data":2117},"model":"gunhd/aug_lemon/7"},
		{"predicate":{"custom_model_data":2118},"model":"gunhd/aug_lemon/8"},
		{"predicate":{"custom_model_data":2121},"model":"gunhd/llk_lemon/1"},
		{"predicate":{"custom_model_data":2122},"model":"gunhd/llk_lemon/2"},
		{"predicate":{"custom_model_data":2123},"model":"gunhd/llk_lemon/3"},
		{"predicate":{"custom_model_data":2124},"model":"gunhd/llk_lemon/4"},
		{"predicate":{"custom_model_data":2125},"model":"gunhd/llk_lemon/5"},
		{"predicate":{"custom_model_data":2126},"model":"gunhd/llk_lemon/6"},
		{"predicate":{"custom_model_data":2127},"model":"gunhd/llk_lemon/7"},
		{"predicate":{"custom_model_data":2128},"model":"gunhd/llk_lemon/8"},
		{"predicate":{"custom_model_data":2129},"model":"gunhd/llk_lemon/9"},
		{"predicate":{"custom_model_data":2130},"model":"gunhd/llk_lemon/10"},
		{"predicate":{"custom_model_data":3000},"model":"head/baihu"},
		{"predicate":{"custom_model_data":3001},"model":"gun/mp5"},
		{"predicate":{"custom_model_data":3002},"model":"gun/mp5_1"},
		{"predicate":{"custom_model_data":3003},"model":"gun/q929"},
		{"predicate":{"custom_model_data":3004},"model":"gun/q929_1"},
		{"predicate":{"custom_model_data":3005},"model":"jn/mhcz"},
		{"predicate":{"custom_model_data":3006},"model":"gun/shou"},
		{"predicate":{"custom_model_data":3011},"model":"gunhd/mp5/1"},
		{"predicate":{"custom_model_data":3012},"model":"gunhd/mp5/2"},
		{"predicate":{"custom_model_data":3013},"model":"gunhd/mp5/3"},
		{"predicate":{"custom_model_data":3014},"model":"gunhd/mp5/4"},
		{"predicate":{"custom_model_data":3015},"model":"gunhd/mp5/5"},
		{"predicate":{"custom_model_data":3016},"model":"gunhd/mp5/6"},
		{"predicate":{"custom_model_data":3017},"model":"gunhd/mp5/7"},
		{"predicate":{"custom_model_data":3021},"model":"gunhd/q929/1"},
		{"predicate":{"custom_model_data":3022},"model":"gunhd/q929/2"},
		{"predicate":{"custom_model_data":3023},"model":"gunhd/q929/3"},
		{"predicate":{"custom_model_data":3024},"model":"gunhd/q929/4"},
		{"predicate":{"custom_model_data":3025},"model":"gunhd/q929/5"},
		{"predicate":{"custom_model_data":3026},"model":"gunhd/q929/6"},
		{"predicate":{"custom_model_data":3027},"model":"gunhd/q929/7"},
		{"predicate":{"custom_model_data":4000},"model":"head/alive"},
		{"predicate":{"custom_model_data":4001},"model":"gun/m1014"},
		{"predicate":{"custom_model_data":4002},"model":"gun/m1014_1"},
		{"predicate":{"custom_model_data":4003},"model":"gun/ghs_15"},
		{"predicate":{"custom_model_data":4004},"model":"gun/ghs_15_1"},
		{"predicate":{"custom_model_data":4005},"model":"jn/guli"},
		{"predicate":{"custom_model_data":4011},"model":"gunhd/m1014/1"},
		{"predicate":{"custom_model_data":4012},"model":"gunhd/m1014/2"},
		{"predicate":{"custom_model_data":4013},"model":"gunhd/m1014/3"},
		{"predicate":{"custom_model_data":4014},"model":"gunhd/m1014/4"},
		{"predicate":{"custom_model_data":4015},"model":"gunhd/m1014/5"},
		{"predicate":{"custom_model_data":4016},"model":"gunhd/m1014/6"},
		{"predicate":{"custom_model_data":4021},"model":"gunhd/ghs_15/1"},
		{"predicate":{"custom_model_data":4022},"model":"gunhd/ghs_15/2"},
		{"predicate":{"custom_model_data":4023},"model":"gunhd/ghs_15/3"},
		{"predicate":{"custom_model_data":4024},"model":"gunhd/ghs_15/4"},
		{"predicate":{"custom_model_data":4025},"model":"gunhd/ghs_15/5"},
		{"predicate":{"custom_model_data":4026},"model":"gunhd/ghs_15/6"},
		{"predicate":{"custom_model_data":4027},"model":"gunhd/ghs_15/7"},
		{"predicate":{"custom_model_data":4028},"model":"gunhd/ghs_15/8"},
		{"predicate":{"custom_model_data":4029},"model":"gunhd/ghs_15/9"},
		{"predicate":{"custom_model_data":4100},"model":"head/alive_win"},
		{"predicate":{"custom_model_data":4101},"model":"gun/m1014_win"},
		{"predicate":{"custom_model_data":4102},"model":"gun/m1014_1_win"},
		{"predicate":{"custom_model_data":4103},"model":"gun/ghs_15_win"},
		{"predicate":{"custom_model_data":4104},"model":"gun/ghs_15_1_win"},
		{"predicate":{"custom_model_data":4106},"model":"gun/bishou_win"},
		{"predicate":{"custom_model_data":4111},"model":"gunhd/m1014_win/1"},
		{"predicate":{"custom_model_data":4112},"model":"gunhd/m1014_win/2"},
		{"predicate":{"custom_model_data":4113},"model":"gunhd/m1014_win/3"},
		{"predicate":{"custom_model_data":4114},"model":"gunhd/m1014_win/4"},
		{"predicate":{"custom_model_data":4115},"model":"gunhd/m1014_win/5"},
		{"predicate":{"custom_model_data":4116},"model":"gunhd/m1014_win/6"},
		{"predicate":{"custom_model_data":4121},"model":"gunhd/ghs_15_win/1"},
		{"predicate":{"custom_model_data":4122},"model":"gunhd/ghs_15_win/2"},
		{"predicate":{"custom_model_data":4123},"model":"gunhd/ghs_15_win/3"},
		{"predicate":{"custom_model_data":4124},"model":"gunhd/ghs_15_win/4"},
		{"predicate":{"custom_model_data":4125},"model":"gunhd/ghs_15_win/5"},
		{"predicate":{"custom_model_data":4126},"model":"gunhd/ghs_15_win/6"},
		{"predicate":{"custom_model_data":4127},"model":"gunhd/ghs_15_win/7"},
		{"predicate":{"custom_model_data":4128},"model":"gunhd/ghs_15_win/8"},
		{"predicate":{"custom_model_data":4129},"model":"gunhd/ghs_15_win/9"},
		{"predicate":{"custom_model_data":5000},"model":"head/chenggang"},
		{"predicate":{"custom_model_data":5001},"model":"gun/dp27"},
		{"predicate":{"custom_model_data":5002},"model":"gun/dp27_1"},
		{"predicate":{"custom_model_data":5003},"model":"gun/lfp586"},
		{"predicate":{"custom_model_data":5004},"model":"gun/lfp586_1"},
		{"predicate":{"custom_model_data":5005},"model":"jn/lyd"},
		{"predicate":{"custom_model_data":5011},"model":"gunhd/dp27/1"},
		{"predicate":{"custom_model_data":5012},"model":"gunhd/dp27/2"},
		{"predicate":{"custom_model_data":5013},"model":"gunhd/dp27/3"},
		{"predicate":{"custom_model_data":5014},"model":"gunhd/dp27/4"},
		{"predicate":{"custom_model_data":5015},"model":"gunhd/dp27/5"},
		{"predicate":{"custom_model_data":5016},"model":"gunhd/dp27/6"},
		{"predicate":{"custom_model_data":5017},"model":"gunhd/dp27/7"},
		{"predicate":{"custom_model_data":5021},"model":"gunhd/lfp586/1"},
		{"predicate":{"custom_model_data":5022},"model":"gunhd/lfp586/2"},
		{"predicate":{"custom_model_data":5023},"model":"gunhd/lfp586/3"},
		{"predicate":{"custom_model_data":5024},"model":"gunhd/lfp586/4"},
		{"predicate":{"custom_model_data":5025},"model":"gunhd/lfp586/5"},
		{"predicate":{"custom_model_data":5026},"model":"gunhd/lfp586/6"},
		{"predicate":{"custom_model_data":5100},"model":"head/chenggang_ly"},
		{"predicate":{"custom_model_data":5101},"model":"gun/dp27_ly"},
		{"predicate":{"custom_model_data":5102},"model":"gun/dp27_1_ly"},
		{"predicate":{"custom_model_data":5103},"model":"gun/lfp586_ly"},
		{"predicate":{"custom_model_data":5104},"model":"gun/lfp586_1_ly"},
		{"predicate":{"custom_model_data":5105},"model":"jn/lyd"},
		{"predicate":{"custom_model_data":5111},"model":"gunhd/dp27_ly/1"},
		{"predicate":{"custom_model_data":5112},"model":"gunhd/dp27_ly/2"},
		{"predicate":{"custom_model_data":5113},"model":"gunhd/dp27_ly/3"},
		{"predicate":{"custom_model_data":5114},"model":"gunhd/dp27_ly/4"},
		{"predicate":{"custom_model_data":5115},"model":"gunhd/dp27_ly/5"},
		{"predicate":{"custom_model_data":5116},"model":"gunhd/dp27_ly/6"},
		{"predicate":{"custom_model_data":5117},"model":"gunhd/dp27_ly/7"},
		{"predicate":{"custom_model_data":5121},"model":"gunhd/lfp586_ly/1"},
		{"predicate":{"custom_model_data":5122},"model":"gunhd/lfp586_ly/2"},
		{"predicate":{"custom_model_data":5123},"model":"gunhd/lfp586_ly/3"},
		{"predicate":{"custom_model_data":5124},"model":"gunhd/lfp586_ly/4"},
		{"predicate":{"custom_model_data":5125},"model":"gunhd/lfp586_ly/5"},
		{"predicate":{"custom_model_data":5126},"model":"gunhd/lfp586_ly/6"},
		{"predicate":{"custom_model_data":6000},"model":"head/zang"},
		{"predicate":{"custom_model_data":6001},"model":"gun/awp"},
		{"predicate":{"custom_model_data":6002},"model":"gun/awp_1"},
		{"predicate":{"custom_model_data":6005},"model":"jn/ganying"},
		{"predicate":{"custom_model_data":6006},"model":"jn/ganying_1"},
		{"predicate":{"custom_model_data":6011},"model":"gunhd/awp/1"},
		{"predicate":{"custom_model_data":6012},"model":"gunhd/awp/2"},
		{"predicate":{"custom_model_data":6013},"model":"gunhd/awp/3"},
		{"predicate":{"custom_model_data":6014},"model":"gunhd/awp/4"},
		{"predicate":{"custom_model_data":6015},"model":"gunhd/awp/5"},
		{"predicate":{"custom_model_data":6016},"model":"gunhd/awp/6"},
		{"predicate":{"custom_model_data":6017},"model":"gunhd/awp/7"},
		{"predicate":{"custom_model_data":6018},"model":"gunhd/awp/8"},
		{"predicate":{"custom_model_data":6100},"model":"head/zang_gold"},
		{"predicate":{"custom_model_data":6101},"model":"gun/awp_gold"},
		{"predicate":{"custom_model_data":6102},"model":"gun/awp_1_gold"},
		{"predicate":{"custom_model_data":6103},"model":"gun/ghs_15_gold"},
		{"predicate":{"custom_model_data":6104},"model":"gun/ghs_15_1_gold"},
		{"predicate":{"custom_model_data":6111},"model":"gunhd/awp_gold/1"},
		{"predicate":{"custom_model_data":6112},"model":"gunhd/awp_gold/2"},
		{"predicate":{"custom_model_data":6113},"model":"gunhd/awp_gold/3"},
		{"predicate":{"custom_model_data":6114},"model":"gunhd/awp_gold/4"},
		{"predicate":{"custom_model_data":6115},"model":"gunhd/awp_gold/5"},
		{"predicate":{"custom_model_data":6116},"model":"gunhd/awp_gold/6"},
		{"predicate":{"custom_model_data":6117},"model":"gunhd/awp_gold/7"},
		{"predicate":{"custom_model_data":6118},"model":"gunhd/awp_gold/8"},
		{"predicate":{"custom_model_data":6121},"model":"gunhd/ghs_15_gold/1"},
		{"predicate":{"custom_model_data":6122},"model":"gunhd/ghs_15_gold/2"},
		{"predicate":{"custom_model_data":6123},"model":"gunhd/ghs_15_gold/3"},
		{"predicate":{"custom_model_data":6124},"model":"gunhd/ghs_15_gold/4"},
		{"predicate":{"custom_model_data":6125},"model":"gunhd/ghs_15_gold/5"},
		{"predicate":{"custom_model_data":6126},"model":"gunhd/ghs_15_gold/6"},
		{"predicate":{"custom_model_data":6127},"model":"gunhd/ghs_15_gold/7"},
		{"predicate":{"custom_model_data":6128},"model":"gunhd/ghs_15_gold/8"},
		{"predicate":{"custom_model_data":6129},"model":"gunhd/ghs_15_gold/9"},
		{"predicate":{"custom_model_data":7000},"model":"head/tangmi"},
		{"predicate":{"custom_model_data":7001},"model":"gun/hk417"},
		{"predicate":{"custom_model_data":7002},"model":"gun/hk417_1"},
		{"predicate":{"custom_model_data":7003},"model":"gun/p9"},
		{"predicate":{"custom_model_data":7004},"model":"gun/p9_1"},
		{"predicate":{"custom_model_data":7005},"model":"jn/gyzd"},
		{"predicate":{"custom_model_data":7011},"model":"gunhd/hk417/1"},
		{"predicate":{"custom_model_data":7012},"model":"gunhd/hk417/2"},
		{"predicate":{"custom_model_data":7013},"model":"gunhd/hk417/3"},
		{"predicate":{"custom_model_data":7014},"model":"gunhd/hk417/4"},
		{"predicate":{"custom_model_data":7015},"model":"gunhd/hk417/5"},
		{"predicate":{"custom_model_data":7016},"model":"gunhd/hk417/6"},		
		{"predicate":{"custom_model_data":7021},"model":"gunhd/p9/1"},
		{"predicate":{"custom_model_data":7022},"model":"gunhd/p9/2"},
		{"predicate":{"custom_model_data":7023},"model":"gunhd/p9/3"},
		{"predicate":{"custom_model_data":7024},"model":"gunhd/p9/4"},
		{"predicate":{"custom_model_data":7025},"model":"gunhd/p9/5"},
		{"predicate":{"custom_model_data":7026},"model":"gunhd/p9/6"},
		{"predicate":{"custom_model_data":7100},"model":"head/tangmi_hk"},
		{"predicate":{"custom_model_data":7101},"model":"gun/hk417_hk"},
		{"predicate":{"custom_model_data":7102},"model":"gun/hk417_hk_1"},
		{"predicate":{"custom_model_data":7103},"model":"gun/p9_hk"},
		{"predicate":{"custom_model_data":7104},"model":"gun/p9_hk_1"},
		{"predicate":{"custom_model_data":7105},"model":"jn/gyzd_hk"},
		{"predicate":{"custom_model_data":7111},"model":"gunhd/hk417_hk/1"},
		{"predicate":{"custom_model_data":7112},"model":"gunhd/hk417_hk/2"},
		{"predicate":{"custom_model_data":7113},"model":"gunhd/hk417_hk/3"},
		{"predicate":{"custom_model_data":7114},"model":"gunhd/hk417_hk/4"},
		{"predicate":{"custom_model_data":7115},"model":"gunhd/hk417_hk/5"},
		{"predicate":{"custom_model_data":7116},"model":"gunhd/hk417_hk/6"},		
		{"predicate":{"custom_model_data":7121},"model":"gunhd/p9_hk/1"},
		{"predicate":{"custom_model_data":7122},"model":"gunhd/p9_hk/2"},
		{"predicate":{"custom_model_data":7123},"model":"gunhd/p9_hk/3"},
		{"predicate":{"custom_model_data":7124},"model":"gunhd/p9_hk/4"},
		{"predicate":{"custom_model_data":7125},"model":"gunhd/p9_hk/5"},
		{"predicate":{"custom_model_data":7126},"model":"gunhd/p9_hk/6"},
		{"predicate":{"custom_model_data":8000},"model":"head/hfss"},
		{"predicate":{"custom_model_data":8001},"model":"gun/ak12"},
		{"predicate":{"custom_model_data":8002},"model":"gun/ak12_1"},
		{"predicate":{"custom_model_data":8005},"model":"jn/srm"},
		{"predicate":{"custom_model_data":8011},"model":"gunhd/ak12/1"},
		{"predicate":{"custom_model_data":8012},"model":"gunhd/ak12/2"},
		{"predicate":{"custom_model_data":8013},"model":"gunhd/ak12/3"},
		{"predicate":{"custom_model_data":8014},"model":"gunhd/ak12/4"},
		{"predicate":{"custom_model_data":8015},"model":"gunhd/ak12/5"},
		{"predicate":{"custom_model_data":8016},"model":"gunhd/ak12/6"},
		{"predicate":{"custom_model_data":8101},"model":"gun/ak12_hx"},
		{"predicate":{"custom_model_data":8102},"model":"gun/ak12_hx_1"},
		{"predicate":{"custom_model_data":8103},"model":"gun/q929_hx"},
		{"predicate":{"custom_model_data":8104},"model":"gun/q929_hx_1"},
		{"predicate":{"custom_model_data":8111},"model":"gunhd/ak12_hx/1"},
		{"predicate":{"custom_model_data":8112},"model":"gunhd/ak12_hx/2"},
		{"predicate":{"custom_model_data":8113},"model":"gunhd/ak12_hx/3"},
		{"predicate":{"custom_model_data":8114},"model":"gunhd/ak12_hx/4"},
		{"predicate":{"custom_model_data":8115},"model":"gunhd/ak12_hx/5"},
		{"predicate":{"custom_model_data":8116},"model":"gunhd/ak12_hx/6"},
		{"predicate":{"custom_model_data":8112},"model":"gunhd/ak12_hx/2"},
		{"predicate":{"custom_model_data":8113},"model":"gunhd/ak12_hx/3"},
		{"predicate":{"custom_model_data":8114},"model":"gunhd/ak12_hx/4"},
		{"predicate":{"custom_model_data":8115},"model":"gunhd/ak12_hx/5"},
		{"predicate":{"custom_model_data":8116},"model":"gunhd/ak12_hx/6"},
		{"predicate":{"custom_model_data":8121},"model":"gunhd/q929_hx/1"},
		{"predicate":{"custom_model_data":8122},"model":"gunhd/q929_hx/2"},
		{"predicate":{"custom_model_data":8123},"model":"gunhd/q929_hx/3"},
		{"predicate":{"custom_model_data":8124},"model":"gunhd/q929_hx/4"},
		{"predicate":{"custom_model_data":8125},"model":"gunhd/q929_hx/5"},
		{"predicate":{"custom_model_data":8126},"model":"gunhd/q929_hx/6"},
		{"predicate":{"custom_model_data":8127},"model":"gunhd/q929_hx/7"},
		{"predicate":{"custom_model_data":9000},"model":"head/lili"},
		{"predicate":{"custom_model_data":9001},"model":"gun/ump45"},
		{"predicate":{"custom_model_data":9002},"model":"gun/ump45_1"},
		{"predicate":{"custom_model_data":9005},"model":"jn/hy"},
		{"predicate":{"custom_model_data":9011},"model":"gunhd/ump45/1"},
		{"predicate":{"custom_model_data":9012},"model":"gunhd/ump45/2"},
		{"predicate":{"custom_model_data":9013},"model":"gunhd/ump45/3"},
		{"predicate":{"custom_model_data":9014},"model":"gunhd/ump45/4"},
		{"predicate":{"custom_model_data":9015},"model":"gunhd/ump45/5"},
		{"predicate":{"custom_model_data":9016},"model":"gunhd/ump45/6"},
		{"predicate":{"custom_model_data":10000},"model":"head/hs"},
		{"predicate":{"custom_model_data":10003},"model":"gun/smzy"},
		{"predicate":{"custom_model_data":10004},"model":"gun/smzy_1"},
		{"predicate":{"custom_model_data":10005},"model":"jn/hsbf"},
		{"predicate":{"custom_model_data":10021},"model":"gunhd/smzy/1"},
		{"predicate":{"custom_model_data":10022},"model":"gunhd/smzy/2"},
		{"predicate":{"custom_model_data":10023},"model":"gunhd/smzy/3"},
		{"predicate":{"custom_model_data":10024},"model":"gunhd/smzy/4"},
		{"predicate":{"custom_model_data":10025},"model":"gunhd/smzy/5"},
		{"predicate":{"custom_model_data":10026},"model":"gunhd/smzy/6"},
		{"predicate":{"custom_model_data":10027},"model":"gunhd/smzy/7"},
		{"predicate":{"custom_model_data":10028},"model":"gunhd/smzy/8"},
		{"predicate":{"custom_model_data":10100},"model":"head/hs_wlkj"},
		{"predicate":{"custom_model_data":10103},"model":"gun/smzy_wlkj"},
		{"predicate":{"custom_model_data":10104},"model":"gun/smzy_1_wlkj"},
		{"predicate":{"custom_model_data":10121},"model":"gunhd/smzy_wlkj/1"},
		{"predicate":{"custom_model_data":10122},"model":"gunhd/smzy_wlkj/2"},
		{"predicate":{"custom_model_data":10123},"model":"gunhd/smzy_wlkj/3"},
		{"predicate":{"custom_model_data":10124},"model":"gunhd/smzy_wlkj/4"},
		{"predicate":{"custom_model_data":10125},"model":"gunhd/smzy_wlkj/5"},
		{"predicate":{"custom_model_data":10126},"model":"gunhd/smzy_wlkj/6"},
		{"predicate":{"custom_model_data":10127},"model":"gunhd/smzy_wlkj/7"},
		{"predicate":{"custom_model_data":10128},"model":"gunhd/smzy_wlkj/8"},
		{"predicate":{"custom_model_data":11000},"model":"head/jxss"},
		{"predicate":{"custom_model_data":11001},"model":"gun/ar33"},
		{"predicate":{"custom_model_data":11002},"model":"gun/ar33_1"},
		{"predicate":{"custom_model_data":11005},"model":"jn/ptzd"},
		{"predicate":{"custom_model_data":11006},"model":"jn/zzzd"},
		{"predicate":{"custom_model_data":11011},"model":"gunhd/ar33/1"},
		{"predicate":{"custom_model_data":11012},"model":"gunhd/ar33/2"},
		{"predicate":{"custom_model_data":11013},"model":"gunhd/ar33/3"},
		{"predicate":{"custom_model_data":11014},"model":"gunhd/ar33/4"},
		{"predicate":{"custom_model_data":11015},"model":"gunhd/ar33/5"},
		{"predicate":{"custom_model_data":11016},"model":"gunhd/ar33/6"},
		{"predicate":{"custom_model_data":11017},"model":"gunhd/ar33/7"},
		{"predicate":{"custom_model_data":11100},"model":"head/jxss_sans"},
		{"predicate":{"custom_model_data":12000},"model":"head/jieke"},
		{"predicate":{"custom_model_data":12001},"model":"gun/ar15.50"},
		{"predicate":{"custom_model_data":12002},"model":"gun/ar15.50_1"},
		{"predicate":{"custom_model_data":12005},"model":"jn/task"},
		{"predicate":{"custom_model_data":12006},"model":"jn/taskok"},
		{"predicate":{"custom_model_data":12011},"model":"gunhd/ar15.50/1"},
		{"predicate":{"custom_model_data":12012},"model":"gunhd/ar15.50/2"},
		{"predicate":{"custom_model_data":12013},"model":"gunhd/ar15.50/3"},
		{"predicate":{"custom_model_data":12014},"model":"gunhd/ar15.50/4"},
		{"predicate":{"custom_model_data":12015},"model":"gunhd/ar15.50/5"},
		{"predicate":{"custom_model_data":12016},"model":"gunhd/ar15.50/6"},
		{"predicate":{"custom_model_data":13000},"model":"head/paer"},
		{"predicate":{"custom_model_data":13001},"model":"gun/fmg9"},
		{"predicate":{"custom_model_data":13002},"model":"gun/fmg9_1"},
		{"predicate":{"custom_model_data":13003},"model":"gun/smg11"},
		{"predicate":{"custom_model_data":13004},"model":"gun/smg11_1"},
		{"predicate":{"custom_model_data":13005},"model":"jn/dqd"},
		{"predicate":{"custom_model_data":13011},"model":"gunhd/fmg9/1"},
		{"predicate":{"custom_model_data":13012},"model":"gunhd/fmg9/2"},
		{"predicate":{"custom_model_data":13013},"model":"gunhd/fmg9/3"},
		{"predicate":{"custom_model_data":13014},"model":"gunhd/fmg9/4"},
		{"predicate":{"custom_model_data":13015},"model":"gunhd/fmg9/5"},
		{"predicate":{"custom_model_data":13016},"model":"gunhd/fmg9/6"},
		{"predicate":{"custom_model_data":13017},"model":"gunhd/fmg9/7"},
		{"predicate":{"custom_model_data":13021},"model":"gunhd/smg11/1"},
		{"predicate":{"custom_model_data":13022},"model":"gunhd/smg11/2"},
		{"predicate":{"custom_model_data":13023},"model":"gunhd/smg11/3"},
		{"predicate":{"custom_model_data":13024},"model":"gunhd/smg11/4"},
		{"predicate":{"custom_model_data":13025},"model":"gunhd/smg11/5"},
		{"predicate":{"custom_model_data":13026},"model":"gunhd/smg11/6"},
		{"predicate":{"custom_model_data":13027},"model":"gunhd/smg11/7"},
		{"predicate":{"custom_model_data":14000},"model":"head/baicu"},
		{"predicate":{"custom_model_data":14001},"model":"gun/g8a1"},
		{"predicate":{"custom_model_data":14002},"model":"gun/g8a1_1"},
		{"predicate":{"custom_model_data":14005},"model":"jn/bpfb"},
		{"predicate":{"custom_model_data":14006},"model":"gun/bptq"},
		{"predicate":{"custom_model_data":14007},"model":"gun/bptq_1"},
		{"predicate":{"custom_model_data":14008},"model":"head/baicu_1"},
		{"predicate":{"custom_model_data":14009},"model":"head/baicu_2"},
		{"predicate":{"custom_model_data":14011},"model":"gunhd/g8a1/1"},
		{"predicate":{"custom_model_data":14012},"model":"gunhd/g8a1/2"},
		{"predicate":{"custom_model_data":14013},"model":"gunhd/g8a1/3"},
		{"predicate":{"custom_model_data":14014},"model":"gunhd/g8a1/4"},
		{"predicate":{"custom_model_data":14015},"model":"gunhd/g8a1/5"},
		{"predicate":{"custom_model_data":14016},"model":"gunhd/g8a1/6"},
		{"predicate":{"custom_model_data":14017},"model":"gunhd/g8a1/7"},
		{"predicate":{"custom_model_data":14100},"model":"head/baicu_diamond"},
		{"predicate":{"custom_model_data":14101},"model":"gun/g8a1_diamond"},
		{"predicate":{"custom_model_data":14102},"model":"gun/g8a1_1_diamond"},
		{"predicate":{"custom_model_data":14103},"model":"gun/p9_diamond"},
		{"predicate":{"custom_model_data":14104},"model":"gun/p9_1_diamond"},
		{"predicate":{"custom_model_data":14105},"model":"jn/bpfb_diamond"},
		{"predicate":{"custom_model_data":14106},"model":"gun/bptq_diamond"},
		{"predicate":{"custom_model_data":14107},"model":"gun/bptq_1_diamond"},
		{"predicate":{"custom_model_data":14111},"model":"gunhd/g8a1_diamond/1"},
		{"predicate":{"custom_model_data":14112},"model":"gunhd/g8a1_diamond/2"},
		{"predicate":{"custom_model_data":14113},"model":"gunhd/g8a1_diamond/3"},
		{"predicate":{"custom_model_data":14114},"model":"gunhd/g8a1_diamond/4"},
		{"predicate":{"custom_model_data":14115},"model":"gunhd/g8a1_diamond/5"},
		{"predicate":{"custom_model_data":14116},"model":"gunhd/g8a1_diamond/6"},
		{"predicate":{"custom_model_data":14117},"model":"gunhd/g8a1_diamond/7"},
		{"predicate":{"custom_model_data":14121},"model":"gunhd/p9_diamond/1"},
		{"predicate":{"custom_model_data":14122},"model":"gunhd/p9_diamond/2"},
		{"predicate":{"custom_model_data":14123},"model":"gunhd/p9_diamond/3"},
		{"predicate":{"custom_model_data":14124},"model":"gunhd/p9_diamond/4"},
		{"predicate":{"custom_model_data":14125},"model":"gunhd/p9_diamond/5"},
		{"predicate":{"custom_model_data":14126},"model":"gunhd/p9_diamond/6"},
		{"predicate":{"custom_model_data":15000},"model":"head/slm"},
		{"predicate":{"custom_model_data":15001},"model":"gun/pdw9"},
		{"predicate":{"custom_model_data":15002},"model":"gun/pdw9_1"},
		{"predicate":{"custom_model_data":15005},"model":"jn/nianyeqiu"},
		{"predicate":{"custom_model_data":15006},"model":"jn/nianyequ"},
		{"predicate":{"custom_model_data":15011},"model":"gunhd/pdw9/1"},
		{"predicate":{"custom_model_data":15012},"model":"gunhd/pdw9/2"},
		{"predicate":{"custom_model_data":15013},"model":"gunhd/pdw9/3"},
		{"predicate":{"custom_model_data":15014},"model":"gunhd/pdw9/4"},
		{"predicate":{"custom_model_data":15015},"model":"gunhd/pdw9/5"},
		{"predicate":{"custom_model_data":15016},"model":"gunhd/pdw9/6"},
		{"predicate":{"custom_model_data":15017},"model":"gunhd/pdw9/7"},
		{"predicate":{"custom_model_data":15018},"model":"gunhd/pdw9/8"},
		{"predicate":{"custom_model_data":15019},"model":"gunhd/pdw9/9"},
		{"predicate":{"custom_model_data":16000},"model":"head/l"},
		{"predicate":{"custom_model_data":16001},"model":"gun/556xi"},
		{"predicate":{"custom_model_data":16002},"model":"gun/556xi_1"},
		{"predicate":{"custom_model_data":16003},"model":"gun/super_shorty"},
		{"predicate":{"custom_model_data":16004},"model":"gun/super_shorty_1"},
		{"predicate":{"custom_model_data":16005},"model":"jn/emzy_off"},
		{"predicate":{"custom_model_data":16006},"model":"jn/emzy_on"},
		{"predicate":{"custom_model_data":16007},"model":"head/l_1"},
		{"predicate":{"custom_model_data":16011},"model":"gunhd/556xi/1"},
		{"predicate":{"custom_model_data":16012},"model":"gunhd/556xi/2"},
		{"predicate":{"custom_model_data":16013},"model":"gunhd/556xi/3"},
		{"predicate":{"custom_model_data":16014},"model":"gunhd/556xi/4"},
		{"predicate":{"custom_model_data":16015},"model":"gunhd/556xi/5"},
		{"predicate":{"custom_model_data":16016},"model":"gunhd/556xi/6"},
		{"predicate":{"custom_model_data":16017},"model":"gunhd/556xi/7"},
		{"predicate":{"custom_model_data":16018},"model":"gunhd/556xi/8"},
		{"predicate":{"custom_model_data":16019},"model":"gunhd/556xi/9"},
		{"predicate":{"custom_model_data":16021},"model":"gunhd/super_shorty/1"},
		{"predicate":{"custom_model_data":16022},"model":"gunhd/super_shorty/2"},
		{"predicate":{"custom_model_data":16023},"model":"gunhd/super_shorty/3"},
		{"predicate":{"custom_model_data":16024},"model":"gunhd/super_shorty/4"},
		{"predicate":{"custom_model_data":16025},"model":"gunhd/super_shorty/5"},
		{"predicate":{"custom_model_data":16026},"model":"gunhd/super_shorty/6"},
		{"predicate":{"custom_model_data":16027},"model":"gunhd/super_shorty/7"},
		{"predicate":{"custom_model_data":17000},"model":"head/baiying"},
		{"predicate":{"custom_model_data":17001},"model":"gun/csrx300"},
		{"predicate":{"custom_model_data":17002},"model":"gun/csrx300_1"},
		{"predicate":{"custom_model_data":17005},"model":"jn/feiying"},
		{"predicate":{"custom_model_data":17011},"model":"gunhd/csrx300/1"},
		{"predicate":{"custom_model_data":17012},"model":"gunhd/csrx300/2"},
		{"predicate":{"custom_model_data":17013},"model":"gunhd/csrx300/3"},
		{"predicate":{"custom_model_data":17014},"model":"gunhd/csrx300/4"},
		{"predicate":{"custom_model_data":17015},"model":"gunhd/csrx300/5"},
		{"predicate":{"custom_model_data":17016},"model":"gunhd/csrx300/6"},
		{"predicate":{"custom_model_data":17017},"model":"gunhd/csrx300/7"},
		{"predicate":{"custom_model_data":17018},"model":"gunhd/csrx300/8"},
		{"predicate":{"custom_model_data":17019},"model":"gunhd/csrx300/9"},
		{"predicate":{"custom_model_data":18000},"model":"head/xsg"},
		{"predicate":{"custom_model_data":18001},"model":"gun/xm8"},
		{"predicate":{"custom_model_data":18002},"model":"gun/xm8_1"},
		{"predicate":{"custom_model_data":18003},"model":"gun/57usg"},
		{"predicate":{"custom_model_data":18004},"model":"gun/57usg_1"},
		{"predicate":{"custom_model_data":18005},"model":"jn/znfxy"},
		{"predicate":{"custom_model_data":18006},"model":"head/xsg_1"},
		{"predicate":{"custom_model_data":18011},"model":"gunhd/xm8/1"},
		{"predicate":{"custom_model_data":18012},"model":"gunhd/xm8/2"},
		{"predicate":{"custom_model_data":18013},"model":"gunhd/xm8/3"},
		{"predicate":{"custom_model_data":18014},"model":"gunhd/xm8/4"},
		{"predicate":{"custom_model_data":18015},"model":"gunhd/xm8/5"},
		{"predicate":{"custom_model_data":18016},"model":"gunhd/xm8/6"},
		{"predicate":{"custom_model_data":18017},"model":"gunhd/xm8/7"},
		{"predicate":{"custom_model_data":18018},"model":"gunhd/xm8/8"},
		{"predicate":{"custom_model_data":18021},"model":"gunhd/57usg/1"},
		{"predicate":{"custom_model_data":18022},"model":"gunhd/57usg/2"},
		{"predicate":{"custom_model_data":18023},"model":"gunhd/57usg/3"},
		{"predicate":{"custom_model_data":18024},"model":"gunhd/57usg/4"},
		{"predicate":{"custom_model_data":18025},"model":"gunhd/57usg/5"},
		{"predicate":{"custom_model_data":18026},"model":"gunhd/57usg/6"},
		{"predicate":{"custom_model_data":18027},"model":"gunhd/57usg/7"},
		{"predicate":{"custom_model_data":18028},"model":"gunhd/57usg/8"},
		{"predicate":{"custom_model_data":18029},"model":"gunhd/57usg/9"},
		{"predicate":{"custom_model_data":99999},"model":"head/xsg"}
	],
	"display": {
		"ground": {
			"scale": [0, 0, 0]
		}
	}
}