{
	"credit": "Made with Blockbench",
	"texture_size": [32, 32],
	"textures": {
		"0": "jn/lyd",
		"particle": "jn/lyd"
	},
	"elements": [
		{
			"from": [7, 4, 7],
			"to": [9, 5, 9],
			"faces": {
				"north": {"uv": [6, 3.5, 7, 4], "texture": "#0"},
				"east": {"uv": [4, 6, 5, 6.5], "texture": "#0"},
				"south": {"uv": [6, 4, 7, 4.5], "texture": "#0"},
				"west": {"uv": [6, 4.5, 7, 5], "texture": "#0"},
				"up": {"uv": [3, 2, 2, 1], "texture": "#0"},
				"down": {"uv": [3, 2, 2, 3], "texture": "#0"}
			}
		},
		{
			"from": [6, 5, 7],
			"to": [10, 7, 9],
			"faces": {
				"north": {"uv": [0, 0, 2, 1], "texture": "#0"},
				"east": {"uv": [0, 3, 1, 4], "texture": "#0"},
				"south": {"uv": [0, 1, 2, 2], "texture": "#0"},
				"west": {"uv": [1, 3, 2, 4], "texture": "#0"},
				"up": {"uv": [2, 3, 0, 2], "texture": "#0"},
				"down": {"uv": [4, 0, 2, 1], "texture": "#0"}
			}
		},
		{
			"from": [7, 5, 9],
			"to": [9, 7, 10],
			"faces": {
				"north": {"uv": [3, 1, 4, 2], "texture": "#0"},
				"east": {"uv": [5, 6, 5.5, 7], "texture": "#0"},
				"south": {"uv": [2, 3, 3, 4], "texture": "#0"},
				"west": {"uv": [6, 5, 6.5, 6], "texture": "#0"},
				"up": {"uv": [6.5, 6.5, 5.5, 6], "texture": "#0"},
				"down": {"uv": [4, 6.5, 3, 7], "texture": "#0"}
			}
		},
		{
			"from": [3.97918, 5, 16.87868],
			"to": [5.37918, 7, 17.87868],
			"rotation": {"angle": 45, "axis": "y", "origin": [-3.02082, 0, 7.87868]},
			"faces": {
				"north": {"uv": [2, 4, 2.75, 5], "texture": "#0"},
				"east": {"uv": [4, 6.5, 4.5, 7.5], "texture": "#0"},
				"south": {"uv": [4, 2, 4.75, 3], "texture": "#0"},
				"west": {"uv": [4.5, 6.5, 5, 7.5], "texture": "#0"},
				"up": {"uv": [8.25, 5, 7.5, 4.5], "texture": "#0"},
				"down": {"uv": [8.25, 5, 7.5, 5.5], "texture": "#0"}
			}
		},
		{
			"from": [10.62082, 5, 16.87868],
			"to": [12.02082, 7, 17.87868],
			"rotation": {"angle": -45, "axis": "y", "origin": [19.02082, 0, 7.87868]},
			"faces": {
				"north": {"uv": [3, 4, 3.75, 5], "texture": "#0"},
				"east": {"uv": [6.5, 5, 7, 6], "texture": "#0"},
				"south": {"uv": [4, 3, 4.75, 4], "texture": "#0"},
				"west": {"uv": [5.5, 6.5, 6, 7.5], "texture": "#0"},
				"up": {"uv": [6.25, 8, 5.5, 7.5], "texture": "#0"},
				"down": {"uv": [8.25, 5.5, 7.5, 6], "texture": "#0"}
			}
		},
		{
			"from": [10.62082, 5, -1.87868],
			"to": [12.02082, 7, -0.87868],
			"rotation": {"angle": 45, "axis": "y", "origin": [19.02082, 0, 8.12132]},
			"faces": {
				"north": {"uv": [4, 4, 4.75, 5], "texture": "#0"},
				"east": {"uv": [6, 6.5, 6.5, 7.5], "texture": "#0"},
				"south": {"uv": [0, 5, 0.75, 6], "texture": "#0"},
				"west": {"uv": [6.5, 6, 7, 7], "texture": "#0"},
				"up": {"uv": [8.25, 6.5, 7.5, 6], "texture": "#0"},
				"down": {"uv": [8.25, 6.5, 7.5, 7], "texture": "#0"}
			}
		},
		{
			"from": [3.97918, 5, -1.87868],
			"to": [5.37918, 7, -0.87868],
			"rotation": {"angle": -45, "axis": "y", "origin": [-3.02082, 0, 8.12132]},
			"faces": {
				"north": {"uv": [5, 0, 5.75, 1], "texture": "#0"},
				"east": {"uv": [0, 7, 0.5, 8], "texture": "#0"},
				"south": {"uv": [1, 5, 1.75, 6], "texture": "#0"},
				"west": {"uv": [7, 0, 7.5, 1], "texture": "#0"},
				"up": {"uv": [8.25, 7.5, 7.5, 7], "texture": "#0"},
				"down": {"uv": [8.25, 7.5, 7.5, 8], "texture": "#0"}
			}
		},
		{
			"from": [7, 5, 6],
			"to": [9, 7, 7],
			"faces": {
				"north": {"uv": [3, 2, 4, 3], "texture": "#0"},
				"east": {"uv": [0.5, 7, 1, 8], "texture": "#0"},
				"south": {"uv": [3, 3, 4, 4], "texture": "#0"},
				"west": {"uv": [1, 7, 1.5, 8], "texture": "#0"},
				"up": {"uv": [8, 1.5, 7, 1], "texture": "#0"},
				"down": {"uv": [2.5, 7, 1.5, 7.5], "texture": "#0"}
			}
		},
		{
			"from": [7, 7, 7],
			"to": [9, 8, 9],
			"faces": {
				"north": {"uv": [7, 1.5, 8, 2], "texture": "#0"},
				"east": {"uv": [7, 2, 8, 2.5], "texture": "#0"},
				"south": {"uv": [2.5, 7, 3.5, 7.5], "texture": "#0"},
				"west": {"uv": [7, 2.5, 8, 3], "texture": "#0"},
				"up": {"uv": [1, 5, 0, 4], "texture": "#0"},
				"down": {"uv": [5, 0, 4, 1], "texture": "#0"}
			}
		},
		{
			"from": [5.3934, -1.10711, 7],
			"to": [6.3934, 0.29289, 9],
			"rotation": {"angle": 45, "axis": "z", "origin": [-1.6066, 7.29289, 0]},
			"faces": {
				"north": {"uv": [0, 8, 0.5, 8.75], "texture": "#0"},
				"east": {"uv": [5, 1, 6, 1.75], "texture": "#0"},
				"south": {"uv": [0.5, 8, 1, 8.75], "texture": "#0"},
				"west": {"uv": [2, 5, 3, 5.75], "texture": "#0"},
				"up": {"uv": [7.5, 4, 7, 3], "texture": "#0"},
				"down": {"uv": [4, 7, 3.5, 8], "texture": "#0"}
			}
		},
		{
			"from": [9.6066, -1.10711, 7],
			"to": [10.6066, 0.29289, 9],
			"rotation": {"angle": -45, "axis": "z", "origin": [17.6066, 7.29289, 0]},
			"faces": {
				"north": {"uv": [1, 8, 1.5, 8.75], "texture": "#0"},
				"east": {"uv": [5, 2, 6, 2.75], "texture": "#0"},
				"south": {"uv": [8, 1, 8.5, 1.75], "texture": "#0"},
				"west": {"uv": [3, 5, 4, 5.75], "texture": "#0"},
				"up": {"uv": [7.5, 5, 7, 4], "texture": "#0"},
				"down": {"uv": [5.5, 7, 5, 8], "texture": "#0"}
			}
		},
		{
			"from": [9.6066, 11.70711, 7],
			"to": [10.6066, 13.10711, 9],
			"rotation": {"angle": 45, "axis": "z", "origin": [17.6066, 4.70711, 0]},
			"faces": {
				"north": {"uv": [1.5, 8, 2, 8.75], "texture": "#0"},
				"east": {"uv": [5, 3, 6, 3.75], "texture": "#0"},
				"south": {"uv": [2, 8, 2.5, 8.75], "texture": "#0"},
				"west": {"uv": [4, 5, 5, 5.75], "texture": "#0"},
				"up": {"uv": [7.5, 6, 7, 5], "texture": "#0"},
				"down": {"uv": [7.5, 6, 7, 7], "texture": "#0"}
			}
		},
		{
			"from": [5.3934, 11.70711, 7],
			"to": [6.3934, 13.10711, 9],
			"rotation": {"angle": -45, "axis": "z", "origin": [-1.6066, 4.70711, 0]},
			"faces": {
				"north": {"uv": [8, 2, 8.5, 2.75], "texture": "#0"},
				"east": {"uv": [5, 4, 6, 4.75], "texture": "#0"},
				"south": {"uv": [2.5, 8, 3, 8.75], "texture": "#0"},
				"west": {"uv": [5, 5, 6, 5.75], "texture": "#0"},
				"up": {"uv": [7, 8, 6.5, 7], "texture": "#0"},
				"down": {"uv": [7.5, 7, 7, 8], "texture": "#0"}
			}
		},
		{
			"from": [7, 2.97918, 13.89289],
			"to": [9, 3.97918, 15.29289],
			"rotation": {"angle": -45, "axis": "x", "origin": [0, -4.02082, 6.29289]},
			"faces": {
				"north": {"uv": [7.5, 0, 8.5, 0.5], "texture": "#0"},
				"east": {"uv": [3, 8, 3.75, 8.5], "texture": "#0"},
				"south": {"uv": [7.5, 0.5, 8.5, 1], "texture": "#0"},
				"west": {"uv": [4, 8, 4.75, 8.5], "texture": "#0"},
				"up": {"uv": [1, 6.75, 0, 6], "texture": "#0"},
				"down": {"uv": [7, 0, 6, 0.75], "texture": "#0"}
			}
		},
		{
			"from": [7, 2.97918, 0.70711],
			"to": [9, 3.97918, 2.10711],
			"rotation": {"angle": 45, "axis": "x", "origin": [16, -4.02082, 9.70711]},
			"faces": {
				"north": {"uv": [1.5, 7.5, 2.5, 8], "texture": "#0"},
				"east": {"uv": [5, 8, 5.75, 8.5], "texture": "#0"},
				"south": {"uv": [2.5, 7.5, 3.5, 8], "texture": "#0"},
				"west": {"uv": [6, 8, 6.75, 8.5], "texture": "#0"},
				"up": {"uv": [2, 6.75, 1, 6], "texture": "#0"},
				"down": {"uv": [7, 1, 6, 1.75], "texture": "#0"}
			}
		},
		{
			"from": [7, 8.03087, 0.71716],
			"to": [9, 9.03087, 2.11716],
			"rotation": {"angle": -45, "axis": "x", "origin": [16, 16.03087, 9.71716]},
			"faces": {
				"north": {"uv": [7.5, 3, 8.5, 3.5], "texture": "#0"},
				"east": {"uv": [7, 8, 7.75, 8.5], "texture": "#0"},
				"south": {"uv": [7.5, 3.5, 8.5, 4], "texture": "#0"},
				"west": {"uv": [8, 8, 8.75, 8.5], "texture": "#0"},
				"up": {"uv": [3, 6.75, 2, 6], "texture": "#0"},
				"down": {"uv": [7, 2, 6, 2.75], "texture": "#0"}
			}
		},
		{
			"from": [7, 8.03087, 13.88284],
			"to": [9, 9.03087, 15.28284],
			"rotation": {"angle": 45, "axis": "x", "origin": [16, 16.03087, 6.28284]},
			"faces": {
				"north": {"uv": [3, 6, 4, 6.5], "texture": "#0"},
				"east": {"uv": [4, 7.5, 4.75, 8], "texture": "#0"},
				"south": {"uv": [6, 3, 7, 3.5], "texture": "#0"},
				"west": {"uv": [7.5, 4, 8.25, 4.5], "texture": "#0"},
				"up": {"uv": [2, 4.75, 1, 4], "texture": "#0"},
				"down": {"uv": [5, 1, 4, 1.75], "texture": "#0"}
			}
		}
	],
	"display": {
		"thirdperson_righthand": {
			"translation": [0, 1.5, 0.5],
			"scale": [0.5, 0.5, 0.5]
		},
		"thirdperson_lefthand": {
			"scale": [0, 0, 0]
		},
		"firstperson_righthand": {
			"rotation": [0, -150, 0],
			"translation": [0, 4, 1.25]
		},
		"firstperson_lefthand": {
			"rotation": [0.5, 62.75, -353],
			"translation": [-10, 9.75, -2.75]
		},
		"ground": {
			"translation": [0, -1.25, 0]
		},
		"gui": {
			"rotation": [23.5, -38.75, 0],
			"translation": [0.5, 3.75, 0],
			"scale": [2, 2, 2]
		}
	},
	"groups": [
		{
			"name": "group",
			"origin": [8, 8, 8],
			"color": 0,
			"children": [0, 1, 2, 3, 4, 5, 6, 7, 8, 9, 10, 11, 12, 13, 14, 15, 16]
		}
	]
}