{
	"credit": "Made with Blockbench",
	"texture_size": [32, 32],
	"textures": {
		"0": "gun/p9/p9",
		"particle": "gun/p9/p9"
	},
	"elements": [
		{
			"from": [7, 5.75, 8.35],
			"to": [8, 6.5, 13.85],
			"faces": {
				"north": {"uv": [7, 4, 7.5, 4.375], "texture": "#0"},
				"east": {"uv": [4, 1, 6.75, 1.375], "texture": "#0"},
				"south": {"uv": [7, 4.5, 7.5, 4.875], "texture": "#0"},
				"west": {"uv": [4, 1.5, 6.75, 1.875], "texture": "#0"},
				"up": {"uv": [2.5, 5.75, 2, 3], "texture": "#0"},
				"down": {"uv": [3, 3, 2.5, 5.75], "texture": "#0"}
			}
		},
		{
			"from": [7.1, 6.05, 6.25],
			"to": [7.9, 6.5, 8.35],
			"faces": {
				"north": {"uv": [5.5, 7.5, 5.875, 7.75], "texture": "#0"},
				"east": {"uv": [6.5, 0, 7.5625, 0.25], "texture": "#0"},
				"south": {"uv": [7.5, 5.5, 7.875, 5.75], "texture": "#0"},
				"west": {"uv": [6.5, 0.5, 7.5625, 0.75], "texture": "#0"},
				"up": {"uv": [0.375, 7.0625, 0, 6], "texture": "#0"},
				"down": {"uv": [0.875, 6, 0.5, 7.0625], "texture": "#0"}
			}
		},
		{
			"from": [7.1, 5.75, 7.65],
			"to": [7.9, 6.1, 8.35],
			"faces": {
				"north": {"uv": [0, 8, 0.375, 8.1875], "texture": "#0"},
				"east": {"uv": [8, 0, 8.375, 0.1875], "texture": "#0"},
				"south": {"uv": [0.5, 8, 0.875, 8.1875], "texture": "#0"},
				"west": {"uv": [8, 0.5, 8.375, 0.6875], "texture": "#0"},
				"up": {"uv": [1.375, 7.875, 1, 7.5], "texture": "#0"},
				"down": {"uv": [7.875, 2, 7.5, 2.375], "texture": "#0"}
			}
		},
		{
			"from": [7.2, 5.75, 6.25],
			"to": [7.8, 6.1, 7.65],
			"faces": {
				"north": {"uv": [3.5, 8, 3.8125, 8.1875], "texture": "#0"},
				"east": {"uv": [7.5, 2.5, 8.1875, 2.6875], "texture": "#0"},
				"south": {"uv": [4, 8, 4.3125, 8.1875], "texture": "#0"},
				"west": {"uv": [7.5, 3, 8.1875, 3.1875], "texture": "#0"},
				"up": {"uv": [2.8125, 7.6875, 2.5, 7], "texture": "#0"},
				"down": {"uv": [3.3125, 7, 3, 7.6875], "texture": "#0"}
			}
		},
		{
			"from": [7, 3.10709, 11.1632],
			"to": [8, 4.05709, 11.4632],
			"rotation": {"angle": -22.5, "axis": "x", "origin": [0, -2.64291, 3.1132]},
			"faces": {
				"north": {"uv": [6.5, 2, 7, 2.5], "texture": "#0"},
				"east": {"uv": [1, 8, 1.125, 8.5], "texture": "#0"},
				"south": {"uv": [6.5, 2.5, 7, 3], "texture": "#0"},
				"west": {"uv": [1.5, 8, 1.625, 8.5], "texture": "#0"},
				"up": {"uv": [2.5, 8.125, 2, 8], "texture": "#0"},
				"down": {"uv": [8.5, 2, 8, 2.125], "texture": "#0"}
			}
		},
		{
			"from": [6.9, 5.75, 10.95],
			"to": [8.1, 6.5, 13.85],
			"faces": {
				"north": {"uv": [6, 6.5, 6.625, 6.875], "texture": "#0"},
				"east": {"uv": [5, 2, 6.4375, 2.375], "texture": "#0"},
				"south": {"uv": [6.5, 6, 7.125, 6.375], "texture": "#0"},
				"west": {"uv": [5, 2.5, 6.4375, 2.875], "texture": "#0"},
				"up": {"uv": [1.625, 5.4375, 1, 4], "texture": "#0"},
				"down": {"uv": [4.625, 2, 4, 3.4375], "texture": "#0"}
			}
		},
		{
			"from": [6.9, 5.75, 13.85],
			"to": [8.1, 6.2, 14.25],
			"faces": {
				"north": {"uv": [6, 7, 6.625, 7.25], "texture": "#0"},
				"east": {"uv": [8, 4, 8.1875, 4.25], "texture": "#0"},
				"south": {"uv": [7, 6.5, 7.625, 6.75], "texture": "#0"},
				"west": {"uv": [4.5, 8, 4.6875, 8.25], "texture": "#0"},
				"up": {"uv": [8.125, 3.6875, 7.5, 3.5], "texture": "#0"},
				"down": {"uv": [4.625, 7.5, 4, 7.6875], "texture": "#0"}
			}
		},
		{
			"from": [6.9, 17.71292, 13.56896],
			"to": [8.1, 18.16292, 14.06896],
			"rotation": {"angle": 45, "axis": "x", "origin": [0, 11.96292, -0.28104]},
			"faces": {
				"north": {"uv": [7, 7, 7.625, 7.25], "texture": "#0"},
				"east": {"uv": [2.5, 8, 2.75, 8.25], "texture": "#0"},
				"south": {"uv": [0, 7.5, 0.625, 7.75], "texture": "#0"},
				"west": {"uv": [3, 8, 3.25, 8.25], "texture": "#0"},
				"up": {"uv": [8.125, 1.25, 7.5, 1], "texture": "#0"},
				"down": {"uv": [8.125, 1.5, 7.5, 1.75], "texture": "#0"}
			}
		},
		{
			"from": [7.1, -2.5, 12.65],
			"to": [7.9, 1.1, 14.4],
			"rotation": {"angle": -22.5, "axis": "x", "origin": [0, 0, 0]},
			"faces": {
				"north": {"uv": [3, 5, 3.375, 6.8125], "texture": "#0"},
				"east": {"uv": [2, 1, 2.875, 2.8125], "texture": "#0"},
				"south": {"uv": [3.5, 5, 3.875, 6.8125], "texture": "#0"},
				"west": {"uv": [3, 1, 3.875, 2.8125], "texture": "#0"},
				"up": {"uv": [6.375, 0.875, 6, 0], "texture": "#0"},
				"down": {"uv": [2.375, 6, 2, 6.875], "texture": "#0"}
			}
		},
		{
			"from": [7.2, -2.4, 12.75],
			"to": [7.8, 0.8, 14.3],
			"rotation": {"angle": -22.5, "axis": "x", "origin": [0, 0, 0]},
			"faces": {
				"north": {"uv": [5, 4.5, 5.3125, 6.125], "texture": "#0"},
				"east": {"uv": [3, 3, 3.75, 4.625], "texture": "#0"},
				"south": {"uv": [1, 5.5, 1.3125, 7.125], "texture": "#0"},
				"west": {"uv": [0, 4, 0.75, 5.625], "texture": "#0"},
				"up": {"uv": [7.3125, 1.75, 7, 1], "texture": "#0"},
				"down": {"uv": [1.8125, 7, 1.5, 7.75], "texture": "#0"}
			}
		},
		{
			"from": [7.1, -5.5, 13],
			"to": [7.9, -4.6, 14.1],
			"rotation": {"angle": -45, "axis": "x", "origin": [0, 0, 0]},
			"faces": {
				"north": {"uv": [5, 7, 5.375, 7.4375], "texture": "#0"},
				"east": {"uv": [6.5, 5, 7.0625, 5.4375], "texture": "#0"},
				"south": {"uv": [5.5, 7, 5.875, 7.4375], "texture": "#0"},
				"west": {"uv": [6.5, 5.5, 7.0625, 5.9375], "texture": "#0"},
				"up": {"uv": [7.375, 3.5625, 7, 3], "texture": "#0"},
				"down": {"uv": [3.875, 7, 3.5, 7.5625], "texture": "#0"}
			}
		},
		{
			"from": [7.2, 4.5, 9.7],
			"to": [7.8, 4.65, 12.5],
			"rotation": {"angle": 0, "axis": "y", "origin": [0, -0.25, 0.2]},
			"faces": {
				"north": {"uv": [2.5, 8.5, 2.8125, 8.5625], "texture": "#0"},
				"east": {"uv": [7.5, 6, 8.875, 6.0625], "texture": "#0"},
				"south": {"uv": [8.5, 2.5, 8.8125, 2.5625], "texture": "#0"},
				"west": {"uv": [7, 7.5, 8.375, 7.5625], "texture": "#0"},
				"up": {"uv": [1.8125, 6.875, 1.5, 5.5], "texture": "#0"},
				"down": {"uv": [5.8125, 4.5, 5.5, 5.875], "texture": "#0"}
			}
		},
		{
			"from": [7.2, 4.5, 9.7],
			"to": [7.8, 5.95, 9.9],
			"rotation": {"angle": 0, "axis": "y", "origin": [0, -0.25, 0.2]},
			"faces": {
				"north": {"uv": [2, 7, 2.3125, 7.75], "texture": "#0"},
				"east": {"uv": [6, 7.5, 6.125, 8.25], "texture": "#0"},
				"south": {"uv": [7, 2, 7.3125, 2.75], "texture": "#0"},
				"west": {"uv": [6.5, 7.5, 6.625, 8.25], "texture": "#0"},
				"up": {"uv": [7.8125, 8.125, 7.5, 8], "texture": "#0"},
				"down": {"uv": [8.3125, 8, 8, 8.125], "texture": "#0"}
			}
		},
		{
			"from": [7.4, 2.28571, 6.37652],
			"to": [7.6, 3.08571, 6.62652],
			"rotation": {"angle": 22.5, "axis": "x", "origin": [0, -6.76429, 15.87652]},
			"faces": {
				"north": {"uv": [8, 4.5, 8.125, 4.875], "texture": "#0"},
				"east": {"uv": [5, 8, 5.125, 8.375], "texture": "#0"},
				"south": {"uv": [8, 5, 8.125, 5.375], "texture": "#0"},
				"west": {"uv": [5.5, 8, 5.625, 8.375], "texture": "#0"},
				"up": {"uv": [3.125, 8.625, 3, 8.5], "texture": "#0"},
				"down": {"uv": [8.625, 3, 8.5, 3.125], "texture": "#0"}
			}
		},
		{
			"from": [7.2, 6.6, 6.1],
			"to": [7.8, 7.25, 11.5],
			"rotation": {"angle": 0, "axis": "y", "origin": [0, -0.25, 0.2]},
			"faces": {
				"north": {"uv": [5, 7.5, 5.3125, 7.8125], "texture": "#0"},
				"east": {"uv": [4, 3.5, 6.6875, 3.8125], "texture": "#0"},
				"south": {"uv": [7.5, 5, 7.8125, 5.3125], "texture": "#0"},
				"west": {"uv": [4, 4, 6.6875, 4.3125], "texture": "#0"},
				"up": {"uv": [4.3125, 7.1875, 4, 4.5], "texture": "#0"},
				"down": {"uv": [4.8125, 4.5, 4.5, 7.1875], "texture": "#0"}
			}
		},
		{
			"from": [6.9, 6.5, 6.25],
			"to": [8.1, 7.5, 13.45],
			"rotation": {"angle": 0, "axis": "y", "origin": [0, -0.25, 0]},
			"faces": {
				"north": {"uv": [5, 3, 5.625, 3.5], "texture": "#0"},
				"east": {"uv": [2, 0, 5.625, 0.5], "texture": "#0"},
				"south": {"uv": [6, 3, 6.625, 3.5], "texture": "#0"},
				"west": {"uv": [2, 0.5, 5.625, 1], "texture": "#0"},
				"up": {"uv": [0.625, 3.625, 0, 0], "texture": "#0"},
				"down": {"uv": [1.625, 0, 1, 3.625], "texture": "#0"}
			}
		},
		{
			"from": [7.4, 6.7, 13.45],
			"to": [7.6, 7.3, 13.75],
			"rotation": {"angle": 0, "axis": "y", "origin": [0, -0.25, 0]},
			"faces": {
				"north": {"uv": [0, 8.5, 0.125, 8.8125], "texture": "#0"},
				"east": {"uv": [8.5, 0, 8.625, 0.3125], "texture": "#0"},
				"south": {"uv": [0.5, 8.5, 0.625, 8.8125], "texture": "#0"},
				"west": {"uv": [8.5, 0.5, 8.625, 0.8125], "texture": "#0"},
				"up": {"uv": [3.625, 8.625, 3.5, 8.5], "texture": "#0"},
				"down": {"uv": [8.625, 3.5, 8.5, 3.625], "texture": "#0"}
			}
		},
		{
			"from": [7.4, 3.21653, 8.93195],
			"to": [7.6, 3.71653, 9.33195],
			"rotation": {"angle": -22.5, "axis": "x", "origin": [0, 17.06653, 2.18195]},
			"faces": {
				"north": {"uv": [1.5, 8.5, 1.625, 8.75], "texture": "#0"},
				"east": {"uv": [8, 5.5, 8.1875, 5.75], "texture": "#0"},
				"south": {"uv": [8.5, 1.5, 8.625, 1.75], "texture": "#0"},
				"west": {"uv": [8, 6.5, 8.1875, 6.75], "texture": "#0"},
				"up": {"uv": [2.125, 8.6875, 2, 8.5], "texture": "#0"},
				"down": {"uv": [8.625, 2, 8.5, 2.1875], "texture": "#0"}
			}
		},
		{
			"from": [7, 2.41038, 7.89284],
			"to": [8, 3.51038, 8.89284],
			"rotation": {"angle": -22.5, "axis": "x", "origin": [0, 16.96038, 1.14284]},
			"faces": {
				"north": {"uv": [2.5, 6, 3, 6.5625], "texture": "#0"},
				"east": {"uv": [6, 4.5, 6.5, 5.0625], "texture": "#0"},
				"south": {"uv": [5.5, 6, 6, 6.5625], "texture": "#0"},
				"west": {"uv": [6, 5.5, 6.5, 6.0625], "texture": "#0"},
				"up": {"uv": [7, 5, 6.5, 4.5], "texture": "#0"},
				"down": {"uv": [5.5, 6.5, 5, 7], "texture": "#0"}
			}
		},
		{
			"from": [7.4, 7.08571, 18.12652],
			"to": [7.6, 7.73571, 18.92652],
			"rotation": {"angle": -22.5, "axis": "x", "origin": [0, -6.76429, 15.87652]},
			"faces": {
				"north": {"uv": [1, 8.5, 1.125, 8.8125], "texture": "#0"},
				"east": {"uv": [7.5, 4, 7.875, 4.3125], "texture": "#0"},
				"south": {"uv": [8.5, 1, 8.625, 1.3125], "texture": "#0"},
				"west": {"uv": [7.5, 4.5, 7.875, 4.8125], "texture": "#0"},
				"up": {"uv": [7.125, 8.375, 7, 8], "texture": "#0"},
				"down": {"uv": [8.125, 7, 8, 7.375], "texture": "#0"}
			}
		}
	],
	"display": {
		"thirdperson_righthand": {
			"translation": [0.5, 2.5, -1.75],
			"scale": [0.8, 0.8, 0.8]
		},
		"thirdperson_lefthand": {
			"scale": [0, 0, 0]
		},
		"firstperson_righthand": {
			"rotation": [0, 0, -15],
			"translation": [0, 17.25, -2.25]
		},
		"firstperson_lefthand": {
			"rotation": [0, 90, 0],
			"translation": [-11.75, 10.25, 1.5]
		},
		"ground": {
			"translation": [0, 0, -2.5]
		},
		"gui": {
			"rotation": [16, 63.25, 0],
			"translation": [-2, 4, 0],
			"scale": [1.2, 1.2, 1.2]
		}
	},
	"groups": [
		{
			"name": "group",
			"origin": [8, 8, 8],
			"color": 0,
			"children": [
				{
					"name": "group",
					"origin": [8, 8, 8],
					"color": 0,
					"children": [0, 1, 2, 3,
						{
							"name": "group",
							"origin": [0, 0, 0],
							"color": 0,
							"children": []
						}, 4, 5, 6, 7, 8, 9, 10, 11, 12, 13]
				},
				{
					"name": "group",
					"origin": [0, -0.25, 0.2],
					"color": 0,
					"children": [14]
				},
				{
					"name": "group",
					"origin": [8, 8, 8],
					"color": 0,
					"children": [15, 16, 17, 18, 19]
				}
			]
		}
	]
}