{
	"credit": "Made with Blockbench",
	"texture_size": [64, 64],
	"textures": {
		"0": "nw:stand/evo/chariot_requiem",
		"1": "nw:item/requiem",
		"particle": "nw:item/requiem"
	},
	"elements": [
		{
			"name": "Head",
			"from": [4, 12, 4],
			"to": [12, 20, 12],
			"rotation": {"angle": 0, "axis": "y", "origin": [8, 11, 8]},
			"faces": {
				"north": {"uv": [2, 2, 4, 4], "texture": "#0"},
				"east": {"uv": [0, 2, 2, 4], "texture": "#0"},
				"south": {"uv": [6, 2, 8, 4], "texture": "#0"},
				"west": {"uv": [4, 2, 6, 4], "texture": "#0"},
				"up": {"uv": [4, 2, 2, 0], "texture": "#0"},
				"down": {"uv": [6, 0, 4, 2], "texture": "#0"}
			}
		},
		{
			"from": [4.76044, 19.15379, 3.92596],
			"to": [8.01044, 20.90379, 12.42596],
			"rotation": {"angle": 22.5, "axis": "z", "origin": [3.33735, 16.06648, 8.17596]},
			"faces": {
				"north": {"uv": [4, 1.6875, 5.9375, 0.0625], "texture": "#0"},
				"east": {"uv": [4.0625, 1.6875, 6, 0.0625], "texture": "#0"},
				"south": {"uv": [4.0625, 1.9375, 6, 0.3125], "texture": "#0"},
				"west": {"uv": [4.0625, 1.9375, 6, 0.3125], "texture": "#0"},
				"up": {"uv": [4.0625, 1.6875, 6, 0.0625], "texture": "#0"},
				"down": {"uv": [4, 1.9375, 6, 0.25], "texture": "#0"}
			}
		},
		{
			"from": [3.16945, 16.0628, 3.42596],
			"to": [4.91945, 19.3128, 12.92596],
			"rotation": {"angle": 22.5, "axis": "z", "origin": [3.33735, 16.06648, 8.17596]},
			"faces": {
				"north": {"uv": [4, 0.0625, 5.9375, 1.6875], "rotation": 270, "texture": "#0"},
				"east": {"uv": [4, 0.25, 6, 1.9375], "rotation": 90, "texture": "#0"},
				"south": {"uv": [4.0625, 0.3125, 6, 1.9375], "rotation": 90, "texture": "#0"},
				"west": {"uv": [4.0625, 0.0625, 6, 1.6875], "rotation": 90, "texture": "#0"},
				"up": {"uv": [4.0625, 0.3125, 6, 1.9375], "rotation": 90, "texture": "#0"},
				"down": {"uv": [4.0625, 0.0625, 6, 1.6875], "rotation": 90, "texture": "#0"}
			}
		},
		{
			"from": [0.92313, 18.24326, 3.67596],
			"to": [2.67313, 20.49326, 12.67596],
			"rotation": {"angle": -22.5, "axis": "z", "origin": [3.33735, 16.06648, 8.17596]},
			"faces": {
				"north": {"uv": [4, 0.0625, 5.625, 2], "rotation": 90, "texture": "#0"},
				"east": {"uv": [4.0625, 0.0625, 6, 1.6875], "rotation": 90, "texture": "#0"},
				"south": {"uv": [4.0625, 0.3125, 6, 1.9375], "rotation": 90, "texture": "#0"},
				"west": {"uv": [4, 0.25, 6, 1.9375], "rotation": 90, "texture": "#0"},
				"up": {"uv": [4.0625, 0.0625, 6, 1.6875], "rotation": 90, "texture": "#0"},
				"down": {"uv": [4.0625, 0.3125, 6, 1.9375], "rotation": 90, "texture": "#0"}
			}
		},
		{
			"from": [3.22123, 15.94516, 2.17596],
			"to": [13.47123, 17.19516, 14.17596],
			"rotation": {"angle": 0, "axis": "z", "origin": [3.84623, 16.82016, 8.17596]},
			"faces": {
				"north": {"uv": [2, 1.3125, 3.9375, 1.6875], "texture": "#0"},
				"east": {"uv": [2.0625, 1.3125, 4, 1.6875], "texture": "#0"},
				"south": {"uv": [2.0625, 1.5625, 4, 1.9375], "texture": "#0"},
				"west": {"uv": [2.0625, 1.5625, 4, 1.9375], "texture": "#0"},
				"up": {"uv": [4, 0, 6, 1.9375], "texture": "#0"},
				"down": {"uv": [2.0625, 0, 4, 1.875], "texture": "#0"}
			}
		},
		{
			"name": "Body",
			"from": [4, 6, 5.75],
			"to": [12, 12, 10.25],
			"rotation": {"angle": 0, "axis": "y", "origin": [8, 11, 8]},
			"faces": {
				"north": {"uv": [5, 5, 7, 6.5], "texture": "#0"},
				"east": {"uv": [4, 5, 5, 6.5], "texture": "#0"},
				"south": {"uv": [8, 5, 10, 6.5], "texture": "#0"},
				"west": {"uv": [7, 5, 8, 6.5], "texture": "#0"},
				"up": {"uv": [7, 5, 5, 4], "texture": "#0"},
				"down": {"uv": [9, 4, 7, 5], "texture": "#0"}
			}
		},
		{
			"name": "Body Layer",
			"from": [3.75, 5.75, 5.5],
			"to": [12.25, 12.25, 10.5],
			"rotation": {"angle": 0, "axis": "y", "origin": [8, 11, 8]},
			"faces": {
				"north": {"uv": [5, 9, 7, 10.5], "texture": "#0"},
				"east": {"uv": [4, 9, 5, 10.5], "texture": "#0"},
				"south": {"uv": [8, 9, 10, 10.5], "texture": "#0"},
				"west": {"uv": [7, 9, 8, 10.5], "texture": "#0"},
				"up": {"uv": [7, 9, 5, 8], "texture": "#0"},
				"down": {"uv": [2, 0, 0, 1], "texture": "#0"}
			}
		},
		{
			"name": "Body",
			"from": [4.25, 0, 6],
			"to": [11.75, 6, 10],
			"rotation": {"angle": 0, "axis": "y", "origin": [8, 11, 8]},
			"faces": {
				"north": {"uv": [5, 6.5, 7, 8], "texture": "#0"},
				"east": {"uv": [4, 6.5, 5, 8], "texture": "#0"},
				"south": {"uv": [8, 6.5, 10, 8], "texture": "#0"},
				"west": {"uv": [7, 6.5, 8, 8], "texture": "#0"},
				"up": {"uv": [7, 6.5, 5, 5.5], "texture": "#0"},
				"down": {"uv": [2, 1, 0, 2], "texture": "#0"}
			}
		},
		{
			"name": "Body Layer",
			"from": [4, -0.25, 5.75],
			"to": [12, 6.25, 10.25],
			"rotation": {"angle": 0, "axis": "y", "origin": [8, 11, 8]},
			"faces": {
				"north": {"uv": [5, 10.5, 7, 12], "texture": "#0"},
				"east": {"uv": [4, 10.5, 5, 12], "texture": "#0"},
				"south": {"uv": [8, 10.5, 10, 12], "texture": "#0"},
				"west": {"uv": [7, 10.5, 8, 12], "texture": "#0"},
				"up": {"uv": [7, 9, 5, 8], "texture": "#0"},
				"down": {"uv": [2, 0, 0, 1], "texture": "#0"}
			}
		},
		{
			"name": "Right Arm",
			"from": [12, 6, 6],
			"to": [16, 12, 10],
			"rotation": {"angle": -22.5, "axis": "x", "origin": [14, 10, 8]},
			"faces": {
				"north": {"uv": [11, 5, 12, 6.5], "texture": "#0"},
				"east": {"uv": [10, 5, 11, 6.5], "texture": "#0"},
				"south": {"uv": [13, 5, 14, 6.5], "texture": "#0"},
				"west": {"uv": [12, 5, 13, 6.5], "texture": "#0"},
				"up": {"uv": [12, 5, 11, 4], "texture": "#0"},
				"down": {"uv": [13, 4, 12, 5], "texture": "#0"}
			}
		},
		{
			"name": "Right Arm Layer",
			"from": [11.75, 5.75, 5.75],
			"to": [16.25, 12.25, 10.25],
			"rotation": {"angle": -22.5, "axis": "x", "origin": [14, 10, 8]},
			"faces": {
				"north": {"uv": [11, 9, 12, 10.5], "texture": "#0"},
				"east": {"uv": [10, 9, 11, 10.5], "texture": "#0"},
				"south": {"uv": [13, 9, 14, 10.5], "texture": "#0"},
				"west": {"uv": [12, 9, 13, 10.5], "texture": "#0"},
				"up": {"uv": [12, 9, 11, 8], "texture": "#0"},
				"down": {"uv": [11, 8, 10, 9], "texture": "#0"}
			}
		},
		{
			"name": "Right Arm",
			"from": [12, 1.06985, 7.37849],
			"to": [16, 7.06985, 11.37849],
			"rotation": {"angle": 0, "axis": "x", "origin": [14, 11.06985, 9.37849]},
			"faces": {
				"north": {"uv": [11, 6.5, 12, 8], "texture": "#0"},
				"east": {"uv": [10, 6.5, 11, 8], "texture": "#0"},
				"south": {"uv": [13, 6.5, 14, 8], "texture": "#0"},
				"west": {"uv": [12, 6.5, 13, 8], "texture": "#0"},
				"up": {"uv": [12, 6.5, 11, 5.5], "texture": "#0"},
				"down": {"uv": [13, 4, 12, 5], "texture": "#0"}
			}
		},
		{
			"name": "Right Arm Layer",
			"from": [11.75, 0.81985, 7.12849],
			"to": [16.25, 7.31985, 11.62849],
			"rotation": {"angle": 0, "axis": "x", "origin": [14, 11.06985, 9.37849]},
			"faces": {
				"north": {"uv": [11, 10.5, 12, 12], "texture": "#0"},
				"east": {"uv": [10, 10.5, 11, 12], "texture": "#0"},
				"south": {"uv": [13, 10.5, 14, 12], "texture": "#0"},
				"west": {"uv": [12, 10.5, 13, 12], "texture": "#0"},
				"up": {"uv": [11, 9, 10, 8], "texture": "#0"},
				"down": {"uv": [13, 8, 12, 9], "texture": "#0"}
			}
		},
		{
			"name": "requiem_3",
			"from": [13.44, -3.91666, 6.24371],
			"to": [14, -3.35666, 6.80371],
			"rotation": {"angle": 22.5, "axis": "x", "origin": [8.92, 0.66466, 10.18503]},
			"faces": {
				"north": {"uv": [6, 4, 7, 5], "rotation": 180, "texture": "#1"},
				"east": {"uv": [6, 5, 7, 4], "texture": "#1"},
				"south": {"uv": [6, 4, 7, 5], "rotation": 180, "texture": "#1"},
				"west": {"uv": [6, 4, 7, 5], "rotation": 180, "texture": "#1"},
				"up": {"uv": [6, 4, 7, 5], "rotation": 270, "texture": "#1"},
				"down": {"uv": [7, 4, 6, 5], "rotation": 270, "texture": "#1"}
			}
		},
		{
			"name": "requiem_1",
			"from": [13.44, -5.03666, 4.56371],
			"to": [14, -3.35666, 5.68371],
			"rotation": {"angle": 22.5, "axis": "x", "origin": [8.92, 0.66466, 10.18503]},
			"faces": {
				"north": {"uv": [9, 2, 10, 5], "rotation": 180, "texture": "#1"},
				"east": {"uv": [8, 5, 10, 2], "texture": "#1"},
				"south": {"uv": [8, 2, 9, 5], "rotation": 180, "texture": "#1"},
				"west": {"uv": [8, 2, 10, 5], "rotation": 180, "texture": "#1"},
				"up": {"uv": [8, 4, 10, 5], "rotation": 270, "texture": "#1"},
				"down": {"uv": [10, 2, 8, 3], "rotation": 270, "texture": "#1"}
			}
		},
		{
			"name": "requiem_2",
			"from": [13.44, -4.47666, 5.68371],
			"to": [14, -3.35666, 6.24371],
			"rotation": {"angle": 22.5, "axis": "x", "origin": [8.92, 0.66466, 10.18503]},
			"faces": {
				"north": {"uv": [7, 3, 8, 5], "rotation": 180, "texture": "#1"},
				"east": {"uv": [7, 5, 8, 3], "texture": "#1"},
				"south": {"uv": [7, 3, 8, 5], "rotation": 180, "texture": "#1"},
				"west": {"uv": [7, 3, 8, 5], "rotation": 180, "texture": "#1"},
				"up": {"uv": [7, 4, 8, 5], "rotation": 270, "texture": "#1"},
				"down": {"uv": [8, 3, 7, 4], "rotation": 270, "texture": "#1"}
			}
		},
		{
			"name": "requiem_6",
			"from": [13.44, -2.79666, 2.32371],
			"to": [14, -2.23666, 4.56371],
			"rotation": {"angle": 22.5, "axis": "x", "origin": [8.92, 0.66466, 10.18503]},
			"faces": {
				"north": {"uv": [13, 6, 14, 7], "rotation": 180, "texture": "#1"},
				"east": {"uv": [10, 7, 14, 6], "texture": "#1"},
				"south": {"uv": [10, 6, 11, 7], "rotation": 180, "texture": "#1"},
				"west": {"uv": [10, 6, 14, 7], "rotation": 180, "texture": "#1"},
				"up": {"uv": [10, 6, 14, 7], "rotation": 270, "texture": "#1"},
				"down": {"uv": [14, 6, 10, 7], "rotation": 270, "texture": "#1"}
			}
		},
		{
			"name": "requiem_8",
			"from": [13.44, -2.23666, 2.88371],
			"to": [14, -1.11666, 4.00371],
			"rotation": {"angle": 22.5, "axis": "x", "origin": [8.92, 0.66466, 10.18503]},
			"faces": {
				"north": {"uv": [12, 7, 13, 9], "rotation": 180, "texture": "#1"},
				"east": {"uv": [11, 9, 13, 7], "texture": "#1"},
				"south": {"uv": [11, 7, 12, 9], "rotation": 180, "texture": "#1"},
				"west": {"uv": [11, 7, 13, 9], "rotation": 180, "texture": "#1"},
				"up": {"uv": [11, 8, 13, 9], "rotation": 270, "texture": "#1"},
				"down": {"uv": [13, 7, 11, 8], "rotation": 270, "texture": "#1"}
			}
		},
		{
			"name": "requiem_12",
			"from": [13.44, -1.11666, 3.44371],
			"to": [14, -0.55666, 4.00371],
			"rotation": {"angle": 22.5, "axis": "x", "origin": [8.92, 0.66466, 10.18503]},
			"faces": {
				"north": {"uv": [11, 9, 12, 10], "rotation": 180, "texture": "#1"},
				"east": {"uv": [11, 10, 12, 9], "texture": "#1"},
				"south": {"uv": [11, 9, 12, 10], "rotation": 180, "texture": "#1"},
				"west": {"uv": [11, 9, 12, 10], "rotation": 180, "texture": "#1"},
				"up": {"uv": [11, 9, 12, 10], "rotation": 270, "texture": "#1"},
				"down": {"uv": [12, 9, 11, 10], "rotation": 270, "texture": "#1"}
			}
		},
		{
			"name": "requiem_0",
			"from": [13.44, -5.59666, 1.76371],
			"to": [14, -2.79666, 4.56371],
			"rotation": {"angle": 22.5, "axis": "x", "origin": [8.92, 0.66466, 10.18503]},
			"faces": {
				"north": {"uv": [14, 1, 15, 6], "rotation": 180, "texture": "#1"},
				"east": {"uv": [10, 6, 15, 1], "texture": "#1"},
				"south": {"uv": [10, 1, 11, 6], "rotation": 180, "texture": "#1"},
				"west": {"uv": [10, 1, 15, 6], "rotation": 180, "texture": "#1"},
				"up": {"uv": [10, 5, 15, 6], "rotation": 270, "texture": "#1"},
				"down": {"uv": [15, 1, 10, 2], "rotation": 270, "texture": "#1"}
			}
		},
		{
			"name": "requiem_4",
			"from": [13.3, -3.35666, 4.48371],
			"to": [14, -1.25666, 5.18371],
			"rotation": {"angle": 22.5, "axis": "x", "origin": [8.92, 0.66466, 10.18503]},
			"faces": {
				"north": {"uv": [9, 5, 10, 8], "rotation": 180, "texture": "#1"},
				"east": {"uv": [9, 8, 10, 5], "texture": "#1"},
				"south": {"uv": [9, 5, 10, 8], "rotation": 180, "texture": "#1"},
				"west": {"uv": [9, 5, 10, 8], "rotation": 180, "texture": "#1"},
				"up": {"uv": [9, 7, 10, 8], "rotation": 270, "texture": "#1"},
				"down": {"uv": [10, 5, 9, 6], "rotation": 270, "texture": "#1"}
			}
		},
		{
			"name": "requiem_5",
			"from": [13.3, -2.65666, 5.18371],
			"to": [14, -0.55666, 5.88371],
			"rotation": {"angle": 22.5, "axis": "x", "origin": [8.92, 0.66466, 10.18503]},
			"faces": {
				"north": {"uv": [8, 6, 9, 9], "rotation": 180, "texture": "#1"},
				"east": {"uv": [8, 9, 9, 6], "texture": "#1"},
				"south": {"uv": [8, 6, 9, 9], "rotation": 180, "texture": "#1"},
				"west": {"uv": [8, 6, 9, 9], "rotation": 180, "texture": "#1"},
				"up": {"uv": [8, 8, 9, 9], "rotation": 270, "texture": "#1"},
				"down": {"uv": [9, 6, 8, 7], "rotation": 270, "texture": "#1"}
			}
		},
		{
			"name": "requiem_7",
			"from": [13.3, -1.95666, 5.88371],
			"to": [14, 0.14334, 6.58371],
			"rotation": {"angle": 22.5, "axis": "x", "origin": [8.92, 0.66466, 10.18503]},
			"faces": {
				"north": {"uv": [7, 7, 8, 10], "rotation": 180, "texture": "#1"},
				"east": {"uv": [7, 10, 8, 7], "texture": "#1"},
				"south": {"uv": [7, 7, 8, 10], "rotation": 180, "texture": "#1"},
				"west": {"uv": [7, 7, 8, 10], "rotation": 180, "texture": "#1"},
				"up": {"uv": [7, 9, 8, 10], "rotation": 270, "texture": "#1"},
				"down": {"uv": [8, 7, 7, 8], "rotation": 270, "texture": "#1"}
			}
		},
		{
			"name": "requiem_9",
			"from": [13.44, -2.23666, 2.32371],
			"to": [14, -1.67666, 2.88371],
			"rotation": {"angle": 22.5, "axis": "x", "origin": [8.92, 0.66466, 10.18503]},
			"faces": {
				"north": {"uv": [13, 7, 14, 8], "rotation": 180, "texture": "#1"},
				"east": {"uv": [13, 8, 14, 7], "texture": "#1"},
				"south": {"uv": [13, 7, 14, 8], "rotation": 180, "texture": "#1"},
				"west": {"uv": [13, 7, 14, 8], "rotation": 180, "texture": "#1"},
				"up": {"uv": [13, 7, 14, 8], "rotation": 270, "texture": "#1"},
				"down": {"uv": [14, 7, 13, 8], "rotation": 270, "texture": "#1"}
			}
		},
		{
			"name": "requiem_10",
			"from": [13.3, -1.25666, 6.58371],
			"to": [14, 0.84334, 7.28371],
			"rotation": {"angle": 22.5, "axis": "x", "origin": [8.92, 0.66466, 10.18503]},
			"faces": {
				"north": {"uv": [6, 8, 7, 11], "rotation": 180, "texture": "#1"},
				"east": {"uv": [6, 11, 7, 8], "texture": "#1"},
				"south": {"uv": [6, 8, 7, 11], "rotation": 180, "texture": "#1"},
				"west": {"uv": [6, 8, 7, 11], "rotation": 180, "texture": "#1"},
				"up": {"uv": [6, 10, 7, 11], "rotation": 270, "texture": "#1"},
				"down": {"uv": [7, 8, 6, 9], "rotation": 270, "texture": "#1"}
			}
		},
		{
			"name": "requiem_11",
			"from": [13.3, -0.55666, 7.28371],
			"to": [14, 1.54334, 7.98371],
			"rotation": {"angle": 22.5, "axis": "x", "origin": [8.92, 0.66466, 10.18503]},
			"faces": {
				"north": {"uv": [5, 9, 6, 12], "rotation": 180, "texture": "#1"},
				"east": {"uv": [5, 12, 6, 9], "texture": "#1"},
				"south": {"uv": [5, 9, 6, 12], "rotation": 180, "texture": "#1"},
				"west": {"uv": [5, 9, 6, 12], "rotation": 180, "texture": "#1"},
				"up": {"uv": [5, 11, 6, 12], "rotation": 270, "texture": "#1"},
				"down": {"uv": [6, 9, 5, 10], "rotation": 270, "texture": "#1"}
			}
		},
		{
			"name": "requiem_13",
			"from": [13.3, 0.14334, 7.98371],
			"to": [14, 2.24334, 8.68371],
			"rotation": {"angle": 22.5, "axis": "x", "origin": [8.92, 0.66466, 10.18503]},
			"faces": {
				"north": {"uv": [4, 10, 5, 13], "rotation": 180, "texture": "#1"},
				"east": {"uv": [4, 13, 5, 10], "texture": "#1"},
				"south": {"uv": [4, 10, 5, 13], "rotation": 180, "texture": "#1"},
				"west": {"uv": [4, 10, 5, 13], "rotation": 180, "texture": "#1"},
				"up": {"uv": [4, 12, 5, 13], "rotation": 270, "texture": "#1"},
				"down": {"uv": [5, 10, 4, 11], "rotation": 270, "texture": "#1"}
			}
		},
		{
			"name": "requiem_14",
			"from": [13.3, 0.84334, 8.68371],
			"to": [14, 2.94334, 9.38371],
			"rotation": {"angle": 22.5, "axis": "x", "origin": [8.92, 0.66466, 10.18503]},
			"faces": {
				"north": {"uv": [3, 11, 4, 14], "rotation": 180, "texture": "#1"},
				"east": {"uv": [3, 14, 4, 11], "texture": "#1"},
				"south": {"uv": [3, 11, 4, 14], "rotation": 180, "texture": "#1"},
				"west": {"uv": [3, 11, 4, 14], "rotation": 180, "texture": "#1"},
				"up": {"uv": [3, 13, 4, 14], "rotation": 270, "texture": "#1"},
				"down": {"uv": [4, 11, 3, 12], "rotation": 270, "texture": "#1"}
			}
		},
		{
			"name": "requiem_15",
			"from": [13.3, 1.54334, 9.38371],
			"to": [14, 3.64334, 10.08371],
			"rotation": {"angle": 22.5, "axis": "x", "origin": [8.92, 0.66466, 10.18503]},
			"faces": {
				"north": {"uv": [2, 12, 3, 15], "rotation": 180, "texture": "#1"},
				"east": {"uv": [2, 15, 3, 12], "texture": "#1"},
				"south": {"uv": [2, 12, 3, 15], "rotation": 180, "texture": "#1"},
				"west": {"uv": [2, 12, 3, 15], "rotation": 180, "texture": "#1"},
				"up": {"uv": [2, 14, 3, 15], "rotation": 270, "texture": "#1"},
				"down": {"uv": [3, 12, 2, 13], "rotation": 270, "texture": "#1"}
			}
		},
		{
			"name": "requiem_16",
			"from": [13.3, 2.24334, 10.08371],
			"to": [14, 3.64334, 10.78371],
			"rotation": {"angle": 22.5, "axis": "x", "origin": [8.92, 0.66466, 10.18503]},
			"faces": {
				"north": {"uv": [1, 13, 2, 15], "rotation": 180, "texture": "#1"},
				"east": {"uv": [1, 15, 2, 13], "texture": "#1"},
				"south": {"uv": [1, 13, 2, 15], "rotation": 180, "texture": "#1"},
				"west": {"uv": [1, 13, 2, 15], "rotation": 180, "texture": "#1"},
				"up": {"uv": [1, 14, 2, 15], "rotation": 270, "texture": "#1"},
				"down": {"uv": [2, 13, 1, 14], "rotation": 270, "texture": "#1"}
			}
		},
		{
			"name": "Left Arm",
			"from": [0, 6, 6],
			"to": [4, 12, 10],
			"rotation": {"angle": 0, "axis": "z", "origin": [2, 10, 8]},
			"faces": {
				"north": {"uv": [9, 13, 10, 14.5], "texture": "#0"},
				"east": {"uv": [8, 13, 9, 14.5], "texture": "#0"},
				"south": {"uv": [11, 13, 12, 14.5], "texture": "#0"},
				"west": {"uv": [10, 13, 11, 14.5], "texture": "#0"},
				"up": {"uv": [10, 13, 9, 12], "texture": "#0"},
				"down": {"uv": [11, 12, 10, 13], "texture": "#0"}
			}
		},
		{
			"name": "Left Arm Layer",
			"from": [-0.25, 5.75, 5.75],
			"to": [4.25, 12.25, 10.25],
			"rotation": {"angle": 0, "axis": "z", "origin": [2, 10, 8]},
			"faces": {
				"north": {"uv": [13, 13, 14, 14.5], "texture": "#0"},
				"east": {"uv": [12, 13, 13, 14.5], "texture": "#0"},
				"south": {"uv": [15, 13, 16, 14.5], "texture": "#0"},
				"west": {"uv": [14, 13, 15, 14.5], "texture": "#0"},
				"up": {"uv": [14, 13, 13, 12], "texture": "#0"},
				"down": {"uv": [13, 12, 12, 13], "texture": "#0"}
			}
		},
		{
			"name": "Left Arm",
			"from": [0, 0.46088, 7.68297],
			"to": [4, 6.46088, 11.68297],
			"rotation": {"angle": 22.5, "axis": "x", "origin": [2, 10.46088, 9.68297]},
			"faces": {
				"north": {"uv": [9, 14.5, 10, 16], "texture": "#0"},
				"east": {"uv": [8, 14.5, 9, 16], "texture": "#0"},
				"south": {"uv": [11, 14.5, 12, 16], "texture": "#0"},
				"west": {"uv": [10, 14.5, 11, 16], "texture": "#0"},
				"up": {"uv": [10, 14.5, 9, 13.5], "texture": "#0"},
				"down": {"uv": [11, 12, 10, 13], "texture": "#0"}
			}
		},
		{
			"name": "Left Arm Layer",
			"from": [-0.25, 0.21088, 7.43297],
			"to": [4.25, 6.71088, 11.93297],
			"rotation": {"angle": 22.5, "axis": "x", "origin": [2, 10.46088, 9.68297]},
			"faces": {
				"north": {"uv": [13, 14.5, 14, 16], "texture": "#0"},
				"east": {"uv": [12, 14.5, 13, 16], "texture": "#0"},
				"south": {"uv": [15, 14.5, 16, 16], "texture": "#0"},
				"west": {"uv": [14, 14.5, 15, 16], "texture": "#0"},
				"up": {"uv": [13, 13, 12, 12], "texture": "#0"},
				"down": {"uv": [15, 12, 14, 13], "texture": "#0"}
			}
		},
		{
			"name": "Right Leg",
			"from": [7.9, -6, 6],
			"to": [11.65, 0, 10],
			"rotation": {"angle": -22.5, "axis": "x", "origin": [8, 0, 8]},
			"faces": {
				"north": {"uv": [1, 5, 2, 6.5], "texture": "#0"},
				"east": {"uv": [0, 5, 1, 6.5], "texture": "#0"},
				"south": {"uv": [3, 5, 4, 6.5], "texture": "#0"},
				"west": {"uv": [2, 5, 3, 6.5], "texture": "#0"},
				"up": {"uv": [2, 5, 1, 4], "texture": "#0"},
				"down": {"uv": [3, 4, 2, 5], "texture": "#0"}
			}
		},
		{
			"name": "Right Leg Layer",
			"from": [7.65, -6.25, 5.75],
			"to": [11.9, 0.25, 10.25],
			"rotation": {"angle": -22.5, "axis": "x", "origin": [8, 0, 8]},
			"faces": {
				"north": {"uv": [1, 9, 2, 10.5], "texture": "#0"},
				"east": {"uv": [0, 9, 1, 10.5], "texture": "#0"},
				"south": {"uv": [3, 9, 4, 10.5], "texture": "#0"},
				"west": {"uv": [2, 9, 3, 10.5], "texture": "#0"},
				"up": {"uv": [2, 9, 1, 8], "texture": "#0"},
				"down": {"uv": [1, 8, 0, 9], "texture": "#0"}
			}
		},
		{
			"name": "Right Leg",
			"from": [7.9, -12, 6],
			"to": [11.65, -6, 10],
			"rotation": {"angle": -22.5, "axis": "x", "origin": [8, 0, 8]},
			"faces": {
				"north": {"uv": [1, 6.5, 2, 8], "texture": "#0"},
				"east": {"uv": [0, 6.5, 1, 8], "texture": "#0"},
				"south": {"uv": [3, 6.5, 4, 8], "texture": "#0"},
				"west": {"uv": [2, 6.5, 3, 8], "texture": "#0"},
				"up": {"uv": [2, 6.5, 1, 5.5], "texture": "#0"},
				"down": {"uv": [3, 4, 2, 5], "texture": "#0"}
			}
		},
		{
			"name": "Right Leg Layer",
			"from": [7.65, -12.25, 5.75],
			"to": [11.9, -5.75, 10.25],
			"rotation": {"angle": -22.5, "axis": "x", "origin": [8, 0, 8]},
			"faces": {
				"north": {"uv": [1, 10.5, 2, 12], "texture": "#0"},
				"east": {"uv": [0, 10.5, 1, 12], "texture": "#0"},
				"south": {"uv": [3, 10.5, 4, 12], "texture": "#0"},
				"west": {"uv": [2, 10.5, 3, 12], "texture": "#0"},
				"up": {"uv": [4, 9, 3, 8], "texture": "#0"},
				"down": {"uv": [3, 8, 2, 9], "texture": "#0"}
			}
		},
		{
			"name": "Left Leg",
			"from": [4.35, -6, 6],
			"to": [8.1, 0, 10],
			"rotation": {"angle": 22.5, "axis": "y", "origin": [6, 0, 8]},
			"faces": {
				"north": {"uv": [5, 13, 6, 14.5], "texture": "#0"},
				"east": {"uv": [4, 13, 5, 14.5], "texture": "#0"},
				"south": {"uv": [7, 13, 8, 14.5], "texture": "#0"},
				"west": {"uv": [6, 13, 7, 14.5], "texture": "#0"},
				"up": {"uv": [6, 13, 5, 12], "texture": "#0"},
				"down": {"uv": [7, 12, 6, 13], "texture": "#0"}
			}
		},
		{
			"name": "Left Leg Layer",
			"from": [4.1, -6.25, 5.75],
			"to": [8.35, 0.25, 10.25],
			"rotation": {"angle": 22.5, "axis": "y", "origin": [6, 0, 8]},
			"faces": {
				"north": {"uv": [1, 13, 2, 14.5], "texture": "#0"},
				"east": {"uv": [0, 13, 1, 14.5], "texture": "#0"},
				"south": {"uv": [3, 13, 4, 14.5], "texture": "#0"},
				"west": {"uv": [2, 13, 3, 14.5], "texture": "#0"},
				"up": {"uv": [2, 13, 1, 12], "texture": "#0"},
				"down": {"uv": [1, 12, 0, 13], "texture": "#0"}
			}
		},
		{
			"name": "Left Leg",
			"from": [4.35, -12, 6],
			"to": [8.1, -6, 10],
			"rotation": {"angle": 22.5, "axis": "y", "origin": [6, 0, 8]},
			"faces": {
				"north": {"uv": [5, 14.5, 6, 16], "texture": "#0"},
				"east": {"uv": [4, 14.5, 5, 16], "texture": "#0"},
				"south": {"uv": [7, 14.5, 8, 16], "texture": "#0"},
				"west": {"uv": [6, 14.5, 7, 16], "texture": "#0"},
				"up": {"uv": [6, 14.5, 5, 13.5], "texture": "#0"},
				"down": {"uv": [7, 12, 6, 13], "texture": "#0"}
			}
		},
		{
			"name": "Left Leg Layer",
			"from": [4.1, -12.25, 5.75],
			"to": [8.35, -5.75, 10.25],
			"rotation": {"angle": 22.5, "axis": "y", "origin": [6, 0, 8]},
			"faces": {
				"north": {"uv": [1, 14.5, 2, 16], "texture": "#0"},
				"east": {"uv": [0, 14.5, 1, 16], "texture": "#0"},
				"south": {"uv": [3, 14.5, 4, 16], "texture": "#0"},
				"west": {"uv": [2, 14.5, 3, 16], "texture": "#0"},
				"up": {"uv": [4, 13, 3, 12], "texture": "#0"},
				"down": {"uv": [3, 12, 2, 13], "texture": "#0"}
			}
		}
	],
	"display": {
		"head": {
			"translation": [0, -12.75, 0],
			"scale": [1.6, 1.6, 1.6]
		}
	},
	"groups": [
		{
			"name": "Head",
			"origin": [0, 24, 0],
			"color": 0,
			"children": [0, 1, 2, 3, 4]
		},
		{
			"name": "Body",
			"origin": [0, 24, 0],
			"color": 0,
			"children": [
				5,
				6,
				{
					"name": "Body",
					"origin": [0, 24, 0],
					"color": 0,
					"children": [7, 8]
				}
			]
		},
		{
			"name": "RightArm",
			"origin": [5, 22, 0],
			"color": 0,
			"children": [
				9,
				10,
				{
					"name": "RightArm",
					"origin": [5, 22, 0],
					"color": 0,
					"children": [
						11,
						12,
						{
							"name": "requiem",
							"origin": [8, 8, 8],
							"color": 0,
							"children": [13, 14, 15, 16, 17, 18, 19, 20, 21, 22, 23, 24, 25, 26, 27, 28, 29]
						}
					]
				}
			]
		},
		{
			"name": "LeftArm",
			"origin": [-5, 22, 0],
			"color": 0,
			"children": [
				30,
				31,
				{
					"name": "LeftArm",
					"origin": [-5, 22, 0],
					"color": 0,
					"children": [32, 33]
				}
			]
		},
		{
			"name": "RightLeg",
			"origin": [1.9, 12, 0],
			"color": 0,
			"children": [
				34,
				35,
				{
					"name": "RightLeg",
					"origin": [1.9, 12, 0],
					"color": 0,
					"children": [36, 37]
				}
			]
		},
		{
			"name": "LeftLeg",
			"origin": [-1.9, 12, 0],
			"color": 0,
			"children": [
				38,
				39,
				{
					"name": "LeftLeg",
					"origin": [-1.9, 12, 0],
					"color": 0,
					"children": [40, 41]
				}
			]
		}
	]
}