{
	"credit": "Made with Blockbench",
	"textures": {
		"0": "gun/m1014/m1014_win",
		"1": "gun/more/xdzd_win",
		"particle": "gun/m1014/m1014_win"
	},
	"elements": [
		{
			"from": [9.1, 2, 15.5],
			"to": [9.9, 4.2, 16],
			"faces": {
				"north": {"uv": [2, 3, 2.375, 4.125], "texture": "#0"},
				"east": {"uv": [2.5, 4.5, 2.75, 5.625], "texture": "#0"},
				"south": {"uv": [2.5, 3, 2.875, 4.125], "texture": "#0"},
				"west": {"uv": [4.5, 4, 4.75, 5.125], "texture": "#0"},
				"up": {"uv": [7.875, 5.25, 7.5, 5], "texture": "#0"},
				"down": {"uv": [7.875, 5.5, 7.5, 5.75], "texture": "#0"}
			}
		},
		{
			"from": [9.1, 13.54594, 18.62563],
			"to": [9.9, 13.94594, 18.92563],
			"rotation": {"angle": 45, "axis": "x", "origin": [0, 11.54594, 3.12563]},
			"faces": {
				"north": {"uv": [8, 1, 8.375, 1.1875], "texture": "#0"},
				"east": {"uv": [7, 8.5, 7.125, 8.6875], "texture": "#0"},
				"south": {"uv": [1.5, 8, 1.875, 8.1875], "texture": "#0"},
				"west": {"uv": [8.5, 7, 8.625, 7.1875], "texture": "#0"},
				"up": {"uv": [6.375, 8.125, 6, 8], "texture": "#0"},
				"down": {"uv": [8.375, 6, 8, 6.125], "texture": "#0"}
			}
		},
		{
			"from": [9.3, 2.6145, 6.61617],
			"to": [9.7, 3.0145, 9.41617],
			"rotation": {"angle": 22.5, "axis": "x", "origin": [0, -13.0855, 11.41617]},
			"faces": {
				"north": {"uv": [8.5, 1, 8.6875, 1.1875], "texture": "#0"},
				"east": {"uv": [4.5, 2.5, 5.875, 2.6875], "texture": "#0"},
				"south": {"uv": [1.5, 8.5, 1.6875, 8.6875], "texture": "#0"},
				"west": {"uv": [5, 3, 6.375, 3.1875], "texture": "#0"},
				"up": {"uv": [1.6875, 6.375, 1.5, 5], "texture": "#0"},
				"down": {"uv": [2.1875, 5, 2, 6.375], "texture": "#0"}
			}
		},
		{
			"from": [9.35, 2.6545, 4.31617],
			"to": [9.65, 2.9545, 6.61617],
			"rotation": {"angle": 22.5, "axis": "x", "origin": [0, -13.0855, 11.41617]},
			"faces": {
				"north": {"uv": [5, 9, 5.125, 9.125], "texture": "#0"},
				"east": {"uv": [6, 2.5, 7.125, 2.625], "texture": "#0"},
				"south": {"uv": [9, 5, 9.125, 5.125], "texture": "#0"},
				"west": {"uv": [6.5, 2, 7.625, 2.125], "texture": "#0"},
				"up": {"uv": [6.625, 4.125, 6.5, 3], "texture": "#0"},
				"down": {"uv": [4.625, 6.5, 4.5, 7.625], "texture": "#0"}
			}
		},
		{
			"from": [9.2, 3.1145, 7.01617],
			"to": [9.8, 4.0145, 8.51617],
			"rotation": {"angle": 22.5, "axis": "x", "origin": [0, -13.0855, 11.41617]},
			"faces": {
				"north": {"uv": [5, 6.5, 5.3125, 6.9375], "texture": "#0"},
				"east": {"uv": [1.5, 4.5, 2.25, 4.9375], "texture": "#0"},
				"south": {"uv": [6.5, 5.5, 6.8125, 5.9375], "texture": "#0"},
				"west": {"uv": [4.5, 2, 5.25, 2.4375], "texture": "#0"},
				"up": {"uv": [5.3125, 4.25, 5, 3.5], "texture": "#0"},
				"down": {"uv": [5.3125, 4.5, 5, 5.25], "texture": "#0"}
			}
		},
		{
			"from": [9.4, 3.0145, 7.61617],
			"to": [9.6, 3.1145, 7.91617],
			"rotation": {"angle": 22.5, "axis": "x", "origin": [0, -13.0855, 11.41617]},
			"faces": {
				"north": {"uv": [9.5, 1.5, 9.625, 1.5625], "texture": "#0"},
				"east": {"uv": [2, 9.5, 2.125, 9.5625], "texture": "#0"},
				"south": {"uv": [9.5, 2, 9.625, 2.0625], "texture": "#0"},
				"west": {"uv": [2.5, 9.5, 2.625, 9.5625], "texture": "#0"},
				"up": {"uv": [5.625, 9.125, 5.5, 9], "texture": "#0"},
				"down": {"uv": [9.125, 5.5, 9, 5.625], "texture": "#0"}
			}
		},
		{
			"from": [9.2, 3.79665, 13.89498],
			"to": [9.8, 4.39665, 15.29498],
			"rotation": {"angle": 0, "axis": "x", "origin": [0, -12.70335, 18.29498]},
			"faces": {
				"north": {"uv": [7, 6.5, 7.3125, 6.8125], "texture": "#0"},
				"east": {"uv": [5.5, 2, 6.1875, 2.3125], "texture": "#0"},
				"south": {"uv": [0.5, 7.5, 0.8125, 7.8125], "texture": "#0"},
				"west": {"uv": [5.5, 3.5, 6.1875, 3.8125], "texture": "#0"},
				"up": {"uv": [5.8125, 4.6875, 5.5, 4], "texture": "#0"},
				"down": {"uv": [4.8125, 5.5, 4.5, 6.1875], "texture": "#0"}
			}
		},
		{
			"from": [9.4, 3.89665, 13.89498],
			"to": [9.6, 4.09665, 15.69498],
			"rotation": {"angle": 0, "axis": "y", "origin": [0, -12.70335, 18.29498]},
			"faces": {
				"north": {"uv": [6, 9, 6.125, 9.125], "texture": "#0"},
				"east": {"uv": [7, 6, 7.875, 6.125], "texture": "#0"},
				"south": {"uv": [9, 6, 9.125, 6.125], "texture": "#0"},
				"west": {"uv": [6.5, 7, 7.375, 7.125], "texture": "#0"},
				"up": {"uv": [0.125, 8.375, 0, 7.5], "texture": "#0"},
				"down": {"uv": [7.625, 0, 7.5, 0.875], "texture": "#0"}
			}
		},
		{
			"from": [9.2, 4.19665, 13.09498],
			"to": [9.8, 4.39665, 13.89498],
			"rotation": {"angle": 0, "axis": "y", "origin": [0, -12.70335, 18.29498]},
			"faces": {
				"north": {"uv": [8, 8, 8.3125, 8.125], "texture": "#0"},
				"east": {"uv": [6.5, 8, 6.875, 8.125], "texture": "#0"},
				"south": {"uv": [0, 8.5, 0.3125, 8.625], "texture": "#0"},
				"west": {"uv": [8, 6.5, 8.375, 6.625], "texture": "#0"},
				"up": {"uv": [6.8125, 6.375, 6.5, 6], "texture": "#0"},
				"down": {"uv": [6.8125, 6.5, 6.5, 6.875], "texture": "#0"}
			}
		},
		{
			"from": [9.2, 3.49313, 6.23181],
			"to": [9.8, 3.69313, 7.03181],
			"rotation": {"angle": 22.5, "axis": "x", "origin": [0, -13.40687, 11.43181]},
			"faces": {
				"north": {"uv": [8.5, 0, 8.8125, 0.125], "texture": "#0"},
				"east": {"uv": [7, 8, 7.375, 8.125], "texture": "#0"},
				"south": {"uv": [0.5, 8.5, 0.8125, 8.625], "texture": "#0"},
				"west": {"uv": [8, 7, 8.375, 7.125], "texture": "#0"},
				"up": {"uv": [7.3125, 1.375, 7, 1], "texture": "#0"},
				"down": {"uv": [7.3125, 1.5, 7, 1.875], "texture": "#0"}
			}
		},
		{
			"from": [9.2, 3.69313, 6.63181],
			"to": [9.8, 3.79313, 7.03181],
			"rotation": {"angle": 22.5, "axis": "x", "origin": [0, -13.40687, 11.43181]},
			"faces": {
				"north": {"uv": [9, 0, 9.3125, 0.0625], "texture": "#0"},
				"east": {"uv": [9.5, 1, 9.6875, 1.0625], "texture": "#0"},
				"south": {"uv": [0.5, 9, 0.8125, 9.0625], "texture": "#0"},
				"west": {"uv": [1.5, 9.5, 1.6875, 9.5625], "texture": "#0"},
				"up": {"uv": [5.3125, 8.1875, 5, 8], "texture": "#0"},
				"down": {"uv": [8.3125, 5, 8, 5.1875], "texture": "#0"}
			}
		},
		{
			"from": [9.2, 4, 7.3],
			"to": [9.8, 4.5, 11.4],
			"faces": {
				"north": {"uv": [7.5, 7, 7.8125, 7.25], "texture": "#0"},
				"east": {"uv": [2, 2, 4.0625, 2.25], "texture": "#0"},
				"south": {"uv": [7.5, 7.5, 7.8125, 7.75], "texture": "#0"},
				"west": {"uv": [2, 2.5, 4.0625, 2.75], "texture": "#0"},
				"up": {"uv": [0.3125, 2.0625, 0, 0], "texture": "#0"},
				"down": {"uv": [0.8125, 0, 0.5, 2.0625], "texture": "#0"}
			}
		},
		{
			"from": [9.2, 4.5, 7.3],
			"to": [9.8, 5, 10.4],
			"faces": {
				"north": {"uv": [8, 0, 8.3125, 0.25], "texture": "#0"},
				"east": {"uv": [3, 3, 4.5625, 3.25], "texture": "#0"},
				"south": {"uv": [0.5, 8, 0.8125, 8.25], "texture": "#0"},
				"west": {"uv": [3, 3.5, 4.5625, 3.75], "texture": "#0"},
				"up": {"uv": [0.3125, 4.0625, 0, 2.5], "texture": "#0"},
				"down": {"uv": [0.8125, 2.5, 0.5, 4.0625], "texture": "#0"}
			}
		},
		{
			"from": [9.2, 7.67419, 9.04226],
			"to": [9.8, 8.17419, 10.14226],
			"rotation": {"angle": 22.5, "axis": "x", "origin": [0, 3.17419, 1.74226]},
			"faces": {
				"north": {"uv": [8, 0.5, 8.3125, 0.75], "texture": "#0"},
				"east": {"uv": [6.5, 4.5, 7.0625, 4.75], "texture": "#0"},
				"south": {"uv": [1, 8, 1.3125, 8.25], "texture": "#0"},
				"west": {"uv": [6.5, 5, 7.0625, 5.25], "texture": "#0"},
				"up": {"uv": [5.8125, 6.5625, 5.5, 6], "texture": "#0"},
				"down": {"uv": [6.3125, 6, 6, 6.5625], "texture": "#0"}
			}
		},
		{
			"from": [9.2, 7.3, 8.2],
			"to": [9.8, 8.1, 8.8],
			"rotation": {"angle": 22.5, "axis": "x", "origin": [0, 0, 0]},
			"faces": {
				"north": {"uv": [2.5, 7, 2.8125, 7.375], "texture": "#0"},
				"east": {"uv": [3, 7, 3.3125, 7.375], "texture": "#0"},
				"south": {"uv": [7, 3, 7.3125, 3.375], "texture": "#0"},
				"west": {"uv": [7, 3.5, 7.3125, 3.875], "texture": "#0"},
				"up": {"uv": [1.3125, 7.8125, 1, 7.5], "texture": "#0"},
				"down": {"uv": [7.8125, 1, 7.5, 1.3125], "texture": "#0"}
			}
		},
		{
			"from": [9.2, 7.37419, 9.54226],
			"to": [9.8, 7.67419, 10.64226],
			"rotation": {"angle": 22.5, "axis": "x", "origin": [0, 3.17419, 1.74226]},
			"faces": {
				"north": {"uv": [8.5, 0.5, 8.8125, 0.625], "texture": "#0"},
				"east": {"uv": [8, 1.5, 8.5625, 1.625], "texture": "#0"},
				"south": {"uv": [1, 8.5, 1.3125, 8.625], "texture": "#0"},
				"west": {"uv": [8, 2, 8.5625, 2.125], "texture": "#0"},
				"up": {"uv": [1.8125, 7.0625, 1.5, 6.5], "texture": "#0"},
				"down": {"uv": [2.3125, 6.5, 2, 7.0625], "texture": "#0"}
			}
		},
		{
			"from": [9.2, 0.73432, 13.23954],
			"to": [9.8, 1.13432, 13.93954],
			"rotation": {"angle": -22.5, "axis": "x", "origin": [0, -3.76568, 5.43954]},
			"faces": {
				"north": {"uv": [5.5, 8, 5.8125, 8.1875], "texture": "#0"},
				"east": {"uv": [3.5, 8, 3.875, 8.1875], "texture": "#0"},
				"south": {"uv": [8, 5.5, 8.3125, 5.6875], "texture": "#0"},
				"west": {"uv": [4.5, 8, 4.875, 8.1875], "texture": "#0"},
				"up": {"uv": [4.3125, 7.375, 4, 7], "texture": "#0"},
				"down": {"uv": [7.3125, 4, 7, 4.375], "texture": "#0"}
			}
		},
		{
			"from": [9.2, -0.16568, 12.93954],
			"to": [9.8, 1.23432, 13.53954],
			"rotation": {"angle": -22.5, "axis": "x", "origin": [0, -3.76568, 5.43954]},
			"faces": {
				"north": {"uv": [5, 5.5, 5.3125, 6.1875], "texture": "#0"},
				"east": {"uv": [5.5, 5, 5.8125, 5.6875], "texture": "#0"},
				"south": {"uv": [2.5, 6, 2.8125, 6.6875], "texture": "#0"},
				"west": {"uv": [3, 6, 3.3125, 6.6875], "texture": "#0"},
				"up": {"uv": [1.8125, 7.8125, 1.5, 7.5], "texture": "#0"},
				"down": {"uv": [7.8125, 1.5, 7.5, 1.8125], "texture": "#0"}
			}
		},
		{
			"from": [9.2, -0.16568, 12.83954],
			"to": [9.8, -0.06568, 12.93954],
			"rotation": {"angle": -22.5, "axis": "x", "origin": [0, -3.76568, 5.43954]},
			"faces": {
				"north": {"uv": [9, 0.5, 9.3125, 0.5625], "texture": "#0"},
				"east": {"uv": [9.5, 7, 9.5625, 7.0625], "texture": "#0"},
				"south": {"uv": [1, 9, 1.3125, 9.0625], "texture": "#0"},
				"west": {"uv": [7.5, 9.5, 7.5625, 9.5625], "texture": "#0"},
				"up": {"uv": [9.3125, 1.0625, 9, 1], "texture": "#0"},
				"down": {"uv": [1.8125, 9, 1.5, 9.0625], "texture": "#0"}
			}
		},
		{
			"from": [9.2, 3.6, 9.8],
			"to": [9.8, 3.7, 10.5],
			"faces": {
				"north": {"uv": [9, 1.5, 9.3125, 1.5625], "texture": "#0"},
				"east": {"uv": [7.5, 8.5, 7.875, 8.5625], "texture": "#0"},
				"south": {"uv": [9, 2, 9.3125, 2.0625], "texture": "#0"},
				"west": {"uv": [8.5, 7.5, 8.875, 7.5625], "texture": "#0"},
				"up": {"uv": [5.3125, 7.375, 5, 7], "texture": "#0"},
				"down": {"uv": [5.8125, 7, 5.5, 7.375], "texture": "#0"}
			}
		},
		{
			"from": [9.4, 3.8, 10.1],
			"to": [9.6, 4.1, 10.2],
			"faces": {
				"north": {"uv": [6.5, 9, 6.625, 9.125], "texture": "#0"},
				"east": {"uv": [9.5, 2.5, 9.5625, 2.625], "texture": "#0"},
				"south": {"uv": [9, 6.5, 9.125, 6.625], "texture": "#0"},
				"west": {"uv": [3, 9.5, 3.0625, 9.625], "texture": "#0"},
				"up": {"uv": [9.625, 3.0625, 9.5, 3], "texture": "#0"},
				"down": {"uv": [3.625, 9.5, 3.5, 9.5625], "texture": "#0"}
			}
		},
		{
			"from": [9.2, 12.07904, 9.62979],
			"to": [9.8, 12.17904, 10.32979],
			"rotation": {"angle": 45, "axis": "x", "origin": [0, 8.47904, -0.17021]},
			"faces": {
				"north": {"uv": [3.5, 9, 3.8125, 9.0625], "texture": "#0"},
				"east": {"uv": [8, 8.5, 8.375, 8.5625], "texture": "#0"},
				"south": {"uv": [4.5, 9, 4.8125, 9.0625], "texture": "#0"},
				"west": {"uv": [8.5, 8, 8.875, 8.0625], "texture": "#0"},
				"up": {"uv": [7.3125, 5.875, 7, 5.5], "texture": "#0"},
				"down": {"uv": [6.3125, 7, 6, 7.375], "texture": "#0"}
			}
		},
		{
			"from": [9.4, 5, 9.6],
			"to": [9.6, 5.1, 10.1],
			"faces": {
				"north": {"uv": [9.5, 3.5, 9.625, 3.5625], "texture": "#0"},
				"east": {"uv": [7, 9, 7.25, 9.0625], "texture": "#0"},
				"south": {"uv": [4, 9.5, 4.125, 9.5625], "texture": "#0"},
				"west": {"uv": [9, 7, 9.25, 7.0625], "texture": "#0"},
				"up": {"uv": [6.625, 8.75, 6.5, 8.5], "texture": "#0"},
				"down": {"uv": [8.625, 6.5, 8.5, 6.75], "texture": "#0"}
			}
		},
		{
			"from": [9.4, 9.21505, 8.80952],
			"to": [9.6, 9.41505, 8.90952],
			"rotation": {"angle": 22.5, "axis": "x", "origin": [0, 4.21505, -1.09048]},
			"faces": {
				"north": {"uv": [7.5, 9, 7.625, 9.125], "texture": "#0"},
				"east": {"uv": [9.5, 4, 9.5625, 4.125], "texture": "#0"},
				"south": {"uv": [9, 7.5, 9.125, 7.625], "texture": "#0"},
				"west": {"uv": [4.5, 9.5, 4.5625, 9.625], "texture": "#0"},
				"up": {"uv": [9.625, 4.5625, 9.5, 4.5], "texture": "#0"},
				"down": {"uv": [5.125, 9.5, 5, 9.5625], "texture": "#0"}
			}
		},
		{
			"from": [9.35, 4.0545, 1.31617],
			"to": [9.65, 4.3545, 7.31617],
			"rotation": {"angle": 0, "axis": "x", "origin": [0, -13.0855, 11.41617]},
			"faces": {
				"north": {"uv": [8, 9, 8.125, 9.125], "texture": "#0"},
				"east": {"uv": [4, 1, 7, 1.125], "texture": "#0"},
				"south": {"uv": [9, 8, 9.125, 8.125], "texture": "#0"},
				"west": {"uv": [4, 1.5, 7, 1.625], "texture": "#0"},
				"up": {"uv": [4.125, 7, 4, 4], "texture": "#0"},
				"down": {"uv": [0.125, 4.5, 0, 7.5], "texture": "#0"}
			}
		},
		{
			"from": [9.3, 4, 1.6],
			"to": [9.7, 4.4, 2],
			"faces": {
				"north": {"uv": [3.5, 8.5, 3.6875, 8.6875], "texture": "#0"},
				"east": {"uv": [4.5, 8.5, 4.6875, 8.6875], "texture": "#0"},
				"south": {"uv": [5, 8.5, 5.1875, 8.6875], "texture": "#0"},
				"west": {"uv": [8.5, 5, 8.6875, 5.1875], "texture": "#0"},
				"up": {"uv": [5.6875, 8.6875, 5.5, 8.5], "texture": "#0"},
				"down": {"uv": [8.6875, 5.5, 8.5, 5.6875], "texture": "#0"}
			}
		},
		{
			"from": [9.4, 4.3, 1.7],
			"to": [9.6, 4.6, 1.9],
			"faces": {
				"north": {"uv": [8.5, 9, 8.625, 9.125], "texture": "#0"},
				"east": {"uv": [9, 8.5, 9.125, 8.625], "texture": "#0"},
				"south": {"uv": [9, 9, 9.125, 9.125], "texture": "#0"},
				"west": {"uv": [0, 9.5, 0.125, 9.625], "texture": "#0"},
				"up": {"uv": [9.625, 0.125, 9.5, 0], "texture": "#0"},
				"down": {"uv": [0.625, 9.5, 0.5, 9.625], "texture": "#0"}
			}
		},
		{
			"from": [9.4, 4.2, 2.6],
			"to": [9.6, 4.5, 8],
			"faces": {
				"north": {"uv": [9.5, 0.5, 9.625, 0.625], "texture": "#0"},
				"east": {"uv": [4.5, 0, 7.1875, 0.125], "texture": "#0"},
				"south": {"uv": [1, 9.5, 1.125, 9.625], "texture": "#0"},
				"west": {"uv": [4.5, 0.5, 7.1875, 0.625], "texture": "#0"},
				"up": {"uv": [0.625, 7.1875, 0.5, 4.5], "texture": "#0"},
				"down": {"uv": [1.125, 4.5, 1, 7.1875], "texture": "#0"}
			}
		},
		{
			"from": [9.3, 4.5, 1],
			"to": [9.7, 4.9, 7.3],
			"faces": {
				"north": {"uv": [6, 8.5, 6.1875, 8.6875], "texture": "#0"},
				"east": {"uv": [1, 0, 4.125, 0.1875], "texture": "#0"},
				"south": {"uv": [8.5, 6, 8.6875, 6.1875], "texture": "#0"},
				"west": {"uv": [1, 0.5, 4.125, 0.6875], "texture": "#0"},
				"up": {"uv": [1.1875, 4.125, 1, 1], "texture": "#0"},
				"down": {"uv": [1.6875, 1, 1.5, 4.125], "texture": "#0"}
			}
		},
		{
			"from": [9.25, 3.8545, 2.51617],
			"to": [9.75, 4.6545, 5.61617],
			"rotation": {"angle": 0, "axis": "y", "origin": [0, -13.0855, 11.41617]},
			"faces": {
				"north": {"uv": [7.5, 6.5, 7.75, 6.875], "texture": "#0"},
				"east": {"uv": [2, 1, 3.5625, 1.375], "texture": "#0"},
				"south": {"uv": [7, 7.5, 7.25, 7.875], "texture": "#0"},
				"west": {"uv": [2, 1.5, 3.5625, 1.875], "texture": "#0"},
				"up": {"uv": [3.25, 5.5625, 3, 4], "texture": "#0"},
				"down": {"uv": [3.75, 4, 3.5, 5.5625], "texture": "#0"}
			}
		},
		{
			"from": [9.35, 3.7545, 2.51617],
			"to": [9.65, 3.8545, 5.61617],
			"rotation": {"angle": 0, "axis": "y", "origin": [0, -13.0855, 11.41617]},
			"faces": {
				"north": {"uv": [9.5, 5, 9.625, 5.0625], "texture": "#0"},
				"east": {"uv": [7.5, 2.5, 9.0625, 2.5625], "texture": "#0"},
				"south": {"uv": [5.5, 9.5, 5.625, 9.5625], "texture": "#0"},
				"west": {"uv": [7.5, 3, 9.0625, 3.0625], "texture": "#0"},
				"up": {"uv": [3.625, 7.5625, 3.5, 6], "texture": "#0"},
				"down": {"uv": [6.125, 4, 6, 5.5625], "texture": "#0"}
			}
		},
		{
			"from": [24.29623, 2.07537, 2.51617],
			"to": [24.43623, 2.17537, 5.61617],
			"rotation": {"angle": 45, "axis": "z", "origin": [14.94623, -14.76463, 11.41617]},
			"faces": {
				"north": {"uv": [9.5, 7.5, 9.5625, 7.5625], "texture": "#0"},
				"east": {"uv": [7.5, 3.5, 9.0625, 3.5625], "texture": "#0"},
				"south": {"uv": [8, 9.5, 8.0625, 9.5625], "texture": "#0"},
				"west": {"uv": [7.5, 4, 9.0625, 4.0625], "texture": "#0"},
				"up": {"uv": [2.0625, 9.0625, 2, 7.5], "texture": "#0"},
				"down": {"uv": [2.5625, 7.5, 2.5, 9.0625], "texture": "#0"}
			}
		},
		{
			"from": [-5.43623, 2.07537, 2.51617],
			"to": [-5.29623, 2.17537, 5.61617],
			"rotation": {"angle": -45, "axis": "z", "origin": [4.05377, -14.76463, 11.41617]},
			"faces": {
				"north": {"uv": [9.5, 8, 9.5625, 8.0625], "texture": "#0"},
				"east": {"uv": [7.5, 4.5, 9.0625, 4.5625], "texture": "#0"},
				"south": {"uv": [8.5, 9.5, 8.5625, 9.5625], "texture": "#0"},
				"west": {"uv": [5, 7.5, 6.5625, 7.5625], "texture": "#0"},
				"up": {"uv": [3.0625, 9.0625, 3, 7.5], "texture": "#0"},
				"down": {"uv": [4.0625, 7.5, 4, 9.0625], "texture": "#0"}
			}
		},
		{
			"from": [9.4, 4.9, 1.2],
			"to": [9.6, 5, 1.9],
			"faces": {
				"north": {"uv": [9.5, 5.5, 9.625, 5.5625], "texture": "#0"},
				"east": {"uv": [8.5, 8.5, 8.875, 8.5625], "texture": "#0"},
				"south": {"uv": [6, 9.5, 6.125, 9.5625], "texture": "#0"},
				"west": {"uv": [0, 9, 0.375, 9.0625], "texture": "#0"},
				"up": {"uv": [7.625, 8.375, 7.5, 8], "texture": "#0"},
				"down": {"uv": [8.125, 7.5, 8, 7.875], "texture": "#0"}
			}
		},
		{
			"from": [9.4, 5, 1.2],
			"to": [9.6, 5.1, 1.3],
			"faces": {
				"north": {"uv": [9.5, 6, 9.625, 6.0625], "texture": "#0"},
				"east": {"uv": [9.5, 8.5, 9.5625, 8.5625], "texture": "#0"},
				"south": {"uv": [6.5, 9.5, 6.625, 9.5625], "texture": "#0"},
				"west": {"uv": [9, 9.5, 9.0625, 9.5625], "texture": "#0"},
				"up": {"uv": [9.625, 6.5625, 9.5, 6.5], "texture": "#0"},
				"down": {"uv": [7.125, 9.5, 7, 9.5625], "texture": "#0"}
			}
		},
		{
			"from": [10.35, 3.4545, 7.81617],
			"to": [10.65, 3.7545, 9.01617],
			"rotation": {"angle": 0, "axis": "y", "origin": [0, -13.0855, 11.41617]},
			"faces": {
				"north": {"uv": [1, 2, 1.25, 2.25], "texture": "#1"},
				"east": {"uv": [0, 0, 1.25, 0.25], "texture": "#1"},
				"south": {"uv": [2, 2, 2.25, 2.25], "texture": "#1"},
				"west": {"uv": [0, 1, 1.25, 1.25], "texture": "#1"},
				"up": {"uv": [0.25, 3.25, 0, 2], "texture": "#1"},
				"down": {"uv": [2.25, 0, 2, 1.25], "texture": "#1"}
			}
		}
	],
	"display": {
		"thirdperson_righthand": {
			"translation": [-2.75, 7.75, -2.25],
			"scale": [1.8, 1.8, 1.8]
		},
		"thirdperson_lefthand": {
			"scale": [0, 0, 0]
		},
		"firstperson_righthand": {
			"rotation": [0, 0, -150],
			"translation": [2.5, 8.5, 0.75],
			"scale": [1.5, 1.5, 1.5]
		},
		"firstperson_lefthand": {
			"rotation": [0, 455.5, 0],
			"translation": [-9.5, 12, 2]
		},
		"ground": {
			"translation": [0, 2, 0],
			"scale": [1.5, 1.5, 1.5]
		},
		"gui": {
			"rotation": [21.5, 55.25, 0],
			"translation": [-1.5, 5.25, 0],
			"scale": [1.3, 1.3, 1.3]
		}
	},
	"groups": [
		{
			"name": "M1014",
			"origin": [8, 8, 8],
			"color": 0,
			"children": [
				{
					"name": "wei",
					"origin": [8, 8, 8],
					"color": 0,
					"children": [0, 1, 2, 3, 4, 5, 6, 7, 8, 9, 10]
				},
				{
					"name": "main",
					"origin": [8, 8, 8],
					"color": 0,
					"children": [11, 12, 13, 14, 15, 16, 17, 18, 19, 20, 21, 22, 23]
				},
				{
					"name": "head",
					"origin": [8, 8, 8],
					"color": 0,
					"children": [24, 25, 26, 27, 28, 29, 30, 31, 32, 33, 34]
				}
			]
		}, 35]
}