{
	"credit": "Made with Blockbench",
	"texture_size": [128, 128],
	"textures": {
		"main": "nw:stand/base/aerosmith"
	},
	"elements": [
		{
			"from": [6, 3, -0.45],
			"to": [10, 7, 1.55],
			"rotation": {"angle": 0, "axis": "y", "origin": [0, 0, -0.4]},
			"faces": {
				"north": {"uv": [9, 0.625, 9.25, 0.875], "texture": "#main"},
				"east": {"uv": [8.875, 2, 9, 2.25], "texture": "#main"},
				"south": {"uv": [9, 0.9375, 9.25, 1.1875], "texture": "#main"},
				"west": {"uv": [9.0625, 2, 9.1875, 2.25], "texture": "#main"},
				"up": {"uv": [9.5, 2.125, 9.25, 2], "texture": "#main"},
				"down": {"uv": [10.3125, 1.25, 10.0625, 1.375], "texture": "#main"}
			}
		},
		{
			"from": [7.05, 4.01303, -1.4],
			"to": [8.95, 5.91303, -0.5],
			"rotation": {"angle": 0, "axis": "z", "origin": [8.01849, 4.98151, -0.66667]},
			"faces": {
				"north": {"uv": [9.3125, 1, 9.4375, 1.125], "rotation": 90, "texture": "#main"},
				"east": {"uv": [11.3125, 3.0625, 11.1875, 3.125], "rotation": 270, "texture": "#main"},
				"south": {"uv": [10.25, 2.625, 10.375, 2.75], "rotation": 270, "texture": "#main"},
				"west": {"uv": [10.6875, 0.75, 10.5625, 0.6875], "rotation": 270, "texture": "#main"},
				"up": {"uv": [8.375, 3.3125, 8.4375, 3.4375], "rotation": 270, "texture": "#main"},
				"down": {"uv": [8.625, 3.3125, 8.6875, 3.4375], "rotation": 270, "texture": "#main"}
			}
		},
		{
			"from": [6.9, 3.86303, -1.05],
			"to": [9.1, 6.06303, -0.35],
			"rotation": {"angle": 0, "axis": "z", "origin": [8.01849, 4.98151, -0.66667]},
			"faces": {
				"north": {"uv": [12.28125, 0.3125, 12.40625, 0.4375], "rotation": 90, "texture": "#main"},
				"east": {"uv": [12.42188, 1.10938, 12.29688, 1.17188], "rotation": 270, "texture": "#main"},
				"south": {"uv": [12.28125, 0.71875, 12.40625, 0.84375], "rotation": 270, "texture": "#main"},
				"west": {"uv": [12.39063, 1, 12.26563, 0.9375], "rotation": 270, "texture": "#main"},
				"up": {"uv": [12.20313, 0.5, 12.26563, 0.625], "rotation": 270, "texture": "#main"},
				"down": {"uv": [12.45313, 0.5, 12.51563, 0.625], "rotation": 270, "texture": "#main"}
			}
		},
		{
			"from": [5.9, 2.9, 1.2],
			"to": [10.1, 7.1, 1.9],
			"rotation": {"angle": 0, "axis": "y", "origin": [0, 0, -0.4]},
			"faces": {
				"north": {"uv": [9.125, 0, 9.375, 0.25], "texture": "#main"},
				"east": {"uv": [11.3125, 0.625, 11.34375, 0.875], "texture": "#main"},
				"south": {"uv": [9.125, 0.3125, 9.375, 0.5625], "texture": "#main"},
				"west": {"uv": [8.75, 3.3125, 8.78125, 3.5625], "texture": "#main"},
				"up": {"uv": [11.5, 0.28125, 11.25, 0.25], "texture": "#main"},
				"down": {"uv": [11.5625, 0.9375, 11.3125, 0.96875], "texture": "#main"}
			}
		},
		{
			"from": [5.8, 2.8, 1.8],
			"to": [10.2, 7.2, 13.2],
			"faces": {
				"north": {"uv": [8.625, 1.25, 8.875, 1.5], "texture": "#main"},
				"east": {"uv": [8, 0, 8.6875, 0.25], "texture": "#main"},
				"south": {"uv": [8.9375, 1.25, 9.1875, 1.5], "texture": "#main"},
				"west": {"uv": [8, 0.3125, 8.6875, 0.5625], "texture": "#main"},
				"up": {"uv": [8.25, 1.3125, 8, 0.625], "texture": "#main"},
				"down": {"uv": [8.5625, 0.625, 8.3125, 1.3125], "texture": "#main"}
			}
		},
		{
			"from": [5.8, 4.8, 13.2],
			"to": [10.2, 7.2, 17.1],
			"rotation": {"angle": 0, "axis": "y", "origin": [0, 0, 0.4]},
			"faces": {
				"north": {"uv": [10.0625, 1.4375, 10.3125, 1.5625], "texture": "#main"},
				"east": {"uv": [9.4375, 2.25, 9.65625, 2.375], "texture": "#main"},
				"south": {"uv": [9.5625, 2.0625, 9.8125, 2.1875], "texture": "#main"},
				"west": {"uv": [10.3125, 0.375, 10.53125, 0.5], "texture": "#main"},
				"up": {"uv": [8.25, 1.59375, 8, 1.375], "texture": "#main"},
				"down": {"uv": [8.5625, 1.375, 8.3125, 1.59375], "texture": "#main"}
			}
		},
		{
			"from": [5.8, 1.91317, 12.15901],
			"to": [10.2, 3.31317, 15.30901],
			"rotation": {"angle": -45, "axis": "x", "origin": [8, 3.61317, 11.60901]},
			"faces": {
				"north": {"uv": [10.6875, 2.3125, 10.9375, 2.375], "texture": "#main"},
				"east": {"uv": [11, 2.0625, 11.17188, 2.125], "texture": "#main"},
				"south": {"uv": [10.75, 0.875, 11, 0.9375], "texture": "#main"},
				"west": {"uv": [11, 2.1875, 11.17188, 2.25], "texture": "#main"},
				"up": {"uv": [8.875, 1.73438, 8.625, 1.5625], "texture": "#main"},
				"down": {"uv": [9.8125, 0.625, 9.5625, 0.79688], "texture": "#main"}
			}
		},
		{
			"from": [7.6, 2.1, 5.1],
			"to": [8.4, 2.9, 6.65],
			"faces": {
				"north": {"uv": [8.25, 1.875, 8.3125, 1.9375], "texture": "#main"},
				"east": {"uv": [11.375, 0, 11.48438, 0.0625], "texture": "#main"},
				"south": {"uv": [8.5, 2, 8.5625, 2.0625], "texture": "#main"},
				"west": {"uv": [11.375, 0.125, 11.48438, 0.1875], "texture": "#main"},
				"up": {"uv": [10.1875, 3.42188, 10.125, 3.3125], "texture": "#main"},
				"down": {"uv": [11.4375, 1.9375, 11.375, 2.04688], "texture": "#main"}
			}
		},
		{
			"from": [7.3, 0.7, 3.8],
			"to": [8.7, 2.1, 8.2],
			"faces": {
				"north": {"uv": [10, 0.5, 10.0625, 0.5625], "texture": "#main"},
				"east": {"uv": [10.75, 1, 11, 1.0625], "texture": "#main"},
				"south": {"uv": [10.5625, 1.9375, 10.625, 2], "texture": "#main"},
				"west": {"uv": [9.9375, 2.75, 10.1875, 2.8125], "texture": "#main"},
				"up": {"uv": [9.625, 2.875, 9.5625, 2.625], "texture": "#main"},
				"down": {"uv": [8.6875, 2.6875, 8.625, 2.9375], "texture": "#main"}
			}
		},
		{
			"from": [7.4, 0.8, 3.55],
			"to": [8.6, 2, 4],
			"rotation": {"angle": 0, "axis": "y", "origin": [0, 0, 0.05]},
			"faces": {
				"north": {"uv": [11.5625, 1.8125, 11.625, 1.875], "texture": "#main"},
				"east": {"uv": [11.625, 3.9375, 11.64063, 4], "texture": "#main"},
				"south": {"uv": [11.5625, 2.25, 11.625, 2.3125], "texture": "#main"},
				"west": {"uv": [11.75, 3.9375, 11.76563, 4], "texture": "#main"},
				"up": {"uv": [11.9375, 3.95313, 11.875, 3.9375], "texture": "#main"},
				"down": {"uv": [12.0625, 0, 12, 0.01563], "texture": "#main"}
			}
		},
		{
			"from": [6.85, 1.15, 6.8],
			"to": [7.3, 1.85, 8.5],
			"rotation": {"angle": 0, "axis": "y", "origin": [0, 0, 0.05]},
			"faces": {
				"north": {"uv": [8.875, 4.0625, 8.89063, 4.09375], "texture": "#main"},
				"east": {"uv": [8.875, 3.6875, 8.96875, 3.71875], "texture": "#main"},
				"south": {"uv": [9, 4.0625, 9.01563, 4.09375], "texture": "#main"},
				"west": {"uv": [11.6875, 1.125, 11.78125, 1.15625], "texture": "#main"},
				"up": {"uv": [9.51563, 3.96875, 9.5, 3.875], "texture": "#main"},
				"down": {"uv": [9.64063, 3.875, 9.625, 3.96875], "texture": "#main"}
			}
		},
		{
			"from": [8.7, 1.15, 6.8],
			"to": [9.15, 1.85, 8.5],
			"rotation": {"angle": 0, "axis": "y", "origin": [8, 1.5, 8.05]},
			"faces": {
				"north": {"uv": [9.5, 4.0625, 9.51563, 4.09375], "texture": "#main"},
				"east": {"uv": [11.6875, 1.25, 11.78125, 1.28125], "texture": "#main"},
				"south": {"uv": [12.0625, 1.5, 12.07813, 1.53125], "texture": "#main"},
				"west": {"uv": [11.6875, 1.375, 11.78125, 1.40625], "texture": "#main"},
				"up": {"uv": [10.14063, 3.96875, 10.125, 3.875], "texture": "#main"},
				"down": {"uv": [10.26563, 3.875, 10.25, 3.96875], "texture": "#main"}
			}
		},
		{
			"from": [7.65, 0.25, 6.8],
			"to": [8.35, 0.7, 8.5],
			"rotation": {"angle": 0, "axis": "y", "origin": [8, 1.5, 8.05]},
			"faces": {
				"north": {"uv": [9.625, 4.0625, 9.65625, 4.07813], "texture": "#main"},
				"east": {"uv": [11.875, 1.9375, 11.96875, 1.95313], "texture": "#main"},
				"south": {"uv": [12.0625, 1.625, 12.09375, 1.64063], "texture": "#main"},
				"west": {"uv": [10.625, 3.875, 10.71875, 3.89063], "texture": "#main"},
				"up": {"uv": [9.78125, 3.71875, 9.75, 3.625], "texture": "#main"},
				"down": {"uv": [8.40625, 3.6875, 8.375, 3.78125], "texture": "#main"}
			}
		},
		{
			"from": [7.65, 2.1, 6.8],
			"to": [8.35, 2.55, 8.5],
			"rotation": {"angle": 0, "axis": "y", "origin": [8, 1.5, 8.05]},
			"faces": {
				"north": {"uv": [9.75, 4.0625, 9.78125, 4.07813], "texture": "#main"},
				"east": {"uv": [11.0625, 3.875, 11.15625, 3.89063], "texture": "#main"},
				"south": {"uv": [12.0625, 1.75, 12.09375, 1.76563], "texture": "#main"},
				"west": {"uv": [11.875, 3.8125, 11.96875, 3.82813], "texture": "#main"},
				"up": {"uv": [8.65625, 3.78125, 8.625, 3.6875], "texture": "#main"},
				"down": {"uv": [11.71875, 1.5, 11.6875, 1.59375], "texture": "#main"}
			}
		},
		{
			"from": [6.75, 7.75, 4],
			"to": [9.25, 9.75, 7],
			"faces": {
				"north": {"uv": [8, 2.375, 8.15625, 2.5], "texture": "#main"},
				"east": {"uv": [9.75, 2.3125, 9.9375, 2.4375], "texture": "#main"},
				"south": {"uv": [10.375, 1.1875, 10.53125, 1.3125], "texture": "#main"},
				"west": {"uv": [10.3125, 1.875, 10.5, 2], "texture": "#main"},
				"up": {"uv": [10.03125, 2.25, 9.875, 2.0625], "texture": "#main"},
				"down": {"uv": [8.15625, 2.125, 8, 2.3125], "texture": "#main"}
			}
		},
		{
			"from": [6.75, 7.75, 3.25],
			"to": [9.25, 9.75, 4],
			"faces": {
				"north": {"uv": [10.375, 1.375, 10.53125, 1.5], "texture": "#main"},
				"east": {"uv": [11.4375, 1.375, 11.48438, 1.5], "texture": "#main"},
				"south": {"uv": [10, 2.375, 10.15625, 2.5], "texture": "#main"},
				"west": {"uv": [9.625, 3.4375, 9.67188, 3.5625], "texture": "#main"},
				"up": {"uv": [9.40625, 3.35938, 9.25, 3.3125], "texture": "#main"},
				"down": {"uv": [9.78125, 3.3125, 9.625, 3.35938], "texture": "#main"}
			}
		},
		{
			"from": [6.75, 7.75, 7],
			"to": [9.25, 9.75, 7.75],
			"faces": {
				"north": {"uv": [10.4375, 0, 10.59375, 0.125], "texture": "#main"},
				"east": {"uv": [9.75, 3.4375, 9.79688, 3.5625], "texture": "#main"},
				"south": {"uv": [10.4375, 0.1875, 10.59375, 0.3125], "texture": "#main"},
				"west": {"uv": [11.4375, 1.75, 11.48438, 1.875], "texture": "#main"},
				"up": {"uv": [11.46875, 1.67188, 11.3125, 1.625], "texture": "#main"},
				"down": {"uv": [10.65625, 3.3125, 10.5, 3.35938], "texture": "#main"}
			}
		},
		{
			"from": [6.65, 7.65, 3.65],
			"to": [9.35, 9.85, 4.1],
			"faces": {
				"north": {"uv": [9.4375, 2.4375, 9.59375, 2.5625], "texture": "#main"},
				"east": {"uv": [11.8125, 1.75, 11.82813, 1.875], "texture": "#main"},
				"south": {"uv": [10.25, 2.4375, 10.40625, 2.5625], "texture": "#main"},
				"west": {"uv": [10, 3.8125, 10.01563, 3.9375], "texture": "#main"},
				"up": {"uv": [11.90625, 0.76563, 11.75, 0.75], "texture": "#main"},
				"down": {"uv": [11.90625, 0.875, 11.75, 0.89063], "texture": "#main"}
			}
		},
		{
			"from": [6.65, 7.65, 6.9],
			"to": [9.35, 9.85, 7.35],
			"faces": {
				"north": {"uv": [8.25, 2.5, 8.40625, 2.625], "texture": "#main"},
				"east": {"uv": [10.375, 3.8125, 10.39063, 3.9375], "texture": "#main"},
				"south": {"uv": [8.5, 2.5, 8.65625, 2.625], "texture": "#main"},
				"west": {"uv": [11.8125, 2.4375, 11.82813, 2.5625], "texture": "#main"},
				"up": {"uv": [9.40625, 3.76563, 9.25, 3.75], "texture": "#main"},
				"down": {"uv": [9.65625, 3.75, 9.5, 3.76563], "texture": "#main"}
			}
		},
		{
			"from": [6.5, 7, 3],
			"to": [9.5, 8, 8],
			"faces": {
				"north": {"uv": [9.5625, 0.875, 9.75, 0.9375], "texture": "#main"},
				"east": {"uv": [10.5, 2.4375, 10.8125, 2.5], "texture": "#main"},
				"south": {"uv": [9.8125, 1.5, 10, 1.5625], "texture": "#main"},
				"west": {"uv": [10.5625, 0.5625, 10.875, 0.625], "texture": "#main"},
				"up": {"uv": [9.4375, 1.5625, 9.25, 1.25], "texture": "#main"},
				"down": {"uv": [9.5, 0.625, 9.3125, 0.9375], "texture": "#main"}
			}
		},
		{
			"from": [8.40656, 4.48151, -0.7],
			"to": [10.40656, 5.48151, -0.45],
			"rotation": {"angle": 45, "axis": "z", "origin": [8.01849, 4.98151, -0.66667]},
			"faces": {
				"north": {"uv": [8.875, 3.3125, 8.9375, 3.4375], "rotation": 90, "texture": "#main"},
				"east": {"uv": [12.0625, 0.125, 12, 0.14063], "rotation": 270, "texture": "#main"},
				"south": {"uv": [11.3125, 1.1875, 11.375, 1.3125], "rotation": 270, "texture": "#main"},
				"west": {"uv": [8.1875, 4.01563, 8.125, 4], "rotation": 270, "texture": "#main"},
				"up": {"uv": [10.5, 3.8125, 10.51563, 3.9375], "rotation": 270, "texture": "#main"},
				"down": {"uv": [11.8125, 2.625, 11.82813, 2.75], "rotation": 270, "texture": "#main"}
			}
		},
		{
			"from": [7.50656, 4.58151, -0.65],
			"to": [12.30656, 5.38151, -0.55],
			"rotation": {"angle": 45, "axis": "z", "origin": [8.01849, 4.98151, -0.66667]},
			"faces": {
				"north": {"uv": [9.125, 2.3125, 9.1875, 2.625], "rotation": 90, "texture": "#main"},
				"east": {"uv": [12.0625, 0.25, 12, 0.26563], "rotation": 270, "texture": "#main"},
				"south": {"uv": [8.75, 2.5, 8.8125, 2.8125], "rotation": 270, "texture": "#main"},
				"west": {"uv": [8.3125, 4.01563, 8.25, 4], "rotation": 270, "texture": "#main"},
				"up": {"uv": [9.125, 3.5, 9.14063, 3.8125], "rotation": 270, "texture": "#main"},
				"down": {"uv": [10.125, 3.5, 10.14063, 3.8125], "rotation": 270, "texture": "#main"}
			}
		},
		{
			"from": [3.50656, 4.58151, -0.65],
			"to": [8.30656, 5.38151, -0.55],
			"rotation": {"angle": 45, "axis": "z", "origin": [8.01849, 4.98151, -0.66667]},
			"faces": {
				"north": {"uv": [9.6875, 2.5, 9.75, 2.8125], "rotation": 90, "texture": "#main"},
				"east": {"uv": [12.0625, 0.375, 12, 0.39063], "rotation": 270, "texture": "#main"},
				"south": {"uv": [9.8125, 2.5, 9.875, 2.8125], "rotation": 270, "texture": "#main"},
				"west": {"uv": [8.4375, 4.01563, 8.375, 4], "rotation": 270, "texture": "#main"},
				"up": {"uv": [8, 3.5625, 8.01563, 3.875], "rotation": 270, "texture": "#main"},
				"down": {"uv": [11.5625, 0, 11.57813, 0.3125], "rotation": 270, "texture": "#main"}
			}
		},
		{
			"from": [5.40656, 4.48151, -0.7],
			"to": [8.40656, 5.48151, -0.45],
			"rotation": {"angle": 45, "axis": "z", "origin": [8.01849, 4.98151, -0.66667]},
			"faces": {
				"north": {"uv": [8.5, 2.875, 8.5625, 3.0625], "rotation": 90, "texture": "#main"},
				"east": {"uv": [8.6875, 4, 8.625, 4.01563], "rotation": 270, "texture": "#main"},
				"south": {"uv": [10.6875, 2.875, 10.75, 3.0625], "rotation": 270, "texture": "#main"},
				"west": {"uv": [8.5625, 4.01563, 8.5, 4], "rotation": 270, "texture": "#main"},
				"up": {"uv": [11.6875, 1.6875, 11.70313, 1.875], "rotation": 270, "texture": "#main"},
				"down": {"uv": [9.875, 3.6875, 9.89063, 3.875], "rotation": 270, "texture": "#main"}
			}
		},
		{
			"from": [5.15, 3.65, 2.65],
			"to": [6.85, 5.85, 7.6],
			"rotation": {"angle": 22.5, "axis": "z", "origin": [4.5, 4, 3]},
			"faces": {
				"north": {"uv": [10.9375, 1.125, 11.03125, 1.25], "texture": "#main"},
				"east": {"uv": [8.9375, 1.625, 9.23438, 1.75], "texture": "#main"},
				"south": {"uv": [9.25, 2.9375, 9.34375, 3.0625], "texture": "#main"},
				"west": {"uv": [9.3125, 1.625, 9.60938, 1.75], "texture": "#main"},
				"up": {"uv": [8.59375, 2.42188, 8.5, 2.125], "texture": "#main"},
				"down": {"uv": [10.21875, 0.5, 10.125, 0.79688], "texture": "#main"}
			}
		},
		{
			"from": [2, 3.25, 3.25],
			"to": [5.5, 4.5, 7.25],
			"rotation": {"angle": 22.5, "axis": "z", "origin": [3, 4, 4]},
			"faces": {
				"north": {"uv": [8, 2.6875, 8.21875, 2.76563], "texture": "#main"},
				"east": {"uv": [10.5625, 1.5625, 10.8125, 1.64063], "texture": "#main"},
				"south": {"uv": [10.6875, 0, 10.90625, 0.07813], "texture": "#main"},
				"west": {"uv": [10.5625, 1.75, 10.8125, 1.82813], "texture": "#main"},
				"up": {"uv": [9.65625, 0.25, 9.4375, 0], "texture": "#main"},
				"down": {"uv": [9.65625, 0.3125, 9.4375, 0.5625], "texture": "#main"}
			}
		},
		{
			"from": [2, 3.25, 3],
			"to": [5.5, 4, 3.25],
			"rotation": {"angle": 22.5, "axis": "z", "origin": [3, 4, 4]},
			"faces": {
				"north": {"uv": [9, 3.125, 9.21875, 3.17188], "texture": "#main"},
				"east": {"uv": [12, 1.125, 12.01563, 1.17188], "texture": "#main"},
				"south": {"uv": [11.125, 1.0625, 11.34375, 1.10938], "texture": "#main"},
				"west": {"uv": [9.25, 4, 9.26563, 4.04688], "texture": "#main"},
				"up": {"uv": [11.90625, 0.01563, 11.6875, 0], "texture": "#main"},
				"down": {"uv": [11.90625, 0.125, 11.6875, 0.14063], "texture": "#main"}
			}
		},
		{
			"from": [-2.75, 2.25, 3.25],
			"to": [1.75, 3.5, 7.25],
			"rotation": {"angle": -22.5, "axis": "z", "origin": [3, 4, 4]},
			"faces": {
				"north": {"uv": [10.3125, 2.0625, 10.59375, 2.14063], "texture": "#main"},
				"east": {"uv": [9.9375, 2.5625, 10.1875, 2.64063], "texture": "#main"},
				"south": {"uv": [10.3125, 2.25, 10.59375, 2.32813], "texture": "#main"},
				"west": {"uv": [10.5, 2.5625, 10.75, 2.64063], "texture": "#main"},
				"up": {"uv": [8.90625, 0.875, 8.625, 0.625], "texture": "#main"},
				"down": {"uv": [9.03125, 0, 8.75, 0.25], "texture": "#main"}
			}
		},
		{
			"from": [-2.75, 2.25, 3],
			"to": [1.75, 3, 3.25],
			"rotation": {"angle": -22.5, "axis": "z", "origin": [3, 4, 4]},
			"faces": {
				"north": {"uv": [10.4375, 2.75, 10.71875, 2.79688], "texture": "#main"},
				"east": {"uv": [12, 1.25, 12.01563, 1.29688], "texture": "#main"},
				"south": {"uv": [9.1875, 2.8125, 9.46875, 2.85938], "texture": "#main"},
				"west": {"uv": [9.375, 4, 9.39063, 4.04688], "texture": "#main"},
				"up": {"uv": [11.71875, 2.95313, 11.4375, 2.9375], "texture": "#main"},
				"down": {"uv": [11.78125, 1.9375, 11.5, 1.95313], "texture": "#main"}
			}
		},
		{
			"from": [-5.26903, 2.15433, 3.5],
			"to": [-2.76903, 3.40433, 7],
			"rotation": {"angle": -22.5, "axis": "z", "origin": [3.23097, 3.90433, 4]},
			"faces": {
				"north": {"uv": [10.8125, 2.8125, 10.96875, 2.89063], "texture": "#main"},
				"east": {"uv": [10.6875, 0.1875, 10.90625, 0.26563], "texture": "#main"},
				"south": {"uv": [8, 2.875, 8.15625, 2.95313], "texture": "#main"},
				"west": {"uv": [8.3125, 2.6875, 8.53125, 2.76563], "texture": "#main"},
				"up": {"uv": [8.53125, 1.90625, 8.375, 1.6875], "texture": "#main"},
				"down": {"uv": [9.90625, 0, 9.75, 0.21875], "texture": "#main"}
			}
		},
		{
			"from": [-7.41903, 2.25433, 4.1],
			"to": [-5.11903, 3.30433, 6.4],
			"rotation": {"angle": -22.5, "axis": "z", "origin": [3.23097, 3.90433, 4]},
			"faces": {
				"north": {"uv": [8.25, 2.875, 8.40625, 2.95313], "texture": "#main"},
				"east": {"uv": [8.75, 2.875, 8.90625, 2.95313], "texture": "#main"},
				"south": {"uv": [10.875, 1.5625, 11.03125, 1.64063], "texture": "#main"},
				"west": {"uv": [9.6875, 2.875, 9.84375, 2.95313], "texture": "#main"},
				"up": {"uv": [8.40625, 2.40625, 8.25, 2.25], "texture": "#main"},
				"down": {"uv": [10.46875, 0.5625, 10.3125, 0.71875], "texture": "#main"}
			}
		},
		{
			"from": [-5.26903, 2.15433, 3.25],
			"to": [-2.76903, 2.90433, 3.5],
			"rotation": {"angle": -22.5, "axis": "z", "origin": [3.23097, 3.90433, 4]},
			"faces": {
				"north": {"uv": [11.3125, 2.8125, 11.46875, 2.85938], "texture": "#main"},
				"east": {"uv": [12, 1.375, 12.01563, 1.42188], "texture": "#main"},
				"south": {"uv": [11.0625, 3.3125, 11.21875, 3.35938], "texture": "#main"},
				"west": {"uv": [10, 4, 10.01563, 4.04688], "texture": "#main"},
				"up": {"uv": [11.90625, 3.70313, 11.75, 3.6875], "texture": "#main"},
				"down": {"uv": [8.90625, 3.8125, 8.75, 3.82813], "texture": "#main"}
			}
		},
		{
			"from": [1, 2.75, 2.75],
			"to": [2.5, 4.5, 7.5],
			"rotation": {"angle": 0, "axis": "y", "origin": [3, 4, 4]},
			"faces": {
				"north": {"uv": [11.125, 1.1875, 11.21875, 1.29688], "texture": "#main"},
				"east": {"uv": [8.875, 1.8125, 9.17188, 1.92188], "texture": "#main"},
				"south": {"uv": [9.3125, 3.125, 9.40625, 3.23438], "texture": "#main"},
				"west": {"uv": [9.8125, 0.875, 10.10938, 0.98438], "texture": "#main"},
				"up": {"uv": [8.78125, 2.42188, 8.6875, 2.125], "texture": "#main"},
				"down": {"uv": [10.21875, 1.625, 10.125, 1.92188], "texture": "#main"}
			}
		},
		{
			"from": [8.84552, 4.75, 2.65],
			"to": [10.54552, 6.95, 7.6],
			"rotation": {"angle": -22.5, "axis": "z", "origin": [8.5, 4, 5]},
			"faces": {
				"north": {"uv": [10.9375, 1.3125, 11.03125, 1.4375], "texture": "#main"},
				"east": {"uv": [8, 1.6875, 8.29688, 1.8125], "texture": "#main"},
				"south": {"uv": [9.4375, 2.9375, 9.53125, 3.0625], "texture": "#main"},
				"west": {"uv": [9.6875, 1.625, 9.98438, 1.75], "texture": "#main"},
				"up": {"uv": [10.21875, 2.29688, 10.125, 2], "texture": "#main"},
				"down": {"uv": [10.28125, 0.875, 10.1875, 1.17188], "texture": "#main"}
			}
		},
		{
			"from": [10.08134, 4.9, 3.25],
			"to": [13.58134, 6.15, 7.25],
			"rotation": {"angle": -22.5, "axis": "z", "origin": [8.5, 4, 5]},
			"faces": {
				"north": {"uv": [8.875, 2.6875, 9.09375, 2.76563], "texture": "#main"},
				"east": {"uv": [10.625, 0.375, 10.875, 0.45313], "texture": "#main"},
				"south": {"uv": [10.6875, 1.9375, 10.90625, 2.01563], "texture": "#main"},
				"west": {"uv": [10.625, 1.1875, 10.875, 1.26563], "texture": "#main"},
				"up": {"uv": [9.71875, 1.25, 9.5, 1], "texture": "#main"},
				"down": {"uv": [9.71875, 1.3125, 9.5, 1.5625], "texture": "#main"}
			}
		},
		{
			"from": [10.08134, 4.9, 3],
			"to": [13.58134, 5.65, 3.25],
			"rotation": {"angle": -22.5, "axis": "z", "origin": [8.5, 4, 5]},
			"faces": {
				"north": {"uv": [11.125, 1.375, 11.34375, 1.42188], "texture": "#main"},
				"east": {"uv": [10.375, 4, 10.39063, 4.04688], "texture": "#main"},
				"south": {"uv": [11.125, 1.5, 11.34375, 1.54688], "texture": "#main"},
				"west": {"uv": [10.5, 4, 10.51563, 4.04688], "texture": "#main"},
				"up": {"uv": [11.90625, 0.26563, 11.6875, 0.25], "texture": "#main"},
				"down": {"uv": [11.90625, 1, 11.6875, 1.01563], "texture": "#main"}
			}
		},
		{
			"from": [13.83134, 0.5, 3.25],
			"to": [18.33134, 1.75, 7.25],
			"rotation": {"angle": 22.5, "axis": "z", "origin": [8.5, 4, 5]},
			"faces": {
				"north": {"uv": [10.375, 0.8125, 10.65625, 0.89063], "texture": "#main"},
				"east": {"uv": [9.25, 2.625, 9.5, 2.70313], "texture": "#main"},
				"south": {"uv": [10.375, 1, 10.65625, 1.07813], "texture": "#main"},
				"west": {"uv": [10.625, 1.375, 10.875, 1.45313], "texture": "#main"},
				"up": {"uv": [9.03125, 0.5625, 8.75, 0.3125], "texture": "#main"},
				"down": {"uv": [8.90625, 0.9375, 8.625, 1.1875], "texture": "#main"}
			}
		},
		{
			"from": [13.83134, 0.5, 3],
			"to": [18.33134, 1.25, 3.25],
			"rotation": {"angle": 22.5, "axis": "z", "origin": [8.5, 4, 5]},
			"faces": {
				"north": {"uv": [10.8125, 2.5625, 11.09375, 2.60938], "texture": "#main"},
				"east": {"uv": [10.625, 4, 10.64063, 4.04688], "texture": "#main"},
				"south": {"uv": [10.8125, 2.6875, 11.09375, 2.73438], "texture": "#main"},
				"west": {"uv": [12, 2.8125, 12.01563, 2.85938], "texture": "#main"},
				"up": {"uv": [11.84375, 0.51563, 11.5625, 0.5], "texture": "#main"},
				"down": {"uv": [11.84375, 0.625, 11.5625, 0.64063], "texture": "#main"}
			}
		},
		{
			"from": [18.33134, 0.5, 3.5],
			"to": [20.83134, 1.75, 7],
			"rotation": {"angle": 22.5, "axis": "z", "origin": [8.5, 4, 5]},
			"faces": {
				"north": {"uv": [10.875, 1.75, 11.03125, 1.82813], "texture": "#main"},
				"east": {"uv": [10.6875, 2.125, 10.90625, 2.20313], "texture": "#main"},
				"south": {"uv": [9.9375, 2.875, 10.09375, 2.95313], "texture": "#main"},
				"west": {"uv": [10.75, 0.6875, 10.96875, 0.76563], "texture": "#main"},
				"up": {"uv": [9.90625, 0.53125, 9.75, 0.3125], "texture": "#main"},
				"down": {"uv": [8.78125, 1.8125, 8.625, 2.03125], "texture": "#main"}
			}
		},
		{
			"from": [20.68134, 0.6, 4.1],
			"to": [22.98134, 1.65, 6.4],
			"rotation": {"angle": 22.5, "axis": "z", "origin": [8.5, 4, 5]},
			"faces": {
				"north": {"uv": [10.1875, 2.875, 10.34375, 2.95313], "texture": "#main"},
				"east": {"uv": [10.4375, 2.875, 10.59375, 2.95313], "texture": "#main"},
				"south": {"uv": [10.9375, 0.375, 11.09375, 0.45313], "texture": "#main"},
				"west": {"uv": [9, 2.9375, 9.15625, 3.01563], "texture": "#main"},
				"up": {"uv": [9.03125, 2.46875, 8.875, 2.3125], "texture": "#main"},
				"down": {"uv": [10.46875, 1.625, 10.3125, 1.78125], "texture": "#main"}
			}
		},
		{
			"from": [18.33134, 0.5, 3.25],
			"to": [20.83134, 1.25, 3.5],
			"rotation": {"angle": 22.5, "axis": "z", "origin": [8.5, 4, 5]},
			"faces": {
				"north": {"uv": [11.3125, 3.1875, 11.46875, 3.23438], "texture": "#main"},
				"east": {"uv": [11.0625, 4, 11.07813, 4.04688], "texture": "#main"},
				"south": {"uv": [11.3125, 3.3125, 11.46875, 3.35938], "texture": "#main"},
				"west": {"uv": [11.1875, 4, 11.20313, 4.04688], "texture": "#main"},
				"up": {"uv": [11.96875, 1.51563, 11.8125, 1.5], "texture": "#main"},
				"down": {"uv": [11.96875, 1.625, 11.8125, 1.64063], "texture": "#main"}
			}
		},
		{
			"from": [13.5, 2.75, 2.75],
			"to": [15, 4.5, 7.5],
			"rotation": {"angle": 0, "axis": "y", "origin": [8.5, 4, 5]},
			"faces": {
				"north": {"uv": [11.125, 1.625, 11.21875, 1.73438], "texture": "#main"},
				"east": {"uv": [9.8125, 1.0625, 10.10938, 1.17188], "texture": "#main"},
				"south": {"uv": [10.625, 3.125, 10.71875, 3.23438], "texture": "#main"},
				"west": {"uv": [9.25, 1.8125, 9.54688, 1.92188], "texture": "#main"},
				"up": {"uv": [9.34375, 2.48438, 9.25, 2.1875], "texture": "#main"},
				"down": {"uv": [10.34375, 0, 10.25, 0.29688], "texture": "#main"}
			}
		},
		{
			"from": [3, 6, 11.25],
			"to": [6, 7, 14],
			"faces": {
				"north": {"uv": [8, 2.5625, 8.1875, 2.625], "texture": "#main"},
				"east": {"uv": [11, 2.3125, 11.17188, 2.375], "texture": "#main"},
				"south": {"uv": [8.875, 2.5625, 9.0625, 2.625], "texture": "#main"},
				"west": {"uv": [10.8125, 3, 10.98438, 3.0625], "texture": "#main"},
				"up": {"uv": [10, 1.42188, 9.8125, 1.25], "texture": "#main"},
				"down": {"uv": [9.8125, 1.8125, 9.625, 1.98438], "texture": "#main"}
			}
		},
		{
			"from": [-0.09567, 6.01903, 11.25],
			"to": [2.90433, 7.01903, 14],
			"rotation": {"angle": -22.5, "axis": "z", "origin": [2.90433, 5.76903, 12.25]},
			"faces": {
				"north": {"uv": [10.875, 2.4375, 11.0625, 2.5], "texture": "#main"},
				"east": {"uv": [8, 3.0625, 8.17188, 3.125], "texture": "#main"},
				"south": {"uv": [10.9375, 0.5625, 11.125, 0.625], "texture": "#main"},
				"west": {"uv": [8.25, 3.0625, 8.42188, 3.125], "texture": "#main"},
				"up": {"uv": [8.1875, 2.04688, 8, 1.875], "texture": "#main"},
				"down": {"uv": [10.0625, 0.625, 9.875, 0.79688], "texture": "#main"}
			}
		},
		{
			"from": [-0.04948, 6.1499, 11],
			"to": [2.90052, 6.8999, 11.25],
			"rotation": {"angle": -22.5, "axis": "z", "origin": [2.95052, 5.8999, 12.25]},
			"faces": {
				"north": {"uv": [8, 3.1875, 8.1875, 3.23438], "texture": "#main"},
				"east": {"uv": [12, 3.1875, 12.01563, 3.23438], "texture": "#main"},
				"south": {"uv": [8.25, 3.1875, 8.4375, 3.23438], "texture": "#main"},
				"west": {"uv": [12, 3.3125, 12.01563, 3.35938], "texture": "#main"},
				"up": {"uv": [11.875, 2.07813, 11.6875, 2.0625], "texture": "#main"},
				"down": {"uv": [11.875, 2.1875, 11.6875, 2.20313], "texture": "#main"}
			}
		},
		{
			"from": [-0.50328, 6.13076, 11],
			"to": [-0.05328, 6.88076, 14],
			"rotation": {"angle": -22.5, "axis": "z", "origin": [2.99672, 5.88076, 12.25]},
			"faces": {
				"north": {"uv": [11.25, 3.875, 11.28125, 3.92188], "texture": "#main"},
				"east": {"uv": [11.1875, 0.375, 11.375, 0.42188], "texture": "#main"},
				"south": {"uv": [8, 3.9375, 8.03125, 3.98438], "texture": "#main"},
				"west": {"uv": [11.1875, 0.5, 11.375, 0.54688], "texture": "#main"},
				"up": {"uv": [9.90625, 3.625, 9.875, 3.4375], "texture": "#main"},
				"down": {"uv": [10.03125, 3.4375, 10, 3.625], "texture": "#main"}
			}
		},
		{
			"from": [3, 6.15, 11],
			"to": [6, 6.9, 11.25],
			"faces": {
				"north": {"uv": [8.625, 3.1875, 8.8125, 3.23438], "texture": "#main"},
				"east": {"uv": [12, 3.6875, 12.01563, 3.73438], "texture": "#main"},
				"south": {"uv": [9.625, 3.1875, 9.8125, 3.23438], "texture": "#main"},
				"west": {"uv": [12, 3.9375, 12.01563, 3.98438], "texture": "#main"},
				"up": {"uv": [11.875, 2.32813, 11.6875, 2.3125], "texture": "#main"},
				"down": {"uv": [10.5625, 3.6875, 10.375, 3.70313], "texture": "#main"}
			}
		},
		{
			"from": [5.05, 7, 12.25],
			"to": [5.8, 8, 14],
			"rotation": {"angle": 0, "axis": "y", "origin": [5.05, 7, 12]},
			"faces": {
				"north": {"uv": [10, 3.6875, 10.04688, 3.75], "texture": "#main"},
				"east": {"uv": [11.375, 2.125, 11.48438, 2.1875], "texture": "#main"},
				"south": {"uv": [11.6875, 2.4375, 11.73438, 2.5], "texture": "#main"},
				"west": {"uv": [11.375, 2.25, 11.48438, 2.3125], "texture": "#main"},
				"up": {"uv": [8.42188, 3.60938, 8.375, 3.5], "texture": "#main"},
				"down": {"uv": [8.67188, 3.5, 8.625, 3.60938], "texture": "#main"}
			}
		},
		{
			"from": [5.05, 8, 13.25],
			"to": [5.8, 11, 14],
			"faces": {
				"north": {"uv": [9.875, 3.1875, 9.92188, 3.375], "texture": "#main"},
				"east": {"uv": [10, 3.1875, 10.04688, 3.375], "texture": "#main"},
				"south": {"uv": [10.25, 3.1875, 10.29688, 3.375], "texture": "#main"},
				"west": {"uv": [10.375, 3.1875, 10.42188, 3.375], "texture": "#main"},
				"up": {"uv": [8.54688, 3.79688, 8.5, 3.75], "texture": "#main"},
				"down": {"uv": [10.29688, 3.75, 10.25, 3.79688], "texture": "#main"}
			}
		},
		{
			"from": [5.3, 8.61313, 12.91761],
			"to": [5.8, 11.86313, 13.66761],
			"rotation": {"angle": 22.5, "axis": "x", "origin": [0.1, 10.61313, 10.91761]},
			"faces": {
				"north": {"uv": [8.5, 3.4375, 8.53125, 3.64063], "texture": "#main"},
				"east": {"uv": [8.5, 3.125, 8.54688, 3.32813], "texture": "#main"},
				"south": {"uv": [11.4375, 0.5, 11.46875, 0.70313], "texture": "#main"},
				"west": {"uv": [9.5, 3.125, 9.54688, 3.32813], "texture": "#main"},
				"up": {"uv": [11.96875, 0.54688, 11.9375, 0.5], "texture": "#main"},
				"down": {"uv": [11.96875, 0.625, 11.9375, 0.67188], "texture": "#main"}
			}
		},
		{
			"from": [5.05, 8.61313, 13.16761],
			"to": [5.55, 11.36313, 13.91761],
			"rotation": {"angle": 22.5, "axis": "x", "origin": [-0.15, 10.61313, 11.16761]},
			"faces": {
				"north": {"uv": [11.0625, 3.4375, 11.09375, 3.60938], "texture": "#main"},
				"east": {"uv": [11.25, 2.1875, 11.29688, 2.35938], "texture": "#main"},
				"south": {"uv": [11.1875, 3.4375, 11.21875, 3.60938], "texture": "#main"},
				"west": {"uv": [8, 3.3125, 8.04688, 3.48438], "texture": "#main"},
				"up": {"uv": [8.78125, 3.98438, 8.75, 3.9375], "texture": "#main"},
				"down": {"uv": [8.90625, 3.9375, 8.875, 3.98438], "texture": "#main"}
			}
		},
		{
			"from": [5.05, 8.51746, 13.39858],
			"to": [5.55, 10.01746, 14.14858],
			"rotation": {"angle": 22.5, "axis": "x", "origin": [0.1, 10.51746, 11.39858]},
			"faces": {
				"north": {"uv": [11.6875, 2.5625, 11.71875, 2.65625], "texture": "#main"},
				"east": {"uv": [8.125, 3.5625, 8.17188, 3.65625], "texture": "#main"},
				"south": {"uv": [10.625, 3.6875, 10.65625, 3.78125], "texture": "#main"},
				"west": {"uv": [8.25, 3.5625, 8.29688, 3.65625], "texture": "#main"},
				"up": {"uv": [9.03125, 3.98438, 9, 3.9375], "texture": "#main"},
				"down": {"uv": [9.78125, 3.9375, 9.75, 3.98438], "texture": "#main"}
			}
		},
		{
			"from": [5.3, 8.61313, 13.41761],
			"to": [5.8, 10.11313, 14.16761],
			"rotation": {"angle": 22.5, "axis": "x", "origin": [0.1, 10.61313, 10.91761]},
			"faces": {
				"north": {"uv": [10.75, 3.6875, 10.78125, 3.78125], "texture": "#main"},
				"east": {"uv": [11.5625, 1.0625, 11.60938, 1.15625], "texture": "#main"},
				"south": {"uv": [11.6875, 2.75, 11.71875, 2.84375], "texture": "#main"},
				"west": {"uv": [11.5625, 1.25, 11.60938, 1.34375], "texture": "#main"},
				"up": {"uv": [11.96875, 1.79688, 11.9375, 1.75], "texture": "#main"},
				"down": {"uv": [9.90625, 3.9375, 9.875, 3.98438], "texture": "#main"}
			}
		},
		{
			"from": [3.8, 11, 13.25],
			"to": [5.8, 11.25, 14],
			"rotation": {"angle": 0, "axis": "y", "origin": [5.1, 9, 12]},
			"faces": {
				"north": {"uv": [11.8125, 2.8125, 11.9375, 2.82813], "texture": "#main"},
				"east": {"uv": [8, 4.0625, 8.04688, 4.07813], "texture": "#main"},
				"south": {"uv": [10.875, 3.8125, 11, 3.82813], "texture": "#main"},
				"west": {"uv": [12.0625, 0.5, 12.10938, 0.51563], "texture": "#main"},
				"up": {"uv": [11.5625, 0.85938, 11.4375, 0.8125], "texture": "#main"},
				"down": {"uv": [10.375, 3.4375, 10.25, 3.48438], "texture": "#main"}
			}
		},
		{
			"from": [5.3, 7, 12],
			"to": [5.8, 8, 12.25],
			"rotation": {"angle": 0, "axis": "y", "origin": [0.1, 0, 0]},
			"faces": {
				"north": {"uv": [11.8125, 2.9375, 11.84375, 3], "texture": "#main"},
				"east": {"uv": [12, 0.75, 12.01563, 0.8125], "texture": "#main"},
				"south": {"uv": [11.8125, 3.0625, 11.84375, 3.125], "texture": "#main"},
				"west": {"uv": [12, 0.875, 12.01563, 0.9375], "texture": "#main"},
				"up": {"uv": [9.90625, 4.07813, 9.875, 4.0625], "texture": "#main"},
				"down": {"uv": [12.09375, 1.875, 12.0625, 1.89063], "texture": "#main"}
			}
		},
		{
			"from": [10, 6, 11.25],
			"to": [13, 7, 14],
			"rotation": {"angle": 0, "axis": "y", "origin": [8, 5, 13]},
			"faces": {
				"north": {"uv": [11, 0, 11.1875, 0.0625], "texture": "#main"},
				"east": {"uv": [8.625, 3.0625, 8.79688, 3.125], "texture": "#main"},
				"south": {"uv": [11, 0.125, 11.1875, 0.1875], "texture": "#main"},
				"west": {"uv": [11.0625, 0.6875, 11.23438, 0.75], "texture": "#main"},
				"up": {"uv": [10.0625, 1.98438, 9.875, 1.8125], "texture": "#main"},
				"down": {"uv": [10.1875, 0, 10, 0.17188], "texture": "#main"}
			}
		},
		{
			"from": [13.46297, 5.7315, 11.25],
			"to": [16.46297, 6.7315, 14],
			"shade": false,
			"rotation": {"angle": 22.5, "axis": "z", "origin": [12.55656, 4.702, 12.25]},
			"faces": {
				"north": {"uv": [11, 0.25, 11.1875, 0.3125], "texture": "#main"},
				"east": {"uv": [11.0625, 0.8125, 11.23438, 0.875], "texture": "#main"},
				"south": {"uv": [11, 1.9375, 11.1875, 2], "texture": "#main"},
				"west": {"uv": [11.0625, 0.9375, 11.23438, 1], "texture": "#main"},
				"up": {"uv": [8.4375, 2.17188, 8.25, 2], "texture": "#main"},
				"down": {"uv": [10.1875, 0.25, 10, 0.42188], "texture": "#main"}
			}
		},
		{
			"from": [16.002, 4.18856, 10.75],
			"to": [16.452, 4.93856, 14],
			"rotation": {"angle": 22.5, "axis": "z", "origin": [8.09559, 5.03856, 13]},
			"faces": {
				"north": {"uv": [11.9375, 2.0625, 11.96875, 2.10938], "texture": "#main"},
				"east": {"uv": [11.125, 1.8125, 11.32813, 1.85938], "texture": "#main"},
				"south": {"uv": [11.9375, 2.1875, 11.96875, 2.23438], "texture": "#main"},
				"west": {"uv": [11.125, 2.4375, 11.32813, 2.48438], "texture": "#main"},
				"up": {"uv": [11.46875, 1.26563, 11.4375, 1.0625], "texture": "#main"},
				"down": {"uv": [9.28125, 3.4375, 9.25, 3.64063], "texture": "#main"}
			}
		},
		{
			"from": [13.0482, 4.2077, 10.75],
			"to": [15.9982, 4.9577, 11.25],
			"rotation": {"angle": 22.5, "axis": "z", "origin": [8.14179, 5.0577, 13]},
			"faces": {
				"north": {"uv": [11.1875, 2.5625, 11.375, 2.60938], "texture": "#main"},
				"east": {"uv": [11.9375, 2.3125, 11.96875, 2.35938], "texture": "#main"},
				"south": {"uv": [11.1875, 2.6875, 11.375, 2.73438], "texture": "#main"},
				"west": {"uv": [11.9375, 2.4375, 11.96875, 2.48438], "texture": "#main"},
				"up": {"uv": [11.625, 2.40625, 11.4375, 2.375], "texture": "#main"},
				"down": {"uv": [10.625, 3.4375, 10.4375, 3.46875], "texture": "#main"}
			}
		},
		{
			"from": [10, 6.15, 10.75],
			"to": [13, 6.9, 11.25],
			"rotation": {"angle": 0, "axis": "y", "origin": [8, 5, 13]},
			"faces": {
				"north": {"uv": [11.1875, 2.9375, 11.375, 2.98438], "texture": "#main"},
				"east": {"uv": [11.9375, 2.5625, 11.96875, 2.60938], "texture": "#main"},
				"south": {"uv": [11.0625, 3.1875, 11.25, 3.23438], "texture": "#main"},
				"west": {"uv": [11.9375, 2.6875, 11.96875, 2.73438], "texture": "#main"},
				"up": {"uv": [11.625, 2.53125, 11.4375, 2.5], "texture": "#main"},
				"down": {"uv": [11.625, 2.625, 11.4375, 2.65625], "texture": "#main"}
			}
		},
		{
			"from": [10.2, 7, 12.25],
			"to": [10.95, 8, 14],
			"rotation": {"angle": 0, "axis": "y", "origin": [10.3, 7, 12]},
			"faces": {
				"north": {"uv": [10.875, 3.6875, 10.92188, 3.75], "texture": "#main"},
				"east": {"uv": [11.375, 3.0625, 11.48438, 3.125], "texture": "#main"},
				"south": {"uv": [11, 3.6875, 11.04688, 3.75], "texture": "#main"},
				"west": {"uv": [11.4375, 0.375, 11.54688, 0.4375], "texture": "#main"},
				"up": {"uv": [8.92188, 3.60938, 8.875, 3.5], "texture": "#main"},
				"down": {"uv": [9.04688, 3.5, 9, 3.60938], "texture": "#main"}
			}
		},
		{
			"from": [10.2, 8, 13.25],
			"to": [10.95, 11, 14],
			"rotation": {"angle": 0, "axis": "y", "origin": [5.25, 0, 0]},
			"faces": {
				"north": {"uv": [11.25, 0, 11.29688, 0.1875], "texture": "#main"},
				"east": {"uv": [9, 3.25, 9.04688, 3.4375], "texture": "#main"},
				"south": {"uv": [9.125, 3.25, 9.17188, 3.4375], "texture": "#main"},
				"west": {"uv": [11.25, 1.9375, 11.29688, 2.125], "texture": "#main"},
				"up": {"uv": [9.04688, 3.85938, 9, 3.8125], "texture": "#main"},
				"down": {"uv": [9.79688, 3.8125, 9.75, 3.85938], "texture": "#main"}
			}
		},
		{
			"from": [10.2, 8.61313, 12.91761],
			"to": [10.7, 11.86313, 13.66761],
			"rotation": {"angle": 22.5, "axis": "x", "origin": [5.35, 10.61313, 10.91761]},
			"faces": {
				"north": {"uv": [9.375, 3.4375, 9.40625, 3.64063], "texture": "#main"},
				"east": {"uv": [10.8125, 3.125, 10.85938, 3.32813], "texture": "#main"},
				"south": {"uv": [9.5, 3.4375, 9.53125, 3.64063], "texture": "#main"},
				"west": {"uv": [10.9375, 3.125, 10.98438, 3.32813], "texture": "#main"},
				"up": {"uv": [10.84375, 3.98438, 10.8125, 3.9375], "texture": "#main"},
				"down": {"uv": [10.96875, 3.9375, 10.9375, 3.98438], "texture": "#main"}
			}
		},
		{
			"from": [10.45, 8.61313, 13.16761],
			"to": [10.95, 11.36313, 13.66761],
			"rotation": {"angle": 22.5, "axis": "x", "origin": [5.1, 10.61313, 11.16761]},
			"faces": {
				"north": {"uv": [11.3125, 3.4375, 11.34375, 3.60938], "texture": "#main"},
				"east": {"uv": [8.125, 3.3125, 8.17188, 3.48438], "texture": "#main"},
				"south": {"uv": [11.4375, 3.4375, 11.46875, 3.60938], "texture": "#main"},
				"west": {"uv": [8.25, 3.3125, 8.29688, 3.48438], "texture": "#main"},
				"up": {"uv": [11.96875, 2.98438, 11.9375, 2.9375], "texture": "#main"},
				"down": {"uv": [11.96875, 3.0625, 11.9375, 3.10938], "texture": "#main"}
			}
		},
		{
			"from": [10.2, 8.61313, 13.41761],
			"to": [10.7, 10.11313, 14.16761],
			"rotation": {"angle": 22.5, "axis": "x", "origin": [5.35, 10.61313, 10.91761]},
			"faces": {
				"north": {"uv": [11.6875, 3.0625, 11.71875, 3.15625], "texture": "#main"},
				"east": {"uv": [11.5625, 1.4375, 11.60938, 1.53125], "texture": "#main"},
				"south": {"uv": [11.125, 3.6875, 11.15625, 3.78125], "texture": "#main"},
				"west": {"uv": [11.5625, 1.625, 11.60938, 1.71875], "texture": "#main"},
				"up": {"uv": [11.40625, 3.98438, 11.375, 3.9375], "texture": "#main"},
				"down": {"uv": [11.96875, 3.4375, 11.9375, 3.48438], "texture": "#main"}
			}
		},
		{
			"from": [10.45, 8.61313, 13.41761],
			"to": [10.95, 10.11313, 14.16761],
			"rotation": {"angle": 22.5, "axis": "x", "origin": [5.35, 10.61313, 10.91761]},
			"faces": {
				"north": {"uv": [11.25, 3.6875, 11.28125, 3.78125], "texture": "#main"},
				"east": {"uv": [11.5625, 2.0625, 11.60938, 2.15625], "texture": "#main"},
				"south": {"uv": [11.6875, 3.25, 11.71875, 3.34375], "texture": "#main"},
				"west": {"uv": [10.25, 3.5625, 10.29688, 3.65625], "texture": "#main"},
				"up": {"uv": [11.53125, 3.98438, 11.5, 3.9375], "texture": "#main"},
				"down": {"uv": [11.96875, 3.5625, 11.9375, 3.60938], "texture": "#main"}
			}
		},
		{
			"from": [10.2, 11, 13.25],
			"to": [12.2, 11.25, 14],
			"rotation": {"angle": 0, "axis": "y", "origin": [10.25, 9, 12]},
			"faces": {
				"north": {"uv": [11.8125, 3.1875, 11.9375, 3.20313], "texture": "#main"},
				"east": {"uv": [12.0625, 0.625, 12.10938, 0.64063], "texture": "#main"},
				"south": {"uv": [11.8125, 3.3125, 11.9375, 3.32813], "texture": "#main"},
				"west": {"uv": [8.75, 4.0625, 8.79688, 4.07813], "texture": "#main"},
				"up": {"uv": [10.8125, 3.48438, 10.6875, 3.4375], "texture": "#main"},
				"down": {"uv": [11, 3.4375, 10.875, 3.48438], "texture": "#main"}
			}
		},
		{
			"from": [10.2, 7, 12],
			"to": [10.7, 8, 12.25],
			"rotation": {"angle": 0, "axis": "y", "origin": [5, 0, 0]},
			"faces": {
				"north": {"uv": [11.375, 3.8125, 11.40625, 3.875], "texture": "#main"},
				"east": {"uv": [12, 1, 12.01563, 1.0625], "texture": "#main"},
				"south": {"uv": [11.8125, 3.4375, 11.84375, 3.5], "texture": "#main"},
				"west": {"uv": [9.125, 4, 9.14063, 4.0625], "texture": "#main"},
				"up": {"uv": [12.09375, 2.01563, 12.0625, 2], "texture": "#main"},
				"down": {"uv": [10.15625, 4.0625, 10.125, 4.07813], "texture": "#main"}
			}
		},
		{
			"from": [1.35, 2.1, 4.85],
			"to": [2.15, 2.9, 5.4],
			"faces": {
				"north": {"uv": [10.375, 3.5625, 10.4375, 3.625], "texture": "#main"},
				"east": {"uv": [11.375, 3.6875, 11.42188, 3.75], "texture": "#main"},
				"south": {"uv": [10.5, 3.5625, 10.5625, 3.625], "texture": "#main"},
				"west": {"uv": [11.6875, 3.4375, 11.73438, 3.5], "texture": "#main"},
				"up": {"uv": [11.5625, 3.73438, 11.5, 3.6875], "texture": "#main"},
				"down": {"uv": [11.75, 3.5625, 11.6875, 3.60938], "texture": "#main"}
			}
		},
		{
			"from": [1.25, 1.25, 3.75],
			"to": [2.25, 2.25, 6.5],
			"faces": {
				"north": {"uv": [10.625, 3.5625, 10.6875, 3.625], "texture": "#main"},
				"east": {"uv": [9.625, 3.0625, 9.79688, 3.125], "texture": "#main"},
				"south": {"uv": [10.75, 3.5625, 10.8125, 3.625], "texture": "#main"},
				"west": {"uv": [9.875, 3.0625, 10.04688, 3.125], "texture": "#main"},
				"up": {"uv": [8.9375, 3.23438, 8.875, 3.0625], "texture": "#main"},
				"down": {"uv": [10.1875, 3.0625, 10.125, 3.23438], "texture": "#main"}
			}
		},
		{
			"from": [1.2, 1.2, 3.2],
			"to": [2.3, 2.3, 3.8],
			"faces": {
				"north": {"uv": [11.5625, 2.75, 11.625, 2.8125], "texture": "#main"},
				"east": {"uv": [11.5, 3.8125, 11.53125, 3.875], "texture": "#main"},
				"south": {"uv": [10.875, 3.5625, 10.9375, 3.625], "texture": "#main"},
				"west": {"uv": [11.8125, 3.5625, 11.84375, 3.625], "texture": "#main"},
				"up": {"uv": [11.6875, 3.84375, 11.625, 3.8125], "texture": "#main"},
				"down": {"uv": [11.8125, 3.8125, 11.75, 3.84375], "texture": "#main"}
			}
		},
		{
			"from": [1.2, 1.2, 6.2],
			"to": [2.3, 2.3, 6.8],
			"faces": {
				"north": {"uv": [11.5625, 3.0625, 11.625, 3.125], "texture": "#main"},
				"east": {"uv": [8.125, 3.875, 8.15625, 3.9375], "texture": "#main"},
				"south": {"uv": [11.5625, 3.1875, 11.625, 3.25], "texture": "#main"},
				"west": {"uv": [8.25, 3.875, 8.28125, 3.9375], "texture": "#main"},
				"up": {"uv": [8.4375, 3.90625, 8.375, 3.875], "texture": "#main"},
				"down": {"uv": [11.9375, 0.375, 11.875, 0.40625], "texture": "#main"}
			}
		},
		{
			"from": [13.85, 2.1, 4.85],
			"to": [14.65, 2.9, 5.4],
			"faces": {
				"north": {"uv": [11.5625, 3.3125, 11.625, 3.375], "texture": "#main"},
				"east": {"uv": [11.625, 3.6875, 11.67188, 3.75], "texture": "#main"},
				"south": {"uv": [11.5625, 3.4375, 11.625, 3.5], "texture": "#main"},
				"west": {"uv": [8.125, 3.75, 8.17188, 3.8125], "texture": "#main"},
				"up": {"uv": [8.3125, 3.79688, 8.25, 3.75], "texture": "#main"},
				"down": {"uv": [11.8125, 0.375, 11.75, 0.42188], "texture": "#main"}
			}
		},
		{
			"from": [13.75, 1.25, 3.75],
			"to": [14.75, 2.25, 6.5],
			"faces": {
				"north": {"uv": [11.5625, 3.5625, 11.625, 3.625], "texture": "#main"},
				"east": {"uv": [10.25, 3.0625, 10.42188, 3.125], "texture": "#main"},
				"south": {"uv": [11.625, 0.375, 11.6875, 0.4375], "texture": "#main"},
				"west": {"uv": [11.0625, 2.8125, 11.23438, 2.875], "texture": "#main"},
				"up": {"uv": [10.5625, 3.23438, 10.5, 3.0625], "texture": "#main"},
				"down": {"uv": [11.125, 2.9375, 11.0625, 3.10938], "texture": "#main"}
			}
		},
		{
			"from": [13.7, 1.2, 3.2],
			"to": [14.8, 2.3, 3.8],
			"faces": {
				"north": {"uv": [8.75, 3.625, 8.8125, 3.6875], "texture": "#main"},
				"east": {"uv": [8.5, 3.875, 8.53125, 3.9375], "texture": "#main"},
				"south": {"uv": [11.625, 0.75, 11.6875, 0.8125], "texture": "#main"},
				"west": {"uv": [8.625, 3.875, 8.65625, 3.9375], "texture": "#main"},
				"up": {"uv": [9.1875, 3.90625, 9.125, 3.875], "texture": "#main"},
				"down": {"uv": [11.9375, 1.125, 11.875, 1.15625], "texture": "#main"}
			}
		},
		{
			"from": [13.7, 1.2, 6.2],
			"to": [14.8, 2.3, 6.8],
			"faces": {
				"north": {"uv": [11.625, 0.875, 11.6875, 0.9375], "texture": "#main"},
				"east": {"uv": [9.25, 3.875, 9.28125, 3.9375], "texture": "#main"},
				"south": {"uv": [9.625, 3.625, 9.6875, 3.6875], "texture": "#main"},
				"west": {"uv": [11.875, 1.25, 11.90625, 1.3125], "texture": "#main"},
				"up": {"uv": [9.4375, 3.90625, 9.375, 3.875], "texture": "#main"},
				"down": {"uv": [11.9375, 1.375, 11.875, 1.40625], "texture": "#main"}
			}
		},
		{
			"from": [6, 3, -0.45],
			"to": [10, 7, 1.55],
			"rotation": {"angle": 0, "axis": "y", "origin": [0, 0, -0.4]},
			"faces": {
				"north": {"uv": [1, 0.625, 1.25, 0.875], "texture": "#main"},
				"east": {"uv": [0.875, 2, 1, 2.25], "texture": "#main"},
				"south": {"uv": [1, 0.9375, 1.25, 1.1875], "texture": "#main"},
				"west": {"uv": [1.0625, 2, 1.1875, 2.25], "texture": "#main"},
				"up": {"uv": [1.5, 2.125, 1.25, 2], "texture": "#main"},
				"down": {"uv": [2.3125, 1.25, 2.0625, 1.375], "texture": "#main"}
			}
		},
		{
			"from": [7.05, 4.05, -1.4],
			"to": [8.95, 5.95, -0.5],
			"rotation": {"angle": 0, "axis": "y", "origin": [0, 0, -0.4]},
			"faces": {
				"north": {"uv": [1.3125, 1, 1.4375, 1.125], "texture": "#main"},
				"east": {"uv": [0.375, 3.3125, 0.4375, 3.4375], "texture": "#main"},
				"south": {"uv": [2.25, 2.625, 2.375, 2.75], "texture": "#main"},
				"west": {"uv": [0.625, 3.3125, 0.6875, 3.4375], "texture": "#main"},
				"up": {"uv": [2.6875, 0.75, 2.5625, 0.6875], "texture": "#main"},
				"down": {"uv": [3.3125, 3.0625, 3.1875, 3.125], "texture": "#main"}
			}
		},
		{
			"from": [6.9, 3.9, -1.05],
			"to": [9.1, 6.1, -0.35],
			"rotation": {"angle": 0, "axis": "y", "origin": [0, 0, -0.4]},
			"faces": {
				"north": {"uv": [4.28125, 0.3125, 4.40625, 0.4375], "texture": "#main"},
				"east": {"uv": [4.20313, 0.5, 4.26563, 0.625], "texture": "#main"},
				"south": {"uv": [4.28125, 0.71875, 4.40625, 0.84375], "texture": "#main"},
				"west": {"uv": [4.45313, 0.5, 4.51563, 0.625], "texture": "#main"},
				"up": {"uv": [4.39063, 1, 4.26563, 0.9375], "texture": "#main"},
				"down": {"uv": [4.42188, 1.10938, 4.29688, 1.17188], "texture": "#main"}
			}
		},
		{
			"from": [5.9, 2.9, 1.2],
			"to": [10.1, 7.1, 1.9],
			"rotation": {"angle": 0, "axis": "y", "origin": [0, 0, -0.4]},
			"faces": {
				"north": {"uv": [1.125, 0, 1.375, 0.25], "texture": "#main"},
				"east": {"uv": [3.3125, 0.625, 3.34375, 0.875], "texture": "#main"},
				"south": {"uv": [1.125, 0.3125, 1.375, 0.5625], "texture": "#main"},
				"west": {"uv": [0.75, 3.3125, 0.78125, 3.5625], "texture": "#main"},
				"up": {"uv": [3.5, 0.28125, 3.25, 0.25], "texture": "#main"},
				"down": {"uv": [3.5625, 0.9375, 3.3125, 0.96875], "texture": "#main"}
			}
		},
		{
			"from": [5.8, 2.8, 1.8],
			"to": [10.2, 7.2, 13.2],
			"faces": {
				"north": {"uv": [0.625, 1.25, 0.875, 1.5], "texture": "#main"},
				"east": {"uv": [0, 0, 0.6875, 0.25], "texture": "#main"},
				"south": {"uv": [0.9375, 1.25, 1.1875, 1.5], "texture": "#main"},
				"west": {"uv": [0, 0.3125, 0.6875, 0.5625], "texture": "#main"},
				"up": {"uv": [0.25, 1.3125, 0, 0.625], "texture": "#main"},
				"down": {"uv": [0.5625, 0.625, 0.3125, 1.3125], "texture": "#main"}
			}
		},
		{
			"from": [5.8, 4.8, 13.2],
			"to": [10.2, 7.2, 17.1],
			"rotation": {"angle": 0, "axis": "y", "origin": [0, 0, 0.4]},
			"faces": {
				"north": {"uv": [2.0625, 1.4375, 2.3125, 1.5625], "texture": "#main"},
				"east": {"uv": [1.4375, 2.25, 1.65625, 2.375], "texture": "#main"},
				"south": {"uv": [1.5625, 2.0625, 1.8125, 2.1875], "texture": "#main"},
				"west": {"uv": [2.3125, 0.375, 2.53125, 0.5], "texture": "#main"},
				"up": {"uv": [0.25, 1.59375, 0, 1.375], "texture": "#main"},
				"down": {"uv": [0.5625, 1.375, 0.3125, 1.59375], "texture": "#main"}
			}
		},
		{
			"from": [5.8, 1.91317, 12.15901],
			"to": [10.2, 3.31317, 15.30901],
			"rotation": {"angle": -45, "axis": "x", "origin": [8, 3.61317, 11.60901]},
			"faces": {
				"north": {"uv": [2.6875, 2.3125, 2.9375, 2.375], "texture": "#main"},
				"east": {"uv": [3, 2.0625, 3.17188, 2.125], "texture": "#main"},
				"south": {"uv": [2.75, 0.875, 3, 0.9375], "texture": "#main"},
				"west": {"uv": [3, 2.1875, 3.17188, 2.25], "texture": "#main"},
				"up": {"uv": [0.875, 1.73438, 0.625, 1.5625], "texture": "#main"},
				"down": {"uv": [1.8125, 0.625, 1.5625, 0.79688], "texture": "#main"}
			}
		},
		{
			"from": [7.6, 2.1, 5.1],
			"to": [8.4, 2.9, 6.65],
			"faces": {
				"north": {"uv": [0.25, 1.875, 0.3125, 1.9375], "texture": "#main"},
				"east": {"uv": [3.375, 0, 3.48438, 0.0625], "texture": "#main"},
				"south": {"uv": [0.5, 2, 0.5625, 2.0625], "texture": "#main"},
				"west": {"uv": [3.375, 0.125, 3.48438, 0.1875], "texture": "#main"},
				"up": {"uv": [2.1875, 3.42188, 2.125, 3.3125], "texture": "#main"},
				"down": {"uv": [3.4375, 1.9375, 3.375, 2.04688], "texture": "#main"}
			}
		},
		{
			"from": [7.3, 0.7, 3.8],
			"to": [8.7, 2.1, 8.2],
			"faces": {
				"north": {"uv": [2, 0.5, 2.0625, 0.5625], "texture": "#main"},
				"east": {"uv": [2.75, 1, 3, 1.0625], "texture": "#main"},
				"south": {"uv": [2.5625, 1.9375, 2.625, 2], "texture": "#main"},
				"west": {"uv": [1.9375, 2.75, 2.1875, 2.8125], "texture": "#main"},
				"up": {"uv": [1.625, 2.875, 1.5625, 2.625], "texture": "#main"},
				"down": {"uv": [0.6875, 2.6875, 0.625, 2.9375], "texture": "#main"}
			}
		},
		{
			"from": [7.4, 0.8, 3.55],
			"to": [8.6, 2, 4],
			"rotation": {"angle": 0, "axis": "y", "origin": [0, 0, 0.05]},
			"faces": {
				"north": {"uv": [3.5625, 1.8125, 3.625, 1.875], "texture": "#main"},
				"east": {"uv": [3.625, 3.9375, 3.64063, 4], "texture": "#main"},
				"south": {"uv": [3.5625, 2.25, 3.625, 2.3125], "texture": "#main"},
				"west": {"uv": [3.75, 3.9375, 3.76563, 4], "texture": "#main"},
				"up": {"uv": [3.9375, 3.95313, 3.875, 3.9375], "texture": "#main"},
				"down": {"uv": [4.0625, 0, 4, 0.01563], "texture": "#main"}
			}
		},
		{
			"from": [6.85, 1.15, 6.8],
			"to": [7.3, 1.85, 8.5],
			"rotation": {"angle": 0, "axis": "y", "origin": [0, 0, 0.05]},
			"faces": {
				"north": {"uv": [0.875, 4.0625, 0.89063, 4.09375], "texture": "#main"},
				"east": {"uv": [0.875, 3.6875, 0.96875, 3.71875], "texture": "#main"},
				"south": {"uv": [1, 4.0625, 1.01563, 4.09375], "texture": "#main"},
				"west": {"uv": [3.6875, 1.125, 3.78125, 1.15625], "texture": "#main"},
				"up": {"uv": [1.51563, 3.96875, 1.5, 3.875], "texture": "#main"},
				"down": {"uv": [1.64063, 3.875, 1.625, 3.96875], "texture": "#main"}
			}
		},
		{
			"from": [8.7, 1.15, 6.8],
			"to": [9.15, 1.85, 8.5],
			"rotation": {"angle": 0, "axis": "y", "origin": [8, 1.5, 8.05]},
			"faces": {
				"north": {"uv": [1.5, 4.0625, 1.51563, 4.09375], "texture": "#main"},
				"east": {"uv": [3.6875, 1.25, 3.78125, 1.28125], "texture": "#main"},
				"south": {"uv": [4.0625, 1.5, 4.07813, 1.53125], "texture": "#main"},
				"west": {"uv": [3.6875, 1.375, 3.78125, 1.40625], "texture": "#main"},
				"up": {"uv": [2.14063, 3.96875, 2.125, 3.875], "texture": "#main"},
				"down": {"uv": [2.26563, 3.875, 2.25, 3.96875], "texture": "#main"}
			}
		},
		{
			"from": [7.65, 0.25, 6.8],
			"to": [8.35, 0.7, 8.5],
			"rotation": {"angle": 0, "axis": "y", "origin": [8, 1.5, 8.05]},
			"faces": {
				"north": {"uv": [1.625, 4.0625, 1.65625, 4.07813], "texture": "#main"},
				"east": {"uv": [3.875, 1.9375, 3.96875, 1.95313], "texture": "#main"},
				"south": {"uv": [4.0625, 1.625, 4.09375, 1.64063], "texture": "#main"},
				"west": {"uv": [2.625, 3.875, 2.71875, 3.89063], "texture": "#main"},
				"up": {"uv": [1.78125, 3.71875, 1.75, 3.625], "texture": "#main"},
				"down": {"uv": [0.40625, 3.6875, 0.375, 3.78125], "texture": "#main"}
			}
		},
		{
			"from": [7.65, 2.1, 6.8],
			"to": [8.35, 2.55, 8.5],
			"rotation": {"angle": 0, "axis": "y", "origin": [8, 1.5, 8.05]},
			"faces": {
				"north": {"uv": [1.75, 4.0625, 1.78125, 4.07813], "texture": "#main"},
				"east": {"uv": [3.0625, 3.875, 3.15625, 3.89063], "texture": "#main"},
				"south": {"uv": [4.0625, 1.75, 4.09375, 1.76563], "texture": "#main"},
				"west": {"uv": [3.875, 3.8125, 3.96875, 3.82813], "texture": "#main"},
				"up": {"uv": [0.65625, 3.78125, 0.625, 3.6875], "texture": "#main"},
				"down": {"uv": [3.71875, 1.5, 3.6875, 1.59375], "texture": "#main"}
			}
		},
		{
			"from": [6.75, 7.75, 4],
			"to": [9.25, 9.75, 7],
			"faces": {
				"north": {"uv": [0, 2.375, 0.15625, 2.5], "texture": "#main"},
				"east": {"uv": [1.75, 2.3125, 1.9375, 2.4375], "texture": "#main"},
				"south": {"uv": [2.375, 1.1875, 2.53125, 1.3125], "texture": "#main"},
				"west": {"uv": [2.3125, 1.875, 2.5, 2], "texture": "#main"},
				"up": {"uv": [2.03125, 2.25, 1.875, 2.0625], "texture": "#main"},
				"down": {"uv": [0.15625, 2.125, 0, 2.3125], "texture": "#main"}
			}
		},
		{
			"from": [6.75, 7.75, 3.25],
			"to": [9.25, 9.75, 4],
			"faces": {
				"north": {"uv": [2.375, 1.375, 2.53125, 1.5], "texture": "#main"},
				"east": {"uv": [3.4375, 1.375, 3.48438, 1.5], "texture": "#main"},
				"south": {"uv": [2, 2.375, 2.15625, 2.5], "texture": "#main"},
				"west": {"uv": [1.625, 3.4375, 1.67188, 3.5625], "texture": "#main"},
				"up": {"uv": [1.40625, 3.35938, 1.25, 3.3125], "texture": "#main"},
				"down": {"uv": [1.78125, 3.3125, 1.625, 3.35938], "texture": "#main"}
			}
		},
		{
			"from": [6.75, 7.75, 7],
			"to": [9.25, 9.75, 7.75],
			"faces": {
				"north": {"uv": [2.4375, 0, 2.59375, 0.125], "texture": "#main"},
				"east": {"uv": [1.75, 3.4375, 1.79688, 3.5625], "texture": "#main"},
				"south": {"uv": [2.4375, 0.1875, 2.59375, 0.3125], "texture": "#main"},
				"west": {"uv": [3.4375, 1.75, 3.48438, 1.875], "texture": "#main"},
				"up": {"uv": [3.46875, 1.67188, 3.3125, 1.625], "texture": "#main"},
				"down": {"uv": [2.65625, 3.3125, 2.5, 3.35938], "texture": "#main"}
			}
		},
		{
			"from": [6.65, 7.65, 3.65],
			"to": [9.35, 9.85, 4.1],
			"faces": {
				"north": {"uv": [1.4375, 2.4375, 1.59375, 2.5625], "texture": "#main"},
				"east": {"uv": [3.8125, 1.75, 3.82813, 1.875], "texture": "#main"},
				"south": {"uv": [2.25, 2.4375, 2.40625, 2.5625], "texture": "#main"},
				"west": {"uv": [2, 3.8125, 2.01563, 3.9375], "texture": "#main"},
				"up": {"uv": [3.90625, 0.76563, 3.75, 0.75], "texture": "#main"},
				"down": {"uv": [3.90625, 0.875, 3.75, 0.89063], "texture": "#main"}
			}
		},
		{
			"from": [6.65, 7.65, 6.9],
			"to": [9.35, 9.85, 7.35],
			"faces": {
				"north": {"uv": [0.25, 2.5, 0.40625, 2.625], "texture": "#main"},
				"east": {"uv": [2.375, 3.8125, 2.39063, 3.9375], "texture": "#main"},
				"south": {"uv": [0.5, 2.5, 0.65625, 2.625], "texture": "#main"},
				"west": {"uv": [3.8125, 2.4375, 3.82813, 2.5625], "texture": "#main"},
				"up": {"uv": [1.40625, 3.76563, 1.25, 3.75], "texture": "#main"},
				"down": {"uv": [1.65625, 3.75, 1.5, 3.76563], "texture": "#main"}
			}
		},
		{
			"from": [6.5, 7, 3],
			"to": [9.5, 8, 8],
			"faces": {
				"north": {"uv": [1.5625, 0.875, 1.75, 0.9375], "texture": "#main"},
				"east": {"uv": [2.5, 2.4375, 2.8125, 2.5], "texture": "#main"},
				"south": {"uv": [1.8125, 1.5, 2, 1.5625], "texture": "#main"},
				"west": {"uv": [2.5625, 0.5625, 2.875, 0.625], "texture": "#main"},
				"up": {"uv": [1.4375, 1.5625, 1.25, 1.25], "texture": "#main"},
				"down": {"uv": [1.5, 0.625, 1.3125, 0.9375], "texture": "#main"}
			}
		},
		{
			"from": [8.5, 3, -0.7],
			"to": [9.5, 5, -0.45],
			"rotation": {"angle": 45, "axis": "z", "origin": [9, 4, -0.45]},
			"faces": {
				"north": {"uv": [0.875, 3.3125, 0.9375, 3.4375], "texture": "#main"},
				"east": {"uv": [2.5, 3.8125, 2.51563, 3.9375], "texture": "#main"},
				"south": {"uv": [3.3125, 1.1875, 3.375, 1.3125], "texture": "#main"},
				"west": {"uv": [3.8125, 2.625, 3.82813, 2.75], "texture": "#main"},
				"up": {"uv": [0.1875, 4.01563, 0.125, 4], "texture": "#main"},
				"down": {"uv": [4.0625, 0.125, 4, 0.14063], "texture": "#main"}
			}
		},
		{
			"from": [8.6, 1.1, -0.65],
			"to": [9.4, 5.9, -0.55],
			"rotation": {"angle": 45, "axis": "z", "origin": [9, 4, -0.45]},
			"faces": {
				"north": {"uv": [1.125, 2.3125, 1.1875, 2.625], "texture": "#main"},
				"east": {"uv": [1.125, 3.5, 1.14063, 3.8125], "texture": "#main"},
				"south": {"uv": [0.75, 2.5, 0.8125, 2.8125], "texture": "#main"},
				"west": {"uv": [2.125, 3.5, 2.14063, 3.8125], "texture": "#main"},
				"up": {"uv": [0.3125, 4.01563, 0.25, 4], "texture": "#main"},
				"down": {"uv": [4.0625, 0.25, 4, 0.26563], "texture": "#main"}
			}
		},
		{
			"from": [8.6, 5.1, -0.65],
			"to": [9.4, 9.9, -0.55],
			"rotation": {"angle": 45, "axis": "z", "origin": [9, 4, -0.45]},
			"faces": {
				"north": {"uv": [1.6875, 2.5, 1.75, 2.8125], "texture": "#main"},
				"east": {"uv": [0, 3.5625, 0.01563, 3.875], "texture": "#main"},
				"south": {"uv": [1.8125, 2.5, 1.875, 2.8125], "texture": "#main"},
				"west": {"uv": [3.5625, 0, 3.57813, 0.3125], "texture": "#main"},
				"up": {"uv": [0.4375, 4.01563, 0.375, 4], "texture": "#main"},
				"down": {"uv": [4.0625, 0.375, 4, 0.39063], "texture": "#main"}
			}
		},
		{
			"from": [8.5, 5, -0.7],
			"to": [9.5, 8, -0.45],
			"rotation": {"angle": 45, "axis": "z", "origin": [9, 4, -0.45]},
			"faces": {
				"north": {"uv": [0.5, 2.875, 0.5625, 3.0625], "texture": "#main"},
				"east": {"uv": [3.6875, 1.6875, 3.70313, 1.875], "texture": "#main"},
				"south": {"uv": [2.6875, 2.875, 2.75, 3.0625], "texture": "#main"},
				"west": {"uv": [1.875, 3.6875, 1.89063, 3.875], "texture": "#main"},
				"up": {"uv": [0.5625, 4.01563, 0.5, 4], "texture": "#main"},
				"down": {"uv": [0.6875, 4, 0.625, 4.01563], "texture": "#main"}
			}
		},
		{
			"from": [5.15, 3.65, 2.65],
			"to": [6.85, 5.85, 7.6],
			"rotation": {"angle": 22.5, "axis": "z", "origin": [4.5, 4, 3]},
			"faces": {
				"north": {"uv": [2.9375, 1.125, 3.03125, 1.25], "texture": "#main"},
				"east": {"uv": [0.9375, 1.625, 1.23438, 1.75], "texture": "#main"},
				"south": {"uv": [1.25, 2.9375, 1.34375, 3.0625], "texture": "#main"},
				"west": {"uv": [1.3125, 1.625, 1.60938, 1.75], "texture": "#main"},
				"up": {"uv": [0.59375, 2.42188, 0.5, 2.125], "texture": "#main"},
				"down": {"uv": [2.21875, 0.5, 2.125, 0.79688], "texture": "#main"}
			}
		},
		{
			"from": [2, 3.25, 3.25],
			"to": [5.5, 4.5, 7.25],
			"rotation": {"angle": 22.5, "axis": "z", "origin": [3, 4, 4]},
			"faces": {
				"north": {"uv": [0, 2.6875, 0.21875, 2.76563], "texture": "#main"},
				"east": {"uv": [2.5625, 1.5625, 2.8125, 1.64063], "texture": "#main"},
				"south": {"uv": [2.6875, 0, 2.90625, 0.07813], "texture": "#main"},
				"west": {"uv": [2.5625, 1.75, 2.8125, 1.82813], "texture": "#main"},
				"up": {"uv": [1.65625, 0.25, 1.4375, 0], "texture": "#main"},
				"down": {"uv": [1.65625, 0.3125, 1.4375, 0.5625], "texture": "#main"}
			}
		},
		{
			"from": [2, 3.25, 3],
			"to": [5.5, 4, 3.25],
			"rotation": {"angle": 22.5, "axis": "z", "origin": [3, 4, 4]},
			"faces": {
				"north": {"uv": [1, 3.125, 1.21875, 3.17188], "texture": "#main"},
				"east": {"uv": [4, 1.125, 4.01563, 1.17188], "texture": "#main"},
				"south": {"uv": [3.125, 1.0625, 3.34375, 1.10938], "texture": "#main"},
				"west": {"uv": [1.25, 4, 1.26563, 4.04688], "texture": "#main"},
				"up": {"uv": [3.90625, 0.01563, 3.6875, 0], "texture": "#main"},
				"down": {"uv": [3.90625, 0.125, 3.6875, 0.14063], "texture": "#main"}
			}
		},
		{
			"from": [-2.75, 2.25, 3.25],
			"to": [1.75, 3.5, 7.25],
			"rotation": {"angle": -22.5, "axis": "z", "origin": [3, 4, 4]},
			"faces": {
				"north": {"uv": [2.3125, 2.0625, 2.59375, 2.14063], "texture": "#main"},
				"east": {"uv": [1.9375, 2.5625, 2.1875, 2.64063], "texture": "#main"},
				"south": {"uv": [2.3125, 2.25, 2.59375, 2.32813], "texture": "#main"},
				"west": {"uv": [2.5, 2.5625, 2.75, 2.64063], "texture": "#main"},
				"up": {"uv": [0.90625, 0.875, 0.625, 0.625], "texture": "#main"},
				"down": {"uv": [1.03125, 0, 0.75, 0.25], "texture": "#main"}
			}
		},
		{
			"from": [-2.75, 2.25, 3],
			"to": [1.75, 3, 3.25],
			"rotation": {"angle": -22.5, "axis": "z", "origin": [3, 4, 4]},
			"faces": {
				"north": {"uv": [2.4375, 2.75, 2.71875, 2.79688], "texture": "#main"},
				"east": {"uv": [4, 1.25, 4.01563, 1.29688], "texture": "#main"},
				"south": {"uv": [1.1875, 2.8125, 1.46875, 2.85938], "texture": "#main"},
				"west": {"uv": [1.375, 4, 1.39063, 4.04688], "texture": "#main"},
				"up": {"uv": [3.71875, 2.95313, 3.4375, 2.9375], "texture": "#main"},
				"down": {"uv": [3.78125, 1.9375, 3.5, 1.95313], "texture": "#main"}
			}
		},
		{
			"from": [-5.26903, 2.15433, 3.5],
			"to": [-2.76903, 3.40433, 7],
			"rotation": {"angle": -22.5, "axis": "z", "origin": [3.23097, 3.90433, 4]},
			"faces": {
				"north": {"uv": [2.8125, 2.8125, 2.96875, 2.89063], "texture": "#main"},
				"east": {"uv": [2.6875, 0.1875, 2.90625, 0.26563], "texture": "#main"},
				"south": {"uv": [0, 2.875, 0.15625, 2.95313], "texture": "#main"},
				"west": {"uv": [0.3125, 2.6875, 0.53125, 2.76563], "texture": "#main"},
				"up": {"uv": [0.53125, 1.90625, 0.375, 1.6875], "texture": "#main"},
				"down": {"uv": [1.90625, 0, 1.75, 0.21875], "texture": "#main"}
			}
		},
		{
			"from": [-7.41903, 2.25433, 4.1],
			"to": [-5.11903, 3.30433, 6.4],
			"rotation": {"angle": -22.5, "axis": "z", "origin": [3.23097, 3.90433, 4]},
			"faces": {
				"north": {"uv": [0.25, 2.875, 0.40625, 2.95313], "texture": "#main"},
				"east": {"uv": [0.75, 2.875, 0.90625, 2.95313], "texture": "#main"},
				"south": {"uv": [2.875, 1.5625, 3.03125, 1.64063], "texture": "#main"},
				"west": {"uv": [1.6875, 2.875, 1.84375, 2.95313], "texture": "#main"},
				"up": {"uv": [0.40625, 2.40625, 0.25, 2.25], "texture": "#main"},
				"down": {"uv": [2.46875, 0.5625, 2.3125, 0.71875], "texture": "#main"}
			}
		},
		{
			"from": [-5.26903, 2.15433, 3.25],
			"to": [-2.76903, 2.90433, 3.5],
			"rotation": {"angle": -22.5, "axis": "z", "origin": [3.23097, 3.90433, 4]},
			"faces": {
				"north": {"uv": [3.3125, 2.8125, 3.46875, 2.85938], "texture": "#main"},
				"east": {"uv": [4, 1.375, 4.01563, 1.42188], "texture": "#main"},
				"south": {"uv": [3.0625, 3.3125, 3.21875, 3.35938], "texture": "#main"},
				"west": {"uv": [2, 4, 2.01563, 4.04688], "texture": "#main"},
				"up": {"uv": [3.90625, 3.70313, 3.75, 3.6875], "texture": "#main"},
				"down": {"uv": [0.90625, 3.8125, 0.75, 3.82813], "texture": "#main"}
			}
		},
		{
			"from": [1, 2.75, 2.75],
			"to": [2.5, 4.5, 7.5],
			"rotation": {"angle": 0, "axis": "y", "origin": [3, 4, 4]},
			"faces": {
				"north": {"uv": [3.125, 1.1875, 3.21875, 1.29688], "texture": "#main"},
				"east": {"uv": [0.875, 1.8125, 1.17188, 1.92188], "texture": "#main"},
				"south": {"uv": [1.3125, 3.125, 1.40625, 3.23438], "texture": "#main"},
				"west": {"uv": [1.8125, 0.875, 2.10938, 0.98438], "texture": "#main"},
				"up": {"uv": [0.78125, 2.42188, 0.6875, 2.125], "texture": "#main"},
				"down": {"uv": [2.21875, 1.625, 2.125, 1.92188], "texture": "#main"}
			}
		},
		{
			"from": [8.84552, 4.75, 2.65],
			"to": [10.54552, 6.95, 7.6],
			"rotation": {"angle": -22.5, "axis": "z", "origin": [8.5, 4, 5]},
			"faces": {
				"north": {"uv": [2.9375, 1.3125, 3.03125, 1.4375], "texture": "#main"},
				"east": {"uv": [0, 1.6875, 0.29688, 1.8125], "texture": "#main"},
				"south": {"uv": [1.4375, 2.9375, 1.53125, 3.0625], "texture": "#main"},
				"west": {"uv": [1.6875, 1.625, 1.98438, 1.75], "texture": "#main"},
				"up": {"uv": [2.21875, 2.29688, 2.125, 2], "texture": "#main"},
				"down": {"uv": [2.28125, 0.875, 2.1875, 1.17188], "texture": "#main"}
			}
		},
		{
			"from": [10.08134, 4.9, 3.25],
			"to": [13.58134, 6.15, 7.25],
			"rotation": {"angle": -22.5, "axis": "z", "origin": [8.5, 4, 5]},
			"faces": {
				"north": {"uv": [0.875, 2.6875, 1.09375, 2.76563], "texture": "#main"},
				"east": {"uv": [2.625, 0.375, 2.875, 0.45313], "texture": "#main"},
				"south": {"uv": [2.6875, 1.9375, 2.90625, 2.01563], "texture": "#main"},
				"west": {"uv": [2.625, 1.1875, 2.875, 1.26563], "texture": "#main"},
				"up": {"uv": [1.71875, 1.25, 1.5, 1], "texture": "#main"},
				"down": {"uv": [1.71875, 1.3125, 1.5, 1.5625], "texture": "#main"}
			}
		},
		{
			"from": [10.08134, 4.9, 3],
			"to": [13.58134, 5.65, 3.25],
			"rotation": {"angle": -22.5, "axis": "z", "origin": [8.5, 4, 5]},
			"faces": {
				"north": {"uv": [3.125, 1.375, 3.34375, 1.42188], "texture": "#main"},
				"east": {"uv": [2.375, 4, 2.39063, 4.04688], "texture": "#main"},
				"south": {"uv": [3.125, 1.5, 3.34375, 1.54688], "texture": "#main"},
				"west": {"uv": [2.5, 4, 2.51563, 4.04688], "texture": "#main"},
				"up": {"uv": [3.90625, 0.26563, 3.6875, 0.25], "texture": "#main"},
				"down": {"uv": [3.90625, 1, 3.6875, 1.01563], "texture": "#main"}
			}
		},
		{
			"from": [13.83134, 0.5, 3.25],
			"to": [18.33134, 1.75, 7.25],
			"rotation": {"angle": 22.5, "axis": "z", "origin": [8.5, 4, 5]},
			"faces": {
				"north": {"uv": [2.375, 0.8125, 2.65625, 0.89063], "texture": "#main"},
				"east": {"uv": [1.25, 2.625, 1.5, 2.70313], "texture": "#main"},
				"south": {"uv": [2.375, 1, 2.65625, 1.07813], "texture": "#main"},
				"west": {"uv": [2.625, 1.375, 2.875, 1.45313], "texture": "#main"},
				"up": {"uv": [1.03125, 0.5625, 0.75, 0.3125], "texture": "#main"},
				"down": {"uv": [0.90625, 0.9375, 0.625, 1.1875], "texture": "#main"}
			}
		},
		{
			"from": [13.83134, 0.5, 3],
			"to": [18.33134, 1.25, 3.25],
			"rotation": {"angle": 22.5, "axis": "z", "origin": [8.5, 4, 5]},
			"faces": {
				"north": {"uv": [2.8125, 2.5625, 3.09375, 2.60938], "texture": "#main"},
				"east": {"uv": [2.625, 4, 2.64063, 4.04688], "texture": "#main"},
				"south": {"uv": [2.8125, 2.6875, 3.09375, 2.73438], "texture": "#main"},
				"west": {"uv": [4, 2.8125, 4.01563, 2.85938], "texture": "#main"},
				"up": {"uv": [3.84375, 0.51563, 3.5625, 0.5], "texture": "#main"},
				"down": {"uv": [3.84375, 0.625, 3.5625, 0.64063], "texture": "#main"}
			}
		},
		{
			"from": [18.33134, 0.5, 3.5],
			"to": [20.83134, 1.75, 7],
			"rotation": {"angle": 22.5, "axis": "z", "origin": [8.5, 4, 5]},
			"faces": {
				"north": {"uv": [2.875, 1.75, 3.03125, 1.82813], "texture": "#main"},
				"east": {"uv": [2.6875, 2.125, 2.90625, 2.20313], "texture": "#main"},
				"south": {"uv": [1.9375, 2.875, 2.09375, 2.95313], "texture": "#main"},
				"west": {"uv": [2.75, 0.6875, 2.96875, 0.76563], "texture": "#main"},
				"up": {"uv": [1.90625, 0.53125, 1.75, 0.3125], "texture": "#main"},
				"down": {"uv": [0.78125, 1.8125, 0.625, 2.03125], "texture": "#main"}
			}
		},
		{
			"from": [20.68134, 0.6, 4.1],
			"to": [22.98134, 1.65, 6.4],
			"rotation": {"angle": 22.5, "axis": "z", "origin": [8.5, 4, 5]},
			"faces": {
				"north": {"uv": [2.1875, 2.875, 2.34375, 2.95313], "texture": "#main"},
				"east": {"uv": [2.4375, 2.875, 2.59375, 2.95313], "texture": "#main"},
				"south": {"uv": [2.9375, 0.375, 3.09375, 0.45313], "texture": "#main"},
				"west": {"uv": [1, 2.9375, 1.15625, 3.01563], "texture": "#main"},
				"up": {"uv": [1.03125, 2.46875, 0.875, 2.3125], "texture": "#main"},
				"down": {"uv": [2.46875, 1.625, 2.3125, 1.78125], "texture": "#main"}
			}
		},
		{
			"from": [18.33134, 0.5, 3.25],
			"to": [20.83134, 1.25, 3.5],
			"rotation": {"angle": 22.5, "axis": "z", "origin": [8.5, 4, 5]},
			"faces": {
				"north": {"uv": [3.3125, 3.1875, 3.46875, 3.23438], "texture": "#main"},
				"east": {"uv": [3.0625, 4, 3.07813, 4.04688], "texture": "#main"},
				"south": {"uv": [3.3125, 3.3125, 3.46875, 3.35938], "texture": "#main"},
				"west": {"uv": [3.1875, 4, 3.20313, 4.04688], "texture": "#main"},
				"up": {"uv": [3.96875, 1.51563, 3.8125, 1.5], "texture": "#main"},
				"down": {"uv": [3.96875, 1.625, 3.8125, 1.64063], "texture": "#main"}
			}
		},
		{
			"from": [13.5, 2.75, 2.75],
			"to": [15, 4.5, 7.5],
			"rotation": {"angle": 0, "axis": "y", "origin": [8.5, 4, 5]},
			"faces": {
				"north": {"uv": [3.125, 1.625, 3.21875, 1.73438], "texture": "#main"},
				"east": {"uv": [1.8125, 1.0625, 2.10938, 1.17188], "texture": "#main"},
				"south": {"uv": [2.625, 3.125, 2.71875, 3.23438], "texture": "#main"},
				"west": {"uv": [1.25, 1.8125, 1.54688, 1.92188], "texture": "#main"},
				"up": {"uv": [1.34375, 2.48438, 1.25, 2.1875], "texture": "#main"},
				"down": {"uv": [2.34375, 0, 2.25, 0.29688], "texture": "#main"}
			}
		},
		{
			"from": [3, 6, 11.25],
			"to": [6, 7, 14],
			"faces": {
				"north": {"uv": [0, 2.5625, 0.1875, 2.625], "texture": "#main"},
				"east": {"uv": [3, 2.3125, 3.17188, 2.375], "texture": "#main"},
				"south": {"uv": [0.875, 2.5625, 1.0625, 2.625], "texture": "#main"},
				"west": {"uv": [2.8125, 3, 2.98438, 3.0625], "texture": "#main"},
				"up": {"uv": [2, 1.42188, 1.8125, 1.25], "texture": "#main"},
				"down": {"uv": [1.8125, 1.8125, 1.625, 1.98438], "texture": "#main"}
			}
		},
		{
			"from": [-0.09567, 6.01903, 11.25],
			"to": [2.90433, 7.01903, 14],
			"rotation": {"angle": -22.5, "axis": "z", "origin": [2.90433, 5.76903, 12.25]},
			"faces": {
				"north": {"uv": [2.875, 2.4375, 3.0625, 2.5], "texture": "#main"},
				"east": {"uv": [0, 3.0625, 0.17188, 3.125], "texture": "#main"},
				"south": {"uv": [2.9375, 0.5625, 3.125, 0.625], "texture": "#main"},
				"west": {"uv": [0.25, 3.0625, 0.42188, 3.125], "texture": "#main"},
				"up": {"uv": [0.1875, 2.04688, 0, 1.875], "texture": "#main"},
				"down": {"uv": [2.0625, 0.625, 1.875, 0.79688], "texture": "#main"}
			}
		},
		{
			"from": [-0.04948, 6.1499, 11],
			"to": [2.90052, 6.8999, 11.25],
			"rotation": {"angle": -22.5, "axis": "z", "origin": [2.95052, 5.8999, 12.25]},
			"faces": {
				"north": {"uv": [0, 3.1875, 0.1875, 3.23438], "texture": "#main"},
				"east": {"uv": [4, 3.1875, 4.01563, 3.23438], "texture": "#main"},
				"south": {"uv": [0.25, 3.1875, 0.4375, 3.23438], "texture": "#main"},
				"west": {"uv": [4, 3.3125, 4.01563, 3.35938], "texture": "#main"},
				"up": {"uv": [3.875, 2.07813, 3.6875, 2.0625], "texture": "#main"},
				"down": {"uv": [3.875, 2.1875, 3.6875, 2.20313], "texture": "#main"}
			}
		},
		{
			"from": [-0.50328, 6.13076, 11],
			"to": [-0.05328, 6.88076, 14],
			"rotation": {"angle": -22.5, "axis": "z", "origin": [2.99672, 5.88076, 12.25]},
			"faces": {
				"north": {"uv": [3.25, 3.875, 3.28125, 3.92188], "texture": "#main"},
				"east": {"uv": [3.1875, 0.375, 3.375, 0.42188], "texture": "#main"},
				"south": {"uv": [0, 3.9375, 0.03125, 3.98438], "texture": "#main"},
				"west": {"uv": [3.1875, 0.5, 3.375, 0.54688], "texture": "#main"},
				"up": {"uv": [1.90625, 3.625, 1.875, 3.4375], "texture": "#main"},
				"down": {"uv": [2.03125, 3.4375, 2, 3.625], "texture": "#main"}
			}
		},
		{
			"from": [3, 6.15, 11],
			"to": [6, 6.9, 11.25],
			"faces": {
				"north": {"uv": [0.625, 3.1875, 0.8125, 3.23438], "texture": "#main"},
				"east": {"uv": [4, 3.6875, 4.01563, 3.73438], "texture": "#main"},
				"south": {"uv": [1.625, 3.1875, 1.8125, 3.23438], "texture": "#main"},
				"west": {"uv": [4, 3.9375, 4.01563, 3.98438], "texture": "#main"},
				"up": {"uv": [3.875, 2.32813, 3.6875, 2.3125], "texture": "#main"},
				"down": {"uv": [2.5625, 3.6875, 2.375, 3.70313], "texture": "#main"}
			}
		},
		{
			"from": [5.05, 7, 12.25],
			"to": [5.8, 8, 14],
			"rotation": {"angle": 0, "axis": "y", "origin": [5.05, 7, 12]},
			"faces": {
				"north": {"uv": [2, 3.6875, 2.04688, 3.75], "texture": "#main"},
				"east": {"uv": [3.375, 2.125, 3.48438, 2.1875], "texture": "#main"},
				"south": {"uv": [3.6875, 2.4375, 3.73438, 2.5], "texture": "#main"},
				"west": {"uv": [3.375, 2.25, 3.48438, 2.3125], "texture": "#main"},
				"up": {"uv": [0.42188, 3.60938, 0.375, 3.5], "texture": "#main"},
				"down": {"uv": [0.67188, 3.5, 0.625, 3.60938], "texture": "#main"}
			}
		},
		{
			"from": [5.05, 8, 13.25],
			"to": [5.8, 11, 14],
			"faces": {
				"north": {"uv": [1.875, 3.1875, 1.92188, 3.375], "texture": "#main"},
				"east": {"uv": [2, 3.1875, 2.04688, 3.375], "texture": "#main"},
				"south": {"uv": [2.25, 3.1875, 2.29688, 3.375], "texture": "#main"},
				"west": {"uv": [2.375, 3.1875, 2.42188, 3.375], "texture": "#main"},
				"up": {"uv": [0.54688, 3.79688, 0.5, 3.75], "texture": "#main"},
				"down": {"uv": [2.29688, 3.75, 2.25, 3.79688], "texture": "#main"}
			}
		},
		{
			"from": [5.3, 8.61313, 12.91761],
			"to": [5.8, 11.86313, 13.66761],
			"rotation": {"angle": 22.5, "axis": "x", "origin": [0.1, 10.61313, 10.91761]},
			"faces": {
				"north": {"uv": [0.5, 3.4375, 0.53125, 3.64063], "texture": "#main"},
				"east": {"uv": [0.5, 3.125, 0.54688, 3.32813], "texture": "#main"},
				"south": {"uv": [3.4375, 0.5, 3.46875, 0.70313], "texture": "#main"},
				"west": {"uv": [1.5, 3.125, 1.54688, 3.32813], "texture": "#main"},
				"up": {"uv": [3.96875, 0.54688, 3.9375, 0.5], "texture": "#main"},
				"down": {"uv": [3.96875, 0.625, 3.9375, 0.67188], "texture": "#main"}
			}
		},
		{
			"from": [5.05, 8.61313, 13.16761],
			"to": [5.55, 11.36313, 13.91761],
			"rotation": {"angle": 22.5, "axis": "x", "origin": [-0.15, 10.61313, 11.16761]},
			"faces": {
				"north": {"uv": [3.0625, 3.4375, 3.09375, 3.60938], "texture": "#main"},
				"east": {"uv": [3.25, 2.1875, 3.29688, 2.35938], "texture": "#main"},
				"south": {"uv": [3.1875, 3.4375, 3.21875, 3.60938], "texture": "#main"},
				"west": {"uv": [0, 3.3125, 0.04688, 3.48438], "texture": "#main"},
				"up": {"uv": [0.78125, 3.98438, 0.75, 3.9375], "texture": "#main"},
				"down": {"uv": [0.90625, 3.9375, 0.875, 3.98438], "texture": "#main"}
			}
		},
		{
			"from": [5.05, 8.51746, 13.39858],
			"to": [5.55, 10.01746, 14.14858],
			"rotation": {"angle": 22.5, "axis": "x", "origin": [0.1, 10.51746, 11.39858]},
			"faces": {
				"north": {"uv": [3.6875, 2.5625, 3.71875, 2.65625], "texture": "#main"},
				"east": {"uv": [0.125, 3.5625, 0.17188, 3.65625], "texture": "#main"},
				"south": {"uv": [2.625, 3.6875, 2.65625, 3.78125], "texture": "#main"},
				"west": {"uv": [0.25, 3.5625, 0.29688, 3.65625], "texture": "#main"},
				"up": {"uv": [1.03125, 3.98438, 1, 3.9375], "texture": "#main"},
				"down": {"uv": [1.78125, 3.9375, 1.75, 3.98438], "texture": "#main"}
			}
		},
		{
			"from": [5.3, 8.61313, 13.41761],
			"to": [5.8, 10.11313, 14.16761],
			"rotation": {"angle": 22.5, "axis": "x", "origin": [0.1, 10.61313, 10.91761]},
			"faces": {
				"north": {"uv": [2.75, 3.6875, 2.78125, 3.78125], "texture": "#main"},
				"east": {"uv": [3.5625, 1.0625, 3.60938, 1.15625], "texture": "#main"},
				"south": {"uv": [3.6875, 2.75, 3.71875, 2.84375], "texture": "#main"},
				"west": {"uv": [3.5625, 1.25, 3.60938, 1.34375], "texture": "#main"},
				"up": {"uv": [3.96875, 1.79688, 3.9375, 1.75], "texture": "#main"},
				"down": {"uv": [1.90625, 3.9375, 1.875, 3.98438], "texture": "#main"}
			}
		},
		{
			"from": [3.8, 11, 13.25],
			"to": [5.8, 11.25, 14],
			"rotation": {"angle": 0, "axis": "y", "origin": [5.1, 9, 12]},
			"faces": {
				"north": {"uv": [3.8125, 2.8125, 3.9375, 2.82813], "texture": "#main"},
				"east": {"uv": [0, 4.0625, 0.04688, 4.07813], "texture": "#main"},
				"south": {"uv": [2.875, 3.8125, 3, 3.82813], "texture": "#main"},
				"west": {"uv": [4.0625, 0.5, 4.10938, 0.51563], "texture": "#main"},
				"up": {"uv": [3.5625, 0.85938, 3.4375, 0.8125], "texture": "#main"},
				"down": {"uv": [2.375, 3.4375, 2.25, 3.48438], "texture": "#main"}
			}
		},
		{
			"from": [5.3, 7, 12],
			"to": [5.8, 8, 12.25],
			"rotation": {"angle": 0, "axis": "y", "origin": [0.1, 0, 0]},
			"faces": {
				"north": {"uv": [3.8125, 2.9375, 3.84375, 3], "texture": "#main"},
				"east": {"uv": [4, 0.75, 4.01563, 0.8125], "texture": "#main"},
				"south": {"uv": [3.8125, 3.0625, 3.84375, 3.125], "texture": "#main"},
				"west": {"uv": [4, 0.875, 4.01563, 0.9375], "texture": "#main"},
				"up": {"uv": [1.90625, 4.07813, 1.875, 4.0625], "texture": "#main"},
				"down": {"uv": [4.09375, 1.875, 4.0625, 1.89063], "texture": "#main"}
			}
		},
		{
			"from": [10, 6, 11.25],
			"to": [13, 7, 14],
			"rotation": {"angle": 0, "axis": "y", "origin": [8, 5, 13]},
			"faces": {
				"north": {"uv": [3, 0, 3.1875, 0.0625], "texture": "#main"},
				"east": {"uv": [0.625, 3.0625, 0.79688, 3.125], "texture": "#main"},
				"south": {"uv": [3, 0.125, 3.1875, 0.1875], "texture": "#main"},
				"west": {"uv": [3.0625, 0.6875, 3.23438, 0.75], "texture": "#main"},
				"up": {"uv": [2.0625, 1.98438, 1.875, 1.8125], "texture": "#main"},
				"down": {"uv": [2.1875, 0, 2, 0.17188], "texture": "#main"}
			}
		},
		{
			"from": [13.46297, 5.7315, 11.25],
			"to": [16.46297, 6.7315, 14],
			"shade": false,
			"rotation": {"angle": 22.5, "axis": "z", "origin": [12.55656, 4.702, 12.25]},
			"faces": {
				"north": {"uv": [3, 0.25, 3.1875, 0.3125], "texture": "#main"},
				"east": {"uv": [3.0625, 0.8125, 3.23438, 0.875], "texture": "#main"},
				"south": {"uv": [3, 1.9375, 3.1875, 2], "texture": "#main"},
				"west": {"uv": [3.0625, 0.9375, 3.23438, 1], "texture": "#main"},
				"up": {"uv": [0.4375, 2.17188, 0.25, 2], "texture": "#main"},
				"down": {"uv": [2.1875, 0.25, 2, 0.42188], "texture": "#main"}
			}
		},
		{
			"from": [16.002, 4.18856, 10.75],
			"to": [16.452, 4.93856, 14],
			"rotation": {"angle": 22.5, "axis": "z", "origin": [8.09559, 5.03856, 13]},
			"faces": {
				"north": {"uv": [3.9375, 2.0625, 3.96875, 2.10938], "texture": "#main"},
				"east": {"uv": [3.125, 1.8125, 3.32813, 1.85938], "texture": "#main"},
				"south": {"uv": [3.9375, 2.1875, 3.96875, 2.23438], "texture": "#main"},
				"west": {"uv": [3.125, 2.4375, 3.32813, 2.48438], "texture": "#main"},
				"up": {"uv": [3.46875, 1.26563, 3.4375, 1.0625], "texture": "#main"},
				"down": {"uv": [1.28125, 3.4375, 1.25, 3.64063], "texture": "#main"}
			}
		},
		{
			"from": [13.0482, 4.2077, 10.75],
			"to": [15.9982, 4.9577, 11.25],
			"rotation": {"angle": 22.5, "axis": "z", "origin": [8.14179, 5.0577, 13]},
			"faces": {
				"north": {"uv": [3.1875, 2.5625, 3.375, 2.60938], "texture": "#main"},
				"east": {"uv": [3.9375, 2.3125, 3.96875, 2.35938], "texture": "#main"},
				"south": {"uv": [3.1875, 2.6875, 3.375, 2.73438], "texture": "#main"},
				"west": {"uv": [3.9375, 2.4375, 3.96875, 2.48438], "texture": "#main"},
				"up": {"uv": [3.625, 2.40625, 3.4375, 2.375], "texture": "#main"},
				"down": {"uv": [2.625, 3.4375, 2.4375, 3.46875], "texture": "#main"}
			}
		},
		{
			"from": [10, 6.15, 10.75],
			"to": [13, 6.9, 11.25],
			"rotation": {"angle": 0, "axis": "y", "origin": [8, 5, 13]},
			"faces": {
				"north": {"uv": [3.1875, 2.9375, 3.375, 2.98438], "texture": "#main"},
				"east": {"uv": [3.9375, 2.5625, 3.96875, 2.60938], "texture": "#main"},
				"south": {"uv": [3.0625, 3.1875, 3.25, 3.23438], "texture": "#main"},
				"west": {"uv": [3.9375, 2.6875, 3.96875, 2.73438], "texture": "#main"},
				"up": {"uv": [3.625, 2.53125, 3.4375, 2.5], "texture": "#main"},
				"down": {"uv": [3.625, 2.625, 3.4375, 2.65625], "texture": "#main"}
			}
		},
		{
			"from": [10.2, 7, 12.25],
			"to": [10.95, 8, 14],
			"rotation": {"angle": 0, "axis": "y", "origin": [10.3, 7, 12]},
			"faces": {
				"north": {"uv": [2.875, 3.6875, 2.92188, 3.75], "texture": "#main"},
				"east": {"uv": [3.375, 3.0625, 3.48438, 3.125], "texture": "#main"},
				"south": {"uv": [3, 3.6875, 3.04688, 3.75], "texture": "#main"},
				"west": {"uv": [3.4375, 0.375, 3.54688, 0.4375], "texture": "#main"},
				"up": {"uv": [0.92188, 3.60938, 0.875, 3.5], "texture": "#main"},
				"down": {"uv": [1.04688, 3.5, 1, 3.60938], "texture": "#main"}
			}
		},
		{
			"from": [10.2, 8, 13.25],
			"to": [10.95, 11, 14],
			"rotation": {"angle": 0, "axis": "y", "origin": [5.25, 0, 0]},
			"faces": {
				"north": {"uv": [3.25, 0, 3.29688, 0.1875], "texture": "#main"},
				"east": {"uv": [1, 3.25, 1.04688, 3.4375], "texture": "#main"},
				"south": {"uv": [1.125, 3.25, 1.17188, 3.4375], "texture": "#main"},
				"west": {"uv": [3.25, 1.9375, 3.29688, 2.125], "texture": "#main"},
				"up": {"uv": [1.04688, 3.85938, 1, 3.8125], "texture": "#main"},
				"down": {"uv": [1.79688, 3.8125, 1.75, 3.85938], "texture": "#main"}
			}
		},
		{
			"from": [10.2, 8.61313, 12.91761],
			"to": [10.7, 11.86313, 13.66761],
			"rotation": {"angle": 22.5, "axis": "x", "origin": [5.35, 10.61313, 10.91761]},
			"faces": {
				"north": {"uv": [1.375, 3.4375, 1.40625, 3.64063], "texture": "#main"},
				"east": {"uv": [2.8125, 3.125, 2.85938, 3.32813], "texture": "#main"},
				"south": {"uv": [1.5, 3.4375, 1.53125, 3.64063], "texture": "#main"},
				"west": {"uv": [2.9375, 3.125, 2.98438, 3.32813], "texture": "#main"},
				"up": {"uv": [2.84375, 3.98438, 2.8125, 3.9375], "texture": "#main"},
				"down": {"uv": [2.96875, 3.9375, 2.9375, 3.98438], "texture": "#main"}
			}
		},
		{
			"from": [10.45, 8.61313, 13.16761],
			"to": [10.95, 11.36313, 13.66761],
			"rotation": {"angle": 22.5, "axis": "x", "origin": [5.1, 10.61313, 11.16761]},
			"faces": {
				"north": {"uv": [3.3125, 3.4375, 3.34375, 3.60938], "texture": "#main"},
				"east": {"uv": [0.125, 3.3125, 0.17188, 3.48438], "texture": "#main"},
				"south": {"uv": [3.4375, 3.4375, 3.46875, 3.60938], "texture": "#main"},
				"west": {"uv": [0.25, 3.3125, 0.29688, 3.48438], "texture": "#main"},
				"up": {"uv": [3.96875, 2.98438, 3.9375, 2.9375], "texture": "#main"},
				"down": {"uv": [3.96875, 3.0625, 3.9375, 3.10938], "texture": "#main"}
			}
		},
		{
			"from": [10.2, 8.61313, 13.41761],
			"to": [10.7, 10.11313, 14.16761],
			"rotation": {"angle": 22.5, "axis": "x", "origin": [5.35, 10.61313, 10.91761]},
			"faces": {
				"north": {"uv": [3.6875, 3.0625, 3.71875, 3.15625], "texture": "#main"},
				"east": {"uv": [3.5625, 1.4375, 3.60938, 1.53125], "texture": "#main"},
				"south": {"uv": [3.125, 3.6875, 3.15625, 3.78125], "texture": "#main"},
				"west": {"uv": [3.5625, 1.625, 3.60938, 1.71875], "texture": "#main"},
				"up": {"uv": [3.40625, 3.98438, 3.375, 3.9375], "texture": "#main"},
				"down": {"uv": [3.96875, 3.4375, 3.9375, 3.48438], "texture": "#main"}
			}
		},
		{
			"from": [10.45, 8.61313, 13.41761],
			"to": [10.95, 10.11313, 14.16761],
			"rotation": {"angle": 22.5, "axis": "x", "origin": [5.35, 10.61313, 10.91761]},
			"faces": {
				"north": {"uv": [3.25, 3.6875, 3.28125, 3.78125], "texture": "#main"},
				"east": {"uv": [3.5625, 2.0625, 3.60938, 2.15625], "texture": "#main"},
				"south": {"uv": [3.6875, 3.25, 3.71875, 3.34375], "texture": "#main"},
				"west": {"uv": [2.25, 3.5625, 2.29688, 3.65625], "texture": "#main"},
				"up": {"uv": [3.53125, 3.98438, 3.5, 3.9375], "texture": "#main"},
				"down": {"uv": [3.96875, 3.5625, 3.9375, 3.60938], "texture": "#main"}
			}
		},
		{
			"from": [10.2, 11, 13.25],
			"to": [12.2, 11.25, 14],
			"rotation": {"angle": 0, "axis": "y", "origin": [10.25, 9, 12]},
			"faces": {
				"north": {"uv": [3.8125, 3.1875, 3.9375, 3.20313], "texture": "#main"},
				"east": {"uv": [4.0625, 0.625, 4.10938, 0.64063], "texture": "#main"},
				"south": {"uv": [3.8125, 3.3125, 3.9375, 3.32813], "texture": "#main"},
				"west": {"uv": [0.75, 4.0625, 0.79688, 4.07813], "texture": "#main"},
				"up": {"uv": [2.8125, 3.48438, 2.6875, 3.4375], "texture": "#main"},
				"down": {"uv": [3, 3.4375, 2.875, 3.48438], "texture": "#main"}
			}
		},
		{
			"from": [10.2, 7, 12],
			"to": [10.7, 8, 12.25],
			"rotation": {"angle": 0, "axis": "y", "origin": [5, 0, 0]},
			"faces": {
				"north": {"uv": [3.375, 3.8125, 3.40625, 3.875], "texture": "#main"},
				"east": {"uv": [4, 1, 4.01563, 1.0625], "texture": "#main"},
				"south": {"uv": [3.8125, 3.4375, 3.84375, 3.5], "texture": "#main"},
				"west": {"uv": [1.125, 4, 1.14063, 4.0625], "texture": "#main"},
				"up": {"uv": [4.09375, 2.01563, 4.0625, 2], "texture": "#main"},
				"down": {"uv": [2.15625, 4.0625, 2.125, 4.07813], "texture": "#main"}
			}
		},
		{
			"from": [1.35, 2.1, 4.85],
			"to": [2.15, 2.9, 5.4],
			"faces": {
				"north": {"uv": [2.375, 3.5625, 2.4375, 3.625], "texture": "#main"},
				"east": {"uv": [3.375, 3.6875, 3.42188, 3.75], "texture": "#main"},
				"south": {"uv": [2.5, 3.5625, 2.5625, 3.625], "texture": "#main"},
				"west": {"uv": [3.6875, 3.4375, 3.73438, 3.5], "texture": "#main"},
				"up": {"uv": [3.5625, 3.73438, 3.5, 3.6875], "texture": "#main"},
				"down": {"uv": [3.75, 3.5625, 3.6875, 3.60938], "texture": "#main"}
			}
		},
		{
			"from": [1.25, 1.25, 3.75],
			"to": [2.25, 2.25, 6.5],
			"faces": {
				"north": {"uv": [2.625, 3.5625, 2.6875, 3.625], "texture": "#main"},
				"east": {"uv": [1.625, 3.0625, 1.79688, 3.125], "texture": "#main"},
				"south": {"uv": [2.75, 3.5625, 2.8125, 3.625], "texture": "#main"},
				"west": {"uv": [1.875, 3.0625, 2.04688, 3.125], "texture": "#main"},
				"up": {"uv": [0.9375, 3.23438, 0.875, 3.0625], "texture": "#main"},
				"down": {"uv": [2.1875, 3.0625, 2.125, 3.23438], "texture": "#main"}
			}
		},
		{
			"from": [1.2, 1.2, 3.2],
			"to": [2.3, 2.3, 3.8],
			"faces": {
				"north": {"uv": [3.5625, 2.75, 3.625, 2.8125], "texture": "#main"},
				"east": {"uv": [3.5, 3.8125, 3.53125, 3.875], "texture": "#main"},
				"south": {"uv": [2.875, 3.5625, 2.9375, 3.625], "texture": "#main"},
				"west": {"uv": [3.8125, 3.5625, 3.84375, 3.625], "texture": "#main"},
				"up": {"uv": [3.6875, 3.84375, 3.625, 3.8125], "texture": "#main"},
				"down": {"uv": [3.8125, 3.8125, 3.75, 3.84375], "texture": "#main"}
			}
		},
		{
			"from": [1.2, 1.2, 6.2],
			"to": [2.3, 2.3, 6.8],
			"faces": {
				"north": {"uv": [3.5625, 3.0625, 3.625, 3.125], "texture": "#main"},
				"east": {"uv": [0.125, 3.875, 0.15625, 3.9375], "texture": "#main"},
				"south": {"uv": [3.5625, 3.1875, 3.625, 3.25], "texture": "#main"},
				"west": {"uv": [0.25, 3.875, 0.28125, 3.9375], "texture": "#main"},
				"up": {"uv": [0.4375, 3.90625, 0.375, 3.875], "texture": "#main"},
				"down": {"uv": [3.9375, 0.375, 3.875, 0.40625], "texture": "#main"}
			}
		},
		{
			"from": [13.85, 2.1, 4.85],
			"to": [14.65, 2.9, 5.4],
			"faces": {
				"north": {"uv": [3.5625, 3.3125, 3.625, 3.375], "texture": "#main"},
				"east": {"uv": [3.625, 3.6875, 3.67188, 3.75], "texture": "#main"},
				"south": {"uv": [3.5625, 3.4375, 3.625, 3.5], "texture": "#main"},
				"west": {"uv": [0.125, 3.75, 0.17188, 3.8125], "texture": "#main"},
				"up": {"uv": [0.3125, 3.79688, 0.25, 3.75], "texture": "#main"},
				"down": {"uv": [3.8125, 0.375, 3.75, 0.42188], "texture": "#main"}
			}
		},
		{
			"from": [13.75, 1.25, 3.75],
			"to": [14.75, 2.25, 6.5],
			"faces": {
				"north": {"uv": [3.5625, 3.5625, 3.625, 3.625], "texture": "#main"},
				"east": {"uv": [2.25, 3.0625, 2.42188, 3.125], "texture": "#main"},
				"south": {"uv": [3.625, 0.375, 3.6875, 0.4375], "texture": "#main"},
				"west": {"uv": [3.0625, 2.8125, 3.23438, 2.875], "texture": "#main"},
				"up": {"uv": [2.5625, 3.23438, 2.5, 3.0625], "texture": "#main"},
				"down": {"uv": [3.125, 2.9375, 3.0625, 3.10938], "texture": "#main"}
			}
		},
		{
			"from": [13.7, 1.2, 3.2],
			"to": [14.8, 2.3, 3.8],
			"faces": {
				"north": {"uv": [0.75, 3.625, 0.8125, 3.6875], "texture": "#main"},
				"east": {"uv": [0.5, 3.875, 0.53125, 3.9375], "texture": "#main"},
				"south": {"uv": [3.625, 0.75, 3.6875, 0.8125], "texture": "#main"},
				"west": {"uv": [0.625, 3.875, 0.65625, 3.9375], "texture": "#main"},
				"up": {"uv": [1.1875, 3.90625, 1.125, 3.875], "texture": "#main"},
				"down": {"uv": [3.9375, 1.125, 3.875, 1.15625], "texture": "#main"}
			}
		},
		{
			"from": [13.7, 1.2, 6.2],
			"to": [14.8, 2.3, 6.8],
			"faces": {
				"north": {"uv": [3.625, 0.875, 3.6875, 0.9375], "texture": "#main"},
				"east": {"uv": [1.25, 3.875, 1.28125, 3.9375], "texture": "#main"},
				"south": {"uv": [1.625, 3.625, 1.6875, 3.6875], "texture": "#main"},
				"west": {"uv": [3.875, 1.25, 3.90625, 1.3125], "texture": "#main"},
				"up": {"uv": [1.4375, 3.90625, 1.375, 3.875], "texture": "#main"},
				"down": {"uv": [3.9375, 1.375, 3.875, 1.40625], "texture": "#main"}
			}
		}
	],
	"display": {
		"head": {
			"translation": [0, -2.25, 0],
			"scale": [1.6, 1.6, 1.6]
		}
	},
	"groups": [
		0,
		1,
		2,
		3,
		4,
		5,
		6,
		7,
		8,
		9,
		10,
		11,
		12,
		13,
		14,
		15,
		16,
		17,
		18,
		19,
		20,
		21,
		22,
		23,
		24,
		25,
		26,
		27,
		28,
		29,
		30,
		31,
		32,
		33,
		34,
		35,
		36,
		37,
		38,
		39,
		40,
		41,
		42,
		43,
		44,
		45,
		46,
		47,
		48,
		49,
		50,
		51,
		52,
		53,
		54,
		55,
		56,
		57,
		58,
		59,
		60,
		61,
		62,
		63,
		64,
		65,
		66,
		67,
		68,
		69,
		70,
		71,
		72,
		73,
		74,
		75,
		{
			"name": "Aerosmith",
			"origin": [8, 8, 8],
			"color": 0,
			"children": [
				{
					"name": "Body",
					"origin": [0, 0, 0],
					"color": 0,
					"children": [
						76,
						77,
						78,
						79,
						80,
						81,
						82,
						{
							"name": "Missile",
							"origin": [0, 0, 0],
							"color": 0,
							"children": [83, 84, 85, 86, 87, 88, 89]
						},
						{
							"name": "Capn",
							"origin": [0, 0, 0],
							"color": 0,
							"children": [90, 91, 92, 93, 94, 95]
						},
						96,
						97,
						98,
						99
					]
				},
				{
					"name": "Wings",
					"origin": [8, 8, 8],
					"color": 0,
					"children": [100, 101, 102, 103, 104, 105, 106, 107, 108]
				},
				{
					"name": "Wings",
					"origin": [8, 8, 8],
					"color": 0,
					"children": [109, 110, 111, 112, 113, 114, 115, 116, 117]
				},
				{
					"name": "B wing",
					"origin": [8, 8, 8],
					"color": 0,
					"children": [
						118,
						119,
						120,
						121,
						122,
						{
							"name": "B wing",
							"origin": [8, 8, 8],
							"color": 0,
							"children": [123, 124, 125, 126, 127, 128, 129, 130]
						}
					]
				},
				{
					"name": "B wing",
					"origin": [8, 8, 8],
					"color": 0,
					"children": [
						131,
						132,
						133,
						134,
						135,
						{
							"name": "B wing",
							"origin": [8, 8, 8],
							"color": 0,
							"children": [136, 137, 138, 139, 140, 141, 142, 143]
						}
					]
				},
				{
					"name": "Gun",
					"origin": [8, 8, 8],
					"color": 0,
					"children": [144, 145, 146, 147]
				},
				{
					"name": "Gun",
					"origin": [8, 8, 8],
					"color": 0,
					"children": [148, 149, 150, 151]
				}
			]
		}
	]
}