{
	"credit": "Made with Blockbench",
	"texture_size": [64, 64],
	"textures": {
		"0": "nw:stand/base/king_crimson"
	},
	"elements": [
		{
			"name": "Right Arm",
			"from": [14, 7, 6],
			"to": [17, 13, 10],
			"rotation": {"angle": 45, "axis": "z", "origin": [16, 12.54545, 8]},
			"faces": {
				"north": {"uv": [11, 5, 11.75, 6.5], "texture": "#0"},
				"east": {"uv": [10, 5, 11, 6.5], "texture": "#0"},
				"south": {"uv": [12.75, 5, 13.5, 6.5], "texture": "#0"},
				"west": {"uv": [11.75, 5, 12.75, 6.5], "texture": "#0"},
				"up": {"uv": [11.75, 5, 11, 4], "texture": "#0"},
				"down": {"uv": [0.75, 0, 0, 1], "texture": "#0"}
			}
		},
		{
			"name": "Right Arm Layer",
			"from": [13.75, 6.75, 5.75],
			"to": [17.25, 13.25, 10.25],
			"rotation": {"angle": 45, "axis": "z", "origin": [16, 12.54545, 8]},
			"faces": {
				"north": {"uv": [11, 9, 11.75, 10.5], "texture": "#0"},
				"east": {"uv": [10, 9, 11, 10.5], "texture": "#0"},
				"south": {"uv": [12.75, 9, 13.5, 10.5], "texture": "#0"},
				"west": {"uv": [11.75, 9, 12.75, 10.5], "texture": "#0"},
				"up": {"uv": [11.75, 9, 11, 8], "texture": "#0"},
				"down": {"uv": [0.75, 0, 0, 1], "texture": "#0"}
			}
		},
		{
			"name": "Right Arm",
			"from": [15.5823, 2.52653, 6],
			"to": [18.5823, 8.52653, 10],
			"rotation": {"angle": 22.5, "axis": "z", "origin": [17.5823, 14.07198, 8]},
			"faces": {
				"north": {"uv": [11, 6.5, 11.75, 8], "texture": "#0"},
				"east": {"uv": [10, 6.5, 11, 8], "texture": "#0"},
				"south": {"uv": [12.75, 6.5, 13.5, 8], "texture": "#0"},
				"west": {"uv": [11.75, 6.5, 12.75, 8], "texture": "#0"},
				"up": {"uv": [0.75, 1, 0, 0], "texture": "#0"},
				"down": {"uv": [12.5, 4, 11.75, 5], "texture": "#0"}
			}
		},
		{
			"name": "Right Arm Layer",
			"from": [15.3323, 2.27653, 5.75],
			"to": [18.8323, 8.77653, 10.25],
			"rotation": {"angle": 22.5, "axis": "z", "origin": [17.5823, 14.07198, 8]},
			"faces": {
				"north": {"uv": [11, 10.5, 11.75, 12], "texture": "#0"},
				"east": {"uv": [10, 10.5, 11, 12], "texture": "#0"},
				"south": {"uv": [12.75, 10.5, 13.5, 12], "texture": "#0"},
				"west": {"uv": [11.75, 10.5, 12.75, 12], "texture": "#0"},
				"up": {"uv": [0.75, 1, 0, 0], "texture": "#0"},
				"down": {"uv": [12.5, 8, 11.75, 9], "texture": "#0"}
			}
		},
		{
			"name": "Left Arm",
			"from": [-1, 7, 6],
			"to": [2, 13, 10],
			"rotation": {"angle": -45, "axis": "z", "origin": [1, 12.54545, 8]},
			"faces": {
				"north": {"uv": [9, 13, 9.75, 14.5], "texture": "#0"},
				"east": {"uv": [8, 13, 9, 14.5], "texture": "#0"},
				"south": {"uv": [10.75, 13, 11.5, 14.5], "texture": "#0"},
				"west": {"uv": [9.75, 13, 10.75, 14.5], "texture": "#0"},
				"up": {"uv": [9.75, 13, 9, 12], "texture": "#0"},
				"down": {"uv": [0.75, 0, 0, 1], "texture": "#0"}
			}
		},
		{
			"name": "Left Arm Layer",
			"from": [-1.25, 6.75, 5.75],
			"to": [2.25, 13.25, 10.25],
			"rotation": {"angle": -45, "axis": "z", "origin": [1, 12.54545, 8]},
			"faces": {
				"north": {"uv": [13, 13, 13.75, 14.5], "texture": "#0"},
				"east": {"uv": [12, 13, 13, 14.5], "texture": "#0"},
				"south": {"uv": [14.75, 13, 15.5, 14.5], "texture": "#0"},
				"west": {"uv": [13.75, 13, 14.75, 14.5], "texture": "#0"},
				"up": {"uv": [13.75, 13, 13, 12], "texture": "#0"},
				"down": {"uv": [0.75, 0, 0, 1], "texture": "#0"}
			}
		},
		{
			"name": "Left Arm",
			"from": [-2.36553, 2.85095, 6],
			"to": [0.63447, 8.85095, 10],
			"rotation": {"angle": -22.5, "axis": "z", "origin": [-0.36553, 14.3964, 8]},
			"faces": {
				"north": {"uv": [9, 14.5, 9.75, 16], "texture": "#0"},
				"east": {"uv": [8, 14.5, 9, 16], "texture": "#0"},
				"south": {"uv": [10.75, 14.5, 11.5, 16], "texture": "#0"},
				"west": {"uv": [9.75, 14.5, 10.75, 16], "texture": "#0"},
				"up": {"uv": [0.75, 1, 0, 0], "texture": "#0"},
				"down": {"uv": [10.5, 12, 9.75, 13], "texture": "#0"}
			}
		},
		{
			"name": "Left Arm Layer",
			"from": [-2.61553, 2.60095, 5.75],
			"to": [0.88447, 9.10095, 10.25],
			"rotation": {"angle": -22.5, "axis": "z", "origin": [-0.36553, 14.3964, 8]},
			"faces": {
				"north": {"uv": [13, 14.5, 13.75, 16], "texture": "#0"},
				"east": {"uv": [12, 14.5, 13, 16], "texture": "#0"},
				"south": {"uv": [14.75, 14.5, 15.5, 16], "texture": "#0"},
				"west": {"uv": [13.75, 14.5, 14.75, 16], "texture": "#0"},
				"up": {"uv": [0.75, 1, 0, 0], "texture": "#0"},
				"down": {"uv": [14.5, 12, 13.75, 13], "texture": "#0"}
			}
		}
	],
	"display": {
		"head": {
			"translation": [0, -14.75, 0],
			"scale": [1.6, 1.6, 1.6]
		}
	},
	"groups": [
		{
			"name": "RightArm",
			"origin": [5, 21.5, 0],
			"color": 0,
			"children": [0, 1, 2, 3]
		},
		{
			"name": "LeftArm",
			"origin": [-5, 21.5, 0],
			"color": 0,
			"children": [4, 5, 6, 7]
		}
	]
}