{
	"credit": "Made with Blockbench",
	"texture_size": [64, 64],
	"textures": {
		"0": "nw:stand/base/grateful_dead"
	},
	"elements": [
		{
			"name": "Head",
			"from": [4, 15, 4.54015],
			"to": [12, 23, 12.54015],
			"rotation": {"angle": 0, "axis": "y", "origin": [8, 12.54545, 8.54015]},
			"faces": {
				"north": {"uv": [2, 2, 4, 4], "texture": "#0"},
				"east": {"uv": [0, 2, 2, 4], "texture": "#0"},
				"south": {"uv": [6, 2, 8, 4], "texture": "#0"},
				"west": {"uv": [4, 2, 6, 4], "texture": "#0"},
				"up": {"uv": [4, 2, 2, 0], "texture": "#0"},
				"down": {"uv": [6, 0, 4, 2], "texture": "#0"}
			}
		},
		{
			"name": "Hat Layer",
			"from": [3.5, 14.5, 4.04015],
			"to": [12.5, 23.5, 13.04015],
			"rotation": {"angle": 0, "axis": "y", "origin": [8, 12.54545, 8.54015]},
			"faces": {
				"north": {"uv": [10, 2, 12, 4], "texture": "#0"},
				"east": {"uv": [8, 2, 10, 4], "texture": "#0"},
				"south": {"uv": [14, 2, 16, 4], "texture": "#0"},
				"west": {"uv": [12, 2, 14, 4], "texture": "#0"},
				"up": {"uv": [12, 2, 10, 0], "texture": "#0"},
				"down": {"uv": [14, 0, 12, 2], "texture": "#0"}
			}
		},
		{
			"name": "Body",
			"from": [4, 9, 7.54015],
			"to": [12, 15, 11.54015],
			"rotation": {"angle": -22.5, "axis": "x", "origin": [8, 12.54545, 8.54015]},
			"faces": {
				"north": {"uv": [5, 5, 7, 6.5], "texture": "#0"},
				"east": {"uv": [4, 5, 5, 6.5], "texture": "#0"},
				"south": {"uv": [8, 5, 10, 6.5], "texture": "#0"},
				"west": {"uv": [7, 5, 8, 6.5], "texture": "#0"},
				"up": {"uv": [7, 5, 5, 4], "texture": "#0"},
				"down": {"uv": [9, 4, 7, 5], "texture": "#0"}
			}
		},
		{
			"name": "Body Layer",
			"from": [3.75, 8.75, 7.29015],
			"to": [12.25, 15.25, 11.79015],
			"rotation": {"angle": -22.5, "axis": "x", "origin": [8, 12.54545, 8.54015]},
			"faces": {
				"north": {"uv": [5, 9, 7, 10.5], "texture": "#0"},
				"east": {"uv": [4, 9, 5, 10.5], "texture": "#0"},
				"south": {"uv": [8, 9, 10, 10.5], "texture": "#0"},
				"west": {"uv": [7, 9, 8, 10.5], "texture": "#0"},
				"up": {"uv": [7, 9, 5, 8], "texture": "#0"},
				"down": {"uv": [9, 8, 7, 9], "texture": "#0"}
			}
		},
		{
			"name": "Body",
			"from": [4, 8.41793, 8.66857],
			"to": [12, 10.41793, 12.66857],
			"rotation": {"angle": 0, "axis": "y", "origin": [8, 13.96338, 10.66857]},
			"faces": {
				"north": {"uv": [5, 6.5, 7, 7], "texture": "#0"},
				"east": {"uv": [4, 6.5, 5, 7], "texture": "#0"},
				"south": {"uv": [8, 6.5, 10, 7], "texture": "#0"},
				"west": {"uv": [7, 6.5, 8, 7], "texture": "#0"},
				"up": {"uv": [7, 5, 5, 4], "texture": "#0"},
				"down": {"uv": [7, 4, 5, 5], "texture": "#0"}
			}
		},
		{
			"from": [9, 5.41793, 9.12842],
			"to": [10, 8.41793, 10.12842],
			"rotation": {"angle": 0, "axis": "y", "origin": [9.5, 6.41793, 9.62842]},
			"faces": {
				"north": {"uv": [5.5, 7.25, 5.75, 7.75], "texture": "#0"},
				"east": {"uv": [5.5, 7.25, 5.75, 7.75], "texture": "#0"},
				"south": {"uv": [5.5, 7.25, 5.75, 7.75], "texture": "#0"},
				"west": {"uv": [5.5, 7.25, 5.75, 7.75], "texture": "#0"},
				"up": {"uv": [5.5, 7.25, 5.75, 7.5], "texture": "#0"},
				"down": {"uv": [5.5, 7.25, 5.75, 7.5], "texture": "#0"}
			}
		},
		{
			"from": [8.96194, 2.60927, 9.12842],
			"to": [9.96194, 5.60927, 10.12842],
			"rotation": {"angle": 22.5, "axis": "z", "origin": [9.46194, 5.60927, 9.62842]},
			"faces": {
				"north": {"uv": [5.5, 7.25, 5.75, 7.75], "texture": "#0"},
				"east": {"uv": [5.5, 7.25, 5.75, 7.75], "texture": "#0"},
				"south": {"uv": [5.5, 7.25, 5.75, 7.75], "texture": "#0"},
				"west": {"uv": [5.5, 7.25, 5.75, 7.75], "texture": "#0"},
				"up": {"uv": [5.5, 7.25, 5.75, 7.5], "texture": "#0"},
				"down": {"uv": [5.5, 7.25, 5.75, 7.5], "texture": "#0"}
			}
		},
		{
			"from": [6, 5.41793, 9.12842],
			"to": [7, 8.41793, 10.12842],
			"rotation": {"angle": 0, "axis": "y", "origin": [6.5, 6.41793, 9.62842]},
			"faces": {
				"north": {"uv": [5.5, 7.25, 5.75, 7.75], "texture": "#0"},
				"east": {"uv": [5.5, 7.25, 5.75, 7.75], "texture": "#0"},
				"south": {"uv": [5.5, 7.25, 5.75, 7.75], "texture": "#0"},
				"west": {"uv": [5.5, 7.25, 5.75, 7.75], "texture": "#0"},
				"up": {"uv": [5.5, 7.25, 5.75, 7.5], "rotation": 90, "texture": "#0"},
				"down": {"uv": [5.5, 7.25, 5.75, 7.5], "rotation": 270, "texture": "#0"}
			}
		},
		{
			"from": [6, 2.60927, 9.09036],
			"to": [7, 5.60927, 10.09036],
			"rotation": {"angle": -22.5, "axis": "x", "origin": [6.5, 5.60927, 9.59036]},
			"faces": {
				"north": {"uv": [5.5, 7.25, 5.75, 7.75], "texture": "#0"},
				"east": {"uv": [5.5, 7.25, 5.75, 7.75], "texture": "#0"},
				"south": {"uv": [5.5, 7.25, 5.75, 7.75], "texture": "#0"},
				"west": {"uv": [5.5, 7.25, 5.75, 7.75], "texture": "#0"},
				"up": {"uv": [5.5, 7.25, 5.75, 7.5], "rotation": 90, "texture": "#0"},
				"down": {"uv": [5.5, 7.25, 5.75, 7.5], "rotation": 270, "texture": "#0"}
			}
		},
		{
			"from": [6, 5.41793, 11.12842],
			"to": [7, 8.41793, 12.12842],
			"rotation": {"angle": 0, "axis": "y", "origin": [6.5, 6.41793, 11.62842]},
			"faces": {
				"north": {"uv": [5.5, 7.25, 5.75, 7.75], "texture": "#0"},
				"east": {"uv": [5.5, 7.25, 5.75, 7.75], "texture": "#0"},
				"south": {"uv": [5.5, 7.25, 5.75, 7.75], "texture": "#0"},
				"west": {"uv": [5.5, 7.25, 5.75, 7.75], "texture": "#0"},
				"up": {"uv": [5.5, 7.25, 5.75, 7.5], "rotation": 180, "texture": "#0"},
				"down": {"uv": [5.5, 7.25, 5.75, 7.5], "rotation": 180, "texture": "#0"}
			}
		},
		{
			"from": [6.03806, 2.60927, 11.12842],
			"to": [7.03806, 5.60927, 12.12842],
			"rotation": {"angle": -22.5, "axis": "z", "origin": [6.53806, 5.60927, 11.62842]},
			"faces": {
				"north": {"uv": [5.5, 7.25, 5.75, 7.75], "texture": "#0"},
				"east": {"uv": [5.5, 7.25, 5.75, 7.75], "texture": "#0"},
				"south": {"uv": [5.5, 7.25, 5.75, 7.75], "texture": "#0"},
				"west": {"uv": [5.5, 7.25, 5.75, 7.75], "texture": "#0"},
				"up": {"uv": [5.5, 7.25, 5.75, 7.5], "rotation": 180, "texture": "#0"},
				"down": {"uv": [5.5, 7.25, 5.75, 7.5], "rotation": 180, "texture": "#0"}
			}
		},
		{
			"from": [8.96194, 2.60927, 11.12842],
			"to": [9.96194, 5.60927, 12.12842],
			"rotation": {"angle": -22.5, "axis": "x", "origin": [9.46194, 5.60927, 11.62842]},
			"faces": {
				"north": {"uv": [5.5, 7.25, 5.75, 7.75], "texture": "#0"},
				"east": {"uv": [5.5, 7.25, 5.75, 7.75], "texture": "#0"},
				"south": {"uv": [5.5, 7.25, 5.75, 7.75], "texture": "#0"},
				"west": {"uv": [5.5, 7.25, 5.75, 7.75], "texture": "#0"},
				"up": {"uv": [5.5, 7.25, 5.75, 7.5], "rotation": 90, "texture": "#0"},
				"down": {"uv": [5.5, 7.25, 5.75, 7.5], "rotation": 270, "texture": "#0"}
			}
		},
		{
			"from": [8.96194, 5.41793, 11.16648],
			"to": [9.96194, 8.41793, 12.16648],
			"rotation": {"angle": 0, "axis": "y", "origin": [9.46194, 6.41793, 11.66648]},
			"faces": {
				"north": {"uv": [5.5, 7.25, 5.75, 7.75], "texture": "#0"},
				"east": {"uv": [5.5, 7.25, 5.75, 7.75], "texture": "#0"},
				"south": {"uv": [5.5, 7.25, 5.75, 7.75], "texture": "#0"},
				"west": {"uv": [5.5, 7.25, 5.75, 7.75], "texture": "#0"},
				"up": {"uv": [5.5, 7.25, 5.75, 7.5], "rotation": 90, "texture": "#0"},
				"down": {"uv": [5.5, 7.25, 5.75, 7.5], "rotation": 270, "texture": "#0"}
			}
		},
		{
			"name": "Left Arm",
			"from": [-0.25, 7, 7.04015],
			"to": [3.75, 15, 10.04015],
			"rotation": {"angle": -22.5, "axis": "z", "origin": [1.75, 10.54545, 8.54015]},
			"faces": {
				"north": {"uv": [10, 13, 11, 14.5], "texture": "#0"},
				"east": {"uv": [9.25, 13, 10, 14.5], "texture": "#0"},
				"south": {"uv": [8, 13, 9, 14.5], "texture": "#0"},
				"west": {"uv": [11, 13, 11.5, 14.5], "texture": "#0"},
				"up": {"uv": [10, 13, 9.25, 12.5], "rotation": 90, "texture": "#0"},
				"down": {"uv": [0.75, 0, 0, 1], "rotation": 270, "texture": "#0"}
			}
		},
		{
			"name": "Left Arm Layer",
			"from": [-0.5, 6.75, 6.79015],
			"to": [4, 15.25, 10.29015],
			"rotation": {"angle": -22.5, "axis": "z", "origin": [1.75, 10.54545, 8.54015]},
			"faces": {
				"north": {"uv": [14, 13, 15, 14.25], "texture": "#0"},
				"east": {"uv": [13.25, 13, 14, 14.25], "texture": "#0"},
				"south": {"uv": [12.25, 13, 13.25, 14.25], "texture": "#0"},
				"west": {"uv": [15, 13, 15.5, 14.25], "texture": "#0"},
				"up": {"uv": [14, 13, 13.5, 12.5], "rotation": 90, "texture": "#0"},
				"down": {"uv": [0.75, 0, 0, 1], "rotation": 270, "texture": "#0"}
			}
		},
		{
			"name": "Left Arm",
			"from": [-1.45454, -1.96475, 7.04015],
			"to": [2.54546, 8.03525, 10.04015],
			"rotation": {"angle": 0, "axis": "z", "origin": [0.54546, 11.5807, 8.54015]},
			"faces": {
				"north": {"uv": [10, 14.5, 11, 16], "texture": "#0"},
				"east": {"uv": [9, 14.5, 9.75, 16], "texture": "#0"},
				"south": {"uv": [8, 14.5, 9, 16], "texture": "#0"},
				"west": {"uv": [10.75, 14.5, 11.5, 16], "texture": "#0"},
				"up": {"uv": [0.75, 1, 0, 0], "rotation": 90, "texture": "#0"},
				"down": {"uv": [10.75, 12, 10, 13], "rotation": 270, "texture": "#0"}
			}
		},
		{
			"name": "Left Arm Layer",
			"from": [-1.70454, 0.78525, 6.79015],
			"to": [2.79546, 8.28525, 10.29015],
			"rotation": {"angle": 0, "axis": "z", "origin": [0.54546, 11.5807, 8.54015]},
			"faces": {
				"north": {"uv": [14, 14.25, 15, 15.5], "texture": "#0"},
				"east": {"uv": [13, 14.25, 13.75, 15.5], "texture": "#0"},
				"south": {"uv": [12, 14, 13, 15.5], "texture": "#0"},
				"west": {"uv": [15, 14.25, 15.5, 15.5], "texture": "#0"},
				"up": {"uv": [0.75, 1, 0, 0], "rotation": 90, "texture": "#0"},
				"down": {"uv": [14.75, 12, 14, 13], "rotation": 270, "texture": "#0"}
			}
		},
		{
			"from": [-0.25, -0.71927, 4.59463],
			"to": [1.75, 1.28073, 7.59463],
			"rotation": {"angle": 22.5, "axis": "x", "origin": [0.75, 0.28073, 3.84463]},
			"faces": {
				"north": {"uv": [11.75, 11.75, 12.25, 12], "texture": "#0"},
				"east": {"uv": [11.75, 11.5, 12.75, 12], "texture": "#0"},
				"south": {"uv": [11.75, 11.5, 12.25, 12], "texture": "#0"},
				"west": {"uv": [11.75, 11.5, 12.75, 12], "texture": "#0"},
				"up": {"uv": [11.75, 11.5, 12.25, 11.75], "rotation": 90, "texture": "#0"},
				"down": {"uv": [11.75, 11.75, 12.25, 12], "texture": "#0"}
			}
		},
		{
			"from": [-0.25, -1.00628, 2.30291],
			"to": [1.75, 0.99372, 5.30291],
			"rotation": {"angle": -22.5, "axis": "x", "origin": [0.75, -0.00628, 5.30291]},
			"faces": {
				"north": {"uv": [11.75, 11.5, 12.25, 12], "texture": "#0"},
				"east": {"uv": [11.75, 11.5, 12.75, 12], "texture": "#0"},
				"south": {"uv": [11.75, 11.5, 12.25, 12], "texture": "#0"},
				"west": {"uv": [11.75, 11.5, 12.75, 12], "texture": "#0"},
				"up": {"uv": [11.75, 11.5, 12.25, 11.75], "rotation": 90, "texture": "#0"},
				"down": {"uv": [11.75, 11.75, 12.25, 12], "texture": "#0"}
			}
		},
		{
			"from": [1.8282, -2.07612, 7.59463],
			"to": [4.8282, -0.07612, 9.59463],
			"rotation": {"angle": 22.5, "axis": "z", "origin": [1.5, -0.46927, 8.59463]},
			"faces": {
				"north": {"uv": [11.75, 11.5, 12.75, 12], "texture": "#0"},
				"east": {"uv": [11.75, 11.75, 12.25, 12], "texture": "#0"},
				"south": {"uv": [11.75, 11.5, 12.75, 12], "texture": "#0"},
				"west": {"uv": [11.75, 11.5, 12.25, 12], "texture": "#0"},
				"up": {"uv": [11.75, 11.5, 12.25, 11.75], "rotation": 180, "texture": "#0"},
				"down": {"uv": [11.75, 11.75, 12.25, 12], "rotation": 270, "texture": "#0"}
			}
		},
		{
			"from": [3.5754, 0.16212, 7.59463],
			"to": [6.5754, 2.16212, 9.59463],
			"rotation": {"angle": -22.5, "axis": "z", "origin": [1.5, -0.46927, 8.59463]},
			"faces": {
				"north": {"uv": [11.75, 11.5, 12.75, 12], "texture": "#0"},
				"east": {"uv": [11.75, 11.5, 12.25, 12], "texture": "#0"},
				"south": {"uv": [11.75, 11.5, 12.75, 12], "texture": "#0"},
				"west": {"uv": [11.75, 11.5, 12.25, 12], "texture": "#0"},
				"up": {"uv": [11.75, 11.5, 12.25, 11.75], "rotation": 180, "texture": "#0"},
				"down": {"uv": [11.75, 11.75, 12.25, 12], "rotation": 270, "texture": "#0"}
			}
		},
		{
			"from": [-5.5754, 0.16212, 7.59463],
			"to": [-2.5754, 2.16212, 9.59463],
			"rotation": {"angle": 22.5, "axis": "z", "origin": [-0.5, -0.46927, 8.59463]},
			"faces": {
				"north": {"uv": [11.75, 11.5, 12.75, 12], "texture": "#0"},
				"east": {"uv": [11.75, 11.5, 12.25, 12], "texture": "#0"},
				"south": {"uv": [11.75, 11.5, 12.75, 12], "texture": "#0"},
				"west": {"uv": [11.75, 11.5, 12.25, 12], "texture": "#0"},
				"up": {"uv": [11.75, 11.5, 12.25, 11.75], "texture": "#0"},
				"down": {"uv": [11.75, 11.75, 12.25, 12], "rotation": 90, "texture": "#0"}
			}
		},
		{
			"from": [-3.8282, -2.07612, 7.59463],
			"to": [-0.8282, -0.07612, 9.59463],
			"rotation": {"angle": -22.5, "axis": "z", "origin": [-0.5, -0.46927, 8.59463]},
			"faces": {
				"north": {"uv": [11.75, 11.5, 12.75, 12], "texture": "#0"},
				"east": {"uv": [11.75, 11.5, 12.25, 12], "texture": "#0"},
				"south": {"uv": [11.75, 11.5, 12.75, 12], "texture": "#0"},
				"west": {"uv": [11.75, 11.75, 12.25, 12], "texture": "#0"},
				"up": {"uv": [11.75, 11.5, 12.25, 11.75], "texture": "#0"},
				"down": {"uv": [11.75, 11.75, 12.25, 12], "rotation": 90, "texture": "#0"}
			}
		},
		{
			"name": "Left Arm",
			"from": [12.25, 7, 7.04015],
			"to": [16.25, 15, 10.04015],
			"rotation": {"angle": 22.5, "axis": "z", "origin": [14.25, 10.54545, 8.54015]},
			"faces": {
				"north": {"uv": [11, 13, 10, 14.5], "texture": "#0"},
				"east": {"uv": [11.5, 13, 10.75, 14.5], "texture": "#0"},
				"south": {"uv": [9, 13, 8, 14.5], "texture": "#0"},
				"west": {"uv": [9.75, 13, 9, 14.5], "texture": "#0"},
				"up": {"uv": [9.75, 12.5, 9, 13], "rotation": 90, "texture": "#0"},
				"down": {"uv": [0.75, 1, 0, 0], "rotation": 270, "texture": "#0"}
			}
		},
		{
			"name": "Left Arm Layer",
			"from": [12, 6.75, 6.79015],
			"to": [16.5, 15.25, 10.29015],
			"rotation": {"angle": 22.5, "axis": "z", "origin": [14.25, 10.54545, 8.54015]},
			"faces": {
				"north": {"uv": [15, 13, 14, 14.5], "texture": "#0"},
				"east": {"uv": [15.5, 13, 15, 14.5], "texture": "#0"},
				"south": {"uv": [13, 13, 12, 14.5], "texture": "#0"},
				"west": {"uv": [14, 13, 13.25, 14.5], "texture": "#0"},
				"up": {"uv": [14, 12.5, 13.5, 13], "rotation": 90, "texture": "#0"},
				"down": {"uv": [0.75, 1, 0, 0], "rotation": 270, "texture": "#0"}
			}
		},
		{
			"name": "Left Arm",
			"from": [13.45454, -1.96475, 7.04015],
			"to": [17.45454, 8.03525, 10.04015],
			"rotation": {"angle": 0, "axis": "z", "origin": [15.45454, 11.5807, 8.54015]},
			"faces": {
				"north": {"uv": [11, 14.5, 10, 16], "texture": "#0"},
				"east": {"uv": [11.5, 14.5, 10.75, 16], "texture": "#0"},
				"south": {"uv": [9, 14.5, 8, 16], "texture": "#0"},
				"west": {"uv": [9.75, 14.5, 9, 16], "texture": "#0"},
				"up": {"uv": [0.75, 0, 0, 1], "rotation": 90, "texture": "#0"},
				"down": {"uv": [10.75, 13, 10, 12], "rotation": 270, "texture": "#0"}
			}
		},
		{
			"name": "Left Arm Layer",
			"from": [13.20454, 0.78525, 6.79015],
			"to": [17.70454, 8.28525, 10.29015],
			"rotation": {"angle": 0, "axis": "z", "origin": [15.45454, 11.5807, 8.54015]},
			"faces": {
				"north": {"uv": [15, 14.25, 14, 15.5], "texture": "#0"},
				"east": {"uv": [15.5, 14.25, 14.75, 15.5], "texture": "#0"},
				"south": {"uv": [13, 14.25, 12, 15.5], "texture": "#0"},
				"west": {"uv": [13.75, 14.25, 13, 15.5], "texture": "#0"},
				"up": {"uv": [0.75, 0, 0, 1], "rotation": 90, "texture": "#0"},
				"down": {"uv": [14.75, 13, 14, 12], "rotation": 270, "texture": "#0"}
			}
		},
		{
			"from": [14.25, -0.71927, 4.59463],
			"to": [16.25, 1.28073, 7.59463],
			"rotation": {"angle": 22.5, "axis": "x", "origin": [15.25, 0.28073, 3.84463]},
			"faces": {
				"north": {"uv": [12.25, 11.75, 11.75, 12], "texture": "#0"},
				"east": {"uv": [12.75, 11.5, 11.75, 12], "texture": "#0"},
				"south": {"uv": [12.25, 11.5, 11.75, 12], "texture": "#0"},
				"west": {"uv": [12.75, 11.5, 11.75, 12], "texture": "#0"},
				"up": {"uv": [11.75, 11.75, 12.25, 11.5], "rotation": 90, "texture": "#0"},
				"down": {"uv": [12.25, 11.75, 11.75, 12], "texture": "#0"}
			}
		},
		{
			"from": [14.25, -1.00628, 2.30291],
			"to": [16.25, 0.99372, 5.30291],
			"rotation": {"angle": -22.5, "axis": "x", "origin": [15.25, -0.00628, 5.30291]},
			"faces": {
				"north": {"uv": [12.25, 11.5, 11.75, 12], "texture": "#0"},
				"east": {"uv": [12.75, 11.5, 11.75, 12], "texture": "#0"},
				"south": {"uv": [12.25, 11.5, 11.75, 12], "texture": "#0"},
				"west": {"uv": [12.75, 11.5, 11.75, 12], "texture": "#0"},
				"up": {"uv": [11.75, 11.75, 12.25, 11.5], "rotation": 90, "texture": "#0"},
				"down": {"uv": [12.25, 11.75, 11.75, 12], "texture": "#0"}
			}
		},
		{
			"from": [11.1718, -2.07612, 7.59463],
			"to": [14.1718, -0.07612, 9.59463],
			"rotation": {"angle": -22.5, "axis": "z", "origin": [14.5, -0.46927, 8.59463]},
			"faces": {
				"north": {"uv": [12.75, 11.5, 11.75, 12], "texture": "#0"},
				"east": {"uv": [12.25, 11.5, 11.75, 12], "texture": "#0"},
				"south": {"uv": [12.75, 11.5, 11.75, 12], "texture": "#0"},
				"west": {"uv": [12.25, 11.75, 11.75, 12], "texture": "#0"},
				"up": {"uv": [12.25, 11.5, 11.75, 11.75], "rotation": 180, "texture": "#0"},
				"down": {"uv": [11.75, 12, 12.25, 11.75], "rotation": 270, "texture": "#0"}
			}
		},
		{
			"from": [9.4246, 0.16212, 7.59463],
			"to": [12.4246, 2.16212, 9.59463],
			"rotation": {"angle": 22.5, "axis": "z", "origin": [14.5, -0.46927, 8.59463]},
			"faces": {
				"north": {"uv": [12.75, 11.5, 11.75, 12], "texture": "#0"},
				"east": {"uv": [12.25, 11.5, 11.75, 12], "texture": "#0"},
				"south": {"uv": [12.75, 11.5, 11.75, 12], "texture": "#0"},
				"west": {"uv": [12.25, 11.5, 11.75, 12], "texture": "#0"},
				"up": {"uv": [12.25, 11.5, 11.75, 11.75], "rotation": 180, "texture": "#0"},
				"down": {"uv": [11.75, 12, 12.25, 11.75], "rotation": 270, "texture": "#0"}
			}
		},
		{
			"from": [18.5754, 0.16212, 7.59463],
			"to": [21.5754, 2.16212, 9.59463],
			"rotation": {"angle": -22.5, "axis": "z", "origin": [16.5, -0.46927, 8.59463]},
			"faces": {
				"north": {"uv": [12.75, 11.5, 11.75, 12], "texture": "#0"},
				"east": {"uv": [12.25, 11.5, 11.75, 12], "texture": "#0"},
				"south": {"uv": [12.75, 11.5, 11.75, 12], "texture": "#0"},
				"west": {"uv": [12.25, 11.5, 11.75, 12], "texture": "#0"},
				"up": {"uv": [12.25, 11.5, 11.75, 11.75], "texture": "#0"},
				"down": {"uv": [11.75, 12, 12.25, 11.75], "rotation": 90, "texture": "#0"}
			}
		},
		{
			"from": [16.8282, -2.07612, 7.59463],
			"to": [19.8282, -0.07612, 9.59463],
			"rotation": {"angle": 22.5, "axis": "z", "origin": [16.5, -0.46927, 8.59463]},
			"faces": {
				"north": {"uv": [12.75, 11.5, 11.75, 12], "texture": "#0"},
				"east": {"uv": [12.25, 11.75, 11.75, 12], "texture": "#0"},
				"south": {"uv": [12.75, 11.5, 11.75, 12], "texture": "#0"},
				"west": {"uv": [12.25, 11.5, 11.75, 12], "texture": "#0"},
				"up": {"uv": [12.25, 11.5, 11.75, 11.75], "texture": "#0"},
				"down": {"uv": [11.75, 12, 12.25, 11.75], "rotation": 90, "texture": "#0"}
			}
		}
	],
	"display": {
		"head": {
			"translation": [0, -28.75, 0],
			"scale": [1.6, 1.6, 1.6]
		}
	},
	"groups": [
		{
			"name": "Head",
			"origin": [0, 24, 0],
			"color": 0,
			"children": [0, 1]
		},
		{
			"name": "Body",
			"origin": [0, 24, 0],
			"color": 0,
			"children": [
				2,
				3,
				{
					"name": "Body",
					"origin": [0, 24, 0],
					"color": 0,
					"children": [4, 5, 6, 7, 8, 9, 10, 11, 12]
				}
			]
		},
		{
			"name": "LeftArm",
			"origin": [-5, 21.5, 0],
			"color": 0,
			"children": [13, 14, 15, 16, 17, 18, 19, 20, 21, 22]
		},
		{
			"name": "LeftArm",
			"origin": [-5, 21.5, 0],
			"color": 0,
			"children": [23, 24, 25, 26, 27, 28, 29, 30, 31, 32]
		}
	]
}