{
	"credit": "Made with Blockbench",
	"textures": {
		"0": "nw:stand/base/killer_queen",
		"particle": "nw:stand/base/killer_queen"
	},
	"elements": [
		{
			"name": "head",
			"from": [3.5, 18.5, 4.25],
			"to": [11.5, 26.5, 12.25],
			"rotation": {"angle": 22.5, "axis": "y", "origin": [8, 19.5, 8]},
			"faces": {
				"north": {"uv": [4, 2, 6, 4], "texture": "#0"},
				"east": {"uv": [2, 2, 4, 4], "texture": "#0"},
				"south": {"uv": [0, 2, 2, 4], "texture": "#0"},
				"west": {"uv": [6, 2, 8, 4], "texture": "#0"},
				"up": {"uv": [4, 2, 2, 0], "rotation": 90, "texture": "#0"},
				"down": {"uv": [6, 0, 4, 2], "rotation": 270, "texture": "#0"}
			}
		},
		{
			"name": "body",
			"from": [4, 6.5, 6],
			"to": [12, 18.5, 10],
			"rotation": {"angle": -22.5, "axis": "y", "origin": [8, 12.5125, 8]},
			"faces": {
				"north": {"uv": [5, 5, 7, 7.98], "texture": "#0"},
				"east": {"uv": [4, 5, 5, 8], "texture": "#0"},
				"south": {"uv": [8, 5, 10, 8], "texture": "#0"},
				"west": {"uv": [7, 5, 8, 7.98], "texture": "#0"},
				"up": {"uv": [7, 5, 5, 4], "texture": "#0"},
				"down": {"uv": [9, 4, 7, 5], "texture": "#0"}
			}
		},
		{
			"name": "right_arm",
			"from": [12, 14.625, 1.875],
			"to": [16, 18.625, 7.875],
			"rotation": {"angle": 22.5, "axis": "x", "origin": [13.9975, 16.625, 7]},
			"faces": {
				"north": {"uv": [13, 4, 12, 5], "rotation": 180, "texture": "#0"},
				"east": {"uv": [10, 5, 11, 6.5], "rotation": 270, "texture": "#0"},
				"south": {"uv": [12, 5, 11, 4], "texture": "#0"},
				"west": {"uv": [12, 5, 13, 6.5], "rotation": 90, "texture": "#0"},
				"up": {"uv": [11, 5, 12, 6.5], "rotation": 180, "texture": "#0"},
				"down": {"uv": [13, 5, 14, 6.5], "texture": "#0"}
			}
		},
		{
			"name": "left_arm",
			"from": [0, 15.625, 2.875],
			"to": [4, 19.625, 8.875],
			"rotation": {"angle": -22.5, "axis": "x", "origin": [2, 17.625, 8]},
			"faces": {
				"north": {"uv": [11, 12, 10, 13], "rotation": 180, "texture": "#0"},
				"east": {"uv": [8, 13, 9, 14.5], "rotation": 270, "texture": "#0"},
				"south": {"uv": [10, 13, 9, 12], "texture": "#0"},
				"west": {"uv": [10, 13, 11, 14.5], "rotation": 90, "texture": "#0"},
				"up": {"uv": [9, 13, 10, 14.5], "rotation": 180, "texture": "#0"},
				"down": {"uv": [11, 13, 12, 14.5], "texture": "#0"}
			}
		},
		{
			"name": "right_leg",
			"from": [8, -5.5, 6],
			"to": [12, 6.5, 10],
			"rotation": {"angle": -22.5, "axis": "x", "origin": [10, 6.5, 8]},
			"faces": {
				"north": {"uv": [1, 5, 2, 8], "texture": "#0"},
				"east": {"uv": [0, 5, 1, 8], "texture": "#0"},
				"south": {"uv": [3, 5, 4, 8], "texture": "#0"},
				"west": {"uv": [2, 5, 3, 8], "texture": "#0"},
				"up": {"uv": [2, 5, 1, 4], "texture": "#0"},
				"down": {"uv": [3, 4, 2, 5], "texture": "#0"}
			}
		},
		{
			"name": "left_leg",
			"from": [4, 0.5, 6],
			"to": [8, 6.5, 10],
			"rotation": {"angle": 45, "axis": "x", "origin": [6, 6.5, 8]},
			"faces": {
				"north": {"uv": [5, 13, 6, 14.5], "texture": "#0"},
				"east": {"uv": [4, 13, 5, 14.5], "texture": "#0"},
				"south": {"uv": [7, 13, 8, 14.5], "texture": "#0"},
				"west": {"uv": [6, 13, 7, 14.5], "texture": "#0"},
				"up": {"uv": [6, 13, 5, 12], "texture": "#0"},
				"down": {"uv": [7, 12, 6, 13], "texture": "#0"}
			}
		},
		{
			"name": "head_2nd_layer",
			"from": [3.25, 18.25, 3.75],
			"to": [11.75, 26.75, 12.75],
			"rotation": {"angle": 22.5, "axis": "y", "origin": [8, 19.5, 8]},
			"faces": {
				"north": {"uv": [12, 2, 14, 4], "texture": "#0"},
				"east": {"uv": [10, 2, 12, 4], "texture": "#0"},
				"south": {"uv": [8, 2, 10, 4], "texture": "#0"},
				"west": {"uv": [14, 2, 16, 4], "texture": "#0"},
				"up": {"uv": [12, 2, 10, 0], "rotation": 90, "texture": "#0"},
				"down": {"uv": [14, 0, 12, 2], "rotation": 270, "texture": "#0"}
			}
		},
		{
			"name": "body_2nd_layer",
			"from": [4, 6.02, 5.75],
			"to": [12, 19.03, 10.25],
			"rotation": {"angle": -22.5, "axis": "y", "origin": [8, 12.5125, 8]},
			"faces": {
				"north": {"uv": [5, 9, 7, 12], "texture": "#0"},
				"east": {"uv": [4, 9, 5, 12], "texture": "#0"},
				"south": {"uv": [8, 9, 10, 12], "texture": "#0"},
				"west": {"uv": [7, 9, 8, 12], "texture": "#0"},
				"up": {"uv": [7, 9, 5, 8], "texture": "#0"},
				"down": {"uv": [9, 8, 7, 9], "texture": "#0"}
			}
		},
		{
			"name": "right_arm_2nd_layer",
			"from": [11.75, 14.375, 1.875],
			"to": [16.24, 18.875, 8.125],
			"rotation": {"angle": 22.5, "axis": "x", "origin": [13.9975, 16.625, 7]},
			"faces": {
				"north": {"uv": [13, 8, 12, 9], "rotation": 180, "texture": "#0"},
				"east": {"uv": [10, 9, 11, 10.5], "rotation": 270, "texture": "#0"},
				"south": {"uv": [12, 9, 11, 8], "texture": "#0"},
				"west": {"uv": [12, 9, 13, 10.5], "rotation": 90, "texture": "#0"},
				"up": {"uv": [11, 9, 12, 10.5], "rotation": 180, "texture": "#0"},
				"down": {"uv": [13, 9, 14, 10.5], "texture": "#0"}
			}
		},
		{
			"name": "left_arm_2nd_layer",
			"from": [-0.25, 15.375, 2.875],
			"to": [4.25, 19.875, 9.125],
			"rotation": {"angle": -22.5, "axis": "x", "origin": [2, 17.625, 8]},
			"faces": {
				"north": {"uv": [15, 12, 14, 13], "rotation": 180, "texture": "#0"},
				"east": {"uv": [12, 13, 13, 14.5], "rotation": 270, "texture": "#0"},
				"south": {"uv": [14, 13, 13, 12], "texture": "#0"},
				"west": {"uv": [14, 13, 15, 14.5], "rotation": 90, "texture": "#0"},
				"up": {"uv": [13, 13, 14, 14.5], "rotation": 180, "texture": "#0"},
				"down": {"uv": [15, 13, 15.75, 14.5], "texture": "#0"}
			}
		},
		{
			"name": "right_arm",
			"from": [12.001, 17.751, 0.001],
			"to": [15.999, 23.749, 3.999],
			"rotation": {"angle": 0, "axis": "x", "origin": [13.9975, 16.625, 7]},
			"faces": {
				"north": {"uv": [13, 6.5, 14, 8], "rotation": 180, "texture": "#0"},
				"east": {"uv": [10, 6.5, 11, 8], "rotation": 180, "texture": "#0"},
				"south": {"uv": [11, 6.5, 12, 8], "rotation": 180, "texture": "#0"},
				"west": {"uv": [12, 6.5, 13, 8], "rotation": 180, "texture": "#0"},
				"up": {"uv": [13, 4, 12, 5], "texture": "#0"},
				"down": {"uv": [12, 5, 11, 4], "texture": "#0"}
			}
		},
		{
			"name": "left_arm",
			"from": [0.001, 10.501, 2.001],
			"to": [3.999, 16.499, 5.999],
			"rotation": {"angle": 0, "axis": "x", "origin": [2, 17.625, 8]},
			"faces": {
				"north": {"uv": [9, 14.5, 10, 16], "texture": "#0"},
				"east": {"uv": [8, 14.5, 9, 16], "texture": "#0"},
				"south": {"uv": [11, 14.5, 12, 16], "texture": "#0"},
				"west": {"uv": [10, 14.5, 11, 16], "texture": "#0"},
				"up": {"uv": [10, 13, 9, 12], "texture": "#0"},
				"down": {"uv": [11, 12, 10, 13], "texture": "#0"}
			}
		},
		{
			"name": "left_arm_2nd_layer",
			"from": [-0.249, 10.751, 1.501],
			"to": [4.249, 16.749, 6.249],
			"rotation": {"angle": 0, "axis": "x", "origin": [2, 17.625, 8]},
			"faces": {
				"north": {"uv": [13, 14.5, 14, 16], "texture": "#0"},
				"east": {"uv": [12, 14.5, 13, 16], "texture": "#0"},
				"south": {"uv": [15, 14.5, 15.75, 16], "texture": "#0"},
				"west": {"uv": [14, 14.5, 15, 16], "texture": "#0"},
				"up": {"uv": [16, 5, 15, 4], "texture": "#0"},
				"down": {"uv": [15, 12, 14, 13], "texture": "#0"}
			}
		},
		{
			"name": "right_arm_2nd_layer",
			"from": [11.751, 17.501, -0.499],
			"to": [16.239, 23.499, 4.249],
			"rotation": {"angle": 0, "axis": "x", "origin": [13.9975, 16.625, 7]},
			"faces": {
				"north": {"uv": [13, 10.5, 14, 12], "rotation": 180, "texture": "#0"},
				"east": {"uv": [10, 10.5, 11, 12], "rotation": 180, "texture": "#0"},
				"south": {"uv": [11, 10.5, 12, 12], "rotation": 180, "texture": "#0"},
				"west": {"uv": [12, 10.5, 13, 12], "rotation": 180, "texture": "#0"},
				"up": {"uv": [13, 8, 12, 9], "texture": "#0"},
				"down": {"uv": [14, 1, 13, 0], "texture": "#0"}
			}
		},
		{
			"name": "right_leg_2nd_layer",
			"from": [7.5, -5.75, 5.75],
			"to": [12.25, 6.75, 10.25],
			"rotation": {"angle": -22.5, "axis": "x", "origin": [10, 6.5, 8]},
			"faces": {
				"north": {"uv": [1, 9, 2, 12], "texture": "#0"},
				"east": {"uv": [0, 9, 1, 12], "texture": "#0"},
				"south": {"uv": [3, 9, 4, 12], "texture": "#0"},
				"west": {"uv": [2, 9, 3, 12], "texture": "#0"},
				"up": {"uv": [2, 9, 1, 8], "texture": "#0"},
				"down": {"uv": [3, 8, 2, 9], "texture": "#0"}
			}
		},
		{
			"name": "left_leg_2nd_layer",
			"from": [3.75, 0.75, 5.5],
			"to": [8.25, 6.75, 10.25],
			"rotation": {"angle": 45, "axis": "x", "origin": [6, 6.5, 8]},
			"faces": {
				"north": {"uv": [1, 13, 2, 14.5], "texture": "#0"},
				"east": {"uv": [0, 13, 1, 14.5], "texture": "#0"},
				"south": {"uv": [3, 13, 4, 14.5], "texture": "#0"},
				"west": {"uv": [2, 13, 3, 14.5], "texture": "#0"},
				"up": {"uv": [2, 12, 1, 11], "texture": "#0"},
				"down": {"uv": [3, 12, 2, 13], "texture": "#0"}
			}
		},
		{
			"name": "left_leg_2nd_layer",
			"from": [3.751, -0.499, 1.501],
			"to": [8.249, 5.499, 6.249],
			"rotation": {"angle": -22.5, "axis": "x", "origin": [6, 6.5, 8]},
			"faces": {
				"north": {"uv": [1, 14.5, 2, 16], "texture": "#0"},
				"east": {"uv": [0, 14.5, 1, 16], "texture": "#0"},
				"south": {"uv": [3, 14.5, 4, 16], "texture": "#0"},
				"west": {"uv": [2, 14.5, 3, 16], "texture": "#0"},
				"up": {"uv": [16, 9.5, 15, 8.5], "texture": "#0"},
				"down": {"uv": [3, 12, 2, 13], "texture": "#0"}
			}
		},
		{
			"name": "left_leg",
			"from": [4.001, -0.249, 2.001],
			"to": [7.999, 5.749, 5.999],
			"rotation": {"angle": -22.5, "axis": "x", "origin": [6, 6.5, 8]},
			"faces": {
				"north": {"uv": [5, 14.5, 6, 16], "texture": "#0"},
				"east": {"uv": [4, 14.5, 5, 16], "texture": "#0"},
				"south": {"uv": [7, 14.5, 8, 16], "texture": "#0"},
				"west": {"uv": [6, 14.5, 7, 16], "texture": "#0"},
				"up": {"uv": [6, 13, 5, 12], "texture": "#0"},
				"down": {"uv": [7, 12, 6, 13], "texture": "#0"}
			}
		}
	],
	"display": {
		"head": {
			"rotation": [-4.02, 69.4, 4.24],
			"translation": [0, -23.5, 0],
			"scale": [1.6, 1.6, 1.6]
		}
	},
	"groups": [
		{
			"name": "steve",
			"origin": [8, 8, 8],
			"color": 0,
			"children": []
		},
		0,
		1,
		2,
		3,
		4,
		5,
		6,
		7,
		8,
		9,
		10,
		11,
		12,
		13,
		14,
		15,
		16,
		17
	]
}