{
	"credit": "Made with Blockbench",
	"texture_size": [64, 64],
	"textures": {
		"0": "nw:stand/base/king_crimson"
	},
	"elements": [
		{
			"name": "Head",
			"from": [4, 13, 4],
			"to": [12, 21, 12],
			"rotation": {"angle": 0, "axis": "z", "origin": [8, 13.54545, 8]},
			"faces": {
				"north": {"uv": [2, 2, 4, 4], "texture": "#0"},
				"east": {"uv": [0, 2, 2, 4], "texture": "#0"},
				"south": {"uv": [6, 2, 8, 4], "texture": "#0"},
				"west": {"uv": [4, 2, 6, 4], "texture": "#0"},
				"up": {"uv": [4, 2, 2, 0], "texture": "#0"},
				"down": {"uv": [6, 0, 4, 2], "texture": "#0"}
			}
		},
		{
			"name": "Hat Layer",
			"from": [3.5, 12.5, 3.5],
			"to": [12.5, 21.5, 12.5],
			"rotation": {"angle": 0, "axis": "z", "origin": [8, 13.54545, 8]},
			"faces": {
				"north": {"uv": [10, 2, 12, 4], "texture": "#0"},
				"east": {"uv": [8, 2, 10, 4], "texture": "#0"},
				"south": {"uv": [14, 2, 16, 4], "texture": "#0"},
				"west": {"uv": [12, 2, 14, 4], "texture": "#0"},
				"up": {"uv": [12, 2, 10, 0], "texture": "#0"},
				"down": {"uv": [14, 0, 12, 2], "texture": "#0"}
			}
		},
		{
			"name": "Body",
			"from": [4, 7, 6],
			"to": [12, 13, 10],
			"rotation": {"angle": -22.5, "axis": "y", "origin": [8, 13.54545, 8]},
			"faces": {
				"north": {"uv": [5, 5, 7, 6.5], "texture": "#0"},
				"east": {"uv": [4, 5, 5, 6.5], "texture": "#0"},
				"south": {"uv": [8, 5, 10, 6.5], "texture": "#0"},
				"west": {"uv": [7, 5, 8, 6.5], "texture": "#0"},
				"up": {"uv": [7, 5, 5, 4], "texture": "#0"},
				"down": {"uv": [9, 4, 7, 5], "texture": "#0"}
			}
		},
		{
			"name": "Body Layer",
			"from": [3.75, 6.75, 5.75],
			"to": [12.25, 13.25, 10.25],
			"rotation": {"angle": -22.5, "axis": "y", "origin": [8, 13.54545, 8]},
			"faces": {
				"north": {"uv": [5, 9, 7, 10.5], "texture": "#0"},
				"east": {"uv": [4, 9, 5, 10.5], "texture": "#0"},
				"south": {"uv": [8, 9, 10, 10.5], "texture": "#0"},
				"west": {"uv": [7, 9, 8, 10.5], "texture": "#0"},
				"up": {"uv": [7, 9, 5, 8], "texture": "#0"},
				"down": {"uv": [9, 8, 7, 9], "texture": "#0"}
			}
		},
		{
			"name": "Body",
			"from": [4, 1, 6],
			"to": [12, 7, 10],
			"rotation": {"angle": -22.5, "axis": "y", "origin": [8, 13.54545, 8]},
			"faces": {
				"north": {"uv": [5, 6.5, 7, 8], "texture": "#0"},
				"east": {"uv": [4, 6.5, 5, 8], "texture": "#0"},
				"south": {"uv": [8, 6.5, 10, 8], "texture": "#0"},
				"west": {"uv": [7, 6.5, 8, 8], "texture": "#0"},
				"up": {"uv": [7, 5, 5, 4], "texture": "#0"},
				"down": {"uv": [9, 4, 7, 5], "texture": "#0"}
			}
		},
		{
			"name": "Body Layer",
			"from": [3.75, 0.75, 5.75],
			"to": [12.25, 7.25, 10.25],
			"rotation": {"angle": -22.5, "axis": "y", "origin": [8, 13.54545, 8]},
			"faces": {
				"north": {"uv": [5, 10.5, 7, 12], "texture": "#0"},
				"east": {"uv": [4, 10.5, 5, 12], "texture": "#0"},
				"south": {"uv": [8, 10.5, 10, 12], "texture": "#0"},
				"west": {"uv": [7, 10.5, 8, 12], "texture": "#0"},
				"up": {"uv": [7, 9, 5, 8], "texture": "#0"},
				"down": {"uv": [9, 8, 7, 9], "texture": "#0"}
			}
		},
		{
			"name": "Right Arm",
			"from": [11, 8, 8],
			"to": [14, 14, 12],
			"rotation": {"angle": 22.5, "axis": "z", "origin": [14, 12.54545, 8]},
			"faces": {
				"north": {"uv": [12.75, 5, 13.5, 6.5], "texture": "#0"},
				"east": {"uv": [11.75, 5, 12.75, 6.5], "texture": "#0"},
				"south": {"uv": [11, 5, 11.75, 6.5], "texture": "#0"},
				"west": {"uv": [10, 5, 11, 6.5], "texture": "#0"},
				"up": {"uv": [11.75, 5, 11, 4], "rotation": 180, "texture": "#0"},
				"down": {"uv": [0.75, 0, 0, 1], "rotation": 180, "texture": "#0"}
			}
		},
		{
			"name": "Right Arm Layer",
			"from": [10.75, 7.75, 7.75],
			"to": [14.25, 14.25, 12.25],
			"rotation": {"angle": 22.5, "axis": "z", "origin": [14, 12.54545, 8]},
			"faces": {
				"north": {"uv": [12.75, 9, 13.5, 10.5], "texture": "#0"},
				"east": {"uv": [11.75, 9, 12.75, 10.5], "texture": "#0"},
				"south": {"uv": [11, 9, 11.75, 10.5], "texture": "#0"},
				"west": {"uv": [10, 9, 11, 10.5], "texture": "#0"},
				"up": {"uv": [11.75, 9, 11, 8], "rotation": 180, "texture": "#0"},
				"down": {"uv": [0.75, 0, 0, 1], "rotation": 180, "texture": "#0"}
			}
		},
		{
			"name": "Right Arm",
			"from": [14.23771, 4.84117, 8],
			"to": [20.23771, 7.84117, 12],
			"rotation": {"angle": 22.5, "axis": "z", "origin": [9.69226, 5.84117, 8]},
			"faces": {
				"north": {"uv": [12.75, 6.5, 13.5, 8], "rotation": 90, "texture": "#0"},
				"east": {"uv": [12.5, 4, 11.75, 5], "rotation": 90, "texture": "#0"},
				"south": {"uv": [11, 6.5, 11.75, 8], "rotation": 270, "texture": "#0"},
				"west": {"uv": [0.75, 1, 0, 0], "rotation": 90, "texture": "#0"},
				"up": {"uv": [11.75, 6.5, 12.75, 8], "rotation": 270, "texture": "#0"},
				"down": {"uv": [10, 6.5, 11, 8], "rotation": 270, "texture": "#0"}
			}
		},
		{
			"name": "Right Arm Layer",
			"from": [13.98771, 4.59117, 7.75],
			"to": [20.48771, 8.09117, 12.25],
			"rotation": {"angle": 22.5, "axis": "z", "origin": [9.69226, 5.84117, 8]},
			"faces": {
				"north": {"uv": [12.75, 10.5, 13.5, 12], "rotation": 90, "texture": "#0"},
				"east": {"uv": [12.5, 8, 11.75, 9], "rotation": 90, "texture": "#0"},
				"south": {"uv": [11, 10.5, 11.75, 12], "rotation": 270, "texture": "#0"},
				"west": {"uv": [0.75, 1, 0, 0], "rotation": 90, "texture": "#0"},
				"up": {"uv": [11.75, 10.5, 12.75, 12], "rotation": 270, "texture": "#0"},
				"down": {"uv": [10, 10.5, 11, 12], "rotation": 270, "texture": "#0"}
			}
		},
		{
			"name": "Left Arm",
			"from": [2.25, 7, 4.75],
			"to": [5.25, 13, 8.75],
			"rotation": {"angle": -22.5, "axis": "z", "origin": [3.25, 12.54545, 6.75]},
			"faces": {
				"north": {"uv": [11, 13, 11.75, 14.5], "texture": "#0"},
				"east": {"uv": [10, 13, 11, 14.5], "texture": "#0"},
				"south": {"uv": [9.25, 13, 10, 14.5], "texture": "#0"},
				"west": {"uv": [8, 13, 9, 14.5], "texture": "#0"},
				"up": {"uv": [9.75, 13, 9, 12], "rotation": 180, "texture": "#0"},
				"down": {"uv": [0.75, 0, 0, 1], "rotation": 180, "texture": "#0"}
			}
		},
		{
			"name": "Left Arm Layer",
			"from": [2, 6.75, 4.5],
			"to": [5.5, 13.25, 9],
			"rotation": {"angle": -22.5, "axis": "z", "origin": [3.25, 12.54545, 6.75]},
			"faces": {
				"north": {"uv": [15, 13, 15.75, 14.5], "texture": "#0"},
				"east": {"uv": [14.025, 13, 15.025, 14.5], "texture": "#0"},
				"south": {"uv": [13.275, 13, 14.025, 14.5], "texture": "#0"},
				"west": {"uv": [12, 13, 13, 14.5], "texture": "#0"},
				"up": {"uv": [13.75, 13, 13, 12], "rotation": 180, "texture": "#0"},
				"down": {"uv": [0.75, 0, 0, 1], "rotation": 180, "texture": "#0"}
			}
		},
		{
			"name": "Left Arm",
			"from": [-3.02439, 6.65676, 4.75],
			"to": [2.97561, 9.65676, 8.75],
			"rotation": {"angle": 0, "axis": "z", "origin": [8.52106, 8.65676, 6.75]},
			"faces": {
				"north": {"uv": [11, 14.5, 11.75, 16], "rotation": 270, "texture": "#0"},
				"east": {"uv": [0.75, 1, 0, 0], "rotation": 270, "texture": "#0"},
				"south": {"uv": [9.25, 14.5, 10, 16], "rotation": 90, "texture": "#0"},
				"west": {"uv": [10.5, 12, 9.75, 13], "rotation": 270, "texture": "#0"},
				"up": {"uv": [8, 14.5, 9, 16], "rotation": 90, "texture": "#0"},
				"down": {"uv": [10, 14.5, 11, 16], "rotation": 90, "texture": "#0"}
			}
		},
		{
			"name": "Left Arm Layer",
			"from": [-3.27439, 6.40676, 4.5],
			"to": [3.22561, 9.90676, 9],
			"rotation": {"angle": 0, "axis": "z", "origin": [8.52106, 8.65676, 6.75]},
			"faces": {
				"north": {"uv": [15, 14.5, 15.75, 16], "rotation": 270, "texture": "#0"},
				"east": {"uv": [0.75, 1, 0, 0], "rotation": 270, "texture": "#0"},
				"south": {"uv": [13.25, 14.5, 14, 16], "rotation": 90, "texture": "#0"},
				"west": {"uv": [14.5, 12, 13.75, 13], "rotation": 270, "texture": "#0"},
				"up": {"uv": [12, 14.5, 13, 16], "rotation": 90, "texture": "#0"},
				"down": {"uv": [14, 14.5, 15, 16], "rotation": 90, "texture": "#0"}
			}
		},
		{
			"name": "Right Leg",
			"from": [7.9, -5, 6],
			"to": [11.9, 1, 10],
			"rotation": {"angle": 22.5, "axis": "y", "origin": [8, 0.54545, 8]},
			"faces": {
				"north": {"uv": [1, 5, 2, 6.5], "texture": "#0"},
				"east": {"uv": [0, 5, 1, 6.5], "texture": "#0"},
				"south": {"uv": [3, 5, 4, 6.5], "texture": "#0"},
				"west": {"uv": [2, 5, 3, 6.5], "texture": "#0"},
				"up": {"uv": [2, 5, 1, 4], "texture": "#0"},
				"down": {"uv": [3, 4, 2, 5], "texture": "#0"}
			}
		},
		{
			"name": "Right Leg Layer",
			"from": [7.65, -5.25, 5.75],
			"to": [12.15, 1.25, 10.25],
			"rotation": {"angle": 22.5, "axis": "y", "origin": [8, 0.54545, 8]},
			"faces": {
				"north": {"uv": [1, 9, 2, 10.5], "texture": "#0"},
				"east": {"uv": [0, 9, 1, 10.5], "texture": "#0"},
				"south": {"uv": [3, 9, 4, 10.5], "texture": "#0"},
				"west": {"uv": [2, 9, 3, 10.5], "texture": "#0"},
				"up": {"uv": [2, 9, 1, 8], "texture": "#0"},
				"down": {"uv": [1, 0, 0, 1], "texture": "#0"}
			}
		},
		{
			"name": "Right Leg",
			"from": [7.9, -11, 6],
			"to": [11.9, -5, 10],
			"rotation": {"angle": 22.5, "axis": "y", "origin": [8, 0.54545, 8]},
			"faces": {
				"north": {"uv": [1, 6.5, 2, 8], "texture": "#0"},
				"east": {"uv": [0, 6.5, 1, 8], "texture": "#0"},
				"south": {"uv": [3, 6.5, 4, 8], "texture": "#0"},
				"west": {"uv": [2, 6.5, 3, 8], "texture": "#0"},
				"up": {"uv": [1, 1, 0, 0], "texture": "#0"},
				"down": {"uv": [3, 4, 2, 5], "texture": "#0"}
			}
		},
		{
			"name": "Right Leg Layer",
			"from": [7.65, -11.25, 5.75],
			"to": [12.15, -4.75, 10.25],
			"rotation": {"angle": 22.5, "axis": "y", "origin": [8, 0.54545, 8]},
			"faces": {
				"north": {"uv": [1, 10.5, 2, 12], "texture": "#0"},
				"east": {"uv": [0, 10.5, 1, 12], "texture": "#0"},
				"south": {"uv": [3, 10.5, 4, 12], "texture": "#0"},
				"west": {"uv": [2, 10.5, 3, 12], "texture": "#0"},
				"up": {"uv": [1, 1, 0, 0], "texture": "#0"},
				"down": {"uv": [3, 8, 2, 9], "texture": "#0"}
			}
		},
		{
			"name": "Left Leg",
			"from": [2.45455, 0.54545, 6.9],
			"to": [8.45455, 4.54545, 10.9],
			"rotation": {"angle": 45, "axis": "z", "origin": [8, 0.54545, 8]},
			"faces": {
				"north": {"uv": [4, 13, 5, 14.5], "rotation": 270, "texture": "#0"},
				"east": {"uv": [6, 13, 5, 12], "texture": "#0"},
				"south": {"uv": [6, 13, 7, 14.5], "rotation": 90, "texture": "#0"},
				"west": {"uv": [7, 12, 6, 13], "rotation": 180, "texture": "#0"},
				"up": {"uv": [5, 13, 6, 14.5], "rotation": 90, "texture": "#0"},
				"down": {"uv": [7, 13, 8, 14.5], "rotation": 90, "texture": "#0"}
			}
		},
		{
			"name": "Left Leg Layer",
			"from": [2.20455, 0.29545, 6.65],
			"to": [8.70455, 4.79545, 11.15],
			"rotation": {"angle": 45, "axis": "z", "origin": [8, 0.54545, 8]},
			"faces": {
				"north": {"uv": [0, 13, 1, 14.5], "rotation": 270, "texture": "#0"},
				"east": {"uv": [2, 13, 1, 12], "texture": "#0"},
				"south": {"uv": [2, 13, 3, 14.5], "rotation": 90, "texture": "#0"},
				"west": {"uv": [1, 0, 0, 1], "rotation": 180, "texture": "#0"},
				"up": {"uv": [1, 13, 2, 14.5], "rotation": 90, "texture": "#0"},
				"down": {"uv": [3, 13, 4, 14.5], "rotation": 90, "texture": "#0"}
			}
		},
		{
			"name": "Left Leg",
			"from": [-1.17629, -6.43874, 6.9],
			"to": [2.82371, -0.43874, 10.9],
			"rotation": {"angle": 22.5, "axis": "z", "origin": [2.82371, 6.10671, 8]},
			"faces": {
				"north": {"uv": [4, 14.5, 5, 16], "texture": "#0"},
				"east": {"uv": [7, 14.5, 8, 16], "texture": "#0"},
				"south": {"uv": [6, 14.5, 7, 16], "texture": "#0"},
				"west": {"uv": [5, 14.5, 6, 16], "texture": "#0"},
				"up": {"uv": [1, 1, 0, 0], "rotation": 270, "texture": "#0"},
				"down": {"uv": [7, 12, 6, 13], "rotation": 90, "texture": "#0"}
			}
		},
		{
			"name": "Left Leg Layer",
			"from": [-1.42629, -6.68874, 6.65],
			"to": [3.07371, -0.18874, 11.15],
			"rotation": {"angle": 22.5, "axis": "z", "origin": [2.82371, 6.10671, 8]},
			"faces": {
				"north": {"uv": [0, 14.5, 1, 16], "texture": "#0"},
				"east": {"uv": [3, 14.5, 4, 16], "texture": "#0"},
				"south": {"uv": [2, 14.5, 3, 16], "texture": "#0"},
				"west": {"uv": [1, 14.5, 2, 16], "texture": "#0"},
				"up": {"uv": [1, 1, 0, 0], "rotation": 270, "texture": "#0"},
				"down": {"uv": [3, 12, 2, 13], "rotation": 90, "texture": "#0"}
			}
		}
	],
	"display": {
		"head": {
			"translation": [0, -14.5, 0],
			"scale": [1.6, 1.6, 1.6]
		}
	},
	"groups": [
		{
			"name": "Head",
			"origin": [0, 24, 0],
			"color": 0,
			"children": [0, 1]
		},
		{
			"name": "Body",
			"origin": [0, 24, 0],
			"color": 0,
			"children": [
				2,
				3,
				{
					"name": "Body",
					"origin": [0, 24, 0],
					"color": 0,
					"children": [4, 5]
				}
			]
		},
		{
			"name": "RightArm",
			"origin": [5, 21.5, 0],
			"color": 0,
			"children": [6, 7, 8, 9]
		},
		{
			"name": "LeftArm",
			"origin": [-5, 21.5, 0],
			"color": 0,
			"children": [10, 11, 12, 13]
		},
		{
			"name": "RightLeg",
			"origin": [1.9, 12, 0],
			"color": 0,
			"children": [
				14,
				15,
				{
					"name": "RightLeg",
					"origin": [1.9, 12, 0],
					"color": 0,
					"children": [16, 17]
				}
			]
		},
		{
			"name": "LeftLeg",
			"origin": [-1.9, 12, 0],
			"color": 0,
			"children": [
				18,
				19,
				{
					"name": "LeftLeg",
					"origin": [-1.9, 12, 0],
					"color": 0,
					"children": [20, 21]
				}
			]
		}
	]
}