{
	"credit": "Made with Blockbench",
	"texture_size": [64, 64],
	"textures": {
		"0": "nw:stand/base/magicians_red"
	},
	"elements": [
		{
			"name": "Head",
			"from": [0.25, 22, 2],
			"to": [7.75, 29, 9.5],
			"rotation": {"angle": 0, "axis": "y", "origin": [4, 18, 6]},
			"faces": {
				"north": {"uv": [2, 2, 4, 4], "texture": "#0"},
				"east": {"uv": [6, 2, 8, 4], "texture": "#0"},
				"south": {"uv": [4, 2, 6, 4], "texture": "#0"},
				"west": {"uv": [4, 2, 6, 4], "texture": "#0"},
				"up": {"uv": [4, 2, 2, 0], "rotation": 270, "texture": "#0"},
				"down": {"uv": [6, 0, 4, 2], "rotation": 90, "texture": "#0"}
			}
		},
		{
			"name": "Face_layer",
			"from": [0.125, 21.75, 1.9],
			"to": [7.875, 29.5, 9.9],
			"rotation": {"angle": 0, "axis": "y", "origin": [4, 18, 6]},
			"faces": {
				"north": {"uv": [10, 2, 12, 4], "texture": "#0"},
				"east": {"uv": [8, 2, 10, 4], "texture": "#0"},
				"south": {"uv": [14, 2, 16, 4], "texture": "#0"},
				"west": {"uv": [12, 2, 14, 4], "texture": "#0"},
				"up": {"uv": [12, 2, 10, 0], "texture": "#0"},
				"down": {"uv": [14, 0, 12, 2], "texture": "#0"}
			}
		},
		{
			"name": "Beak",
			"from": [2.25, 24.49853, 2.46365],
			"to": [5.75, 25.74853, 5.46365],
			"rotation": {"angle": -22.5, "axis": "x", "origin": [4, 17.5, 6]},
			"faces": {
				"north": {"uv": [3.75, 3.75, 2.25, 3.5], "rotation": 180, "texture": "#0"},
				"east": {"uv": [2.75, 3.75, 2.25, 3.5], "rotation": 270, "texture": "#0"},
				"south": {"uv": [3.75, 3.75, 2.25, 3.5], "texture": "#0"},
				"west": {"uv": [3.5, 3.75, 3.5, 3.5], "rotation": 90, "texture": "#0"},
				"up": {"uv": [2.25, 3.75, 3.75, 3.5], "rotation": 180, "texture": "#0"},
				"down": {"uv": [2.5, 3.5, 3.5, 3.25], "texture": "#0"}
			}
		},
		{
			"name": "Beak",
			"from": [3, 25.40076, 4.90076],
			"to": [5, 26.40076, 6.15076],
			"rotation": {"angle": -45, "axis": "x", "origin": [4, 17.5, 6]},
			"faces": {
				"north": {"uv": [3.25, 3.75, 2.75, 3.5], "texture": "#0"},
				"east": {"uv": [2.75, 3.75, 2.25, 3.5], "rotation": 270, "texture": "#0"},
				"south": {"uv": [3.75, 3.75, 2.25, 3.5], "texture": "#0"},
				"west": {"uv": [3.5, 3.75, 3.5, 3.5], "rotation": 90, "texture": "#0"},
				"up": {"uv": [2.5, 3.75, 3.5, 3.5], "rotation": 180, "texture": "#0"},
				"down": {"uv": [2.25, 3.75, 3.75, 3.5], "texture": "#0"}
			}
		},
		{
			"name": "Beak",
			"from": [2.25, 23.95076, 5.65076],
			"to": [5.65, 24.45076, 8.65076],
			"rotation": {"angle": -45, "axis": "x", "origin": [4, 17.5, 6]},
			"faces": {
				"north": {"uv": [3.75, 3.75, 2.25, 3.5], "rotation": 180, "texture": "#0"},
				"east": {"uv": [2.5, 3.75, 2.25, 3.5], "rotation": 270, "texture": "#0"},
				"south": {"uv": [3.75, 3.75, 2.25, 3.5], "texture": "#0"},
				"west": {"uv": [2.25, 3.75, 2.25, 3.5], "rotation": 90, "texture": "#0"},
				"up": {"uv": [2.25, 3.75, 3.75, 3.5], "rotation": 180, "texture": "#0"},
				"down": {"uv": [2.25, 3.75, 3.75, 3.5], "texture": "#0"}
			}
		},
		{
			"name": "Ear?(2)",
			"from": [3.5, 28, 3.78635],
			"to": [4.5, 29, 8.78635],
			"rotation": {"angle": 22.5, "axis": "x", "origin": [4, 18, 6]},
			"faces": {
				"north": {"uv": [11, 1.75, 11.25, 2.25], "rotation": 90, "texture": "#0"},
				"east": {"uv": [11, 0, 10.75, 0.5], "rotation": 270, "texture": "#0"},
				"south": {"uv": [10.75, 0, 11, 0.25], "rotation": 270, "texture": "#0"},
				"west": {"uv": [11, 0.5, 10.75, 0], "rotation": 270, "texture": "#0"},
				"up": {"uv": [10.75, 0, 11, 0.5], "rotation": 180, "texture": "#0"},
				"down": {"uv": [10.75, 0, 11, 0.5], "rotation": 270, "texture": "#0"}
			}
		},
		{
			"name": "Ear?(2)",
			"from": [3.625, 18, 16.25],
			"to": [4.375, 20, 17.25],
			"rotation": {"angle": -45, "axis": "x", "origin": [4, 18, 6]},
			"faces": {
				"north": {"uv": [10.75, 0, 11, 0.5], "rotation": 90, "texture": "#0"},
				"east": {"uv": [11, 0, 10.75, 0.5], "rotation": 180, "texture": "#0"},
				"south": {"uv": [10.75, 0, 11, 0.5], "rotation": 180, "texture": "#0"},
				"west": {"uv": [11, 0.5, 10.75, 0], "texture": "#0"},
				"up": {"uv": [11, 1.75, 11.25, 2.25], "rotation": 270, "texture": "#0"},
				"down": {"uv": [10.75, 0, 11, 0.25], "rotation": 270, "texture": "#0"}
			}
		},
		{
			"name": "Ear?(2)",
			"from": [3.625, 15.15076, 15.15076],
			"to": [4.375, 18.15076, 16.15076],
			"rotation": {"angle": -45, "axis": "x", "origin": [4, 18, 6]},
			"faces": {
				"north": {"uv": [10.75, 0, 11, 0.5], "rotation": 90, "texture": "#0"},
				"east": {"uv": [11, 0, 10.75, 0.5], "rotation": 180, "texture": "#0"},
				"south": {"uv": [10.75, 0, 11, 0.5], "rotation": 180, "texture": "#0"},
				"west": {"uv": [11, 0.5, 10.75, 0], "texture": "#0"},
				"up": {"uv": [11, 1.75, 11.25, 2.25], "rotation": 270, "texture": "#0"},
				"down": {"uv": [10.75, 0, 11, 0.25], "rotation": 270, "texture": "#0"}
			}
		},
		{
			"name": "Ear?(2)",
			"from": [3.5, 26.39853, 4.78635],
			"to": [4.5, 27.39853, 9.78635],
			"rotation": {"angle": 22.5, "axis": "x", "origin": [4, 18, 6]},
			"faces": {
				"north": {"uv": [11, 1.75, 11.25, 2.25], "rotation": 90, "texture": "#0"},
				"east": {"uv": [11, 0, 10.75, 0.5], "rotation": 270, "texture": "#0"},
				"south": {"uv": [10.75, 0, 11, 0.25], "rotation": 270, "texture": "#0"},
				"west": {"uv": [11, 0.5, 10.75, 0], "rotation": 270, "texture": "#0"},
				"up": {"uv": [10.75, 0, 11, 0.5], "rotation": 180, "texture": "#0"},
				"down": {"uv": [10.75, 0, 11, 0.5], "rotation": 270, "texture": "#0"}
			}
		},
		{
			"name": "Body",
			"from": [0, 11, -5],
			"to": [8, 23, -1],
			"rotation": {"angle": 22.5, "axis": "x", "origin": [4, -1, 0]},
			"faces": {
				"north": {"uv": [5, 5, 7, 8], "texture": "#0"},
				"east": {"uv": [4, 5, 5, 8], "texture": "#0"},
				"south": {"uv": [8, 5, 10, 8], "texture": "#0"},
				"west": {"uv": [7, 5, 8, 8], "texture": "#0"},
				"up": {"uv": [7, 5, 5, 4], "texture": "#0"},
				"down": {"uv": [9, 4, 7, 5], "texture": "#0"}
			}
		},
		{
			"name": "Body Layer",
			"from": [-0.25, 10.75, -5.25],
			"to": [8.25, 23.25, -0.75],
			"rotation": {"angle": 22.5, "axis": "x", "origin": [4, -1, 0]},
			"faces": {
				"north": {"uv": [5, 9, 7, 12], "texture": "#0"},
				"east": {"uv": [4, 9, 5, 12], "texture": "#0"},
				"south": {"uv": [8, 9, 10, 12], "texture": "#0"},
				"west": {"uv": [7, 9, 8, 12], "texture": "#0"},
				"up": {"uv": [7, 9, 5, 8], "texture": "#0"},
				"down": {"uv": [9, 8, 7, 9], "texture": "#0"}
			}
		},
		{
			"name": "Left Arm",
			"from": [-10, 16, 3],
			"to": [-4, 20, 7],
			"rotation": {"angle": -22.5, "axis": "z", "origin": [-3, 20, 0]},
			"faces": {
				"north": {"uv": [11, 14.25, 12, 16], "rotation": 270, "texture": "#0"},
				"east": {"uv": [10, 13, 9, 12], "rotation": 270, "texture": "#0"},
				"south": {"uv": [9, 14.25, 10, 16], "rotation": 90, "texture": "#0"},
				"west": {"uv": [11, 12, 10, 13], "rotation": 270, "texture": "#0"},
				"up": {"uv": [8, 14.25, 9, 16], "rotation": 90, "texture": "#0"},
				"down": {"uv": [10, 14.25, 11, 16], "rotation": 90, "texture": "#0"}
			}
		},
		{
			"name": "Left Arm",
			"from": [-4.25, 16, 3],
			"to": [0, 22.5, 7.25],
			"rotation": {"angle": -22.5, "axis": "z", "origin": [-3, 20, 0]},
			"faces": {
				"north": {"uv": [9, 13, 10, 14.75], "texture": "#0"},
				"east": {"uv": [8, 13, 9, 14.5], "texture": "#0"},
				"south": {"uv": [11, 13, 12, 14.5], "texture": "#0"},
				"west": {"uv": [10, 13, 11, 14.5], "texture": "#0"},
				"up": {"uv": [10, 13, 9, 12], "texture": "#0"},
				"down": {"uv": [11, 12, 10, 13], "texture": "#0"}
			}
		},
		{
			"name": "Left Arm Layer",
			"from": [-9.25, 15.75, 2.75],
			"to": [-2.75, 20.25, 7.25],
			"rotation": {"angle": -22.5, "axis": "z", "origin": [-3, 20, 0]},
			"faces": {
				"north": {"uv": [13, 13, 14, 16], "rotation": 270, "texture": "#0"},
				"east": {"uv": [14, 13, 13, 12], "rotation": 90, "texture": "#0"},
				"south": {"uv": [15, 13, 16, 16], "rotation": 90, "texture": "#0"},
				"west": {"uv": [15, 12, 14, 13], "rotation": 90, "texture": "#0"},
				"up": {"uv": [14, 13, 15, 16], "rotation": 90, "texture": "#0"},
				"down": {"uv": [12, 13, 13, 16], "rotation": 90, "texture": "#0"}
			}
		},
		{
			"name": "Right Leg",
			"from": [3.9, 0, 0],
			"to": [7.9, 12, 4],
			"rotation": {"angle": 0, "axis": "y", "origin": [4, -1, 0]},
			"faces": {
				"north": {"uv": [1, 5, 2, 8], "texture": "#0"},
				"east": {"uv": [0, 5, 1, 8], "texture": "#0"},
				"south": {"uv": [3, 5, 4, 8], "texture": "#0"},
				"west": {"uv": [2, 5, 3, 8], "texture": "#0"},
				"up": {"uv": [2, 5, 1, 4], "texture": "#0"},
				"down": {"uv": [3, 4, 2, 5], "texture": "#0"}
			}
		},
		{
			"name": "bracers",
			"from": [3.89, -0.75, -0.1],
			"to": [8.14, 0.5, 4.15],
			"rotation": {"angle": 0, "axis": "y", "origin": [4, -1, 0]},
			"faces": {
				"north": {"uv": [5.75, 15.5, 6.75, 15.75], "texture": "#0"},
				"east": {"uv": [2, 15, 3, 15.25], "texture": "#0"},
				"south": {"uv": [1.5, 15, 2.5, 15.25], "texture": "#0"},
				"west": {"uv": [1, 15, 2, 15.25], "texture": "#0"},
				"up": {"uv": [15.5, 6.75, 14.5, 5.75], "texture": "#0"},
				"down": {"uv": [3, 15, 2, 15.25], "texture": "#0"}
			}
		},
		{
			"name": "bracers",
			"from": [3.75, 1.5, -0.1],
			"to": [8, 4.75, 4.15],
			"rotation": {"angle": 0, "axis": "y", "origin": [4, -1, 0]},
			"faces": {
				"north": {"uv": [2.5, 14.25, 3.25, 15.25], "texture": "#0"},
				"east": {"uv": [2.5, 14.25, 3.25, 15.25], "texture": "#0"},
				"south": {"uv": [2.5, 14.25, 3.25, 15.25], "texture": "#0"},
				"west": {"uv": [2.5, 14.25, 3.25, 15.25], "texture": "#0"},
				"up": {"uv": [15.5, 6.75, 14.5, 5.75], "texture": "#0"},
				"down": {"uv": [3, 15, 2, 15.25], "texture": "#0"}
			}
		},
		{
			"name": "bracers",
			"from": [0, -0.05, -0.1],
			"to": [4.25, 1.2, 4.15],
			"rotation": {"angle": 0, "axis": "y", "origin": [4, -1, 0]},
			"faces": {
				"north": {"uv": [5.75, 15.5, 6.75, 15.75], "texture": "#0"},
				"east": {"uv": [2, 15, 3, 15.25], "texture": "#0"},
				"south": {"uv": [1.5, 15, 2.5, 15.25], "texture": "#0"},
				"west": {"uv": [1, 15, 2, 15.25], "texture": "#0"},
				"up": {"uv": [15.5, 6.75, 14.5, 5.75], "texture": "#0"},
				"down": {"uv": [3, 15, 2, 15.25], "texture": "#0"}
			}
		},
		{
			"name": "bracers",
			"from": [0, 1.95, -0.1],
			"to": [4.25, 5.2, 4.15],
			"rotation": {"angle": 0, "axis": "y", "origin": [4, -1, 0]},
			"faces": {
				"north": {"uv": [2.5, 14.25, 3.25, 15.25], "texture": "#0"},
				"east": {"uv": [2.5, 14.25, 3.25, 15.25], "texture": "#0"},
				"south": {"uv": [2.5, 14.25, 3.25, 15.25], "texture": "#0"},
				"west": {"uv": [2.5, 14.25, 3.25, 15.25], "texture": "#0"},
				"up": {"uv": [15.5, 6.75, 14.5, 5.75], "texture": "#0"},
				"down": {"uv": [3, 15, 2, 15.25], "texture": "#0"}
			}
		},
		{
			"name": "Left Leg",
			"from": [0.1, 0.5, 0],
			"to": [4.1, 12, 4],
			"rotation": {"angle": 0, "axis": "y", "origin": [4, -1, 0]},
			"faces": {
				"north": {"uv": [5, 13, 6, 16], "texture": "#0"},
				"east": {"uv": [4, 13, 5, 16], "texture": "#0"},
				"south": {"uv": [7, 13, 8, 16], "texture": "#0"},
				"west": {"uv": [6, 13, 7, 16], "texture": "#0"},
				"up": {"uv": [6, 13, 5, 12], "texture": "#0"},
				"down": {"uv": [7, 12, 6, 13], "texture": "#0"}
			}
		},
		{
			"name": "Left Arm",
			"from": [11.25, 15, 3],
			"to": [16.25, 19, 7],
			"rotation": {"angle": 22.5, "axis": "z", "origin": [11, 20, 0]},
			"faces": {
				"north": {"uv": [11, 16, 12, 14.25], "rotation": 270, "texture": "#0"},
				"east": {"uv": [11, 13, 10, 12], "rotation": 270, "texture": "#0"},
				"south": {"uv": [9, 16, 10, 14.5], "rotation": 90, "texture": "#0"},
				"west": {"uv": [10, 12, 9, 13], "rotation": 270, "texture": "#0"},
				"up": {"uv": [8, 16, 9, 14.25], "rotation": 90, "texture": "#0"},
				"down": {"uv": [10, 16, 11, 14.5], "rotation": 90, "texture": "#0"}
			}
		},
		{
			"name": "Left Arm",
			"from": [7, 15, 3],
			"to": [11.25, 22.5, 7.25],
			"rotation": {"angle": 22.5, "axis": "z", "origin": [11, 20, 0]},
			"faces": {
				"north": {"uv": [9, 14.75, 10, 13], "rotation": 180, "texture": "#0"},
				"east": {"uv": [10, 14.75, 11, 13], "rotation": 180, "texture": "#0"},
				"south": {"uv": [11, 14.5, 12, 13], "rotation": 180, "texture": "#0"},
				"west": {"uv": [8, 14.5, 9, 13], "rotation": 180, "texture": "#0"},
				"up": {"uv": [10, 12, 9, 13], "rotation": 180, "texture": "#0"},
				"down": {"uv": [11, 13, 10, 12], "rotation": 180, "texture": "#0"}
			}
		},
		{
			"name": "Left Arm Layer",
			"from": [10.75, 14.75, 2.75],
			"to": [16.25, 19.25, 7.25],
			"rotation": {"angle": 22.5, "axis": "z", "origin": [11, 20, 0]},
			"faces": {
				"north": {"uv": [13, 16, 14, 14.5], "rotation": 270, "texture": "#0"},
				"east": {"uv": [15, 13, 14, 12], "rotation": 90, "texture": "#0"},
				"south": {"uv": [15, 16, 16, 14.5], "rotation": 90, "texture": "#0"},
				"west": {"uv": [14, 12, 13, 13], "rotation": 90, "texture": "#0"},
				"up": {"uv": [14, 16, 15, 14.5], "rotation": 90, "texture": "#0"},
				"down": {"uv": [12, 16, 13, 14.5], "rotation": 90, "texture": "#0"}
			}
		}
	],
	"display": {
		"thirdperson_righthand": {
			"rotation": [45.5, 0, 0],
			"translation": [-2, -13.5, 17.75]
		},
		"head": {
			"translation": [6.25, -30.5, 12.75],
			"scale": [1.6, 1.6, 1.6]
		}
	},
	"groups": [
		{
			"name": "Head",
			"origin": [0, 24, 0],
			"color": 0,
			"children": [0, 1, 2, 3, 4, 5, 6, 7, 8]
		},
		{
			"name": "Body",
			"origin": [0, 24, 0],
			"color": 0,
			"children": [9, 10]
		},
		{
			"name": "LeftArm",
			"origin": [-5, 22, 0],
			"color": 0,
			"children": [11, 12, 13]
		},
		{
			"name": "RightLeg",
			"origin": [1.9, 12, 0],
			"color": 0,
			"children": [14, 15, 16]
		},
		{
			"name": "LeftLeg",
			"origin": [-1.9, 12, 0],
			"color": 0,
			"children": [17, 18, 19]
		},
		{
			"name": "LeftArm",
			"origin": [-5, 22, 0],
			"color": 0,
			"children": [20, 21, 22]
		}
	]
}