{
	"credit": "Made with Blockbench",
	"texture_size": [32, 32],
	"textures": {
		"0": "nw:stand/base/pearl_jam",
		"particle": "nw:stand/base/pearl_jam"
	},
	"elements": [
		{
			"from": [5.5, 6, 6.5],
			"to": [10.5, 9, 9.5],
			"faces": {
				"north": {"uv": [0, 0, 2.5, 1.5], "texture": "#0"},
				"east": {"uv": [6, 1.5, 7.5, 3], "texture": "#0"},
				"south": {"uv": [0, 2, 2.5, 3.5], "texture": "#0"},
				"west": {"uv": [3, 6, 4.5, 7.5], "texture": "#0"},
				"up": {"uv": [5.5, 1.5, 3, 0], "texture": "#0"},
				"down": {"uv": [5.5, 2, 3, 3.5], "texture": "#0"}
			}
		},
		{
			"from": [5.6, 4.2, 6.6],
			"to": [10.4, 6, 9.4],
			"faces": {
				"north": {"uv": [0, 6, 2.5, 7], "texture": "#0"},
				"east": {"uv": [6, 3.5, 7.5, 4.5], "texture": "#0"},
				"south": {"uv": [6, 0, 8.5, 1], "texture": "#0"},
				"west": {"uv": [5, 6, 6.5, 7], "texture": "#0"},
				"up": {"uv": [2.5, 5.5, 0, 4], "texture": "#0"},
				"down": {"uv": [5.5, 4, 3, 5.5], "texture": "#0"}
			}
		},
		{
			"from": [7.8, 9, 7.3],
			"to": [8.2, 9.9, 7.5],
			"rotation": {"angle": 0, "axis": "y", "origin": [8, 9, 8]},
			"faces": {
				"north": {"uv": [9, 3, 9.5, 3.75], "texture": "#0"},
				"east": {"uv": [3, 9.5, 3.375, 10.25], "texture": "#0"},
				"south": {"uv": [9, 4.5, 9.5, 5.25], "texture": "#0"},
				"west": {"uv": [4, 9.5, 4.375, 10.25], "texture": "#0"},
				"up": {"uv": [12.5, 1.375, 12, 1], "texture": "#0"},
				"down": {"uv": [12.5, 2, 12, 2.375], "texture": "#0"}
			}
		},
		{
			"from": [7.8, 9, 8.5],
			"to": [8.2, 9.9, 8.7],
			"rotation": {"angle": 0, "axis": "y", "origin": [8, 9, 8]},
			"faces": {
				"north": {"uv": [5, 9, 5.5, 9.75], "texture": "#0"},
				"east": {"uv": [7, 9.5, 7.375, 10.25], "texture": "#0"},
				"south": {"uv": [6, 9, 6.5, 9.75], "texture": "#0"},
				"west": {"uv": [10, 0, 10.375, 0.75], "texture": "#0"},
				"up": {"uv": [3.5, 12.375, 3, 12], "texture": "#0"},
				"down": {"uv": [12.5, 3, 12, 3.375], "texture": "#0"}
			}
		},
		{
			"from": [7.3, 9, 7.8],
			"to": [7.5, 9.9, 8.2],
			"rotation": {"angle": 0, "axis": "y", "origin": [8, 9, 8]},
			"faces": {
				"north": {"uv": [10, 1.5, 10.375, 2.25], "texture": "#0"},
				"east": {"uv": [9, 6, 9.5, 6.75], "texture": "#0"},
				"south": {"uv": [10, 3, 10.375, 3.75], "texture": "#0"},
				"west": {"uv": [9, 7.5, 9.5, 8.25], "texture": "#0"},
				"up": {"uv": [4.375, 12.5, 4, 12], "texture": "#0"},
				"down": {"uv": [12.375, 4, 12, 4.5], "texture": "#0"}
			}
		},
		{
			"from": [8.5, 9, 7.8],
			"to": [8.7, 9.9, 8.2],
			"rotation": {"angle": 0, "axis": "y", "origin": [8, 9, 8]},
			"faces": {
				"north": {"uv": [10, 4.5, 10.375, 5.25], "texture": "#0"},
				"east": {"uv": [8, 9, 8.5, 9.75], "texture": "#0"},
				"south": {"uv": [10, 6, 10.375, 6.75], "texture": "#0"},
				"west": {"uv": [9, 9, 9.5, 9.75], "texture": "#0"},
				"up": {"uv": [12.375, 5.5, 12, 5], "texture": "#0"},
				"down": {"uv": [12.375, 6, 12, 6.5], "texture": "#0"}
			}
		},
		{
			"from": [7.5, 9, 7.5],
			"to": [8.5, 10, 8.5],
			"faces": {
				"north": {"uv": [6, 5, 6.5, 5.5], "texture": "#0"},
				"east": {"uv": [10, 7.5, 10.5, 8], "texture": "#0"},
				"south": {"uv": [10, 8.5, 10.5, 9], "texture": "#0"},
				"west": {"uv": [10, 9.5, 10.5, 10], "texture": "#0"},
				"up": {"uv": [0.5, 11, 0, 10.5], "texture": "#0"},
				"down": {"uv": [1.5, 10.5, 1, 11], "texture": "#0"}
			}
		},
		{
			"from": [7.5, 11.8, 7.5],
			"to": [8.5, 12.8, 8.5],
			"faces": {
				"north": {"uv": [2, 10.5, 2.5, 11], "texture": "#0"},
				"east": {"uv": [5, 10.5, 5.5, 11], "texture": "#0"},
				"south": {"uv": [6, 10.5, 6.5, 11], "texture": "#0"},
				"west": {"uv": [8, 10.5, 8.5, 11], "texture": "#0"},
				"up": {"uv": [9.5, 11, 9, 10.5], "texture": "#0"},
				"down": {"uv": [10.5, 10.5, 10, 11], "texture": "#0"}
			}
		},
		{
			"from": [7.6, 10, 7.6],
			"to": [8.4, 11.8, 8.4],
			"faces": {
				"north": {"uv": [7, 5, 7.5, 6], "texture": "#0"},
				"east": {"uv": [7, 6.5, 7.5, 7.5], "texture": "#0"},
				"south": {"uv": [0, 7.5, 0.5, 8.5], "texture": "#0"},
				"west": {"uv": [1, 7.5, 1.5, 8.5], "texture": "#0"},
				"up": {"uv": [11.5, 0.5, 11, 0], "texture": "#0"},
				"down": {"uv": [11.5, 1, 11, 1.5], "texture": "#0"}
			}
		},
		{
			"from": [7.6, 12.8, 7.6],
			"to": [8.4, 12.9, 8.4],
			"faces": {
				"north": {"uv": [7, 12, 7.5, 12.125], "texture": "#0"},
				"east": {"uv": [12, 7, 12.5, 7.125], "texture": "#0"},
				"south": {"uv": [12, 8, 12.5, 8.125], "texture": "#0"},
				"west": {"uv": [12, 9, 12.5, 9.125], "texture": "#0"},
				"up": {"uv": [11.5, 2.5, 11, 2], "texture": "#0"},
				"down": {"uv": [3.5, 11, 3, 11.5], "texture": "#0"}
			}
		},
		{
			"from": [10.3, 4.3, 7.4],
			"to": [11.5, 5.5, 8.6],
			"faces": {
				"north": {"uv": [11, 3, 11.5, 3.5], "texture": "#0"},
				"east": {"uv": [4, 11, 4.5, 11.5], "texture": "#0"},
				"south": {"uv": [11, 4, 11.5, 4.5], "texture": "#0"},
				"west": {"uv": [11, 5, 11.5, 5.5], "texture": "#0"},
				"up": {"uv": [11.5, 6.5, 11, 6], "texture": "#0"},
				"down": {"uv": [7.5, 11, 7, 11.5], "texture": "#0"}
			}
		},
		{
			"from": [10.4, 2.8, 7.5],
			"to": [11.4, 4.8, 8.5],
			"rotation": {"angle": 45, "axis": "z", "origin": [11, 5, 8]},
			"faces": {
				"north": {"uv": [2, 7.5, 2.5, 8.5], "texture": "#0"},
				"east": {"uv": [5, 7.5, 5.5, 8.5], "texture": "#0"},
				"south": {"uv": [6, 7.5, 6.5, 8.5], "texture": "#0"},
				"west": {"uv": [8, 1.5, 8.5, 2.5], "texture": "#0"},
				"up": {"uv": [11.5, 7.5, 11, 7], "texture": "#0"},
				"down": {"uv": [11.5, 8, 11, 8.5], "texture": "#0"}
			}
		},
		{
			"from": [11.7, 1.7, 7.4],
			"to": [12.9, 3.9, 8.6],
			"rotation": {"angle": 0, "axis": "y", "origin": [11, 5, 8]},
			"faces": {
				"north": {"uv": [3, 8, 3.5, 9], "texture": "#0"},
				"east": {"uv": [8, 3, 8.5, 4], "texture": "#0"},
				"south": {"uv": [4, 8, 4.5, 9], "texture": "#0"},
				"west": {"uv": [8, 4.5, 8.5, 5.5], "texture": "#0"},
				"up": {"uv": [11.5, 9.5, 11, 9], "texture": "#0"},
				"down": {"uv": [11.5, 10, 11, 10.5], "texture": "#0"}
			}
		},
		{
			"from": [4.5, 4.3, 7.4],
			"to": [5.7, 5.5, 8.6],
			"rotation": {"angle": 0, "axis": "y", "origin": [11, 5, 8]},
			"faces": {
				"north": {"uv": [11, 11, 11.5, 11.5], "texture": "#0"},
				"east": {"uv": [0, 11.5, 0.5, 12], "texture": "#0"},
				"south": {"uv": [1, 11.5, 1.5, 12], "texture": "#0"},
				"west": {"uv": [2, 11.5, 2.5, 12], "texture": "#0"},
				"up": {"uv": [5.5, 12, 5, 11.5], "texture": "#0"},
				"down": {"uv": [6.5, 11.5, 6, 12], "texture": "#0"}
			}
		},
		{
			"from": [4.6, 2.8, 7.5],
			"to": [5.6, 4.8, 8.5],
			"rotation": {"angle": -45, "axis": "z", "origin": [5, 5, 8]},
			"faces": {
				"north": {"uv": [8, 6, 8.5, 7], "texture": "#0"},
				"east": {"uv": [7, 8, 7.5, 9], "texture": "#0"},
				"south": {"uv": [8, 7.5, 8.5, 8.5], "texture": "#0"},
				"west": {"uv": [0, 9, 0.5, 10], "texture": "#0"},
				"up": {"uv": [8.5, 12, 8, 11.5], "texture": "#0"},
				"down": {"uv": [9.5, 11.5, 9, 12], "texture": "#0"}
			}
		},
		{
			"from": [3.1, 1.7, 7.4],
			"to": [4.3, 3.9, 8.6],
			"rotation": {"angle": 0, "axis": "y", "origin": [11, 5, 8]},
			"faces": {
				"north": {"uv": [9, 0, 9.5, 1], "texture": "#0"},
				"east": {"uv": [1, 9, 1.5, 10], "texture": "#0"},
				"south": {"uv": [9, 1.5, 9.5, 2.5], "texture": "#0"},
				"west": {"uv": [2, 9, 2.5, 10], "texture": "#0"},
				"up": {"uv": [10.5, 12, 10, 11.5], "texture": "#0"},
				"down": {"uv": [12.5, 0, 12, 0.5], "texture": "#0"}
			}
		}
	],
	"display": {},
	"groups": [
		{
			"name": "Pearl Jam",
			"origin": [8, 8, 8],
			"color": 0,
			"children": [
				{
					"name": "Body",
					"origin": [8, 8, 8],
					"color": 0,
					"children": [0, 1]
				},
				{
					"name": "Crown",
					"origin": [8, 8, 8],
					"color": 0,
					"children": [2, 3, 4, 5, 6, 7, 8, 9]
				},
				{
					"name": "Arm",
					"origin": [8, 8, 8],
					"color": 0,
					"children": [10, 11, 12]
				},
				{
					"name": "Arm 2",
					"origin": [8, 8, 8],
					"color": 0,
					"children": [13, 14, 15]
				}
			]
		}
	]
}