{
	"credit": "Made with Blockbench",
	"texture_size": [64, 64],
	"textures": {
		"0": "nw:stand/base/purple_haze"
	},
	"elements": [
		{
			"name": "Head",
			"from": [4, 10.75736, 0.17157],
			"to": [12, 18.75736, 8.17157],
			"rotation": {"angle": -22.5, "axis": "x", "origin": [8, 14.75736, 1.17157]},
			"faces": {
				"north": {"uv": [2, 2, 4, 4], "texture": "#0"},
				"east": {"uv": [0, 2, 2, 4], "texture": "#0"},
				"south": {"uv": [6, 2, 8, 4], "texture": "#0"},
				"west": {"uv": [4, 2, 6, 4], "texture": "#0"},
				"up": {"uv": [4, 2, 2, 0], "texture": "#0"},
				"down": {"uv": [6, 0, 4, 2], "texture": "#0"}
			}
		},
		{
			"name": "Hat Layer",
			"from": [3.5, 10.25736, -0.32843],
			"to": [12.5, 19.25736, 8.67157],
			"rotation": {"angle": -22.5, "axis": "x", "origin": [8, 14.75736, 1.17157]},
			"faces": {
				"north": {"uv": [10, 2, 12, 4], "texture": "#0"},
				"east": {"uv": [8, 2, 10, 4], "texture": "#0"},
				"south": {"uv": [14, 2, 16, 4], "texture": "#0"},
				"west": {"uv": [12, 2, 14, 4], "texture": "#0"},
				"up": {"uv": [12, 2, 10, 0], "texture": "#0"},
				"down": {"uv": [14, 0, 12, 2], "texture": "#0"}
			}
		},
		{
			"name": "Body",
			"from": [4, 7.53355, 8.20313],
			"to": [12, 13.53355, 12.20313],
			"rotation": {"angle": -22.5, "axis": "x", "origin": [8, 2.079, 10.20313]},
			"faces": {
				"north": {"uv": [5, 5, 7, 6.5], "texture": "#0"},
				"east": {"uv": [4, 5, 5, 6.5], "texture": "#0"},
				"south": {"uv": [8, 5, 10, 6.5], "texture": "#0"},
				"west": {"uv": [7, 5, 8, 6.5], "texture": "#0"},
				"up": {"uv": [7, 5, 5, 4], "texture": "#0"},
				"down": {"uv": [9, 4, 7, 5], "texture": "#0"}
			}
		},
		{
			"name": "Body Layer",
			"from": [3.75, 7.28355, 7.95313],
			"to": [12.25, 13.78355, 12.45313],
			"rotation": {"angle": -22.5, "axis": "x", "origin": [8, 2.079, 10.20313]},
			"faces": {
				"north": {"uv": [5, 9, 7, 10.5], "texture": "#0"},
				"east": {"uv": [4, 9, 5, 10.5], "texture": "#0"},
				"south": {"uv": [8, 9, 10, 10.5], "texture": "#0"},
				"west": {"uv": [7, 9, 8, 10.5], "texture": "#0"},
				"up": {"uv": [7, 9, 5, 8], "texture": "#0"},
				"down": {"uv": [9, 8, 7, 9], "texture": "#0"}
			}
		},
		{
			"name": "Body",
			"from": [4, 1.88372, 5.96352],
			"to": [12, 7.88372, 9.96352],
			"rotation": {"angle": 0, "axis": "x", "origin": [8, 2.079, 10.20313]},
			"faces": {
				"north": {"uv": [5, 6.5, 7, 8], "texture": "#0"},
				"east": {"uv": [4, 6.5, 5, 8], "texture": "#0"},
				"south": {"uv": [8, 6.5, 10, 8], "texture": "#0"},
				"west": {"uv": [7, 6.5, 8, 8], "texture": "#0"},
				"up": {"uv": [7, 5, 5, 4], "texture": "#0"},
				"down": {"uv": [9, 4, 7, 5], "texture": "#0"}
			}
		},
		{
			"name": "Body Layer",
			"from": [3.75, 1.63372, 5.71352],
			"to": [12.25, 8.13372, 10.21352],
			"rotation": {"angle": 0, "axis": "x", "origin": [8, 2.079, 10.20313]},
			"faces": {
				"north": {"uv": [5, 10.5, 7, 12], "texture": "#0"},
				"east": {"uv": [4, 10.5, 5, 12], "texture": "#0"},
				"south": {"uv": [8, 10.5, 10, 12], "texture": "#0"},
				"west": {"uv": [7, 10.5, 8, 12], "texture": "#0"},
				"up": {"uv": [7, 9, 5, 8], "texture": "#0"},
				"down": {"uv": [9, 8, 7, 9], "texture": "#0"}
			}
		},
		{
			"name": "Right Arm",
			"from": [12, 7.11556, 4.36306],
			"to": [15, 13.11556, 8.36306],
			"rotation": {"angle": 0, "axis": "x", "origin": [13.5, 11.69062, 6.47201]},
			"faces": {
				"north": {"uv": [11, 5, 11.75, 6.5], "texture": "#0"},
				"east": {"uv": [10, 5, 11, 6.5], "texture": "#0"},
				"south": {"uv": [13.25, 5, 14, 6.5], "texture": "#0"},
				"west": {"uv": [11.75, 5, 12.75, 6.5], "texture": "#0"},
				"up": {"uv": [11.75, 5, 11, 4], "texture": "#0"},
				"down": {"uv": [1, 0, 0.25, 1], "texture": "#0"}
			}
		},
		{
			"name": "Right Arm Layer",
			"from": [11.75, 6.86556, 4.11306],
			"to": [15.25, 13.36556, 8.61306],
			"rotation": {"angle": 0, "axis": "x", "origin": [13.5, 11.69062, 6.47201]},
			"faces": {
				"north": {"uv": [11, 9, 11.75, 10.5], "texture": "#0"},
				"east": {"uv": [10, 9, 11, 10.5], "texture": "#0"},
				"south": {"uv": [13.25, 9, 14, 10.5], "texture": "#0"},
				"west": {"uv": [11.75, 9, 12.75, 10.5], "texture": "#0"},
				"up": {"uv": [11.75, 9, 11, 8], "texture": "#0"},
				"down": {"uv": [1, 0, 0.25, 1], "texture": "#0"}
			}
		},
		{
			"name": "Right Arm",
			"from": [12, 2.18749, 5.96991],
			"to": [15, 8.18749, 9.96991],
			"rotation": {"angle": 22.5, "axis": "x", "origin": [13.5, 11.69062, 6.47201]},
			"faces": {
				"north": {"uv": [11, 6.5, 11.75, 8], "texture": "#0"},
				"east": {"uv": [10, 6.5, 11, 8], "texture": "#0"},
				"south": {"uv": [13.25, 6.5, 14, 8], "texture": "#0"},
				"west": {"uv": [11.75, 6.5, 12.75, 8], "texture": "#0"},
				"up": {"uv": [0.75, 1, 0, 0], "texture": "#0"},
				"down": {"uv": [12.75, 4, 12, 5], "texture": "#0"}
			}
		},
		{
			"name": "Right Arm Layer",
			"from": [11.75, 1.93749, 5.71991],
			"to": [15.25, 8.43749, 10.21991],
			"rotation": {"angle": 22.5, "axis": "x", "origin": [13.5, 11.69062, 6.47201]},
			"faces": {
				"north": {"uv": [11, 10.5, 11.75, 12], "texture": "#0"},
				"east": {"uv": [10, 10.5, 11, 12], "texture": "#0"},
				"south": {"uv": [13.25, 10.5, 14, 12], "texture": "#0"},
				"west": {"uv": [11.75, 10.5, 12.75, 12], "texture": "#0"},
				"up": {"uv": [0.75, 1, 0, 0], "texture": "#0"},
				"down": {"uv": [12.75, 8, 12, 9], "texture": "#0"}
			}
		},
		{
			"name": "Left Arm",
			"from": [1, 6.92388, 4.38268],
			"to": [4, 12.92388, 8.38268],
			"rotation": {"angle": 0, "axis": "x", "origin": [3, 11.54545, 6]},
			"faces": {
				"north": {"uv": [9, 13, 10, 14.5], "texture": "#0"},
				"east": {"uv": [8, 13, 9, 14.5], "texture": "#0"},
				"south": {"uv": [11, 13, 11.75, 14.5], "texture": "#0"},
				"west": {"uv": [10, 13, 11, 14.5], "texture": "#0"},
				"up": {"uv": [9.75, 13, 9, 12], "texture": "#0"},
				"down": {"uv": [0.75, 0, 0, 1], "texture": "#0"}
			}
		},
		{
			"name": "Left Arm Layer",
			"from": [0.75, 6.67388, 4.13268],
			"to": [4.25, 13.17388, 8.63268],
			"rotation": {"angle": 0, "axis": "x", "origin": [3, 11.54545, 6]},
			"faces": {
				"north": {"uv": [13, 13, 14, 14.5], "texture": "#0"},
				"east": {"uv": [12, 13, 13, 14.5], "texture": "#0"},
				"south": {"uv": [15, 13, 15.75, 14.5], "texture": "#0"},
				"west": {"uv": [14, 13, 15, 14.5], "texture": "#0"},
				"up": {"uv": [13.75, 13, 13, 12], "texture": "#0"},
				"down": {"uv": [0.75, 0, 0, 1], "texture": "#0"}
			}
		},
		{
			"name": "Left Arm",
			"from": [1, 2.18749, 5.96991],
			"to": [4, 8.18749, 9.96991],
			"rotation": {"angle": 22.5, "axis": "x", "origin": [3, 11.54545, 6]},
			"faces": {
				"north": {"uv": [9, 14.5, 10, 16], "texture": "#0"},
				"east": {"uv": [8, 14.5, 9, 16], "texture": "#0"},
				"south": {"uv": [11, 14.5, 11.75, 16], "texture": "#0"},
				"west": {"uv": [10, 14.5, 11, 16], "texture": "#0"},
				"up": {"uv": [0.75, 1, 0, 0], "texture": "#0"},
				"down": {"uv": [11, 12, 10.25, 13], "texture": "#0"}
			}
		},
		{
			"name": "Left Arm Layer",
			"from": [0.75, 1.93749, 5.71991],
			"to": [4.25, 8.43749, 10.21991],
			"rotation": {"angle": 22.5, "axis": "x", "origin": [3, 11.54545, 6]},
			"faces": {
				"north": {"uv": [13, 14.5, 14, 16], "texture": "#0"},
				"east": {"uv": [12, 14.5, 13, 16], "texture": "#0"},
				"south": {"uv": [15, 14.5, 15.75, 16], "texture": "#0"},
				"west": {"uv": [14, 14.5, 15, 16], "texture": "#0"},
				"up": {"uv": [0.75, 1, 0, 0], "texture": "#0"},
				"down": {"uv": [15, 12, 14.25, 13], "texture": "#0"}
			}
		},
		{
			"name": "Right Leg",
			"from": [7.8, -3.31632, 5.94181],
			"to": [11.8, 2.68368, 9.94181],
			"rotation": {"angle": 22.5, "axis": "x", "origin": [7.9, 2.22913, 7.94181]},
			"faces": {
				"north": {"uv": [1, 5, 2, 6.5], "texture": "#0"},
				"east": {"uv": [0, 5, 1, 6.5], "texture": "#0"},
				"south": {"uv": [3, 5, 4, 6.5], "texture": "#0"},
				"west": {"uv": [2, 5, 3, 6.5], "texture": "#0"},
				"up": {"uv": [2, 5, 1, 4], "texture": "#0"},
				"down": {"uv": [3, 4, 2, 5], "texture": "#0"}
			}
		},
		{
			"name": "Right Leg Layer",
			"from": [7.55, -3.56632, 5.69181],
			"to": [12.05, 2.93368, 10.19181],
			"rotation": {"angle": 22.5, "axis": "x", "origin": [7.9, 2.22913, 7.94181]},
			"faces": {
				"north": {"uv": [1, 9, 2, 10.5], "texture": "#0"},
				"east": {"uv": [0, 9, 1, 10.5], "texture": "#0"},
				"south": {"uv": [3, 9, 4, 10.5], "texture": "#0"},
				"west": {"uv": [2, 9, 3, 10.5], "texture": "#0"},
				"up": {"uv": [2, 9, 1, 8], "texture": "#0"},
				"down": {"uv": [1, 0, 0, 1], "texture": "#0"}
			}
		},
		{
			"name": "Right Leg",
			"from": [7.8, -8.12883, 3.9719],
			"to": [11.8, -2.12883, 7.9719],
			"rotation": {"angle": 0, "axis": "x", "origin": [7.9, 2.41662, 7.9719]},
			"faces": {
				"north": {"uv": [1, 6.5, 2, 8], "texture": "#0"},
				"east": {"uv": [0, 6.5, 1, 8], "texture": "#0"},
				"south": {"uv": [3, 6.5, 4, 8], "texture": "#0"},
				"west": {"uv": [2, 6.5, 3, 8], "texture": "#0"},
				"up": {"uv": [1, 1, 0, 0], "texture": "#0"},
				"down": {"uv": [3, 4, 2, 5], "texture": "#0"}
			}
		},
		{
			"name": "Right Leg Layer",
			"from": [7.55, -8.37883, 3.7219],
			"to": [12.05, -1.87883, 8.2219],
			"rotation": {"angle": 0, "axis": "x", "origin": [7.9, 2.41662, 7.9719]},
			"faces": {
				"north": {"uv": [1, 10.5, 2, 12], "texture": "#0"},
				"east": {"uv": [0, 10.5, 1, 12], "texture": "#0"},
				"south": {"uv": [3, 10.5, 4, 12], "texture": "#0"},
				"west": {"uv": [2, 10.5, 3, 12], "texture": "#0"},
				"up": {"uv": [1, 1, 0, 0], "texture": "#0"},
				"down": {"uv": [3, 8, 2, 9], "texture": "#0"}
			}
		},
		{
			"name": "Left Leg",
			"from": [4, -3.31632, 5.94181],
			"to": [8, 2.68368, 9.94181],
			"rotation": {"angle": 22.5, "axis": "x", "origin": [7.9, 2.22913, 7.94181]},
			"faces": {
				"north": {"uv": [5, 13, 6, 14.5], "texture": "#0"},
				"east": {"uv": [4, 13, 5, 14.5], "texture": "#0"},
				"south": {"uv": [7, 13, 8, 14.5], "texture": "#0"},
				"west": {"uv": [6, 13, 7, 14.5], "texture": "#0"},
				"up": {"uv": [6, 13, 5, 12], "texture": "#0"},
				"down": {"uv": [7, 12, 6, 13], "texture": "#0"}
			}
		},
		{
			"name": "Left Leg Layer",
			"from": [3.75, -3.56632, 5.69181],
			"to": [8.25, 2.93368, 10.19181],
			"rotation": {"angle": 22.5, "axis": "x", "origin": [7.9, 2.22913, 7.94181]},
			"faces": {
				"north": {"uv": [1, 13, 2, 14.5], "texture": "#0"},
				"east": {"uv": [0, 13, 1, 14.5], "texture": "#0"},
				"south": {"uv": [3, 13, 4, 14.5], "texture": "#0"},
				"west": {"uv": [2, 13, 3, 14.5], "texture": "#0"},
				"up": {"uv": [2, 13, 1, 12], "texture": "#0"},
				"down": {"uv": [1, 0, 0, 1], "texture": "#0"}
			}
		},
		{
			"name": "Left Leg",
			"from": [4, -8.12883, 3.9719],
			"to": [8, -2.12883, 7.9719],
			"rotation": {"angle": 0, "axis": "x", "origin": [7.9, 3.41662, 5.9719]},
			"faces": {
				"north": {"uv": [5, 14.5, 6, 16], "texture": "#0"},
				"east": {"uv": [4, 14.5, 5, 16], "texture": "#0"},
				"south": {"uv": [7, 14.5, 8, 16], "texture": "#0"},
				"west": {"uv": [6, 14.5, 7, 16], "texture": "#0"},
				"up": {"uv": [1, 1, 0, 0], "texture": "#0"},
				"down": {"uv": [7, 12, 6, 13], "texture": "#0"}
			}
		},
		{
			"name": "Left Leg Layer",
			"from": [3.75, -8.37883, 3.7219],
			"to": [8.25, -1.87883, 8.2219],
			"rotation": {"angle": 0, "axis": "x", "origin": [7.9, 3.41662, 5.9719]},
			"faces": {
				"north": {"uv": [1, 14.5, 2, 16], "texture": "#0"},
				"east": {"uv": [0, 14.5, 1, 16], "texture": "#0"},
				"south": {"uv": [3, 14.5, 4, 16], "texture": "#0"},
				"west": {"uv": [2, 14.5, 3, 16], "texture": "#0"},
				"up": {"uv": [1, 1, 0, 0], "texture": "#0"},
				"down": {"uv": [3, 12, 2, 13], "texture": "#0"}
			}
		}
	],
	"display": {
		"head": {
			"translation": [0, -19, 0],
			"scale": [1.6, 1.6, 1.6]
		}
	},
	"groups": [
		{
			"name": "Head",
			"origin": [0, 24, 0],
			"color": 0,
			"children": [0, 1]
		},
		{
			"name": "Body",
			"origin": [0, 24, 0],
			"color": 0,
			"children": [
				2,
				3,
				{
					"name": "Body",
					"origin": [0, 24, 0],
					"color": 0,
					"children": [4, 5]
				}
			]
		},
		{
			"name": "RightArm",
			"origin": [5, 21.5, 0],
			"color": 0,
			"children": [6, 7, 8, 9]
		},
		{
			"name": "LeftArm",
			"origin": [-5, 21.5, 0],
			"color": 0,
			"children": [10, 11, 12, 13]
		},
		{
			"name": "RightLeg",
			"origin": [1.9, 12, 0],
			"color": 0,
			"children": [
				14,
				15,
				{
					"name": "RightLeg",
					"origin": [1.9, 12, 0],
					"color": 0,
					"children": [16, 17]
				}
			]
		},
		{
			"name": "LeftLeg",
			"origin": [-1.9, 12, 0],
			"color": 0,
			"children": [
				18,
				19,
				{
					"name": "LeftLeg",
					"origin": [-1.9, 12, 0],
					"color": 0,
					"children": [20, 21]
				}
			]
		}
	]
}