{
	"credit": "Made with Blockbench",
	"texture_size": [64, 64],
	"textures": {
		"0": "nw:stand/skins/soft_and_wet"
	},
	"elements": [
		{
			"name": "Head",
			"from": [4.5, 13, 4],
			"to": [11.5, 21, 12],
			"rotation": {"angle": 0, "axis": "y", "origin": [8, 13.54545, 8]},
			"faces": {
				"north": {"uv": [2, 2, 4, 4], "texture": "#0"},
				"east": {"uv": [0, 2, 2, 4], "texture": "#0"},
				"south": {"uv": [6, 2, 8, 4], "texture": "#0"},
				"west": {"uv": [4, 2, 6, 4], "texture": "#0"},
				"up": {"uv": [4, 2, 2, 0], "texture": "#0"},
				"down": {"uv": [6, 0, 4, 2], "texture": "#0"}
			}
		},
		{
			"name": "Head",
			"from": [2, 16, 7],
			"to": [5, 18, 9],
			"rotation": {"angle": 0, "axis": "y", "origin": [8, 13.54545, 8]},
			"faces": {
				"north": {"uv": [4.75, 2.75, 5.25, 3.25], "texture": "#0"},
				"east": {"uv": [4.75, 2.75, 5.25, 3.25], "texture": "#0"},
				"south": {"uv": [4.75, 2.75, 5.25, 3.25], "texture": "#0"},
				"west": {"uv": [4.75, 2.75, 5.25, 3.25], "texture": "#0"},
				"up": {"uv": [5.25, 3.25, 4.75, 2.75], "texture": "#0"},
				"down": {"uv": [5.25, 2.75, 4.75, 3.25], "texture": "#0"}
			}
		},
		{
			"name": "Head",
			"from": [11, 16, 7],
			"to": [14, 18, 9],
			"rotation": {"angle": 0, "axis": "y", "origin": [8, 13.54545, 8]},
			"faces": {
				"north": {"uv": [5.25, 2.75, 4.75, 3.25], "texture": "#0"},
				"east": {"uv": [5.25, 2.75, 4.75, 3.25], "texture": "#0"},
				"south": {"uv": [5.25, 2.75, 4.75, 3.25], "texture": "#0"},
				"west": {"uv": [5.25, 2.75, 4.75, 3.25], "texture": "#0"},
				"up": {"uv": [4.75, 3.25, 5.25, 2.75], "texture": "#0"},
				"down": {"uv": [4.75, 2.75, 5.25, 3.25], "texture": "#0"}
			}
		},
		{
			"name": "Hat Layer",
			"from": [4, 12.5, 3.5],
			"to": [12, 21.5, 12.5],
			"rotation": {"angle": 0, "axis": "y", "origin": [8, 13.54545, 8]},
			"faces": {
				"north": {"uv": [10, 2, 12, 4], "texture": "#0"},
				"east": {"uv": [8, 2, 10, 4], "texture": "#0"},
				"south": {"uv": [14, 2, 16, 4], "texture": "#0"},
				"west": {"uv": [12, 2, 14, 4], "texture": "#0"},
				"up": {"uv": [12, 2, 10, 0], "texture": "#0"},
				"down": {"uv": [14, 0, 12, 2], "texture": "#0"}
			}
		},
		{
			"name": "Body",
			"from": [4, 7, 5.75],
			"to": [12, 13, 10.5],
			"rotation": {"angle": 0, "axis": "y", "origin": [8, 13.54545, 8]},
			"faces": {
				"north": {"uv": [5, 5, 7, 6.5], "texture": "#0"},
				"east": {"uv": [4, 5, 5, 6.5], "texture": "#0"},
				"south": {"uv": [8, 5, 10, 6.5], "texture": "#0"},
				"west": {"uv": [7, 5, 8, 6.5], "texture": "#0"},
				"up": {"uv": [7, 5, 5, 4], "texture": "#0"},
				"down": {"uv": [9, 4, 7, 5], "texture": "#0"}
			}
		},
		{
			"name": "Body",
			"from": [7, 4, 5.75],
			"to": [9, 7, 10.5],
			"rotation": {"angle": 0, "axis": "y", "origin": [8, 13.54545, 8]},
			"faces": {
				"north": {"uv": [5.75, 6, 6.25, 6.5], "texture": "#0"},
				"east": {"uv": [5.75, 6, 6, 6.5], "texture": "#0"},
				"south": {"uv": [5.75, 6, 6.25, 6.5], "texture": "#0"},
				"west": {"uv": [6, 6, 6.25, 6.5], "texture": "#0"},
				"up": {"uv": [7, 5, 5, 4], "texture": "#0"},
				"down": {"uv": [6.25, 6, 5.75, 6.5], "texture": "#0"}
			}
		},
		{
			"name": "Body",
			"from": [6, 4, 5.75],
			"to": [10, 5, 7.5],
			"rotation": {"angle": 0, "axis": "y", "origin": [8, 13.54545, 8]},
			"faces": {
				"north": {"uv": [5.75, 6, 6.25, 6.5], "texture": "#0"},
				"east": {"uv": [5.75, 6, 6, 6.5], "texture": "#0"},
				"south": {"uv": [5.75, 6, 6.25, 6.5], "texture": "#0"},
				"west": {"uv": [6, 6, 6.25, 6.5], "texture": "#0"},
				"up": {"uv": [6.25, 6.25, 5.75, 6], "texture": "#0"},
				"down": {"uv": [6.25, 6, 5.75, 6.5], "texture": "#0"}
			}
		},
		{
			"name": "Body",
			"from": [9.5, 4.20711, 5.75],
			"to": [11.25, 5.20711, 7.5],
			"rotation": {"angle": 45, "axis": "z", "origin": [10, 4.70711, 8.125]},
			"faces": {
				"north": {"uv": [5.75, 6, 5.75, 6.5], "texture": "#0"},
				"east": {"uv": [5.75, 6, 6, 6.5], "texture": "#0"},
				"south": {"uv": [5.75, 6, 6.25, 6.5], "texture": "#0"},
				"west": {"uv": [6, 6, 6.25, 6.5], "texture": "#0"},
				"up": {"uv": [6.25, 6.25, 5.75, 6], "texture": "#0"},
				"down": {"uv": [6.25, 6, 5.75, 6.5], "texture": "#0"}
			}
		},
		{
			"name": "Body",
			"from": [10.46684, 5.39072, 5.75],
			"to": [11.46684, 7.39072, 7.5],
			"rotation": {"angle": -22.5, "axis": "z", "origin": [10.96684, 5.89072, 8.125]},
			"faces": {
				"north": {"uv": [5.75, 6, 5.75, 6.5], "rotation": 90, "texture": "#0"},
				"east": {"uv": [6.25, 6, 5.75, 6.5], "rotation": 270, "texture": "#0"},
				"south": {"uv": [5.75, 6, 6.25, 6.5], "rotation": 270, "texture": "#0"},
				"west": {"uv": [6.25, 6.25, 5.75, 6], "rotation": 270, "texture": "#0"},
				"up": {"uv": [5.75, 6, 6, 6.5], "rotation": 270, "texture": "#0"},
				"down": {"uv": [6, 6, 6.25, 6.5], "rotation": 270, "texture": "#0"}
			}
		},
		{
			"name": "Body",
			"from": [4.75, 4.20711, 5.75],
			"to": [6.5, 5.20711, 7.5],
			"rotation": {"angle": -45, "axis": "z", "origin": [6, 4.70711, 8.125]},
			"faces": {
				"north": {"uv": [6, 6, 6, 6.5], "texture": "#0"},
				"east": {"uv": [6.25, 6, 6, 6.5], "texture": "#0"},
				"south": {"uv": [6.25, 6, 5.75, 6.5], "texture": "#0"},
				"west": {"uv": [6, 6, 5.75, 6.5], "texture": "#0"},
				"up": {"uv": [5.75, 6.25, 6.25, 6], "texture": "#0"},
				"down": {"uv": [5.75, 6, 6.25, 6.5], "texture": "#0"}
			}
		},
		{
			"name": "Body",
			"from": [4.53316, 5.39072, 5.75],
			"to": [5.53316, 7.39072, 7.5],
			"rotation": {"angle": 22.5, "axis": "z", "origin": [5.03316, 5.89072, 8.125]},
			"faces": {
				"north": {"uv": [6, 6.5, 6, 6], "rotation": 90, "texture": "#0"},
				"east": {"uv": [6.25, 6, 5.75, 6.25], "rotation": 270, "texture": "#0"},
				"south": {"uv": [5.75, 6.5, 6.25, 6], "rotation": 270, "texture": "#0"},
				"west": {"uv": [6.25, 6.5, 5.75, 6], "rotation": 270, "texture": "#0"},
				"up": {"uv": [5.75, 6.5, 6, 6], "rotation": 270, "texture": "#0"},
				"down": {"uv": [6, 6.5, 6.25, 6], "rotation": 270, "texture": "#0"}
			}
		},
		{
			"name": "Body Layer",
			"from": [3.75, 6.75, 5.75],
			"to": [12.25, 13.25, 10.5],
			"rotation": {"angle": 0, "axis": "y", "origin": [8, 13.54545, 8]},
			"faces": {
				"north": {"uv": [5, 9, 7, 10.5], "texture": "#0"},
				"east": {"uv": [4, 9, 5, 10.5], "texture": "#0"},
				"south": {"uv": [8, 9, 10, 10.5], "texture": "#0"},
				"west": {"uv": [7, 9, 8, 10.5], "texture": "#0"},
				"up": {"uv": [7, 9, 5, 8], "texture": "#0"},
				"down": {"uv": [9, 8, 7, 9], "texture": "#0"}
			}
		},
		{
			"name": "Body",
			"from": [7.00419, 1.99373, 6],
			"to": [11.00419, 7.99373, 10.25],
			"rotation": {"angle": -22.5, "axis": "z", "origin": [9.00419, 4.99373, 8]},
			"faces": {
				"north": {"uv": [5, 6.5, 6, 8], "texture": "#0"},
				"east": {"uv": [4, 6.5, 5, 8], "texture": "#0"},
				"south": {"uv": [9, 6.5, 10, 8], "texture": "#0"},
				"west": {"uv": [7, 6.5, 8, 8], "texture": "#0"},
				"up": {"uv": [7, 5, 5, 4], "texture": "#0"},
				"down": {"uv": [9, 4, 7, 5], "texture": "#0"}
			}
		},
		{
			"name": "Body",
			"from": [4.99581, 1.99373, 6],
			"to": [8.99581, 7.99373, 10.25],
			"rotation": {"angle": 22.5, "axis": "z", "origin": [6.99581, 4.99373, 8]},
			"faces": {
				"north": {"uv": [6, 6.5, 5, 8], "texture": "#0"},
				"east": {"uv": [8, 6.5, 7, 8], "texture": "#0"},
				"south": {"uv": [10, 6.5, 9, 8], "texture": "#0"},
				"west": {"uv": [5, 6.5, 4, 8], "texture": "#0"},
				"up": {"uv": [5, 5, 7, 4], "texture": "#0"},
				"down": {"uv": [7, 4, 9, 5], "texture": "#0"}
			}
		},
		{
			"name": "Left Arm",
			"from": [11.75, 7, 6],
			"to": [14.75, 13, 10],
			"rotation": {"angle": 22.5, "axis": "z", "origin": [13.25, 11.54545, 8]},
			"faces": {
				"north": {"uv": [9.75, 13, 9, 14.5], "texture": "#0"},
				"east": {"uv": [10.75, 13, 9.75, 14.5], "texture": "#0"},
				"south": {"uv": [11.5, 13, 10.75, 14.5], "texture": "#0"},
				"west": {"uv": [9, 13, 8, 14.5], "texture": "#0"},
				"up": {"uv": [9, 13, 9.75, 12], "texture": "#0"},
				"down": {"uv": [0, 0, 0.75, 1], "texture": "#0"}
			}
		},
		{
			"name": "Left Arm Layer",
			"from": [11.5, 6.75, 5.75],
			"to": [15, 13.25, 10.25],
			"rotation": {"angle": 22.5, "axis": "z", "origin": [13.25, 11.54545, 8]},
			"faces": {
				"north": {"uv": [13.75, 13, 13, 14.5], "texture": "#0"},
				"east": {"uv": [14.75, 13, 13.75, 14.5], "texture": "#0"},
				"south": {"uv": [15.5, 13, 14.75, 14.5], "texture": "#0"},
				"west": {"uv": [13, 13, 12, 14.5], "texture": "#0"},
				"up": {"uv": [13, 13, 13.75, 12], "texture": "#0"},
				"down": {"uv": [0, 0, 0.75, 1], "texture": "#0"}
			}
		},
		{
			"name": "Left Arm",
			"from": [13.12529, 9.54836, 0.25446],
			"to": [16.12529, 13.54836, 6.25446],
			"rotation": {"angle": -45, "axis": "x", "origin": [14.87529, 12.54836, 11.79991]},
			"faces": {
				"north": {"uv": [9.75, 12, 10.5, 13], "rotation": 180, "texture": "#0"},
				"east": {"uv": [9.75, 16, 10.75, 14.5], "rotation": 90, "texture": "#0"},
				"south": {"uv": [0, 1, 0.75, 0], "texture": "#0"},
				"west": {"uv": [8, 16, 9, 14.5], "rotation": 270, "texture": "#0"},
				"up": {"uv": [9.75, 14.5, 9, 16], "rotation": 180, "texture": "#0"},
				"down": {"uv": [11.5, 14.5, 10.75, 16], "texture": "#0"}
			}
		},
		{
			"name": "Left Arm Layer",
			"from": [12.87529, 9.29836, 0.00446],
			"to": [16.37529, 13.79836, 6.50446],
			"rotation": {"angle": -45, "axis": "x", "origin": [14.87529, 12.54836, 11.79991]},
			"faces": {
				"north": {"uv": [13.75, 12, 14.5, 13], "rotation": 180, "texture": "#0"},
				"east": {"uv": [13.75, 16, 14.75, 14.5], "rotation": 90, "texture": "#0"},
				"south": {"uv": [0, 1, 0.75, 0], "texture": "#0"},
				"west": {"uv": [12, 16, 13, 14.5], "rotation": 270, "texture": "#0"},
				"up": {"uv": [13.75, 14.5, 13, 16], "rotation": 180, "texture": "#0"},
				"down": {"uv": [15.5, 14.5, 14.75, 16], "texture": "#0"}
			}
		},
		{
			"name": "Left Arm",
			"from": [1.25, 7, 6],
			"to": [4.25, 13, 10],
			"rotation": {"angle": -22.5, "axis": "z", "origin": [2.75, 11.54545, 8]},
			"faces": {
				"north": {"uv": [9, 13, 9.75, 14.5], "texture": "#0"},
				"east": {"uv": [8, 13, 9, 14.5], "texture": "#0"},
				"south": {"uv": [10.75, 13, 11.5, 14.5], "texture": "#0"},
				"west": {"uv": [9.75, 13, 10.75, 14.5], "texture": "#0"},
				"up": {"uv": [9.75, 13, 9, 12], "texture": "#0"},
				"down": {"uv": [0.75, 0, 0, 1], "texture": "#0"}
			}
		},
		{
			"name": "Left Arm Layer",
			"from": [1, 6.75, 5.75],
			"to": [4.5, 13.25, 10.25],
			"rotation": {"angle": -22.5, "axis": "z", "origin": [2.75, 11.54545, 8]},
			"faces": {
				"north": {"uv": [13, 13, 13.75, 14.5], "texture": "#0"},
				"east": {"uv": [12, 13, 13, 14.5], "texture": "#0"},
				"south": {"uv": [14.75, 13, 15.5, 14.5], "texture": "#0"},
				"west": {"uv": [13.75, 13, 14.75, 14.5], "texture": "#0"},
				"up": {"uv": [13.75, 13, 13, 12], "texture": "#0"},
				"down": {"uv": [0.75, 0, 0, 1], "texture": "#0"}
			}
		},
		{
			"name": "Left Arm",
			"from": [-0.12529, 9.54836, 0.25446],
			"to": [2.87471, 13.54836, 6.25446],
			"rotation": {"angle": -45, "axis": "x", "origin": [1.12471, 12.54836, 11.79991]},
			"faces": {
				"north": {"uv": [10.5, 12, 9.75, 13], "rotation": 180, "texture": "#0"},
				"east": {"uv": [8, 14.5, 9, 16], "rotation": 270, "texture": "#0"},
				"south": {"uv": [0.75, 1, 0, 0], "texture": "#0"},
				"west": {"uv": [9.75, 14.5, 10.75, 16], "rotation": 90, "texture": "#0"},
				"up": {"uv": [9, 14.5, 9.75, 16], "rotation": 180, "texture": "#0"},
				"down": {"uv": [10.75, 14.5, 11.5, 16], "texture": "#0"}
			}
		},
		{
			"name": "Left Arm Layer",
			"from": [-0.37529, 9.29836, 0.00446],
			"to": [3.12471, 13.79836, 6.50446],
			"rotation": {"angle": -45, "axis": "x", "origin": [1.12471, 12.54836, 11.79991]},
			"faces": {
				"north": {"uv": [14.5, 12, 13.75, 13], "rotation": 180, "texture": "#0"},
				"east": {"uv": [12, 14.5, 13, 16], "rotation": 270, "texture": "#0"},
				"south": {"uv": [0.75, 1, 0, 0], "texture": "#0"},
				"west": {"uv": [13.75, 14.5, 14.75, 16], "rotation": 90, "texture": "#0"},
				"up": {"uv": [13, 14.5, 13.75, 16], "rotation": 180, "texture": "#0"},
				"down": {"uv": [14.75, 14.5, 15.5, 16], "texture": "#0"}
			}
		},
		{
			"name": "Right Leg",
			"from": [7.9, -3, 6],
			"to": [11.9, 3, 10],
			"rotation": {"angle": 22.5, "axis": "z", "origin": [10, 0.54545, 8]},
			"faces": {
				"north": {"uv": [1, 5, 2, 6.5], "texture": "#0"},
				"east": {"uv": [0, 5, 1, 6.5], "texture": "#0"},
				"south": {"uv": [3, 5, 4, 6.5], "texture": "#0"},
				"west": {"uv": [2, 5, 3, 6.5], "texture": "#0"},
				"up": {"uv": [2, 5, 1, 4], "texture": "#0"},
				"down": {"uv": [3, 4, 2, 5], "texture": "#0"}
			}
		},
		{
			"name": "Right Leg Layer",
			"from": [7.65, -3.25, 5.75],
			"to": [12.15, 3.25, 10.25],
			"rotation": {"angle": 22.5, "axis": "z", "origin": [10, 0.54545, 8]},
			"faces": {
				"north": {"uv": [1, 9, 2, 10.5], "texture": "#0"},
				"east": {"uv": [0, 9, 1, 10.5], "texture": "#0"},
				"south": {"uv": [3, 9, 4, 10.5], "texture": "#0"},
				"west": {"uv": [2, 9, 3, 10.5], "texture": "#0"},
				"up": {"uv": [2, 9, 1, 8], "texture": "#0"},
				"down": {"uv": [1, 0, 0, 1], "texture": "#0"}
			}
		},
		{
			"name": "Right Leg",
			"from": [7.9, -9, 6],
			"to": [11.9, -3, 10],
			"rotation": {"angle": 22.5, "axis": "z", "origin": [10, 0.54545, 8]},
			"faces": {
				"north": {"uv": [1, 6.5, 2, 8], "texture": "#0"},
				"east": {"uv": [0, 6.5, 1, 8], "texture": "#0"},
				"south": {"uv": [3, 6.5, 4, 8], "texture": "#0"},
				"west": {"uv": [2, 6.5, 3, 8], "texture": "#0"},
				"up": {"uv": [1, 1, 0, 0], "texture": "#0"},
				"down": {"uv": [3, 4, 2, 5], "texture": "#0"}
			}
		},
		{
			"name": "Right Leg Layer",
			"from": [7.65, -9.25, 5.75],
			"to": [12.15, -2.75, 10.25],
			"rotation": {"angle": 22.5, "axis": "z", "origin": [10, 0.54545, 8]},
			"faces": {
				"north": {"uv": [1, 10.5, 2, 12], "texture": "#0"},
				"east": {"uv": [0, 10.5, 1, 12], "texture": "#0"},
				"south": {"uv": [3, 10.5, 4, 12], "texture": "#0"},
				"west": {"uv": [2, 10.5, 3, 12], "texture": "#0"},
				"up": {"uv": [1, 1, 0, 0], "texture": "#0"},
				"down": {"uv": [3, 8, 2, 9], "texture": "#0"}
			}
		},
		{
			"name": "Left Leg",
			"from": [4.1, -3, 6],
			"to": [8.1, 3, 10],
			"rotation": {"angle": -22.5, "axis": "z", "origin": [6, 0.54545, 8]},
			"faces": {
				"north": {"uv": [5, 13, 6, 14.5], "texture": "#0"},
				"east": {"uv": [4, 13, 5, 14.5], "texture": "#0"},
				"south": {"uv": [7, 13, 8, 14.5], "texture": "#0"},
				"west": {"uv": [6, 13, 7, 14.5], "texture": "#0"},
				"up": {"uv": [6, 13, 5, 12], "texture": "#0"},
				"down": {"uv": [7, 12, 6, 13], "texture": "#0"}
			}
		},
		{
			"name": "Left Leg Layer",
			"from": [3.85, -3.25, 5.75],
			"to": [8.35, 3.25, 10.25],
			"rotation": {"angle": -22.5, "axis": "z", "origin": [6, 0.54545, 8]},
			"faces": {
				"north": {"uv": [1, 13, 2, 14.5], "texture": "#0"},
				"east": {"uv": [0, 13, 1, 14.5], "texture": "#0"},
				"south": {"uv": [3, 13, 4, 14.5], "texture": "#0"},
				"west": {"uv": [2, 13, 3, 14.5], "texture": "#0"},
				"up": {"uv": [2, 13, 1, 12], "texture": "#0"},
				"down": {"uv": [1, 0, 0, 1], "texture": "#0"}
			}
		},
		{
			"name": "Left Leg",
			"from": [4.1, -9, 6],
			"to": [8.1, -3, 10],
			"rotation": {"angle": -22.5, "axis": "z", "origin": [6, 0.54545, 8]},
			"faces": {
				"north": {"uv": [5, 14.5, 6, 16], "texture": "#0"},
				"east": {"uv": [4, 14.5, 5, 16], "texture": "#0"},
				"south": {"uv": [7, 14.5, 8, 16], "texture": "#0"},
				"west": {"uv": [6, 14.5, 7, 16], "texture": "#0"},
				"up": {"uv": [1, 1, 0, 0], "texture": "#0"},
				"down": {"uv": [7, 12, 6, 13], "texture": "#0"}
			}
		},
		{
			"name": "Left Leg Layer",
			"from": [3.85, -9.25, 5.75],
			"to": [8.35, -2.75, 10.25],
			"rotation": {"angle": -22.5, "axis": "z", "origin": [6, 0.54545, 8]},
			"faces": {
				"north": {"uv": [1, 14.5, 2, 16], "texture": "#0"},
				"east": {"uv": [0, 14.5, 1, 16], "texture": "#0"},
				"south": {"uv": [3, 14.5, 4, 16], "texture": "#0"},
				"west": {"uv": [2, 14.5, 3, 16], "texture": "#0"},
				"up": {"uv": [1, 1, 0, 0], "texture": "#0"},
				"down": {"uv": [3, 12, 2, 13], "texture": "#0"}
			}
		}
	],
	"display": {
		"head": {
			"translation": [0, -14.5, 0],
			"scale": [1.6, 1.6, 1.6]
		}
	},
	"groups": [
		{
			"name": "Head",
			"origin": [0, 24, 0],
			"color": 0,
			"children": [0, 1, 2, 3]
		},
		{
			"name": "Body",
			"origin": [0, 24, 0],
			"color": 0,
			"children": [
				4,
				5,
				6,
				7,
				8,
				9,
				10,
				11,
				{
					"name": "Body",
					"origin": [0, 24, 0],
					"color": 0,
					"children": []
				},
				{
					"name": "Body",
					"origin": [0, 24, 0],
					"color": 0,
					"children": [12]
				},
				{
					"name": "Body",
					"origin": [0, 24, 0],
					"color": 0,
					"children": [13]
				}
			]
		},
		{
			"name": "RightArm",
			"origin": [5, 21.5, 0],
			"color": 0,
			"children": []
		},
		{
			"name": "LeftArm",
			"origin": [-5, 21.5, 0],
			"color": 0,
			"children": [14, 15, 16, 17]
		},
		{
			"name": "LeftArm",
			"origin": [-5, 21.5, 0],
			"color": 0,
			"children": [18, 19, 20, 21]
		},
		{
			"name": "RightLeg",
			"origin": [1.9, 12, 0],
			"color": 0,
			"children": [
				22,
				23,
				{
					"name": "RightLeg",
					"origin": [1.9, 12, 0],
					"color": 0,
					"children": [24, 25]
				}
			]
		},
		{
			"name": "LeftLeg",
			"origin": [-1.9, 12, 0],
			"color": 0,
			"children": [
				26,
				27,
				{
					"name": "LeftLeg",
					"origin": [-1.9, 12, 0],
					"color": 0,
					"children": [28, 29]
				}
			]
		}
	]
}