{
	"credit": "Made with Blockbench",
	"texture_size": [64, 64],
	"textures": {
		"0": "nw:stand/base/stone_free"
	},
	"elements": [
		{
			"name": "Head",
			"from": [4, 13, 4],
			"to": [12, 21, 12],
			"rotation": {"angle": -45, "axis": "y", "origin": [8, 13.54545, 8]},
			"faces": {
				"north": {"uv": [2, 2, 4, 4], "texture": "#0"},
				"east": {"uv": [0, 2, 2, 4], "texture": "#0"},
				"south": {"uv": [6, 2, 8, 4], "texture": "#0"},
				"west": {"uv": [4, 2, 6, 4], "texture": "#0"},
				"up": {"uv": [4, 2, 2, 0], "texture": "#0"},
				"down": {"uv": [6, 0, 4, 2], "texture": "#0"}
			}
		},
		{
			"name": "Hat Layer",
			"from": [3.5, 12.5, 3.5],
			"to": [12.5, 21.5, 12.5],
			"rotation": {"angle": -45, "axis": "y", "origin": [8, 13.54545, 8]},
			"faces": {
				"north": {"uv": [10, 2, 12, 4], "texture": "#0"},
				"east": {"uv": [8, 2, 10, 4], "texture": "#0"},
				"south": {"uv": [14, 2, 16, 4], "texture": "#0"},
				"west": {"uv": [12, 2, 14, 4], "texture": "#0"},
				"up": {"uv": [12, 2, 10, 0], "texture": "#0"},
				"down": {"uv": [14, 0, 12, 2], "texture": "#0"}
			}
		},
		{
			"name": "Body",
			"from": [4, 7, 6],
			"to": [12, 13, 10],
			"rotation": {"angle": 0, "axis": "y", "origin": [8, 13.54545, 8]},
			"faces": {
				"north": {"uv": [5, 5, 7, 6.5], "texture": "#0"},
				"east": {"uv": [4, 5, 5, 6.5], "texture": "#0"},
				"south": {"uv": [8, 5, 10, 6.5], "texture": "#0"},
				"west": {"uv": [7, 5, 8, 6.5], "texture": "#0"},
				"up": {"uv": [7, 5, 5, 4], "texture": "#0"},
				"down": {"uv": [9, 4, 7, 5], "texture": "#0"}
			}
		},
		{
			"name": "Body Layer",
			"from": [3.75, 6.75, 5.75],
			"to": [12.25, 13.25, 10.25],
			"rotation": {"angle": 0, "axis": "y", "origin": [8, 13.54545, 8]},
			"faces": {
				"north": {"uv": [5, 9, 7, 10.5], "texture": "#0"},
				"east": {"uv": [4, 9, 5, 10.5], "texture": "#0"},
				"south": {"uv": [8, 9, 10, 10.5], "texture": "#0"},
				"west": {"uv": [7, 9, 8, 10.5], "texture": "#0"},
				"up": {"uv": [7, 9, 5, 8], "texture": "#0"},
				"down": {"uv": [9, 8, 7, 9], "texture": "#0"}
			}
		},
		{
			"name": "Body",
			"from": [4, 6.75, 6.75],
			"to": [12, 11, 10.75],
			"rotation": {"angle": 22.5, "axis": "x", "origin": [8, 12.79545, 10]},
			"faces": {
				"north": {"uv": [5, 5, 7, 6.25], "texture": "#0"},
				"east": {"uv": [4, 5, 5, 6.25], "texture": "#0"},
				"south": {"uv": [8, 5, 10, 6.25], "texture": "#0"},
				"west": {"uv": [7, 5, 8, 6.25], "texture": "#0"},
				"up": {"uv": [7, 5, 5, 4], "texture": "#0"},
				"down": {"uv": [9, 4, 7, 5], "texture": "#0"}
			}
		},
		{
			"name": "Body Layer",
			"from": [3.75, 6.5, 6.5],
			"to": [12.25, 11.25, 11],
			"rotation": {"angle": 22.5, "axis": "x", "origin": [8, 12.79545, 10]},
			"faces": {
				"north": {"uv": [5, 9, 7, 10.25], "texture": "#0"},
				"east": {"uv": [4, 9, 5, 10.25], "texture": "#0"},
				"south": {"uv": [8, 9, 10, 10.25], "texture": "#0"},
				"west": {"uv": [7, 9, 8, 10.25], "texture": "#0"},
				"up": {"uv": [7, 9, 5, 8], "texture": "#0"},
				"down": {"uv": [9, 8, 7, 9], "texture": "#0"}
			}
		},
		{
			"name": "Body",
			"from": [4, 1, 6],
			"to": [12, 7, 10],
			"rotation": {"angle": 0, "axis": "y", "origin": [4.25, 6.79545, 8]},
			"faces": {
				"north": {"uv": [5, 6.5, 7, 8], "texture": "#0"},
				"east": {"uv": [4, 6.5, 5, 8], "texture": "#0"},
				"south": {"uv": [8, 6.5, 10, 8], "texture": "#0"},
				"west": {"uv": [7, 6.5, 8, 8], "texture": "#0"},
				"up": {"uv": [7, 5, 5, 4], "texture": "#0"},
				"down": {"uv": [9, 4, 7, 5], "texture": "#0"}
			}
		},
		{
			"name": "Body Layer",
			"from": [3.75, 0.75, 5.75],
			"to": [12.25, 7.25, 10.25],
			"rotation": {"angle": 0, "axis": "y", "origin": [4.25, 6.79545, 8]},
			"faces": {
				"north": {"uv": [5, 10.5, 7, 12], "texture": "#0"},
				"east": {"uv": [4, 10.5, 5, 12], "texture": "#0"},
				"south": {"uv": [8, 10.5, 10, 12], "texture": "#0"},
				"west": {"uv": [7, 10.5, 8, 12], "texture": "#0"},
				"up": {"uv": [7, 9, 5, 8], "texture": "#0"},
				"down": {"uv": [9, 8, 7, 9], "texture": "#0"}
			}
		},
		{
			"name": "Right Arm",
			"from": [12, 7, 6.25],
			"to": [15, 13, 10.25],
			"rotation": {"angle": -22.5, "axis": "x", "origin": [13.5, 10.79545, 9.25]},
			"faces": {
				"north": {"uv": [11, 5, 11.75, 6.5], "texture": "#0"},
				"east": {"uv": [10, 5, 11, 6.5], "texture": "#0"},
				"south": {"uv": [12.75, 5, 13.5, 6.5], "texture": "#0"},
				"west": {"uv": [11.75, 5, 12.75, 6.5], "texture": "#0"},
				"up": {"uv": [11.75, 5, 11, 4], "texture": "#0"},
				"down": {"uv": [0.75, 0, 0, 1], "texture": "#0"}
			}
		},
		{
			"name": "Right Arm Layer",
			"from": [11.75, 6.75, 6],
			"to": [15.25, 13.25, 10.5],
			"rotation": {"angle": -22.5, "axis": "x", "origin": [13.5, 10.79545, 9.25]},
			"faces": {
				"north": {"uv": [11, 9, 11.75, 10.5], "texture": "#0"},
				"east": {"uv": [10, 9, 11, 10.5], "texture": "#0"},
				"south": {"uv": [12.75, 9, 13.5, 10.5], "texture": "#0"},
				"west": {"uv": [11.75, 9, 12.75, 10.5], "texture": "#0"},
				"up": {"uv": [11.75, 9, 11, 8], "texture": "#0"},
				"down": {"uv": [0.75, 0, 0, 1], "texture": "#0"}
			}
		},
		{
			"name": "Right Arm",
			"from": [12, 0.76537, 9.92028],
			"to": [15, 6.76537, 13.92028],
			"rotation": {"angle": 22.5, "axis": "x", "origin": [13.5, 11.56082, 12.92028]},
			"faces": {
				"north": {"uv": [11, 6.5, 11.75, 8], "texture": "#0"},
				"east": {"uv": [10, 6.5, 11, 8], "texture": "#0"},
				"south": {"uv": [12.75, 6.5, 13.5, 8], "texture": "#0"},
				"west": {"uv": [11.75, 6.5, 12.75, 8], "texture": "#0"},
				"up": {"uv": [0.75, 1, 0, 0], "texture": "#0"},
				"down": {"uv": [12.5, 4, 11.75, 5], "texture": "#0"}
			}
		},
		{
			"name": "Right Arm Layer",
			"from": [11.75, 0.51537, 9.67028],
			"to": [15.25, 7.01537, 14.17028],
			"rotation": {"angle": 22.5, "axis": "x", "origin": [13.5, 11.56082, 12.92028]},
			"faces": {
				"north": {"uv": [11, 10.5, 11.75, 12], "texture": "#0"},
				"east": {"uv": [10, 10.5, 11, 12], "texture": "#0"},
				"south": {"uv": [12.75, 10.5, 13.5, 12], "texture": "#0"},
				"west": {"uv": [11.75, 10.5, 12.75, 12], "texture": "#0"},
				"up": {"uv": [0.75, 1, 0, 0], "texture": "#0"},
				"down": {"uv": [12.5, 8, 11.75, 9], "texture": "#0"}
			}
		},
		{
			"name": "Left Arm",
			"from": [1, 7, 6],
			"to": [4, 13, 10],
			"rotation": {"angle": 0, "axis": "x", "origin": [2.75, 11.54545, 8]},
			"faces": {
				"north": {"uv": [9, 13, 9.75, 14.5], "texture": "#0"},
				"east": {"uv": [8, 13, 9, 14.5], "texture": "#0"},
				"south": {"uv": [10.75, 13, 11.5, 14.5], "texture": "#0"},
				"west": {"uv": [9.75, 13, 10.75, 14.5], "texture": "#0"},
				"up": {"uv": [9.75, 13, 9, 12], "texture": "#0"},
				"down": {"uv": [0.75, 0, 0, 1], "texture": "#0"}
			}
		},
		{
			"name": "Left Arm Layer",
			"from": [0.75, 6.75, 5.75],
			"to": [4.25, 13.25, 10.25],
			"rotation": {"angle": 0, "axis": "x", "origin": [2.75, 11.54545, 8]},
			"faces": {
				"north": {"uv": [13, 13, 13.75, 14.5], "texture": "#0"},
				"east": {"uv": [12, 13, 13, 14.5], "texture": "#0"},
				"south": {"uv": [14.75, 13, 15.5, 14.5], "texture": "#0"},
				"west": {"uv": [13.75, 13, 14.75, 14.5], "texture": "#0"},
				"up": {"uv": [13.75, 13, 13, 12], "texture": "#0"},
				"down": {"uv": [0.75, 0, 0, 1], "texture": "#0"}
			}
		},
		{
			"name": "Left Arm",
			"from": [1, 1.61137, 7.58723],
			"to": [4, 7.61137, 11.58723],
			"rotation": {"angle": 22.5, "axis": "x", "origin": [2.75, 11.54545, 8]},
			"faces": {
				"north": {"uv": [9, 14.5, 9.75, 16], "texture": "#0"},
				"east": {"uv": [8, 14.5, 9, 16], "texture": "#0"},
				"south": {"uv": [10.75, 14.5, 11.5, 16], "texture": "#0"},
				"west": {"uv": [9.75, 14.5, 10.75, 16], "texture": "#0"},
				"up": {"uv": [0.75, 1, 0, 0], "texture": "#0"},
				"down": {"uv": [10.5, 12, 9.75, 13], "texture": "#0"}
			}
		},
		{
			"name": "Left Arm Layer",
			"from": [0.75, 1.36137, 7.33723],
			"to": [4.25, 7.86137, 11.83723],
			"rotation": {"angle": 22.5, "axis": "x", "origin": [2.75, 11.54545, 8]},
			"faces": {
				"north": {"uv": [13, 14.5, 13.75, 16], "texture": "#0"},
				"east": {"uv": [12, 14.5, 13, 16], "texture": "#0"},
				"south": {"uv": [14.75, 14.5, 15.5, 16], "texture": "#0"},
				"west": {"uv": [13.75, 14.5, 14.75, 16], "texture": "#0"},
				"up": {"uv": [0.75, 1, 0, 0], "texture": "#0"},
				"down": {"uv": [14.5, 12, 13.75, 13], "texture": "#0"}
			}
		},
		{
			"name": "Right Leg",
			"from": [7.9, -5, 6],
			"to": [11.9, 1, 10],
			"rotation": {"angle": -22.5, "axis": "y", "origin": [12, 0.54545, 8]},
			"faces": {
				"north": {"uv": [1, 5, 2, 6.5], "texture": "#0"},
				"east": {"uv": [0, 5, 1, 6.5], "texture": "#0"},
				"south": {"uv": [3, 5, 4, 6.5], "texture": "#0"},
				"west": {"uv": [2, 5, 3, 6.5], "texture": "#0"},
				"up": {"uv": [2, 5, 1, 4], "texture": "#0"},
				"down": {"uv": [3, 4, 2, 5], "texture": "#0"}
			}
		},
		{
			"name": "Right Leg Layer",
			"from": [7.65, -5.25, 5.75],
			"to": [12.15, 1.25, 10.25],
			"rotation": {"angle": -22.5, "axis": "y", "origin": [12, 0.54545, 8]},
			"faces": {
				"north": {"uv": [1, 9, 2, 10.5], "texture": "#0"},
				"east": {"uv": [0, 9, 1, 10.5], "texture": "#0"},
				"south": {"uv": [3, 9, 4, 10.5], "texture": "#0"},
				"west": {"uv": [2, 9, 3, 10.5], "texture": "#0"},
				"up": {"uv": [2, 9, 1, 8], "texture": "#0"},
				"down": {"uv": [1, 0, 0, 1], "texture": "#0"}
			}
		},
		{
			"name": "Right Leg",
			"from": [7.9, -11, 6],
			"to": [11.9, -5, 10],
			"rotation": {"angle": -22.5, "axis": "y", "origin": [12, 0.54545, 8]},
			"faces": {
				"north": {"uv": [1, 6.5, 2, 8], "texture": "#0"},
				"east": {"uv": [0, 6.5, 1, 8], "texture": "#0"},
				"south": {"uv": [3, 6.5, 4, 8], "texture": "#0"},
				"west": {"uv": [2, 6.5, 3, 8], "texture": "#0"},
				"up": {"uv": [1, 1, 0, 0], "texture": "#0"},
				"down": {"uv": [3, 4, 2, 5], "texture": "#0"}
			}
		},
		{
			"name": "Right Leg Layer",
			"from": [7.65, -11.25, 5.75],
			"to": [12.15, -4.75, 10.25],
			"rotation": {"angle": -22.5, "axis": "y", "origin": [12, 0.54545, 8]},
			"faces": {
				"north": {"uv": [1, 10.5, 2, 12], "texture": "#0"},
				"east": {"uv": [0, 10.5, 1, 12], "texture": "#0"},
				"south": {"uv": [3, 10.5, 4, 12], "texture": "#0"},
				"west": {"uv": [2, 10.5, 3, 12], "texture": "#0"},
				"up": {"uv": [1, 1, 0, 0], "texture": "#0"},
				"down": {"uv": [3, 8, 2, 9], "texture": "#0"}
			}
		},
		{
			"name": "Left Leg",
			"from": [4.1, -6, 6],
			"to": [8.1, 1, 10],
			"rotation": {"angle": 45, "axis": "x", "origin": [8, 0.54545, 8]},
			"faces": {
				"north": {"uv": [5, 13, 6, 14.5], "texture": "#0"},
				"east": {"uv": [4, 13, 5, 14.5], "texture": "#0"},
				"south": {"uv": [7, 13, 8, 14.5], "texture": "#0"},
				"west": {"uv": [6, 13, 7, 14.5], "texture": "#0"},
				"up": {"uv": [6, 13, 5, 12], "texture": "#0"},
				"down": {"uv": [7, 12, 6, 13], "texture": "#0"}
			}
		},
		{
			"name": "Left Leg Layer",
			"from": [3.85, -6.25, 5.75],
			"to": [8.35, 1.25, 10.25],
			"rotation": {"angle": 45, "axis": "x", "origin": [8, 0.54545, 8]},
			"faces": {
				"north": {"uv": [1, 13, 2, 14.5], "texture": "#0"},
				"east": {"uv": [0, 13, 1, 14.5], "texture": "#0"},
				"south": {"uv": [3, 13, 4, 14.5], "texture": "#0"},
				"west": {"uv": [2, 13, 3, 14.5], "texture": "#0"},
				"up": {"uv": [2, 13, 1, 12], "texture": "#0"},
				"down": {"uv": [1, 0, 0, 1], "texture": "#0"}
			}
		},
		{
			"name": "Left Leg",
			"from": [4.1, -9.31251, 1.78009],
			"to": [8.1, -3.31251, 5.78009],
			"rotation": {"angle": 0, "axis": "x", "origin": [8, 0.54545, 8]},
			"faces": {
				"north": {"uv": [5, 14.5, 6, 16], "texture": "#0"},
				"east": {"uv": [4, 14.5, 5, 16], "texture": "#0"},
				"south": {"uv": [7, 14.5, 8, 16], "texture": "#0"},
				"west": {"uv": [6, 14.5, 7, 16], "texture": "#0"},
				"up": {"uv": [1, 1, 0, 0], "texture": "#0"},
				"down": {"uv": [7, 12, 6, 13], "texture": "#0"}
			}
		},
		{
			"name": "Left Leg Layer",
			"from": [3.85, -9.56251, 1.53009],
			"to": [8.35, -3.06251, 6.03009],
			"rotation": {"angle": 0, "axis": "x", "origin": [8, 0.54545, 8]},
			"faces": {
				"north": {"uv": [1, 14.5, 2, 16], "texture": "#0"},
				"east": {"uv": [0, 14.5, 1, 16], "texture": "#0"},
				"south": {"uv": [3, 14.5, 4, 16], "texture": "#0"},
				"west": {"uv": [2, 14.5, 3, 16], "texture": "#0"},
				"up": {"uv": [1, 1, 0, 0], "texture": "#0"},
				"down": {"uv": [3, 12, 2, 13], "texture": "#0"}
			}
		}
	],
	"display": {
		"head": {
			"translation": [0, -14.5, 0],
			"scale": [1.6, 1.6, 1.6]
		}
	},
	"groups": [
		{
			"name": "Head",
			"origin": [0, 24, 0],
			"color": 0,
			"children": [0, 1]
		},
		{
			"name": "Body",
			"origin": [0, 24, 0],
			"color": 0,
			"children": [
				2,
				3,
				4,
				5,
				{
					"name": "Body",
					"origin": [0, 24, 0],
					"color": 0,
					"children": [6, 7]
				}
			]
		},
		{
			"name": "RightArm",
			"origin": [5, 21.5, 0],
			"color": 0,
			"children": [8, 9, 10, 11]
		},
		{
			"name": "LeftArm",
			"origin": [-5, 21.5, 0],
			"color": 0,
			"children": [12, 13, 14, 15]
		},
		{
			"name": "RightLeg",
			"origin": [1.9, 12, 0],
			"color": 0,
			"children": [
				16,
				17,
				{
					"name": "RightLeg",
					"origin": [1.9, 12, 0],
					"color": 0,
					"children": [18, 19]
				}
			]
		},
		{
			"name": "LeftLeg",
			"origin": [-1.9, 12, 0],
			"color": 0,
			"children": [
				20,
				21,
				{
					"name": "LeftLeg",
					"origin": [-1.9, 12, 0],
					"color": 0,
					"children": [22, 23]
				}
			]
		}
	]
}