{
	"credit": "Made with Blockbench",
	"texture_size": [32, 32],
	"textures": {
		"0": "nw:stand/base/tower_of_gray",
		"particle": "nw:stand/base/tower_of_gray"
	},
	"elements": [
		{
			"from": [6.4957, 11.75, 8],
			"to": [9.4957, 13.75, 14],
			"rotation": {"angle": 0, "axis": "y", "origin": [8.4957, 11.75, 8]},
			"faces": {
				"north": {"uv": [0, 0, 1.5, 1], "rotation": 180, "texture": "#0"},
				"east": {"uv": [0, 0, 1, 3], "rotation": 90, "texture": "#0"},
				"south": {"uv": [0, 0, 1.5, 1], "texture": "#0"},
				"west": {"uv": [0, 0, 1, 3], "rotation": 270, "texture": "#0"},
				"up": {"uv": [0, 0, 1.5, 3], "texture": "#0"},
				"down": {"uv": [0, 0, 1.5, 3], "rotation": 180, "texture": "#0"}
			}
		},
		{
			"from": [6.5957, 11.85, 14],
			"to": [9.3957, 13.65, 14.8],
			"rotation": {"angle": 0, "axis": "y", "origin": [8.4957, 11.75, 8]},
			"faces": {
				"north": {"uv": [0, 0, 1.5, 1], "rotation": 180, "texture": "#0"},
				"east": {"uv": [0, 0, 1, 0.5], "rotation": 90, "texture": "#0"},
				"south": {"uv": [0, 0, 1.5, 1], "texture": "#0"},
				"west": {"uv": [0, 0, 1, 0.5], "rotation": 270, "texture": "#0"},
				"up": {"uv": [0, 0, 1.5, 0.5], "texture": "#0"},
				"down": {"uv": [0, 0, 1.5, 0.5], "rotation": 180, "texture": "#0"}
			}
		},
		{
			"from": [6.5957, 11.35, 8.1],
			"to": [9.3957, 12.15, 14.4],
			"rotation": {"angle": 0, "axis": "y", "origin": [8.4957, 11.75, 8]},
			"faces": {
				"north": {"uv": [0, 0, 1.5, 0.5], "rotation": 180, "texture": "#0"},
				"east": {"uv": [0, 0, 0.5, 3.25], "rotation": 90, "texture": "#0"},
				"south": {"uv": [0, 0, 1.5, 0.5], "texture": "#0"},
				"west": {"uv": [0, 0, 0.5, 3.25], "rotation": 270, "texture": "#0"},
				"up": {"uv": [0, 0, 1.5, 3.25], "texture": "#0"},
				"down": {"uv": [0, 0, 1.5, 3.25], "rotation": 180, "texture": "#0"}
			}
		},
		{
			"from": [8.1141, 12.26571, 7.48851],
			"to": [15.1141, 13.76571, 7.98851],
			"rotation": {"angle": 45, "axis": "z", "origin": [7.9957, 13.71667, 7.87184]},
			"faces": {
				"north": {"uv": [16, 0, 14.5, 7], "rotation": 90, "texture": "#0"},
				"east": {"uv": [14.5, 0, 16, 0.5], "rotation": 90, "texture": "#0"},
				"south": {"uv": [0, 0, 1.5, 6.25], "rotation": 270, "texture": "#0"},
				"west": {"uv": [14.5, 0, 16, 0.5], "rotation": 90, "texture": "#0"},
				"up": {"uv": [14.5, 0, 15, 7], "rotation": 270, "texture": "#0"},
				"down": {"uv": [14.5, 0, 15, 7], "rotation": 270, "texture": "#0"}
			}
		},
		{
			"from": [9.09471, 13.5, 8.21861],
			"to": [14.59471, 13.5, 17.21861],
			"rotation": {"angle": 22.5, "axis": "y", "origin": [7.9957, 13.71667, 10.87184]},
			"faces": {
				"north": {"uv": [0, 0, 2.75, 0], "rotation": 180, "texture": "#0"},
				"east": {"uv": [0, 0, 0, 4.5], "rotation": 90, "texture": "#0"},
				"south": {"uv": [0, 0, 2.75, 0], "texture": "#0"},
				"west": {"uv": [0, 0, 0, 4.5], "rotation": 270, "texture": "#0"},
				"up": {"uv": [13.25, 7, 10.5, 11.5], "texture": "#0"},
				"down": {"uv": [10.5, 7, 13.25, 11.5], "rotation": 180, "texture": "#0"}
			}
		},
		{
			"from": [8.6141, 12.26571, 7.98851],
			"to": [14.6141, 11.76571, 7.58851],
			"rotation": {"angle": 45, "axis": "z", "origin": [7.9957, 13.71667, 7.87184]},
			"faces": {
				"north": {"uv": [0, 0, 0.5, 6.25], "rotation": 90, "texture": "#0"},
				"east": {"uv": [14.5, 0, 15, 0.6], "rotation": 90, "texture": "#0"},
				"south": {"uv": [15.125, 0, 14.625, 7], "rotation": 270, "texture": "#0"},
				"west": {"uv": [14.5, 0, 15, 0.6], "rotation": 90, "texture": "#0"},
				"up": {"uv": [14.5, 0, 15.1, 7], "rotation": 270, "texture": "#0"},
				"down": {"uv": [14.5, 0, 15.1, 7], "rotation": 270, "texture": "#0"}
			}
		},
		{
			"from": [6.54474, 13.83507, 7.48851],
			"to": [8.04474, 20.83507, 7.98851],
			"rotation": {"angle": 45, "axis": "z", "origin": [7.9957, 13.71667, 7.87184]},
			"faces": {
				"north": {"uv": [14.5, 0, 16, 6.875], "rotation": 180, "texture": "#0"},
				"east": {"uv": [14.375, 0, 14.875, 7], "rotation": 180, "texture": "#0"},
				"south": {"uv": [1.5, 0, 0, 6.375], "rotation": 180, "texture": "#0"},
				"west": {"uv": [14.5, 0, 15, 7], "rotation": 180, "texture": "#0"},
				"up": {"uv": [14.5, 0, 16, 0.5], "texture": "#0"},
				"down": {"uv": [14.5, 0, 16, 0.5], "texture": "#0"}
			}
		},
		{
			"from": [1.39669, 13.5, 8.2186],
			"to": [6.89669, 13.5, 17.2186],
			"rotation": {"angle": -22.5, "axis": "y", "origin": [7.9957, 13.71667, 10.87184]},
			"faces": {
				"north": {"uv": [0, 0, 2.75, 0], "rotation": 180, "texture": "#0"},
				"east": {"uv": [0, 0, 0, 4.5], "rotation": 90, "texture": "#0"},
				"south": {"uv": [0, 0, 2.75, 0], "texture": "#0"},
				"west": {"uv": [10.5, 6.875, 10.5, 11.375], "rotation": 270, "texture": "#0"},
				"up": {"uv": [10.5, 7, 13.25, 11.5], "texture": "#0"},
				"down": {"uv": [13.25, 7, 10.5, 11.5], "rotation": 180, "texture": "#0"}
			}
		},
		{
			"from": [6.54474, 14.33507, 7.98851],
			"to": [6.04474, 20.33507, 7.58851],
			"rotation": {"angle": 45, "axis": "z", "origin": [7.9957, 13.71667, 7.87184]},
			"faces": {
				"north": {"uv": [0.5, 0, 0, 6.25], "rotation": 180, "texture": "#0"},
				"east": {"uv": [14.5, 0, 15.1, 7], "rotation": 180, "texture": "#0"},
				"south": {"uv": [14.5, 0, 15, 7], "rotation": 180, "texture": "#0"},
				"west": {"uv": [14.5, 0, 15.1, 7], "rotation": 180, "texture": "#0"},
				"up": {"uv": [14.5, 0, 15, 0.6], "texture": "#0"},
				"down": {"uv": [14.5, 0, 15, 0.6], "texture": "#0"}
			}
		},
		{
			"from": [6.5957, 11.6, 5.6],
			"to": [9.3957, 13.4, 8.4],
			"rotation": {"angle": 0, "axis": "y", "origin": [8.4957, 12, 7]},
			"faces": {
				"north": {"uv": [3.125, 0, 6.125, 2], "texture": "#0"},
				"east": {"uv": [0, 0, 2.96875, 2], "texture": "#0"},
				"south": {"uv": [0, 0, 3, 2], "texture": "#0"},
				"west": {"uv": [0, 0, 3, 2], "texture": "#0"},
				"up": {"uv": [0, 0, 3, 3], "texture": "#0"},
				"down": {"uv": [0, 0, 3, 3], "texture": "#0"}
			}
		},
		{
			"from": [7.48859, 11.7, 3.99289],
			"to": [8.08859, 12.3, 6.59289],
			"rotation": {"angle": -45, "axis": "y", "origin": [8.4957, 12, 7]},
			"faces": {
				"north": {"uv": [0, 0, 0.5, 0.5], "texture": "#0"},
				"east": {"uv": [0, 0, 1.5, 0.5], "texture": "#0"},
				"south": {"uv": [0, 0, 0.5, 0.5], "texture": "#0"},
				"west": {"uv": [0, 0, 1.5, 0.5], "texture": "#0"},
				"up": {"uv": [0, 0, 0.5, 1.5], "texture": "#0"},
				"down": {"uv": [0, 0, 0.5, 1.5], "texture": "#0"}
			}
		},
		{
			"from": [10.56763, 11.7, 3.81104],
			"to": [11.16763, 12.3, 5.41104],
			"rotation": {"angle": 22.5, "axis": "y", "origin": [8.4957, 12, 7]},
			"faces": {
				"north": {"uv": [0, 0, 0.5, 0.5], "texture": "#0"},
				"east": {"uv": [0, 0, 1, 0.5], "texture": "#0"},
				"south": {"uv": [0, 0, 0.5, 0.5], "texture": "#0"},
				"west": {"uv": [0, 0, 1, 0.5], "texture": "#0"},
				"up": {"uv": [0, 0, 1, 0.5], "rotation": 90, "texture": "#0"},
				"down": {"uv": [0, 0, 1, 0.5], "rotation": 270, "texture": "#0"}
			}
		},
		{
			"from": [9.67838, 11.8, 4.37612],
			"to": [10.07838, 12.2, 5.77612],
			"rotation": {"angle": 22.5, "axis": "y", "origin": [8.4957, 12, 7]},
			"faces": {
				"north": {"uv": [0, 0, 0.5, 0.5], "texture": "#0"},
				"east": {"uv": [0, 0, 1, 0.5], "texture": "#0"},
				"south": {"uv": [0, 0, 0.5, 0.5], "texture": "#0"},
				"west": {"uv": [0, 0, 1, 0.5], "texture": "#0"},
				"up": {"uv": [0, 0, 1, 0.5], "rotation": 90, "texture": "#0"},
				"down": {"uv": [0, 0, 1, 0.5], "rotation": 270, "texture": "#0"}
			}
		},
		{
			"from": [8.1957, 11.7, 3.43384],
			"to": [8.7957, 12.3, 6.03384],
			"rotation": {"angle": 45, "axis": "y", "origin": [8.4957, 12, 7]},
			"faces": {
				"north": {"uv": [0, 0, 0.5, 0.5], "texture": "#0"},
				"east": {"uv": [0, 0, 1.5, 0.5], "texture": "#0"},
				"south": {"uv": [0, 0, 0.5, 0.5], "texture": "#0"},
				"west": {"uv": [0, 0, 1.5, 0.5], "texture": "#0"},
				"up": {"uv": [0, 0, 0.5, 1.5], "texture": "#0"},
				"down": {"uv": [0, 0, 0.5, 1.5], "texture": "#0"}
			}
		},
		{
			"from": [5.09989, 11.7, 4.19373],
			"to": [5.69989, 12.3, 5.79373],
			"rotation": {"angle": -22.5, "axis": "y", "origin": [8.4957, 12, 7]},
			"faces": {
				"north": {"uv": [0, 0, 0.5, 0.5], "texture": "#0"},
				"east": {"uv": [0, 0, 1, 0.5], "texture": "#0"},
				"south": {"uv": [0, 0, 0.5, 0.5], "texture": "#0"},
				"west": {"uv": [0, 0, 1, 0.5], "texture": "#0"},
				"up": {"uv": [0, 0, 1, 0.5], "rotation": 270, "texture": "#0"},
				"down": {"uv": [0, 0, 1, 0.5], "rotation": 90, "texture": "#0"}
			}
		},
		{
			"from": [6.13719, 11.8, 4.7588],
			"to": [6.53719, 12.2, 6.1588],
			"rotation": {"angle": -22.5, "axis": "y", "origin": [8.4957, 12, 7]},
			"faces": {
				"north": {"uv": [0, 0, 0.5, 0.5], "texture": "#0"},
				"east": {"uv": [0, 0, 1, 0.5], "texture": "#0"},
				"south": {"uv": [0, 0, 0.5, 0.5], "texture": "#0"},
				"west": {"uv": [0, 0, 1, 0.5], "texture": "#0"},
				"up": {"uv": [0, 0, 1, 0.5], "rotation": 270, "texture": "#0"},
				"down": {"uv": [0, 0, 1, 0.5], "rotation": 90, "texture": "#0"}
			}
		},
		{
			"from": [7.7957, 11.8, 4.2],
			"to": [8.1957, 12.2, 5.6],
			"rotation": {"angle": 0, "axis": "y", "origin": [8.4957, 12, 7]},
			"faces": {
				"north": {"uv": [0, 15, 1, 16], "texture": "#0"},
				"east": {"uv": [0, 15, 2, 16], "texture": "#0"},
				"south": {"uv": [0, 15, 1, 16], "texture": "#0"},
				"west": {"uv": [0, 15, 2, 16], "texture": "#0"},
				"up": {"uv": [0, 14, 1, 16], "texture": "#0"},
				"down": {"uv": [0, 14, 1, 16], "texture": "#0"}
			}
		},
		{
			"from": [7.2957, 12.05, 4.95],
			"to": [8.6957, 12.2, 5.6],
			"rotation": {"angle": 22.5, "axis": "x", "origin": [7.9957, 12.25, 6]},
			"faces": {
				"north": {"uv": [0, 3.625, 1, 4.625], "texture": "#0"},
				"east": {"uv": [0, 3.625, 2, 4.625], "texture": "#0"},
				"south": {"uv": [0, 3.5, 1, 4.5], "texture": "#0"},
				"west": {"uv": [0, 3.625, 2, 4.625], "texture": "#0"},
				"up": {"uv": [0, 2.5, 1, 4.5], "texture": "#0"},
				"down": {"uv": [3, 2.625, 4, 4.625], "texture": "#0"}
			}
		},
		{
			"from": [7.7957, 12.85629, 3.08967],
			"to": [8.1957, 13.25629, 4.48967],
			"rotation": {"angle": -22.5, "axis": "x", "origin": [8.4957, 12, 7]},
			"faces": {
				"north": {"uv": [0, 15, 1, 16], "texture": "#0"},
				"east": {"uv": [0, 15, 2, 16], "texture": "#0"},
				"south": {"uv": [0, 15, 1, 16], "texture": "#0"},
				"west": {"uv": [0, 15, 2, 16], "texture": "#0"},
				"up": {"uv": [0, 14, 1, 16], "texture": "#0"},
				"down": {"uv": [0, 14, 1, 16], "texture": "#0"}
			}
		},
		{
			"from": [7.7957, 11.29469, 1.65964],
			"to": [8.1957, 11.69469, 3.05964],
			"rotation": {"angle": 0, "axis": "y", "origin": [8.4957, 12, 7]},
			"faces": {
				"north": {"uv": [0, 15, 1, 16], "texture": "#0"},
				"east": {"uv": [0, 15, 2, 16], "texture": "#0"},
				"south": {"uv": [0, 15, 1, 16], "texture": "#0"},
				"west": {"uv": [0, 15, 2, 16], "texture": "#0"},
				"up": {"uv": [0, 14, 1, 16], "texture": "#0"},
				"down": {"uv": [0, 14, 1, 16], "texture": "#0"}
			}
		},
		{
			"from": [7.6957, 11.2, 1.25],
			"to": [8.2957, 11.8, 1.85],
			"rotation": {"angle": 0, "axis": "y", "origin": [8.4957, 12, 7]},
			"faces": {
				"north": {"uv": [2.25, 15, 3.25, 16], "texture": "#0"},
				"east": {"uv": [0, 15, 1, 16], "texture": "#0"},
				"south": {"uv": [0, 15, 1, 16], "texture": "#0"},
				"west": {"uv": [0, 15, 1, 16], "texture": "#0"},
				"up": {"uv": [0, 14, 1, 15], "texture": "#0"},
				"down": {"uv": [0, 14, 1, 15], "texture": "#0"}
			}
		},
		{
			"from": [9.3457, 11.85, 9.1],
			"to": [10.1457, 12.65, 9.9],
			"rotation": {"angle": 0, "axis": "y", "origin": [8.4957, 11.75, 8]},
			"faces": {
				"north": {"uv": [0, 0, 0.5, 0.5], "rotation": 180, "texture": "#0"},
				"east": {"uv": [0, 0, 0.5, 0.5], "rotation": 90, "texture": "#0"},
				"south": {"uv": [0, 0, 0.5, 0.5], "texture": "#0"},
				"west": {"uv": [0, 0, 0.5, 0.5], "rotation": 270, "texture": "#0"},
				"up": {"uv": [0, 0, 0.5, 0.5], "texture": "#0"},
				"down": {"uv": [0, 0, 0.5, 0.5], "rotation": 180, "texture": "#0"}
			}
		},
		{
			"from": [9.58861, 9.86299, 9.2],
			"to": [10.18861, 11.46299, 9.8],
			"rotation": {"angle": 22.5, "axis": "z", "origin": [8.4957, 11.75, 8]},
			"faces": {
				"north": {"uv": [0, 0, 0.5, 1], "rotation": 180, "texture": "#0"},
				"east": {"uv": [0, 0, 1, 0.5], "rotation": 90, "texture": "#0"},
				"south": {"uv": [0, 0, 0.5, 1], "texture": "#0"},
				"west": {"uv": [0, 0, 1, 0.5], "rotation": 270, "texture": "#0"},
				"up": {"uv": [0, 0, 0.5, 0.5], "texture": "#0"},
				"down": {"uv": [0, 0, 0.5, 0.5], "rotation": 180, "texture": "#0"}
			}
		},
		{
			"from": [10.18187, 8.80448, 9.2],
			"to": [10.78187, 10.65448, 9.8],
			"rotation": {"angle": 0, "axis": "y", "origin": [8.4957, 11.75, 8]},
			"faces": {
				"north": {"uv": [0, 0, 0.5, 1.125], "rotation": 180, "texture": "#0"},
				"east": {"uv": [0, 0, 1.125, 0.5], "rotation": 90, "texture": "#0"},
				"south": {"uv": [0, 0, 0.5, 1.125], "texture": "#0"},
				"west": {"uv": [0, 0, 1.125, 0.5], "rotation": 270, "texture": "#0"},
				"up": {"uv": [0, 0, 0.5, 0.5], "texture": "#0"},
				"down": {"uv": [0, 0, 0.5, 0.5], "rotation": 180, "texture": "#0"}
			}
		},
		{
			"from": [9.17631, 6.98478, 9.2],
			"to": [9.57631, 8.38478, 9.6],
			"rotation": {"angle": 22.5, "axis": "z", "origin": [8.4957, 11.75, 8]},
			"faces": {
				"north": {"uv": [0, 0, 0.5, 1], "rotation": 180, "texture": "#0"},
				"east": {"uv": [0, 0, 1, 0.5], "rotation": 90, "texture": "#0"},
				"south": {"uv": [0, 0, 0.5, 1], "texture": "#0"},
				"west": {"uv": [0, 0, 1, 0.5], "rotation": 270, "texture": "#0"},
				"up": {"uv": [0, 0, 0.5, 0.5], "texture": "#0"},
				"down": {"uv": [0, 0, 0.5, 0.5], "rotation": 180, "texture": "#0"}
			}
		},
		{
			"from": [5.8457, 11.85, 9.1],
			"to": [6.6457, 12.65, 9.9],
			"rotation": {"angle": 0, "axis": "y", "origin": [8.4957, 11.75, 8]},
			"faces": {
				"north": {"uv": [0, 0, 0.5, 0.5], "rotation": 180, "texture": "#0"},
				"east": {"uv": [0, 0, 0.5, 0.5], "rotation": 90, "texture": "#0"},
				"south": {"uv": [0, 0, 0.5, 0.5], "texture": "#0"},
				"west": {"uv": [0, 0, 0.5, 0.5], "rotation": 270, "texture": "#0"},
				"up": {"uv": [0, 0, 0.5, 0.5], "texture": "#0"},
				"down": {"uv": [0, 0, 0.5, 0.5], "rotation": 180, "texture": "#0"}
			}
		},
		{
			"from": [5.87891, 9.4803, 9.2],
			"to": [6.47891, 11.0803, 9.8],
			"rotation": {"angle": -22.5, "axis": "z", "origin": [8.4957, 11.75, 8]},
			"faces": {
				"north": {"uv": [0, 0, 0.5, 1], "rotation": 180, "texture": "#0"},
				"east": {"uv": [0, 0, 1, 0.5], "rotation": 90, "texture": "#0"},
				"south": {"uv": [0, 0, 0.5, 1], "texture": "#0"},
				"west": {"uv": [0, 0, 1, 0.5], "rotation": 270, "texture": "#0"},
				"up": {"uv": [0, 0, 0.5, 0.5], "texture": "#0"},
				"down": {"uv": [0, 0, 0.5, 0.5], "rotation": 180, "texture": "#0"}
			}
		},
		{
			"from": [5.20953, 8.80448, 9.2],
			"to": [5.80953, 10.65448, 9.8],
			"rotation": {"angle": 0, "axis": "y", "origin": [8.4957, 11.75, 8]},
			"faces": {
				"north": {"uv": [0, 0, 0.5, 1.125], "rotation": 180, "texture": "#0"},
				"east": {"uv": [0, 0, 1.125, 0.5], "rotation": 90, "texture": "#0"},
				"south": {"uv": [0, 0, 0.5, 1.125], "texture": "#0"},
				"west": {"uv": [0, 0, 1.125, 0.5], "rotation": 270, "texture": "#0"},
				"up": {"uv": [0, 0, 0.5, 0.5], "texture": "#0"},
				"down": {"uv": [0, 0, 0.5, 0.5], "rotation": 180, "texture": "#0"}
			}
		},
		{
			"from": [6.4912, 6.6021, 9.2],
			"to": [6.8912, 8.0021, 9.6],
			"rotation": {"angle": -22.5, "axis": "z", "origin": [8.4957, 11.75, 8]},
			"faces": {
				"north": {"uv": [0, 0, 0.5, 1], "rotation": 180, "texture": "#0"},
				"east": {"uv": [0, 0, 1, 0.5], "rotation": 90, "texture": "#0"},
				"south": {"uv": [0, 0, 0.5, 1], "texture": "#0"},
				"west": {"uv": [0, 0, 1, 0.5], "rotation": 270, "texture": "#0"},
				"up": {"uv": [0, 0, 0.5, 0.5], "texture": "#0"},
				"down": {"uv": [0, 0, 0.5, 0.5], "rotation": 180, "texture": "#0"}
			}
		},
		{
			"from": [9.3457, 11.85, 11.1],
			"to": [10.1457, 12.65, 11.9],
			"rotation": {"angle": 0, "axis": "y", "origin": [8.4957, 11.75, 8]},
			"faces": {
				"north": {"uv": [0, 0, 0.5, 0.5], "rotation": 180, "texture": "#0"},
				"east": {"uv": [0, 0, 0.5, 0.5], "rotation": 90, "texture": "#0"},
				"south": {"uv": [0, 0, 0.5, 0.5], "texture": "#0"},
				"west": {"uv": [0, 0, 0.5, 0.5], "rotation": 270, "texture": "#0"},
				"up": {"uv": [0, 0, 0.5, 0.5], "texture": "#0"},
				"down": {"uv": [0, 0, 0.5, 0.5], "rotation": 180, "texture": "#0"}
			}
		},
		{
			"from": [9.58861, 9.86299, 11.2],
			"to": [10.18861, 11.46299, 11.8],
			"rotation": {"angle": 22.5, "axis": "z", "origin": [8.4957, 11.75, 8]},
			"faces": {
				"north": {"uv": [0, 0, 0.5, 1], "rotation": 180, "texture": "#0"},
				"east": {"uv": [0, 0, 1, 0.5], "rotation": 90, "texture": "#0"},
				"south": {"uv": [0, 0, 0.5, 1], "texture": "#0"},
				"west": {"uv": [0, 0, 1, 0.5], "rotation": 270, "texture": "#0"},
				"up": {"uv": [0, 0, 0.5, 0.5], "texture": "#0"},
				"down": {"uv": [0, 0, 0.5, 0.5], "rotation": 180, "texture": "#0"}
			}
		},
		{
			"from": [10.18187, 8.80448, 11.2],
			"to": [10.78187, 10.65448, 11.8],
			"rotation": {"angle": 0, "axis": "y", "origin": [8.4957, 11.75, 8]},
			"faces": {
				"north": {"uv": [0, 0, 0.5, 1.125], "rotation": 180, "texture": "#0"},
				"east": {"uv": [0, 0, 1.125, 0.5], "rotation": 90, "texture": "#0"},
				"south": {"uv": [0, 0, 0.5, 1.125], "texture": "#0"},
				"west": {"uv": [0, 0, 1.125, 0.5], "rotation": 270, "texture": "#0"},
				"up": {"uv": [0, 0, 0.5, 0.5], "texture": "#0"},
				"down": {"uv": [0, 0, 0.5, 0.5], "rotation": 180, "texture": "#0"}
			}
		},
		{
			"from": [9.17631, 6.98478, 11.2],
			"to": [9.57631, 8.38478, 11.6],
			"rotation": {"angle": 22.5, "axis": "z", "origin": [8.4957, 11.75, 8]},
			"faces": {
				"north": {"uv": [0, 0, 0.5, 1], "rotation": 180, "texture": "#0"},
				"east": {"uv": [0, 0, 1, 0.5], "rotation": 90, "texture": "#0"},
				"south": {"uv": [0, 0, 0.5, 1], "texture": "#0"},
				"west": {"uv": [0, 0, 1, 0.5], "rotation": 270, "texture": "#0"},
				"up": {"uv": [0, 0, 0.5, 0.5], "texture": "#0"},
				"down": {"uv": [0, 0, 0.5, 0.5], "rotation": 180, "texture": "#0"}
			}
		},
		{
			"from": [5.8457, 11.85, 11.1],
			"to": [6.6457, 12.65, 11.9],
			"rotation": {"angle": 0, "axis": "y", "origin": [8.4957, 11.75, 8]},
			"faces": {
				"north": {"uv": [0, 0, 0.5, 0.5], "rotation": 180, "texture": "#0"},
				"east": {"uv": [0, 0, 0.5, 0.5], "rotation": 90, "texture": "#0"},
				"south": {"uv": [0, 0, 0.5, 0.5], "texture": "#0"},
				"west": {"uv": [0, 0, 0.5, 0.5], "rotation": 270, "texture": "#0"},
				"up": {"uv": [0, 0, 0.5, 0.5], "texture": "#0"},
				"down": {"uv": [0, 0, 0.5, 0.5], "rotation": 180, "texture": "#0"}
			}
		},
		{
			"from": [5.87891, 9.4803, 11.2],
			"to": [6.47891, 11.0803, 11.8],
			"rotation": {"angle": -22.5, "axis": "z", "origin": [8.4957, 11.75, 8]},
			"faces": {
				"north": {"uv": [0, 0, 0.5, 1], "rotation": 180, "texture": "#0"},
				"east": {"uv": [0, 0, 1, 0.5], "rotation": 90, "texture": "#0"},
				"south": {"uv": [0, 0, 0.5, 1], "texture": "#0"},
				"west": {"uv": [0, 0, 1, 0.5], "rotation": 270, "texture": "#0"},
				"up": {"uv": [0, 0, 0.5, 0.5], "texture": "#0"},
				"down": {"uv": [0, 0, 0.5, 0.5], "rotation": 180, "texture": "#0"}
			}
		},
		{
			"from": [5.20953, 8.80448, 11.2],
			"to": [5.80953, 10.65448, 11.8],
			"rotation": {"angle": 0, "axis": "y", "origin": [8.4957, 11.75, 8]},
			"faces": {
				"north": {"uv": [0, 0, 0.5, 1.125], "rotation": 180, "texture": "#0"},
				"east": {"uv": [0, 0, 1.125, 0.5], "rotation": 90, "texture": "#0"},
				"south": {"uv": [0, 0, 0.5, 1.125], "texture": "#0"},
				"west": {"uv": [0, 0, 1.125, 0.5], "rotation": 270, "texture": "#0"},
				"up": {"uv": [0, 0, 0.5, 0.5], "texture": "#0"},
				"down": {"uv": [0, 0, 0.5, 0.5], "rotation": 180, "texture": "#0"}
			}
		},
		{
			"from": [6.4912, 6.6021, 11.2],
			"to": [6.8912, 8.0021, 11.6],
			"rotation": {"angle": -22.5, "axis": "z", "origin": [8.4957, 11.75, 8]},
			"faces": {
				"north": {"uv": [0, 0, 0.5, 1], "rotation": 180, "texture": "#0"},
				"east": {"uv": [0, 0, 1, 0.5], "rotation": 90, "texture": "#0"},
				"south": {"uv": [0, 0, 0.5, 1], "texture": "#0"},
				"west": {"uv": [0, 0, 1, 0.5], "rotation": 270, "texture": "#0"},
				"up": {"uv": [0, 0, 0.5, 0.5], "texture": "#0"},
				"down": {"uv": [0, 0, 0.5, 0.5], "rotation": 180, "texture": "#0"}
			}
		},
		{
			"from": [9.3457, 11.85, 13.1],
			"to": [10.1457, 12.65, 13.9],
			"rotation": {"angle": 0, "axis": "y", "origin": [8.4957, 11.75, 8]},
			"faces": {
				"north": {"uv": [0, 0, 0.5, 0.5], "rotation": 180, "texture": "#0"},
				"east": {"uv": [0, 0, 0.5, 0.5], "rotation": 90, "texture": "#0"},
				"south": {"uv": [0, 0, 0.5, 0.5], "texture": "#0"},
				"west": {"uv": [0, 0, 0.5, 0.5], "rotation": 270, "texture": "#0"},
				"up": {"uv": [0, 0, 0.5, 0.5], "texture": "#0"},
				"down": {"uv": [0, 0, 0.5, 0.5], "rotation": 180, "texture": "#0"}
			}
		},
		{
			"from": [9.62667, 10.05433, 13.2],
			"to": [10.22667, 11.65433, 13.8],
			"rotation": {"angle": 22.5, "axis": "z", "origin": [8.4957, 11.75, 8]},
			"faces": {
				"north": {"uv": [0, 0, 0.5, 1], "rotation": 180, "texture": "#0"},
				"east": {"uv": [0, 0, 1, 0.5], "rotation": 90, "texture": "#0"},
				"south": {"uv": [0, 0, 0.5, 1], "texture": "#0"},
				"west": {"uv": [0, 0, 1, 0.5], "rotation": 270, "texture": "#0"},
				"up": {"uv": [0, 0, 0.5, 0.5], "texture": "#0"},
				"down": {"uv": [0, 0, 0.5, 0.5], "rotation": 180, "texture": "#0"}
			}
		},
		{
			"from": [10.14381, 8.99582, 13.2],
			"to": [10.74381, 10.84582, 13.8],
			"rotation": {"angle": 0, "axis": "y", "origin": [8.4957, 11.75, 8]},
			"faces": {
				"north": {"uv": [0, 0, 0.5, 1.125], "rotation": 180, "texture": "#0"},
				"east": {"uv": [0, 0, 1.125, 0.5], "rotation": 90, "texture": "#0"},
				"south": {"uv": [0, 0, 0.5, 1.125], "texture": "#0"},
				"west": {"uv": [0, 0, 1.125, 0.5], "rotation": 270, "texture": "#0"},
				"up": {"uv": [0, 0, 0.5, 0.5], "texture": "#0"},
				"down": {"uv": [0, 0, 0.5, 0.5], "rotation": 180, "texture": "#0"}
			}
		},
		{
			"from": [9.21437, 7.17612, 13.2],
			"to": [9.61437, 8.57612, 13.6],
			"rotation": {"angle": 22.5, "axis": "z", "origin": [8.4957, 11.75, 8]},
			"faces": {
				"north": {"uv": [0, 0, 0.5, 1], "rotation": 180, "texture": "#0"},
				"east": {"uv": [0, 0, 1, 0.5], "rotation": 90, "texture": "#0"},
				"south": {"uv": [0, 0, 0.5, 1], "texture": "#0"},
				"west": {"uv": [0, 0, 1, 0.5], "rotation": 270, "texture": "#0"},
				"up": {"uv": [0, 0, 0.5, 0.5], "texture": "#0"},
				"down": {"uv": [0, 0, 0.5, 0.5], "rotation": 180, "texture": "#0"}
			}
		},
		{
			"from": [5.8457, 11.85, 13.1],
			"to": [6.6457, 12.65, 13.9],
			"rotation": {"angle": 0, "axis": "y", "origin": [8.4957, 11.75, 8]},
			"faces": {
				"north": {"uv": [0, 0, 0.5, 0.5], "rotation": 180, "texture": "#0"},
				"east": {"uv": [0, 0, 0.5, 0.5], "rotation": 90, "texture": "#0"},
				"south": {"uv": [0, 0, 0.5, 0.5], "texture": "#0"},
				"west": {"uv": [0, 0, 0.5, 0.5], "rotation": 270, "texture": "#0"},
				"up": {"uv": [0, 0, 0.5, 0.5], "texture": "#0"},
				"down": {"uv": [0, 0, 0.5, 0.5], "rotation": 180, "texture": "#0"}
			}
		},
		{
			"from": [5.91697, 9.28896, 13.2],
			"to": [6.51697, 10.88896, 13.8],
			"rotation": {"angle": -22.5, "axis": "z", "origin": [8.4957, 11.75, 8]},
			"faces": {
				"north": {"uv": [0, 0, 0.5, 1], "rotation": 180, "texture": "#0"},
				"east": {"uv": [0, 0, 1, 0.5], "rotation": 90, "texture": "#0"},
				"south": {"uv": [0, 0, 0.5, 1], "texture": "#0"},
				"west": {"uv": [0, 0, 1, 0.5], "rotation": 270, "texture": "#0"},
				"up": {"uv": [0, 0, 0.5, 0.5], "texture": "#0"},
				"down": {"uv": [0, 0, 0.5, 0.5], "rotation": 180, "texture": "#0"}
			}
		},
		{
			"from": [5.17146, 8.61313, 13.2],
			"to": [5.77146, 10.46313, 13.8],
			"rotation": {"angle": 0, "axis": "y", "origin": [8.4957, 11.75, 8]},
			"faces": {
				"north": {"uv": [0, 0, 0.5, 1.125], "rotation": 180, "texture": "#0"},
				"east": {"uv": [0, 0, 1.125, 0.5], "rotation": 90, "texture": "#0"},
				"south": {"uv": [0, 0, 0.5, 1.125], "texture": "#0"},
				"west": {"uv": [0, 0, 1.125, 0.5], "rotation": 270, "texture": "#0"},
				"up": {"uv": [0, 0, 0.5, 0.5], "texture": "#0"},
				"down": {"uv": [0, 0, 0.5, 0.5], "rotation": 180, "texture": "#0"}
			}
		},
		{
			"from": [6.52926, 6.41076, 13.2],
			"to": [6.92926, 7.81076, 13.6],
			"rotation": {"angle": -22.5, "axis": "z", "origin": [8.4957, 11.75, 8]},
			"faces": {
				"north": {"uv": [0, 0, 0.5, 1], "rotation": 180, "texture": "#0"},
				"east": {"uv": [0, 0, 1, 0.5], "rotation": 90, "texture": "#0"},
				"south": {"uv": [0, 0, 0.5, 1], "texture": "#0"},
				"west": {"uv": [0, 0, 1, 0.5], "rotation": 270, "texture": "#0"},
				"up": {"uv": [0, 0, 0.5, 0.5], "texture": "#0"},
				"down": {"uv": [0, 0, 0.5, 0.5], "rotation": 180, "texture": "#0"}
			}
		}
	],
	"display": {
		"head": {
			"translation": [0.5, -13.75, 0],
			"scale": [1.6, 1.6, 1.6]
		}
	},
	"groups": [
		{
			"name": "Tower",
			"origin": [0, 0, 0],
			"color": 0,
			"children": [
				{
					"name": "Torço",
					"origin": [0, 0, 0],
					"color": 0,
					"children": [
						0,
						1,
						2,
						{
							"name": "Asas",
							"origin": [8, 8, 8],
							"color": 0,
							"children": [
								{
									"name": "Asa1",
									"origin": [8, 8, 8],
									"color": 0,
									"children": [3, 4, 5]
								},
								{
									"name": "Asa2",
									"origin": [0, 0, 0],
									"color": 0,
									"children": [6, 7, 8]
								}
							]
						}
					]
				},
				{
					"name": "cabeça",
					"origin": [0, 0, 0],
					"color": 0,
					"children": [
						9,
						{
							"name": "Presas",
							"origin": [0, 0, 0],
							"color": 0,
							"children": [
								{
									"name": "Presa1",
									"origin": [0, 0, 0],
									"color": 0,
									"children": [10, 11, 12]
								},
								{
									"name": "Presa2",
									"origin": [8, 8, 8],
									"color": 0,
									"children": [13, 14, 15]
								}
							]
						},
						{
							"name": "lingua",
							"origin": [0, 0, 0],
							"color": 0,
							"children": [16, 17, 18, 19, 20]
						}
					]
				},
				{
					"name": "Bracos T1",
					"origin": [8, 8, 8],
					"color": 0,
					"children": [
						{
							"name": "Braco 1",
							"origin": [8, 8, 8],
							"color": 0,
							"children": [21, 22, 23, 24]
						},
						{
							"name": "Braco 2",
							"origin": [8, 8, 8],
							"color": 0,
							"children": [25, 26, 27, 28]
						}
					]
				},
				{
					"name": "Bracos T2",
					"origin": [8, 8, 8],
					"color": 0,
					"children": [
						{
							"name": "Braco 1",
							"origin": [8, 8, 8],
							"color": 0,
							"children": [29, 30, 31, 32]
						},
						{
							"name": "Braco 2",
							"origin": [8, 8, 8],
							"color": 0,
							"children": [33, 34, 35, 36]
						}
					]
				},
				{
					"name": "Bracos T3",
					"origin": [8, 8, 8],
					"color": 0,
					"children": [
						{
							"name": "Braco 1",
							"origin": [8, 8, 8],
							"color": 0,
							"children": [37, 38, 39, 40]
						},
						{
							"name": "Braco 2",
							"origin": [8, 8, 8],
							"color": 0,
							"children": [41, 42, 43, 44]
						}
					]
				}
			]
		}
	]
}