{
	"credit": "Made with Blockbench",
	"texture_size": [32, 32],
	"textures": {
		"main": "nw:stand/base/anim/bc_copter"
	},
	"elements": [
		{
			"from": [6.25, 1.25, 0],
			"to": [9.75, 2.25, 9],
			"faces": {
				"north": {"uv": [12.25, 0.5, 13.25, 0.75], "texture": "#main"},
				"east": {"uv": [11, 1.5, 13.25, 1.75], "texture": "#main"},
				"south": {"uv": [12, 5.5, 13, 5.75], "texture": "#main"},
				"west": {"uv": [11, 1.75, 13.25, 2], "texture": "#main"},
				"up": {"uv": [9, 2.25, 8, 0], "texture": "#main"},
				"down": {"uv": [10, 0, 9, 2.25], "texture": "#main"}
			}
		},
		{
			"from": [6.25, 1, 0],
			"to": [9.75, 2, 9],
			"faces": {
				"north": {"uv": [12.25, 0.5, 13.25, 0.75], "texture": "#main"},
				"east": {"uv": [11, 1.5, 13.25, 1.75], "texture": "#main"},
				"south": {"uv": [12, 5.5, 13, 5.75], "texture": "#main"},
				"west": {"uv": [11, 1.75, 13.25, 2], "texture": "#main"},
				"up": {"uv": [9, 2.25, 8, 0], "texture": "#main"},
				"down": {"uv": [10, 0, 9, 2.25], "texture": "#main"}
			}
		},
		{
			"from": [6.02164, 1, -0.35195],
			"to": [6.52164, 2, 1.14805],
			"rotation": {"angle": -22.5, "axis": "y", "origin": [8.77164, 0, 1.14805]},
			"faces": {
				"north": {"uv": [11.25, 4.5, 11.5, 4.75], "texture": "#main"},
				"east": {"uv": [14, 5.5, 14.5, 5.75], "texture": "#main"},
				"south": {"uv": [12, 4.75, 12.25, 5], "texture": "#main"},
				"west": {"uv": [13.75, 6, 14.25, 6.25], "texture": "#main"},
				"up": {"uv": [8.25, 6.75, 8, 6.25], "texture": "#main"},
				"down": {"uv": [8.5, 6.25, 8.25, 6.75], "texture": "#main"}
			}
		},
		{
			"from": [8.90434, 1, -0.23777],
			"to": [9.40434, 2, 1.26223],
			"rotation": {"angle": 22.5, "axis": "y", "origin": [6.65434, 0, -0.23777]},
			"faces": {
				"north": {"uv": [10, 7, 10.25, 7.25], "texture": "#main"},
				"east": {"uv": [8.5, 6.25, 9, 6.5], "texture": "#main"},
				"south": {"uv": [10.75, 7, 11, 7.25], "texture": "#main"},
				"west": {"uv": [14.25, 0.75, 14.75, 1], "texture": "#main"},
				"up": {"uv": [9.25, 6.75, 9, 6.25], "texture": "#main"},
				"down": {"uv": [14.5, 1, 14.25, 1.5], "texture": "#main"}
			}
		},
		{
			"from": [6.75, 2, 3],
			"to": [9.25, 4, 5],
			"faces": {
				"north": {"uv": [10.25, 4, 11, 4.5], "texture": "#main"},
				"east": {"uv": [9.5, 5.5, 10, 6], "texture": "#main"},
				"south": {"uv": [8, 4.25, 8.75, 4.75], "texture": "#main"},
				"west": {"uv": [13.5, 3, 14, 3.5], "texture": "#main"},
				"up": {"uv": [13, 0.5, 12.25, 0], "texture": "#main"},
				"down": {"uv": [12.25, 4.25, 11.5, 4.75], "texture": "#main"}
			}
		},
		{
			"from": [6.75, 2, 0],
			"to": [9.25, 4, 3],
			"rotation": {"angle": -22.5, "axis": "x", "origin": [8, 4, 3]},
			"faces": {
				"north": {"uv": [8, 4.75, 8.75, 5.25], "texture": "#main"},
				"east": {"uv": [11.25, 4.75, 12, 5.25], "texture": "#main"},
				"south": {"uv": [12.75, 4.25, 13.5, 4.75], "texture": "#main"},
				"west": {"uv": [12.75, 4.75, 13.5, 5.25], "texture": "#main"},
				"up": {"uv": [11.75, 2.75, 11, 2], "texture": "#main"},
				"down": {"uv": [11.75, 2.75, 11, 3.5], "texture": "#main"}
			}
		},
		{
			"from": [6.85, 0.95195, -1.5],
			"to": [9.15, 2.85195, 1],
			"rotation": {"angle": 0, "axis": "y", "origin": [8, 2.85195, 0.22836]},
			"faces": {
				"north": {"uv": [13, 0, 13.75, 0.5], "texture": "#main"},
				"east": {"uv": [12, 5, 12.75, 5.5], "texture": "#main"},
				"south": {"uv": [8, 5.25, 8.75, 5.75], "texture": "#main"},
				"west": {"uv": [13.25, 0.5, 14, 1], "texture": "#main"},
				"up": {"uv": [8.75, 4.25, 8, 3.5], "texture": "#main"},
				"down": {"uv": [12.25, 0, 11.5, 0.75], "texture": "#main"}
			}
		},
		{
			"from": [6.75, 3, 5],
			"to": [9.25, 4, 10],
			"faces": {
				"north": {"uv": [8.75, 5.75, 9.5, 6], "texture": "#main"},
				"east": {"uv": [13.5, 2.5, 14.75, 2.75], "texture": "#main"},
				"south": {"uv": [10, 5.75, 10.75, 6], "texture": "#main"},
				"west": {"uv": [13.5, 2.75, 14.75, 3], "texture": "#main"},
				"up": {"uv": [8.75, 3.5, 8, 2.25], "texture": "#main"},
				"down": {"uv": [9.5, 2.25, 8.75, 3.5], "texture": "#main"}
			}
		},
		{
			"from": [7.25, 3, 10],
			"to": [8.75, 4, 15.75],
			"faces": {
				"north": {"uv": [14.75, 2.75, 15.25, 3], "texture": "#main"},
				"east": {"uv": [13.25, 4, 14.75, 4.25], "texture": "#main"},
				"south": {"uv": [14.75, 3, 15.25, 3.25], "texture": "#main"},
				"west": {"uv": [12.75, 5.25, 14.25, 5.5], "texture": "#main"},
				"up": {"uv": [11, 4, 10.5, 2.5], "texture": "#main"},
				"down": {"uv": [11.5, 0, 11, 1.5], "texture": "#main"}
			}
		},
		{
			"from": [7.35, 3.2, 15.75],
			"to": [8.65, 4, 19.3],
			"faces": {
				"north": {"uv": [14.75, 4.75, 15.25, 5], "texture": "#main"},
				"east": {"uv": [13.5, 4.75, 14.5, 5], "texture": "#main"},
				"south": {"uv": [14.75, 5, 15.25, 5.25], "texture": "#main"},
				"west": {"uv": [13, 5.5, 14, 5.75], "texture": "#main"},
				"up": {"uv": [9.25, 4.5, 8.75, 3.5], "texture": "#main"},
				"down": {"uv": [11.5, 3.5, 11, 4.5], "texture": "#main"}
			}
		},
		{
			"from": [7.7, 4.5, 6.95],
			"to": [8.3, 5.85, 7.55],
			"rotation": {"angle": -45, "axis": "y", "origin": [8, 5.62167, 7.25]},
			"faces": {
				"north": {"uv": [8.25, 6.75, 8.5, 7.25], "texture": "#main"},
				"east": {"uv": [9.5, 6.75, 9.75, 7.25], "texture": "#main"},
				"south": {"uv": [14.75, 1.75, 15, 2.25], "texture": "#main"},
				"west": {"uv": [10.25, 6.75, 10.5, 7.25], "texture": "#main"},
				"up": {"uv": [12, 7.75, 11.75, 7.5], "texture": "#main"},
				"down": {"uv": [15.75, 3.75, 15.5, 4], "texture": "#main"}
			}
		},
		{
			"from": [7.7, 5.5, 6.35],
			"to": [8.3, 5.85, 6.95],
			"rotation": {"angle": -45, "axis": "y", "origin": [8, 5.62167, 7.25]},
			"faces": {
				"north": {"uv": [12.75, 7.5, 13, 7.75], "texture": "#main"},
				"east": {"uv": [15.5, 4.75, 15.75, 5], "texture": "#main"},
				"south": {"uv": [13, 7.5, 13.25, 7.75], "texture": "#main"},
				"west": {"uv": [15.5, 5, 15.75, 5.25], "texture": "#main"},
				"up": {"uv": [13.5, 7.75, 13.25, 7.5], "texture": "#main"},
				"down": {"uv": [15.75, 5.25, 15.5, 5.5], "texture": "#main"}
			}
		},
		{
			"from": [7.7, 5.5, 7.55],
			"to": [8.3, 5.85, 8.15],
			"rotation": {"angle": -45, "axis": "y", "origin": [8, 5.62167, 7.25]},
			"faces": {
				"north": {"uv": [13.5, 7.5, 13.75, 7.75], "texture": "#main"},
				"east": {"uv": [15.5, 5.5, 15.75, 5.75], "texture": "#main"},
				"south": {"uv": [13.75, 7.5, 14, 7.75], "texture": "#main"},
				"west": {"uv": [15.5, 5.75, 15.75, 6], "texture": "#main"},
				"up": {"uv": [14.25, 7.75, 14, 7.5], "texture": "#main"},
				"down": {"uv": [15.75, 6, 15.5, 6.25], "texture": "#main"}
			}
		},
		{
			"from": [8.3, 5.5, 6.95],
			"to": [8.9, 5.85, 7.55],
			"rotation": {"angle": -45, "axis": "y", "origin": [8, 5.62167, 7.25]},
			"faces": {
				"north": {"uv": [14.25, 7.5, 14.5, 7.75], "texture": "#main"},
				"east": {"uv": [15.5, 6.25, 15.75, 6.5], "texture": "#main"},
				"south": {"uv": [14.5, 7.5, 14.75, 7.75], "texture": "#main"},
				"west": {"uv": [15.5, 6.5, 15.75, 6.75], "texture": "#main"},
				"up": {"uv": [15, 7.75, 14.75, 7.5], "texture": "#main"},
				"down": {"uv": [15.75, 6.75, 15.5, 7], "texture": "#main"}
			}
		},
		{
			"from": [7.1, 5.5, 6.95],
			"to": [7.7, 5.85, 7.55],
			"rotation": {"angle": -45, "axis": "y", "origin": [8, 5.62167, 7.25]},
			"faces": {
				"north": {"uv": [15, 7.5, 15.25, 7.75], "texture": "#main"},
				"east": {"uv": [15.5, 7, 15.75, 7.25], "texture": "#main"},
				"south": {"uv": [15.25, 7.5, 15.5, 7.75], "texture": "#main"},
				"west": {"uv": [15.5, 7.25, 15.75, 7.5], "texture": "#main"},
				"up": {"uv": [15.75, 7.75, 15.5, 7.5], "texture": "#main"},
				"down": {"uv": [8.25, 7.75, 8, 8], "texture": "#main"}
			}
		},
		{
			"from": [8.9, 5.58, 6.95],
			"to": [15.5, 5.78, 7.55],
			"rotation": {"angle": -45, "axis": "y", "origin": [8, 5.62167, 7.25]},
			"faces": {
				"north": {"uv": [11.5, 0.75, 13.25, 1], "texture": "#main"},
				"east": {"uv": [15.75, 0, 16, 0.25], "texture": "#main"},
				"south": {"uv": [11.5, 1, 13.25, 1.25], "texture": "#main"},
				"west": {"uv": [8.25, 7.75, 8.5, 8], "texture": "#main"},
				"up": {"uv": [13.25, 1.5, 11.5, 1.25], "texture": "#main"},
				"down": {"uv": [13.25, 3.5, 11.5, 3.75], "texture": "#main"}
			}
		},
		{
			"from": [7.7, 5.58, 8.15],
			"to": [8.3, 5.78, 14.75],
			"rotation": {"angle": -45, "axis": "y", "origin": [8, 5.62167, 7.25]},
			"faces": {
				"north": {"uv": [15.75, 0.75, 16, 1], "texture": "#main"},
				"east": {"uv": [11.5, 3.75, 13.25, 4], "texture": "#main"},
				"south": {"uv": [9, 7.75, 9.25, 8], "texture": "#main"},
				"west": {"uv": [11.5, 4, 13.25, 4.25], "texture": "#main"},
				"up": {"uv": [10, 5.5, 9.75, 3.75], "texture": "#main"},
				"down": {"uv": [10.25, 4, 10, 5.75], "texture": "#main"}
			}
		},
		{
			"from": [7.7, 5.58, -0.25],
			"to": [8.3, 5.78, 6.35],
			"rotation": {"angle": -45, "axis": "y", "origin": [8, 5.62167, 7.25]},
			"faces": {
				"north": {"uv": [15.75, 0.5, 16, 0.75], "texture": "#main"},
				"east": {"uv": [11.75, 3, 13.5, 3.25], "texture": "#main"},
				"south": {"uv": [8.75, 7.75, 9, 8], "texture": "#main"},
				"west": {"uv": [11.75, 3.25, 13.5, 3.5], "texture": "#main"},
				"up": {"uv": [9.5, 5.25, 9.25, 3.5], "texture": "#main"},
				"down": {"uv": [9.75, 3.75, 9.5, 5.5], "texture": "#main"}
			}
		},
		{
			"from": [0.5, 5.58, 6.95],
			"to": [7.1, 5.78, 7.55],
			"rotation": {"angle": -45, "axis": "y", "origin": [8, 5.62167, 7.25]},
			"faces": {
				"north": {"uv": [11.75, 2, 13.5, 2.25], "texture": "#main"},
				"east": {"uv": [15.75, 0.25, 16, 0.5], "texture": "#main"},
				"south": {"uv": [11.75, 2.25, 13.5, 2.5], "texture": "#main"},
				"west": {"uv": [8.5, 7.75, 8.75, 8], "texture": "#main"},
				"up": {"uv": [13.5, 2.75, 11.75, 2.5], "texture": "#main"},
				"down": {"uv": [13.5, 2.75, 11.75, 3], "texture": "#main"}
			}
		},
		{
			"from": [7.5, 4.25, 6.75],
			"to": [8.5, 4.5, 7.75],
			"faces": {
				"north": {"uv": [12, 7.5, 12.25, 7.75], "texture": "#main"},
				"east": {"uv": [15.5, 4, 15.75, 4.25], "texture": "#main"},
				"south": {"uv": [12.25, 7.5, 12.5, 7.75], "texture": "#main"},
				"west": {"uv": [15.5, 4.25, 15.75, 4.5], "texture": "#main"},
				"up": {"uv": [12.75, 7.75, 12.5, 7.5], "texture": "#main"},
				"down": {"uv": [15.75, 4.5, 15.5, 4.75], "texture": "#main"}
			}
		},
		{
			"from": [7, 4, 3.75],
			"to": [9, 4.25, 9.5],
			"faces": {
				"north": {"uv": [14.75, 2.25, 15.25, 2.5], "texture": "#main"},
				"east": {"uv": [13.25, 3.5, 14.75, 3.75], "texture": "#main"},
				"south": {"uv": [14.75, 2.5, 15.25, 2.75], "texture": "#main"},
				"west": {"uv": [13.25, 3.75, 14.75, 4], "texture": "#main"},
				"up": {"uv": [10, 3.75, 9.5, 2.25], "texture": "#main"},
				"down": {"uv": [10.5, 2.5, 10, 4], "texture": "#main"}
			}
		},
		{
			"from": [6.25, 2, 5],
			"to": [9.75, 3, 10],
			"faces": {
				"north": {"uv": [13.5, 4.25, 14.5, 4.5], "texture": "#main"},
				"east": {"uv": [13.5, 2, 14.75, 2.25], "texture": "#main"},
				"south": {"uv": [13.5, 4.5, 14.5, 4.75], "texture": "#main"},
				"west": {"uv": [13.5, 2.25, 14.75, 2.5], "texture": "#main"},
				"up": {"uv": [11, 1.25, 10, 0], "texture": "#main"},
				"down": {"uv": [11, 1.25, 10, 2.5], "texture": "#main"}
			}
		},
		{
			"from": [7.25, 2, 10],
			"to": [8.75, 3, 13],
			"faces": {
				"north": {"uv": [14, 3, 14.5, 3.25], "texture": "#main"},
				"east": {"uv": [13.5, 5, 14.25, 5.25], "texture": "#main"},
				"south": {"uv": [14, 3.25, 14.5, 3.5], "texture": "#main"},
				"west": {"uv": [8, 5.75, 8.75, 6], "texture": "#main"},
				"up": {"uv": [12.75, 5, 12.25, 4.25], "texture": "#main"},
				"down": {"uv": [9.25, 4.5, 8.75, 5.25], "texture": "#main"}
			}
		},
		{
			"from": [8.04172, 2, 9.56075],
			"to": [9.04172, 3, 12.56075],
			"rotation": {"angle": -22.5, "axis": "y", "origin": [8.29172, 2, 11.56075]},
			"faces": {
				"north": {"uv": [9.5, 7.5, 9.75, 7.75], "texture": "#main"},
				"east": {"uv": [14, 0.5, 14.75, 0.75], "texture": "#main"},
				"south": {"uv": [15.5, 1.5, 15.75, 1.75], "texture": "#main"},
				"west": {"uv": [8.75, 6, 9.5, 6.25], "texture": "#main"},
				"up": {"uv": [11, 6.5, 10.75, 5.75], "texture": "#main"},
				"down": {"uv": [14.25, 0.75, 14, 1.5], "texture": "#main"}
			}
		},
		{
			"from": [6.57559, 2, 9.63687],
			"to": [7.57559, 3, 12.63687],
			"rotation": {"angle": 22.5, "axis": "y", "origin": [7.32559, 2, 10.63687]},
			"faces": {
				"north": {"uv": [9.75, 7.5, 10, 7.75], "texture": "#main"},
				"east": {"uv": [9.5, 6, 10.25, 6.25], "texture": "#main"},
				"south": {"uv": [15.5, 1.75, 15.75, 2], "texture": "#main"},
				"west": {"uv": [14, 1.5, 14.75, 1.75], "texture": "#main"},
				"up": {"uv": [10.5, 6.75, 10.25, 6], "texture": "#main"},
				"down": {"uv": [10.75, 6, 10.5, 6.75], "texture": "#main"}
			}
		},
		{
			"from": [7.25, 1.61313, 9.08239],
			"to": [8.75, 2.61313, 11.83239],
			"rotation": {"angle": -22.5, "axis": "x", "origin": [6, 3.61313, 11.08239]},
			"faces": {
				"north": {"uv": [12.75, 6, 13.25, 6.25], "texture": "#main"},
				"east": {"uv": [13.75, 0, 14.5, 0.25], "texture": "#main"},
				"south": {"uv": [13.25, 6, 13.75, 6.25], "texture": "#main"},
				"west": {"uv": [13.75, 0.25, 14.5, 0.5], "texture": "#main"},
				"up": {"uv": [10.75, 5.25, 10.25, 4.5], "texture": "#main"},
				"down": {"uv": [11.25, 4.5, 10.75, 5.25], "texture": "#main"}
			}
		},
		{
			"from": [7.25, 2.61313, 12.08239],
			"to": [8.75, 3.61313, 14.83239],
			"rotation": {"angle": -22.5, "axis": "x", "origin": [6, 4.61313, 14.08239]},
			"faces": {
				"north": {"uv": [14.75, 3.25, 15.25, 3.5], "texture": "#main"},
				"east": {"uv": [14, 1.75, 14.75, 2], "texture": "#main"},
				"south": {"uv": [11.5, 6.75, 12, 7], "texture": "#main"},
				"west": {"uv": [11, 6, 11.75, 6.25], "texture": "#main"},
				"up": {"uv": [11.5, 6, 11, 5.25], "texture": "#main"},
				"down": {"uv": [12, 5.25, 11.5, 6], "texture": "#main"}
			}
		},
		{
			"from": [7.35, 3.73701, 20.10029],
			"to": [8.35, 6.48701, 20.60029],
			"rotation": {"angle": 22.5, "axis": "x", "origin": [5.85, 6.73701, 18.60029]},
			"faces": {
				"north": {"uv": [11.75, 6, 12, 6.75], "texture": "#main"},
				"east": {"uv": [12, 6, 12.25, 6.75], "texture": "#main"},
				"south": {"uv": [12.25, 6, 12.5, 6.75], "texture": "#main"},
				"west": {"uv": [12.5, 6, 12.75, 6.75], "texture": "#main"},
				"up": {"uv": [16, 1.25, 15.75, 1], "texture": "#main"},
				"down": {"uv": [9.5, 7.75, 9.25, 8], "texture": "#main"}
			}
		},
		{
			"from": [6.75, 4.28701, 19.55029],
			"to": [9, 4.78701, 20.05029],
			"rotation": {"angle": 0, "axis": "y", "origin": [6, 6.53701, 16.30029]},
			"faces": {
				"north": {"uv": [14.75, 3.5, 15.25, 3.75], "texture": "#main"},
				"east": {"uv": [15.75, 1.25, 16, 1.5], "texture": "#main"},
				"south": {"uv": [14.75, 3.75, 15.25, 4], "texture": "#main"},
				"west": {"uv": [9.5, 7.75, 9.75, 8], "texture": "#main"},
				"up": {"uv": [12.5, 7, 12, 6.75], "texture": "#main"},
				"down": {"uv": [15.25, 4, 14.75, 4.25], "texture": "#main"}
			}
		},
		{
			"from": [7.6, 5.18201, 18.64044],
			"to": [8.1, 5.68201, 19.89044],
			"rotation": {"angle": 0, "axis": "y", "origin": [6.85, 6.68201, 15.89044]},
			"faces": {
				"north": {"uv": [15.75, 1.5, 16, 1.75], "texture": "#main"},
				"east": {"uv": [9.75, 7.75, 10, 8], "texture": "#main"},
				"south": {"uv": [15.75, 1.75, 16, 2], "texture": "#main"},
				"west": {"uv": [10, 7.75, 10.25, 8], "texture": "#main"},
				"up": {"uv": [16, 2.25, 15.75, 2], "texture": "#main"},
				"down": {"uv": [10.5, 7.75, 10.25, 8], "texture": "#main"}
			}
		},
		{
			"from": [6.6, 5.68201, 18.64044],
			"to": [6.85, 6.18201, 19.14044],
			"rotation": {"angle": 0, "axis": "y", "origin": [6.85, 6.68201, 15.89044]},
			"faces": {
				"north": {"uv": [15.75, 2.25, 16, 2.5], "texture": "#main"},
				"east": {"uv": [10.5, 7.75, 10.75, 8], "texture": "#main"},
				"south": {"uv": [15.75, 2.5, 16, 2.75], "texture": "#main"},
				"west": {"uv": [10.75, 7.75, 11, 8], "texture": "#main"},
				"up": {"uv": [16, 3, 15.75, 2.75], "texture": "#main"},
				"down": {"uv": [11.25, 7.75, 11, 8], "texture": "#main"}
			}
		},
		{
			"from": [6.6, 4.68201, 18.64044],
			"to": [6.85, 5.18201, 19.14044],
			"rotation": {"angle": 0, "axis": "y", "origin": [6.85, 6.68201, 15.89044]},
			"faces": {
				"north": {"uv": [15.75, 3.75, 16, 4], "texture": "#main"},
				"east": {"uv": [12, 7.75, 12.25, 8], "texture": "#main"},
				"south": {"uv": [15.75, 4, 16, 4.25], "texture": "#main"},
				"west": {"uv": [12.25, 7.75, 12.5, 8], "texture": "#main"},
				"up": {"uv": [16, 4.5, 15.75, 4.25], "texture": "#main"},
				"down": {"uv": [12.75, 7.75, 12.5, 8], "texture": "#main"}
			}
		},
		{
			"from": [6.6, 5.18201, 18.14044],
			"to": [6.85, 5.68201, 18.64044],
			"rotation": {"angle": 0, "axis": "y", "origin": [6.85, 6.68201, 15.89044]},
			"faces": {
				"north": {"uv": [15.75, 4.5, 16, 4.75], "texture": "#main"},
				"east": {"uv": [12.75, 7.75, 13, 8], "texture": "#main"},
				"south": {"uv": [15.75, 4.75, 16, 5], "texture": "#main"},
				"west": {"uv": [13, 7.75, 13.25, 8], "texture": "#main"},
				"up": {"uv": [16, 5.25, 15.75, 5], "texture": "#main"},
				"down": {"uv": [13.5, 7.75, 13.25, 8], "texture": "#main"}
			}
		},
		{
			"from": [6.6, 5.18201, 16.64044],
			"to": [6.7, 5.68201, 18.14044],
			"rotation": {"angle": 0, "axis": "y", "origin": [6.85, 6.68201, 15.89044]},
			"faces": {
				"north": {"uv": [15.75, 6, 16, 6.25], "texture": "#main"},
				"east": {"uv": [13.25, 6.75, 13.75, 7], "texture": "#main"},
				"south": {"uv": [14.25, 7.75, 14.5, 8], "texture": "#main"},
				"west": {"uv": [13.75, 6.75, 14.25, 7], "texture": "#main"},
				"up": {"uv": [10.75, 7.25, 10.5, 6.75], "texture": "#main"},
				"down": {"uv": [12.75, 6.75, 12.5, 7.25], "texture": "#main"}
			}
		},
		{
			"from": [6.6, 5.18201, 19.64044],
			"to": [6.7, 5.68201, 21.14044],
			"rotation": {"angle": 0, "axis": "y", "origin": [6.85, 6.68201, 15.89044]},
			"faces": {
				"north": {"uv": [15.75, 6.25, 16, 6.5], "texture": "#main"},
				"east": {"uv": [14.75, 5.75, 15.25, 6], "texture": "#main"},
				"south": {"uv": [14.5, 7.75, 14.75, 8], "texture": "#main"},
				"west": {"uv": [14.75, 6, 15.25, 6.25], "texture": "#main"},
				"up": {"uv": [14.5, 7.25, 14.25, 6.75], "texture": "#main"},
				"down": {"uv": [15, 6.5, 14.75, 7], "texture": "#main"}
			}
		},
		{
			"from": [6.6, 6.18201, 18.64044],
			"to": [6.7, 7.68201, 19.14044],
			"rotation": {"angle": 0, "axis": "y", "origin": [6.85, 6.68201, 15.89044]},
			"faces": {
				"north": {"uv": [15, 0, 15.25, 0.5], "texture": "#main"},
				"east": {"uv": [8.5, 7, 8.75, 7.5], "texture": "#main"},
				"south": {"uv": [8.75, 7, 9, 7.5], "texture": "#main"},
				"west": {"uv": [9, 7, 9.25, 7.5], "texture": "#main"},
				"up": {"uv": [16, 6.75, 15.75, 6.5], "texture": "#main"},
				"down": {"uv": [15, 7.75, 14.75, 8], "texture": "#main"}
			}
		},
		{
			"from": [6.6, 3.18201, 18.64044],
			"to": [6.7, 4.68201, 19.14044],
			"rotation": {"angle": 0, "axis": "y", "origin": [6.85, 6.68201, 15.89044]},
			"faces": {
				"north": {"uv": [15, 1, 15.25, 1.5], "texture": "#main"},
				"east": {"uv": [9.25, 7, 9.5, 7.5], "texture": "#main"},
				"south": {"uv": [9.75, 7, 10, 7.5], "texture": "#main"},
				"west": {"uv": [15, 1.75, 15.25, 2.25], "texture": "#main"},
				"up": {"uv": [16, 7, 15.75, 6.75], "texture": "#main"},
				"down": {"uv": [15.25, 7.75, 15, 8], "texture": "#main"}
			}
		},
		{
			"from": [6.6, 5.18201, 19.14044],
			"to": [6.85, 5.68201, 19.64044],
			"rotation": {"angle": 0, "axis": "y", "origin": [6.85, 6.68201, 15.89044]},
			"faces": {
				"north": {"uv": [15.75, 5.25, 16, 5.5], "texture": "#main"},
				"east": {"uv": [13.5, 7.75, 13.75, 8], "texture": "#main"},
				"south": {"uv": [15.75, 5.5, 16, 5.75], "texture": "#main"},
				"west": {"uv": [13.75, 7.75, 14, 8], "texture": "#main"},
				"up": {"uv": [16, 6, 15.75, 5.75], "texture": "#main"},
				"down": {"uv": [14.25, 7.75, 14, 8], "texture": "#main"}
			}
		},
		{
			"from": [6.45, 5.18201, 18.64044],
			"to": [7.6, 5.68201, 19.14044],
			"rotation": {"angle": 0, "axis": "y", "origin": [6.85, 6.68201, 15.89044]},
			"faces": {
				"north": {"uv": [15.75, 3, 16, 3.25], "texture": "#main"},
				"east": {"uv": [11.25, 7.75, 11.5, 8], "texture": "#main"},
				"south": {"uv": [15.75, 3.25, 16, 3.5], "texture": "#main"},
				"west": {"uv": [11.5, 7.75, 11.75, 8], "texture": "#main"},
				"up": {"uv": [16, 3.75, 15.75, 3.5], "texture": "#main"},
				"down": {"uv": [12, 7.75, 11.75, 8], "texture": "#main"}
			}
		},
		{
			"from": [7.25, 1, 9],
			"to": [8.75, 2, 10],
			"rotation": {"angle": 0, "axis": "y", "origin": [6, 3.61313, 11.08239]},
			"faces": {
				"north": {"uv": [14.75, 0.5, 15.25, 0.75], "texture": "#main"},
				"east": {"uv": [10, 7.5, 10.25, 7.75], "texture": "#main"},
				"south": {"uv": [14.75, 0.75, 15.25, 1], "texture": "#main"},
				"west": {"uv": [15.5, 2, 15.75, 2.25], "texture": "#main"},
				"up": {"uv": [9.5, 7, 9, 6.75], "texture": "#main"},
				"down": {"uv": [15.25, 1.5, 14.75, 1.75], "texture": "#main"}
			}
		},
		{
			"from": [9.96476, 1, 9.73358],
			"to": [11.36476, 2, 10.73358],
			"rotation": {"angle": 45, "axis": "y", "origin": [8.46476, 3.61313, 11.81598]},
			"faces": {
				"north": {"uv": [10.25, 7.5, 10.5, 7.75], "texture": "#main"},
				"east": {"uv": [15.5, 2.25, 15.75, 2.5], "texture": "#main"},
				"south": {"uv": [10.5, 7.5, 10.75, 7.75], "texture": "#main"},
				"west": {"uv": [15.5, 2.5, 15.75, 2.75], "texture": "#main"},
				"up": {"uv": [11, 7.75, 10.75, 7.5], "texture": "#main"},
				"down": {"uv": [15.75, 2.75, 15.5, 3], "texture": "#main"}
			}
		},
		{
			"from": [5.50637, 1, 10.20471],
			"to": [6.50637, 2, 11.60471],
			"rotation": {"angle": 45, "axis": "y", "origin": [4.42397, 3.61313, 8.70471]},
			"faces": {
				"north": {"uv": [11, 7.5, 11.25, 7.75], "texture": "#main"},
				"east": {"uv": [15.5, 3, 15.75, 3.25], "texture": "#main"},
				"south": {"uv": [11.25, 7.5, 11.5, 7.75], "texture": "#main"},
				"west": {"uv": [15.5, 3.25, 15.75, 3.5], "texture": "#main"},
				"up": {"uv": [11.75, 7.75, 11.5, 7.5], "texture": "#main"},
				"down": {"uv": [15.75, 3.5, 15.5, 3.75], "texture": "#main"}
			}
		},
		{
			"from": [3.75, 3, 6],
			"to": [6.75, 3.5, 8],
			"rotation": {"angle": 0, "axis": "y", "origin": [-0.25, 0, 7]},
			"faces": {
				"north": {"uv": [12, 5.75, 12.75, 6], "texture": "#main"},
				"east": {"uv": [9.25, 6.25, 9.75, 6.5], "texture": "#main"},
				"south": {"uv": [12.75, 5.75, 13.5, 6], "texture": "#main"},
				"west": {"uv": [9.75, 6.25, 10.25, 6.5], "texture": "#main"},
				"up": {"uv": [9.5, 5.75, 8.75, 5.25], "texture": "#main"},
				"down": {"uv": [14, 1, 13.25, 1.5], "texture": "#main"}
			}
		},
		{
			"from": [2.75, 3, 6.5],
			"to": [3.75, 3.5, 8],
			"rotation": {"angle": 0, "axis": "y", "origin": [-0.25, 0, 7]},
			"faces": {
				"north": {"uv": [11, 7, 11.25, 7.25], "texture": "#main"},
				"east": {"uv": [11, 6.25, 11.5, 6.5], "texture": "#main"},
				"south": {"uv": [11.25, 7, 11.5, 7.25], "texture": "#main"},
				"west": {"uv": [12.75, 6.25, 13.25, 6.5], "texture": "#main"},
				"up": {"uv": [11.75, 6.75, 11.5, 6.25], "texture": "#main"},
				"down": {"uv": [14.5, 5, 14.25, 5.5], "texture": "#main"}
			}
		},
		{
			"from": [4.6, 1.85, 7.6],
			"to": [5.15, 3.4, 7.9],
			"rotation": {"angle": 22.5, "axis": "x", "origin": [3.75, 4, 7]},
			"faces": {
				"north": {"uv": [13.25, 6.25, 13.5, 6.75], "texture": "#main"},
				"east": {"uv": [13.5, 6.25, 13.75, 6.75], "texture": "#main"},
				"south": {"uv": [13.75, 6.25, 14, 6.75], "texture": "#main"},
				"west": {"uv": [14.25, 5.75, 14.5, 6.25], "texture": "#main"},
				"up": {"uv": [11.75, 7.25, 11.5, 7], "texture": "#main"},
				"down": {"uv": [12, 7, 11.75, 7.25], "texture": "#main"}
			}
		},
		{
			"from": [4.5, 1.25, 6],
			"to": [5.25, 2, 8],
			"rotation": {"angle": 0, "axis": "y", "origin": [3.75, 4, 7]},
			"faces": {
				"north": {"uv": [12, 7, 12.25, 7.25], "texture": "#main"},
				"east": {"uv": [14, 6.25, 14.5, 6.5], "texture": "#main"},
				"south": {"uv": [12.25, 7, 12.5, 7.25], "texture": "#main"},
				"west": {"uv": [14.5, 0, 15, 0.25], "texture": "#main"},
				"up": {"uv": [8.75, 7, 8.5, 6.5], "texture": "#main"},
				"down": {"uv": [9, 6.5, 8.75, 7], "texture": "#main"}
			}
		},
		{
			"from": [4.55, 1.3, 5.5],
			"to": [4.8, 1.55, 6],
			"rotation": {"angle": 0, "axis": "y", "origin": [3.75, 4, 7]},
			"faces": {
				"north": {"uv": [15, 4.25, 15.25, 4.5], "texture": "#main"},
				"east": {"uv": [15, 4.5, 15.25, 4.75], "texture": "#main"},
				"south": {"uv": [12.75, 7, 13, 7.25], "texture": "#main"},
				"west": {"uv": [13, 7, 13.25, 7.25], "texture": "#main"},
				"up": {"uv": [13.5, 7.25, 13.25, 7], "texture": "#main"},
				"down": {"uv": [15.25, 5.25, 15, 5.5], "texture": "#main"}
			}
		},
		{
			"from": [4.55, 1.7, 5.5],
			"to": [4.8, 1.95, 6],
			"rotation": {"angle": 0, "axis": "y", "origin": [3.75, 4, 7]},
			"faces": {
				"north": {"uv": [13.5, 7, 13.75, 7.25], "texture": "#main"},
				"east": {"uv": [15, 5.5, 15.25, 5.75], "texture": "#main"},
				"south": {"uv": [13.75, 7, 14, 7.25], "texture": "#main"},
				"west": {"uv": [14, 7, 14.25, 7.25], "texture": "#main"},
				"up": {"uv": [15.25, 6.5, 15, 6.25], "texture": "#main"},
				"down": {"uv": [14.75, 7, 14.5, 7.25], "texture": "#main"}
			}
		},
		{
			"from": [4.95, 1.3, 5.5],
			"to": [5.2, 1.55, 6],
			"rotation": {"angle": 0, "axis": "y", "origin": [3.75, 4, 7]},
			"faces": {
				"north": {"uv": [15, 6.5, 15.25, 6.75], "texture": "#main"},
				"east": {"uv": [14.75, 7, 15, 7.25], "texture": "#main"},
				"south": {"uv": [15, 6.75, 15.25, 7], "texture": "#main"},
				"west": {"uv": [15, 7, 15.25, 7.25], "texture": "#main"},
				"up": {"uv": [8.25, 7.5, 8, 7.25], "texture": "#main"},
				"down": {"uv": [15.5, 0, 15.25, 0.25], "texture": "#main"}
			}
		},
		{
			"from": [4.95, 1.7, 5.5],
			"to": [5.2, 1.95, 6],
			"rotation": {"angle": 0, "axis": "y", "origin": [3.75, 4, 7]},
			"faces": {
				"north": {"uv": [8.25, 7.25, 8.5, 7.5], "texture": "#main"},
				"east": {"uv": [15.25, 0.25, 15.5, 0.5], "texture": "#main"},
				"south": {"uv": [15.25, 0.5, 15.5, 0.75], "texture": "#main"},
				"west": {"uv": [15.25, 0.75, 15.5, 1], "texture": "#main"},
				"up": {"uv": [15.5, 1.25, 15.25, 1], "texture": "#main"},
				"down": {"uv": [15.5, 1.25, 15.25, 1.5], "texture": "#main"}
			}
		},
		{
			"from": [8.75, 3, 6],
			"to": [11.75, 3.5, 8],
			"rotation": {"angle": 0, "axis": "y", "origin": [5.75, 0, 7]},
			"faces": {
				"north": {"uv": [13.5, 5.75, 14.25, 6], "texture": "#main"},
				"east": {"uv": [14.5, 0.25, 15, 0.5], "texture": "#main"},
				"south": {"uv": [8, 6, 8.75, 6.25], "texture": "#main"},
				"west": {"uv": [14.5, 1, 15, 1.25], "texture": "#main"},
				"up": {"uv": [14, 2, 13.25, 1.5], "texture": "#main"},
				"down": {"uv": [11, 5.25, 10.25, 5.75], "texture": "#main"}
			}
		},
		{
			"from": [11.75, 3, 6.5],
			"to": [12.75, 3.5, 8],
			"rotation": {"angle": 0, "axis": "y", "origin": [5.75, 0, 7]},
			"faces": {
				"north": {"uv": [9.5, 7.25, 9.75, 7.5], "texture": "#main"},
				"east": {"uv": [9.25, 6.5, 9.75, 6.75], "texture": "#main"},
				"south": {"uv": [15.25, 1.5, 15.5, 1.75], "texture": "#main"},
				"west": {"uv": [14.5, 1.25, 15, 1.5], "texture": "#main"},
				"up": {"uv": [10, 7, 9.75, 6.5], "texture": "#main"},
				"down": {"uv": [10.25, 6.5, 10, 7], "texture": "#main"}
			}
		},
		{
			"from": [10.6, 1.85, 7.6],
			"to": [11.15, 3.4, 7.9],
			"rotation": {"angle": 22.5, "axis": "x", "origin": [9.75, 4, 7]},
			"faces": {
				"north": {"uv": [10.75, 6.5, 11, 7], "texture": "#main"},
				"east": {"uv": [11, 6.5, 11.25, 7], "texture": "#main"},
				"south": {"uv": [14.5, 3, 14.75, 3.5], "texture": "#main"},
				"west": {"uv": [11.25, 6.5, 11.5, 7], "texture": "#main"},
				"up": {"uv": [15.5, 2, 15.25, 1.75], "texture": "#main"},
				"down": {"uv": [10.25, 7.25, 10, 7.5], "texture": "#main"}
			}
		},
		{
			"from": [10.5, 1.25, 6],
			"to": [11.25, 2, 8],
			"rotation": {"angle": 0, "axis": "y", "origin": [9.75, 4, 7]},
			"faces": {
				"north": {"uv": [15.25, 2, 15.5, 2.25], "texture": "#main"},
				"east": {"uv": [14.5, 4.25, 15, 4.5], "texture": "#main"},
				"south": {"uv": [10.25, 7.25, 10.5, 7.5], "texture": "#main"},
				"west": {"uv": [14.5, 4.5, 15, 4.75], "texture": "#main"},
				"up": {"uv": [13, 7, 12.75, 6.5], "texture": "#main"},
				"down": {"uv": [14.75, 4.75, 14.5, 5.25], "texture": "#main"}
			}
		},
		{
			"from": [10.55, 1.3, 5.5],
			"to": [10.8, 1.55, 6],
			"rotation": {"angle": 0, "axis": "y", "origin": [9.75, 4, 7]},
			"faces": {
				"north": {"uv": [15.25, 2.25, 15.5, 2.5], "texture": "#main"},
				"east": {"uv": [10.5, 7.25, 10.75, 7.5], "texture": "#main"},
				"south": {"uv": [15.25, 2.5, 15.5, 2.75], "texture": "#main"},
				"west": {"uv": [10.75, 7.25, 11, 7.5], "texture": "#main"},
				"up": {"uv": [15.5, 3, 15.25, 2.75], "texture": "#main"},
				"down": {"uv": [11.25, 7.25, 11, 7.5], "texture": "#main"}
			}
		},
		{
			"from": [10.55, 1.7, 5.5],
			"to": [10.8, 1.95, 6],
			"rotation": {"angle": 0, "axis": "y", "origin": [9.75, 4, 7]},
			"faces": {
				"north": {"uv": [15.25, 3, 15.5, 3.25], "texture": "#main"},
				"east": {"uv": [11.25, 7.25, 11.5, 7.5], "texture": "#main"},
				"south": {"uv": [15.25, 3.25, 15.5, 3.5], "texture": "#main"},
				"west": {"uv": [11.5, 7.25, 11.75, 7.5], "texture": "#main"},
				"up": {"uv": [15.5, 3.75, 15.25, 3.5], "texture": "#main"},
				"down": {"uv": [12, 7.25, 11.75, 7.5], "texture": "#main"}
			}
		},
		{
			"from": [10.95, 1.3, 5.5],
			"to": [11.2, 1.55, 6],
			"rotation": {"angle": 0, "axis": "y", "origin": [9.75, 4, 7]},
			"faces": {
				"north": {"uv": [15.25, 3.75, 15.5, 4], "texture": "#main"},
				"east": {"uv": [12, 7.25, 12.25, 7.5], "texture": "#main"},
				"south": {"uv": [15.25, 4, 15.5, 4.25], "texture": "#main"},
				"west": {"uv": [12.25, 7.25, 12.5, 7.5], "texture": "#main"},
				"up": {"uv": [15.5, 4.5, 15.25, 4.25], "texture": "#main"},
				"down": {"uv": [12.75, 7.25, 12.5, 7.5], "texture": "#main"}
			}
		},
		{
			"from": [10.95, 1.7, 5.5],
			"to": [11.2, 1.95, 6],
			"rotation": {"angle": 0, "axis": "y", "origin": [9.75, 4, 7]},
			"faces": {
				"north": {"uv": [15.25, 4.5, 15.5, 4.75], "texture": "#main"},
				"east": {"uv": [12.75, 7.25, 13, 7.5], "texture": "#main"},
				"south": {"uv": [15.25, 4.75, 15.5, 5], "texture": "#main"},
				"west": {"uv": [13, 7.25, 13.25, 7.5], "texture": "#main"},
				"up": {"uv": [15.5, 5.25, 15.25, 5], "texture": "#main"},
				"down": {"uv": [13.5, 7.25, 13.25, 7.5], "texture": "#main"}
			}
		},
		{
			"from": [10.1, 3.1, 8.35],
			"to": [10.9, 3.9, 8.9],
			"faces": {
				"north": {"uv": [15.25, 7, 15.5, 7.25], "texture": "#main"},
				"east": {"uv": [15.25, 7.25, 15.5, 7.5], "texture": "#main"},
				"south": {"uv": [8, 7.5, 8.25, 7.75], "texture": "#main"},
				"west": {"uv": [15.5, 0, 15.75, 0.25], "texture": "#main"},
				"up": {"uv": [8.5, 7.75, 8.25, 7.5], "texture": "#main"},
				"down": {"uv": [15.75, 0.25, 15.5, 0.5], "texture": "#main"}
			}
		},
		{
			"from": [9.2, 3.1, 9.1],
			"to": [10, 3.9, 9.9],
			"faces": {
				"north": {"uv": [8.5, 7.5, 8.75, 7.75], "texture": "#main"},
				"east": {"uv": [15.5, 0.5, 15.75, 0.75], "texture": "#main"},
				"south": {"uv": [8.75, 7.5, 9, 7.75], "texture": "#main"},
				"west": {"uv": [15.5, 0.75, 15.75, 1], "texture": "#main"},
				"up": {"uv": [9.25, 7.75, 9, 7.5], "texture": "#main"},
				"down": {"uv": [15.75, 1, 15.5, 1.25], "texture": "#main"}
			}
		},
		{
			"from": [10, 3, 8.5],
			"to": [11, 4, 10.5],
			"rotation": {"angle": 0, "axis": "y", "origin": [-0.05, 0, 0]},
			"faces": {
				"north": {"uv": [9.25, 7.5, 9.5, 7.75], "texture": "#main"},
				"east": {"uv": [14, 6.5, 14.5, 6.75], "texture": "#main"},
				"south": {"uv": [15.5, 1.25, 15.75, 1.5], "texture": "#main"},
				"west": {"uv": [14.5, 6.25, 15, 6.5], "texture": "#main"},
				"up": {"uv": [14.75, 7, 14.5, 6.5], "texture": "#main"},
				"down": {"uv": [8.25, 6.75, 8, 7.25], "texture": "#main"}
			}
		},
		{
			"from": [5.2, 3.1, 8.35],
			"to": [6, 3.9, 8.9],
			"faces": {
				"north": {"uv": [15.25, 5.25, 15.5, 5.5], "texture": "#main"},
				"east": {"uv": [13.5, 7.25, 13.75, 7.5], "texture": "#main"},
				"south": {"uv": [15.25, 5.5, 15.5, 5.75], "texture": "#main"},
				"west": {"uv": [13.75, 7.25, 14, 7.5], "texture": "#main"},
				"up": {"uv": [15.5, 6, 15.25, 5.75], "texture": "#main"},
				"down": {"uv": [14.25, 7.25, 14, 7.5], "texture": "#main"}
			}
		},
		{
			"from": [6.1, 3.1, 9.1],
			"to": [6.9, 3.9, 9.9],
			"faces": {
				"north": {"uv": [15.25, 6.25, 15.5, 6.5], "texture": "#main"},
				"east": {"uv": [14.5, 7.25, 14.75, 7.5], "texture": "#main"},
				"south": {"uv": [15.25, 6.5, 15.5, 6.75], "texture": "#main"},
				"west": {"uv": [14.75, 7.25, 15, 7.5], "texture": "#main"},
				"up": {"uv": [15.5, 7, 15.25, 6.75], "texture": "#main"},
				"down": {"uv": [15.25, 7.25, 15, 7.5], "texture": "#main"}
			}
		},
		{
			"from": [5.1, 3, 8.5],
			"to": [6.1, 4, 10.5],
			"rotation": {"angle": 0, "axis": "y", "origin": [-0.05, 0, 0]},
			"faces": {
				"north": {"uv": [15.25, 6, 15.5, 6.25], "texture": "#main"},
				"east": {"uv": [14.5, 5.25, 15, 5.5], "texture": "#main"},
				"south": {"uv": [14.25, 7.25, 14.5, 7.5], "texture": "#main"},
				"west": {"uv": [14.5, 5.5, 15, 5.75], "texture": "#main"},
				"up": {"uv": [13.25, 7, 13, 6.5], "texture": "#main"},
				"down": {"uv": [14.75, 5.75, 14.5, 6.25], "texture": "#main"}
			}
		},
		{
			"from": [6.25, 1.25, 0],
			"to": [9.75, 2.25, 9],
			"faces": {
				"north": {"uv": [4.25, 0.5, 5.25, 0.75], "texture": "#main"},
				"east": {"uv": [3, 1.5, 5.25, 1.75], "texture": "#main"},
				"south": {"uv": [4, 5.5, 5, 5.75], "texture": "#main"},
				"west": {"uv": [3, 1.75, 5.25, 2], "texture": "#main"},
				"up": {"uv": [1, 2.25, 0, 0], "texture": "#main"},
				"down": {"uv": [2, 0, 1, 2.25], "texture": "#main"}
			}
		},
		{
			"from": [6.25, 1, 0],
			"to": [9.75, 2, 9],
			"faces": {
				"north": {"uv": [4.25, 0.5, 5.25, 0.75], "texture": "#main"},
				"east": {"uv": [3, 1.5, 5.25, 1.75], "texture": "#main"},
				"south": {"uv": [4, 5.5, 5, 5.75], "texture": "#main"},
				"west": {"uv": [3, 1.75, 5.25, 2], "texture": "#main"},
				"up": {"uv": [1, 2.25, 0, 0], "texture": "#main"},
				"down": {"uv": [2, 0, 1, 2.25], "texture": "#main"}
			}
		},
		{
			"from": [6.02164, 1, -0.35195],
			"to": [6.52164, 2, 1.14805],
			"rotation": {"angle": -22.5, "axis": "y", "origin": [8.77164, 0, 1.14805]},
			"faces": {
				"north": {"uv": [3.25, 4.5, 3.5, 4.75], "texture": "#main"},
				"east": {"uv": [6, 5.5, 6.5, 5.75], "texture": "#main"},
				"south": {"uv": [4, 4.75, 4.25, 5], "texture": "#main"},
				"west": {"uv": [5.75, 6, 6.25, 6.25], "texture": "#main"},
				"up": {"uv": [0.25, 6.75, 0, 6.25], "texture": "#main"},
				"down": {"uv": [0.5, 6.25, 0.25, 6.75], "texture": "#main"}
			}
		},
		{
			"from": [8.90434, 1, -0.23777],
			"to": [9.40434, 2, 1.26223],
			"rotation": {"angle": 22.5, "axis": "y", "origin": [6.65434, 0, -0.23777]},
			"faces": {
				"north": {"uv": [2, 7, 2.25, 7.25], "texture": "#main"},
				"east": {"uv": [0.5, 6.25, 1, 6.5], "texture": "#main"},
				"south": {"uv": [2.75, 7, 3, 7.25], "texture": "#main"},
				"west": {"uv": [6.25, 0.75, 6.75, 1], "texture": "#main"},
				"up": {"uv": [1.25, 6.75, 1, 6.25], "texture": "#main"},
				"down": {"uv": [6.5, 1, 6.25, 1.5], "texture": "#main"}
			}
		},
		{
			"from": [6.75, 2, 3],
			"to": [9.25, 4, 5],
			"faces": {
				"north": {"uv": [2.25, 4, 3, 4.5], "texture": "#main"},
				"east": {"uv": [1.5, 5.5, 2, 6], "texture": "#main"},
				"south": {"uv": [0, 4.25, 0.75, 4.75], "texture": "#main"},
				"west": {"uv": [5.5, 3, 6, 3.5], "texture": "#main"},
				"up": {"uv": [5, 0.5, 4.25, 0], "texture": "#main"},
				"down": {"uv": [4.25, 4.25, 3.5, 4.75], "texture": "#main"}
			}
		},
		{
			"from": [6.75, 2, 0],
			"to": [9.25, 4, 3],
			"rotation": {"angle": -22.5, "axis": "x", "origin": [8, 4, 3]},
			"faces": {
				"north": {"uv": [0, 4.75, 0.75, 5.25], "texture": "#main"},
				"east": {"uv": [3.25, 4.75, 4, 5.25], "texture": "#main"},
				"south": {"uv": [4.75, 4.25, 5.5, 4.75], "texture": "#main"},
				"west": {"uv": [4.75, 4.75, 5.5, 5.25], "texture": "#main"},
				"up": {"uv": [3.75, 2.75, 3, 2], "texture": "#main"},
				"down": {"uv": [3.75, 2.75, 3, 3.5], "texture": "#main"}
			}
		},
		{
			"from": [6.85, 0.95195, -1.5],
			"to": [9.15, 2.85195, 1],
			"rotation": {"angle": 0, "axis": "y", "origin": [8, 2.85195, 0.22836]},
			"faces": {
				"north": {"uv": [5, 0, 5.75, 0.5], "texture": "#main"},
				"east": {"uv": [4, 5, 4.75, 5.5], "texture": "#main"},
				"south": {"uv": [0, 5.25, 0.75, 5.75], "texture": "#main"},
				"west": {"uv": [5.25, 0.5, 6, 1], "texture": "#main"},
				"up": {"uv": [0.75, 4.25, 0, 3.5], "texture": "#main"},
				"down": {"uv": [4.25, 0, 3.5, 0.75], "texture": "#main"}
			}
		},
		{
			"from": [6.75, 3, 5],
			"to": [9.25, 4, 10],
			"faces": {
				"north": {"uv": [0.75, 5.75, 1.5, 6], "texture": "#main"},
				"east": {"uv": [5.5, 2.5, 6.75, 2.75], "texture": "#main"},
				"south": {"uv": [2, 5.75, 2.75, 6], "texture": "#main"},
				"west": {"uv": [5.5, 2.75, 6.75, 3], "texture": "#main"},
				"up": {"uv": [0.75, 3.5, 0, 2.25], "texture": "#main"},
				"down": {"uv": [1.5, 2.25, 0.75, 3.5], "texture": "#main"}
			}
		},
		{
			"from": [7.25, 3, 10],
			"to": [8.75, 4, 15.75],
			"faces": {
				"north": {"uv": [6.75, 2.75, 7.25, 3], "texture": "#main"},
				"east": {"uv": [5.25, 4, 6.75, 4.25], "texture": "#main"},
				"south": {"uv": [6.75, 3, 7.25, 3.25], "texture": "#main"},
				"west": {"uv": [4.75, 5.25, 6.25, 5.5], "texture": "#main"},
				"up": {"uv": [3, 4, 2.5, 2.5], "texture": "#main"},
				"down": {"uv": [3.5, 0, 3, 1.5], "texture": "#main"}
			}
		},
		{
			"from": [7.35, 3.2, 15.75],
			"to": [8.65, 4, 19.3],
			"faces": {
				"north": {"uv": [6.75, 4.75, 7.25, 5], "texture": "#main"},
				"east": {"uv": [5.5, 4.75, 6.5, 5], "texture": "#main"},
				"south": {"uv": [6.75, 5, 7.25, 5.25], "texture": "#main"},
				"west": {"uv": [5, 5.5, 6, 5.75], "texture": "#main"},
				"up": {"uv": [1.25, 4.5, 0.75, 3.5], "texture": "#main"},
				"down": {"uv": [3.5, 3.5, 3, 4.5], "texture": "#main"}
			}
		},
		{
			"from": [7.7, 4.5, 6.95],
			"to": [8.3, 5.85, 7.55],
			"faces": {
				"north": {"uv": [0.25, 6.75, 0.5, 7.25], "texture": "#main"},
				"east": {"uv": [1.5, 6.75, 1.75, 7.25], "texture": "#main"},
				"south": {"uv": [6.75, 1.75, 7, 2.25], "texture": "#main"},
				"west": {"uv": [2.25, 6.75, 2.5, 7.25], "texture": "#main"},
				"up": {"uv": [4, 7.75, 3.75, 7.5], "texture": "#main"},
				"down": {"uv": [7.75, 3.75, 7.5, 4], "texture": "#main"}
			}
		},
		{
			"from": [7.7, 5.5, 6.35],
			"to": [8.3, 5.85, 6.95],
			"rotation": {"angle": 0, "axis": "y", "origin": [0, 0, 0.15]},
			"faces": {
				"north": {"uv": [4.75, 7.5, 5, 7.75], "texture": "#main"},
				"east": {"uv": [7.5, 4.75, 7.75, 5], "texture": "#main"},
				"south": {"uv": [5, 7.5, 5.25, 7.75], "texture": "#main"},
				"west": {"uv": [7.5, 5, 7.75, 5.25], "texture": "#main"},
				"up": {"uv": [5.5, 7.75, 5.25, 7.5], "texture": "#main"},
				"down": {"uv": [7.75, 5.25, 7.5, 5.5], "texture": "#main"}
			}
		},
		{
			"from": [7.7, 5.5, 7.55],
			"to": [8.3, 5.85, 8.15],
			"rotation": {"angle": 0, "axis": "y", "origin": [0, 0, -0.65]},
			"faces": {
				"north": {"uv": [5.5, 7.5, 5.75, 7.75], "texture": "#main"},
				"east": {"uv": [7.5, 5.5, 7.75, 5.75], "texture": "#main"},
				"south": {"uv": [5.75, 7.5, 6, 7.75], "texture": "#main"},
				"west": {"uv": [7.5, 5.75, 7.75, 6], "texture": "#main"},
				"up": {"uv": [6.25, 7.75, 6, 7.5], "texture": "#main"},
				"down": {"uv": [7.75, 6, 7.5, 6.25], "texture": "#main"}
			}
		},
		{
			"from": [8.3, 5.5, 6.95],
			"to": [8.9, 5.85, 7.55],
			"rotation": {"angle": 0, "axis": "y", "origin": [0.6, 0, -1.25]},
			"faces": {
				"north": {"uv": [6.25, 7.5, 6.5, 7.75], "texture": "#main"},
				"east": {"uv": [7.5, 6.25, 7.75, 6.5], "texture": "#main"},
				"south": {"uv": [6.5, 7.5, 6.75, 7.75], "texture": "#main"},
				"west": {"uv": [7.5, 6.5, 7.75, 6.75], "texture": "#main"},
				"up": {"uv": [7, 7.75, 6.75, 7.5], "texture": "#main"},
				"down": {"uv": [7.75, 6.75, 7.5, 7], "texture": "#main"}
			}
		},
		{
			"from": [7.1, 5.5, 6.95],
			"to": [7.7, 5.85, 7.55],
			"rotation": {"angle": 0, "axis": "y", "origin": [-0.6, 0, -1.25]},
			"faces": {
				"north": {"uv": [7, 7.5, 7.25, 7.75], "texture": "#main"},
				"east": {"uv": [7.5, 7, 7.75, 7.25], "texture": "#main"},
				"south": {"uv": [7.25, 7.5, 7.5, 7.75], "texture": "#main"},
				"west": {"uv": [7.5, 7.25, 7.75, 7.5], "texture": "#main"},
				"up": {"uv": [7.75, 7.75, 7.5, 7.5], "texture": "#main"},
				"down": {"uv": [0.25, 7.75, 0, 8], "texture": "#main"}
			}
		},
		{
			"from": [8.9, 5.58, 6.95],
			"to": [15.5, 5.78, 7.55],
			"rotation": {"angle": 0, "axis": "y", "origin": [0.7, 0.14, -0.25]},
			"faces": {
				"north": {"uv": [3.5, 0.75, 5.25, 1], "texture": "#main"},
				"east": {"uv": [7.75, 0, 8, 0.25], "texture": "#main"},
				"south": {"uv": [3.5, 1, 5.25, 1.25], "texture": "#main"},
				"west": {"uv": [0.25, 7.75, 0.5, 8], "texture": "#main"},
				"up": {"uv": [5.25, 1.5, 3.5, 1.25], "texture": "#main"},
				"down": {"uv": [5.25, 3.5, 3.5, 3.75], "texture": "#main"}
			}
		},
		{
			"from": [7.7, 5.58, 8.15],
			"to": [8.3, 5.78, 14.75],
			"rotation": {"angle": 0, "axis": "y", "origin": [-0.5, 0.21, 0.95]},
			"faces": {
				"north": {"uv": [7.75, 0.75, 8, 1], "texture": "#main"},
				"east": {"uv": [3.5, 3.75, 5.25, 4], "texture": "#main"},
				"south": {"uv": [1, 7.75, 1.25, 8], "texture": "#main"},
				"west": {"uv": [3.5, 4, 5.25, 4.25], "texture": "#main"},
				"up": {"uv": [2, 5.5, 1.75, 3.75], "texture": "#main"},
				"down": {"uv": [2.25, 4, 2, 5.75], "texture": "#main"}
			}
		},
		{
			"from": [7.7, 5.58, -0.25],
			"to": [8.3, 5.78, 6.35],
			"rotation": {"angle": 0, "axis": "y", "origin": [-0.5, 0.07, -1.45]},
			"faces": {
				"north": {"uv": [7.75, 0.5, 8, 0.75], "texture": "#main"},
				"east": {"uv": [3.75, 3, 5.5, 3.25], "texture": "#main"},
				"south": {"uv": [0.75, 7.75, 1, 8], "texture": "#main"},
				"west": {"uv": [3.75, 3.25, 5.5, 3.5], "texture": "#main"},
				"up": {"uv": [1.5, 5.25, 1.25, 3.5], "texture": "#main"},
				"down": {"uv": [1.75, 3.75, 1.5, 5.5], "texture": "#main"}
			}
		},
		{
			"from": [0.5, 5.58, 6.95],
			"to": [7.1, 5.78, 7.55],
			"rotation": {"angle": 0, "axis": "y", "origin": [-0.45, 0, -1.25]},
			"faces": {
				"north": {"uv": [3.75, 2, 5.5, 2.25], "texture": "#main"},
				"east": {"uv": [7.75, 0.25, 8, 0.5], "texture": "#main"},
				"south": {"uv": [3.75, 2.25, 5.5, 2.5], "texture": "#main"},
				"west": {"uv": [0.5, 7.75, 0.75, 8], "texture": "#main"},
				"up": {"uv": [5.5, 2.75, 3.75, 2.5], "texture": "#main"},
				"down": {"uv": [5.5, 2.75, 3.75, 3], "texture": "#main"}
			}
		},
		{
			"from": [7.5, 4.25, 6.75],
			"to": [8.5, 4.5, 7.75],
			"faces": {
				"north": {"uv": [4, 7.5, 4.25, 7.75], "texture": "#main"},
				"east": {"uv": [7.5, 4, 7.75, 4.25], "texture": "#main"},
				"south": {"uv": [4.25, 7.5, 4.5, 7.75], "texture": "#main"},
				"west": {"uv": [7.5, 4.25, 7.75, 4.5], "texture": "#main"},
				"up": {"uv": [4.75, 7.75, 4.5, 7.5], "texture": "#main"},
				"down": {"uv": [7.75, 4.5, 7.5, 4.75], "texture": "#main"}
			}
		},
		{
			"from": [7, 4, 3.75],
			"to": [9, 4.25, 9.5],
			"faces": {
				"north": {"uv": [6.75, 2.25, 7.25, 2.5], "texture": "#main"},
				"east": {"uv": [5.25, 3.5, 6.75, 3.75], "texture": "#main"},
				"south": {"uv": [6.75, 2.5, 7.25, 2.75], "texture": "#main"},
				"west": {"uv": [5.25, 3.75, 6.75, 4], "texture": "#main"},
				"up": {"uv": [2, 3.75, 1.5, 2.25], "texture": "#main"},
				"down": {"uv": [2.5, 2.5, 2, 4], "texture": "#main"}
			}
		},
		{
			"from": [6.25, 2, 5],
			"to": [9.75, 3, 10],
			"faces": {
				"north": {"uv": [5.5, 4.25, 6.5, 4.5], "texture": "#main"},
				"east": {"uv": [5.5, 2, 6.75, 2.25], "texture": "#main"},
				"south": {"uv": [5.5, 4.5, 6.5, 4.75], "texture": "#main"},
				"west": {"uv": [5.5, 2.25, 6.75, 2.5], "texture": "#main"},
				"up": {"uv": [3, 1.25, 2, 0], "texture": "#main"},
				"down": {"uv": [3, 1.25, 2, 2.5], "texture": "#main"}
			}
		},
		{
			"from": [7.25, 2, 10],
			"to": [8.75, 3, 13],
			"faces": {
				"north": {"uv": [6, 3, 6.5, 3.25], "texture": "#main"},
				"east": {"uv": [5.5, 5, 6.25, 5.25], "texture": "#main"},
				"south": {"uv": [6, 3.25, 6.5, 3.5], "texture": "#main"},
				"west": {"uv": [0, 5.75, 0.75, 6], "texture": "#main"},
				"up": {"uv": [4.75, 5, 4.25, 4.25], "texture": "#main"},
				"down": {"uv": [1.25, 4.5, 0.75, 5.25], "texture": "#main"}
			}
		},
		{
			"from": [8.04172, 2, 9.56075],
			"to": [9.04172, 3, 12.56075],
			"rotation": {"angle": -22.5, "axis": "y", "origin": [8.29172, 2, 11.56075]},
			"faces": {
				"north": {"uv": [1.5, 7.5, 1.75, 7.75], "texture": "#main"},
				"east": {"uv": [6, 0.5, 6.75, 0.75], "texture": "#main"},
				"south": {"uv": [7.5, 1.5, 7.75, 1.75], "texture": "#main"},
				"west": {"uv": [0.75, 6, 1.5, 6.25], "texture": "#main"},
				"up": {"uv": [3, 6.5, 2.75, 5.75], "texture": "#main"},
				"down": {"uv": [6.25, 0.75, 6, 1.5], "texture": "#main"}
			}
		},
		{
			"from": [6.57559, 2, 9.63687],
			"to": [7.57559, 3, 12.63687],
			"rotation": {"angle": 22.5, "axis": "y", "origin": [7.32559, 2, 10.63687]},
			"faces": {
				"north": {"uv": [1.75, 7.5, 2, 7.75], "texture": "#main"},
				"east": {"uv": [1.5, 6, 2.25, 6.25], "texture": "#main"},
				"south": {"uv": [7.5, 1.75, 7.75, 2], "texture": "#main"},
				"west": {"uv": [6, 1.5, 6.75, 1.75], "texture": "#main"},
				"up": {"uv": [2.5, 6.75, 2.25, 6], "texture": "#main"},
				"down": {"uv": [2.75, 6, 2.5, 6.75], "texture": "#main"}
			}
		},
		{
			"from": [7.25, 1.61313, 9.08239],
			"to": [8.75, 2.61313, 11.83239],
			"rotation": {"angle": -22.5, "axis": "x", "origin": [6, 3.61313, 11.08239]},
			"faces": {
				"north": {"uv": [4.75, 6, 5.25, 6.25], "texture": "#main"},
				"east": {"uv": [5.75, 0, 6.5, 0.25], "texture": "#main"},
				"south": {"uv": [5.25, 6, 5.75, 6.25], "texture": "#main"},
				"west": {"uv": [5.75, 0.25, 6.5, 0.5], "texture": "#main"},
				"up": {"uv": [2.75, 5.25, 2.25, 4.5], "texture": "#main"},
				"down": {"uv": [3.25, 4.5, 2.75, 5.25], "texture": "#main"}
			}
		},
		{
			"from": [7.25, 2.61313, 12.08239],
			"to": [8.75, 3.61313, 14.83239],
			"rotation": {"angle": -22.5, "axis": "x", "origin": [6, 4.61313, 14.08239]},
			"faces": {
				"north": {"uv": [6.75, 3.25, 7.25, 3.5], "texture": "#main"},
				"east": {"uv": [6, 1.75, 6.75, 2], "texture": "#main"},
				"south": {"uv": [3.5, 6.75, 4, 7], "texture": "#main"},
				"west": {"uv": [3, 6, 3.75, 6.25], "texture": "#main"},
				"up": {"uv": [3.5, 6, 3, 5.25], "texture": "#main"},
				"down": {"uv": [4, 5.25, 3.5, 6], "texture": "#main"}
			}
		},
		{
			"from": [7.35, 3.73701, 20.10029],
			"to": [8.35, 6.48701, 20.60029],
			"rotation": {"angle": 22.5, "axis": "x", "origin": [5.85, 6.73701, 18.60029]},
			"faces": {
				"north": {"uv": [3.75, 6, 4, 6.75], "texture": "#main"},
				"east": {"uv": [4, 6, 4.25, 6.75], "texture": "#main"},
				"south": {"uv": [4.25, 6, 4.5, 6.75], "texture": "#main"},
				"west": {"uv": [4.5, 6, 4.75, 6.75], "texture": "#main"},
				"up": {"uv": [8, 1.25, 7.75, 1], "texture": "#main"},
				"down": {"uv": [1.5, 7.75, 1.25, 8], "texture": "#main"}
			}
		},
		{
			"from": [6.75, 4.28701, 19.55029],
			"to": [9, 4.78701, 20.05029],
			"rotation": {"angle": 0, "axis": "y", "origin": [6, 6.53701, 16.30029]},
			"faces": {
				"north": {"uv": [6.75, 3.5, 7.25, 3.75], "texture": "#main"},
				"east": {"uv": [7.75, 1.25, 8, 1.5], "texture": "#main"},
				"south": {"uv": [6.75, 3.75, 7.25, 4], "texture": "#main"},
				"west": {"uv": [1.5, 7.75, 1.75, 8], "texture": "#main"},
				"up": {"uv": [4.5, 7, 4, 6.75], "texture": "#main"},
				"down": {"uv": [7.25, 4, 6.75, 4.25], "texture": "#main"}
			}
		},
		{
			"from": [7.6, 5.18201, 18.64044],
			"to": [8.1, 5.68201, 19.89044],
			"rotation": {"angle": 0, "axis": "y", "origin": [6.85, 6.68201, 15.89044]},
			"faces": {
				"north": {"uv": [7.75, 1.5, 8, 1.75], "texture": "#main"},
				"east": {"uv": [1.75, 7.75, 2, 8], "texture": "#main"},
				"south": {"uv": [7.75, 1.75, 8, 2], "texture": "#main"},
				"west": {"uv": [2, 7.75, 2.25, 8], "texture": "#main"},
				"up": {"uv": [8, 2.25, 7.75, 2], "texture": "#main"},
				"down": {"uv": [2.5, 7.75, 2.25, 8], "texture": "#main"}
			}
		},
		{
			"from": [6.6, 5.68201, 18.64044],
			"to": [6.85, 6.18201, 19.14044],
			"rotation": {"angle": 0, "axis": "y", "origin": [6.85, 6.68201, 15.89044]},
			"faces": {
				"north": {"uv": [7.75, 2.25, 8, 2.5], "texture": "#main"},
				"east": {"uv": [2.5, 7.75, 2.75, 8], "texture": "#main"},
				"south": {"uv": [7.75, 2.5, 8, 2.75], "texture": "#main"},
				"west": {"uv": [2.75, 7.75, 3, 8], "texture": "#main"},
				"up": {"uv": [8, 3, 7.75, 2.75], "texture": "#main"},
				"down": {"uv": [3.25, 7.75, 3, 8], "texture": "#main"}
			}
		},
		{
			"from": [6.6, 4.68201, 18.64044],
			"to": [6.85, 5.18201, 19.14044],
			"rotation": {"angle": 0, "axis": "y", "origin": [6.85, 6.68201, 15.89044]},
			"faces": {
				"north": {"uv": [7.75, 3.75, 8, 4], "texture": "#main"},
				"east": {"uv": [4, 7.75, 4.25, 8], "texture": "#main"},
				"south": {"uv": [7.75, 4, 8, 4.25], "texture": "#main"},
				"west": {"uv": [4.25, 7.75, 4.5, 8], "texture": "#main"},
				"up": {"uv": [8, 4.5, 7.75, 4.25], "texture": "#main"},
				"down": {"uv": [4.75, 7.75, 4.5, 8], "texture": "#main"}
			}
		},
		{
			"from": [6.6, 5.18201, 18.14044],
			"to": [6.85, 5.68201, 18.64044],
			"rotation": {"angle": 0, "axis": "y", "origin": [6.85, 6.68201, 15.89044]},
			"faces": {
				"north": {"uv": [7.75, 4.5, 8, 4.75], "texture": "#main"},
				"east": {"uv": [4.75, 7.75, 5, 8], "texture": "#main"},
				"south": {"uv": [7.75, 4.75, 8, 5], "texture": "#main"},
				"west": {"uv": [5, 7.75, 5.25, 8], "texture": "#main"},
				"up": {"uv": [8, 5.25, 7.75, 5], "texture": "#main"},
				"down": {"uv": [5.5, 7.75, 5.25, 8], "texture": "#main"}
			}
		},
		{
			"from": [6.6, 5.18201, 16.64044],
			"to": [6.7, 5.68201, 18.14044],
			"rotation": {"angle": 0, "axis": "y", "origin": [6.85, 6.68201, 15.89044]},
			"faces": {
				"north": {"uv": [7.75, 6, 8, 6.25], "texture": "#main"},
				"east": {"uv": [5.25, 6.75, 5.75, 7], "texture": "#main"},
				"south": {"uv": [6.25, 7.75, 6.5, 8], "texture": "#main"},
				"west": {"uv": [5.75, 6.75, 6.25, 7], "texture": "#main"},
				"up": {"uv": [2.75, 7.25, 2.5, 6.75], "texture": "#main"},
				"down": {"uv": [4.75, 6.75, 4.5, 7.25], "texture": "#main"}
			}
		},
		{
			"from": [6.6, 5.18201, 19.64044],
			"to": [6.7, 5.68201, 21.14044],
			"rotation": {"angle": 0, "axis": "y", "origin": [6.85, 6.68201, 15.89044]},
			"faces": {
				"north": {"uv": [7.75, 6.25, 8, 6.5], "texture": "#main"},
				"east": {"uv": [6.75, 5.75, 7.25, 6], "texture": "#main"},
				"south": {"uv": [6.5, 7.75, 6.75, 8], "texture": "#main"},
				"west": {"uv": [6.75, 6, 7.25, 6.25], "texture": "#main"},
				"up": {"uv": [6.5, 7.25, 6.25, 6.75], "texture": "#main"},
				"down": {"uv": [7, 6.5, 6.75, 7], "texture": "#main"}
			}
		},
		{
			"from": [6.6, 6.18201, 18.64044],
			"to": [6.7, 7.68201, 19.14044],
			"rotation": {"angle": 0, "axis": "y", "origin": [6.85, 6.68201, 15.89044]},
			"faces": {
				"north": {"uv": [7, 0, 7.25, 0.5], "texture": "#main"},
				"east": {"uv": [0.5, 7, 0.75, 7.5], "texture": "#main"},
				"south": {"uv": [0.75, 7, 1, 7.5], "texture": "#main"},
				"west": {"uv": [1, 7, 1.25, 7.5], "texture": "#main"},
				"up": {"uv": [8, 6.75, 7.75, 6.5], "texture": "#main"},
				"down": {"uv": [7, 7.75, 6.75, 8], "texture": "#main"}
			}
		},
		{
			"from": [6.6, 3.18201, 18.64044],
			"to": [6.7, 4.68201, 19.14044],
			"rotation": {"angle": 0, "axis": "y", "origin": [6.85, 6.68201, 15.89044]},
			"faces": {
				"north": {"uv": [7, 1, 7.25, 1.5], "texture": "#main"},
				"east": {"uv": [1.25, 7, 1.5, 7.5], "texture": "#main"},
				"south": {"uv": [1.75, 7, 2, 7.5], "texture": "#main"},
				"west": {"uv": [7, 1.75, 7.25, 2.25], "texture": "#main"},
				"up": {"uv": [8, 7, 7.75, 6.75], "texture": "#main"},
				"down": {"uv": [7.25, 7.75, 7, 8], "texture": "#main"}
			}
		},
		{
			"from": [6.6, 5.18201, 19.14044],
			"to": [6.85, 5.68201, 19.64044],
			"rotation": {"angle": 0, "axis": "y", "origin": [6.85, 6.68201, 15.89044]},
			"faces": {
				"north": {"uv": [7.75, 5.25, 8, 5.5], "texture": "#main"},
				"east": {"uv": [5.5, 7.75, 5.75, 8], "texture": "#main"},
				"south": {"uv": [7.75, 5.5, 8, 5.75], "texture": "#main"},
				"west": {"uv": [5.75, 7.75, 6, 8], "texture": "#main"},
				"up": {"uv": [8, 6, 7.75, 5.75], "texture": "#main"},
				"down": {"uv": [6.25, 7.75, 6, 8], "texture": "#main"}
			}
		},
		{
			"from": [6.45, 5.18201, 18.64044],
			"to": [7.6, 5.68201, 19.14044],
			"rotation": {"angle": 0, "axis": "y", "origin": [6.85, 6.68201, 15.89044]},
			"faces": {
				"north": {"uv": [7.75, 3, 8, 3.25], "texture": "#main"},
				"east": {"uv": [3.25, 7.75, 3.5, 8], "texture": "#main"},
				"south": {"uv": [7.75, 3.25, 8, 3.5], "texture": "#main"},
				"west": {"uv": [3.5, 7.75, 3.75, 8], "texture": "#main"},
				"up": {"uv": [8, 3.75, 7.75, 3.5], "texture": "#main"},
				"down": {"uv": [4, 7.75, 3.75, 8], "texture": "#main"}
			}
		},
		{
			"from": [7.25, 1, 9],
			"to": [8.75, 2, 10],
			"rotation": {"angle": 0, "axis": "y", "origin": [6, 3.61313, 11.08239]},
			"faces": {
				"north": {"uv": [6.75, 0.5, 7.25, 0.75], "texture": "#main"},
				"east": {"uv": [2, 7.5, 2.25, 7.75], "texture": "#main"},
				"south": {"uv": [6.75, 0.75, 7.25, 1], "texture": "#main"},
				"west": {"uv": [7.5, 2, 7.75, 2.25], "texture": "#main"},
				"up": {"uv": [1.5, 7, 1, 6.75], "texture": "#main"},
				"down": {"uv": [7.25, 1.5, 6.75, 1.75], "texture": "#main"}
			}
		},
		{
			"from": [9.96476, 1, 9.73358],
			"to": [11.36476, 2, 10.73358],
			"rotation": {"angle": 45, "axis": "y", "origin": [8.46476, 3.61313, 11.81598]},
			"faces": {
				"north": {"uv": [2.25, 7.5, 2.5, 7.75], "texture": "#main"},
				"east": {"uv": [7.5, 2.25, 7.75, 2.5], "texture": "#main"},
				"south": {"uv": [2.5, 7.5, 2.75, 7.75], "texture": "#main"},
				"west": {"uv": [7.5, 2.5, 7.75, 2.75], "texture": "#main"},
				"up": {"uv": [3, 7.75, 2.75, 7.5], "texture": "#main"},
				"down": {"uv": [7.75, 2.75, 7.5, 3], "texture": "#main"}
			}
		},
		{
			"from": [5.50637, 1, 10.20471],
			"to": [6.50637, 2, 11.60471],
			"rotation": {"angle": 45, "axis": "y", "origin": [4.42397, 3.61313, 8.70471]},
			"faces": {
				"north": {"uv": [3, 7.5, 3.25, 7.75], "texture": "#main"},
				"east": {"uv": [7.5, 3, 7.75, 3.25], "texture": "#main"},
				"south": {"uv": [3.25, 7.5, 3.5, 7.75], "texture": "#main"},
				"west": {"uv": [7.5, 3.25, 7.75, 3.5], "texture": "#main"},
				"up": {"uv": [3.75, 7.75, 3.5, 7.5], "texture": "#main"},
				"down": {"uv": [7.75, 3.5, 7.5, 3.75], "texture": "#main"}
			}
		},
		{
			"from": [3.75, 3, 6],
			"to": [6.75, 3.5, 8],
			"rotation": {"angle": 0, "axis": "y", "origin": [-0.25, 0, 7]},
			"faces": {
				"north": {"uv": [4, 5.75, 4.75, 6], "texture": "#main"},
				"east": {"uv": [1.25, 6.25, 1.75, 6.5], "texture": "#main"},
				"south": {"uv": [4.75, 5.75, 5.5, 6], "texture": "#main"},
				"west": {"uv": [1.75, 6.25, 2.25, 6.5], "texture": "#main"},
				"up": {"uv": [1.5, 5.75, 0.75, 5.25], "texture": "#main"},
				"down": {"uv": [6, 1, 5.25, 1.5], "texture": "#main"}
			}
		},
		{
			"from": [2.75, 3, 6.5],
			"to": [3.75, 3.5, 8],
			"rotation": {"angle": 0, "axis": "y", "origin": [-0.25, 0, 7]},
			"faces": {
				"north": {"uv": [3, 7, 3.25, 7.25], "texture": "#main"},
				"east": {"uv": [3, 6.25, 3.5, 6.5], "texture": "#main"},
				"south": {"uv": [3.25, 7, 3.5, 7.25], "texture": "#main"},
				"west": {"uv": [4.75, 6.25, 5.25, 6.5], "texture": "#main"},
				"up": {"uv": [3.75, 6.75, 3.5, 6.25], "texture": "#main"},
				"down": {"uv": [6.5, 5, 6.25, 5.5], "texture": "#main"}
			}
		},
		{
			"from": [4.6, 1.85, 7.6],
			"to": [5.15, 3.4, 7.9],
			"rotation": {"angle": 22.5, "axis": "x", "origin": [3.75, 4, 7]},
			"faces": {
				"north": {"uv": [5.25, 6.25, 5.5, 6.75], "texture": "#main"},
				"east": {"uv": [5.5, 6.25, 5.75, 6.75], "texture": "#main"},
				"south": {"uv": [5.75, 6.25, 6, 6.75], "texture": "#main"},
				"west": {"uv": [6.25, 5.75, 6.5, 6.25], "texture": "#main"},
				"up": {"uv": [3.75, 7.25, 3.5, 7], "texture": "#main"},
				"down": {"uv": [4, 7, 3.75, 7.25], "texture": "#main"}
			}
		},
		{
			"from": [4.5, 1.25, 6],
			"to": [5.25, 2, 8],
			"rotation": {"angle": 0, "axis": "y", "origin": [3.75, 4, 7]},
			"faces": {
				"north": {"uv": [4, 7, 4.25, 7.25], "texture": "#main"},
				"east": {"uv": [6, 6.25, 6.5, 6.5], "texture": "#main"},
				"south": {"uv": [4.25, 7, 4.5, 7.25], "texture": "#main"},
				"west": {"uv": [6.5, 0, 7, 0.25], "texture": "#main"},
				"up": {"uv": [0.75, 7, 0.5, 6.5], "texture": "#main"},
				"down": {"uv": [1, 6.5, 0.75, 7], "texture": "#main"}
			}
		},
		{
			"from": [4.55, 1.3, 5.5],
			"to": [4.8, 1.55, 6],
			"rotation": {"angle": 0, "axis": "y", "origin": [3.75, 4, 7]},
			"faces": {
				"north": {"uv": [7, 4.25, 7.25, 4.5], "texture": "#main"},
				"east": {"uv": [7, 4.5, 7.25, 4.75], "texture": "#main"},
				"south": {"uv": [4.75, 7, 5, 7.25], "texture": "#main"},
				"west": {"uv": [5, 7, 5.25, 7.25], "texture": "#main"},
				"up": {"uv": [5.5, 7.25, 5.25, 7], "texture": "#main"},
				"down": {"uv": [7.25, 5.25, 7, 5.5], "texture": "#main"}
			}
		},
		{
			"from": [4.55, 1.7, 5.5],
			"to": [4.8, 1.95, 6],
			"rotation": {"angle": 0, "axis": "y", "origin": [3.75, 4, 7]},
			"faces": {
				"north": {"uv": [5.5, 7, 5.75, 7.25], "texture": "#main"},
				"east": {"uv": [7, 5.5, 7.25, 5.75], "texture": "#main"},
				"south": {"uv": [5.75, 7, 6, 7.25], "texture": "#main"},
				"west": {"uv": [6, 7, 6.25, 7.25], "texture": "#main"},
				"up": {"uv": [7.25, 6.5, 7, 6.25], "texture": "#main"},
				"down": {"uv": [6.75, 7, 6.5, 7.25], "texture": "#main"}
			}
		},
		{
			"from": [4.95, 1.3, 5.5],
			"to": [5.2, 1.55, 6],
			"rotation": {"angle": 0, "axis": "y", "origin": [3.75, 4, 7]},
			"faces": {
				"north": {"uv": [7, 6.5, 7.25, 6.75], "texture": "#main"},
				"east": {"uv": [6.75, 7, 7, 7.25], "texture": "#main"},
				"south": {"uv": [7, 6.75, 7.25, 7], "texture": "#main"},
				"west": {"uv": [7, 7, 7.25, 7.25], "texture": "#main"},
				"up": {"uv": [0.25, 7.5, 0, 7.25], "texture": "#main"},
				"down": {"uv": [7.5, 0, 7.25, 0.25], "texture": "#main"}
			}
		},
		{
			"from": [4.95, 1.7, 5.5],
			"to": [5.2, 1.95, 6],
			"rotation": {"angle": 0, "axis": "y", "origin": [3.75, 4, 7]},
			"faces": {
				"north": {"uv": [0.25, 7.25, 0.5, 7.5], "texture": "#main"},
				"east": {"uv": [7.25, 0.25, 7.5, 0.5], "texture": "#main"},
				"south": {"uv": [7.25, 0.5, 7.5, 0.75], "texture": "#main"},
				"west": {"uv": [7.25, 0.75, 7.5, 1], "texture": "#main"},
				"up": {"uv": [7.5, 1.25, 7.25, 1], "texture": "#main"},
				"down": {"uv": [7.5, 1.25, 7.25, 1.5], "texture": "#main"}
			}
		},
		{
			"from": [8.75, 3, 6],
			"to": [11.75, 3.5, 8],
			"rotation": {"angle": 0, "axis": "y", "origin": [5.75, 0, 7]},
			"faces": {
				"north": {"uv": [5.5, 5.75, 6.25, 6], "texture": "#main"},
				"east": {"uv": [6.5, 0.25, 7, 0.5], "texture": "#main"},
				"south": {"uv": [0, 6, 0.75, 6.25], "texture": "#main"},
				"west": {"uv": [6.5, 1, 7, 1.25], "texture": "#main"},
				"up": {"uv": [6, 2, 5.25, 1.5], "texture": "#main"},
				"down": {"uv": [3, 5.25, 2.25, 5.75], "texture": "#main"}
			}
		},
		{
			"from": [11.75, 3, 6.5],
			"to": [12.75, 3.5, 8],
			"rotation": {"angle": 0, "axis": "y", "origin": [5.75, 0, 7]},
			"faces": {
				"north": {"uv": [1.5, 7.25, 1.75, 7.5], "texture": "#main"},
				"east": {"uv": [1.25, 6.5, 1.75, 6.75], "texture": "#main"},
				"south": {"uv": [7.25, 1.5, 7.5, 1.75], "texture": "#main"},
				"west": {"uv": [6.5, 1.25, 7, 1.5], "texture": "#main"},
				"up": {"uv": [2, 7, 1.75, 6.5], "texture": "#main"},
				"down": {"uv": [2.25, 6.5, 2, 7], "texture": "#main"}
			}
		},
		{
			"from": [10.6, 1.85, 7.6],
			"to": [11.15, 3.4, 7.9],
			"rotation": {"angle": 22.5, "axis": "x", "origin": [9.75, 4, 7]},
			"faces": {
				"north": {"uv": [2.75, 6.5, 3, 7], "texture": "#main"},
				"east": {"uv": [3, 6.5, 3.25, 7], "texture": "#main"},
				"south": {"uv": [6.5, 3, 6.75, 3.5], "texture": "#main"},
				"west": {"uv": [3.25, 6.5, 3.5, 7], "texture": "#main"},
				"up": {"uv": [7.5, 2, 7.25, 1.75], "texture": "#main"},
				"down": {"uv": [2.25, 7.25, 2, 7.5], "texture": "#main"}
			}
		},
		{
			"from": [10.5, 1.25, 6],
			"to": [11.25, 2, 8],
			"rotation": {"angle": 0, "axis": "y", "origin": [9.75, 4, 7]},
			"faces": {
				"north": {"uv": [7.25, 2, 7.5, 2.25], "texture": "#main"},
				"east": {"uv": [6.5, 4.25, 7, 4.5], "texture": "#main"},
				"south": {"uv": [2.25, 7.25, 2.5, 7.5], "texture": "#main"},
				"west": {"uv": [6.5, 4.5, 7, 4.75], "texture": "#main"},
				"up": {"uv": [5, 7, 4.75, 6.5], "texture": "#main"},
				"down": {"uv": [6.75, 4.75, 6.5, 5.25], "texture": "#main"}
			}
		},
		{
			"from": [10.55, 1.3, 5.5],
			"to": [10.8, 1.55, 6],
			"rotation": {"angle": 0, "axis": "y", "origin": [9.75, 4, 7]},
			"faces": {
				"north": {"uv": [7.25, 2.25, 7.5, 2.5], "texture": "#main"},
				"east": {"uv": [2.5, 7.25, 2.75, 7.5], "texture": "#main"},
				"south": {"uv": [7.25, 2.5, 7.5, 2.75], "texture": "#main"},
				"west": {"uv": [2.75, 7.25, 3, 7.5], "texture": "#main"},
				"up": {"uv": [7.5, 3, 7.25, 2.75], "texture": "#main"},
				"down": {"uv": [3.25, 7.25, 3, 7.5], "texture": "#main"}
			}
		},
		{
			"from": [10.55, 1.7, 5.5],
			"to": [10.8, 1.95, 6],
			"rotation": {"angle": 0, "axis": "y", "origin": [9.75, 4, 7]},
			"faces": {
				"north": {"uv": [7.25, 3, 7.5, 3.25], "texture": "#main"},
				"east": {"uv": [3.25, 7.25, 3.5, 7.5], "texture": "#main"},
				"south": {"uv": [7.25, 3.25, 7.5, 3.5], "texture": "#main"},
				"west": {"uv": [3.5, 7.25, 3.75, 7.5], "texture": "#main"},
				"up": {"uv": [7.5, 3.75, 7.25, 3.5], "texture": "#main"},
				"down": {"uv": [4, 7.25, 3.75, 7.5], "texture": "#main"}
			}
		},
		{
			"from": [10.95, 1.3, 5.5],
			"to": [11.2, 1.55, 6],
			"rotation": {"angle": 0, "axis": "y", "origin": [9.75, 4, 7]},
			"faces": {
				"north": {"uv": [7.25, 3.75, 7.5, 4], "texture": "#main"},
				"east": {"uv": [4, 7.25, 4.25, 7.5], "texture": "#main"},
				"south": {"uv": [7.25, 4, 7.5, 4.25], "texture": "#main"},
				"west": {"uv": [4.25, 7.25, 4.5, 7.5], "texture": "#main"},
				"up": {"uv": [7.5, 4.5, 7.25, 4.25], "texture": "#main"},
				"down": {"uv": [4.75, 7.25, 4.5, 7.5], "texture": "#main"}
			}
		},
		{
			"from": [10.95, 1.7, 5.5],
			"to": [11.2, 1.95, 6],
			"rotation": {"angle": 0, "axis": "y", "origin": [9.75, 4, 7]},
			"faces": {
				"north": {"uv": [7.25, 4.5, 7.5, 4.75], "texture": "#main"},
				"east": {"uv": [4.75, 7.25, 5, 7.5], "texture": "#main"},
				"south": {"uv": [7.25, 4.75, 7.5, 5], "texture": "#main"},
				"west": {"uv": [5, 7.25, 5.25, 7.5], "texture": "#main"},
				"up": {"uv": [7.5, 5.25, 7.25, 5], "texture": "#main"},
				"down": {"uv": [5.5, 7.25, 5.25, 7.5], "texture": "#main"}
			}
		},
		{
			"from": [10.1, 3.1, 8.35],
			"to": [10.9, 3.9, 8.9],
			"faces": {
				"north": {"uv": [7.25, 7, 7.5, 7.25], "texture": "#main"},
				"east": {"uv": [7.25, 7.25, 7.5, 7.5], "texture": "#main"},
				"south": {"uv": [0, 7.5, 0.25, 7.75], "texture": "#main"},
				"west": {"uv": [7.5, 0, 7.75, 0.25], "texture": "#main"},
				"up": {"uv": [0.5, 7.75, 0.25, 7.5], "texture": "#main"},
				"down": {"uv": [7.75, 0.25, 7.5, 0.5], "texture": "#main"}
			}
		},
		{
			"from": [9.2, 3.1, 9.1],
			"to": [10, 3.9, 9.9],
			"faces": {
				"north": {"uv": [0.5, 7.5, 0.75, 7.75], "texture": "#main"},
				"east": {"uv": [7.5, 0.5, 7.75, 0.75], "texture": "#main"},
				"south": {"uv": [0.75, 7.5, 1, 7.75], "texture": "#main"},
				"west": {"uv": [7.5, 0.75, 7.75, 1], "texture": "#main"},
				"up": {"uv": [1.25, 7.75, 1, 7.5], "texture": "#main"},
				"down": {"uv": [7.75, 1, 7.5, 1.25], "texture": "#main"}
			}
		},
		{
			"from": [10, 3, 8.5],
			"to": [11, 4, 10.5],
			"rotation": {"angle": 0, "axis": "y", "origin": [-0.05, 0, 0]},
			"faces": {
				"north": {"uv": [1.25, 7.5, 1.5, 7.75], "texture": "#main"},
				"east": {"uv": [6, 6.5, 6.5, 6.75], "texture": "#main"},
				"south": {"uv": [7.5, 1.25, 7.75, 1.5], "texture": "#main"},
				"west": {"uv": [6.5, 6.25, 7, 6.5], "texture": "#main"},
				"up": {"uv": [6.75, 7, 6.5, 6.5], "texture": "#main"},
				"down": {"uv": [0.25, 6.75, 0, 7.25], "texture": "#main"}
			}
		},
		{
			"from": [5.2, 3.1, 8.35],
			"to": [6, 3.9, 8.9],
			"faces": {
				"north": {"uv": [7.25, 5.25, 7.5, 5.5], "texture": "#main"},
				"east": {"uv": [5.5, 7.25, 5.75, 7.5], "texture": "#main"},
				"south": {"uv": [7.25, 5.5, 7.5, 5.75], "texture": "#main"},
				"west": {"uv": [5.75, 7.25, 6, 7.5], "texture": "#main"},
				"up": {"uv": [7.5, 6, 7.25, 5.75], "texture": "#main"},
				"down": {"uv": [6.25, 7.25, 6, 7.5], "texture": "#main"}
			}
		},
		{
			"from": [6.1, 3.1, 9.1],
			"to": [6.9, 3.9, 9.9],
			"faces": {
				"north": {"uv": [7.25, 6.25, 7.5, 6.5], "texture": "#main"},
				"east": {"uv": [6.5, 7.25, 6.75, 7.5], "texture": "#main"},
				"south": {"uv": [7.25, 6.5, 7.5, 6.75], "texture": "#main"},
				"west": {"uv": [6.75, 7.25, 7, 7.5], "texture": "#main"},
				"up": {"uv": [7.5, 7, 7.25, 6.75], "texture": "#main"},
				"down": {"uv": [7.25, 7.25, 7, 7.5], "texture": "#main"}
			}
		},
		{
			"from": [5.1, 3, 8.5],
			"to": [6.1, 4, 10.5],
			"rotation": {"angle": 0, "axis": "y", "origin": [-0.05, 0, 0]},
			"faces": {
				"north": {"uv": [7.25, 6, 7.5, 6.25], "texture": "#main"},
				"east": {"uv": [6.5, 5.25, 7, 5.5], "texture": "#main"},
				"south": {"uv": [6.25, 7.25, 6.5, 7.5], "texture": "#main"},
				"west": {"uv": [6.5, 5.5, 7, 5.75], "texture": "#main"},
				"up": {"uv": [5.25, 7, 5, 6.5], "texture": "#main"},
				"down": {"uv": [6.75, 5.75, 6.5, 6.25], "texture": "#main"}
			}
		}
	],
	"display": {
		"head": {
			"scale": [1.6, 1.6, 1.61]
		}
	},
	"groups": [
		0,
		1,
		2,
		3,
		4,
		5,
		6,
		7,
		8,
		9,
		10,
		11,
		12,
		13,
		14,
		15,
		16,
		17,
		18,
		19,
		20,
		21,
		22,
		23,
		24,
		25,
		26,
		27,
		28,
		29,
		30,
		31,
		32,
		33,
		34,
		35,
		36,
		37,
		38,
		39,
		40,
		41,
		42,
		43,
		44,
		45,
		46,
		47,
		48,
		49,
		50,
		51,
		52,
		53,
		54,
		55,
		56,
		57,
		58,
		59,
		60,
		61,
		62,
		63,
		{
			"name": "group",
			"origin": [8, 8, 8],
			"color": 0,
			"children": [
				64,
				65,
				66,
				67,
				68,
				69,
				70,
				71,
				72,
				73,
				74,
				75,
				76,
				77,
				78,
				79,
				80,
				81,
				82,
				83,
				84,
				85,
				86,
				87,
				88,
				89,
				90,
				91,
				92,
				93,
				94,
				95,
				96,
				97,
				98,
				99,
				100,
				101,
				102,
				103,
				104,
				105,
				{
					"name": "group",
					"origin": [8, 8, 8],
					"color": 0,
					"children": [106, 107, 108, 109, 110, 111, 112, 113]
				},
				{
					"name": "group",
					"origin": [8, 8, 8],
					"color": 0,
					"children": [114, 115, 116, 117, 118, 119, 120, 121]
				},
				{
					"name": "group",
					"origin": [8, 8, 8],
					"color": 0,
					"children": [122, 123, 124]
				}
			]
		},
		{
			"name": "group",
			"origin": [8, 8, 8],
			"color": 0,
			"children": [125, 126, 127]
		}
	]
}