{
	"credit": "Made with Blockbench",
	"texture_size": [128, 128],
	"textures": {
		"main": "nw:stand/base/anim/death_scythe"
	},
	"elements": [
		{
			"name": "scythe_0",
			"from": [7.59091, 25.90909, -2.75],
			"to": [8.59091, 29.90909, 6.25],
			"rotation": {"angle": -45, "axis": "x", "origin": [7.59091, 8.5, 5.5]},
			"faces": {
				"north": {"uv": [6, 0, 5.75, 1], "texture": "#main"},
				"east": {"uv": [4, 0, 6, 1], "texture": "#main"},
				"south": {"uv": [4.25, 0, 4, 1], "texture": "#main"},
				"west": {"uv": [4, 1, 6, 0], "rotation": 180, "texture": "#main"},
				"up": {"uv": [6, 0.25, 4, 0], "rotation": 90, "texture": "#main"},
				"down": {"uv": [4, 1, 6, 0.75], "rotation": 90, "texture": "#main"}
			}
		},
		{
			"name": "scythe_1",
			"from": [7.59091, 24.90909, -7.75],
			"to": [8.59091, 28.90909, -2.75],
			"rotation": {"angle": -45, "axis": "x", "origin": [7.59091, 8.5, 5.5]},
			"faces": {
				"north": {"uv": [7, 0.25, 6.75, 1.25], "texture": "#main"},
				"east": {"uv": [6, 0.25, 7, 1.25], "texture": "#main"},
				"south": {"uv": [6.25, 0.25, 6, 1.25], "texture": "#main"},
				"west": {"uv": [6, 1.25, 7, 0.25], "rotation": 180, "texture": "#main"},
				"up": {"uv": [7, 0.5, 6, 0.25], "rotation": 90, "texture": "#main"},
				"down": {"uv": [6, 1.25, 7, 1], "rotation": 90, "texture": "#main"}
			}
		},
		{
			"name": "scythe_2",
			"from": [7.59091, 23.90909, -9.75],
			"to": [8.59091, 27.90909, -7.75],
			"rotation": {"angle": -45, "axis": "x", "origin": [7.59091, 8.5, 5.5]},
			"faces": {
				"north": {"uv": [7.25, 0.5, 7, 1.5], "texture": "#main"},
				"east": {"uv": [7, 0.5, 7.25, 1.5], "texture": "#main"},
				"south": {"uv": [7.25, 0.5, 7, 1.5], "texture": "#main"},
				"west": {"uv": [7, 1.5, 7.25, 0.5], "rotation": 180, "texture": "#main"},
				"up": {"uv": [7.25, 0.75, 7, 0.5], "rotation": 90, "texture": "#main"},
				"down": {"uv": [7, 1.5, 7.25, 1.25], "rotation": 90, "texture": "#main"}
			}
		},
		{
			"name": "scythe_3",
			"from": [7.59091, 22.90909, -10.75],
			"to": [8.59091, 26.90909, -9.75],
			"rotation": {"angle": -45, "axis": "x", "origin": [7.59091, 8.5, 5.5]},
			"faces": {
				"north": {"uv": [7.5, 0.75, 7.25, 1.75], "texture": "#main"},
				"east": {"uv": [7.25, 0.75, 7.5, 1.75], "texture": "#main"},
				"south": {"uv": [7.5, 0.75, 7.25, 1.75], "texture": "#main"},
				"west": {"uv": [7.25, 1.75, 7.5, 0.75], "rotation": 180, "texture": "#main"},
				"up": {"uv": [7.5, 1, 7.25, 0.75], "rotation": 90, "texture": "#main"},
				"down": {"uv": [7.25, 1.75, 7.5, 1.5], "rotation": 90, "texture": "#main"}
			}
		},
		{
			"name": "scythe_4",
			"from": [7.59091, -9.09091, 4.25],
			"to": [8.59091, 25.90909, 6.25],
			"rotation": {"angle": -45, "axis": "x", "origin": [7.59091, 8.5, 5.5]},
			"faces": {
				"north": {"uv": [4.5, 1, 4.25, 4], "texture": "#main"},
				"east": {"uv": [4, 1, 4.5, 4], "texture": "#main"},
				"south": {"uv": [4.25, 1, 4, 4], "texture": "#main"},
				"west": {"uv": [4, 4, 4.5, 1], "texture": "#main"},
				"up": {"uv": [4.5, 1.25, 4, 1], "rotation": 90, "texture": "#main"},
				"down": {"uv": [4, 4, 4.5, 3.75], "rotation": 90, "texture": "#main"}
			}
		},
		{
			"name": "scythe_5",
			"from": [7.59091, 23.90909, 1.25],
			"to": [8.59091, 25.90909, 3.25],
			"rotation": {"angle": -45, "axis": "x", "origin": [7.59091, 8.5, 5.5]},
			"faces": {
				"north": {"uv": [5.25, 1, 5, 1.5], "texture": "#main"},
				"east": {"uv": [4.75, 1, 5.25, 1.5], "texture": "#main"},
				"south": {"uv": [5, 1, 4.75, 1.5], "texture": "#main"},
				"west": {"uv": [4.75, 1.5, 5.25, 1], "rotation": 180, "texture": "#main"},
				"up": {"uv": [5.25, 1.25, 4.75, 1], "rotation": 90, "texture": "#main"},
				"down": {"uv": [4.75, 1.5, 5.25, 1.25], "rotation": 90, "texture": "#main"}
			}
		},
		{
			"name": "scythe_6",
			"from": [7.59091, 24.90909, -2.75],
			"to": [8.59091, 25.90909, 1.25],
			"rotation": {"angle": -45, "axis": "x", "origin": [7.59091, 8.5, 5.5]},
			"faces": {
				"north": {"uv": [6, 1, 5.75, 1.25], "texture": "#main"},
				"east": {"uv": [5.25, 1, 6, 1.25], "texture": "#main"},
				"south": {"uv": [5.5, 1, 5.25, 1.25], "texture": "#main"},
				"west": {"uv": [5.25, 1.25, 6, 1], "rotation": 180, "texture": "#main"},
				"up": {"uv": [6, 1.25, 5.25, 1], "rotation": 90, "texture": "#main"},
				"down": {"uv": [5.25, 1.25, 6, 1], "rotation": 90, "texture": "#main"}
			}
		},
		{
			"name": "scythe_7",
			"from": [7.59091, 21.90909, -11.75],
			"to": [8.59091, 25.90909, -10.75],
			"rotation": {"angle": -45, "axis": "x", "origin": [7.59091, 8.5, 5.5]},
			"faces": {
				"north": {"uv": [7.75, 1, 7.5, 2], "texture": "#main"},
				"east": {"uv": [7.5, 1, 7.75, 2], "texture": "#main"},
				"south": {"uv": [7.75, 1, 7.5, 2], "texture": "#main"},
				"west": {"uv": [7.5, 2, 7.75, 1], "rotation": 180, "texture": "#main"},
				"up": {"uv": [7.75, 1.25, 7.5, 1], "rotation": 90, "texture": "#main"},
				"down": {"uv": [7.5, 2, 7.75, 1.75], "rotation": 90, "texture": "#main"}
			}
		},
		{
			"name": "scythe_8",
			"from": [7.59091, 23.90909, -7.75],
			"to": [8.59091, 24.90909, -3.75],
			"rotation": {"angle": -45, "axis": "x", "origin": [7.59091, 8.5, 5.5]},
			"faces": {
				"north": {"uv": [7, 1.25, 6.75, 1.5], "texture": "#main"},
				"east": {"uv": [6.5, 1.25, 7, 1.5], "texture": "#main"},
				"south": {"uv": [6.75, 1.25, 6.5, 1.5], "texture": "#main"},
				"west": {"uv": [6.5, 1.5, 7, 1.25], "rotation": 180, "texture": "#main"},
				"up": {"uv": [7, 1.5, 6.5, 1.25], "rotation": 90, "texture": "#main"},
				"down": {"uv": [6.5, 1.5, 7, 1.25], "rotation": 90, "texture": "#main"}
			}
		},
		{
			"name": "scythe_9",
			"from": [7.59091, 22.90909, 2.25],
			"to": [8.59091, 23.90909, 4.25],
			"rotation": {"angle": -45, "axis": "x", "origin": [7.59091, 8.5, 5.5]},
			"faces": {
				"north": {"uv": [5, 1.5, 4.75, 1.75], "texture": "#main"},
				"east": {"uv": [4.5, 1.5, 5, 1.75], "texture": "#main"},
				"south": {"uv": [4.75, 1.5, 4.5, 1.75], "texture": "#main"},
				"west": {"uv": [4.5, 1.75, 5, 1.5], "rotation": 180, "texture": "#main"},
				"up": {"uv": [5, 1.75, 4.5, 1.5], "rotation": 90, "texture": "#main"},
				"down": {"uv": [4.5, 1.75, 5, 1.5], "rotation": 90, "texture": "#main"}
			}
		},
		{
			"name": "scythe_10",
			"from": [7.59091, 21.90909, 3.25],
			"to": [8.59091, 22.90909, 4.25],
			"rotation": {"angle": -45, "axis": "x", "origin": [7.59091, 8.5, 5.5]},
			"faces": {
				"north": {"uv": [4.75, 1.75, 4.5, 2], "texture": "#main"},
				"east": {"uv": [4.5, 1.75, 4.75, 2], "texture": "#main"},
				"south": {"uv": [4.75, 1.75, 4.5, 2], "texture": "#main"},
				"west": {"uv": [4.5, 2, 4.75, 1.75], "rotation": 180, "texture": "#main"},
				"up": {"uv": [4.75, 2, 4.5, 1.75], "rotation": 90, "texture": "#main"},
				"down": {"uv": [4.5, 2, 4.75, 1.75], "rotation": 90, "texture": "#main"}
			}
		},
		{
			"name": "scythe_0",
			"from": [7.59091, 0.25, -15.90909],
			"to": [8.59091, 9.25, -11.90909],
			"rotation": {"angle": 0, "axis": "x", "origin": [7.59091, 8.5, 5.5]},
			"faces": {
				"north": {"uv": [10, 0.25, 8, 0], "rotation": 270, "texture": "#main"},
				"east": {"uv": [8, 0, 10, 1], "rotation": 90, "texture": "#main"},
				"south": {"uv": [8, 1, 10, 0.75], "rotation": 90, "texture": "#main"},
				"west": {"uv": [8, 1, 10, 0], "rotation": 90, "texture": "#main"},
				"up": {"uv": [8.25, 0, 8, 1], "texture": "#main"},
				"down": {"uv": [10, 0, 9.75, 1], "rotation": 180, "texture": "#main"}
			}
		},
		{
			"name": "scythe_1",
			"from": [7.59091, -4.75, -14.90909],
			"to": [8.59091, 0.25, -10.90909],
			"rotation": {"angle": 0, "axis": "x", "origin": [7.59091, 8.5, 5.5]},
			"faces": {
				"north": {"uv": [11, 0.5, 10, 0.25], "rotation": 270, "texture": "#main"},
				"east": {"uv": [10, 0.25, 11, 1.25], "rotation": 90, "texture": "#main"},
				"south": {"uv": [10, 1.25, 11, 1], "rotation": 90, "texture": "#main"},
				"west": {"uv": [10, 1.25, 11, 0.25], "rotation": 90, "texture": "#main"},
				"up": {"uv": [10.25, 0.25, 10, 1.25], "texture": "#main"},
				"down": {"uv": [11, 0.25, 10.75, 1.25], "rotation": 180, "texture": "#main"}
			}
		},
		{
			"name": "scythe_2",
			"from": [7.59091, -6.75, -13.90909],
			"to": [8.59091, -4.75, -9.90909],
			"rotation": {"angle": 0, "axis": "x", "origin": [7.59091, 8.5, 5.5]},
			"faces": {
				"north": {"uv": [11.25, 0.75, 11, 0.5], "rotation": 270, "texture": "#main"},
				"east": {"uv": [11, 0.5, 11.25, 1.5], "rotation": 90, "texture": "#main"},
				"south": {"uv": [11, 1.5, 11.25, 1.25], "rotation": 90, "texture": "#main"},
				"west": {"uv": [11, 1.5, 11.25, 0.5], "rotation": 90, "texture": "#main"},
				"up": {"uv": [11.25, 0.5, 11, 1.5], "texture": "#main"},
				"down": {"uv": [11.25, 0.5, 11, 1.5], "rotation": 180, "texture": "#main"}
			}
		},
		{
			"name": "scythe_3",
			"from": [7.59091, -7.75, -12.90909],
			"to": [8.59091, -6.75, -8.90909],
			"rotation": {"angle": 0, "axis": "x", "origin": [7.59091, 8.5, 5.5]},
			"faces": {
				"north": {"uv": [11.5, 1, 11.25, 0.75], "rotation": 270, "texture": "#main"},
				"east": {"uv": [11.25, 0.75, 11.5, 1.75], "rotation": 90, "texture": "#main"},
				"south": {"uv": [11.25, 1.75, 11.5, 1.5], "rotation": 90, "texture": "#main"},
				"west": {"uv": [11.25, 1.75, 11.5, 0.75], "rotation": 90, "texture": "#main"},
				"up": {"uv": [11.5, 0.75, 11.25, 1.75], "texture": "#main"},
				"down": {"uv": [11.5, 0.75, 11.25, 1.75], "rotation": 180, "texture": "#main"}
			}
		},
		{
			"name": "scythe_4",
			"from": [7.59091, 7.25, -11.90909],
			"to": [8.59091, 9.25, 23.09091],
			"rotation": {"angle": 0, "axis": "x", "origin": [7.59091, 8.5, 5.5]},
			"faces": {
				"north": {"uv": [8.5, 1.25, 8, 1], "rotation": 270, "texture": "#main"},
				"east": {"uv": [8, 1, 8.5, 4], "rotation": 90, "texture": "#main"},
				"south": {"uv": [8, 4, 8.5, 3.75], "rotation": 90, "texture": "#main"},
				"west": {"uv": [8, 4, 8.5, 1], "rotation": 270, "texture": "#main"},
				"up": {"uv": [8.25, 1, 8, 4], "texture": "#main"},
				"down": {"uv": [8.5, 1, 8.25, 4], "rotation": 180, "texture": "#main"}
			}
		},
		{
			"name": "scythe_5",
			"from": [7.59091, 4.25, -11.90909],
			"to": [8.59091, 6.25, -9.90909],
			"rotation": {"angle": 0, "axis": "x", "origin": [7.59091, 8.5, 5.5]},
			"faces": {
				"north": {"uv": [9.25, 1.25, 8.75, 1], "rotation": 270, "texture": "#main"},
				"east": {"uv": [8.75, 1, 9.25, 1.5], "rotation": 90, "texture": "#main"},
				"south": {"uv": [8.75, 1.5, 9.25, 1.25], "rotation": 90, "texture": "#main"},
				"west": {"uv": [8.75, 1.5, 9.25, 1], "rotation": 90, "texture": "#main"},
				"up": {"uv": [9, 1, 8.75, 1.5], "texture": "#main"},
				"down": {"uv": [9.25, 1, 9, 1.5], "rotation": 180, "texture": "#main"}
			}
		},
		{
			"name": "scythe_6",
			"from": [7.59091, 0.25, -11.90909],
			"to": [8.59091, 4.25, -10.90909],
			"rotation": {"angle": 0, "axis": "x", "origin": [7.59091, 8.5, 5.5]},
			"faces": {
				"north": {"uv": [10, 1.25, 9.25, 1], "rotation": 270, "texture": "#main"},
				"east": {"uv": [9.25, 1, 10, 1.25], "rotation": 90, "texture": "#main"},
				"south": {"uv": [9.25, 1.25, 10, 1], "rotation": 90, "texture": "#main"},
				"west": {"uv": [9.25, 1.25, 10, 1], "rotation": 90, "texture": "#main"},
				"up": {"uv": [9.5, 1, 9.25, 1.25], "texture": "#main"},
				"down": {"uv": [10, 1, 9.75, 1.25], "rotation": 180, "texture": "#main"}
			}
		},
		{
			"name": "scythe_7",
			"from": [7.59091, -8.75, -11.90909],
			"to": [8.59091, -7.75, -7.90909],
			"rotation": {"angle": 0, "axis": "x", "origin": [7.59091, 8.5, 5.5]},
			"faces": {
				"north": {"uv": [11.75, 1.25, 11.5, 1], "rotation": 270, "texture": "#main"},
				"east": {"uv": [11.5, 1, 11.75, 2], "rotation": 90, "texture": "#main"},
				"south": {"uv": [11.5, 2, 11.75, 1.75], "rotation": 90, "texture": "#main"},
				"west": {"uv": [11.5, 2, 11.75, 1], "rotation": 90, "texture": "#main"},
				"up": {"uv": [11.75, 1, 11.5, 2], "texture": "#main"},
				"down": {"uv": [11.75, 1, 11.5, 2], "rotation": 180, "texture": "#main"}
			}
		},
		{
			"name": "scythe_8",
			"from": [7.59091, -4.75, -10.90909],
			"to": [8.59091, -0.75, -9.90909],
			"rotation": {"angle": 0, "axis": "x", "origin": [7.59091, 8.5, 5.5]},
			"faces": {
				"north": {"uv": [11, 1.5, 10.5, 1.25], "rotation": 270, "texture": "#main"},
				"east": {"uv": [10.5, 1.25, 11, 1.5], "rotation": 90, "texture": "#main"},
				"south": {"uv": [10.5, 1.5, 11, 1.25], "rotation": 90, "texture": "#main"},
				"west": {"uv": [10.5, 1.5, 11, 1.25], "rotation": 90, "texture": "#main"},
				"up": {"uv": [10.75, 1.25, 10.5, 1.5], "texture": "#main"},
				"down": {"uv": [11, 1.25, 10.75, 1.5], "rotation": 180, "texture": "#main"}
			}
		},
		{
			"name": "scythe_9",
			"from": [7.59091, 5.25, -9.90909],
			"to": [8.59091, 7.25, -8.90909],
			"rotation": {"angle": 0, "axis": "x", "origin": [7.59091, 8.5, 5.5]},
			"faces": {
				"north": {"uv": [9, 1.75, 8.5, 1.5], "rotation": 270, "texture": "#main"},
				"east": {"uv": [8.5, 1.5, 9, 1.75], "rotation": 90, "texture": "#main"},
				"south": {"uv": [8.5, 1.75, 9, 1.5], "rotation": 90, "texture": "#main"},
				"west": {"uv": [8.5, 1.75, 9, 1.5], "rotation": 90, "texture": "#main"},
				"up": {"uv": [8.75, 1.5, 8.5, 1.75], "texture": "#main"},
				"down": {"uv": [9, 1.5, 8.75, 1.75], "rotation": 180, "texture": "#main"}
			}
		},
		{
			"name": "scythe_10",
			"from": [7.59091, 6.25, -8.90909],
			"to": [8.59091, 7.25, -7.90909],
			"rotation": {"angle": 0, "axis": "x", "origin": [7.59091, 8.5, 5.5]},
			"faces": {
				"north": {"uv": [8.75, 2, 8.5, 1.75], "rotation": 270, "texture": "#main"},
				"east": {"uv": [8.5, 1.75, 8.75, 2], "rotation": 90, "texture": "#main"},
				"south": {"uv": [8.5, 2, 8.75, 1.75], "rotation": 90, "texture": "#main"},
				"west": {"uv": [8.5, 2, 8.75, 1.75], "rotation": 90, "texture": "#main"},
				"up": {"uv": [8.75, 1.75, 8.5, 2], "texture": "#main"},
				"down": {"uv": [8.75, 1.75, 8.5, 2], "rotation": 180, "texture": "#main"}
			}
		},
		{
			"name": "scythe_0",
			"from": [7.59091, 0.25, -15.90909],
			"to": [8.59091, 9.25, -11.90909],
			"rotation": {"angle": -45, "axis": "x", "origin": [7.59091, 8.5, 5.5]},
			"faces": {
				"north": {"uv": [14, 0.25, 12, 0], "rotation": 270, "texture": "#main"},
				"east": {"uv": [12, 0, 14, 1], "rotation": 90, "texture": "#main"},
				"south": {"uv": [12, 1, 14, 0.75], "rotation": 90, "texture": "#main"},
				"west": {"uv": [12, 1, 14, 0], "rotation": 90, "texture": "#main"},
				"up": {"uv": [12.25, 0, 12, 1], "texture": "#main"},
				"down": {"uv": [14, 0, 13.75, 1], "rotation": 180, "texture": "#main"}
			}
		},
		{
			"name": "scythe_1",
			"from": [7.59091, -4.75, -14.90909],
			"to": [8.59091, 0.25, -10.90909],
			"rotation": {"angle": -45, "axis": "x", "origin": [7.59091, 8.5, 5.5]},
			"faces": {
				"north": {"uv": [15, 0.5, 14, 0.25], "rotation": 270, "texture": "#main"},
				"east": {"uv": [14, 0.25, 15, 1.25], "rotation": 90, "texture": "#main"},
				"south": {"uv": [14, 1.25, 15, 1], "rotation": 90, "texture": "#main"},
				"west": {"uv": [14, 1.25, 15, 0.25], "rotation": 90, "texture": "#main"},
				"up": {"uv": [14.25, 0.25, 14, 1.25], "texture": "#main"},
				"down": {"uv": [15, 0.25, 14.75, 1.25], "rotation": 180, "texture": "#main"}
			}
		},
		{
			"name": "scythe_2",
			"from": [7.59091, -6.75, -13.90909],
			"to": [8.59091, -4.75, -9.90909],
			"rotation": {"angle": -45, "axis": "x", "origin": [7.59091, 8.5, 5.5]},
			"faces": {
				"north": {"uv": [15.25, 0.75, 15, 0.5], "rotation": 270, "texture": "#main"},
				"east": {"uv": [15, 0.5, 15.25, 1.5], "rotation": 90, "texture": "#main"},
				"south": {"uv": [15, 1.5, 15.25, 1.25], "rotation": 90, "texture": "#main"},
				"west": {"uv": [15, 1.5, 15.25, 0.5], "rotation": 90, "texture": "#main"},
				"up": {"uv": [15.25, 0.5, 15, 1.5], "texture": "#main"},
				"down": {"uv": [15.25, 0.5, 15, 1.5], "rotation": 180, "texture": "#main"}
			}
		},
		{
			"name": "scythe_3",
			"from": [7.59091, -7.75, -12.90909],
			"to": [8.59091, -6.75, -8.90909],
			"rotation": {"angle": -45, "axis": "x", "origin": [7.59091, 8.5, 5.5]},
			"faces": {
				"north": {"uv": [15.5, 1, 15.25, 0.75], "rotation": 270, "texture": "#main"},
				"east": {"uv": [15.25, 0.75, 15.5, 1.75], "rotation": 90, "texture": "#main"},
				"south": {"uv": [15.25, 1.75, 15.5, 1.5], "rotation": 90, "texture": "#main"},
				"west": {"uv": [15.25, 1.75, 15.5, 0.75], "rotation": 90, "texture": "#main"},
				"up": {"uv": [15.5, 0.75, 15.25, 1.75], "texture": "#main"},
				"down": {"uv": [15.5, 0.75, 15.25, 1.75], "rotation": 180, "texture": "#main"}
			}
		},
		{
			"name": "scythe_4",
			"from": [7.59091, 7.25, -11.90909],
			"to": [8.59091, 9.25, 23.09091],
			"rotation": {"angle": -45, "axis": "x", "origin": [7.59091, 8.5, 5.5]},
			"faces": {
				"north": {"uv": [12.5, 1.25, 12, 1], "rotation": 270, "texture": "#main"},
				"east": {"uv": [12, 1, 12.5, 4], "rotation": 90, "texture": "#main"},
				"south": {"uv": [12, 4, 12.5, 3.75], "rotation": 90, "texture": "#main"},
				"west": {"uv": [12, 4, 12.5, 1], "rotation": 270, "texture": "#main"},
				"up": {"uv": [12.25, 1, 12, 4], "texture": "#main"},
				"down": {"uv": [12.5, 1, 12.25, 4], "rotation": 180, "texture": "#main"}
			}
		},
		{
			"name": "scythe_5",
			"from": [7.59091, 4.25, -11.90909],
			"to": [8.59091, 6.25, -9.90909],
			"rotation": {"angle": -45, "axis": "x", "origin": [7.59091, 8.5, 5.5]},
			"faces": {
				"north": {"uv": [13.25, 1.25, 12.75, 1], "rotation": 270, "texture": "#main"},
				"east": {"uv": [12.75, 1, 13.25, 1.5], "rotation": 90, "texture": "#main"},
				"south": {"uv": [12.75, 1.5, 13.25, 1.25], "rotation": 90, "texture": "#main"},
				"west": {"uv": [12.75, 1.5, 13.25, 1], "rotation": 90, "texture": "#main"},
				"up": {"uv": [13, 1, 12.75, 1.5], "texture": "#main"},
				"down": {"uv": [13.25, 1, 13, 1.5], "rotation": 180, "texture": "#main"}
			}
		},
		{
			"name": "scythe_6",
			"from": [7.59091, 0.25, -11.90909],
			"to": [8.59091, 4.25, -10.90909],
			"rotation": {"angle": -45, "axis": "x", "origin": [7.59091, 8.5, 5.5]},
			"faces": {
				"north": {"uv": [14, 1.25, 13.25, 1], "rotation": 270, "texture": "#main"},
				"east": {"uv": [13.25, 1, 14, 1.25], "rotation": 90, "texture": "#main"},
				"south": {"uv": [13.25, 1.25, 14, 1], "rotation": 90, "texture": "#main"},
				"west": {"uv": [13.25, 1.25, 14, 1], "rotation": 90, "texture": "#main"},
				"up": {"uv": [13.5, 1, 13.25, 1.25], "texture": "#main"},
				"down": {"uv": [14, 1, 13.75, 1.25], "rotation": 180, "texture": "#main"}
			}
		},
		{
			"name": "scythe_7",
			"from": [7.59091, -8.75, -11.90909],
			"to": [8.59091, -7.75, -7.90909],
			"rotation": {"angle": -45, "axis": "x", "origin": [7.59091, 8.5, 5.5]},
			"faces": {
				"north": {"uv": [15.75, 1.25, 15.5, 1], "rotation": 270, "texture": "#main"},
				"east": {"uv": [15.5, 1, 15.75, 2], "rotation": 90, "texture": "#main"},
				"south": {"uv": [15.5, 2, 15.75, 1.75], "rotation": 90, "texture": "#main"},
				"west": {"uv": [15.5, 2, 15.75, 1], "rotation": 90, "texture": "#main"},
				"up": {"uv": [15.75, 1, 15.5, 2], "texture": "#main"},
				"down": {"uv": [15.75, 1, 15.5, 2], "rotation": 180, "texture": "#main"}
			}
		},
		{
			"name": "scythe_8",
			"from": [7.59091, -4.75, -10.90909],
			"to": [8.59091, -0.75, -9.90909],
			"rotation": {"angle": -45, "axis": "x", "origin": [7.59091, 8.5, 5.5]},
			"faces": {
				"north": {"uv": [15, 1.5, 14.5, 1.25], "rotation": 270, "texture": "#main"},
				"east": {"uv": [14.5, 1.25, 15, 1.5], "rotation": 90, "texture": "#main"},
				"south": {"uv": [14.5, 1.5, 15, 1.25], "rotation": 90, "texture": "#main"},
				"west": {"uv": [14.5, 1.5, 15, 1.25], "rotation": 90, "texture": "#main"},
				"up": {"uv": [14.75, 1.25, 14.5, 1.5], "texture": "#main"},
				"down": {"uv": [15, 1.25, 14.75, 1.5], "rotation": 180, "texture": "#main"}
			}
		},
		{
			"name": "scythe_9",
			"from": [7.59091, 5.25, -9.90909],
			"to": [8.59091, 7.25, -8.90909],
			"rotation": {"angle": -45, "axis": "x", "origin": [7.59091, 8.5, 5.5]},
			"faces": {
				"north": {"uv": [13, 1.75, 12.5, 1.5], "rotation": 270, "texture": "#main"},
				"east": {"uv": [12.5, 1.5, 13, 1.75], "rotation": 90, "texture": "#main"},
				"south": {"uv": [12.5, 1.75, 13, 1.5], "rotation": 90, "texture": "#main"},
				"west": {"uv": [12.5, 1.75, 13, 1.5], "rotation": 90, "texture": "#main"},
				"up": {"uv": [12.75, 1.5, 12.5, 1.75], "texture": "#main"},
				"down": {"uv": [13, 1.5, 12.75, 1.75], "rotation": 180, "texture": "#main"}
			}
		},
		{
			"name": "scythe_10",
			"from": [7.59091, 6.25, -8.90909],
			"to": [8.59091, 7.25, -7.90909],
			"rotation": {"angle": -45, "axis": "x", "origin": [7.59091, 8.5, 5.5]},
			"faces": {
				"north": {"uv": [12.75, 2, 12.5, 1.75], "rotation": 270, "texture": "#main"},
				"east": {"uv": [12.5, 1.75, 12.75, 2], "rotation": 90, "texture": "#main"},
				"south": {"uv": [12.5, 2, 12.75, 1.75], "rotation": 90, "texture": "#main"},
				"west": {"uv": [12.5, 2, 12.75, 1.75], "rotation": 90, "texture": "#main"},
				"up": {"uv": [12.75, 1.75, 12.5, 2], "texture": "#main"},
				"down": {"uv": [12.75, 1.75, 12.5, 2], "rotation": 180, "texture": "#main"}
			}
		},
		{
			"name": "scythe_0",
			"from": [7.59091, -12.90909, 4.75],
			"to": [8.59091, -8.90909, 13.75],
			"rotation": {"angle": 0, "axis": "x", "origin": [7.59091, 8.5, 5.5]},
			"faces": {
				"north": {"uv": [0.25, 4, 0, 5], "rotation": 180, "texture": "#main"},
				"east": {"uv": [0, 4, 2, 5], "rotation": 180, "texture": "#main"},
				"south": {"uv": [2, 4, 1.75, 5], "rotation": 180, "texture": "#main"},
				"west": {"uv": [0, 5, 2, 4], "texture": "#main"},
				"up": {"uv": [0, 5, 2, 4.75], "rotation": 90, "texture": "#main"},
				"down": {"uv": [2, 4.25, 0, 4], "rotation": 90, "texture": "#main"}
			}
		},
		{
			"name": "scythe_1",
			"from": [7.59091, -11.90909, 13.75],
			"to": [8.59091, -7.90909, 18.75],
			"rotation": {"angle": 0, "axis": "x", "origin": [7.59091, 8.5, 5.5]},
			"faces": {
				"north": {"uv": [2.25, 4.25, 2, 5.25], "rotation": 180, "texture": "#main"},
				"east": {"uv": [2, 4.25, 3, 5.25], "rotation": 180, "texture": "#main"},
				"south": {"uv": [3, 4.25, 2.75, 5.25], "rotation": 180, "texture": "#main"},
				"west": {"uv": [2, 5.25, 3, 4.25], "texture": "#main"},
				"up": {"uv": [2, 5.25, 3, 5], "rotation": 90, "texture": "#main"},
				"down": {"uv": [3, 4.5, 2, 4.25], "rotation": 90, "texture": "#main"}
			}
		},
		{
			"name": "scythe_2",
			"from": [7.59091, -10.90909, 18.75],
			"to": [8.59091, -6.90909, 20.75],
			"rotation": {"angle": 0, "axis": "x", "origin": [7.59091, 8.5, 5.5]},
			"faces": {
				"north": {"uv": [3.25, 4.5, 3, 5.5], "rotation": 180, "texture": "#main"},
				"east": {"uv": [3, 4.5, 3.25, 5.5], "rotation": 180, "texture": "#main"},
				"south": {"uv": [3.25, 4.5, 3, 5.5], "rotation": 180, "texture": "#main"},
				"west": {"uv": [3, 5.5, 3.25, 4.5], "texture": "#main"},
				"up": {"uv": [3, 5.5, 3.25, 5.25], "rotation": 90, "texture": "#main"},
				"down": {"uv": [3.25, 4.75, 3, 4.5], "rotation": 90, "texture": "#main"}
			}
		},
		{
			"name": "scythe_3",
			"from": [7.59091, -9.90909, 20.75],
			"to": [8.59091, -5.90909, 21.75],
			"rotation": {"angle": 0, "axis": "x", "origin": [7.59091, 8.5, 5.5]},
			"faces": {
				"north": {"uv": [3.5, 4.75, 3.25, 5.75], "rotation": 180, "texture": "#main"},
				"east": {"uv": [3.25, 4.75, 3.5, 5.75], "rotation": 180, "texture": "#main"},
				"south": {"uv": [3.5, 4.75, 3.25, 5.75], "rotation": 180, "texture": "#main"},
				"west": {"uv": [3.25, 5.75, 3.5, 4.75], "texture": "#main"},
				"up": {"uv": [3.25, 5.75, 3.5, 5.5], "rotation": 90, "texture": "#main"},
				"down": {"uv": [3.5, 5, 3.25, 4.75], "rotation": 90, "texture": "#main"}
			}
		},
		{
			"name": "scythe_4",
			"from": [7.59091, -8.90909, 4.75],
			"to": [8.59091, 26.09091, 6.75],
			"rotation": {"angle": 0, "axis": "x", "origin": [7.59091, 8.5, 5.5]},
			"faces": {
				"north": {"uv": [0.25, 5, 0, 8], "rotation": 180, "texture": "#main"},
				"east": {"uv": [0, 5, 0.5, 8], "rotation": 180, "texture": "#main"},
				"south": {"uv": [0.5, 5, 0.25, 8], "rotation": 180, "texture": "#main"},
				"west": {"uv": [0, 8, 0.5, 5], "rotation": 180, "texture": "#main"},
				"up": {"uv": [0, 8, 0.5, 7.75], "rotation": 90, "texture": "#main"},
				"down": {"uv": [0.5, 5.25, 0, 5], "rotation": 90, "texture": "#main"}
			}
		},
		{
			"name": "scythe_5",
			"from": [7.59091, -8.90909, 7.75],
			"to": [8.59091, -6.90909, 9.75],
			"rotation": {"angle": 0, "axis": "x", "origin": [7.59091, 8.5, 5.5]},
			"faces": {
				"north": {"uv": [1, 5, 0.75, 5.5], "rotation": 180, "texture": "#main"},
				"east": {"uv": [0.75, 5, 1.25, 5.5], "rotation": 180, "texture": "#main"},
				"south": {"uv": [1.25, 5, 1, 5.5], "rotation": 180, "texture": "#main"},
				"west": {"uv": [0.75, 5.5, 1.25, 5], "texture": "#main"},
				"up": {"uv": [0.75, 5.5, 1.25, 5.25], "rotation": 90, "texture": "#main"},
				"down": {"uv": [1.25, 5.25, 0.75, 5], "rotation": 90, "texture": "#main"}
			}
		},
		{
			"name": "scythe_6",
			"from": [7.59091, -8.90909, 9.75],
			"to": [8.59091, -7.90909, 13.75],
			"rotation": {"angle": 0, "axis": "x", "origin": [7.59091, 8.5, 5.5]},
			"faces": {
				"north": {"uv": [1.5, 5, 1.25, 5.25], "rotation": 180, "texture": "#main"},
				"east": {"uv": [1.25, 5, 2, 5.25], "rotation": 180, "texture": "#main"},
				"south": {"uv": [2, 5, 1.75, 5.25], "rotation": 180, "texture": "#main"},
				"west": {"uv": [1.25, 5.25, 2, 5], "texture": "#main"},
				"up": {"uv": [1.25, 5.25, 2, 5], "rotation": 90, "texture": "#main"},
				"down": {"uv": [2, 5.25, 1.25, 5], "rotation": 90, "texture": "#main"}
			}
		},
		{
			"name": "scythe_7",
			"from": [7.59091, -8.90909, 21.75],
			"to": [8.59091, -4.90909, 22.75],
			"rotation": {"angle": 0, "axis": "x", "origin": [7.59091, 8.5, 5.5]},
			"faces": {
				"north": {"uv": [3.75, 5, 3.5, 6], "rotation": 180, "texture": "#main"},
				"east": {"uv": [3.5, 5, 3.75, 6], "rotation": 180, "texture": "#main"},
				"south": {"uv": [3.75, 5, 3.5, 6], "rotation": 180, "texture": "#main"},
				"west": {"uv": [3.5, 6, 3.75, 5], "texture": "#main"},
				"up": {"uv": [3.5, 6, 3.75, 5.75], "rotation": 90, "texture": "#main"},
				"down": {"uv": [3.75, 5.25, 3.5, 5], "rotation": 90, "texture": "#main"}
			}
		},
		{
			"name": "scythe_8",
			"from": [7.59091, -7.90909, 14.75],
			"to": [8.59091, -6.90909, 18.75],
			"rotation": {"angle": 0, "axis": "x", "origin": [7.59091, 8.5, 5.5]},
			"faces": {
				"north": {"uv": [2.75, 5.25, 2.5, 5.5], "rotation": 180, "texture": "#main"},
				"east": {"uv": [2.5, 5.25, 3, 5.5], "rotation": 180, "texture": "#main"},
				"south": {"uv": [3, 5.25, 2.75, 5.5], "rotation": 180, "texture": "#main"},
				"west": {"uv": [2.5, 5.5, 3, 5.25], "texture": "#main"},
				"up": {"uv": [2.5, 5.5, 3, 5.25], "rotation": 90, "texture": "#main"},
				"down": {"uv": [3, 5.5, 2.5, 5.25], "rotation": 90, "texture": "#main"}
			}
		},
		{
			"name": "scythe_9",
			"from": [7.59091, -6.90909, 6.75],
			"to": [8.59091, -5.90909, 8.75],
			"rotation": {"angle": 0, "axis": "x", "origin": [7.59091, 8.5, 5.5]},
			"faces": {
				"north": {"uv": [0.75, 5.5, 0.5, 5.75], "rotation": 180, "texture": "#main"},
				"east": {"uv": [0.5, 5.5, 1, 5.75], "rotation": 180, "texture": "#main"},
				"south": {"uv": [1, 5.5, 0.75, 5.75], "rotation": 180, "texture": "#main"},
				"west": {"uv": [0.5, 5.75, 1, 5.5], "texture": "#main"},
				"up": {"uv": [0.5, 5.75, 1, 5.5], "rotation": 90, "texture": "#main"},
				"down": {"uv": [1, 5.75, 0.5, 5.5], "rotation": 90, "texture": "#main"}
			}
		},
		{
			"name": "scythe_10",
			"from": [7.59091, -5.90909, 6.75],
			"to": [8.59091, -4.90909, 7.75],
			"rotation": {"angle": 0, "axis": "x", "origin": [7.59091, 8.5, 5.5]},
			"faces": {
				"north": {"uv": [0.75, 5.75, 0.5, 6], "rotation": 180, "texture": "#main"},
				"east": {"uv": [0.5, 5.75, 0.75, 6], "rotation": 180, "texture": "#main"},
				"south": {"uv": [0.75, 5.75, 0.5, 6], "rotation": 180, "texture": "#main"},
				"west": {"uv": [0.5, 6, 0.75, 5.75], "texture": "#main"},
				"up": {"uv": [0.5, 6, 0.75, 5.75], "rotation": 90, "texture": "#main"},
				"down": {"uv": [0.75, 6, 0.5, 5.75], "rotation": 90, "texture": "#main"}
			}
		},
		{
			"name": "scythe_0",
			"from": [7.59091, 7.75, 22.90909],
			"to": [8.59091, 16.75, 26.90909],
			"rotation": {"angle": 45, "axis": "x", "origin": [7.59091, 8.5, 5.5]},
			"faces": {
				"north": {"uv": [4, 5, 6, 4.75], "rotation": 270, "texture": "#main"},
				"east": {"uv": [4, 4, 6, 5], "rotation": 270, "texture": "#main"},
				"south": {"uv": [6, 4.25, 4, 4], "rotation": 90, "texture": "#main"},
				"west": {"uv": [4, 5, 6, 4], "rotation": 270, "texture": "#main"},
				"up": {"uv": [6, 4, 5.75, 5], "rotation": 180, "texture": "#main"},
				"down": {"uv": [4.25, 4, 4, 5], "texture": "#main"}
			}
		},
		{
			"name": "scythe_1",
			"from": [7.59091, 16.75, 21.90909],
			"to": [8.59091, 21.75, 25.90909],
			"rotation": {"angle": 45, "axis": "x", "origin": [7.59091, 8.5, 5.5]},
			"faces": {
				"north": {"uv": [6, 5.25, 7, 5], "rotation": 270, "texture": "#main"},
				"east": {"uv": [6, 4.25, 7, 5.25], "rotation": 270, "texture": "#main"},
				"south": {"uv": [7, 4.5, 6, 4.25], "rotation": 90, "texture": "#main"},
				"west": {"uv": [6, 5.25, 7, 4.25], "rotation": 270, "texture": "#main"},
				"up": {"uv": [7, 4.25, 6.75, 5.25], "rotation": 180, "texture": "#main"},
				"down": {"uv": [6.25, 4.25, 6, 5.25], "texture": "#main"}
			}
		},
		{
			"name": "scythe_2",
			"from": [7.59091, 21.75, 20.90909],
			"to": [8.59091, 23.75, 24.90909],
			"rotation": {"angle": 45, "axis": "x", "origin": [7.59091, 8.5, 5.5]},
			"faces": {
				"north": {"uv": [7, 5.5, 7.25, 5.25], "rotation": 270, "texture": "#main"},
				"east": {"uv": [7, 4.5, 7.25, 5.5], "rotation": 270, "texture": "#main"},
				"south": {"uv": [7.25, 4.75, 7, 4.5], "rotation": 90, "texture": "#main"},
				"west": {"uv": [7, 5.5, 7.25, 4.5], "rotation": 270, "texture": "#main"},
				"up": {"uv": [7.25, 4.5, 7, 5.5], "rotation": 180, "texture": "#main"},
				"down": {"uv": [7.25, 4.5, 7, 5.5], "texture": "#main"}
			}
		},
		{
			"name": "scythe_3",
			"from": [7.59091, 23.75, 19.90909],
			"to": [8.59091, 24.75, 23.90909],
			"rotation": {"angle": 45, "axis": "x", "origin": [7.59091, 8.5, 5.5]},
			"faces": {
				"north": {"uv": [7.25, 5.75, 7.5, 5.5], "rotation": 270, "texture": "#main"},
				"east": {"uv": [7.25, 4.75, 7.5, 5.75], "rotation": 270, "texture": "#main"},
				"south": {"uv": [7.5, 5, 7.25, 4.75], "rotation": 90, "texture": "#main"},
				"west": {"uv": [7.25, 5.75, 7.5, 4.75], "rotation": 270, "texture": "#main"},
				"up": {"uv": [7.5, 4.75, 7.25, 5.75], "rotation": 180, "texture": "#main"},
				"down": {"uv": [7.5, 4.75, 7.25, 5.75], "texture": "#main"}
			}
		},
		{
			"name": "scythe_4",
			"from": [7.59091, 7.75, -12.09091],
			"to": [8.59091, 9.75, 22.90909],
			"rotation": {"angle": 45, "axis": "x", "origin": [7.59091, 8.5, 5.5]},
			"faces": {
				"north": {"uv": [4, 8, 4.5, 7.75], "rotation": 270, "texture": "#main"},
				"east": {"uv": [4, 5, 4.5, 8], "rotation": 270, "texture": "#main"},
				"south": {"uv": [4.5, 5.25, 4, 5], "rotation": 90, "texture": "#main"},
				"west": {"uv": [4, 8, 4.5, 5], "rotation": 90, "texture": "#main"},
				"up": {"uv": [4.5, 5, 4.25, 8], "rotation": 180, "texture": "#main"},
				"down": {"uv": [4.25, 5, 4, 8], "texture": "#main"}
			}
		},
		{
			"name": "scythe_5",
			"from": [7.59091, 10.75, 20.90909],
			"to": [8.59091, 12.75, 22.90909],
			"rotation": {"angle": 45, "axis": "x", "origin": [7.59091, 8.5, 5.5]},
			"faces": {
				"north": {"uv": [4.75, 5.5, 5.25, 5.25], "rotation": 270, "texture": "#main"},
				"east": {"uv": [4.75, 5, 5.25, 5.5], "rotation": 270, "texture": "#main"},
				"south": {"uv": [5.25, 5.25, 4.75, 5], "rotation": 90, "texture": "#main"},
				"west": {"uv": [4.75, 5.5, 5.25, 5], "rotation": 270, "texture": "#main"},
				"up": {"uv": [5.25, 5, 5, 5.5], "rotation": 180, "texture": "#main"},
				"down": {"uv": [5, 5, 4.75, 5.5], "texture": "#main"}
			}
		},
		{
			"name": "scythe_6",
			"from": [7.59091, 12.75, 21.90909],
			"to": [8.59091, 16.75, 22.90909],
			"rotation": {"angle": 45, "axis": "x", "origin": [7.59091, 8.5, 5.5]},
			"faces": {
				"north": {"uv": [5.25, 5.25, 6, 5], "rotation": 270, "texture": "#main"},
				"east": {"uv": [5.25, 5, 6, 5.25], "rotation": 270, "texture": "#main"},
				"south": {"uv": [6, 5.25, 5.25, 5], "rotation": 90, "texture": "#main"},
				"west": {"uv": [5.25, 5.25, 6, 5], "rotation": 270, "texture": "#main"},
				"up": {"uv": [6, 5, 5.75, 5.25], "rotation": 180, "texture": "#main"},
				"down": {"uv": [5.5, 5, 5.25, 5.25], "texture": "#main"}
			}
		},
		{
			"name": "scythe_7",
			"from": [7.59091, 24.75, 18.90909],
			"to": [8.59091, 25.75, 22.90909],
			"rotation": {"angle": 45, "axis": "x", "origin": [7.59091, 8.5, 5.5]},
			"faces": {
				"north": {"uv": [7.5, 6, 7.75, 5.75], "rotation": 270, "texture": "#main"},
				"east": {"uv": [7.5, 5, 7.75, 6], "rotation": 270, "texture": "#main"},
				"south": {"uv": [7.75, 5.25, 7.5, 5], "rotation": 90, "texture": "#main"},
				"west": {"uv": [7.5, 6, 7.75, 5], "rotation": 270, "texture": "#main"},
				"up": {"uv": [7.75, 5, 7.5, 6], "rotation": 180, "texture": "#main"},
				"down": {"uv": [7.75, 5, 7.5, 6], "texture": "#main"}
			}
		},
		{
			"name": "scythe_8",
			"from": [7.59091, 17.75, 20.90909],
			"to": [8.59091, 21.75, 21.90909],
			"rotation": {"angle": 45, "axis": "x", "origin": [7.59091, 8.5, 5.5]},
			"faces": {
				"north": {"uv": [6.5, 5.5, 7, 5.25], "rotation": 270, "texture": "#main"},
				"east": {"uv": [6.5, 5.25, 7, 5.5], "rotation": 270, "texture": "#main"},
				"south": {"uv": [7, 5.5, 6.5, 5.25], "rotation": 90, "texture": "#main"},
				"west": {"uv": [6.5, 5.5, 7, 5.25], "rotation": 270, "texture": "#main"},
				"up": {"uv": [7, 5.25, 6.75, 5.5], "rotation": 180, "texture": "#main"},
				"down": {"uv": [6.75, 5.25, 6.5, 5.5], "texture": "#main"}
			}
		},
		{
			"name": "scythe_9",
			"from": [7.59091, 9.75, 19.90909],
			"to": [8.59091, 11.75, 20.90909],
			"rotation": {"angle": 45, "axis": "x", "origin": [7.59091, 8.5, 5.5]},
			"faces": {
				"north": {"uv": [4.5, 5.75, 5, 5.5], "rotation": 270, "texture": "#main"},
				"east": {"uv": [4.5, 5.5, 5, 5.75], "rotation": 270, "texture": "#main"},
				"south": {"uv": [5, 5.75, 4.5, 5.5], "rotation": 90, "texture": "#main"},
				"west": {"uv": [4.5, 5.75, 5, 5.5], "rotation": 270, "texture": "#main"},
				"up": {"uv": [5, 5.5, 4.75, 5.75], "rotation": 180, "texture": "#main"},
				"down": {"uv": [4.75, 5.5, 4.5, 5.75], "texture": "#main"}
			}
		},
		{
			"name": "scythe_10",
			"from": [7.59091, 9.75, 18.90909],
			"to": [8.59091, 10.75, 19.90909],
			"rotation": {"angle": 45, "axis": "x", "origin": [7.59091, 8.5, 5.5]},
			"faces": {
				"north": {"uv": [4.5, 6, 4.75, 5.75], "rotation": 270, "texture": "#main"},
				"east": {"uv": [4.5, 5.75, 4.75, 6], "rotation": 270, "texture": "#main"},
				"south": {"uv": [4.75, 6, 4.5, 5.75], "rotation": 90, "texture": "#main"},
				"west": {"uv": [4.5, 6, 4.75, 5.75], "rotation": 270, "texture": "#main"},
				"up": {"uv": [4.75, 5.75, 4.5, 6], "rotation": 180, "texture": "#main"},
				"down": {"uv": [4.75, 5.75, 4.5, 6], "texture": "#main"}
			}
		},
		{
			"name": "scythe_0",
			"from": [7.59091, 7.75, 22.90909],
			"to": [8.59091, 16.75, 26.90909],
			"rotation": {"angle": 0, "axis": "x", "origin": [7.59091, 8.5, 5.5]},
			"faces": {
				"north": {"uv": [8, 5, 10, 4.75], "rotation": 270, "texture": "#main"},
				"east": {"uv": [8, 4, 10, 5], "rotation": 270, "texture": "#main"},
				"south": {"uv": [10, 4.25, 8, 4], "rotation": 90, "texture": "#main"},
				"west": {"uv": [8, 5, 10, 4], "rotation": 270, "texture": "#main"},
				"up": {"uv": [10, 4, 9.75, 5], "rotation": 180, "texture": "#main"},
				"down": {"uv": [8.25, 4, 8, 5], "texture": "#main"}
			}
		},
		{
			"name": "scythe_1",
			"from": [7.59091, 16.75, 21.90909],
			"to": [8.59091, 21.75, 25.90909],
			"rotation": {"angle": 0, "axis": "x", "origin": [7.59091, 8.5, 5.5]},
			"faces": {
				"north": {"uv": [10, 5.25, 11, 5], "rotation": 270, "texture": "#main"},
				"east": {"uv": [10, 4.25, 11, 5.25], "rotation": 270, "texture": "#main"},
				"south": {"uv": [11, 4.5, 10, 4.25], "rotation": 90, "texture": "#main"},
				"west": {"uv": [10, 5.25, 11, 4.25], "rotation": 270, "texture": "#main"},
				"up": {"uv": [11, 4.25, 10.75, 5.25], "rotation": 180, "texture": "#main"},
				"down": {"uv": [10.25, 4.25, 10, 5.25], "texture": "#main"}
			}
		},
		{
			"name": "scythe_2",
			"from": [7.59091, 21.75, 20.90909],
			"to": [8.59091, 23.75, 24.90909],
			"rotation": {"angle": 0, "axis": "x", "origin": [7.59091, 8.5, 5.5]},
			"faces": {
				"north": {"uv": [11, 5.5, 11.25, 5.25], "rotation": 270, "texture": "#main"},
				"east": {"uv": [11, 4.5, 11.25, 5.5], "rotation": 270, "texture": "#main"},
				"south": {"uv": [11.25, 4.75, 11, 4.5], "rotation": 90, "texture": "#main"},
				"west": {"uv": [11, 5.5, 11.25, 4.5], "rotation": 270, "texture": "#main"},
				"up": {"uv": [11.25, 4.5, 11, 5.5], "rotation": 180, "texture": "#main"},
				"down": {"uv": [11.25, 4.5, 11, 5.5], "texture": "#main"}
			}
		},
		{
			"name": "scythe_3",
			"from": [7.59091, 23.75, 19.90909],
			"to": [8.59091, 24.75, 23.90909],
			"rotation": {"angle": 0, "axis": "x", "origin": [7.59091, 8.5, 5.5]},
			"faces": {
				"north": {"uv": [11.25, 5.75, 11.5, 5.5], "rotation": 270, "texture": "#main"},
				"east": {"uv": [11.25, 4.75, 11.5, 5.75], "rotation": 270, "texture": "#main"},
				"south": {"uv": [11.5, 5, 11.25, 4.75], "rotation": 90, "texture": "#main"},
				"west": {"uv": [11.25, 5.75, 11.5, 4.75], "rotation": 270, "texture": "#main"},
				"up": {"uv": [11.5, 4.75, 11.25, 5.75], "rotation": 180, "texture": "#main"},
				"down": {"uv": [11.5, 4.75, 11.25, 5.75], "texture": "#main"}
			}
		},
		{
			"name": "scythe_4",
			"from": [7.59091, 7.75, -12.09091],
			"to": [8.59091, 9.75, 22.90909],
			"rotation": {"angle": 0, "axis": "x", "origin": [7.59091, 8.5, 5.5]},
			"faces": {
				"north": {"uv": [8, 8, 8.5, 7.75], "rotation": 270, "texture": "#main"},
				"east": {"uv": [8, 5, 8.5, 8], "rotation": 270, "texture": "#main"},
				"south": {"uv": [8.5, 5.25, 8, 5], "rotation": 90, "texture": "#main"},
				"west": {"uv": [8, 8, 8.5, 5], "rotation": 90, "texture": "#main"},
				"up": {"uv": [8.5, 5, 8.25, 8], "rotation": 180, "texture": "#main"},
				"down": {"uv": [8.25, 5, 8, 8], "texture": "#main"}
			}
		},
		{
			"name": "scythe_5",
			"from": [7.59091, 10.75, 20.90909],
			"to": [8.59091, 12.75, 22.90909],
			"rotation": {"angle": 0, "axis": "x", "origin": [7.59091, 8.5, 5.5]},
			"faces": {
				"north": {"uv": [8.75, 5.5, 9.25, 5.25], "rotation": 270, "texture": "#main"},
				"east": {"uv": [8.75, 5, 9.25, 5.5], "rotation": 270, "texture": "#main"},
				"south": {"uv": [9.25, 5.25, 8.75, 5], "rotation": 90, "texture": "#main"},
				"west": {"uv": [8.75, 5.5, 9.25, 5], "rotation": 270, "texture": "#main"},
				"up": {"uv": [9.25, 5, 9, 5.5], "rotation": 180, "texture": "#main"},
				"down": {"uv": [9, 5, 8.75, 5.5], "texture": "#main"}
			}
		},
		{
			"name": "scythe_6",
			"from": [7.59091, 12.75, 21.90909],
			"to": [8.59091, 16.75, 22.90909],
			"rotation": {"angle": 0, "axis": "x", "origin": [7.59091, 8.5, 5.5]},
			"faces": {
				"north": {"uv": [9.25, 5.25, 10, 5], "rotation": 270, "texture": "#main"},
				"east": {"uv": [9.25, 5, 10, 5.25], "rotation": 270, "texture": "#main"},
				"south": {"uv": [10, 5.25, 9.25, 5], "rotation": 90, "texture": "#main"},
				"west": {"uv": [9.25, 5.25, 10, 5], "rotation": 270, "texture": "#main"},
				"up": {"uv": [10, 5, 9.75, 5.25], "rotation": 180, "texture": "#main"},
				"down": {"uv": [9.5, 5, 9.25, 5.25], "texture": "#main"}
			}
		},
		{
			"name": "scythe_7",
			"from": [7.59091, 24.75, 18.90909],
			"to": [8.59091, 25.75, 22.90909],
			"rotation": {"angle": 0, "axis": "x", "origin": [7.59091, 8.5, 5.5]},
			"faces": {
				"north": {"uv": [11.5, 6, 11.75, 5.75], "rotation": 270, "texture": "#main"},
				"east": {"uv": [11.5, 5, 11.75, 6], "rotation": 270, "texture": "#main"},
				"south": {"uv": [11.75, 5.25, 11.5, 5], "rotation": 90, "texture": "#main"},
				"west": {"uv": [11.5, 6, 11.75, 5], "rotation": 270, "texture": "#main"},
				"up": {"uv": [11.75, 5, 11.5, 6], "rotation": 180, "texture": "#main"},
				"down": {"uv": [11.75, 5, 11.5, 6], "texture": "#main"}
			}
		},
		{
			"name": "scythe_8",
			"from": [7.59091, 17.75, 20.90909],
			"to": [8.59091, 21.75, 21.90909],
			"rotation": {"angle": 0, "axis": "x", "origin": [7.59091, 8.5, 5.5]},
			"faces": {
				"north": {"uv": [10.5, 5.5, 11, 5.25], "rotation": 270, "texture": "#main"},
				"east": {"uv": [10.5, 5.25, 11, 5.5], "rotation": 270, "texture": "#main"},
				"south": {"uv": [11, 5.5, 10.5, 5.25], "rotation": 90, "texture": "#main"},
				"west": {"uv": [10.5, 5.5, 11, 5.25], "rotation": 270, "texture": "#main"},
				"up": {"uv": [11, 5.25, 10.75, 5.5], "rotation": 180, "texture": "#main"},
				"down": {"uv": [10.75, 5.25, 10.5, 5.5], "texture": "#main"}
			}
		},
		{
			"name": "scythe_9",
			"from": [7.59091, 9.75, 19.90909],
			"to": [8.59091, 11.75, 20.90909],
			"rotation": {"angle": 0, "axis": "x", "origin": [7.59091, 8.5, 5.5]},
			"faces": {
				"north": {"uv": [8.5, 5.75, 9, 5.5], "rotation": 270, "texture": "#main"},
				"east": {"uv": [8.5, 5.5, 9, 5.75], "rotation": 270, "texture": "#main"},
				"south": {"uv": [9, 5.75, 8.5, 5.5], "rotation": 90, "texture": "#main"},
				"west": {"uv": [8.5, 5.75, 9, 5.5], "rotation": 270, "texture": "#main"},
				"up": {"uv": [9, 5.5, 8.75, 5.75], "rotation": 180, "texture": "#main"},
				"down": {"uv": [8.75, 5.5, 8.5, 5.75], "texture": "#main"}
			}
		},
		{
			"name": "scythe_10",
			"from": [7.59091, 9.75, 18.90909],
			"to": [8.59091, 10.75, 19.90909],
			"rotation": {"angle": 0, "axis": "x", "origin": [7.59091, 8.5, 5.5]},
			"faces": {
				"north": {"uv": [8.5, 6, 8.75, 5.75], "rotation": 270, "texture": "#main"},
				"east": {"uv": [8.5, 5.75, 8.75, 6], "rotation": 270, "texture": "#main"},
				"south": {"uv": [8.75, 6, 8.5, 5.75], "rotation": 90, "texture": "#main"},
				"west": {"uv": [8.5, 6, 8.75, 5.75], "rotation": 270, "texture": "#main"},
				"up": {"uv": [8.75, 5.75, 8.5, 6], "rotation": 180, "texture": "#main"},
				"down": {"uv": [8.75, 5.75, 8.5, 6], "texture": "#main"}
			}
		},
		{
			"name": "scythe_0",
			"from": [7.59091, 7.75, 22.90909],
			"to": [8.59091, 16.75, 26.90909],
			"rotation": {"angle": -45, "axis": "x", "origin": [7.59091, 8.5, 5.5]},
			"faces": {
				"north": {"uv": [12, 5, 14, 4.75], "rotation": 270, "texture": "#main"},
				"east": {"uv": [12, 4, 14, 5], "rotation": 270, "texture": "#main"},
				"south": {"uv": [14, 4.25, 12, 4], "rotation": 90, "texture": "#main"},
				"west": {"uv": [12, 5, 14, 4], "rotation": 270, "texture": "#main"},
				"up": {"uv": [14, 4, 13.75, 5], "rotation": 180, "texture": "#main"},
				"down": {"uv": [12.25, 4, 12, 5], "texture": "#main"}
			}
		},
		{
			"name": "scythe_1",
			"from": [7.59091, 16.75, 21.90909],
			"to": [8.59091, 21.75, 25.90909],
			"rotation": {"angle": -45, "axis": "x", "origin": [7.59091, 8.5, 5.5]},
			"faces": {
				"north": {"uv": [14, 5.25, 15, 5], "rotation": 270, "texture": "#main"},
				"east": {"uv": [14, 4.25, 15, 5.25], "rotation": 270, "texture": "#main"},
				"south": {"uv": [15, 4.5, 14, 4.25], "rotation": 90, "texture": "#main"},
				"west": {"uv": [14, 5.25, 15, 4.25], "rotation": 270, "texture": "#main"},
				"up": {"uv": [15, 4.25, 14.75, 5.25], "rotation": 180, "texture": "#main"},
				"down": {"uv": [14.25, 4.25, 14, 5.25], "texture": "#main"}
			}
		},
		{
			"name": "scythe_2",
			"from": [7.59091, 21.75, 20.90909],
			"to": [8.59091, 23.75, 24.90909],
			"rotation": {"angle": -45, "axis": "x", "origin": [7.59091, 8.5, 5.5]},
			"faces": {
				"north": {"uv": [15, 5.5, 15.25, 5.25], "rotation": 270, "texture": "#main"},
				"east": {"uv": [15, 4.5, 15.25, 5.5], "rotation": 270, "texture": "#main"},
				"south": {"uv": [15.25, 4.75, 15, 4.5], "rotation": 90, "texture": "#main"},
				"west": {"uv": [15, 5.5, 15.25, 4.5], "rotation": 270, "texture": "#main"},
				"up": {"uv": [15.25, 4.5, 15, 5.5], "rotation": 180, "texture": "#main"},
				"down": {"uv": [15.25, 4.5, 15, 5.5], "texture": "#main"}
			}
		},
		{
			"name": "scythe_3",
			"from": [7.59091, 23.75, 19.90909],
			"to": [8.59091, 24.75, 23.90909],
			"rotation": {"angle": -45, "axis": "x", "origin": [7.59091, 8.5, 5.5]},
			"faces": {
				"north": {"uv": [15.25, 5.75, 15.5, 5.5], "rotation": 270, "texture": "#main"},
				"east": {"uv": [15.25, 4.75, 15.5, 5.75], "rotation": 270, "texture": "#main"},
				"south": {"uv": [15.5, 5, 15.25, 4.75], "rotation": 90, "texture": "#main"},
				"west": {"uv": [15.25, 5.75, 15.5, 4.75], "rotation": 270, "texture": "#main"},
				"up": {"uv": [15.5, 4.75, 15.25, 5.75], "rotation": 180, "texture": "#main"},
				"down": {"uv": [15.5, 4.75, 15.25, 5.75], "texture": "#main"}
			}
		},
		{
			"name": "scythe_4",
			"from": [7.59091, 7.75, -12.09091],
			"to": [8.59091, 9.75, 22.90909],
			"rotation": {"angle": -45, "axis": "x", "origin": [7.59091, 8.5, 5.5]},
			"faces": {
				"north": {"uv": [12, 8, 12.5, 7.75], "rotation": 270, "texture": "#main"},
				"east": {"uv": [12, 5, 12.5, 8], "rotation": 270, "texture": "#main"},
				"south": {"uv": [12.5, 5.25, 12, 5], "rotation": 90, "texture": "#main"},
				"west": {"uv": [12, 8, 12.5, 5], "rotation": 90, "texture": "#main"},
				"up": {"uv": [12.5, 5, 12.25, 8], "rotation": 180, "texture": "#main"},
				"down": {"uv": [12.25, 5, 12, 8], "texture": "#main"}
			}
		},
		{
			"name": "scythe_5",
			"from": [7.59091, 10.75, 20.90909],
			"to": [8.59091, 12.75, 22.90909],
			"rotation": {"angle": -45, "axis": "x", "origin": [7.59091, 8.5, 5.5]},
			"faces": {
				"north": {"uv": [12.75, 5.5, 13.25, 5.25], "rotation": 270, "texture": "#main"},
				"east": {"uv": [12.75, 5, 13.25, 5.5], "rotation": 270, "texture": "#main"},
				"south": {"uv": [13.25, 5.25, 12.75, 5], "rotation": 90, "texture": "#main"},
				"west": {"uv": [12.75, 5.5, 13.25, 5], "rotation": 270, "texture": "#main"},
				"up": {"uv": [13.25, 5, 13, 5.5], "rotation": 180, "texture": "#main"},
				"down": {"uv": [13, 5, 12.75, 5.5], "texture": "#main"}
			}
		},
		{
			"name": "scythe_6",
			"from": [7.59091, 12.75, 21.90909],
			"to": [8.59091, 16.75, 22.90909],
			"rotation": {"angle": -45, "axis": "x", "origin": [7.59091, 8.5, 5.5]},
			"faces": {
				"north": {"uv": [13.25, 5.25, 14, 5], "rotation": 270, "texture": "#main"},
				"east": {"uv": [13.25, 5, 14, 5.25], "rotation": 270, "texture": "#main"},
				"south": {"uv": [14, 5.25, 13.25, 5], "rotation": 90, "texture": "#main"},
				"west": {"uv": [13.25, 5.25, 14, 5], "rotation": 270, "texture": "#main"},
				"up": {"uv": [14, 5, 13.75, 5.25], "rotation": 180, "texture": "#main"},
				"down": {"uv": [13.5, 5, 13.25, 5.25], "texture": "#main"}
			}
		},
		{
			"name": "scythe_7",
			"from": [7.59091, 24.75, 18.90909],
			"to": [8.59091, 25.75, 22.90909],
			"rotation": {"angle": -45, "axis": "x", "origin": [7.59091, 8.5, 5.5]},
			"faces": {
				"north": {"uv": [15.5, 6, 15.75, 5.75], "rotation": 270, "texture": "#main"},
				"east": {"uv": [15.5, 5, 15.75, 6], "rotation": 270, "texture": "#main"},
				"south": {"uv": [15.75, 5.25, 15.5, 5], "rotation": 90, "texture": "#main"},
				"west": {"uv": [15.5, 6, 15.75, 5], "rotation": 270, "texture": "#main"},
				"up": {"uv": [15.75, 5, 15.5, 6], "rotation": 180, "texture": "#main"},
				"down": {"uv": [15.75, 5, 15.5, 6], "texture": "#main"}
			}
		},
		{
			"name": "scythe_8",
			"from": [7.59091, 17.75, 20.90909],
			"to": [8.59091, 21.75, 21.90909],
			"rotation": {"angle": -45, "axis": "x", "origin": [7.59091, 8.5, 5.5]},
			"faces": {
				"north": {"uv": [14.5, 5.5, 15, 5.25], "rotation": 270, "texture": "#main"},
				"east": {"uv": [14.5, 5.25, 15, 5.5], "rotation": 270, "texture": "#main"},
				"south": {"uv": [15, 5.5, 14.5, 5.25], "rotation": 90, "texture": "#main"},
				"west": {"uv": [14.5, 5.5, 15, 5.25], "rotation": 270, "texture": "#main"},
				"up": {"uv": [15, 5.25, 14.75, 5.5], "rotation": 180, "texture": "#main"},
				"down": {"uv": [14.75, 5.25, 14.5, 5.5], "texture": "#main"}
			}
		},
		{
			"name": "scythe_9",
			"from": [7.59091, 9.75, 19.90909],
			"to": [8.59091, 11.75, 20.90909],
			"rotation": {"angle": -45, "axis": "x", "origin": [7.59091, 8.5, 5.5]},
			"faces": {
				"north": {"uv": [12.5, 5.75, 13, 5.5], "rotation": 270, "texture": "#main"},
				"east": {"uv": [12.5, 5.5, 13, 5.75], "rotation": 270, "texture": "#main"},
				"south": {"uv": [13, 5.75, 12.5, 5.5], "rotation": 90, "texture": "#main"},
				"west": {"uv": [12.5, 5.75, 13, 5.5], "rotation": 270, "texture": "#main"},
				"up": {"uv": [13, 5.5, 12.75, 5.75], "rotation": 180, "texture": "#main"},
				"down": {"uv": [12.75, 5.5, 12.5, 5.75], "texture": "#main"}
			}
		},
		{
			"name": "scythe_10",
			"from": [7.59091, 9.75, 18.90909],
			"to": [8.59091, 10.75, 19.90909],
			"rotation": {"angle": -45, "axis": "x", "origin": [7.59091, 8.5, 5.5]},
			"faces": {
				"north": {"uv": [12.5, 6, 12.75, 5.75], "rotation": 270, "texture": "#main"},
				"east": {"uv": [12.5, 5.75, 12.75, 6], "rotation": 270, "texture": "#main"},
				"south": {"uv": [12.75, 6, 12.5, 5.75], "rotation": 90, "texture": "#main"},
				"west": {"uv": [12.5, 6, 12.75, 5.75], "rotation": 270, "texture": "#main"},
				"up": {"uv": [12.75, 5.75, 12.5, 6], "rotation": 180, "texture": "#main"},
				"down": {"uv": [12.75, 5.75, 12.5, 6], "texture": "#main"}
			}
		},
		{
			"name": "scythe_0",
			"from": [7.59091, 25.90909, -2.75],
			"to": [8.59091, 29.90909, 6.25],
			"rotation": {"angle": 0, "axis": "x", "origin": [7.59091, 8.5, 5.5]},
			"faces": {
				"north": {"uv": [2, 0, 1.75, 1], "texture": "#main"},
				"east": {"uv": [0, 0, 2, 1], "texture": "#main"},
				"south": {"uv": [0.25, 0, 0, 1], "texture": "#main"},
				"west": {"uv": [0, 1, 2, 0], "rotation": 180, "texture": "#main"},
				"up": {"uv": [2, 0.25, 0, 0], "rotation": 90, "texture": "#main"},
				"down": {"uv": [0, 1, 2, 0.75], "rotation": 90, "texture": "#main"}
			}
		},
		{
			"name": "scythe_1",
			"from": [7.59091, 24.90909, -7.75],
			"to": [8.59091, 28.90909, -2.75],
			"rotation": {"angle": 0, "axis": "x", "origin": [7.59091, 8.5, 5.5]},
			"faces": {
				"north": {"uv": [3, 0.25, 2.75, 1.25], "texture": "#main"},
				"east": {"uv": [2, 0.25, 3, 1.25], "texture": "#main"},
				"south": {"uv": [2.25, 0.25, 2, 1.25], "texture": "#main"},
				"west": {"uv": [2, 1.25, 3, 0.25], "rotation": 180, "texture": "#main"},
				"up": {"uv": [3, 0.5, 2, 0.25], "rotation": 90, "texture": "#main"},
				"down": {"uv": [2, 1.25, 3, 1], "rotation": 90, "texture": "#main"}
			}
		},
		{
			"name": "scythe_2",
			"from": [7.59091, 23.90909, -9.75],
			"to": [8.59091, 27.90909, -7.75],
			"rotation": {"angle": 0, "axis": "x", "origin": [7.59091, 8.5, 5.5]},
			"faces": {
				"north": {"uv": [3.25, 0.5, 3, 1.5], "texture": "#main"},
				"east": {"uv": [3, 0.5, 3.25, 1.5], "texture": "#main"},
				"south": {"uv": [3.25, 0.5, 3, 1.5], "texture": "#main"},
				"west": {"uv": [3, 1.5, 3.25, 0.5], "rotation": 180, "texture": "#main"},
				"up": {"uv": [3.25, 0.75, 3, 0.5], "rotation": 90, "texture": "#main"},
				"down": {"uv": [3, 1.5, 3.25, 1.25], "rotation": 90, "texture": "#main"}
			}
		},
		{
			"name": "scythe_3",
			"from": [7.59091, 22.90909, -10.75],
			"to": [8.59091, 26.90909, -9.75],
			"rotation": {"angle": 0, "axis": "x", "origin": [7.59091, 8.5, 5.5]},
			"faces": {
				"north": {"uv": [3.5, 0.75, 3.25, 1.75], "texture": "#main"},
				"east": {"uv": [3.25, 0.75, 3.5, 1.75], "texture": "#main"},
				"south": {"uv": [3.5, 0.75, 3.25, 1.75], "texture": "#main"},
				"west": {"uv": [3.25, 1.75, 3.5, 0.75], "rotation": 180, "texture": "#main"},
				"up": {"uv": [3.5, 1, 3.25, 0.75], "rotation": 90, "texture": "#main"},
				"down": {"uv": [3.25, 1.75, 3.5, 1.5], "rotation": 90, "texture": "#main"}
			}
		},
		{
			"name": "scythe_4",
			"from": [7.59091, -9.09091, 4.25],
			"to": [8.59091, 25.90909, 6.25],
			"rotation": {"angle": 0, "axis": "x", "origin": [7.59091, 8.5, 5.5]},
			"faces": {
				"north": {"uv": [0.5, 1, 0.25, 4], "texture": "#main"},
				"east": {"uv": [0, 1, 0.5, 4], "texture": "#main"},
				"south": {"uv": [0.25, 1, 0, 4], "texture": "#main"},
				"west": {"uv": [0, 4, 0.5, 1], "texture": "#main"},
				"up": {"uv": [0.5, 1.25, 0, 1], "rotation": 90, "texture": "#main"},
				"down": {"uv": [0, 4, 0.5, 3.75], "rotation": 90, "texture": "#main"}
			}
		},
		{
			"name": "scythe_5",
			"from": [7.59091, 23.90909, 1.25],
			"to": [8.59091, 25.90909, 3.25],
			"rotation": {"angle": 0, "axis": "x", "origin": [7.59091, 8.5, 5.5]},
			"faces": {
				"north": {"uv": [1.25, 1, 1, 1.5], "texture": "#main"},
				"east": {"uv": [0.75, 1, 1.25, 1.5], "texture": "#main"},
				"south": {"uv": [1, 1, 0.75, 1.5], "texture": "#main"},
				"west": {"uv": [0.75, 1.5, 1.25, 1], "rotation": 180, "texture": "#main"},
				"up": {"uv": [1.25, 1.25, 0.75, 1], "rotation": 90, "texture": "#main"},
				"down": {"uv": [0.75, 1.5, 1.25, 1.25], "rotation": 90, "texture": "#main"}
			}
		},
		{
			"name": "scythe_6",
			"from": [7.59091, 24.90909, -2.75],
			"to": [8.59091, 25.90909, 1.25],
			"rotation": {"angle": 0, "axis": "x", "origin": [7.59091, 8.5, 5.5]},
			"faces": {
				"north": {"uv": [2, 1, 1.75, 1.25], "texture": "#main"},
				"east": {"uv": [1.25, 1, 2, 1.25], "texture": "#main"},
				"south": {"uv": [1.5, 1, 1.25, 1.25], "texture": "#main"},
				"west": {"uv": [1.25, 1.25, 2, 1], "rotation": 180, "texture": "#main"},
				"up": {"uv": [2, 1.25, 1.25, 1], "rotation": 90, "texture": "#main"},
				"down": {"uv": [1.25, 1.25, 2, 1], "rotation": 90, "texture": "#main"}
			}
		},
		{
			"name": "scythe_7",
			"from": [7.59091, 21.90909, -11.75],
			"to": [8.59091, 25.90909, -10.75],
			"rotation": {"angle": 0, "axis": "x", "origin": [7.59091, 8.5, 5.5]},
			"faces": {
				"north": {"uv": [3.75, 1, 3.5, 2], "texture": "#main"},
				"east": {"uv": [3.5, 1, 3.75, 2], "texture": "#main"},
				"south": {"uv": [3.75, 1, 3.5, 2], "texture": "#main"},
				"west": {"uv": [3.5, 2, 3.75, 1], "rotation": 180, "texture": "#main"},
				"up": {"uv": [3.75, 1.25, 3.5, 1], "rotation": 90, "texture": "#main"},
				"down": {"uv": [3.5, 2, 3.75, 1.75], "rotation": 90, "texture": "#main"}
			}
		},
		{
			"name": "scythe_8",
			"from": [7.59091, 23.90909, -7.75],
			"to": [8.59091, 24.90909, -3.75],
			"rotation": {"angle": 0, "axis": "x", "origin": [7.59091, 8.5, 5.5]},
			"faces": {
				"north": {"uv": [3, 1.25, 2.75, 1.5], "texture": "#main"},
				"east": {"uv": [2.5, 1.25, 3, 1.5], "texture": "#main"},
				"south": {"uv": [2.75, 1.25, 2.5, 1.5], "texture": "#main"},
				"west": {"uv": [2.5, 1.5, 3, 1.25], "rotation": 180, "texture": "#main"},
				"up": {"uv": [3, 1.5, 2.5, 1.25], "rotation": 90, "texture": "#main"},
				"down": {"uv": [2.5, 1.5, 3, 1.25], "rotation": 90, "texture": "#main"}
			}
		},
		{
			"name": "scythe_9",
			"from": [7.59091, 22.90909, 2.25],
			"to": [8.59091, 23.90909, 4.25],
			"rotation": {"angle": 0, "axis": "x", "origin": [7.59091, 8.5, 5.5]},
			"faces": {
				"north": {"uv": [1, 1.5, 0.75, 1.75], "texture": "#main"},
				"east": {"uv": [0.5, 1.5, 1, 1.75], "texture": "#main"},
				"south": {"uv": [0.75, 1.5, 0.5, 1.75], "texture": "#main"},
				"west": {"uv": [0.5, 1.75, 1, 1.5], "rotation": 180, "texture": "#main"},
				"up": {"uv": [1, 1.75, 0.5, 1.5], "rotation": 90, "texture": "#main"},
				"down": {"uv": [0.5, 1.75, 1, 1.5], "rotation": 90, "texture": "#main"}
			}
		},
		{
			"name": "scythe_10",
			"from": [7.59091, 21.90909, 3.25],
			"to": [8.59091, 22.90909, 4.25],
			"rotation": {"angle": 0, "axis": "x", "origin": [7.59091, 8.5, 5.5]},
			"faces": {
				"north": {"uv": [0.75, 1.75, 0.5, 2], "texture": "#main"},
				"east": {"uv": [0.5, 1.75, 0.75, 2], "texture": "#main"},
				"south": {"uv": [0.75, 1.75, 0.5, 2], "texture": "#main"},
				"west": {"uv": [0.5, 2, 0.75, 1.75], "rotation": 180, "texture": "#main"},
				"up": {"uv": [0.75, 2, 0.5, 1.75], "rotation": 90, "texture": "#main"},
				"down": {"uv": [0.5, 2, 0.75, 1.75], "rotation": 90, "texture": "#main"}
			}
		}
	],
	"display": {
		"head": {
			"rotation": [0, 0, 27.75],
			"translation": [0, -17, 3],
			"scale": [1.6, 1.6, 1.6]
		}
	},
	"groups": [
		0,
		1,
		2,
		3,
		4,
		5,
		6,
		7,
		8,
		9,
		10,
		11,
		12,
		13,
		14,
		15,
		16,
		17,
		18,
		19,
		20,
		21,
		22,
		23,
		24,
		25,
		26,
		27,
		28,
		29,
		30,
		31,
		32,
		33,
		34,
		35,
		36,
		37,
		38,
		39,
		40,
		41,
		42,
		43,
		44,
		45,
		46,
		47,
		48,
		49,
		50,
		51,
		52,
		53,
		54,
		55,
		56,
		57,
		58,
		59,
		60,
		61,
		62,
		63,
		64,
		65,
		66,
		67,
		68,
		69,
		70,
		71,
		72,
		73,
		74,
		75,
		76,
		{
			"name": "scythe",
			"origin": [8, 8, 8],
			"color": 0,
			"children": [77, 78, 79, 80, 81, 82, 83, 84, 85, 86, 87]
		},
		{
			"name": "shoulders",
			"origin": [10.79672, 13.69549, 16.62132],
			"color": 0,
			"children": []
		},
		{
			"name": "body",
			"origin": [17.74474, -3.32415, 9.5],
			"color": 0,
			"children": []
		},
		{
			"name": "left hand",
			"origin": [18.68834, -2.24002, -6.9717],
			"color": 0,
			"children": []
		},
		{
			"name": "head",
			"origin": [10.49618, 13.69549, 16.74264],
			"color": 0,
			"children": []
		}
	]
}