{
	"credit": "Made with Blockbench",
	"texture_size": [64, 64],
	"textures": {
		"main": "nw:stand/base/anim/gold_experience_kick"
	},
	"elements": [
		{
			"name": "Head",
			"from": [4, 13, 4],
			"to": [12, 21, 12],
			"rotation": {"angle": 0, "axis": "y", "origin": [8, 13.54545, 8]},
			"faces": {
				"north": {"uv": [9, 1, 10, 2], "texture": "#main"},
				"east": {"uv": [8, 1, 9, 2], "texture": "#main"},
				"south": {"uv": [11, 1, 12, 2], "texture": "#main"},
				"west": {"uv": [10, 1, 11, 2], "texture": "#main"},
				"up": {"uv": [10, 1, 9, 0], "texture": "#main"},
				"down": {"uv": [11, 0, 10, 1], "texture": "#main"}
			}
		},
		{
			"name": "Hat Layer",
			"from": [3.5, 12.5, 3.5],
			"to": [12.5, 21.5, 12.5],
			"rotation": {"angle": 0, "axis": "y", "origin": [8, 13.54545, 8]},
			"faces": {
				"north": {"uv": [13, 1, 14, 2], "texture": "#main"},
				"east": {"uv": [12, 1, 13, 2], "texture": "#main"},
				"south": {"uv": [15, 1, 16, 2], "texture": "#main"},
				"west": {"uv": [14, 1, 15, 2], "texture": "#main"},
				"up": {"uv": [14, 1, 13, 0], "texture": "#main"},
				"down": {"uv": [15, 0, 14, 1], "texture": "#main"}
			}
		},
		{
			"name": "Body",
			"from": [4, 7, 6],
			"to": [12, 13, 10],
			"rotation": {"angle": 22.5, "axis": "y", "origin": [8, 13.54545, 8]},
			"faces": {
				"north": {"uv": [10.5, 2.5, 11.5, 3.25], "texture": "#main"},
				"east": {"uv": [10, 2.5, 10.5, 3.25], "texture": "#main"},
				"south": {"uv": [12, 2.5, 13, 3.25], "texture": "#main"},
				"west": {"uv": [11.5, 2.5, 12, 3.25], "texture": "#main"},
				"up": {"uv": [11.5, 2.5, 10.5, 2], "texture": "#main"},
				"down": {"uv": [12.5, 2, 11.5, 2.5], "texture": "#main"}
			}
		},
		{
			"name": "Body Layer",
			"from": [3.75, 6.75, 5.75],
			"to": [12.25, 13.25, 10.25],
			"rotation": {"angle": 22.5, "axis": "y", "origin": [8, 13.54545, 8]},
			"faces": {
				"north": {"uv": [10.5, 4.5, 11.5, 5.25], "texture": "#main"},
				"east": {"uv": [10, 4.5, 10.5, 5.25], "texture": "#main"},
				"south": {"uv": [12, 4.5, 13, 5.25], "texture": "#main"},
				"west": {"uv": [11.5, 4.5, 12, 5.25], "texture": "#main"},
				"up": {"uv": [11.5, 4.5, 10.5, 4], "texture": "#main"},
				"down": {"uv": [12.5, 4, 11.5, 4.5], "texture": "#main"}
			}
		},
		{
			"name": "Body",
			"from": [4, 1, 6],
			"to": [12, 7, 10],
			"rotation": {"angle": 45, "axis": "y", "origin": [8, 13.54545, 8]},
			"faces": {
				"north": {"uv": [10.5, 3.25, 11.5, 4], "texture": "#main"},
				"east": {"uv": [10, 3.25, 10.5, 4], "texture": "#main"},
				"south": {"uv": [12, 3.25, 13, 4], "texture": "#main"},
				"west": {"uv": [11.5, 3.25, 12, 4], "texture": "#main"},
				"up": {"uv": [11.5, 2.5, 10.5, 2], "texture": "#main"},
				"down": {"uv": [12.5, 2, 11.5, 2.5], "texture": "#main"}
			}
		},
		{
			"name": "Body Layer",
			"from": [3.75, 0.75, 5.75],
			"to": [12.25, 7.25, 10.25],
			"rotation": {"angle": 45, "axis": "y", "origin": [8, 13.54545, 8]},
			"faces": {
				"north": {"uv": [10.5, 5.25, 11.5, 6], "texture": "#main"},
				"east": {"uv": [10, 5.25, 10.5, 6], "texture": "#main"},
				"south": {"uv": [12, 5.25, 13, 6], "texture": "#main"},
				"west": {"uv": [11.5, 5.25, 12, 6], "texture": "#main"},
				"up": {"uv": [11.5, 4.5, 10.5, 4], "texture": "#main"},
				"down": {"uv": [12.5, 4, 11.5, 4.5], "texture": "#main"}
			}
		},
		{
			"name": "Right Arm",
			"from": [9, 4, 4],
			"to": [12, 10, 8],
			"rotation": {"angle": 45, "axis": "z", "origin": [8, 12.54545, 2]},
			"faces": {
				"north": {"uv": [13.5, 2.5, 13.875, 3.25], "texture": "#main"},
				"east": {"uv": [13, 2.5, 13.5, 3.25], "texture": "#main"},
				"south": {"uv": [14.375, 2.5, 14.75, 3.25], "texture": "#main"},
				"west": {"uv": [13.875, 2.5, 14.375, 3.25], "texture": "#main"},
				"up": {"uv": [13.875, 2.5, 13.5, 2], "texture": "#main"},
				"down": {"uv": [8.375, 0, 8, 0.5], "texture": "#main"}
			}
		},
		{
			"name": "Right Arm Layer",
			"from": [8.75, 3.75, 3.75],
			"to": [12.25, 10.25, 8.25],
			"rotation": {"angle": 45, "axis": "z", "origin": [8, 12.54545, 2]},
			"faces": {
				"north": {"uv": [13.5, 4.5, 13.875, 5.25], "texture": "#main"},
				"east": {"uv": [13, 4.5, 13.5, 5.25], "texture": "#main"},
				"south": {"uv": [14.375, 4.5, 14.75, 5.25], "texture": "#main"},
				"west": {"uv": [13.875, 4.5, 14.375, 5.25], "texture": "#main"},
				"up": {"uv": [13.875, 4.5, 13.5, 4], "texture": "#main"},
				"down": {"uv": [8.375, 0, 8, 0.5], "texture": "#main"}
			}
		},
		{
			"name": "Right Arm",
			"from": [9, -2, 4],
			"to": [12, 4, 8],
			"rotation": {"angle": 45, "axis": "z", "origin": [8, 12.54545, 2]},
			"faces": {
				"north": {"uv": [13.5, 3.25, 13.875, 4], "texture": "#main"},
				"east": {"uv": [13, 3.25, 13.5, 4], "texture": "#main"},
				"south": {"uv": [14.375, 3.25, 14.75, 4], "texture": "#main"},
				"west": {"uv": [13.875, 3.25, 14.375, 4], "texture": "#main"},
				"up": {"uv": [8.375, 0.5, 8, 0], "texture": "#main"},
				"down": {"uv": [14.25, 2, 13.875, 2.5], "texture": "#main"}
			}
		},
		{
			"name": "Right Arm Layer",
			"from": [8.75, -2.25, 3.75],
			"to": [12.25, 4.25, 8.25],
			"rotation": {"angle": 45, "axis": "z", "origin": [8, 12.54545, 2]},
			"faces": {
				"north": {"uv": [13.5, 5.25, 13.875, 6], "texture": "#main"},
				"east": {"uv": [13, 5.25, 13.5, 6], "texture": "#main"},
				"south": {"uv": [14.375, 5.25, 14.75, 6], "texture": "#main"},
				"west": {"uv": [13.875, 5.25, 14.375, 6], "texture": "#main"},
				"up": {"uv": [8.375, 0.5, 8, 0], "texture": "#main"},
				"down": {"uv": [14.25, 4, 13.875, 4.5], "texture": "#main"}
			}
		},
		{
			"name": "Left Arm",
			"from": [-1.54545, 9.54545, 8],
			"to": [4.45455, 13.54545, 11],
			"rotation": {"angle": 22.5, "axis": "z", "origin": [4, 11.54545, 9]},
			"faces": {
				"north": {"uv": [12, 6.5, 12.5, 7.25], "rotation": 270, "texture": "#main"},
				"east": {"uv": [12.875, 6.5, 12.5, 6], "texture": "#main"},
				"south": {"uv": [12.875, 6.5, 13.375, 7.25], "rotation": 90, "texture": "#main"},
				"west": {"uv": [8.375, 0, 8, 0.5], "rotation": 180, "texture": "#main"},
				"up": {"uv": [12.5, 6.5, 12.875, 7.25], "rotation": 90, "texture": "#main"},
				"down": {"uv": [13.375, 6.5, 13.75, 7.25], "rotation": 90, "texture": "#main"}
			}
		},
		{
			"name": "Left Arm Layer",
			"from": [-1.79545, 9.29545, 7.75],
			"to": [4.70455, 13.79545, 11.25],
			"rotation": {"angle": 22.5, "axis": "z", "origin": [4, 11.54545, 9]},
			"faces": {
				"north": {"uv": [14, 6.5, 14.5, 7.25], "rotation": 270, "texture": "#main"},
				"east": {"uv": [14.875, 6.5, 14.5, 6], "texture": "#main"},
				"south": {"uv": [14.875, 6.5, 15.375, 7.25], "rotation": 90, "texture": "#main"},
				"west": {"uv": [8.375, 0, 8, 0.5], "rotation": 180, "texture": "#main"},
				"up": {"uv": [14.5, 6.5, 14.875, 7.25], "rotation": 90, "texture": "#main"},
				"down": {"uv": [15.375, 6.5, 15.75, 7.25], "rotation": 90, "texture": "#main"}
			}
		},
		{
			"name": "Left Arm",
			"from": [-6.01472, 5.30115, 8],
			"to": [-0.01472, 9.30115, 11],
			"rotation": {"angle": -22.5, "axis": "z", "origin": [5.53073, 7.30115, 9]},
			"faces": {
				"north": {"uv": [12, 7.25, 12.5, 8], "rotation": 270, "texture": "#main"},
				"east": {"uv": [8.375, 0.5, 8, 0], "texture": "#main"},
				"south": {"uv": [12.875, 7.25, 13.375, 8], "rotation": 90, "texture": "#main"},
				"west": {"uv": [13.25, 6, 12.875, 6.5], "rotation": 180, "texture": "#main"},
				"up": {"uv": [12.5, 7.25, 12.875, 8], "rotation": 90, "texture": "#main"},
				"down": {"uv": [13.375, 7.25, 13.75, 8], "rotation": 90, "texture": "#main"}
			}
		},
		{
			"name": "Left Arm Layer",
			"from": [-6.26472, 5.05115, 7.75],
			"to": [0.23528, 9.55115, 11.25],
			"rotation": {"angle": -22.5, "axis": "z", "origin": [5.53073, 7.30115, 9]},
			"faces": {
				"north": {"uv": [14, 7.25, 14.5, 8], "rotation": 270, "texture": "#main"},
				"east": {"uv": [8.375, 0.5, 8, 0], "texture": "#main"},
				"south": {"uv": [14.875, 7.25, 15.375, 8], "rotation": 90, "texture": "#main"},
				"west": {"uv": [15.25, 6, 14.875, 6.5], "rotation": 180, "texture": "#main"},
				"up": {"uv": [14.5, 7.25, 14.875, 8], "rotation": 90, "texture": "#main"},
				"down": {"uv": [15.375, 7.25, 15.75, 8], "rotation": 90, "texture": "#main"}
			}
		},
		{
			"name": "Right Leg",
			"from": [8, -1.73938, 0.37131],
			"to": [12, 2.26062, 6.37131],
			"rotation": {"angle": -22.5, "axis": "x", "origin": [10, -0.44649, 5.32106]},
			"faces": {
				"north": {"uv": [9.5, 2, 9, 2.5], "rotation": 270, "texture": "#main"},
				"east": {"uv": [9.5, 2.5, 10, 3.25], "rotation": 270, "texture": "#main"},
				"south": {"uv": [9, 2.5, 8.5, 2], "rotation": 270, "texture": "#main"},
				"west": {"uv": [8.5, 2.5, 9, 3.25], "rotation": 90, "texture": "#main"},
				"up": {"uv": [8, 2.5, 8.5, 3.25], "rotation": 180, "texture": "#main"},
				"down": {"uv": [9, 2.5, 9.5, 3.25], "texture": "#main"}
			}
		},
		{
			"name": "Right Leg Layer",
			"from": [7.75, -1.98938, 0.12131],
			"to": [12.25, 2.51062, 6.62131],
			"rotation": {"angle": -22.5, "axis": "x", "origin": [10, -0.44649, 5.32106]},
			"faces": {
				"north": {"uv": [8.5, 0, 8, 0.5], "rotation": 270, "texture": "#main"},
				"east": {"uv": [9.5, 4.5, 10, 5.25], "rotation": 270, "texture": "#main"},
				"south": {"uv": [9, 4.5, 8.5, 4], "rotation": 270, "texture": "#main"},
				"west": {"uv": [8.5, 4.5, 9, 5.25], "rotation": 90, "texture": "#main"},
				"up": {"uv": [8, 4.5, 8.5, 5.25], "rotation": 180, "texture": "#main"},
				"down": {"uv": [9, 4.5, 9.5, 5.25], "texture": "#main"}
			}
		},
		{
			"name": "Right Leg",
			"from": [8, -1.73938, -5.62869],
			"to": [12, 2.26062, 0.37131],
			"rotation": {"angle": -22.5, "axis": "x", "origin": [10, -0.44649, 5.32106]},
			"faces": {
				"north": {"uv": [9.5, 2, 9, 2.5], "rotation": 270, "texture": "#main"},
				"east": {"uv": [9.5, 3.25, 10, 4], "rotation": 270, "texture": "#main"},
				"south": {"uv": [8.5, 0.5, 8, 0], "rotation": 270, "texture": "#main"},
				"west": {"uv": [8.5, 3.25, 9, 4], "rotation": 90, "texture": "#main"},
				"up": {"uv": [8, 3.25, 8.5, 4], "rotation": 180, "texture": "#main"},
				"down": {"uv": [9, 3.25, 9.5, 4], "texture": "#main"}
			}
		},
		{
			"name": "Right Leg Layer",
			"from": [7.75, -1.98938, -5.87869],
			"to": [12.25, 2.51062, 0.62131],
			"rotation": {"angle": -22.5, "axis": "x", "origin": [10, -0.44649, 5.32106]},
			"faces": {
				"north": {"uv": [9.5, 4, 9, 4.5], "rotation": 270, "texture": "#main"},
				"east": {"uv": [9.5, 5.25, 10, 6], "rotation": 270, "texture": "#main"},
				"south": {"uv": [8.5, 0.5, 8, 0], "rotation": 270, "texture": "#main"},
				"west": {"uv": [8.5, 5.25, 9, 6], "rotation": 90, "texture": "#main"},
				"up": {"uv": [8, 5.25, 8.5, 6], "rotation": 180, "texture": "#main"},
				"down": {"uv": [9, 5.25, 9.5, 6], "texture": "#main"}
			}
		},
		{
			"name": "Left Leg",
			"from": [4.1, -5, 6],
			"to": [8.1, 1, 10],
			"rotation": {"angle": 0, "axis": "y", "origin": [8, 0.54545, 8]},
			"faces": {
				"north": {"uv": [10.5, 6.5, 11, 7.25], "texture": "#main"},
				"east": {"uv": [10, 6.5, 10.5, 7.25], "texture": "#main"},
				"south": {"uv": [11.5, 6.5, 12, 7.25], "texture": "#main"},
				"west": {"uv": [11, 6.5, 11.5, 7.25], "texture": "#main"},
				"up": {"uv": [11, 6.5, 10.5, 6], "texture": "#main"},
				"down": {"uv": [11.5, 6, 11, 6.5], "texture": "#main"}
			}
		},
		{
			"name": "Left Leg Layer",
			"from": [3.85, -5.25, 5.75],
			"to": [8.35, 1.25, 10.25],
			"rotation": {"angle": 0, "axis": "y", "origin": [8, 0.54545, 8]},
			"faces": {
				"north": {"uv": [8.5, 6.5, 9, 7.25], "texture": "#main"},
				"east": {"uv": [8, 6.5, 8.5, 7.25], "texture": "#main"},
				"south": {"uv": [9.5, 6.5, 10, 7.25], "texture": "#main"},
				"west": {"uv": [9, 6.5, 9.5, 7.25], "texture": "#main"},
				"up": {"uv": [9, 6.5, 8.5, 6], "texture": "#main"},
				"down": {"uv": [8.5, 0, 8, 0.5], "texture": "#main"}
			}
		},
		{
			"name": "Left Leg",
			"from": [4.1, -11.21001, 1.49299],
			"to": [8.1, -5.21001, 5.49299],
			"rotation": {"angle": -45, "axis": "x", "origin": [8, 0.33544, 3.49299]},
			"faces": {
				"north": {"uv": [10.5, 7.25, 11, 8], "texture": "#main"},
				"east": {"uv": [10, 7.25, 10.5, 8], "texture": "#main"},
				"south": {"uv": [11.5, 7.25, 12, 8], "texture": "#main"},
				"west": {"uv": [11, 7.25, 11.5, 8], "texture": "#main"},
				"up": {"uv": [8.5, 0.5, 8, 0], "texture": "#main"},
				"down": {"uv": [11.5, 6, 11, 6.5], "texture": "#main"}
			}
		},
		{
			"name": "Left Leg Layer",
			"from": [3.85, -11.46001, 1.24299],
			"to": [8.35, -4.96001, 5.74299],
			"rotation": {"angle": -45, "axis": "x", "origin": [8, 0.33544, 3.49299]},
			"faces": {
				"north": {"uv": [8.5, 7.25, 9, 8], "texture": "#main"},
				"east": {"uv": [8, 7.25, 8.5, 8], "texture": "#main"},
				"south": {"uv": [9.5, 7.25, 10, 8], "texture": "#main"},
				"west": {"uv": [9, 7.25, 9.5, 8], "texture": "#main"},
				"up": {"uv": [8.5, 0.5, 8, 0], "texture": "#main"},
				"down": {"uv": [9.5, 6, 9, 6.5], "texture": "#main"}
			}
		},
		{
			"name": "Head",
			"from": [4, 13, 4],
			"to": [12, 21, 12],
			"rotation": {"angle": 0, "axis": "y", "origin": [8, 13.54545, 8]},
			"faces": {
				"north": {"uv": [1, 9, 2, 10], "texture": "#main"},
				"east": {"uv": [0, 9, 1, 10], "texture": "#main"},
				"south": {"uv": [3, 9, 4, 10], "texture": "#main"},
				"west": {"uv": [2, 9, 3, 10], "texture": "#main"},
				"up": {"uv": [2, 9, 1, 8], "texture": "#main"},
				"down": {"uv": [3, 8, 2, 9], "texture": "#main"}
			}
		},
		{
			"name": "Hat Layer",
			"from": [3.5, 12.5, 3.5],
			"to": [12.5, 21.5, 12.5],
			"rotation": {"angle": 0, "axis": "y", "origin": [8, 13.54545, 8]},
			"faces": {
				"north": {"uv": [5, 9, 6, 10], "texture": "#main"},
				"east": {"uv": [4, 9, 5, 10], "texture": "#main"},
				"south": {"uv": [7, 9, 8, 10], "texture": "#main"},
				"west": {"uv": [6, 9, 7, 10], "texture": "#main"},
				"up": {"uv": [6, 9, 5, 8], "texture": "#main"},
				"down": {"uv": [7, 8, 6, 9], "texture": "#main"}
			}
		},
		{
			"name": "Body",
			"from": [4, 7, 6],
			"to": [12, 13, 10],
			"rotation": {"angle": 22.5, "axis": "y", "origin": [8, 13.54545, 8]},
			"faces": {
				"north": {"uv": [2.5, 10.5, 3.5, 11.25], "texture": "#main"},
				"east": {"uv": [2, 10.5, 2.5, 11.25], "texture": "#main"},
				"south": {"uv": [4, 10.5, 5, 11.25], "texture": "#main"},
				"west": {"uv": [3.5, 10.5, 4, 11.25], "texture": "#main"},
				"up": {"uv": [3.5, 10.5, 2.5, 10], "texture": "#main"},
				"down": {"uv": [4.5, 10, 3.5, 10.5], "texture": "#main"}
			}
		},
		{
			"name": "Body Layer",
			"from": [3.75, 6.75, 5.75],
			"to": [12.25, 13.25, 10.25],
			"rotation": {"angle": 22.5, "axis": "y", "origin": [8, 13.54545, 8]},
			"faces": {
				"north": {"uv": [2.5, 12.5, 3.5, 13.25], "texture": "#main"},
				"east": {"uv": [2, 12.5, 2.5, 13.25], "texture": "#main"},
				"south": {"uv": [4, 12.5, 5, 13.25], "texture": "#main"},
				"west": {"uv": [3.5, 12.5, 4, 13.25], "texture": "#main"},
				"up": {"uv": [3.5, 12.5, 2.5, 12], "texture": "#main"},
				"down": {"uv": [4.5, 12, 3.5, 12.5], "texture": "#main"}
			}
		},
		{
			"name": "Body",
			"from": [4, 1, 6],
			"to": [12, 7, 10],
			"rotation": {"angle": 45, "axis": "y", "origin": [8, 13.54545, 8]},
			"faces": {
				"north": {"uv": [2.5, 11.25, 3.5, 12], "texture": "#main"},
				"east": {"uv": [2, 11.25, 2.5, 12], "texture": "#main"},
				"south": {"uv": [4, 11.25, 5, 12], "texture": "#main"},
				"west": {"uv": [3.5, 11.25, 4, 12], "texture": "#main"},
				"up": {"uv": [3.5, 10.5, 2.5, 10], "texture": "#main"},
				"down": {"uv": [4.5, 10, 3.5, 10.5], "texture": "#main"}
			}
		},
		{
			"name": "Body Layer",
			"from": [3.75, 0.75, 5.75],
			"to": [12.25, 7.25, 10.25],
			"rotation": {"angle": 45, "axis": "y", "origin": [8, 13.54545, 8]},
			"faces": {
				"north": {"uv": [2.5, 13.25, 3.5, 14], "texture": "#main"},
				"east": {"uv": [2, 13.25, 2.5, 14], "texture": "#main"},
				"south": {"uv": [4, 13.25, 5, 14], "texture": "#main"},
				"west": {"uv": [3.5, 13.25, 4, 14], "texture": "#main"},
				"up": {"uv": [3.5, 12.5, 2.5, 12], "texture": "#main"},
				"down": {"uv": [4.5, 12, 3.5, 12.5], "texture": "#main"}
			}
		},
		{
			"name": "Right Arm",
			"from": [9, 4, 4],
			"to": [12, 10, 8],
			"rotation": {"angle": 45, "axis": "z", "origin": [8, 12.54545, 2]},
			"faces": {
				"north": {"uv": [5.5, 10.5, 5.875, 11.25], "texture": "#main"},
				"east": {"uv": [5, 10.5, 5.5, 11.25], "texture": "#main"},
				"south": {"uv": [6.375, 10.5, 6.75, 11.25], "texture": "#main"},
				"west": {"uv": [5.875, 10.5, 6.375, 11.25], "texture": "#main"},
				"up": {"uv": [5.875, 10.5, 5.5, 10], "texture": "#main"},
				"down": {"uv": [0.375, 8, 0, 8.5], "texture": "#main"}
			}
		},
		{
			"name": "Right Arm Layer",
			"from": [8.75, 3.75, 3.75],
			"to": [12.25, 10.25, 8.25],
			"rotation": {"angle": 45, "axis": "z", "origin": [8, 12.54545, 2]},
			"faces": {
				"north": {"uv": [5.5, 12.5, 5.875, 13.25], "texture": "#main"},
				"east": {"uv": [5, 12.5, 5.5, 13.25], "texture": "#main"},
				"south": {"uv": [6.375, 12.5, 6.75, 13.25], "texture": "#main"},
				"west": {"uv": [5.875, 12.5, 6.375, 13.25], "texture": "#main"},
				"up": {"uv": [5.875, 12.5, 5.5, 12], "texture": "#main"},
				"down": {"uv": [0.375, 8, 0, 8.5], "texture": "#main"}
			}
		},
		{
			"name": "Right Arm",
			"from": [9, -2, 4],
			"to": [12, 4, 8],
			"rotation": {"angle": 45, "axis": "z", "origin": [8, 12.54545, 2]},
			"faces": {
				"north": {"uv": [5.5, 11.25, 5.875, 12], "texture": "#main"},
				"east": {"uv": [5, 11.25, 5.5, 12], "texture": "#main"},
				"south": {"uv": [6.375, 11.25, 6.75, 12], "texture": "#main"},
				"west": {"uv": [5.875, 11.25, 6.375, 12], "texture": "#main"},
				"up": {"uv": [0.375, 8.5, 0, 8], "texture": "#main"},
				"down": {"uv": [6.25, 10, 5.875, 10.5], "texture": "#main"}
			}
		},
		{
			"name": "Right Arm Layer",
			"from": [8.75, -2.25, 3.75],
			"to": [12.25, 4.25, 8.25],
			"rotation": {"angle": 45, "axis": "z", "origin": [8, 12.54545, 2]},
			"faces": {
				"north": {"uv": [5.5, 13.25, 5.875, 14], "texture": "#main"},
				"east": {"uv": [5, 13.25, 5.5, 14], "texture": "#main"},
				"south": {"uv": [6.375, 13.25, 6.75, 14], "texture": "#main"},
				"west": {"uv": [5.875, 13.25, 6.375, 14], "texture": "#main"},
				"up": {"uv": [0.375, 8.5, 0, 8], "texture": "#main"},
				"down": {"uv": [6.25, 12, 5.875, 12.5], "texture": "#main"}
			}
		},
		{
			"name": "Left Arm",
			"from": [-1.54545, 9.54545, 8],
			"to": [4.45455, 13.54545, 11],
			"rotation": {"angle": 22.5, "axis": "z", "origin": [4, 11.54545, 9]},
			"faces": {
				"north": {"uv": [4, 14.5, 4.5, 15.25], "rotation": 270, "texture": "#main"},
				"east": {"uv": [4.875, 14.5, 4.5, 14], "texture": "#main"},
				"south": {"uv": [4.875, 14.5, 5.375, 15.25], "rotation": 90, "texture": "#main"},
				"west": {"uv": [0.375, 8, 0, 8.5], "rotation": 180, "texture": "#main"},
				"up": {"uv": [4.5, 14.5, 4.875, 15.25], "rotation": 90, "texture": "#main"},
				"down": {"uv": [5.375, 14.5, 5.75, 15.25], "rotation": 90, "texture": "#main"}
			}
		},
		{
			"name": "Left Arm Layer",
			"from": [-1.79545, 9.29545, 7.75],
			"to": [4.70455, 13.79545, 11.25],
			"rotation": {"angle": 22.5, "axis": "z", "origin": [4, 11.54545, 9]},
			"faces": {
				"north": {"uv": [6, 14.5, 6.5, 15.25], "rotation": 270, "texture": "#main"},
				"east": {"uv": [6.875, 14.5, 6.5, 14], "texture": "#main"},
				"south": {"uv": [6.875, 14.5, 7.375, 15.25], "rotation": 90, "texture": "#main"},
				"west": {"uv": [0.375, 8, 0, 8.5], "rotation": 180, "texture": "#main"},
				"up": {"uv": [6.5, 14.5, 6.875, 15.25], "rotation": 90, "texture": "#main"},
				"down": {"uv": [7.375, 14.5, 7.75, 15.25], "rotation": 90, "texture": "#main"}
			}
		},
		{
			"name": "Left Arm",
			"from": [-6.01472, 5.30115, 8],
			"to": [-0.01472, 9.30115, 11],
			"rotation": {"angle": -22.5, "axis": "z", "origin": [5.53073, 7.30115, 9]},
			"faces": {
				"north": {"uv": [4, 15.25, 4.5, 16], "rotation": 270, "texture": "#main"},
				"east": {"uv": [0.375, 8.5, 0, 8], "texture": "#main"},
				"south": {"uv": [4.875, 15.25, 5.375, 16], "rotation": 90, "texture": "#main"},
				"west": {"uv": [5.25, 14, 4.875, 14.5], "rotation": 180, "texture": "#main"},
				"up": {"uv": [4.5, 15.25, 4.875, 16], "rotation": 90, "texture": "#main"},
				"down": {"uv": [5.375, 15.25, 5.75, 16], "rotation": 90, "texture": "#main"}
			}
		},
		{
			"name": "Left Arm Layer",
			"from": [-6.26472, 5.05115, 7.75],
			"to": [0.23528, 9.55115, 11.25],
			"rotation": {"angle": -22.5, "axis": "z", "origin": [5.53073, 7.30115, 9]},
			"faces": {
				"north": {"uv": [6, 15.25, 6.5, 16], "rotation": 270, "texture": "#main"},
				"east": {"uv": [0.375, 8.5, 0, 8], "texture": "#main"},
				"south": {"uv": [6.875, 15.25, 7.375, 16], "rotation": 90, "texture": "#main"},
				"west": {"uv": [7.25, 14, 6.875, 14.5], "rotation": 180, "texture": "#main"},
				"up": {"uv": [6.5, 15.25, 6.875, 16], "rotation": 90, "texture": "#main"},
				"down": {"uv": [7.375, 15.25, 7.75, 16], "rotation": 90, "texture": "#main"}
			}
		},
		{
			"name": "Right Leg",
			"from": [8, -5.39623, 2.61395],
			"to": [12, 0.60377, 6.61395],
			"rotation": {"angle": 22.5, "axis": "x", "origin": [10, -0.44649, 5.32106]},
			"faces": {
				"north": {"uv": [0, 10.5, 0.5, 11.25], "texture": "#main"},
				"east": {"uv": [1.5, 10.5, 2, 11.25], "texture": "#main"},
				"south": {"uv": [1, 10.5, 1.5, 11.25], "texture": "#main"},
				"west": {"uv": [0.5, 10.5, 1, 11.25], "texture": "#main"},
				"up": {"uv": [1, 10.5, 0.5, 10], "rotation": 270, "texture": "#main"},
				"down": {"uv": [1.5, 10, 1, 10.5], "rotation": 90, "texture": "#main"}
			}
		},
		{
			"name": "Right Leg Layer",
			"from": [7.75, -5.64623, 2.36395],
			"to": [12.25, 0.85377, 6.86395],
			"rotation": {"angle": 22.5, "axis": "x", "origin": [10, -0.44649, 5.32106]},
			"faces": {
				"north": {"uv": [0, 12.5, 0.5, 13.25], "texture": "#main"},
				"east": {"uv": [1.5, 12.5, 2, 13.25], "texture": "#main"},
				"south": {"uv": [1, 12.5, 1.5, 13.25], "texture": "#main"},
				"west": {"uv": [0.5, 12.5, 1, 13.25], "texture": "#main"},
				"up": {"uv": [1, 12.5, 0.5, 12], "rotation": 270, "texture": "#main"},
				"down": {"uv": [0.5, 8, 0, 8.5], "rotation": 90, "texture": "#main"}
			}
		},
		{
			"name": "Right Leg",
			"from": [8, -11.39623, 2.61395],
			"to": [12, -5.39623, 6.61395],
			"rotation": {"angle": 22.5, "axis": "x", "origin": [10, -0.44649, 5.32106]},
			"faces": {
				"north": {"uv": [0, 11.25, 0.5, 12], "texture": "#main"},
				"east": {"uv": [1.5, 11.25, 2, 12], "texture": "#main"},
				"south": {"uv": [1, 11.25, 1.5, 12], "texture": "#main"},
				"west": {"uv": [0.5, 11.25, 1, 12], "texture": "#main"},
				"up": {"uv": [0.5, 8.5, 0, 8], "rotation": 270, "texture": "#main"},
				"down": {"uv": [1.5, 10, 1, 10.5], "rotation": 90, "texture": "#main"}
			}
		},
		{
			"name": "Right Leg Layer",
			"from": [7.75, -11.64623, 2.36395],
			"to": [12.25, -5.14623, 6.86395],
			"rotation": {"angle": 22.5, "axis": "x", "origin": [10, -0.44649, 5.32106]},
			"faces": {
				"north": {"uv": [0, 13.25, 0.5, 14], "texture": "#main"},
				"east": {"uv": [1.5, 13.25, 2, 14], "texture": "#main"},
				"south": {"uv": [1, 13.25, 1.5, 14], "texture": "#main"},
				"west": {"uv": [0.5, 13.25, 1, 14], "texture": "#main"},
				"up": {"uv": [0.5, 8.5, 0, 8], "rotation": 270, "texture": "#main"},
				"down": {"uv": [1.5, 12, 1, 12.5], "rotation": 90, "texture": "#main"}
			}
		},
		{
			"name": "Left Leg",
			"from": [4.1, -5, 6],
			"to": [8.1, 1, 10],
			"rotation": {"angle": 0, "axis": "y", "origin": [8, 0.54545, 8]},
			"faces": {
				"north": {"uv": [2.5, 14.5, 3, 15.25], "texture": "#main"},
				"east": {"uv": [2, 14.5, 2.5, 15.25], "texture": "#main"},
				"south": {"uv": [3.5, 14.5, 4, 15.25], "texture": "#main"},
				"west": {"uv": [3, 14.5, 3.5, 15.25], "texture": "#main"},
				"up": {"uv": [3, 14.5, 2.5, 14], "texture": "#main"},
				"down": {"uv": [3.5, 14, 3, 14.5], "texture": "#main"}
			}
		},
		{
			"name": "Left Leg Layer",
			"from": [3.85, -5.25, 5.75],
			"to": [8.35, 1.25, 10.25],
			"rotation": {"angle": 0, "axis": "y", "origin": [8, 0.54545, 8]},
			"faces": {
				"north": {"uv": [0.5, 14.5, 1, 15.25], "texture": "#main"},
				"east": {"uv": [0, 14.5, 0.5, 15.25], "texture": "#main"},
				"south": {"uv": [1.5, 14.5, 2, 15.25], "texture": "#main"},
				"west": {"uv": [1, 14.5, 1.5, 15.25], "texture": "#main"},
				"up": {"uv": [1, 14.5, 0.5, 14], "texture": "#main"},
				"down": {"uv": [0.5, 8, 0, 8.5], "texture": "#main"}
			}
		},
		{
			"name": "Left Leg",
			"from": [4.1, -11.21001, 1.49299],
			"to": [8.1, -5.21001, 5.49299],
			"rotation": {"angle": -45, "axis": "x", "origin": [8, 0.33544, 3.49299]},
			"faces": {
				"north": {"uv": [2.5, 15.25, 3, 16], "texture": "#main"},
				"east": {"uv": [2, 15.25, 2.5, 16], "texture": "#main"},
				"south": {"uv": [3.5, 15.25, 4, 16], "texture": "#main"},
				"west": {"uv": [3, 15.25, 3.5, 16], "texture": "#main"},
				"up": {"uv": [0.5, 8.5, 0, 8], "texture": "#main"},
				"down": {"uv": [3.5, 14, 3, 14.5], "texture": "#main"}
			}
		},
		{
			"name": "Left Leg Layer",
			"from": [3.85, -11.46001, 1.24299],
			"to": [8.35, -4.96001, 5.74299],
			"rotation": {"angle": -45, "axis": "x", "origin": [8, 0.33544, 3.49299]},
			"faces": {
				"north": {"uv": [0.5, 15.25, 1, 16], "texture": "#main"},
				"east": {"uv": [0, 15.25, 0.5, 16], "texture": "#main"},
				"south": {"uv": [1.5, 15.25, 2, 16], "texture": "#main"},
				"west": {"uv": [1, 15.25, 1.5, 16], "texture": "#main"},
				"up": {"uv": [0.5, 8.5, 0, 8], "texture": "#main"},
				"down": {"uv": [1.5, 14, 1, 14.5], "texture": "#main"}
			}
		},
		{
			"name": "Head",
			"from": [4, 13, 4],
			"to": [12, 21, 12],
			"rotation": {"angle": 0, "axis": "y", "origin": [8, 13.54545, 8]},
			"faces": {
				"north": {"uv": [1, 1, 2, 2], "texture": "#main"},
				"east": {"uv": [0, 1, 1, 2], "texture": "#main"},
				"south": {"uv": [3, 1, 4, 2], "texture": "#main"},
				"west": {"uv": [2, 1, 3, 2], "texture": "#main"},
				"up": {"uv": [2, 1, 1, 0], "texture": "#main"},
				"down": {"uv": [3, 0, 2, 1], "texture": "#main"}
			}
		},
		{
			"name": "Hat Layer",
			"from": [3.5, 12.5, 3.5],
			"to": [12.5, 21.5, 12.5],
			"rotation": {"angle": 0, "axis": "y", "origin": [8, 13.54545, 8]},
			"faces": {
				"north": {"uv": [5, 1, 6, 2], "texture": "#main"},
				"east": {"uv": [4, 1, 5, 2], "texture": "#main"},
				"south": {"uv": [7, 1, 8, 2], "texture": "#main"},
				"west": {"uv": [6, 1, 7, 2], "texture": "#main"},
				"up": {"uv": [6, 1, 5, 0], "texture": "#main"},
				"down": {"uv": [7, 0, 6, 1], "texture": "#main"}
			}
		},
		{
			"name": "Body",
			"from": [4, 7, 6],
			"to": [12, 13, 10],
			"rotation": {"angle": 22.5, "axis": "y", "origin": [8, 13.54545, 8]},
			"faces": {
				"north": {"uv": [2.5, 2.5, 3.5, 3.25], "texture": "#main"},
				"east": {"uv": [2, 2.5, 2.5, 3.25], "texture": "#main"},
				"south": {"uv": [4, 2.5, 5, 3.25], "texture": "#main"},
				"west": {"uv": [3.5, 2.5, 4, 3.25], "texture": "#main"},
				"up": {"uv": [3.5, 2.5, 2.5, 2], "texture": "#main"},
				"down": {"uv": [4.5, 2, 3.5, 2.5], "texture": "#main"}
			}
		},
		{
			"name": "Body Layer",
			"from": [3.75, 6.75, 5.75],
			"to": [12.25, 13.25, 10.25],
			"rotation": {"angle": 22.5, "axis": "y", "origin": [8, 13.54545, 8]},
			"faces": {
				"north": {"uv": [2.5, 4.5, 3.5, 5.25], "texture": "#main"},
				"east": {"uv": [2, 4.5, 2.5, 5.25], "texture": "#main"},
				"south": {"uv": [4, 4.5, 5, 5.25], "texture": "#main"},
				"west": {"uv": [3.5, 4.5, 4, 5.25], "texture": "#main"},
				"up": {"uv": [3.5, 4.5, 2.5, 4], "texture": "#main"},
				"down": {"uv": [4.5, 4, 3.5, 4.5], "texture": "#main"}
			}
		},
		{
			"name": "Body",
			"from": [4, 1, 6],
			"to": [12, 7, 10],
			"rotation": {"angle": 45, "axis": "y", "origin": [8, 13.54545, 8]},
			"faces": {
				"north": {"uv": [2.5, 3.25, 3.5, 4], "texture": "#main"},
				"east": {"uv": [2, 3.25, 2.5, 4], "texture": "#main"},
				"south": {"uv": [4, 3.25, 5, 4], "texture": "#main"},
				"west": {"uv": [3.5, 3.25, 4, 4], "texture": "#main"},
				"up": {"uv": [3.5, 2.5, 2.5, 2], "texture": "#main"},
				"down": {"uv": [4.5, 2, 3.5, 2.5], "texture": "#main"}
			}
		},
		{
			"name": "Body Layer",
			"from": [3.75, 0.75, 5.75],
			"to": [12.25, 7.25, 10.25],
			"rotation": {"angle": 45, "axis": "y", "origin": [8, 13.54545, 8]},
			"faces": {
				"north": {"uv": [2.5, 5.25, 3.5, 6], "texture": "#main"},
				"east": {"uv": [2, 5.25, 2.5, 6], "texture": "#main"},
				"south": {"uv": [4, 5.25, 5, 6], "texture": "#main"},
				"west": {"uv": [3.5, 5.25, 4, 6], "texture": "#main"},
				"up": {"uv": [3.5, 4.5, 2.5, 4], "texture": "#main"},
				"down": {"uv": [4.5, 4, 3.5, 4.5], "texture": "#main"}
			}
		},
		{
			"name": "Right Arm",
			"from": [9, 4, 4],
			"to": [12, 10, 8],
			"rotation": {"angle": 45, "axis": "z", "origin": [8, 12.54545, 2]},
			"faces": {
				"north": {"uv": [5.5, 2.5, 5.875, 3.25], "texture": "#main"},
				"east": {"uv": [5, 2.5, 5.5, 3.25], "texture": "#main"},
				"south": {"uv": [6.375, 2.5, 6.75, 3.25], "texture": "#main"},
				"west": {"uv": [5.875, 2.5, 6.375, 3.25], "texture": "#main"},
				"up": {"uv": [5.875, 2.5, 5.5, 2], "texture": "#main"},
				"down": {"uv": [0.375, 0, 0, 0.5], "texture": "#main"}
			}
		},
		{
			"name": "Right Arm Layer",
			"from": [8.75, 3.75, 3.75],
			"to": [12.25, 10.25, 8.25],
			"rotation": {"angle": 45, "axis": "z", "origin": [8, 12.54545, 2]},
			"faces": {
				"north": {"uv": [5.5, 4.5, 5.875, 5.25], "texture": "#main"},
				"east": {"uv": [5, 4.5, 5.5, 5.25], "texture": "#main"},
				"south": {"uv": [6.375, 4.5, 6.75, 5.25], "texture": "#main"},
				"west": {"uv": [5.875, 4.5, 6.375, 5.25], "texture": "#main"},
				"up": {"uv": [5.875, 4.5, 5.5, 4], "texture": "#main"},
				"down": {"uv": [0.375, 0, 0, 0.5], "texture": "#main"}
			}
		},
		{
			"name": "Right Arm",
			"from": [9, -2, 4],
			"to": [12, 4, 8],
			"rotation": {"angle": 45, "axis": "z", "origin": [8, 12.54545, 2]},
			"faces": {
				"north": {"uv": [5.5, 3.25, 5.875, 4], "texture": "#main"},
				"east": {"uv": [5, 3.25, 5.5, 4], "texture": "#main"},
				"south": {"uv": [6.375, 3.25, 6.75, 4], "texture": "#main"},
				"west": {"uv": [5.875, 3.25, 6.375, 4], "texture": "#main"},
				"up": {"uv": [0.375, 0.5, 0, 0], "texture": "#main"},
				"down": {"uv": [6.25, 2, 5.875, 2.5], "texture": "#main"}
			}
		},
		{
			"name": "Right Arm Layer",
			"from": [8.75, -2.25, 3.75],
			"to": [12.25, 4.25, 8.25],
			"rotation": {"angle": 45, "axis": "z", "origin": [8, 12.54545, 2]},
			"faces": {
				"north": {"uv": [5.5, 5.25, 5.875, 6], "texture": "#main"},
				"east": {"uv": [5, 5.25, 5.5, 6], "texture": "#main"},
				"south": {"uv": [6.375, 5.25, 6.75, 6], "texture": "#main"},
				"west": {"uv": [5.875, 5.25, 6.375, 6], "texture": "#main"},
				"up": {"uv": [0.375, 0.5, 0, 0], "texture": "#main"},
				"down": {"uv": [6.25, 4, 5.875, 4.5], "texture": "#main"}
			}
		},
		{
			"name": "Left Arm",
			"from": [-1.54545, 9.54545, 8],
			"to": [4.45455, 13.54545, 11],
			"rotation": {"angle": 22.5, "axis": "z", "origin": [4, 11.54545, 9]},
			"faces": {
				"north": {"uv": [4, 6.5, 4.5, 7.25], "rotation": 270, "texture": "#main"},
				"east": {"uv": [4.875, 6.5, 4.5, 6], "texture": "#main"},
				"south": {"uv": [4.875, 6.5, 5.375, 7.25], "rotation": 90, "texture": "#main"},
				"west": {"uv": [0.375, 0, 0, 0.5], "rotation": 180, "texture": "#main"},
				"up": {"uv": [4.5, 6.5, 4.875, 7.25], "rotation": 90, "texture": "#main"},
				"down": {"uv": [5.375, 6.5, 5.75, 7.25], "rotation": 90, "texture": "#main"}
			}
		},
		{
			"name": "Left Arm Layer",
			"from": [-1.79545, 9.29545, 7.75],
			"to": [4.70455, 13.79545, 11.25],
			"rotation": {"angle": 22.5, "axis": "z", "origin": [4, 11.54545, 9]},
			"faces": {
				"north": {"uv": [6, 6.5, 6.5, 7.25], "rotation": 270, "texture": "#main"},
				"east": {"uv": [6.875, 6.5, 6.5, 6], "texture": "#main"},
				"south": {"uv": [6.875, 6.5, 7.375, 7.25], "rotation": 90, "texture": "#main"},
				"west": {"uv": [0.375, 0, 0, 0.5], "rotation": 180, "texture": "#main"},
				"up": {"uv": [6.5, 6.5, 6.875, 7.25], "rotation": 90, "texture": "#main"},
				"down": {"uv": [7.375, 6.5, 7.75, 7.25], "rotation": 90, "texture": "#main"}
			}
		},
		{
			"name": "Left Arm",
			"from": [-6.01472, 5.30115, 8],
			"to": [-0.01472, 9.30115, 11],
			"rotation": {"angle": -22.5, "axis": "z", "origin": [5.53073, 7.30115, 9]},
			"faces": {
				"north": {"uv": [4, 7.25, 4.5, 8], "rotation": 270, "texture": "#main"},
				"east": {"uv": [0.375, 0.5, 0, 0], "texture": "#main"},
				"south": {"uv": [4.875, 7.25, 5.375, 8], "rotation": 90, "texture": "#main"},
				"west": {"uv": [5.25, 6, 4.875, 6.5], "rotation": 180, "texture": "#main"},
				"up": {"uv": [4.5, 7.25, 4.875, 8], "rotation": 90, "texture": "#main"},
				"down": {"uv": [5.375, 7.25, 5.75, 8], "rotation": 90, "texture": "#main"}
			}
		},
		{
			"name": "Left Arm Layer",
			"from": [-6.26472, 5.05115, 7.75],
			"to": [0.23528, 9.55115, 11.25],
			"rotation": {"angle": -22.5, "axis": "z", "origin": [5.53073, 7.30115, 9]},
			"faces": {
				"north": {"uv": [6, 7.25, 6.5, 8], "rotation": 270, "texture": "#main"},
				"east": {"uv": [0.375, 0.5, 0, 0], "texture": "#main"},
				"south": {"uv": [6.875, 7.25, 7.375, 8], "rotation": 90, "texture": "#main"},
				"west": {"uv": [7.25, 6, 6.875, 6.5], "rotation": 180, "texture": "#main"},
				"up": {"uv": [6.5, 7.25, 6.875, 8], "rotation": 90, "texture": "#main"},
				"down": {"uv": [7.375, 7.25, 7.75, 8], "rotation": 90, "texture": "#main"}
			}
		},
		{
			"name": "Right Leg",
			"from": [8, -7, 4.1],
			"to": [12, -1, 8.1],
			"rotation": {"angle": 45, "axis": "x", "origin": [8, 0.54545, 8]},
			"faces": {
				"north": {"uv": [0, 2.5, 0.5, 3.25], "texture": "#main"},
				"east": {"uv": [1.5, 2.5, 2, 3.25], "texture": "#main"},
				"south": {"uv": [1, 2.5, 1.5, 3.25], "texture": "#main"},
				"west": {"uv": [0.5, 2.5, 1, 3.25], "texture": "#main"},
				"up": {"uv": [1, 2.5, 0.5, 2], "rotation": 270, "texture": "#main"},
				"down": {"uv": [1.5, 2, 1, 2.5], "rotation": 90, "texture": "#main"}
			}
		},
		{
			"name": "Right Leg Layer",
			"from": [7.75, -7.25, 3.85],
			"to": [12.25, -0.75, 8.35],
			"rotation": {"angle": 45, "axis": "x", "origin": [8, 0.54545, 8]},
			"faces": {
				"north": {"uv": [0, 4.5, 0.5, 5.25], "texture": "#main"},
				"east": {"uv": [1.5, 4.5, 2, 5.25], "texture": "#main"},
				"south": {"uv": [1, 4.5, 1.5, 5.25], "texture": "#main"},
				"west": {"uv": [0.5, 4.5, 1, 5.25], "texture": "#main"},
				"up": {"uv": [1, 4.5, 0.5, 4], "rotation": 270, "texture": "#main"},
				"down": {"uv": [0.5, 0, 0, 0.5], "rotation": 90, "texture": "#main"}
			}
		},
		{
			"name": "Right Leg",
			"from": [8, -13, 4.1],
			"to": [12, -7, 8.1],
			"rotation": {"angle": 45, "axis": "x", "origin": [8, 0.54545, 8]},
			"faces": {
				"north": {"uv": [0, 3.25, 0.5, 4], "texture": "#main"},
				"east": {"uv": [1.5, 3.25, 2, 4], "texture": "#main"},
				"south": {"uv": [1, 3.25, 1.5, 4], "texture": "#main"},
				"west": {"uv": [0.5, 3.25, 1, 4], "texture": "#main"},
				"up": {"uv": [0.5, 0.5, 0, 0], "rotation": 270, "texture": "#main"},
				"down": {"uv": [1.5, 2, 1, 2.5], "rotation": 90, "texture": "#main"}
			}
		},
		{
			"name": "Right Leg Layer",
			"from": [7.75, -13.25, 3.85],
			"to": [12.25, -6.75, 8.35],
			"rotation": {"angle": 45, "axis": "x", "origin": [8, 0.54545, 8]},
			"faces": {
				"north": {"uv": [0, 5.25, 0.5, 6], "texture": "#main"},
				"east": {"uv": [1.5, 5.25, 2, 6], "texture": "#main"},
				"south": {"uv": [1, 5.25, 1.5, 6], "texture": "#main"},
				"west": {"uv": [0.5, 5.25, 1, 6], "texture": "#main"},
				"up": {"uv": [0.5, 0.5, 0, 0], "rotation": 270, "texture": "#main"},
				"down": {"uv": [1.5, 4, 1, 4.5], "rotation": 90, "texture": "#main"}
			}
		},
		{
			"name": "Left Leg",
			"from": [4.1, -5, 6],
			"to": [8.1, 1, 10],
			"rotation": {"angle": 0, "axis": "y", "origin": [8, 0.54545, 8]},
			"faces": {
				"north": {"uv": [2.5, 6.5, 3, 7.25], "texture": "#main"},
				"east": {"uv": [2, 6.5, 2.5, 7.25], "texture": "#main"},
				"south": {"uv": [3.5, 6.5, 4, 7.25], "texture": "#main"},
				"west": {"uv": [3, 6.5, 3.5, 7.25], "texture": "#main"},
				"up": {"uv": [3, 6.5, 2.5, 6], "texture": "#main"},
				"down": {"uv": [3.5, 6, 3, 6.5], "texture": "#main"}
			}
		},
		{
			"name": "Left Leg Layer",
			"from": [3.85, -5.25, 5.75],
			"to": [8.35, 1.25, 10.25],
			"rotation": {"angle": 0, "axis": "y", "origin": [8, 0.54545, 8]},
			"faces": {
				"north": {"uv": [0.5, 6.5, 1, 7.25], "texture": "#main"},
				"east": {"uv": [0, 6.5, 0.5, 7.25], "texture": "#main"},
				"south": {"uv": [1.5, 6.5, 2, 7.25], "texture": "#main"},
				"west": {"uv": [1, 6.5, 1.5, 7.25], "texture": "#main"},
				"up": {"uv": [1, 6.5, 0.5, 6], "texture": "#main"},
				"down": {"uv": [0.5, 0, 0, 0.5], "texture": "#main"}
			}
		},
		{
			"name": "Left Leg",
			"from": [4.1, -11.21001, 1.49299],
			"to": [8.1, -5.21001, 5.49299],
			"rotation": {"angle": -45, "axis": "x", "origin": [8, 0.33544, 3.49299]},
			"faces": {
				"north": {"uv": [2.5, 7.25, 3, 8], "texture": "#main"},
				"east": {"uv": [2, 7.25, 2.5, 8], "texture": "#main"},
				"south": {"uv": [3.5, 7.25, 4, 8], "texture": "#main"},
				"west": {"uv": [3, 7.25, 3.5, 8], "texture": "#main"},
				"up": {"uv": [0.5, 0.5, 0, 0], "texture": "#main"},
				"down": {"uv": [3.5, 6, 3, 6.5], "texture": "#main"}
			}
		},
		{
			"name": "Left Leg Layer",
			"from": [3.85, -11.46001, 1.24299],
			"to": [8.35, -4.96001, 5.74299],
			"rotation": {"angle": -45, "axis": "x", "origin": [8, 0.33544, 3.49299]},
			"faces": {
				"north": {"uv": [0.5, 7.25, 1, 8], "texture": "#main"},
				"east": {"uv": [0, 7.25, 0.5, 8], "texture": "#main"},
				"south": {"uv": [1.5, 7.25, 2, 8], "texture": "#main"},
				"west": {"uv": [1, 7.25, 1.5, 8], "texture": "#main"},
				"up": {"uv": [0.5, 0.5, 0, 0], "texture": "#main"},
				"down": {"uv": [1.5, 6, 1, 6.5], "texture": "#main"}
			}
		}
	],
	"display": {
		"head": {
			"rotation": [18.5, 0, 0],
			"translation": [0, -1.5, 17.25],
			"scale": [1.6, 1.6, 1.6]
		}
	},
	"groups": [
		0,
		1,
		2,
		3,
		4,
		5,
		6,
		7,
		8,
		9,
		10,
		11,
		12,
		13,
		14,
		15,
		16,
		17,
		18,
		19,
		20,
		21,
		22,
		23,
		24,
		25,
		26,
		27,
		28,
		29,
		30,
		31,
		32,
		33,
		34,
		35,
		36,
		37,
		38,
		39,
		40,
		41,
		42,
		43,
		{
			"name": "Head",
			"origin": [0, 24, 0],
			"color": 0,
			"children": [44, 45]
		},
		{
			"name": "Body",
			"origin": [0, 24, 0],
			"color": 0,
			"children": [
				46,
				47,
				{
					"name": "Body",
					"origin": [0, 24, 0],
					"color": 0,
					"children": [48, 49]
				}
			]
		},
		{
			"name": "RightArm",
			"origin": [5, 21.5, 0],
			"color": 0,
			"children": [50, 51, 52, 53]
		},
		{
			"name": "LeftArm",
			"origin": [-5, 21.5, 0],
			"color": 0,
			"children": [54, 55, 56, 57]
		},
		{
			"name": "RightLeg",
			"origin": [1.9, 12, 0],
			"color": 0,
			"children": [
				58,
				59,
				{
					"name": "RightLeg",
					"origin": [1.9, 12, 0],
					"color": 0,
					"children": [60, 61]
				}
			]
		},
		{
			"name": "LeftLeg",
			"origin": [-1.9, 12, 0],
			"color": 0,
			"children": [
				62,
				63,
				{
					"name": "LeftLeg",
					"origin": [-1.9, 12, 0],
					"color": 0,
					"children": [64, 65]
				}
			]
		}
	]
}