{
	"credit": "Made with Blockbench",
	"texture_size": [64, 64],
	"textures": {
		"main": "nw:stand/base/anim/the_world_kick"
	},
	"elements": [
		{
			"name": "Head",
			"from": [4, 12, 4],
			"to": [12, 20, 12],
			"rotation": {"angle": -45, "axis": "x", "origin": [8, 11, 8]},
			"faces": {
				"north": {"uv": [9, 1, 10, 2], "texture": "#main"},
				"east": {"uv": [8, 1, 9, 2], "texture": "#main"},
				"south": {"uv": [11, 1, 12, 2], "texture": "#main"},
				"west": {"uv": [10, 1, 11, 2], "texture": "#main"},
				"up": {"uv": [10, 1, 9, 0], "texture": "#main"},
				"down": {"uv": [11, 0, 10, 1], "texture": "#main"}
			}
		},
		{
			"name": "Hat Layer",
			"from": [3.5, 11.5, 3.5],
			"to": [12.5, 20.5, 12.5],
			"rotation": {"angle": -45, "axis": "x", "origin": [8, 11, 8]},
			"faces": {
				"north": {"uv": [13, 1, 14, 2], "texture": "#main"},
				"east": {"uv": [12, 1, 13, 2], "texture": "#main"},
				"south": {"uv": [15, 1, 16, 2], "texture": "#main"},
				"west": {"uv": [14, 1, 15, 2], "texture": "#main"},
				"up": {"uv": [14, 1, 13, 0], "texture": "#main"},
				"down": {"uv": [15, 0, 14, 1], "texture": "#main"}
			}
		},
		{
			"name": "Body",
			"from": [4, 6, 5.75],
			"to": [12, 12, 10.25],
			"rotation": {"angle": 0, "axis": "y", "origin": [8, 11, 8]},
			"faces": {
				"north": {"uv": [10.5, 2.5, 11.5, 3.25], "texture": "#main"},
				"east": {"uv": [10, 2.5, 10.5, 3.25], "texture": "#main"},
				"south": {"uv": [12, 2.5, 13, 3.25], "texture": "#main"},
				"west": {"uv": [11.5, 2.5, 12, 3.25], "texture": "#main"},
				"up": {"uv": [11.5, 2.5, 10.5, 2], "texture": "#main"},
				"down": {"uv": [12.5, 2, 11.5, 2.5], "texture": "#main"}
			}
		},
		{
			"name": "Body Layer",
			"from": [3.75, 5.75, 5.5],
			"to": [12.25, 12.25, 10.5],
			"rotation": {"angle": 0, "axis": "y", "origin": [8, 11, 8]},
			"faces": {
				"north": {"uv": [10.5, 4.5, 11.5, 5.25], "texture": "#main"},
				"east": {"uv": [10, 4.5, 10.5, 5.25], "texture": "#main"},
				"south": {"uv": [12, 4.5, 13, 5.25], "texture": "#main"},
				"west": {"uv": [11.5, 4.5, 12, 5.25], "texture": "#main"},
				"up": {"uv": [11.5, 4.5, 10.5, 4], "texture": "#main"},
				"down": {"uv": [9, 0, 8, 0.5], "texture": "#main"}
			}
		},
		{
			"name": "Body",
			"from": [4.25, 0, 6],
			"to": [11.75, 6, 10],
			"rotation": {"angle": 0, "axis": "y", "origin": [8, 11, 8]},
			"faces": {
				"north": {"uv": [10.5, 3.25, 11.5, 4], "texture": "#main"},
				"east": {"uv": [10, 3.25, 10.5, 4], "texture": "#main"},
				"south": {"uv": [12, 3.25, 13, 4], "texture": "#main"},
				"west": {"uv": [11.5, 3.25, 12, 4], "texture": "#main"},
				"up": {"uv": [11.5, 3.25, 10.5, 2.75], "texture": "#main"},
				"down": {"uv": [12.5, 2.75, 11.5, 3.25], "texture": "#main"}
			}
		},
		{
			"name": "Body Layer",
			"from": [4, -0.25, 5.75],
			"to": [12, 6.25, 10.25],
			"rotation": {"angle": 0, "axis": "y", "origin": [8, 11, 8]},
			"faces": {
				"north": {"uv": [10.5, 5.25, 11.5, 6], "texture": "#main"},
				"east": {"uv": [10, 5.25, 10.5, 6], "texture": "#main"},
				"south": {"uv": [12, 5.25, 13, 6], "texture": "#main"},
				"west": {"uv": [11.5, 5.25, 12, 6], "texture": "#main"},
				"up": {"uv": [9, 0.5, 8, 0], "texture": "#main"},
				"down": {"uv": [12.5, 4.75, 11.5, 5.25], "texture": "#main"}
			}
		},
		{
			"name": "Right Arm",
			"from": [12, 8, 6],
			"to": [18, 12, 10],
			"rotation": {"angle": 22.5, "axis": "z", "origin": [14, 10, 8]},
			"faces": {
				"north": {"uv": [14.5, 2.5, 15, 3.25], "rotation": 90, "texture": "#main"},
				"east": {"uv": [14.5, 2, 14, 2.5], "rotation": 90, "texture": "#main"},
				"south": {"uv": [13.5, 2.5, 14, 3.25], "rotation": 270, "texture": "#main"},
				"west": {"uv": [14, 2.5, 13.5, 2], "rotation": 90, "texture": "#main"},
				"up": {"uv": [14, 2.5, 14.5, 3.25], "rotation": 270, "texture": "#main"},
				"down": {"uv": [13, 2.5, 13.5, 3.25], "rotation": 270, "texture": "#main"}
			}
		},
		{
			"name": "Right Arm Layer",
			"from": [11.75, 7.75, 5.75],
			"to": [18.25, 12.25, 10.25],
			"rotation": {"angle": 22.5, "axis": "z", "origin": [14, 10, 8]},
			"faces": {
				"north": {"uv": [14.5, 4.5, 15, 5.25], "rotation": 90, "texture": "#main"},
				"east": {"uv": [8.5, 0, 8, 0.5], "rotation": 90, "texture": "#main"},
				"south": {"uv": [13.5, 4.5, 14, 5.25], "rotation": 270, "texture": "#main"},
				"west": {"uv": [14, 4.5, 13.5, 4], "rotation": 90, "texture": "#main"},
				"up": {"uv": [14, 4.5, 14.5, 5.25], "rotation": 270, "texture": "#main"},
				"down": {"uv": [13, 4.5, 13.5, 5.25], "rotation": 270, "texture": "#main"}
			}
		},
		{
			"name": "Right Arm",
			"from": [18.51594, 7.13585, 6],
			"to": [24.51594, 11.13585, 10],
			"rotation": {"angle": 45, "axis": "z", "origin": [15.51594, 9.13585, 8]},
			"faces": {
				"north": {"uv": [14.5, 3.25, 15, 4], "rotation": 90, "texture": "#main"},
				"east": {"uv": [14.5, 2, 14, 2.5], "rotation": 90, "texture": "#main"},
				"south": {"uv": [13.5, 3.25, 14, 4], "rotation": 270, "texture": "#main"},
				"west": {"uv": [14, 3.25, 13.5, 2.75], "rotation": 90, "texture": "#main"},
				"up": {"uv": [14, 3.25, 14.5, 4], "rotation": 270, "texture": "#main"},
				"down": {"uv": [13, 3.25, 13.5, 4], "rotation": 270, "texture": "#main"}
			}
		},
		{
			"name": "Right Arm Layer",
			"from": [18.26594, 6.88585, 5.75],
			"to": [24.76594, 11.38585, 10.25],
			"rotation": {"angle": 45, "axis": "z", "origin": [15.51594, 9.13585, 8]},
			"faces": {
				"north": {"uv": [14.5, 5.25, 15, 6], "rotation": 90, "texture": "#main"},
				"east": {"uv": [14.5, 4, 14, 4.5], "rotation": 90, "texture": "#main"},
				"south": {"uv": [13.5, 5.25, 14, 6], "rotation": 270, "texture": "#main"},
				"west": {"uv": [8.5, 0.5, 8, 0], "rotation": 90, "texture": "#main"},
				"up": {"uv": [14, 5.25, 14.5, 6], "rotation": 270, "texture": "#main"},
				"down": {"uv": [13, 5.25, 13.5, 6], "rotation": 270, "texture": "#main"}
			}
		},
		{
			"name": "Left Arm",
			"from": [-2, 8, 6],
			"to": [4, 12, 10],
			"rotation": {"angle": -22.5, "axis": "z", "origin": [2, 10, 8]},
			"faces": {
				"north": {"uv": [13.5, 6.5, 14, 7.25], "rotation": 270, "texture": "#main"},
				"east": {"uv": [13, 6.5, 12.5, 6], "rotation": 270, "texture": "#main"},
				"south": {"uv": [12.5, 6.5, 13, 7.25], "rotation": 90, "texture": "#main"},
				"west": {"uv": [13.5, 6, 13, 6.5], "rotation": 270, "texture": "#main"},
				"up": {"uv": [12, 6.5, 12.5, 7.25], "rotation": 90, "texture": "#main"},
				"down": {"uv": [13, 6.5, 13.5, 7.25], "rotation": 90, "texture": "#main"}
			}
		},
		{
			"name": "Left Arm Layer",
			"from": [-2.25, 7.75, 5.75],
			"to": [4.25, 12.25, 10.25],
			"rotation": {"angle": -22.5, "axis": "z", "origin": [2, 10, 8]},
			"faces": {
				"north": {"uv": [15.5, 6.5, 16, 7.25], "rotation": 270, "texture": "#main"},
				"east": {"uv": [15, 6.5, 14.5, 6], "rotation": 270, "texture": "#main"},
				"south": {"uv": [14.5, 6.5, 15, 7.25], "rotation": 90, "texture": "#main"},
				"west": {"uv": [8.5, 0, 8, 0.5], "rotation": 270, "texture": "#main"},
				"up": {"uv": [14, 6.5, 14.5, 7.25], "rotation": 90, "texture": "#main"},
				"down": {"uv": [15, 6.5, 15.5, 7.25], "rotation": 90, "texture": "#main"}
			}
		},
		{
			"name": "Left Arm",
			"from": [-8.86949, 7.13585, 6.25],
			"to": [-2.86949, 11.13585, 10.25],
			"rotation": {"angle": -45, "axis": "z", "origin": [0.13051, 9.13585, 8.25]},
			"faces": {
				"north": {"uv": [13.5, 7.25, 14, 8], "rotation": 270, "texture": "#main"},
				"east": {"uv": [13, 7.25, 12.5, 6.75], "rotation": 270, "texture": "#main"},
				"south": {"uv": [12.5, 7.25, 13, 8], "rotation": 90, "texture": "#main"},
				"west": {"uv": [13.5, 6, 13, 6.5], "rotation": 270, "texture": "#main"},
				"up": {"uv": [12, 7.25, 12.5, 8], "rotation": 90, "texture": "#main"},
				"down": {"uv": [13, 7.25, 13.5, 8], "rotation": 90, "texture": "#main"}
			}
		},
		{
			"name": "Left Arm Layer",
			"from": [-9.11949, 6.88585, 6],
			"to": [-2.61949, 11.38585, 10.5],
			"rotation": {"angle": -45, "axis": "z", "origin": [0.13051, 9.13585, 8.25]},
			"faces": {
				"north": {"uv": [15.5, 7.25, 16, 8], "rotation": 270, "texture": "#main"},
				"east": {"uv": [8.5, 0.5, 8, 0], "rotation": 270, "texture": "#main"},
				"south": {"uv": [14.5, 7.25, 15, 8], "rotation": 90, "texture": "#main"},
				"west": {"uv": [15.5, 6, 15, 6.5], "rotation": 270, "texture": "#main"},
				"up": {"uv": [14, 7.25, 14.5, 8], "rotation": 90, "texture": "#main"},
				"down": {"uv": [15, 7.25, 15.5, 8], "rotation": 90, "texture": "#main"}
			}
		},
		{
			"name": "Right Leg",
			"from": [7.9, -6, 6],
			"to": [11.65, 0, 10],
			"rotation": {"angle": 0, "axis": "x", "origin": [8, 0, 8]},
			"faces": {
				"north": {"uv": [8.5, 2.5, 9, 3.25], "texture": "#main"},
				"east": {"uv": [8, 2.5, 8.5, 3.25], "texture": "#main"},
				"south": {"uv": [9.5, 2.5, 10, 3.25], "texture": "#main"},
				"west": {"uv": [9, 2.5, 9.5, 3.25], "texture": "#main"},
				"up": {"uv": [9, 2.5, 8.5, 2], "texture": "#main"},
				"down": {"uv": [9.5, 2, 9, 2.5], "texture": "#main"}
			}
		},
		{
			"name": "Right Leg Layer",
			"from": [7.65, -6.25, 5.75],
			"to": [11.9, 0.25, 10.25],
			"rotation": {"angle": 0, "axis": "x", "origin": [8, 0, 8]},
			"faces": {
				"north": {"uv": [8.5, 4.5, 9, 5.25], "texture": "#main"},
				"east": {"uv": [8, 4.5, 8.5, 5.25], "texture": "#main"},
				"south": {"uv": [9.5, 4.5, 10, 5.25], "texture": "#main"},
				"west": {"uv": [9, 4.5, 9.5, 5.25], "texture": "#main"},
				"up": {"uv": [9, 4.5, 8.5, 4], "texture": "#main"},
				"down": {"uv": [8.5, 0, 8, 0.5], "texture": "#main"}
			}
		},
		{
			"name": "Right Leg",
			"from": [7.9, -12, 6],
			"to": [11.65, -6, 10],
			"rotation": {"angle": 0, "axis": "x", "origin": [8, -2, 7]},
			"faces": {
				"north": {"uv": [8.5, 3.25, 9, 4], "texture": "#main"},
				"east": {"uv": [8, 3.25, 8.5, 4], "texture": "#main"},
				"south": {"uv": [9.5, 3.25, 10, 4], "texture": "#main"},
				"west": {"uv": [9, 3.25, 9.5, 4], "texture": "#main"},
				"up": {"uv": [9, 3.25, 8.5, 2.75], "texture": "#main"},
				"down": {"uv": [9.5, 2, 9, 2.5], "texture": "#main"}
			}
		},
		{
			"name": "Right Leg Layer",
			"from": [7.65, -12.25, 5.75],
			"to": [11.9, -5.75, 10.25],
			"rotation": {"angle": 0, "axis": "x", "origin": [8, -2, 7]},
			"faces": {
				"north": {"uv": [8.5, 5.25, 9, 6], "texture": "#main"},
				"east": {"uv": [8, 5.25, 8.5, 6], "texture": "#main"},
				"south": {"uv": [9.5, 5.25, 10, 6], "texture": "#main"},
				"west": {"uv": [9, 5.25, 9.5, 6], "texture": "#main"},
				"up": {"uv": [8.5, 0.5, 8, 0], "texture": "#main"},
				"down": {"uv": [9.5, 4, 9, 4.5], "texture": "#main"}
			}
		},
		{
			"name": "Left Leg",
			"from": [4.35, -2, 2],
			"to": [8.1, 2, 8],
			"rotation": {"angle": -22.5, "axis": "x", "origin": [8, 0, 8]},
			"faces": {
				"north": {"uv": [11.5, 6, 11, 6.5], "rotation": 180, "texture": "#main"},
				"east": {"uv": [10, 6.5, 10.5, 7.25], "rotation": 270, "texture": "#main"},
				"south": {"uv": [11, 6.5, 10.5, 6], "texture": "#main"},
				"west": {"uv": [11, 6.5, 11.5, 7.25], "rotation": 90, "texture": "#main"},
				"up": {"uv": [10.5, 6.5, 11, 7.25], "rotation": 180, "texture": "#main"},
				"down": {"uv": [11.5, 6.5, 12, 7.25], "texture": "#main"}
			}
		},
		{
			"name": "Left Leg Layer",
			"from": [4.1, -2.25, 1.75],
			"to": [8.35, 2.25, 8.25],
			"rotation": {"angle": -22.5, "axis": "x", "origin": [8, 0, 8]},
			"faces": {
				"north": {"uv": [8.5, 0, 8, 0.5], "rotation": 180, "texture": "#main"},
				"east": {"uv": [8, 6.5, 8.5, 7.25], "rotation": 270, "texture": "#main"},
				"south": {"uv": [9, 6.5, 8.5, 6], "texture": "#main"},
				"west": {"uv": [9, 6.5, 9.5, 7.25], "rotation": 90, "texture": "#main"},
				"up": {"uv": [8.5, 6.5, 9, 7.25], "rotation": 180, "texture": "#main"},
				"down": {"uv": [9.5, 6.5, 10, 7.25], "texture": "#main"}
			}
		},
		{
			"name": "Left Leg",
			"from": [4.35, -7.1397, -2.75699],
			"to": [8.1, -1.1397, 1.24301],
			"rotation": {"angle": -22.5, "axis": "x", "origin": [8, 5.8603, 1.24301]},
			"faces": {
				"north": {"uv": [10.5, 7.25, 11, 8], "texture": "#main"},
				"east": {"uv": [10, 7.25, 10.5, 8], "texture": "#main"},
				"south": {"uv": [11.5, 7.25, 12, 8], "texture": "#main"},
				"west": {"uv": [11, 7.25, 11.5, 8], "texture": "#main"},
				"up": {"uv": [11, 6.5, 10.5, 6], "texture": "#main"},
				"down": {"uv": [11.5, 6, 11, 6.5], "texture": "#main"}
			}
		},
		{
			"name": "Left Leg Layer",
			"from": [4.1, -7.3897, -3.00699],
			"to": [8.35, -0.8897, 1.49301],
			"rotation": {"angle": -22.5, "axis": "x", "origin": [8, 5.8603, 1.24301]},
			"faces": {
				"north": {"uv": [8.5, 7.25, 9, 8], "texture": "#main"},
				"east": {"uv": [8, 7.25, 8.5, 8], "texture": "#main"},
				"south": {"uv": [9.5, 7.25, 10, 8], "texture": "#main"},
				"west": {"uv": [9, 7.25, 9.5, 8], "texture": "#main"},
				"up": {"uv": [8.5, 0.5, 8, 0], "texture": "#main"},
				"down": {"uv": [9.5, 6, 9, 6.5], "texture": "#main"}
			}
		},
		{
			"name": "Head",
			"from": [4, 12, 4],
			"to": [12, 20, 12],
			"rotation": {"angle": -45, "axis": "x", "origin": [8, 11, 8]},
			"faces": {
				"north": {"uv": [1, 9, 2, 10], "texture": "#main"},
				"east": {"uv": [0, 9, 1, 10], "texture": "#main"},
				"south": {"uv": [3, 9, 4, 10], "texture": "#main"},
				"west": {"uv": [2, 9, 3, 10], "texture": "#main"},
				"up": {"uv": [2, 9, 1, 8], "texture": "#main"},
				"down": {"uv": [3, 8, 2, 9], "texture": "#main"}
			}
		},
		{
			"name": "Hat Layer",
			"from": [3.5, 11.5, 3.5],
			"to": [12.5, 20.5, 12.5],
			"rotation": {"angle": -45, "axis": "x", "origin": [8, 11, 8]},
			"faces": {
				"north": {"uv": [5, 9, 6, 10], "texture": "#main"},
				"east": {"uv": [4, 9, 5, 10], "texture": "#main"},
				"south": {"uv": [7, 9, 8, 10], "texture": "#main"},
				"west": {"uv": [6, 9, 7, 10], "texture": "#main"},
				"up": {"uv": [6, 9, 5, 8], "texture": "#main"},
				"down": {"uv": [7, 8, 6, 9], "texture": "#main"}
			}
		},
		{
			"name": "Body",
			"from": [4, 6, 5.75],
			"to": [12, 12, 10.25],
			"rotation": {"angle": 0, "axis": "y", "origin": [8, 11, 8]},
			"faces": {
				"north": {"uv": [2.5, 10.5, 3.5, 11.25], "texture": "#main"},
				"east": {"uv": [2, 10.5, 2.5, 11.25], "texture": "#main"},
				"south": {"uv": [4, 10.5, 5, 11.25], "texture": "#main"},
				"west": {"uv": [3.5, 10.5, 4, 11.25], "texture": "#main"},
				"up": {"uv": [3.5, 10.5, 2.5, 10], "texture": "#main"},
				"down": {"uv": [4.5, 10, 3.5, 10.5], "texture": "#main"}
			}
		},
		{
			"name": "Body Layer",
			"from": [3.75, 5.75, 5.5],
			"to": [12.25, 12.25, 10.5],
			"rotation": {"angle": 0, "axis": "y", "origin": [8, 11, 8]},
			"faces": {
				"north": {"uv": [2.5, 12.5, 3.5, 13.25], "texture": "#main"},
				"east": {"uv": [2, 12.5, 2.5, 13.25], "texture": "#main"},
				"south": {"uv": [4, 12.5, 5, 13.25], "texture": "#main"},
				"west": {"uv": [3.5, 12.5, 4, 13.25], "texture": "#main"},
				"up": {"uv": [3.5, 12.5, 2.5, 12], "texture": "#main"},
				"down": {"uv": [1, 8, 0, 8.5], "texture": "#main"}
			}
		},
		{
			"name": "Body",
			"from": [4.25, 0, 6],
			"to": [11.75, 6, 10],
			"rotation": {"angle": 0, "axis": "y", "origin": [8, 11, 8]},
			"faces": {
				"north": {"uv": [2.5, 11.25, 3.5, 12], "texture": "#main"},
				"east": {"uv": [2, 11.25, 2.5, 12], "texture": "#main"},
				"south": {"uv": [4, 11.25, 5, 12], "texture": "#main"},
				"west": {"uv": [3.5, 11.25, 4, 12], "texture": "#main"},
				"up": {"uv": [3.5, 11.25, 2.5, 10.75], "texture": "#main"},
				"down": {"uv": [4.5, 10.75, 3.5, 11.25], "texture": "#main"}
			}
		},
		{
			"name": "Body Layer",
			"from": [4, -0.25, 5.75],
			"to": [12, 6.25, 10.25],
			"rotation": {"angle": 0, "axis": "y", "origin": [8, 11, 8]},
			"faces": {
				"north": {"uv": [2.5, 13.25, 3.5, 14], "texture": "#main"},
				"east": {"uv": [2, 13.25, 2.5, 14], "texture": "#main"},
				"south": {"uv": [4, 13.25, 5, 14], "texture": "#main"},
				"west": {"uv": [3.5, 13.25, 4, 14], "texture": "#main"},
				"up": {"uv": [1, 8.5, 0, 8], "texture": "#main"},
				"down": {"uv": [4.5, 12.75, 3.5, 13.25], "texture": "#main"}
			}
		},
		{
			"name": "Right Arm",
			"from": [12, 8, 6],
			"to": [18, 12, 10],
			"rotation": {"angle": 22.5, "axis": "z", "origin": [14, 10, 8]},
			"faces": {
				"north": {"uv": [6.5, 10.5, 7, 11.25], "rotation": 90, "texture": "#main"},
				"east": {"uv": [6.5, 10, 6, 10.5], "rotation": 90, "texture": "#main"},
				"south": {"uv": [5.5, 10.5, 6, 11.25], "rotation": 270, "texture": "#main"},
				"west": {"uv": [6, 10.5, 5.5, 10], "rotation": 90, "texture": "#main"},
				"up": {"uv": [6, 10.5, 6.5, 11.25], "rotation": 270, "texture": "#main"},
				"down": {"uv": [5, 10.5, 5.5, 11.25], "rotation": 270, "texture": "#main"}
			}
		},
		{
			"name": "Right Arm Layer",
			"from": [11.75, 7.75, 5.75],
			"to": [18.25, 12.25, 10.25],
			"rotation": {"angle": 22.5, "axis": "z", "origin": [14, 10, 8]},
			"faces": {
				"north": {"uv": [6.5, 12.5, 7, 13.25], "rotation": 90, "texture": "#main"},
				"east": {"uv": [0.5, 8, 0, 8.5], "rotation": 90, "texture": "#main"},
				"south": {"uv": [5.5, 12.5, 6, 13.25], "rotation": 270, "texture": "#main"},
				"west": {"uv": [6, 12.5, 5.5, 12], "rotation": 90, "texture": "#main"},
				"up": {"uv": [6, 12.5, 6.5, 13.25], "rotation": 270, "texture": "#main"},
				"down": {"uv": [5, 12.5, 5.5, 13.25], "rotation": 270, "texture": "#main"}
			}
		},
		{
			"name": "Right Arm",
			"from": [18.51594, 7.13585, 6],
			"to": [24.51594, 11.13585, 10],
			"rotation": {"angle": 45, "axis": "z", "origin": [15.51594, 9.13585, 8]},
			"faces": {
				"north": {"uv": [6.5, 11.25, 7, 12], "rotation": 90, "texture": "#main"},
				"east": {"uv": [6.5, 10, 6, 10.5], "rotation": 90, "texture": "#main"},
				"south": {"uv": [5.5, 11.25, 6, 12], "rotation": 270, "texture": "#main"},
				"west": {"uv": [6, 11.25, 5.5, 10.75], "rotation": 90, "texture": "#main"},
				"up": {"uv": [6, 11.25, 6.5, 12], "rotation": 270, "texture": "#main"},
				"down": {"uv": [5, 11.25, 5.5, 12], "rotation": 270, "texture": "#main"}
			}
		},
		{
			"name": "Right Arm Layer",
			"from": [18.26594, 6.88585, 5.75],
			"to": [24.76594, 11.38585, 10.25],
			"rotation": {"angle": 45, "axis": "z", "origin": [15.51594, 9.13585, 8]},
			"faces": {
				"north": {"uv": [6.5, 13.25, 7, 14], "rotation": 90, "texture": "#main"},
				"east": {"uv": [6.5, 12, 6, 12.5], "rotation": 90, "texture": "#main"},
				"south": {"uv": [5.5, 13.25, 6, 14], "rotation": 270, "texture": "#main"},
				"west": {"uv": [0.5, 8.5, 0, 8], "rotation": 90, "texture": "#main"},
				"up": {"uv": [6, 13.25, 6.5, 14], "rotation": 270, "texture": "#main"},
				"down": {"uv": [5, 13.25, 5.5, 14], "rotation": 270, "texture": "#main"}
			}
		},
		{
			"name": "Left Arm",
			"from": [-2, 8, 6],
			"to": [4, 12, 10],
			"rotation": {"angle": -22.5, "axis": "z", "origin": [2, 10, 8]},
			"faces": {
				"north": {"uv": [5.5, 14.5, 6, 15.25], "rotation": 270, "texture": "#main"},
				"east": {"uv": [5, 14.5, 4.5, 14], "rotation": 270, "texture": "#main"},
				"south": {"uv": [4.5, 14.5, 5, 15.25], "rotation": 90, "texture": "#main"},
				"west": {"uv": [5.5, 14, 5, 14.5], "rotation": 270, "texture": "#main"},
				"up": {"uv": [4, 14.5, 4.5, 15.25], "rotation": 90, "texture": "#main"},
				"down": {"uv": [5, 14.5, 5.5, 15.25], "rotation": 90, "texture": "#main"}
			}
		},
		{
			"name": "Left Arm Layer",
			"from": [-2.25, 7.75, 5.75],
			"to": [4.25, 12.25, 10.25],
			"rotation": {"angle": -22.5, "axis": "z", "origin": [2, 10, 8]},
			"faces": {
				"north": {"uv": [7.5, 14.5, 8, 15.25], "rotation": 270, "texture": "#main"},
				"east": {"uv": [7, 14.5, 6.5, 14], "rotation": 270, "texture": "#main"},
				"south": {"uv": [6.5, 14.5, 7, 15.25], "rotation": 90, "texture": "#main"},
				"west": {"uv": [0.5, 8, 0, 8.5], "rotation": 270, "texture": "#main"},
				"up": {"uv": [6, 14.5, 6.5, 15.25], "rotation": 90, "texture": "#main"},
				"down": {"uv": [7, 14.5, 7.5, 15.25], "rotation": 90, "texture": "#main"}
			}
		},
		{
			"name": "Left Arm",
			"from": [-8.86949, 7.13585, 6.25],
			"to": [-2.86949, 11.13585, 10.25],
			"rotation": {"angle": -45, "axis": "z", "origin": [0.13051, 9.13585, 8.25]},
			"faces": {
				"north": {"uv": [5.5, 15.25, 6, 16], "rotation": 270, "texture": "#main"},
				"east": {"uv": [5, 15.25, 4.5, 14.75], "rotation": 270, "texture": "#main"},
				"south": {"uv": [4.5, 15.25, 5, 16], "rotation": 90, "texture": "#main"},
				"west": {"uv": [5.5, 14, 5, 14.5], "rotation": 270, "texture": "#main"},
				"up": {"uv": [4, 15.25, 4.5, 16], "rotation": 90, "texture": "#main"},
				"down": {"uv": [5, 15.25, 5.5, 16], "rotation": 90, "texture": "#main"}
			}
		},
		{
			"name": "Left Arm Layer",
			"from": [-9.11949, 6.88585, 6],
			"to": [-2.61949, 11.38585, 10.5],
			"rotation": {"angle": -45, "axis": "z", "origin": [0.13051, 9.13585, 8.25]},
			"faces": {
				"north": {"uv": [7.5, 15.25, 8, 16], "rotation": 270, "texture": "#main"},
				"east": {"uv": [0.5, 8.5, 0, 8], "rotation": 270, "texture": "#main"},
				"south": {"uv": [6.5, 15.25, 7, 16], "rotation": 90, "texture": "#main"},
				"west": {"uv": [7.5, 14, 7, 14.5], "rotation": 270, "texture": "#main"},
				"up": {"uv": [6, 15.25, 6.5, 16], "rotation": 90, "texture": "#main"},
				"down": {"uv": [7, 15.25, 7.5, 16], "rotation": 90, "texture": "#main"}
			}
		},
		{
			"name": "Right Leg",
			"from": [7.9, -6, 6],
			"to": [11.65, 0, 10],
			"rotation": {"angle": 22.5, "axis": "z", "origin": [8, 0, 8]},
			"faces": {
				"north": {"uv": [0.5, 10.5, 1, 11.25], "texture": "#main"},
				"east": {"uv": [0, 10.5, 0.5, 11.25], "texture": "#main"},
				"south": {"uv": [1.5, 10.5, 2, 11.25], "texture": "#main"},
				"west": {"uv": [1, 10.5, 1.5, 11.25], "texture": "#main"},
				"up": {"uv": [1, 10.5, 0.5, 10], "texture": "#main"},
				"down": {"uv": [1.5, 10, 1, 10.5], "texture": "#main"}
			}
		},
		{
			"name": "Right Leg Layer",
			"from": [7.65, -6.25, 5.75],
			"to": [11.9, 0.25, 10.25],
			"rotation": {"angle": 22.5, "axis": "z", "origin": [8, 0, 8]},
			"faces": {
				"north": {"uv": [0.5, 12.5, 1, 13.25], "texture": "#main"},
				"east": {"uv": [0, 12.5, 0.5, 13.25], "texture": "#main"},
				"south": {"uv": [1.5, 12.5, 2, 13.25], "texture": "#main"},
				"west": {"uv": [1, 12.5, 1.5, 13.25], "texture": "#main"},
				"up": {"uv": [1, 12.5, 0.5, 12], "texture": "#main"},
				"down": {"uv": [0.5, 8, 0, 8.5], "texture": "#main"}
			}
		},
		{
			"name": "Right Leg",
			"from": [7.9, -12, 6],
			"to": [11.65, -6, 10],
			"rotation": {"angle": 22.5, "axis": "z", "origin": [8, 0, 8]},
			"faces": {
				"north": {"uv": [0.5, 11.25, 1, 12], "texture": "#main"},
				"east": {"uv": [0, 11.25, 0.5, 12], "texture": "#main"},
				"south": {"uv": [1.5, 11.25, 2, 12], "texture": "#main"},
				"west": {"uv": [1, 11.25, 1.5, 12], "texture": "#main"},
				"up": {"uv": [1, 11.25, 0.5, 10.75], "texture": "#main"},
				"down": {"uv": [1.5, 10, 1, 10.5], "texture": "#main"}
			}
		},
		{
			"name": "Right Leg Layer",
			"from": [7.65, -12.25, 5.75],
			"to": [11.9, -5.75, 10.25],
			"rotation": {"angle": 22.5, "axis": "z", "origin": [8, 0, 8]},
			"faces": {
				"north": {"uv": [0.5, 13.25, 1, 14], "texture": "#main"},
				"east": {"uv": [0, 13.25, 0.5, 14], "texture": "#main"},
				"south": {"uv": [1.5, 13.25, 2, 14], "texture": "#main"},
				"west": {"uv": [1, 13.25, 1.5, 14], "texture": "#main"},
				"up": {"uv": [0.5, 8.5, 0, 8], "texture": "#main"},
				"down": {"uv": [1.5, 12, 1, 12.5], "texture": "#main"}
			}
		},
		{
			"name": "Left Leg",
			"from": [4.35, -2, 2],
			"to": [8.1, 2, 8],
			"rotation": {"angle": -22.5, "axis": "x", "origin": [8, 0, 8]},
			"faces": {
				"north": {"uv": [3.5, 14, 3, 14.5], "rotation": 180, "texture": "#main"},
				"east": {"uv": [2, 14.5, 2.5, 15.25], "rotation": 270, "texture": "#main"},
				"south": {"uv": [3, 14.5, 2.5, 14], "texture": "#main"},
				"west": {"uv": [3, 14.5, 3.5, 15.25], "rotation": 90, "texture": "#main"},
				"up": {"uv": [2.5, 14.5, 3, 15.25], "rotation": 180, "texture": "#main"},
				"down": {"uv": [3.5, 14.5, 4, 15.25], "texture": "#main"}
			}
		},
		{
			"name": "Left Leg Layer",
			"from": [4.1, -2.25, 1.75],
			"to": [8.35, 2.25, 8.25],
			"rotation": {"angle": -22.5, "axis": "x", "origin": [8, 0, 8]},
			"faces": {
				"north": {"uv": [0.5, 8, 0, 8.5], "rotation": 180, "texture": "#main"},
				"east": {"uv": [0, 14.5, 0.5, 15.25], "rotation": 270, "texture": "#main"},
				"south": {"uv": [1, 14.5, 0.5, 14], "texture": "#main"},
				"west": {"uv": [1, 14.5, 1.5, 15.25], "rotation": 90, "texture": "#main"},
				"up": {"uv": [0.5, 14.5, 1, 15.25], "rotation": 180, "texture": "#main"},
				"down": {"uv": [1.5, 14.5, 2, 15.25], "texture": "#main"}
			}
		},
		{
			"name": "Left Leg",
			"from": [4.35, -7.1397, -2.75699],
			"to": [8.1, -1.1397, 1.24301],
			"rotation": {"angle": -22.5, "axis": "x", "origin": [8, 5.8603, 1.24301]},
			"faces": {
				"north": {"uv": [2.5, 15.25, 3, 16], "texture": "#main"},
				"east": {"uv": [2, 15.25, 2.5, 16], "texture": "#main"},
				"south": {"uv": [3.5, 15.25, 4, 16], "texture": "#main"},
				"west": {"uv": [3, 15.25, 3.5, 16], "texture": "#main"},
				"up": {"uv": [3, 14.5, 2.5, 14], "texture": "#main"},
				"down": {"uv": [3.5, 14, 3, 14.5], "texture": "#main"}
			}
		},
		{
			"name": "Left Leg Layer",
			"from": [4.1, -7.3897, -3.00699],
			"to": [8.35, -0.8897, 1.49301],
			"rotation": {"angle": -22.5, "axis": "x", "origin": [8, 5.8603, 1.24301]},
			"faces": {
				"north": {"uv": [0.5, 15.25, 1, 16], "texture": "#main"},
				"east": {"uv": [0, 15.25, 0.5, 16], "texture": "#main"},
				"south": {"uv": [1.5, 15.25, 2, 16], "texture": "#main"},
				"west": {"uv": [1, 15.25, 1.5, 16], "texture": "#main"},
				"up": {"uv": [0.5, 8.5, 0, 8], "texture": "#main"},
				"down": {"uv": [1.5, 14, 1, 14.5], "texture": "#main"}
			}
		},
		{
			"name": "Head",
			"from": [4, 12, 4],
			"to": [12, 20, 12],
			"rotation": {"angle": -45, "axis": "x", "origin": [8, 11, 8]},
			"faces": {
				"north": {"uv": [9, 9, 10, 10], "texture": "#main"},
				"east": {"uv": [8, 9, 9, 10], "texture": "#main"},
				"south": {"uv": [11, 9, 12, 10], "texture": "#main"},
				"west": {"uv": [10, 9, 11, 10], "texture": "#main"},
				"up": {"uv": [10, 9, 9, 8], "texture": "#main"},
				"down": {"uv": [11, 8, 10, 9], "texture": "#main"}
			}
		},
		{
			"name": "Hat Layer",
			"from": [3.5, 11.5, 3.5],
			"to": [12.5, 20.5, 12.5],
			"rotation": {"angle": -45, "axis": "x", "origin": [8, 11, 8]},
			"faces": {
				"north": {"uv": [13, 9, 14, 10], "texture": "#main"},
				"east": {"uv": [12, 9, 13, 10], "texture": "#main"},
				"south": {"uv": [15, 9, 16, 10], "texture": "#main"},
				"west": {"uv": [14, 9, 15, 10], "texture": "#main"},
				"up": {"uv": [14, 9, 13, 8], "texture": "#main"},
				"down": {"uv": [15, 8, 14, 9], "texture": "#main"}
			}
		},
		{
			"name": "Body",
			"from": [4, 6, 5.75],
			"to": [12, 12, 10.25],
			"rotation": {"angle": 0, "axis": "y", "origin": [8, 11, 8]},
			"faces": {
				"north": {"uv": [10.5, 10.5, 11.5, 11.25], "texture": "#main"},
				"east": {"uv": [10, 10.5, 10.5, 11.25], "texture": "#main"},
				"south": {"uv": [12, 10.5, 13, 11.25], "texture": "#main"},
				"west": {"uv": [11.5, 10.5, 12, 11.25], "texture": "#main"},
				"up": {"uv": [11.5, 10.5, 10.5, 10], "texture": "#main"},
				"down": {"uv": [12.5, 10, 11.5, 10.5], "texture": "#main"}
			}
		},
		{
			"name": "Body Layer",
			"from": [3.75, 5.75, 5.5],
			"to": [12.25, 12.25, 10.5],
			"rotation": {"angle": 0, "axis": "y", "origin": [8, 11, 8]},
			"faces": {
				"north": {"uv": [10.5, 12.5, 11.5, 13.25], "texture": "#main"},
				"east": {"uv": [10, 12.5, 10.5, 13.25], "texture": "#main"},
				"south": {"uv": [12, 12.5, 13, 13.25], "texture": "#main"},
				"west": {"uv": [11.5, 12.5, 12, 13.25], "texture": "#main"},
				"up": {"uv": [11.5, 12.5, 10.5, 12], "texture": "#main"},
				"down": {"uv": [9, 8, 8, 8.5], "texture": "#main"}
			}
		},
		{
			"name": "Body",
			"from": [4.25, 0, 6],
			"to": [11.75, 6, 10],
			"rotation": {"angle": 0, "axis": "y", "origin": [8, 11, 8]},
			"faces": {
				"north": {"uv": [10.5, 11.25, 11.5, 12], "texture": "#main"},
				"east": {"uv": [10, 11.25, 10.5, 12], "texture": "#main"},
				"south": {"uv": [12, 11.25, 13, 12], "texture": "#main"},
				"west": {"uv": [11.5, 11.25, 12, 12], "texture": "#main"},
				"up": {"uv": [11.5, 11.25, 10.5, 10.75], "texture": "#main"},
				"down": {"uv": [12.5, 10.75, 11.5, 11.25], "texture": "#main"}
			}
		},
		{
			"name": "Body Layer",
			"from": [4, -0.25, 5.75],
			"to": [12, 6.25, 10.25],
			"rotation": {"angle": 0, "axis": "y", "origin": [8, 11, 8]},
			"faces": {
				"north": {"uv": [10.5, 13.25, 11.5, 14], "texture": "#main"},
				"east": {"uv": [10, 13.25, 10.5, 14], "texture": "#main"},
				"south": {"uv": [12, 13.25, 13, 14], "texture": "#main"},
				"west": {"uv": [11.5, 13.25, 12, 14], "texture": "#main"},
				"up": {"uv": [9, 8.5, 8, 8], "texture": "#main"},
				"down": {"uv": [12.5, 12.75, 11.5, 13.25], "texture": "#main"}
			}
		},
		{
			"name": "Right Arm",
			"from": [12, 8, 6],
			"to": [18, 12, 10],
			"rotation": {"angle": 22.5, "axis": "z", "origin": [14, 10, 8]},
			"faces": {
				"north": {"uv": [14.5, 10.5, 15, 11.25], "rotation": 90, "texture": "#main"},
				"east": {"uv": [14.5, 10, 14, 10.5], "rotation": 90, "texture": "#main"},
				"south": {"uv": [13.5, 10.5, 14, 11.25], "rotation": 270, "texture": "#main"},
				"west": {"uv": [14, 10.5, 13.5, 10], "rotation": 90, "texture": "#main"},
				"up": {"uv": [14, 10.5, 14.5, 11.25], "rotation": 270, "texture": "#main"},
				"down": {"uv": [13, 10.5, 13.5, 11.25], "rotation": 270, "texture": "#main"}
			}
		},
		{
			"name": "Right Arm Layer",
			"from": [11.75, 7.75, 5.75],
			"to": [18.25, 12.25, 10.25],
			"rotation": {"angle": 22.5, "axis": "z", "origin": [14, 10, 8]},
			"faces": {
				"north": {"uv": [14.5, 12.5, 15, 13.25], "rotation": 90, "texture": "#main"},
				"east": {"uv": [8.5, 8, 8, 8.5], "rotation": 90, "texture": "#main"},
				"south": {"uv": [13.5, 12.5, 14, 13.25], "rotation": 270, "texture": "#main"},
				"west": {"uv": [14, 12.5, 13.5, 12], "rotation": 90, "texture": "#main"},
				"up": {"uv": [14, 12.5, 14.5, 13.25], "rotation": 270, "texture": "#main"},
				"down": {"uv": [13, 12.5, 13.5, 13.25], "rotation": 270, "texture": "#main"}
			}
		},
		{
			"name": "Right Arm",
			"from": [18.51594, 7.13585, 6],
			"to": [24.51594, 11.13585, 10],
			"rotation": {"angle": 45, "axis": "z", "origin": [15.51594, 9.13585, 8]},
			"faces": {
				"north": {"uv": [14.5, 11.25, 15, 12], "rotation": 90, "texture": "#main"},
				"east": {"uv": [14.5, 10, 14, 10.5], "rotation": 90, "texture": "#main"},
				"south": {"uv": [13.5, 11.25, 14, 12], "rotation": 270, "texture": "#main"},
				"west": {"uv": [14, 11.25, 13.5, 10.75], "rotation": 90, "texture": "#main"},
				"up": {"uv": [14, 11.25, 14.5, 12], "rotation": 270, "texture": "#main"},
				"down": {"uv": [13, 11.25, 13.5, 12], "rotation": 270, "texture": "#main"}
			}
		},
		{
			"name": "Right Arm Layer",
			"from": [18.26594, 6.88585, 5.75],
			"to": [24.76594, 11.38585, 10.25],
			"rotation": {"angle": 45, "axis": "z", "origin": [15.51594, 9.13585, 8]},
			"faces": {
				"north": {"uv": [14.5, 13.25, 15, 14], "rotation": 90, "texture": "#main"},
				"east": {"uv": [14.5, 12, 14, 12.5], "rotation": 90, "texture": "#main"},
				"south": {"uv": [13.5, 13.25, 14, 14], "rotation": 270, "texture": "#main"},
				"west": {"uv": [8.5, 8.5, 8, 8], "rotation": 90, "texture": "#main"},
				"up": {"uv": [14, 13.25, 14.5, 14], "rotation": 270, "texture": "#main"},
				"down": {"uv": [13, 13.25, 13.5, 14], "rotation": 270, "texture": "#main"}
			}
		},
		{
			"name": "Left Arm",
			"from": [-2, 8, 6],
			"to": [4, 12, 10],
			"rotation": {"angle": -22.5, "axis": "z", "origin": [2, 10, 8]},
			"faces": {
				"north": {"uv": [13.5, 14.5, 14, 15.25], "rotation": 270, "texture": "#main"},
				"east": {"uv": [13, 14.5, 12.5, 14], "rotation": 270, "texture": "#main"},
				"south": {"uv": [12.5, 14.5, 13, 15.25], "rotation": 90, "texture": "#main"},
				"west": {"uv": [13.5, 14, 13, 14.5], "rotation": 270, "texture": "#main"},
				"up": {"uv": [12, 14.5, 12.5, 15.25], "rotation": 90, "texture": "#main"},
				"down": {"uv": [13, 14.5, 13.5, 15.25], "rotation": 90, "texture": "#main"}
			}
		},
		{
			"name": "Left Arm Layer",
			"from": [-2.25, 7.75, 5.75],
			"to": [4.25, 12.25, 10.25],
			"rotation": {"angle": -22.5, "axis": "z", "origin": [2, 10, 8]},
			"faces": {
				"north": {"uv": [15.5, 14.5, 16, 15.25], "rotation": 270, "texture": "#main"},
				"east": {"uv": [15, 14.5, 14.5, 14], "rotation": 270, "texture": "#main"},
				"south": {"uv": [14.5, 14.5, 15, 15.25], "rotation": 90, "texture": "#main"},
				"west": {"uv": [8.5, 8, 8, 8.5], "rotation": 270, "texture": "#main"},
				"up": {"uv": [14, 14.5, 14.5, 15.25], "rotation": 90, "texture": "#main"},
				"down": {"uv": [15, 14.5, 15.5, 15.25], "rotation": 90, "texture": "#main"}
			}
		},
		{
			"name": "Left Arm",
			"from": [-8.86949, 7.13585, 6.25],
			"to": [-2.86949, 11.13585, 10.25],
			"rotation": {"angle": -45, "axis": "z", "origin": [0.13051, 9.13585, 8.25]},
			"faces": {
				"north": {"uv": [13.5, 15.25, 14, 16], "rotation": 270, "texture": "#main"},
				"east": {"uv": [13, 15.25, 12.5, 14.75], "rotation": 270, "texture": "#main"},
				"south": {"uv": [12.5, 15.25, 13, 16], "rotation": 90, "texture": "#main"},
				"west": {"uv": [13.5, 14, 13, 14.5], "rotation": 270, "texture": "#main"},
				"up": {"uv": [12, 15.25, 12.5, 16], "rotation": 90, "texture": "#main"},
				"down": {"uv": [13, 15.25, 13.5, 16], "rotation": 90, "texture": "#main"}
			}
		},
		{
			"name": "Left Arm Layer",
			"from": [-9.11949, 6.88585, 6],
			"to": [-2.61949, 11.38585, 10.5],
			"rotation": {"angle": -45, "axis": "z", "origin": [0.13051, 9.13585, 8.25]},
			"faces": {
				"north": {"uv": [15.5, 15.25, 16, 16], "rotation": 270, "texture": "#main"},
				"east": {"uv": [8.5, 8.5, 8, 8], "rotation": 270, "texture": "#main"},
				"south": {"uv": [14.5, 15.25, 15, 16], "rotation": 90, "texture": "#main"},
				"west": {"uv": [15.5, 14, 15, 14.5], "rotation": 270, "texture": "#main"},
				"up": {"uv": [14, 15.25, 14.5, 16], "rotation": 90, "texture": "#main"},
				"down": {"uv": [15, 15.25, 15.5, 16], "rotation": 90, "texture": "#main"}
			}
		},
		{
			"name": "Right Leg",
			"from": [7.9, -6, 6],
			"to": [11.65, 0, 10],
			"rotation": {"angle": -22.5, "axis": "z", "origin": [8, 0, 8]},
			"faces": {
				"north": {"uv": [8.5, 10.5, 9, 11.25], "texture": "#main"},
				"east": {"uv": [8, 10.5, 8.5, 11.25], "texture": "#main"},
				"south": {"uv": [9.5, 10.5, 10, 11.25], "texture": "#main"},
				"west": {"uv": [9, 10.5, 9.5, 11.25], "texture": "#main"},
				"up": {"uv": [9, 10.5, 8.5, 10], "texture": "#main"},
				"down": {"uv": [9.5, 10, 9, 10.5], "texture": "#main"}
			}
		},
		{
			"name": "Right Leg Layer",
			"from": [7.65, -6.25, 5.75],
			"to": [11.9, 0.25, 10.25],
			"rotation": {"angle": -22.5, "axis": "z", "origin": [8, 0, 8]},
			"faces": {
				"north": {"uv": [8.5, 12.5, 9, 13.25], "texture": "#main"},
				"east": {"uv": [8, 12.5, 8.5, 13.25], "texture": "#main"},
				"south": {"uv": [9.5, 12.5, 10, 13.25], "texture": "#main"},
				"west": {"uv": [9, 12.5, 9.5, 13.25], "texture": "#main"},
				"up": {"uv": [9, 12.5, 8.5, 12], "texture": "#main"},
				"down": {"uv": [8.5, 8, 8, 8.5], "texture": "#main"}
			}
		},
		{
			"name": "Right Leg",
			"from": [7.9, -12, 6],
			"to": [11.65, -6, 10],
			"rotation": {"angle": -22.5, "axis": "z", "origin": [8, 0, 8]},
			"faces": {
				"north": {"uv": [8.5, 11.25, 9, 12], "texture": "#main"},
				"east": {"uv": [8, 11.25, 8.5, 12], "texture": "#main"},
				"south": {"uv": [9.5, 11.25, 10, 12], "texture": "#main"},
				"west": {"uv": [9, 11.25, 9.5, 12], "texture": "#main"},
				"up": {"uv": [9, 11.25, 8.5, 10.75], "texture": "#main"},
				"down": {"uv": [9.5, 10, 9, 10.5], "texture": "#main"}
			}
		},
		{
			"name": "Right Leg Layer",
			"from": [7.65, -12.25, 5.75],
			"to": [11.9, -5.75, 10.25],
			"rotation": {"angle": -22.5, "axis": "z", "origin": [8, 0, 8]},
			"faces": {
				"north": {"uv": [8.5, 13.25, 9, 14], "texture": "#main"},
				"east": {"uv": [8, 13.25, 8.5, 14], "texture": "#main"},
				"south": {"uv": [9.5, 13.25, 10, 14], "texture": "#main"},
				"west": {"uv": [9, 13.25, 9.5, 14], "texture": "#main"},
				"up": {"uv": [8.5, 8.5, 8, 8], "texture": "#main"},
				"down": {"uv": [9.5, 12, 9, 12.5], "texture": "#main"}
			}
		},
		{
			"name": "Left Leg",
			"from": [4.35, -2, 2],
			"to": [8.1, 2, 8],
			"rotation": {"angle": -22.5, "axis": "x", "origin": [8, 0, 8]},
			"faces": {
				"north": {"uv": [11.5, 14, 11, 14.5], "rotation": 180, "texture": "#main"},
				"east": {"uv": [10, 14.5, 10.5, 15.25], "rotation": 270, "texture": "#main"},
				"south": {"uv": [11, 14.5, 10.5, 14], "texture": "#main"},
				"west": {"uv": [11, 14.5, 11.5, 15.25], "rotation": 90, "texture": "#main"},
				"up": {"uv": [10.5, 14.5, 11, 15.25], "rotation": 180, "texture": "#main"},
				"down": {"uv": [11.5, 14.5, 12, 15.25], "texture": "#main"}
			}
		},
		{
			"name": "Left Leg Layer",
			"from": [4.1, -2.25, 1.75],
			"to": [8.35, 2.25, 8.25],
			"rotation": {"angle": -22.5, "axis": "x", "origin": [8, 0, 8]},
			"faces": {
				"north": {"uv": [8.5, 8, 8, 8.5], "rotation": 180, "texture": "#main"},
				"east": {"uv": [8, 14.5, 8.5, 15.25], "rotation": 270, "texture": "#main"},
				"south": {"uv": [9, 14.5, 8.5, 14], "texture": "#main"},
				"west": {"uv": [9, 14.5, 9.5, 15.25], "rotation": 90, "texture": "#main"},
				"up": {"uv": [8.5, 14.5, 9, 15.25], "rotation": 180, "texture": "#main"},
				"down": {"uv": [9.5, 14.5, 10, 15.25], "texture": "#main"}
			}
		},
		{
			"name": "Left Leg",
			"from": [4.35, -7.1397, -2.75699],
			"to": [8.1, -1.1397, 1.24301],
			"rotation": {"angle": -22.5, "axis": "x", "origin": [8, 5.8603, 1.24301]},
			"faces": {
				"north": {"uv": [10.5, 15.25, 11, 16], "texture": "#main"},
				"east": {"uv": [10, 15.25, 10.5, 16], "texture": "#main"},
				"south": {"uv": [11.5, 15.25, 12, 16], "texture": "#main"},
				"west": {"uv": [11, 15.25, 11.5, 16], "texture": "#main"},
				"up": {"uv": [11, 14.5, 10.5, 14], "texture": "#main"},
				"down": {"uv": [11.5, 14, 11, 14.5], "texture": "#main"}
			}
		},
		{
			"name": "Left Leg Layer",
			"from": [4.1, -7.3897, -3.00699],
			"to": [8.35, -0.8897, 1.49301],
			"rotation": {"angle": -22.5, "axis": "x", "origin": [8, 5.8603, 1.24301]},
			"faces": {
				"north": {"uv": [8.5, 15.25, 9, 16], "texture": "#main"},
				"east": {"uv": [8, 15.25, 8.5, 16], "texture": "#main"},
				"south": {"uv": [9.5, 15.25, 10, 16], "texture": "#main"},
				"west": {"uv": [9, 15.25, 9.5, 16], "texture": "#main"},
				"up": {"uv": [8.5, 8.5, 8, 8], "texture": "#main"},
				"down": {"uv": [9.5, 14, 9, 14.5], "texture": "#main"}
			}
		},
		{
			"name": "Head",
			"from": [4, 12, 4],
			"to": [12, 20, 12],
			"rotation": {"angle": -45, "axis": "x", "origin": [8, 11, 8]},
			"faces": {
				"north": {"uv": [1, 1, 2, 2], "texture": "#main"},
				"east": {"uv": [0, 1, 1, 2], "texture": "#main"},
				"south": {"uv": [3, 1, 4, 2], "texture": "#main"},
				"west": {"uv": [2, 1, 3, 2], "texture": "#main"},
				"up": {"uv": [2, 1, 1, 0], "texture": "#main"},
				"down": {"uv": [3, 0, 2, 1], "texture": "#main"}
			}
		},
		{
			"name": "Hat Layer",
			"from": [3.5, 11.5, 3.5],
			"to": [12.5, 20.5, 12.5],
			"rotation": {"angle": -45, "axis": "x", "origin": [8, 11, 8]},
			"faces": {
				"north": {"uv": [5, 1, 6, 2], "texture": "#main"},
				"east": {"uv": [4, 1, 5, 2], "texture": "#main"},
				"south": {"uv": [7, 1, 8, 2], "texture": "#main"},
				"west": {"uv": [6, 1, 7, 2], "texture": "#main"},
				"up": {"uv": [6, 1, 5, 0], "texture": "#main"},
				"down": {"uv": [7, 0, 6, 1], "texture": "#main"}
			}
		},
		{
			"name": "Body",
			"from": [4, 6, 5.75],
			"to": [12, 12, 10.25],
			"rotation": {"angle": 0, "axis": "y", "origin": [8, 11, 8]},
			"faces": {
				"north": {"uv": [2.5, 2.5, 3.5, 3.25], "texture": "#main"},
				"east": {"uv": [2, 2.5, 2.5, 3.25], "texture": "#main"},
				"south": {"uv": [4, 2.5, 5, 3.25], "texture": "#main"},
				"west": {"uv": [3.5, 2.5, 4, 3.25], "texture": "#main"},
				"up": {"uv": [3.5, 2.5, 2.5, 2], "texture": "#main"},
				"down": {"uv": [4.5, 2, 3.5, 2.5], "texture": "#main"}
			}
		},
		{
			"name": "Body Layer",
			"from": [3.75, 5.75, 5.5],
			"to": [12.25, 12.25, 10.5],
			"rotation": {"angle": 0, "axis": "y", "origin": [8, 11, 8]},
			"faces": {
				"north": {"uv": [2.5, 4.5, 3.5, 5.25], "texture": "#main"},
				"east": {"uv": [2, 4.5, 2.5, 5.25], "texture": "#main"},
				"south": {"uv": [4, 4.5, 5, 5.25], "texture": "#main"},
				"west": {"uv": [3.5, 4.5, 4, 5.25], "texture": "#main"},
				"up": {"uv": [3.5, 4.5, 2.5, 4], "texture": "#main"},
				"down": {"uv": [1, 0, 0, 0.5], "texture": "#main"}
			}
		},
		{
			"name": "Body",
			"from": [4.25, 0, 6],
			"to": [11.75, 6, 10],
			"rotation": {"angle": 0, "axis": "y", "origin": [8, 11, 8]},
			"faces": {
				"north": {"uv": [2.5, 3.25, 3.5, 4], "texture": "#main"},
				"east": {"uv": [2, 3.25, 2.5, 4], "texture": "#main"},
				"south": {"uv": [4, 3.25, 5, 4], "texture": "#main"},
				"west": {"uv": [3.5, 3.25, 4, 4], "texture": "#main"},
				"up": {"uv": [3.5, 3.25, 2.5, 2.75], "texture": "#main"},
				"down": {"uv": [4.5, 2.75, 3.5, 3.25], "texture": "#main"}
			}
		},
		{
			"name": "Body Layer",
			"from": [4, -0.25, 5.75],
			"to": [12, 6.25, 10.25],
			"rotation": {"angle": 0, "axis": "y", "origin": [8, 11, 8]},
			"faces": {
				"north": {"uv": [2.5, 5.25, 3.5, 6], "texture": "#main"},
				"east": {"uv": [2, 5.25, 2.5, 6], "texture": "#main"},
				"south": {"uv": [4, 5.25, 5, 6], "texture": "#main"},
				"west": {"uv": [3.5, 5.25, 4, 6], "texture": "#main"},
				"up": {"uv": [1, 0.5, 0, 0], "texture": "#main"},
				"down": {"uv": [4.5, 4.75, 3.5, 5.25], "texture": "#main"}
			}
		},
		{
			"name": "Right Arm",
			"from": [12, 8, 6],
			"to": [18, 12, 10],
			"rotation": {"angle": 22.5, "axis": "z", "origin": [14, 10, 8]},
			"faces": {
				"north": {"uv": [6.5, 2.5, 7, 3.25], "rotation": 90, "texture": "#main"},
				"east": {"uv": [6.5, 2, 6, 2.5], "rotation": 90, "texture": "#main"},
				"south": {"uv": [5.5, 2.5, 6, 3.25], "rotation": 270, "texture": "#main"},
				"west": {"uv": [6, 2.5, 5.5, 2], "rotation": 90, "texture": "#main"},
				"up": {"uv": [6, 2.5, 6.5, 3.25], "rotation": 270, "texture": "#main"},
				"down": {"uv": [5, 2.5, 5.5, 3.25], "rotation": 270, "texture": "#main"}
			}
		},
		{
			"name": "Right Arm Layer",
			"from": [11.75, 7.75, 5.75],
			"to": [18.25, 12.25, 10.25],
			"rotation": {"angle": 22.5, "axis": "z", "origin": [14, 10, 8]},
			"faces": {
				"north": {"uv": [6.5, 4.5, 7, 5.25], "rotation": 90, "texture": "#main"},
				"east": {"uv": [0.5, 0, 0, 0.5], "rotation": 90, "texture": "#main"},
				"south": {"uv": [5.5, 4.5, 6, 5.25], "rotation": 270, "texture": "#main"},
				"west": {"uv": [6, 4.5, 5.5, 4], "rotation": 90, "texture": "#main"},
				"up": {"uv": [6, 4.5, 6.5, 5.25], "rotation": 270, "texture": "#main"},
				"down": {"uv": [5, 4.5, 5.5, 5.25], "rotation": 270, "texture": "#main"}
			}
		},
		{
			"name": "Right Arm",
			"from": [18.51594, 7.13585, 6],
			"to": [24.51594, 11.13585, 10],
			"rotation": {"angle": 45, "axis": "z", "origin": [15.51594, 9.13585, 8]},
			"faces": {
				"north": {"uv": [6.5, 3.25, 7, 4], "rotation": 90, "texture": "#main"},
				"east": {"uv": [6.5, 2, 6, 2.5], "rotation": 90, "texture": "#main"},
				"south": {"uv": [5.5, 3.25, 6, 4], "rotation": 270, "texture": "#main"},
				"west": {"uv": [6, 3.25, 5.5, 2.75], "rotation": 90, "texture": "#main"},
				"up": {"uv": [6, 3.25, 6.5, 4], "rotation": 270, "texture": "#main"},
				"down": {"uv": [5, 3.25, 5.5, 4], "rotation": 270, "texture": "#main"}
			}
		},
		{
			"name": "Right Arm Layer",
			"from": [18.26594, 6.88585, 5.75],
			"to": [24.76594, 11.38585, 10.25],
			"rotation": {"angle": 45, "axis": "z", "origin": [15.51594, 9.13585, 8]},
			"faces": {
				"north": {"uv": [6.5, 5.25, 7, 6], "rotation": 90, "texture": "#main"},
				"east": {"uv": [6.5, 4, 6, 4.5], "rotation": 90, "texture": "#main"},
				"south": {"uv": [5.5, 5.25, 6, 6], "rotation": 270, "texture": "#main"},
				"west": {"uv": [0.5, 0.5, 0, 0], "rotation": 90, "texture": "#main"},
				"up": {"uv": [6, 5.25, 6.5, 6], "rotation": 270, "texture": "#main"},
				"down": {"uv": [5, 5.25, 5.5, 6], "rotation": 270, "texture": "#main"}
			}
		},
		{
			"name": "Left Arm",
			"from": [-2, 8, 6],
			"to": [4, 12, 10],
			"rotation": {"angle": -22.5, "axis": "z", "origin": [2, 10, 8]},
			"faces": {
				"north": {"uv": [5.5, 6.5, 6, 7.25], "rotation": 270, "texture": "#main"},
				"east": {"uv": [5, 6.5, 4.5, 6], "rotation": 270, "texture": "#main"},
				"south": {"uv": [4.5, 6.5, 5, 7.25], "rotation": 90, "texture": "#main"},
				"west": {"uv": [5.5, 6, 5, 6.5], "rotation": 270, "texture": "#main"},
				"up": {"uv": [4, 6.5, 4.5, 7.25], "rotation": 90, "texture": "#main"},
				"down": {"uv": [5, 6.5, 5.5, 7.25], "rotation": 90, "texture": "#main"}
			}
		},
		{
			"name": "Left Arm Layer",
			"from": [-2.25, 7.75, 5.75],
			"to": [4.25, 12.25, 10.25],
			"rotation": {"angle": -22.5, "axis": "z", "origin": [2, 10, 8]},
			"faces": {
				"north": {"uv": [7.5, 6.5, 8, 7.25], "rotation": 270, "texture": "#main"},
				"east": {"uv": [7, 6.5, 6.5, 6], "rotation": 270, "texture": "#main"},
				"south": {"uv": [6.5, 6.5, 7, 7.25], "rotation": 90, "texture": "#main"},
				"west": {"uv": [0.5, 0, 0, 0.5], "rotation": 270, "texture": "#main"},
				"up": {"uv": [6, 6.5, 6.5, 7.25], "rotation": 90, "texture": "#main"},
				"down": {"uv": [7, 6.5, 7.5, 7.25], "rotation": 90, "texture": "#main"}
			}
		},
		{
			"name": "Left Arm",
			"from": [-8.86949, 7.13585, 6.25],
			"to": [-2.86949, 11.13585, 10.25],
			"rotation": {"angle": -45, "axis": "z", "origin": [0.13051, 9.13585, 8.25]},
			"faces": {
				"north": {"uv": [5.5, 7.25, 6, 8], "rotation": 270, "texture": "#main"},
				"east": {"uv": [5, 7.25, 4.5, 6.75], "rotation": 270, "texture": "#main"},
				"south": {"uv": [4.5, 7.25, 5, 8], "rotation": 90, "texture": "#main"},
				"west": {"uv": [5.5, 6, 5, 6.5], "rotation": 270, "texture": "#main"},
				"up": {"uv": [4, 7.25, 4.5, 8], "rotation": 90, "texture": "#main"},
				"down": {"uv": [5, 7.25, 5.5, 8], "rotation": 90, "texture": "#main"}
			}
		},
		{
			"name": "Left Arm Layer",
			"from": [-9.11949, 6.88585, 6],
			"to": [-2.61949, 11.38585, 10.5],
			"rotation": {"angle": -45, "axis": "z", "origin": [0.13051, 9.13585, 8.25]},
			"faces": {
				"north": {"uv": [7.5, 7.25, 8, 8], "rotation": 270, "texture": "#main"},
				"east": {"uv": [0.5, 0.5, 0, 0], "rotation": 270, "texture": "#main"},
				"south": {"uv": [6.5, 7.25, 7, 8], "rotation": 90, "texture": "#main"},
				"west": {"uv": [7.5, 6, 7, 6.5], "rotation": 270, "texture": "#main"},
				"up": {"uv": [6, 7.25, 6.5, 8], "rotation": 90, "texture": "#main"},
				"down": {"uv": [7, 7.25, 7.5, 8], "rotation": 90, "texture": "#main"}
			}
		},
		{
			"name": "Right Leg",
			"from": [7.9, -6, 6],
			"to": [11.65, 0, 10],
			"rotation": {"angle": 45, "axis": "x", "origin": [8, 0, 8]},
			"faces": {
				"north": {"uv": [0.5, 2.5, 1, 3.25], "texture": "#main"},
				"east": {"uv": [0, 2.5, 0.5, 3.25], "texture": "#main"},
				"south": {"uv": [1.5, 2.5, 2, 3.25], "texture": "#main"},
				"west": {"uv": [1, 2.5, 1.5, 3.25], "texture": "#main"},
				"up": {"uv": [1, 2.5, 0.5, 2], "texture": "#main"},
				"down": {"uv": [1.5, 2, 1, 2.5], "texture": "#main"}
			}
		},
		{
			"name": "Right Leg Layer",
			"from": [7.65, -6.25, 5.75],
			"to": [11.9, 0.25, 10.25],
			"rotation": {"angle": 45, "axis": "x", "origin": [8, 0, 8]},
			"faces": {
				"north": {"uv": [0.5, 4.5, 1, 5.25], "texture": "#main"},
				"east": {"uv": [0, 4.5, 0.5, 5.25], "texture": "#main"},
				"south": {"uv": [1.5, 4.5, 2, 5.25], "texture": "#main"},
				"west": {"uv": [1, 4.5, 1.5, 5.25], "texture": "#main"},
				"up": {"uv": [1, 4.5, 0.5, 4], "texture": "#main"},
				"down": {"uv": [0.5, 0, 0, 0.5], "texture": "#main"}
			}
		},
		{
			"name": "Right Leg",
			"from": [7.9, -9.65685, 2.17157],
			"to": [11.65, -3.65685, 6.17157],
			"rotation": {"angle": 0, "axis": "x", "origin": [8, 0.34315, 3.17157]},
			"faces": {
				"north": {"uv": [0.5, 3.25, 1, 4], "texture": "#main"},
				"east": {"uv": [0, 3.25, 0.5, 4], "texture": "#main"},
				"south": {"uv": [1.5, 3.25, 2, 4], "texture": "#main"},
				"west": {"uv": [1, 3.25, 1.5, 4], "texture": "#main"},
				"up": {"uv": [1, 3.25, 0.5, 2.75], "texture": "#main"},
				"down": {"uv": [1.5, 2, 1, 2.5], "texture": "#main"}
			}
		},
		{
			"name": "Right Leg Layer",
			"from": [7.65, -9.90685, 1.92157],
			"to": [11.9, -3.40685, 6.42157],
			"rotation": {"angle": 0, "axis": "x", "origin": [8, 0.34315, 3.17157]},
			"faces": {
				"north": {"uv": [0.5, 5.25, 1, 6], "texture": "#main"},
				"east": {"uv": [0, 5.25, 0.5, 6], "texture": "#main"},
				"south": {"uv": [1.5, 5.25, 2, 6], "texture": "#main"},
				"west": {"uv": [1, 5.25, 1.5, 6], "texture": "#main"},
				"up": {"uv": [0.5, 0.5, 0, 0], "texture": "#main"},
				"down": {"uv": [1.5, 4, 1, 4.5], "texture": "#main"}
			}
		},
		{
			"name": "Left Leg",
			"from": [4.35, -2, 2],
			"to": [8.1, 2, 8],
			"rotation": {"angle": -22.5, "axis": "x", "origin": [8, 0, 8]},
			"faces": {
				"north": {"uv": [3.5, 6, 3, 6.5], "rotation": 180, "texture": "#main"},
				"east": {"uv": [2, 6.5, 2.5, 7.25], "rotation": 270, "texture": "#main"},
				"south": {"uv": [3, 6.5, 2.5, 6], "texture": "#main"},
				"west": {"uv": [3, 6.5, 3.5, 7.25], "rotation": 90, "texture": "#main"},
				"up": {"uv": [2.5, 6.5, 3, 7.25], "rotation": 180, "texture": "#main"},
				"down": {"uv": [3.5, 6.5, 4, 7.25], "texture": "#main"}
			}
		},
		{
			"name": "Left Leg Layer",
			"from": [4.1, -2.25, 1.75],
			"to": [8.35, 2.25, 8.25],
			"rotation": {"angle": -22.5, "axis": "x", "origin": [8, 0, 8]},
			"faces": {
				"north": {"uv": [0.5, 0, 0, 0.5], "rotation": 180, "texture": "#main"},
				"east": {"uv": [0, 6.5, 0.5, 7.25], "rotation": 270, "texture": "#main"},
				"south": {"uv": [1, 6.5, 0.5, 6], "texture": "#main"},
				"west": {"uv": [1, 6.5, 1.5, 7.25], "rotation": 90, "texture": "#main"},
				"up": {"uv": [0.5, 6.5, 1, 7.25], "rotation": 180, "texture": "#main"},
				"down": {"uv": [1.5, 6.5, 2, 7.25], "texture": "#main"}
			}
		},
		{
			"name": "Left Leg",
			"from": [4.35, -7.1397, -2.75699],
			"to": [8.1, -1.1397, 1.24301],
			"rotation": {"angle": -22.5, "axis": "x", "origin": [8, 5.8603, 1.24301]},
			"faces": {
				"north": {"uv": [2.5, 7.25, 3, 8], "texture": "#main"},
				"east": {"uv": [2, 7.25, 2.5, 8], "texture": "#main"},
				"south": {"uv": [3.5, 7.25, 4, 8], "texture": "#main"},
				"west": {"uv": [3, 7.25, 3.5, 8], "texture": "#main"},
				"up": {"uv": [3, 6.5, 2.5, 6], "texture": "#main"},
				"down": {"uv": [3.5, 6, 3, 6.5], "texture": "#main"}
			}
		},
		{
			"name": "Left Leg Layer",
			"from": [4.1, -7.3897, -3.00699],
			"to": [8.35, -0.8897, 1.49301],
			"rotation": {"angle": -22.5, "axis": "x", "origin": [8, 5.8603, 1.24301]},
			"faces": {
				"north": {"uv": [0.5, 7.25, 1, 8], "texture": "#main"},
				"east": {"uv": [0, 7.25, 0.5, 8], "texture": "#main"},
				"south": {"uv": [1.5, 7.25, 2, 8], "texture": "#main"},
				"west": {"uv": [1, 7.25, 1.5, 8], "texture": "#main"},
				"up": {"uv": [0.5, 0.5, 0, 0], "texture": "#main"},
				"down": {"uv": [1.5, 6, 1, 6.5], "texture": "#main"}
			}
		}
	],
	"display": {
		"head": {
			"rotation": [27.35, 43.33, 20.11],
			"translation": [-4, -5.25, 9],
			"scale": [1.6, 1.6, 1.6]
		}
	},
	"groups": [
		0,
		1,
		2,
		3,
		4,
		5,
		6,
		7,
		8,
		9,
		10,
		11,
		12,
		13,
		14,
		15,
		16,
		17,
		18,
		19,
		20,
		21,
		22,
		23,
		24,
		25,
		26,
		27,
		28,
		29,
		30,
		31,
		32,
		33,
		34,
		35,
		36,
		37,
		38,
		39,
		40,
		41,
		42,
		43,
		44,
		45,
		46,
		47,
		48,
		49,
		50,
		51,
		52,
		53,
		54,
		55,
		56,
		57,
		58,
		59,
		60,
		61,
		62,
		63,
		64,
		65,
		{
			"name": "Head",
			"origin": [0, 24, 0],
			"color": 0,
			"children": [66, 67]
		},
		{
			"name": "Body",
			"origin": [0, 24, 0],
			"color": 0,
			"children": [
				68,
				69,
				{
					"name": "Body",
					"origin": [0, 24, 0],
					"color": 0,
					"children": [70, 71]
				}
			]
		},
		{
			"name": "RightArm",
			"origin": [5, 22, 0],
			"color": 0,
			"children": [
				72,
				73,
				{
					"name": "RightArm",
					"origin": [5, 22, 0],
					"color": 0,
					"children": [74, 75]
				}
			]
		},
		{
			"name": "LeftArm",
			"origin": [-5, 22, 0],
			"color": 0,
			"children": [
				76,
				77,
				{
					"name": "LeftArm",
					"origin": [-5, 22, 0],
					"color": 0,
					"children": [78, 79]
				}
			]
		},
		{
			"name": "RightLeg",
			"origin": [1.9, 12, 0],
			"color": 0,
			"children": [
				80,
				81,
				{
					"name": "RightLeg",
					"origin": [1.9, 12, 0],
					"color": 0,
					"children": [82, 83]
				}
			]
		},
		{
			"name": "LeftLeg",
			"origin": [-1.9, 12, 0],
			"color": 0,
			"children": [
				84,
				85,
				{
					"name": "LeftLeg",
					"origin": [-1.9, 12, 0],
					"color": 0,
					"children": [86, 87]
				}
			]
		}
	]
}