{
	"credit": "Made with Blockbench",
	"texture_size": [32, 32],
	"textures": {
		"0": "gun/ump45/ump45",
		"particle": "gun/ump45/ump45"
	},
	"elements": [
		{
			"from": [7.8, 3.1, 19.6],
			"to": [8.1, 6, 20],
			"rotation": {"angle": 0, "axis": "y", "origin": [-0.1, 0, 4]},
			"faces": {
				"north": {"uv": [6.5, 5.5, 6.625, 6.9375], "texture": "#0"},
				"east": {"uv": [1, 6, 1.1875, 7.4375], "texture": "#0"},
				"south": {"uv": [0.5, 7, 0.625, 8.4375], "texture": "#0"},
				"west": {"uv": [6, 1, 6.1875, 2.4375], "texture": "#0"},
				"up": {"uv": [8.625, 10.1875, 8.5, 10], "texture": "#0"},
				"down": {"uv": [10.125, 8.5, 10, 8.6875], "texture": "#0"}
			}
		},
		{
			"from": [7.8, 3.1, 19.4],
			"to": [8.1, 6, 19.6],
			"rotation": {"angle": 0, "axis": "y", "origin": [-0.1, 0, 4]},
			"faces": {
				"north": {"uv": [7, 1, 7.125, 2.4375], "texture": "#0"},
				"east": {"uv": [2.5, 7, 2.625, 8.4375], "texture": "#0"},
				"south": {"uv": [7, 4.5, 7.125, 5.9375], "texture": "#0"},
				"west": {"uv": [6, 7, 6.125, 8.4375], "texture": "#0"},
				"up": {"uv": [10.625, 8.625, 10.5, 8.5], "texture": "#0"},
				"down": {"uv": [9.125, 10.5, 9, 10.625], "texture": "#0"}
			}
		},
		{
			"from": [7.8, 5.6, 14.5],
			"to": [8.1, 6, 19.4],
			"rotation": {"angle": 0, "axis": "y", "origin": [-0.1, 0, 4]},
			"faces": {
				"north": {"uv": [9, 10, 9.125, 10.1875], "texture": "#0"},
				"east": {"uv": [5, 3, 7.4375, 3.1875], "texture": "#0"},
				"south": {"uv": [10, 9, 10.125, 9.1875], "texture": "#0"},
				"west": {"uv": [5, 3.5, 7.4375, 3.6875], "texture": "#0"},
				"up": {"uv": [4.625, 7.9375, 4.5, 5.5], "texture": "#0"},
				"down": {"uv": [0.125, 6, 0, 8.4375], "texture": "#0"}
			}
		},
		{
			"from": [7.9, 4.8, 14.5],
			"to": [8, 5.6, 15.8],
			"rotation": {"angle": 0, "axis": "y", "origin": [-0.1, 0, 4]},
			"faces": {
				"north": {"uv": [9.5, 10, 9.5625, 10.375], "texture": "#0"},
				"east": {"uv": [6.5, 0, 7.125, 0.375], "texture": "#0"},
				"south": {"uv": [10, 9.5, 10.0625, 9.875], "texture": "#0"},
				"west": {"uv": [6.5, 0.5, 7.125, 0.875], "texture": "#0"},
				"up": {"uv": [4.0625, 10.125, 4, 9.5], "texture": "#0"},
				"down": {"uv": [9.5625, 4, 9.5, 4.625], "texture": "#0"}
			}
		},
		{
			"from": [7.9, 4.1, 17],
			"to": [8, 5.6, 17.4],
			"rotation": {"angle": 0, "axis": "y", "origin": [-0.1, 0, 4]},
			"faces": {
				"north": {"uv": [9, 6, 9.0625, 6.75], "texture": "#0"},
				"east": {"uv": [2, 7.5, 2.1875, 8.25], "texture": "#0"},
				"south": {"uv": [6.5, 9, 6.5625, 9.75], "texture": "#0"},
				"west": {"uv": [7.5, 3, 7.6875, 3.75], "texture": "#0"},
				"up": {"uv": [6.0625, 11.1875, 6, 11], "texture": "#0"},
				"down": {"uv": [11.0625, 6, 11, 6.1875], "texture": "#0"}
			}
		},
		{
			"from": [7.9, 3.9, 17.6],
			"to": [8, 4.2, 18],
			"rotation": {"angle": 0, "axis": "y", "origin": [-0.1, 0, 4]},
			"faces": {
				"north": {"uv": [11.5, 3.5, 11.5625, 3.625], "texture": "#0"},
				"east": {"uv": [10, 10, 10.1875, 10.125], "texture": "#0"},
				"south": {"uv": [4, 11.5, 4.0625, 11.625], "texture": "#0"},
				"west": {"uv": [0, 10.5, 0.1875, 10.625], "texture": "#0"},
				"up": {"uv": [6.5625, 11.1875, 6.5, 11], "texture": "#0"},
				"down": {"uv": [11.0625, 6.5, 11, 6.6875], "texture": "#0"}
			}
		},
		{
			"from": [7.9, -0.56342, 19.95543],
			"to": [8, 1.23658, 20.55543],
			"rotation": {"angle": -22.5, "axis": "x", "origin": [-0.1, -4.66342, 7.25543]},
			"faces": {
				"north": {"uv": [9, 2, 9.0625, 2.875], "texture": "#0"},
				"east": {"uv": [6, 0, 6.3125, 0.875], "texture": "#0"},
				"south": {"uv": [9, 3, 9.0625, 3.875], "texture": "#0"},
				"west": {"uv": [0.5, 6, 0.8125, 6.875], "texture": "#0"},
				"up": {"uv": [10.5625, 6.3125, 10.5, 6], "texture": "#0"},
				"down": {"uv": [6.5625, 10.5, 6.5, 10.8125], "texture": "#0"}
			}
		},
		{
			"from": [7.9, 8.43658, 7.55543],
			"to": [8, 8.83658, 7.95543],
			"rotation": {"angle": 45, "axis": "x", "origin": [-0.1, -4.66342, 7.25543]},
			"faces": {
				"north": {"uv": [7, 11, 7.0625, 11.1875], "texture": "#0"},
				"east": {"uv": [2, 10, 2.1875, 10.1875], "texture": "#0"},
				"south": {"uv": [11, 7, 11.0625, 7.1875], "texture": "#0"},
				"west": {"uv": [10, 2, 10.1875, 2.1875], "texture": "#0"},
				"up": {"uv": [7.5625, 11.1875, 7.5, 11], "texture": "#0"},
				"down": {"uv": [11.0625, 7.5, 11, 7.6875], "texture": "#0"}
			}
		},
		{
			"from": [7.9, 9.43658, 9.85543],
			"to": [8, 9.93658, 10.25543],
			"rotation": {"angle": 45, "axis": "x", "origin": [-0.1, -4.66342, 7.25543]},
			"faces": {
				"north": {"uv": [10.5, 9, 10.5625, 9.25], "texture": "#0"},
				"east": {"uv": [9, 7, 9.1875, 7.25], "texture": "#0"},
				"south": {"uv": [9.5, 10.5, 9.5625, 10.75], "texture": "#0"},
				"west": {"uv": [7.5, 9, 7.6875, 9.25], "texture": "#0"},
				"up": {"uv": [8.0625, 11.1875, 8, 11], "texture": "#0"},
				"down": {"uv": [11.0625, 8, 11, 8.1875], "texture": "#0"}
			}
		},
		{
			"from": [7.9, 9.63658, 7.05543],
			"to": [8, 10.03658, 7.45543],
			"rotation": {"angle": 45, "axis": "x", "origin": [-0.1, -4.66342, 7.25543]},
			"faces": {
				"north": {"uv": [8.5, 11, 8.5625, 11.1875], "texture": "#0"},
				"east": {"uv": [2.5, 10, 2.6875, 10.1875], "texture": "#0"},
				"south": {"uv": [11, 8.5, 11.0625, 8.6875], "texture": "#0"},
				"west": {"uv": [10, 2.5, 10.1875, 2.6875], "texture": "#0"},
				"up": {"uv": [9.0625, 11.1875, 9, 11], "texture": "#0"},
				"down": {"uv": [11.0625, 9, 11, 9.1875], "texture": "#0"}
			}
		},
		{
			"from": [7.9, 8.43658, 5.85543],
			"to": [8, 8.83658, 6.25543],
			"rotation": {"angle": 45, "axis": "x", "origin": [-0.1, -4.66342, 7.25543]},
			"faces": {
				"north": {"uv": [9.5, 11, 9.5625, 11.1875], "texture": "#0"},
				"east": {"uv": [3, 10, 3.1875, 10.1875], "texture": "#0"},
				"south": {"uv": [11, 9.5, 11.0625, 9.6875], "texture": "#0"},
				"west": {"uv": [10, 3, 10.1875, 3.1875], "texture": "#0"},
				"up": {"uv": [10.0625, 11.1875, 10, 11], "texture": "#0"},
				"down": {"uv": [11.0625, 10, 11, 10.1875], "texture": "#0"}
			}
		},
		{
			"from": [7.9, 8.03658, 6.35543],
			"to": [8, 8.23658, 6.95543],
			"rotation": {"angle": 45, "axis": "x", "origin": [-0.1, -4.66342, 7.25543]},
			"faces": {
				"north": {"uv": [11.5, 4, 11.5625, 4.125], "texture": "#0"},
				"east": {"uv": [4.5, 9.5, 4.8125, 9.625], "texture": "#0"},
				"south": {"uv": [4.5, 11.5, 4.5625, 11.625], "texture": "#0"},
				"west": {"uv": [5, 9.5, 5.3125, 9.625], "texture": "#0"},
				"up": {"uv": [10.5625, 6.8125, 10.5, 6.5], "texture": "#0"},
				"down": {"uv": [7.0625, 10.5, 7, 10.8125], "texture": "#0"}
			}
		},
		{
			"from": [7.8, 9.4196, 14.12923],
			"to": [8.1, 9.6196, 18.42923],
			"rotation": {"angle": 22.5, "axis": "x", "origin": [-0.1, 3.8196, 3.02923]},
			"faces": {
				"north": {"uv": [10.5, 9.5, 10.625, 9.625], "texture": "#0"},
				"east": {"uv": [6, 2.5, 8.125, 2.625], "texture": "#0"},
				"south": {"uv": [10, 10.5, 10.125, 10.625], "texture": "#0"},
				"west": {"uv": [6, 4, 8.125, 4.125], "texture": "#0"},
				"up": {"uv": [1.625, 8.125, 1.5, 6], "texture": "#0"},
				"down": {"uv": [6.125, 4.5, 6, 6.625], "texture": "#0"}
			}
		},
		{
			"from": [7.8, 4.73031, 14.50385],
			"to": [8.1, 4.93031, 15.50385],
			"rotation": {"angle": 0, "axis": "y", "origin": [-0.1, -1.06969, 0.10385]},
			"faces": {
				"north": {"uv": [10.5, 10, 10.625, 10.125], "texture": "#0"},
				"east": {"uv": [8, 8.5, 8.5, 8.625], "texture": "#0"},
				"south": {"uv": [10.5, 10.5, 10.625, 10.625], "texture": "#0"},
				"west": {"uv": [8.5, 8.5, 9, 8.625], "texture": "#0"},
				"up": {"uv": [9.125, 0.5, 9, 0], "texture": "#0"},
				"down": {"uv": [9.125, 0.5, 9, 1], "texture": "#0"}
			}
		},
		{
			"from": [7.7, 4.7, 12.7],
			"to": [8.2, 5.8, 14.5],
			"rotation": {"angle": 0, "axis": "y", "origin": [-0.1, 0, 4]},
			"faces": {
				"north": {"uv": [7.5, 4.5, 7.75, 5.0625], "texture": "#0"},
				"east": {"uv": [4.5, 0, 5.375, 0.5625], "texture": "#0"},
				"south": {"uv": [7.5, 5.5, 7.75, 6.0625], "texture": "#0"},
				"west": {"uv": [4, 4.5, 4.875, 5.0625], "texture": "#0"},
				"up": {"uv": [6.75, 1.875, 6.5, 1], "texture": "#0"},
				"down": {"uv": [2.25, 6.5, 2, 7.375], "texture": "#0"}
			}
		},
		{
			"from": [7.7, 4.9, 3.8],
			"to": [8.2, 5.8, 12.7],
			"rotation": {"angle": 0, "axis": "y", "origin": [-0.1, 0, 4]},
			"faces": {
				"north": {"uv": [4.5, 8, 4.75, 8.4375], "texture": "#0"},
				"east": {"uv": [0, 0, 4.4375, 0.4375], "texture": "#0"},
				"south": {"uv": [8, 4.5, 8.25, 4.9375], "texture": "#0"},
				"west": {"uv": [0, 0.5, 4.4375, 0.9375], "texture": "#0"},
				"up": {"uv": [2.25, 6.4375, 2, 2], "texture": "#0"},
				"down": {"uv": [2.75, 2, 2.5, 6.4375], "texture": "#0"}
			}
		},
		{
			"from": [7.7, 4.4, 3.8],
			"to": [8.2, 4.9, 4.1],
			"rotation": {"angle": 0, "axis": "y", "origin": [-0.1, 0, 4]},
			"faces": {
				"north": {"uv": [1, 9, 1.25, 9.25], "texture": "#0"},
				"east": {"uv": [3.5, 10, 3.625, 10.25], "texture": "#0"},
				"south": {"uv": [9, 1, 9.25, 1.25], "texture": "#0"},
				"west": {"uv": [10, 3.5, 10.125, 3.75], "texture": "#0"},
				"up": {"uv": [10.25, 4.125, 10, 4], "texture": "#0"},
				"down": {"uv": [4.75, 10, 4.5, 10.125], "texture": "#0"}
			}
		},
		{
			"from": [7.8, 4.5, 7.6],
			"to": [8.1, 4.9, 8.3],
			"rotation": {"angle": 0, "axis": "y", "origin": [-0.1, 0, 4]},
			"faces": {
				"north": {"uv": [10.5, 0, 10.625, 0.1875], "texture": "#0"},
				"east": {"uv": [5, 8.5, 5.375, 8.6875], "texture": "#0"},
				"south": {"uv": [0.5, 10.5, 0.625, 10.6875], "texture": "#0"},
				"west": {"uv": [8.5, 5, 8.875, 5.1875], "texture": "#0"},
				"up": {"uv": [9.125, 7.875, 9, 7.5], "texture": "#0"},
				"down": {"uv": [8.125, 9, 8, 9.375], "texture": "#0"}
			}
		},
		{
			"from": [7.7, 6.38277, 5.0456],
			"to": [8.2, 7.28277, 6.0456],
			"rotation": {"angle": 22.5, "axis": "x", "origin": [-0.1, 1.48277, 2.1456]},
			"faces": {
				"north": {"uv": [8, 5, 8.25, 5.4375], "texture": "#0"},
				"east": {"uv": [6.5, 2, 7, 2.4375], "texture": "#0"},
				"south": {"uv": [8, 5.5, 8.25, 5.9375], "texture": "#0"},
				"west": {"uv": [2.5, 6.5, 3, 6.9375], "texture": "#0"},
				"up": {"uv": [7.75, 8, 7.5, 7.5], "texture": "#0"},
				"down": {"uv": [8.25, 0, 8, 0.5], "texture": "#0"}
			}
		},
		{
			"from": [7.7, 3.46117, 5.59081],
			"to": [8.2, 3.66117, 5.89081],
			"rotation": {"angle": 45, "axis": "x", "origin": [-0.1, -4.13883, 10.79081]},
			"faces": {
				"north": {"uv": [10, 4.5, 10.25, 4.625], "texture": "#0"},
				"east": {"uv": [0, 11, 0.125, 11.125], "texture": "#0"},
				"south": {"uv": [5, 10, 5.25, 10.125], "texture": "#0"},
				"west": {"uv": [11, 0, 11.125, 0.125], "texture": "#0"},
				"up": {"uv": [5.75, 10.125, 5.5, 10], "texture": "#0"},
				"down": {"uv": [10.25, 5.5, 10, 5.625], "texture": "#0"}
			}
		},
		{
			"from": [7.8, 1.03959, 15.29788],
			"to": [8.1, 2.13959, 17.09788],
			"rotation": {"angle": -22.5, "axis": "x", "origin": [-0.1, -3.66041, 6.59788]},
			"faces": {
				"north": {"uv": [5.5, 8.5, 5.625, 9.0625], "texture": "#0"},
				"east": {"uv": [0, 5, 0.875, 5.5625], "texture": "#0"},
				"south": {"uv": [8.5, 5.5, 8.625, 6.0625], "texture": "#0"},
				"west": {"uv": [1, 5, 1.875, 5.5625], "texture": "#0"},
				"up": {"uv": [6.625, 8.875, 6.5, 8], "texture": "#0"},
				"down": {"uv": [7.625, 8, 7.5, 8.875], "texture": "#0"}
			}
		},
		{
			"from": [7.8, 5.43959, 9.39788],
			"to": [8.1, 6.53959, 9.79788],
			"rotation": {"angle": 22.5, "axis": "x", "origin": [-0.1, -3.66041, 6.59788]},
			"faces": {
				"north": {"uv": [6, 8.5, 6.125, 9.0625], "texture": "#0"},
				"east": {"uv": [8, 7.5, 8.1875, 8.0625], "texture": "#0"},
				"south": {"uv": [8.5, 6.5, 8.625, 7.0625], "texture": "#0"},
				"west": {"uv": [0, 8.5, 0.1875, 9.0625], "texture": "#0"},
				"up": {"uv": [10.625, 0.6875, 10.5, 0.5], "texture": "#0"},
				"down": {"uv": [1.125, 10.5, 1, 10.6875], "texture": "#0"}
			}
		},
		{
			"from": [7.8, 4, 8.7],
			"to": [8.1, 4.9, 12.9],
			"rotation": {"angle": 0, "axis": "y", "origin": [-0.1, 0, 4]},
			"faces": {
				"north": {"uv": [9, 4, 9.125, 4.4375], "texture": "#0"},
				"east": {"uv": [3, 2, 5.125, 2.4375], "texture": "#0"},
				"south": {"uv": [4.5, 9, 4.625, 9.4375], "texture": "#0"},
				"west": {"uv": [3, 2.5, 5.125, 2.9375], "texture": "#0"},
				"up": {"uv": [5.125, 8.125, 5, 6], "texture": "#0"},
				"down": {"uv": [5.625, 6, 5.5, 8.125], "texture": "#0"}
			}
		},
		{
			"from": [7.8, 0.08762, 10.68855],
			"to": [8.1, 2.68762, 11.88855],
			"rotation": {"angle": -22.5, "axis": "x", "origin": [-0.1, 5.88762, 7.78855]},
			"faces": {
				"north": {"uv": [7, 7, 7.125, 8.3125], "texture": "#0"},
				"east": {"uv": [3, 3, 3.625, 4.3125], "texture": "#0"},
				"south": {"uv": [7.5, 0, 7.625, 1.3125], "texture": "#0"},
				"west": {"uv": [4, 3, 4.625, 4.3125], "texture": "#0"},
				"up": {"uv": [8.625, 2.125, 8.5, 1.5], "texture": "#0"},
				"down": {"uv": [2.125, 8.5, 2, 9.125], "texture": "#0"}
			}
		},
		{
			"from": [7.8, 0.08762, 10.58855],
			"to": [8.1, 0.28762, 10.68855],
			"rotation": {"angle": -22.5, "axis": "x", "origin": [-0.1, 5.88762, 7.78855]},
			"faces": {
				"north": {"uv": [0.5, 11, 0.625, 11.125], "texture": "#0"},
				"east": {"uv": [11.5, 4.5, 11.5625, 4.625], "texture": "#0"},
				"south": {"uv": [11, 0.5, 11.125, 0.625], "texture": "#0"},
				"west": {"uv": [5, 11.5, 5.0625, 11.625], "texture": "#0"},
				"up": {"uv": [11.625, 5.0625, 11.5, 5], "texture": "#0"},
				"down": {"uv": [5.625, 11.5, 5.5, 11.5625], "texture": "#0"}
			}
		},
		{
			"from": [7.85, 1.88762, 9.98855],
			"to": [8.05, 1.98762, 10.68855],
			"rotation": {"angle": -22.5, "axis": "x", "origin": [-0.1, 5.88762, 7.78855]},
			"faces": {
				"north": {"uv": [11.5, 5.5, 11.625, 5.5625], "texture": "#0"},
				"east": {"uv": [10.5, 1, 10.875, 1.0625], "texture": "#0"},
				"south": {"uv": [6, 11.5, 6.125, 11.5625], "texture": "#0"},
				"west": {"uv": [1.5, 10.5, 1.875, 10.5625], "texture": "#0"},
				"up": {"uv": [9.125, 8.375, 9, 8], "texture": "#0"},
				"down": {"uv": [8.625, 9, 8.5, 9.375], "texture": "#0"}
			}
		},
		{
			"from": [7.85, 3.03401, 10.15182],
			"to": [8.05, 3.13401, 11.35182],
			"rotation": {"angle": 0, "axis": "x", "origin": [-0.1, 7.03401, 8.45182]},
			"faces": {
				"north": {"uv": [11.5, 6, 11.625, 6.0625], "texture": "#0"},
				"east": {"uv": [9.5, 5, 10.125, 5.0625], "texture": "#0"},
				"south": {"uv": [6.5, 11.5, 6.625, 11.5625], "texture": "#0"},
				"west": {"uv": [5.5, 9.5, 6.125, 9.5625], "texture": "#0"},
				"up": {"uv": [2.625, 9.125, 2.5, 8.5], "texture": "#0"},
				"down": {"uv": [8.625, 2.5, 8.5, 3.125], "texture": "#0"}
			}
		},
		{
			"from": [7.85, 4.34399, 8.73756],
			"to": [8.05, 5.64399, 8.83756],
			"rotation": {"angle": -22.5, "axis": "x", "origin": [-0.1, 7.24399, 12.73756]},
			"faces": {
				"north": {"uv": [8.5, 3.5, 8.625, 4.125], "texture": "#0"},
				"east": {"uv": [9.5, 5.5, 9.5625, 6.125], "texture": "#0"},
				"south": {"uv": [4, 8.5, 4.125, 9.125], "texture": "#0"},
				"west": {"uv": [9.5, 6.5, 9.5625, 7.125], "texture": "#0"},
				"up": {"uv": [11.625, 6.5625, 11.5, 6.5], "texture": "#0"},
				"down": {"uv": [7.125, 11.5, 7, 11.5625], "texture": "#0"}
			}
		},
		{
			"from": [7.9, 3.44399, 10.83756],
			"to": [8, 4.24399, 11.03756],
			"rotation": {"angle": 0, "axis": "x", "origin": [-0.1, 7.24399, 12.73756]},
			"faces": {
				"north": {"uv": [10.5, 1.5, 10.5625, 1.875], "texture": "#0"},
				"east": {"uv": [9, 8.5, 9.125, 8.875], "texture": "#0"},
				"south": {"uv": [2, 10.5, 2.0625, 10.875], "texture": "#0"},
				"west": {"uv": [9, 9, 9.125, 9.375], "texture": "#0"},
				"up": {"uv": [11.5625, 7.125, 11.5, 7], "texture": "#0"},
				"down": {"uv": [7.5625, 11.5, 7.5, 11.625], "texture": "#0"}
			}
		},
		{
			"from": [7.8, 3.4, 9.3],
			"to": [8.1, 4, 10],
			"rotation": {"angle": 0, "axis": "y", "origin": [-0.1, 0, 4]},
			"faces": {
				"north": {"uv": [7, 9.5, 7.125, 9.8125], "texture": "#0"},
				"east": {"uv": [8, 0.5, 8.375, 0.8125], "texture": "#0"},
				"south": {"uv": [7.5, 9.5, 7.625, 9.8125], "texture": "#0"},
				"west": {"uv": [8, 1, 8.375, 1.3125], "texture": "#0"},
				"up": {"uv": [0.125, 9.875, 0, 9.5], "texture": "#0"},
				"down": {"uv": [9.625, 0, 9.5, 0.375], "texture": "#0"}
			}
		},
		{
			"from": [7.8, 6.9, 5.3],
			"to": [8.1, 7.2, 5.5],
			"rotation": {"angle": 45, "axis": "x", "origin": [-0.1, 0, 4]},
			"faces": {
				"north": {"uv": [1, 11, 1.125, 11.125], "texture": "#0"},
				"east": {"uv": [11, 1, 11.125, 1.125], "texture": "#0"},
				"south": {"uv": [1.5, 11, 1.625, 11.125], "texture": "#0"},
				"west": {"uv": [11, 1.5, 11.125, 1.625], "texture": "#0"},
				"up": {"uv": [2.125, 11.125, 2, 11], "texture": "#0"},
				"down": {"uv": [11.125, 2, 11, 2.125], "texture": "#0"}
			}
		},
		{
			"from": [7.85, 2.93401, 9.35182],
			"to": [8.05, 3.43401, 9.45182],
			"rotation": {"angle": 0, "axis": "y", "origin": [-0.1, 7.03401, 8.45182]},
			"faces": {
				"north": {"uv": [6, 10, 6.125, 10.25], "texture": "#0"},
				"east": {"uv": [2.5, 11, 2.5625, 11.25], "texture": "#0"},
				"south": {"uv": [10, 6, 10.125, 6.25], "texture": "#0"},
				"west": {"uv": [11, 2.5, 11.0625, 2.75], "texture": "#0"},
				"up": {"uv": [11.625, 7.5625, 11.5, 7.5], "texture": "#0"},
				"down": {"uv": [8.125, 11.5, 8, 11.5625], "texture": "#0"}
			}
		},
		{
			"from": [7.85, 5.08167, 11.83258],
			"to": [8.05, 5.28167, 11.93258],
			"rotation": {"angle": 45, "axis": "x", "origin": [-0.1, 7.18167, 8.53258]},
			"faces": {
				"north": {"uv": [3, 11, 3.125, 11.125], "texture": "#0"},
				"east": {"uv": [11.5, 8, 11.5625, 8.125], "texture": "#0"},
				"south": {"uv": [11, 3, 11.125, 3.125], "texture": "#0"},
				"west": {"uv": [8.5, 11.5, 8.5625, 11.625], "texture": "#0"},
				"up": {"uv": [11.625, 8.5625, 11.5, 8.5], "texture": "#0"},
				"down": {"uv": [9.125, 11.5, 9, 11.5625], "texture": "#0"}
			}
		},
		{
			"from": [7.7, 5.3, 6.1],
			"to": [8.2, 6.7, 7.4],
			"rotation": {"angle": 22.5, "axis": "x", "origin": [-0.1, 0, 4]},
			"faces": {
				"north": {"uv": [7, 6, 7.25, 6.6875], "texture": "#0"},
				"east": {"uv": [5, 4, 5.625, 4.6875], "texture": "#0"},
				"south": {"uv": [6.5, 7, 6.75, 7.6875], "texture": "#0"},
				"west": {"uv": [5, 5, 5.625, 5.6875], "texture": "#0"},
				"up": {"uv": [1.25, 8.125, 1, 7.5], "texture": "#0"},
				"down": {"uv": [7.75, 1.5, 7.5, 2.125], "texture": "#0"}
			}
		},
		{
			"from": [7.8, 1, 6.2],
			"to": [8.1, 6.1, 7.3],
			"rotation": {"angle": 22.5, "axis": "x", "origin": [-0.1, 0, 4]},
			"faces": {
				"north": {"uv": [5.5, 0, 5.625, 2.5625], "texture": "#0"},
				"east": {"uv": [0, 2, 0.5625, 4.5625], "texture": "#0"},
				"south": {"uv": [4, 5.5, 4.125, 8.0625], "texture": "#0"},
				"west": {"uv": [1, 2, 1.5625, 4.5625], "texture": "#0"},
				"up": {"uv": [7.125, 9.0625, 7, 8.5], "texture": "#0"},
				"down": {"uv": [8.625, 7.5, 8.5, 8.0625], "texture": "#0"}
			}
		},
		{
			"from": [7.8, -1.3766, 7.87416],
			"to": [8.1, -0.4766, 8.77416],
			"rotation": {"angle": -45, "axis": "x", "origin": [-0.1, 9.1234, 2.97416]},
			"faces": {
				"north": {"uv": [9, 4.5, 9.125, 4.9375], "texture": "#0"},
				"east": {"uv": [6.5, 4.5, 6.9375, 4.9375], "texture": "#0"},
				"south": {"uv": [5, 9, 5.125, 9.4375], "texture": "#0"},
				"west": {"uv": [6.5, 5, 6.9375, 5.4375], "texture": "#0"},
				"up": {"uv": [9.125, 5.4375, 9, 5], "texture": "#0"},
				"down": {"uv": [9.125, 5.5, 9, 5.9375], "texture": "#0"}
			}
		},
		{
			"from": [7.83, 10.0234, 13.07416],
			"to": [8.07, 10.6234, 13.87416],
			"rotation": {"angle": 22.5, "axis": "x", "origin": [-0.1, 9.1234, 2.97416]},
			"faces": {
				"north": {"uv": [9.5, 7.5, 9.625, 7.8125], "texture": "#0"},
				"east": {"uv": [8, 1.5, 8.375, 1.8125], "texture": "#0"},
				"south": {"uv": [8, 9.5, 8.125, 9.8125], "texture": "#0"},
				"west": {"uv": [8, 2, 8.375, 2.3125], "texture": "#0"},
				"up": {"uv": [0.625, 9.875, 0.5, 9.5], "texture": "#0"},
				"down": {"uv": [9.625, 0.5, 9.5, 0.875], "texture": "#0"}
			}
		},
		{
			"from": [8.07, 10.3234, 12.97416],
			"to": [8.1, 10.6734, 13.87416],
			"rotation": {"angle": 22.5, "axis": "x", "origin": [0.2, 9.1234, 2.97416]},
			"faces": {
				"north": {"uv": [10.5, 11, 10.5625, 11.1875], "texture": "#0"},
				"east": {"uv": [8, 6, 8.4375, 6.1875], "texture": "#0"},
				"south": {"uv": [11, 10.5, 11.0625, 10.6875], "texture": "#0"},
				"west": {"uv": [1, 8.5, 1.4375, 8.6875], "texture": "#0"},
				"up": {"uv": [7.0625, 10.4375, 7, 10], "texture": "#0"},
				"down": {"uv": [10.0625, 7, 10, 7.4375], "texture": "#0"}
			}
		},
		{
			"from": [8.07, 6.37858, 12.30611],
			"to": [8.1, 6.72858, 12.80611],
			"rotation": {"angle": 0, "axis": "x", "origin": [0.2, 5.17858, 1.90611]},
			"faces": {
				"north": {"uv": [11, 11, 11.0625, 11.1875], "texture": "#0"},
				"east": {"uv": [1, 9.5, 1.25, 9.6875], "texture": "#0"},
				"south": {"uv": [0, 11.5, 0.0625, 11.6875], "texture": "#0"},
				"west": {"uv": [9.5, 1, 9.75, 1.1875], "texture": "#0"},
				"up": {"uv": [3.5625, 11.25, 3.5, 11], "texture": "#0"},
				"down": {"uv": [11.0625, 3.5, 11, 3.75], "texture": "#0"}
			}
		},
		{
			"from": [7.8, 6.37858, 12.30611],
			"to": [7.83, 6.72858, 12.80611],
			"rotation": {"angle": 0, "axis": "y", "origin": [-0.1, 5.17858, 1.90611]},
			"faces": {
				"north": {"uv": [11.5, 0, 11.5625, 0.1875], "texture": "#0"},
				"east": {"uv": [1.5, 9.5, 1.75, 9.6875], "texture": "#0"},
				"south": {"uv": [0.5, 11.5, 0.5625, 11.6875], "texture": "#0"},
				"west": {"uv": [9.5, 1.5, 9.75, 1.6875], "texture": "#0"},
				"up": {"uv": [4.0625, 11.25, 4, 11], "texture": "#0"},
				"down": {"uv": [11.0625, 4, 11, 4.25], "texture": "#0"}
			}
		},
		{
			"from": [7.8, 10.3234, 12.97416],
			"to": [7.83, 10.6734, 13.87416],
			"rotation": {"angle": 22.5, "axis": "x", "origin": [-0.1, 9.1234, 2.97416]},
			"faces": {
				"north": {"uv": [11.5, 0.5, 11.5625, 0.6875], "texture": "#0"},
				"east": {"uv": [8.5, 1, 8.9375, 1.1875], "texture": "#0"},
				"south": {"uv": [1, 11.5, 1.0625, 11.6875], "texture": "#0"},
				"west": {"uv": [1.5, 8.5, 1.9375, 8.6875], "texture": "#0"},
				"up": {"uv": [7.5625, 10.4375, 7.5, 10], "texture": "#0"},
				"down": {"uv": [10.0625, 7.5, 10, 7.9375], "texture": "#0"}
			}
		},
		{
			"from": [7.83, 6.04412, 12.37937],
			"to": [8.07, 6.64412, 12.87937],
			"rotation": {"angle": 0, "axis": "x", "origin": [-0.1, 5.14412, 1.97937]},
			"faces": {
				"north": {"uv": [9.5, 8, 9.625, 8.3125], "texture": "#0"},
				"east": {"uv": [4.5, 8.5, 4.75, 8.8125], "texture": "#0"},
				"south": {"uv": [8.5, 9.5, 8.625, 9.8125], "texture": "#0"},
				"west": {"uv": [8.5, 4.5, 8.75, 4.8125], "texture": "#0"},
				"up": {"uv": [6.625, 10.25, 6.5, 10], "texture": "#0"},
				"down": {"uv": [10.125, 6.5, 10, 6.75], "texture": "#0"}
			}
		},
		{
			"from": [7.93, 6.64412, 12.57937],
			"to": [7.97, 6.69412, 12.67937],
			"rotation": {"angle": 0, "axis": "y", "origin": [-0.1, 5.14412, 1.97937]},
			"faces": {
				"north": {"uv": [2, 12, 2.0625, 12.0625], "texture": "#0"},
				"east": {"uv": [12, 2, 12.0625, 2.0625], "texture": "#0"},
				"south": {"uv": [2.5, 12, 2.5625, 12.0625], "texture": "#0"},
				"west": {"uv": [12, 2.5, 12.0625, 2.5625], "texture": "#0"},
				"up": {"uv": [3.0625, 12.0625, 3, 12], "texture": "#0"},
				"down": {"uv": [12.0625, 3, 12, 3.0625], "texture": "#0"}
			}
		},
		{
			"from": [7.8, 5.8, 3.8],
			"to": [8.1, 6.4, 13.9],
			"rotation": {"angle": 0, "axis": "y", "origin": [-0.1, 0, 4]},
			"faces": {
				"north": {"uv": [9.5, 8.5, 9.625, 8.8125], "texture": "#0"},
				"east": {"uv": [0, 1, 5.0625, 1.3125], "texture": "#0"},
				"south": {"uv": [9, 9.5, 9.125, 9.8125], "texture": "#0"},
				"west": {"uv": [0, 1.5, 5.0625, 1.8125], "texture": "#0"},
				"up": {"uv": [3.125, 9.5625, 3, 4.5], "texture": "#0"},
				"down": {"uv": [3.625, 4.5, 3.5, 9.5625], "texture": "#0"}
			}
		},
		{
			"from": [7.8, 6.4, 8.6],
			"to": [8.1, 6.5, 9],
			"rotation": {"angle": 0, "axis": "y", "origin": [-0.1, 0, 4]},
			"faces": {
				"north": {"uv": [11.5, 9, 11.625, 9.0625], "texture": "#0"},
				"east": {"uv": [11.5, 1, 11.6875, 1.0625], "texture": "#0"},
				"south": {"uv": [9.5, 11.5, 9.625, 11.5625], "texture": "#0"},
				"west": {"uv": [1.5, 11.5, 1.6875, 11.5625], "texture": "#0"},
				"up": {"uv": [10.625, 2.1875, 10.5, 2], "texture": "#0"},
				"down": {"uv": [2.625, 10.5, 2.5, 10.6875], "texture": "#0"}
			}
		},
		{
			"from": [7.8, 6.4, 9.4],
			"to": [8.1, 6.5, 9.8],
			"rotation": {"angle": 0, "axis": "y", "origin": [-0.1, 0, 4]},
			"faces": {
				"north": {"uv": [11.5, 9.5, 11.625, 9.5625], "texture": "#0"},
				"east": {"uv": [11.5, 1.5, 11.6875, 1.5625], "texture": "#0"},
				"south": {"uv": [10, 11.5, 10.125, 11.5625], "texture": "#0"},
				"west": {"uv": [2, 11.5, 2.1875, 11.5625], "texture": "#0"},
				"up": {"uv": [10.625, 2.6875, 10.5, 2.5], "texture": "#0"},
				"down": {"uv": [3.125, 10.5, 3, 10.6875], "texture": "#0"}
			}
		},
		{
			"from": [7.8, 6.4, 10.2],
			"to": [8.1, 6.5, 10.6],
			"rotation": {"angle": 0, "axis": "y", "origin": [-0.1, 0, 4]},
			"faces": {
				"north": {"uv": [11.5, 10, 11.625, 10.0625], "texture": "#0"},
				"east": {"uv": [11.5, 2, 11.6875, 2.0625], "texture": "#0"},
				"south": {"uv": [10.5, 11.5, 10.625, 11.5625], "texture": "#0"},
				"west": {"uv": [2.5, 11.5, 2.6875, 11.5625], "texture": "#0"},
				"up": {"uv": [10.625, 3.1875, 10.5, 3], "texture": "#0"},
				"down": {"uv": [3.625, 10.5, 3.5, 10.6875], "texture": "#0"}
			}
		},
		{
			"from": [7.8, 6.4, 11],
			"to": [8.1, 6.5, 11.4],
			"rotation": {"angle": 0, "axis": "y", "origin": [-0.1, 0, 4]},
			"faces": {
				"north": {"uv": [11.5, 10.5, 11.625, 10.5625], "texture": "#0"},
				"east": {"uv": [11.5, 2.5, 11.6875, 2.5625], "texture": "#0"},
				"south": {"uv": [11, 11.5, 11.125, 11.5625], "texture": "#0"},
				"west": {"uv": [3, 11.5, 3.1875, 11.5625], "texture": "#0"},
				"up": {"uv": [10.625, 3.6875, 10.5, 3.5], "texture": "#0"},
				"down": {"uv": [4.125, 10.5, 4, 10.6875], "texture": "#0"}
			}
		},
		{
			"from": [7.8, 6.4, 11.8],
			"to": [8.1, 6.5, 12.2],
			"rotation": {"angle": 0, "axis": "y", "origin": [-0.1, 0, 4]},
			"faces": {
				"north": {"uv": [11.5, 3, 11.625, 3.0625], "texture": "#0"},
				"east": {"uv": [5.5, 11, 5.6875, 11.0625], "texture": "#0"},
				"south": {"uv": [3.5, 11.5, 3.625, 11.5625], "texture": "#0"},
				"west": {"uv": [11, 5.5, 11.1875, 5.5625], "texture": "#0"},
				"up": {"uv": [8.125, 10.1875, 8, 10], "texture": "#0"},
				"down": {"uv": [10.125, 8, 10, 8.1875], "texture": "#0"}
			}
		},
		{
			"from": [7.8, 6.4, 4.1],
			"to": [8.1, 7.1, 4.7],
			"rotation": {"angle": 0, "axis": "y", "origin": [-0.1, 0, 4]},
			"faces": {
				"north": {"uv": [2, 9.5, 2.125, 9.875], "texture": "#0"},
				"east": {"uv": [8, 3, 8.3125, 3.375], "texture": "#0"},
				"south": {"uv": [9.5, 2, 9.625, 2.375], "texture": "#0"},
				"west": {"uv": [8, 3.5, 8.3125, 3.875], "texture": "#0"},
				"up": {"uv": [9.625, 9.3125, 9.5, 9], "texture": "#0"},
				"down": {"uv": [9.625, 9.5, 9.5, 9.8125], "texture": "#0"}
			}
		},
		{
			"from": [7.8, 3.7671, 3.2365],
			"to": [8.1, 4.5671, 3.5365],
			"rotation": {"angle": 22.5, "axis": "x", "origin": [-0.1, 3.6671, 10.1365]},
			"faces": {
				"north": {"uv": [2.5, 9.5, 2.625, 9.875], "texture": "#0"},
				"east": {"uv": [9.5, 2.5, 9.625, 2.875], "texture": "#0"},
				"south": {"uv": [9.5, 3, 9.625, 3.375], "texture": "#0"},
				"west": {"uv": [9.5, 3.5, 9.625, 3.875], "texture": "#0"},
				"up": {"uv": [4.625, 11.125, 4.5, 11], "texture": "#0"},
				"down": {"uv": [11.125, 4.5, 11, 4.625], "texture": "#0"}
			}
		},
		{
			"from": [7.8, 8.59167, 0.05025],
			"to": [8.1, 8.99167, 0.65025],
			"rotation": {"angle": 45, "axis": "x", "origin": [-0.1, 2.29167, -0.24975]},
			"faces": {
				"north": {"uv": [10.5, 4, 10.625, 4.1875], "texture": "#0"},
				"east": {"uv": [1.5, 9, 1.8125, 9.1875], "texture": "#0"},
				"south": {"uv": [4.5, 10.5, 4.625, 10.6875], "texture": "#0"},
				"west": {"uv": [9, 1.5, 9.3125, 1.6875], "texture": "#0"},
				"up": {"uv": [0.125, 10.3125, 0, 10], "texture": "#0"},
				"down": {"uv": [10.125, 0, 10, 0.3125], "texture": "#0"}
			}
		},
		{
			"from": [7.94, 7.1, 4.4],
			"to": [7.96, 7.2, 4.6],
			"rotation": {"angle": 0, "axis": "y", "origin": [-0.1, 0, 4]},
			"faces": {
				"north": {"uv": [3.5, 12, 3.5625, 12.0625], "texture": "#0"},
				"east": {"uv": [11.5, 11, 11.625, 11.0625], "texture": "#0"},
				"south": {"uv": [12, 3.5, 12.0625, 3.5625], "texture": "#0"},
				"west": {"uv": [11.5, 11.5, 11.625, 11.5625], "texture": "#0"},
				"up": {"uv": [0.0625, 12.125, 0, 12], "texture": "#0"},
				"down": {"uv": [12.0625, 0, 12, 0.125], "texture": "#0"}
			}
		},
		{
			"from": [7.8, 7.1, 4.1],
			"to": [7.84, 7.4, 4.7],
			"rotation": {"angle": 0, "axis": "y", "origin": [-0.1, 0, 4]},
			"faces": {
				"north": {"uv": [0.5, 12, 0.5625, 12.125], "texture": "#0"},
				"east": {"uv": [0.5, 10, 0.8125, 10.125], "texture": "#0"},
				"south": {"uv": [12, 0.5, 12.0625, 0.625], "texture": "#0"},
				"west": {"uv": [10, 0.5, 10.3125, 0.625], "texture": "#0"},
				"up": {"uv": [10.5625, 7.3125, 10.5, 7], "texture": "#0"},
				"down": {"uv": [7.5625, 10.5, 7.5, 10.8125], "texture": "#0"}
			}
		},
		{
			"from": [7.84, 7.36, 4.1],
			"to": [8.06, 7.4, 4.7],
			"rotation": {"angle": 0, "axis": "y", "origin": [-0.1, 0, 4]},
			"faces": {
				"north": {"uv": [1, 12, 1.125, 12.0625], "texture": "#0"},
				"east": {"uv": [10.5, 7.5, 10.8125, 7.5625], "texture": "#0"},
				"south": {"uv": [12, 1, 12.125, 1.0625], "texture": "#0"},
				"west": {"uv": [8, 10.5, 8.3125, 10.5625], "texture": "#0"},
				"up": {"uv": [1.125, 10.3125, 1, 10], "texture": "#0"},
				"down": {"uv": [10.125, 1, 10, 1.3125], "texture": "#0"}
			}
		},
		{
			"from": [8.06, 7.1, 4.1],
			"to": [8.1, 7.4, 4.7],
			"rotation": {"angle": 0, "axis": "y", "origin": [-0.1, 0, 4]},
			"faces": {
				"north": {"uv": [1.5, 12, 1.5625, 12.125], "texture": "#0"},
				"east": {"uv": [1.5, 10, 1.8125, 10.125], "texture": "#0"},
				"south": {"uv": [12, 1.5, 12.0625, 1.625], "texture": "#0"},
				"west": {"uv": [10, 1.5, 10.3125, 1.625], "texture": "#0"},
				"up": {"uv": [10.5625, 8.3125, 10.5, 8], "texture": "#0"},
				"down": {"uv": [8.5625, 10.5, 8.5, 10.8125], "texture": "#0"}
			}
		},
		{
			"from": [7.85, 5.3, 3.4],
			"to": [8.05, 5.5, 3.8],
			"rotation": {"angle": 0, "axis": "y", "origin": [-0.1, 0, 4]},
			"faces": {
				"north": {"uv": [5, 11, 5.125, 11.125], "texture": "#0"},
				"east": {"uv": [10.5, 4.5, 10.6875, 4.625], "texture": "#0"},
				"south": {"uv": [11, 5, 11.125, 5.125], "texture": "#0"},
				"west": {"uv": [5, 10.5, 5.1875, 10.625], "texture": "#0"},
				"up": {"uv": [10.625, 5.1875, 10.5, 5], "texture": "#0"},
				"down": {"uv": [5.625, 10.5, 5.5, 10.6875], "texture": "#0"}
			}
		},
		{
			"from": [7.8, 5.2, 2],
			"to": [8.1, 5.6, 3.4],
			"rotation": {"angle": 0, "axis": "y", "origin": [-0.1, 0, 4]},
			"faces": {
				"north": {"uv": [10.5, 5.5, 10.625, 5.6875], "texture": "#0"},
				"east": {"uv": [7.5, 6.5, 8.1875, 6.6875], "texture": "#0"},
				"south": {"uv": [6, 10.5, 6.125, 10.6875], "texture": "#0"},
				"west": {"uv": [7.5, 7, 8.1875, 7.1875], "texture": "#0"},
				"up": {"uv": [8.625, 0.6875, 8.5, 0], "texture": "#0"},
				"down": {"uv": [0.625, 8.5, 0.5, 9.1875], "texture": "#0"}
			}
		}
	],
	"display": {
		"thirdperson_righthand": {
			"translation": [0, 4.25, -2.75]
		},
		"thirdperson_lefthand": {
			"scale": [0, 0, 0]
		},
		"firstperson_righthand": {
			"rotation": [0, 0, -25],
			"translation": [-3.97, 18.5, 2]
		},
		"firstperson_lefthand": {
			"rotation": [0, 80.75, 0],
			"translation": [-12, 12.25, 0]
		},
		"ground": {
			"translation": [0, 2.25, 0]
		},
		"gui": {
			"rotation": [35.25, 53.5, 0],
			"translation": [-2.25, 4, 0]
		}
	},
	"groups": [
		{
			"name": "ump45",
			"origin": [8, 8, 8],
			"color": 0,
			"children": [
				{
					"name": "wei",
					"origin": [8, 8, 8],
					"color": 0,
					"children": [0, 1, 2, 3, 4, 5, 6, 7, 8, 9, 10, 11, 12, 13]
				},
				{
					"name": "main",
					"origin": [8, 8, 8],
					"color": 0,
					"children": [14, 15, 16, 17, 18, 19, 20, 21, 22, 23, 24,
						{
							"name": "group",
							"origin": [0, 5.88762, 7.78855],
							"color": 0,
							"children": [25, 26, 27, 28, 29, 30, 31, 32]
						}, 33, 34, 35, 36, 37, 38, 39, 40, 41, 42, 43,
						{
							"name": "group",
							"origin": [-0.1, 0, 4],
							"color": 0,
							"children": [44, 45, 46, 47, 48]
						}, 49, 50, 51, 52, 53, 54, 55]
				},
				{
					"name": "head",
					"origin": [8, 8, 8],
					"color": 0,
					"children": [56, 57]
				}
			]
		}
	]
}