{
	"credit": "Made with Blockbench",
	"texture_size": [32, 32],
	"textures": {
		"1": "gun/more/zlzd_ly",
		"2": "gun/lfp586/lfp586_ly",
		"particle": "gun/lfp586/lfp586_ly"
	},
	"elements": [
		{
			"from": [7.4, 12.47609, 13.44695],
			"to": [8.6, 13.47609, 14.14695],
			"rotation": {"angle": 45, "axis": "x", "origin": [0, 9.87609, 1.74695]},
			"faces": {
				"north": {"uv": [6.5, 2, 7.125, 2.5], "texture": "#2"},
				"east": {"uv": [0, 8, 0.375, 8.5], "texture": "#2"},
				"south": {"uv": [6.5, 2.5, 7.125, 3], "texture": "#2"},
				"west": {"uv": [8, 0, 8.375, 0.5], "texture": "#2"},
				"up": {"uv": [8.125, 4.375, 7.5, 4], "texture": "#2"},
				"down": {"uv": [8.125, 4.5, 7.5, 4.875], "texture": "#2"}
			}
		},
		{
			"from": [7.4, 0, 13],
			"to": [8.6, 0.8, 14],
			"faces": {
				"north": {"uv": [7.5, 5, 8.125, 5.375], "texture": "#2"},
				"east": {"uv": [0.5, 8, 1, 8.375], "texture": "#2"},
				"south": {"uv": [5.5, 7.5, 6.125, 7.875], "texture": "#2"},
				"west": {"uv": [8, 0.5, 8.5, 0.875], "texture": "#2"},
				"up": {"uv": [7.125, 3.5, 6.5, 3], "texture": "#2"},
				"down": {"uv": [7.125, 4, 6.5, 4.5], "texture": "#2"}
			}
		},
		{
			"from": [7.4, 0, 12],
			"to": [8.6, 3.3, 13],
			"faces": {
				"north": {"uv": [1, 1, 1.625, 2.625], "texture": "#2"},
				"east": {"uv": [0, 3.5, 0.5, 5.125], "texture": "#2"},
				"south": {"uv": [2, 1, 2.625, 2.625], "texture": "#2"},
				"west": {"uv": [0.5, 3.5, 1, 5.125], "texture": "#2"},
				"up": {"uv": [7.125, 5, 6.5, 4.5], "texture": "#2"},
				"down": {"uv": [7.125, 5, 6.5, 5.5], "texture": "#2"}
			}
		},
		{
			"from": [7.4, 2.8, 12.5],
			"to": [8.6, 4.5, 13.1],
			"faces": {
				"north": {"uv": [4.5, 5, 5.125, 5.875], "texture": "#2"},
				"east": {"uv": [2, 7.5, 2.25, 8.375], "texture": "#2"},
				"south": {"uv": [0, 5.5, 0.625, 6.375], "texture": "#2"},
				"west": {"uv": [7.5, 7, 7.75, 7.875], "texture": "#2"},
				"up": {"uv": [8.625, 7.75, 8, 7.5], "texture": "#2"},
				"down": {"uv": [8.625, 8, 8, 8.25], "texture": "#2"}
			}
		},
		{
			"from": [7.4, -4.17488, 13.98957],
			"to": [8.6, -1.37488, 14.98957],
			"rotation": {"angle": -22.5, "axis": "x", "origin": [0, -4.17488, 1.98957]},
			"faces": {
				"north": {"uv": [2, 3, 2.625, 4.375], "texture": "#2"},
				"east": {"uv": [1.5, 4, 2, 5.375], "texture": "#2"},
				"south": {"uv": [3, 2, 3.625, 3.375], "texture": "#2"},
				"west": {"uv": [4.5, 1, 5, 2.375], "texture": "#2"},
				"up": {"uv": [6.125, 7, 5.5, 6.5], "texture": "#2"},
				"down": {"uv": [7.125, 5.5, 6.5, 6], "texture": "#2"}
			}
		},
		{
			"from": [7.4, -5.343, 17.32391],
			"to": [8.6, -4.243, 18.12391],
			"rotation": {"angle": -45, "axis": "x", "origin": [0, -7.943, 5.42391]},
			"faces": {
				"north": {"uv": [6.5, 6, 7.125, 6.5], "texture": "#2"},
				"east": {"uv": [1, 8, 1.375, 8.5], "texture": "#2"},
				"south": {"uv": [6.5, 6.5, 7.125, 7], "texture": "#2"},
				"west": {"uv": [1.5, 8, 1.875, 8.5], "texture": "#2"},
				"up": {"uv": [8.125, 5.875, 7.5, 5.5], "texture": "#2"},
				"down": {"uv": [8.125, 6, 7.5, 6.375], "texture": "#2"}
			}
		},
		{
			"from": [7.4, 2.8, 10.9],
			"to": [8.6, 3.6, 11.8],
			"faces": {
				"north": {"uv": [6.5, 7.5, 7.125, 7.875], "texture": "#2"},
				"east": {"uv": [2.5, 8, 3, 8.375], "texture": "#2"},
				"south": {"uv": [7.5, 6.5, 8.125, 6.875], "texture": "#2"},
				"west": {"uv": [3, 8, 3.5, 8.375], "texture": "#2"},
				"up": {"uv": [7.625, 0.5, 7, 0], "texture": "#2"},
				"down": {"uv": [7.625, 0.5, 7, 1], "texture": "#2"}
			}
		},
		{
			"from": [7.5, 3.4, 8.4],
			"to": [8.5, 3.9, 13.1],
			"faces": {
				"north": {"uv": [8.5, 1, 9, 1.25], "texture": "#2"},
				"east": {"uv": [4.5, 3.5, 6.875, 3.75], "texture": "#2"},
				"south": {"uv": [1.5, 8.5, 2, 8.75], "texture": "#2"},
				"west": {"uv": [4, 4.5, 6.375, 4.75], "texture": "#2"},
				"up": {"uv": [0.5, 3.375, 0, 1], "texture": "#2"},
				"down": {"uv": [1, 1, 0.5, 3.375], "texture": "#2"}
			}
		},
		{
			"from": [7.5, 3.9, 10.6],
			"to": [8.5, 4.8, 13.1],
			"faces": {
				"north": {"uv": [4, 6.5, 4.5, 7], "texture": "#2"},
				"east": {"uv": [4.5, 2.5, 5.75, 3], "texture": "#2"},
				"south": {"uv": [2, 7, 2.5, 7.5], "texture": "#2"},
				"west": {"uv": [4.5, 3, 5.75, 3.5], "texture": "#2"},
				"up": {"uv": [2.5, 5.75, 2, 4.5], "texture": "#2"},
				"down": {"uv": [3, 4.5, 2.5, 5.75], "texture": "#2"}
			}
		},
		{
			"from": [7.5, 4.8, 10.6],
			"to": [8.5, 6.4, 11.2],
			"faces": {
				"north": {"uv": [5.5, 5.5, 6, 6.25], "texture": "#2"},
				"east": {"uv": [3.5, 8, 3.75, 8.75], "texture": "#2"},
				"south": {"uv": [6, 1, 6.5, 1.75], "texture": "#2"},
				"west": {"uv": [4, 8, 4.25, 8.75], "texture": "#2"},
				"up": {"uv": [9, 1.75, 8.5, 1.5], "texture": "#2"},
				"down": {"uv": [2.5, 8.5, 2, 8.75], "texture": "#2"}
			}
		},
		{
			"from": [7.5, 5.9, 8.4],
			"to": [8.5, 6.4, 10.6],
			"faces": {
				"north": {"uv": [8.5, 2, 9, 2.25], "texture": "#2"},
				"east": {"uv": [7, 1, 8.125, 1.25], "texture": "#2"},
				"south": {"uv": [2.5, 8.5, 3, 8.75], "texture": "#2"},
				"west": {"uv": [7, 1.5, 8.125, 1.75], "texture": "#2"},
				"up": {"uv": [5.5, 2.125, 5, 1], "texture": "#2"},
				"down": {"uv": [4.5, 5, 4, 6.125], "texture": "#2"}
			}
		},
		{
			"from": [7.5, 3.21567, 6.84857],
			"to": [8.5, 3.81567, 8.44857],
			"rotation": {"angle": 22.5, "axis": "x", "origin": [0, -7.38433, 13.24857]},
			"faces": {
				"north": {"uv": [8.5, 2.5, 9, 2.75], "texture": "#2"},
				"east": {"uv": [8, 3.5, 8.75, 3.75], "texture": "#2"},
				"south": {"uv": [3, 8.5, 3.5, 8.75], "texture": "#2"},
				"west": {"uv": [4.5, 8, 5.25, 8.25], "texture": "#2"},
				"up": {"uv": [2.5, 6.75, 2, 6], "texture": "#2"},
				"down": {"uv": [3, 6, 2.5, 6.75], "texture": "#2"}
			}
		},
		{
			"from": [7.8, 0.51567, 3.04857],
			"to": [8.2, 1.01567, 3.24857],
			"rotation": {"angle": 45, "axis": "x", "origin": [0, -7.38433, 13.24857]},
			"faces": {
				"north": {"uv": [9, 5, 9.25, 5.25], "texture": "#2"},
				"east": {"uv": [9.5, 3, 9.625, 3.25], "texture": "#2"},
				"south": {"uv": [6.5, 9, 6.75, 9.25], "texture": "#2"},
				"west": {"uv": [3.5, 9.5, 3.625, 9.75], "texture": "#2"},
				"up": {"uv": [9.75, 3.625, 9.5, 3.5], "texture": "#2"},
				"down": {"uv": [4.25, 9.5, 4, 9.625], "texture": "#2"}
			}
		},
		{
			"from": [7.8, 3.32108, 16.4805],
			"to": [8.2, 3.52108, 16.8805],
			"rotation": {"angle": -22.5, "axis": "x", "origin": [0, -6.67892, 8.5805]},
			"faces": {
				"north": {"uv": [9.5, 4, 9.75, 4.125], "texture": "#2"},
				"east": {"uv": [4.5, 9.5, 4.75, 9.625], "texture": "#2"},
				"south": {"uv": [9.5, 4.5, 9.75, 4.625], "texture": "#2"},
				"west": {"uv": [5, 9.5, 5.25, 9.625], "texture": "#2"},
				"up": {"uv": [9.25, 6.75, 9, 6.5], "texture": "#2"},
				"down": {"uv": [7.25, 9, 7, 9.25], "texture": "#2"}
			}
		},
		{
			"from": [7.5, 1.00112, 13.90172],
			"to": [8.5, 2.60112, 14.50172],
			"rotation": {"angle": -22.5, "axis": "x", "origin": [0, -3.79888, 3.30172]},
			"faces": {
				"north": {"uv": [6, 2.5, 6.5, 3.25], "texture": "#2"},
				"east": {"uv": [5.5, 8, 5.75, 8.75], "texture": "#2"},
				"south": {"uv": [4.5, 6, 5, 6.75], "texture": "#2"},
				"west": {"uv": [6, 8, 6.25, 8.75], "texture": "#2"},
				"up": {"uv": [9, 3.25, 8.5, 3], "texture": "#2"},
				"down": {"uv": [9, 4, 8.5, 4.25], "texture": "#2"}
			}
		},
		{
			"from": [7.6, 3.4, 7.8],
			"to": [8.4, 4.4, 8.4],
			"faces": {
				"north": {"uv": [6.5, 8, 6.875, 8.5], "texture": "#2"},
				"east": {"uv": [4.5, 8.5, 4.75, 9], "texture": "#2"},
				"south": {"uv": [7, 8, 7.375, 8.5], "texture": "#2"},
				"west": {"uv": [8.5, 4.5, 8.75, 5], "texture": "#2"},
				"up": {"uv": [3.875, 9.25, 3.5, 9], "texture": "#2"},
				"down": {"uv": [4.375, 9, 4, 9.25], "texture": "#2"}
			}
		},
		{
			"from": [7.6, -0.6267, 12.79584],
			"to": [8.4, 0.1733, 13.19584],
			"rotation": {"angle": -45, "axis": "x", "origin": [0, -4.2267, 4.99584]},
			"faces": {
				"north": {"uv": [8.5, 0.5, 8.875, 0.875], "texture": "#2"},
				"east": {"uv": [9, 4, 9.25, 4.375], "texture": "#2"},
				"south": {"uv": [1, 8.5, 1.375, 8.875], "texture": "#2"},
				"west": {"uv": [4.5, 9, 4.75, 9.375], "texture": "#2"},
				"up": {"uv": [9.375, 4.75, 9, 4.5], "texture": "#2"},
				"down": {"uv": [5.375, 9, 5, 9.25], "texture": "#2"}
			}
		},
		{
			"from": [7.6, 4.4, 7.4],
			"to": [8.4, 6.3, 8.4],
			"faces": {
				"north": {"uv": [5, 6, 5.375, 7], "texture": "#2"},
				"east": {"uv": [5.5, 1, 6, 2], "texture": "#2"},
				"south": {"uv": [6, 5.5, 6.375, 6.5], "texture": "#2"},
				"west": {"uv": [1.5, 5.5, 2, 6.5], "texture": "#2"},
				"up": {"uv": [8.375, 7.5, 8, 7], "texture": "#2"},
				"down": {"uv": [7.875, 8, 7.5, 8.5], "texture": "#2"}
			}
		},
		{
			"from": [7.9, 6.4, 10.5],
			"to": [8.1, 6.7, 11.2],
			"faces": {
				"north": {"uv": [4.5, 10, 4.625, 10.125], "texture": "#2"},
				"east": {"uv": [9.5, 1, 9.875, 1.125], "texture": "#2"},
				"south": {"uv": [10, 4.5, 10.125, 4.625], "texture": "#2"},
				"west": {"uv": [9.5, 1.5, 9.875, 1.625], "texture": "#2"},
				"up": {"uv": [9.625, 2.375, 9.5, 2], "texture": "#2"},
				"down": {"uv": [9.625, 2.5, 9.5, 2.875], "texture": "#2"}
			}
		},
		{
			"from": [7.9, 7.91974, 2.38959],
			"to": [8.1, 8.31974, 2.78959],
			"rotation": {"angle": 45, "axis": "x", "origin": [0, -2.28026, 4.48959]},
			"faces": {
				"north": {"uv": [9.5, 5, 9.625, 5.25], "texture": "#2"},
				"east": {"uv": [9, 7, 9.25, 7.25], "texture": "#2"},
				"south": {"uv": [9.5, 5.5, 9.625, 5.75], "texture": "#2"},
				"west": {"uv": [7.5, 9, 7.75, 9.25], "texture": "#2"},
				"up": {"uv": [9.625, 6.25, 9.5, 6], "texture": "#2"},
				"down": {"uv": [6.625, 9.5, 6.5, 9.75], "texture": "#2"}
			}
		},
		{
			"from": [7.7, 2.4, 8.8],
			"to": [8.3, 3.4, 8.9],
			"faces": {
				"north": {"uv": [5, 8.5, 5.25, 9], "texture": "#2"},
				"east": {"uv": [9, 7.5, 9.125, 8], "texture": "#2"},
				"south": {"uv": [8.5, 5, 8.75, 5.5], "texture": "#2"},
				"west": {"uv": [8, 9, 8.125, 9.5], "texture": "#2"},
				"up": {"uv": [9.75, 6.625, 9.5, 6.5], "texture": "#2"},
				"down": {"uv": [7.25, 9.5, 7, 9.625], "texture": "#2"}
			}
		},
		{
			"from": [7.7, -4, 8.5],
			"to": [8.3, -3.7, 8.8],
			"rotation": {"angle": -45, "axis": "x", "origin": [0, 0, 0]},
			"faces": {
				"north": {"uv": [9.5, 7, 9.75, 7.125], "texture": "#2"},
				"east": {"uv": [5, 10, 5.125, 10.125], "texture": "#2"},
				"south": {"uv": [7.5, 9.5, 7.75, 9.625], "texture": "#2"},
				"west": {"uv": [10, 5, 10.125, 5.125], "texture": "#2"},
				"up": {"uv": [9.75, 7.625, 9.5, 7.5], "texture": "#2"},
				"down": {"uv": [8.25, 9.5, 8, 9.625], "texture": "#2"}
			}
		},
		{
			"from": [7.7, -5.4, 9.9],
			"to": [8.3, -5.1, 10.2],
			"rotation": {"angle": -45, "axis": "x", "origin": [0, 0, 0]},
			"faces": {
				"north": {"uv": [9.5, 8, 9.75, 8.125], "texture": "#2"},
				"east": {"uv": [5.5, 10, 5.625, 10.125], "texture": "#2"},
				"south": {"uv": [8.5, 9.5, 8.75, 9.625], "texture": "#2"},
				"west": {"uv": [10, 5.5, 10.125, 5.625], "texture": "#2"},
				"up": {"uv": [9.75, 8.625, 9.5, 8.5], "texture": "#2"},
				"down": {"uv": [9.25, 9.5, 9, 9.625], "texture": "#2"}
			}
		},
		{
			"from": [7.7, 2.4, 8.9],
			"to": [8.3, 2.5, 10.9],
			"faces": {
				"north": {"uv": [9.5, 9, 9.75, 9.125], "texture": "#2"},
				"east": {"uv": [8.5, 5.5, 9.5, 5.625], "texture": "#2"},
				"south": {"uv": [9.5, 9.5, 9.75, 9.625], "texture": "#2"},
				"west": {"uv": [8.5, 6, 9.5, 6.125], "texture": "#2"},
				"up": {"uv": [2.75, 8, 2.5, 7], "texture": "#2"},
				"down": {"uv": [3.25, 7, 3, 8], "texture": "#2"}
			}
		},
		{
			"from": [7.7, 2.4, 10.8],
			"to": [8.3, 3.4, 10.9],
			"faces": {
				"north": {"uv": [6.5, 8.5, 6.75, 9], "texture": "#2"},
				"east": {"uv": [9, 8, 9.125, 8.5], "texture": "#2"},
				"south": {"uv": [8.5, 6.5, 8.75, 7], "texture": "#2"},
				"west": {"uv": [8.5, 9, 8.625, 9.5], "texture": "#2"},
				"up": {"uv": [0.25, 10.125, 0, 10], "texture": "#2"},
				"down": {"uv": [10.25, 0, 10, 0.125], "texture": "#2"}
			}
		},
		{
			"from": [7.7, -1.2, 10.2],
			"to": [8.3, -0.3, 10.3],
			"rotation": {"angle": -22.5, "axis": "x", "origin": [0, 0, 0]},
			"faces": {
				"north": {"uv": [7, 8.5, 7.25, 9], "texture": "#2"},
				"east": {"uv": [9, 8.5, 9.125, 9], "texture": "#2"},
				"south": {"uv": [8.5, 7, 8.75, 7.5], "texture": "#2"},
				"west": {"uv": [9, 9, 9.125, 9.5], "texture": "#2"},
				"up": {"uv": [0.75, 10.125, 0.5, 10], "texture": "#2"},
				"down": {"uv": [10.25, 0.5, 10, 0.625], "texture": "#2"}
			}
		},
		{
			"from": [7.7, -4.6, 9.2],
			"to": [8.3, -4.4, 9.6],
			"rotation": {"angle": -45, "axis": "x", "origin": [0, 0, 0]},
			"faces": {
				"north": {"uv": [1, 10, 1.25, 10.125], "texture": "#2"},
				"east": {"uv": [10, 1, 10.25, 1.125], "texture": "#2"},
				"south": {"uv": [1.5, 10, 1.75, 10.125], "texture": "#2"},
				"west": {"uv": [10, 1.5, 10.25, 1.625], "texture": "#2"},
				"up": {"uv": [0.25, 9.75, 0, 9.5], "texture": "#2"},
				"down": {"uv": [9.75, 0, 9.5, 0.25], "texture": "#2"}
			}
		},
		{
			"from": [7.7, 5.1, 1.1],
			"to": [8.3, 6.1, 7.4],
			"faces": {
				"north": {"uv": [7.5, 8.5, 7.75, 9], "texture": "#2"},
				"east": {"uv": [0, 0, 3.125, 0.5], "texture": "#2"},
				"south": {"uv": [8, 8.5, 8.25, 9], "texture": "#2"},
				"west": {"uv": [0, 0.5, 3.125, 1], "texture": "#2"},
				"up": {"uv": [3.25, 6.625, 3, 3.5], "texture": "#2"},
				"down": {"uv": [3.75, 3.5, 3.5, 6.625], "texture": "#2"}
			}
		},
		{
			"from": [7.9, 6, -1.1],
			"to": [8.1, 6.6, 0.2],
			"rotation": {"angle": 22.5, "axis": "x", "origin": [0, 0, 0]},
			"faces": {
				"north": {"uv": [2, 10, 2.125, 10.25], "texture": "#2"},
				"east": {"uv": [0, 8.5, 0.625, 8.75], "texture": "#2"},
				"south": {"uv": [10, 2, 10.125, 2.25], "texture": "#2"},
				"west": {"uv": [8.5, 0, 9.125, 0.25], "texture": "#2"},
				"up": {"uv": [5.625, 9.625, 5.5, 9], "texture": "#2"},
				"down": {"uv": [6.125, 9, 6, 9.625], "texture": "#2"}
			}
		},
		{
			"from": [7.8, 4.6, 1.1],
			"to": [8.2, 5.1, 7.4],
			"faces": {
				"north": {"uv": [0.5, 9.5, 0.75, 9.75], "texture": "#2"},
				"east": {"uv": [3.5, 0, 6.625, 0.25], "texture": "#2"},
				"south": {"uv": [9.5, 0.5, 9.75, 0.75], "texture": "#2"},
				"west": {"uv": [3.5, 0.5, 6.625, 0.75], "texture": "#2"},
				"up": {"uv": [1.25, 7.125, 1, 4], "texture": "#2"},
				"down": {"uv": [4.25, 1, 4, 4.125], "texture": "#2"}
			}
		},
		{
			"from": [5.2, 4.4, 8.5],
			"to": [5.6, 5.3, 10.5],
			"rotation": {"angle": 0, "axis": "y", "origin": [-2, 0, 0]},
			"faces": {
				"north": {"uv": [8.5, 8.5, 8.75, 9], "texture": "#2"},
				"east": {"uv": [4.5, 4, 5.5, 4.5], "texture": "#2"},
				"south": {"uv": [0, 9, 0.25, 9.5], "texture": "#2"},
				"west": {"uv": [5.5, 2, 6.5, 2.5], "texture": "#2"},
				"up": {"uv": [3.75, 8, 3.5, 7], "texture": "#2"},
				"down": {"uv": [4.25, 7, 4, 8], "texture": "#2"}
			}
		},
		{
			"from": [6.4, 4.4, 8.5],
			"to": [6.8, 5.3, 10.5],
			"rotation": {"angle": 0, "axis": "y", "origin": [-2, 0, 0]},
			"faces": {
				"north": {"uv": [0.5, 9, 0.75, 9.5], "texture": "#2"},
				"east": {"uv": [5.5, 4, 6.5, 4.5], "texture": "#2"},
				"south": {"uv": [9, 0.5, 9.25, 1], "texture": "#2"},
				"west": {"uv": [5.5, 5, 6.5, 5.5], "texture": "#2"},
				"up": {"uv": [4.75, 8, 4.5, 7], "texture": "#2"},
				"down": {"uv": [5.25, 7, 5, 8], "texture": "#2"}
			}
		},
		{
			"from": [5.6, 4, 8.5],
			"to": [6.4, 5.7, 10.5],
			"rotation": {"angle": 0, "axis": "y", "origin": [-2, 0, 0]},
			"faces": {
				"north": {"uv": [6.5, 1, 6.875, 1.875], "texture": "#2"},
				"east": {"uv": [1, 3, 2, 3.875], "texture": "#2"},
				"south": {"uv": [1.5, 6.5, 1.875, 7.375], "texture": "#2"},
				"west": {"uv": [3, 1, 4, 1.875], "texture": "#2"},
				"up": {"uv": [0.375, 7.5, 0, 6.5], "texture": "#2"},
				"down": {"uv": [0.875, 6.5, 0.5, 7.5], "texture": "#2"}
			}
		},
		{
			"from": [4.59756, 11.84558, 8.5],
			"to": [4.89756, 12.44558, 10.5],
			"rotation": {"angle": -45, "axis": "z", "origin": [-3.00244, 7.84558, 0]},
			"faces": {
				"north": {"uv": [2.5, 10, 2.625, 10.25], "texture": "#2"},
				"east": {"uv": [7, 3.5, 8, 3.75], "texture": "#2"},
				"south": {"uv": [10, 2.5, 10.125, 2.75], "texture": "#2"},
				"west": {"uv": [5.5, 7, 6.5, 7.25], "texture": "#2"},
				"up": {"uv": [1.125, 10, 1, 9], "texture": "#2"},
				"down": {"uv": [9.125, 1, 9, 2], "texture": "#2"}
			}
		},
		{
			"from": [7.10244, 11.84558, 8.5],
			"to": [7.40244, 12.44558, 10.5],
			"rotation": {"angle": 45, "axis": "z", "origin": [15.00244, 7.84558, 0]},
			"faces": {
				"north": {"uv": [3, 10, 3.125, 10.25], "texture": "#2"},
				"east": {"uv": [6.5, 7, 7.5, 7.25], "texture": "#2"},
				"south": {"uv": [10, 3, 10.125, 3.25], "texture": "#2"},
				"west": {"uv": [0, 7.5, 1, 7.75], "texture": "#2"},
				"up": {"uv": [1.625, 10, 1.5, 9], "texture": "#2"},
				"down": {"uv": [2.125, 9, 2, 10], "texture": "#2"}
			}
		},
		{
			"from": [7.10244, -2.74558, 8.5],
			"to": [7.40244, -2.14558, 10.5],
			"rotation": {"angle": -45, "axis": "z", "origin": [15.00244, 1.85442, 0]},
			"faces": {
				"north": {"uv": [3.5, 10, 3.625, 10.25], "texture": "#2"},
				"east": {"uv": [1, 7.5, 2, 7.75], "texture": "#2"},
				"south": {"uv": [10, 3.5, 10.125, 3.75], "texture": "#2"},
				"west": {"uv": [7.5, 2, 8.5, 2.25], "texture": "#2"},
				"up": {"uv": [9.125, 3, 9, 2], "texture": "#2"},
				"down": {"uv": [2.625, 9, 2.5, 10], "texture": "#2"}
			}
		},
		{
			"from": [4.59756, -2.74558, 8.5],
			"to": [4.89756, -2.14558, 10.5],
			"rotation": {"angle": 45, "axis": "z", "origin": [-3.00244, 1.85442, 0]},
			"faces": {
				"north": {"uv": [4, 10, 4.125, 10.25], "texture": "#2"},
				"east": {"uv": [7.5, 2.5, 8.5, 2.75], "texture": "#2"},
				"south": {"uv": [10, 4, 10.125, 4.25], "texture": "#2"},
				"west": {"uv": [7.5, 3, 8.5, 3.25], "texture": "#2"},
				"up": {"uv": [3.125, 10, 3, 9], "texture": "#2"},
				"down": {"uv": [9.125, 3, 9, 4], "texture": "#2"}
			}
		},
		{
			"from": [5.5, 5.15, 10.6],
			"to": [5.9, 5.55, 11.6],
			"faces": {
				"north": {"uv": [0, 2, 0.5, 2.5], "texture": "#1"},
				"east": {"uv": [0, 0, 1, 0.5], "texture": "#1"},
				"south": {"uv": [2, 0, 2.5, 0.5], "texture": "#1"},
				"west": {"uv": [0, 1, 1, 1.5], "texture": "#1"},
				"up": {"uv": [1.5, 1, 1, 0], "texture": "#1"},
				"down": {"uv": [1.5, 1, 1, 2], "texture": "#1"}
			}
		},
		{
			"from": [6.1, 5.15, 10.6],
			"to": [6.5, 5.55, 11.6],
			"faces": {
				"north": {"uv": [0, 2, 0.5, 2.5], "texture": "#1"},
				"east": {"uv": [0, 0, 1, 0.5], "texture": "#1"},
				"south": {"uv": [2, 0, 2.5, 0.5], "texture": "#1"},
				"west": {"uv": [0, 1, 1, 1.5], "texture": "#1"},
				"up": {"uv": [1.5, 1, 1, 0], "texture": "#1"},
				"down": {"uv": [1.5, 1, 1, 2], "texture": "#1"}
			}
		},
		{
			"from": [6.1, 4.15, 10.6],
			"to": [6.5, 4.55, 11.6],
			"faces": {
				"north": {"uv": [0, 2, 0.5, 2.5], "texture": "#1"},
				"east": {"uv": [0, 0, 1, 0.5], "texture": "#1"},
				"south": {"uv": [2, 0, 2.5, 0.5], "texture": "#1"},
				"west": {"uv": [0, 1, 1, 1.5], "texture": "#1"},
				"up": {"uv": [1.5, 1, 1, 0], "texture": "#1"},
				"down": {"uv": [1.5, 1, 1, 2], "texture": "#1"}
			}
		},
		{
			"from": [5.5, 4.15, 10.6],
			"to": [5.9, 4.55, 11.6],
			"faces": {
				"north": {"uv": [0, 2, 0.5, 2.5], "texture": "#1"},
				"east": {"uv": [0, 0, 1, 0.5], "texture": "#1"},
				"south": {"uv": [2, 0, 2.5, 0.5], "texture": "#1"},
				"west": {"uv": [0, 1, 1, 1.5], "texture": "#1"},
				"up": {"uv": [1.5, 1, 1, 0], "texture": "#1"},
				"down": {"uv": [1.5, 1, 1, 2], "texture": "#1"}
			}
		},
		{
			"from": [6.3, 4.65, 10.6],
			"to": [6.7, 5.05, 11.6],
			"faces": {
				"north": {"uv": [0, 2, 0.5, 2.5], "texture": "#1"},
				"east": {"uv": [0, 0, 1, 0.5], "texture": "#1"},
				"south": {"uv": [2, 0, 2.5, 0.5], "texture": "#1"},
				"west": {"uv": [0, 1, 1, 1.5], "texture": "#1"},
				"up": {"uv": [1.5, 1, 1, 0], "texture": "#1"},
				"down": {"uv": [1.5, 1, 1, 2], "texture": "#1"}
			}
		},
		{
			"from": [5.3, 4.65, 10.6],
			"to": [5.7, 5.05, 11.6],
			"faces": {
				"north": {"uv": [0, 2, 0.5, 2.5], "texture": "#1"},
				"east": {"uv": [0, 0, 1, 0.5], "texture": "#1"},
				"south": {"uv": [2, 0, 2.5, 0.5], "texture": "#1"},
				"west": {"uv": [0, 1, 1, 1.5], "texture": "#1"},
				"up": {"uv": [1.5, 1, 1, 0], "texture": "#1"},
				"down": {"uv": [1.5, 1, 1, 2], "texture": "#1"}
			}
		}
	],
	"display": {
		"thirdperson_righthand": {
			"translation": [0, 3, -0.75],
			"scale": [0.7, 0.7, 0.7]
		},
		"thirdperson_lefthand": {
			"scale": [0, 0, 0]
		},
		"firstperson_righthand": {
			"translation": [0, 17.5, -0.25]
		},
		"firstperson_lefthand": {
			"scale": [0, 0, 0]
		},
		"gui": {
			"rotation": [13.5, 67.75, 0],
			"translation": [0, 4.25, 0]
		}
	},
	"groups": [
		{
			"name": "lfp586",
			"origin": [8, 8, 8],
			"color": 0,
			"children": [
				{
					"name": "wei",
					"origin": [8, 8, 8],
					"color": 0,
					"children": [0, 1, 2, 3, 4, 5, 6]
				},
				{
					"name": "main",
					"origin": [8, 8, 8],
					"color": 0,
					"children": [7, 8, 9, 10, 11, 12, 13, 14, 15, 16, 17, 18, 19,
						{
							"name": "group",
							"origin": [0, 0, 0],
							"color": 0,
							"children": [20, 21, 22, 23, 24, 25, 26]
						}
					]
				},
				{
					"name": "head",
					"origin": [8, 8, 8],
					"color": 0,
					"children": [27, 28, 29]
				},
				{
					"name": "lun",
					"origin": [8, 8, 8],
					"color": 0,
					"children": [30, 31, 32, 33, 34, 35, 36]
				}
			]
		}, 37, 38, 39, 40, 41, 42]
}