{
	"credit": "Made with Blockbench",
	"texture_size": [32, 32],
	"textures": {
		"0": "gun/mp5/mp5",
		"particle": "gun/mp5/mp5"
	},
	"elements": [
		{
			"from": [8, 3.8, 15.7],
			"to": [9, 9.1, 16.4],
			"rotation": {"angle": 0, "axis": "y", "origin": [0, 0, 2]},
			"faces": {
				"north": {"uv": [9, 7, 9.5, 9.625], "texture": "#0"},
				"east": {"uv": [9.5, 9, 9.875, 11.625], "texture": "#0"},
				"south": {"uv": [8, 9, 8.5, 11.625], "texture": "#0"},
				"west": {"uv": [10, 1, 10.375, 3.625], "texture": "#0"},
				"up": {"uv": [11, 3.875, 10.5, 3.5], "texture": "#0"},
				"down": {"uv": [13, 6.5, 12.5, 6.875], "texture": "#0"}
			}
		},
		{
			"from": [8, 7.3, 15],
			"to": [9, 8.8, 15.8],
			"rotation": {"angle": 0, "axis": "y", "origin": [0, 0, 2]},
			"faces": {
				"north": {"uv": [5, 11.5, 5.5, 12.25], "texture": "#0"},
				"east": {"uv": [8, 12, 8.375, 12.75], "texture": "#0"},
				"south": {"uv": [11.5, 5, 12, 5.75], "texture": "#0"},
				"west": {"uv": [9.5, 12, 9.875, 12.75], "texture": "#0"},
				"up": {"uv": [13, 7.875, 12.5, 7.5], "texture": "#0"},
				"down": {"uv": [13, 8, 12.5, 8.375], "texture": "#0"}
			}
		},
		{
			"from": [8.1, 7.6, 14],
			"to": [8.9, 8.4, 15],
			"rotation": {"angle": 0, "axis": "y", "origin": [0, 0, 2]},
			"faces": {
				"north": {"uv": [13, 6.5, 13.375, 6.875], "texture": "#0"},
				"east": {"uv": [12.5, 10.5, 13, 10.875], "texture": "#0"},
				"south": {"uv": [7, 13, 7.375, 13.375], "texture": "#0"},
				"west": {"uv": [12.5, 11, 13, 11.375], "texture": "#0"},
				"up": {"uv": [11.875, 13, 11.5, 12.5], "texture": "#0"},
				"down": {"uv": [12.375, 12.5, 12, 13], "texture": "#0"}
			}
		},
		{
			"from": [8, 4.21936, 10.67975],
			"to": [9, 4.71936, 11.47975],
			"rotation": {"angle": -22.5, "axis": "x", "origin": [0, 17.71936, 2.57975]},
			"faces": {
				"north": {"uv": [13, 8, 13.5, 8.25], "texture": "#0"},
				"east": {"uv": [13, 12.5, 13.375, 12.75], "texture": "#0"},
				"south": {"uv": [8.5, 13, 9, 13.25], "texture": "#0"},
				"west": {"uv": [0, 13.5, 0.375, 13.75], "texture": "#0"},
				"up": {"uv": [13, 12.375, 12.5, 12], "texture": "#0"},
				"down": {"uv": [13, 12.5, 12.5, 12.875], "texture": "#0"}
			}
		},
		{
			"from": [8, 9.07351, 26.91838],
			"to": [9, 9.57351, 28.01838],
			"rotation": {"angle": 45, "axis": "x", "origin": [0, 22.57351, 18.81838]},
			"faces": {
				"north": {"uv": [13, 8.5, 13.5, 8.75], "texture": "#0"},
				"east": {"uv": [9.5, 13, 10, 13.25], "texture": "#0"},
				"south": {"uv": [10, 13, 10.5, 13.25], "texture": "#0"},
				"west": {"uv": [10.5, 13, 11, 13.25], "texture": "#0"},
				"up": {"uv": [7.5, 6.5, 7, 6], "texture": "#0"},
				"down": {"uv": [10, 3.5, 9.5, 4], "texture": "#0"}
			}
		},
		{
			"from": [7.7, 7.5, 12.6],
			"to": [9.3, 8.6, 14.3],
			"rotation": {"angle": 0, "axis": "y", "origin": [0, 0, 2]},
			"faces": {
				"north": {"uv": [5.5, 11.5, 6.25, 12], "texture": "#0"},
				"east": {"uv": [10.5, 8.5, 11.375, 9], "texture": "#0"},
				"south": {"uv": [11.5, 6, 12.25, 6.5], "texture": "#0"},
				"west": {"uv": [3, 11.5, 3.875, 12], "texture": "#0"},
				"up": {"uv": [9.25, 3.875, 8.5, 3], "texture": "#0"},
				"down": {"uv": [11.25, 2.5, 10.5, 3.375], "texture": "#0"}
			}
		},
		{
			"from": [7.9, 6.7, 12.6],
			"to": [9.1, 7.5, 14.3],
			"rotation": {"angle": 0, "axis": "y", "origin": [0, 0, 2]},
			"faces": {
				"north": {"uv": [12, 8.5, 12.625, 8.875], "texture": "#0"},
				"east": {"uv": [12, 0, 12.875, 0.375], "texture": "#0"},
				"south": {"uv": [11.5, 12, 12.125, 12.375], "texture": "#0"},
				"west": {"uv": [0.5, 12, 1.375, 12.375], "texture": "#0"},
				"up": {"uv": [11.125, 7.375, 10.5, 6.5], "texture": "#0"},
				"down": {"uv": [11.125, 7.5, 10.5, 8.375], "texture": "#0"}
			}
		},
		{
			"from": [8.1, 8.6, 12.6],
			"to": [8.9, 9.7, 14.3],
			"rotation": {"angle": 0, "axis": "y", "origin": [0, 0, 2]},
			"faces": {
				"north": {"uv": [13, 0, 13.375, 0.5], "texture": "#0"},
				"east": {"uv": [4, 11.5, 4.875, 12], "texture": "#0"},
				"south": {"uv": [13, 0.5, 13.375, 1], "texture": "#0"},
				"west": {"uv": [11.5, 4.5, 12.375, 5], "texture": "#0"},
				"up": {"uv": [3.375, 12.875, 3, 12], "texture": "#0"},
				"down": {"uv": [3.875, 12, 3.5, 12.875], "texture": "#0"}
			}
		},
		{
			"from": [5.0255, 12.35437, 12.6],
			"to": [5.8255, 13.55437, 14.3],
			"rotation": {"angle": -22.5, "axis": "z", "origin": [-3.0745, 3.75437, 2]},
			"faces": {
				"north": {"uv": [0.5, 12.5, 0.875, 13.125], "texture": "#0"},
				"east": {"uv": [10, 10.5, 10.875, 11.125], "texture": "#0"},
				"south": {"uv": [1, 12.5, 1.375, 13.125], "texture": "#0"},
				"west": {"uv": [0, 11, 0.875, 11.625], "texture": "#0"},
				"up": {"uv": [12.375, 4.375, 12, 3.5], "texture": "#0"},
				"down": {"uv": [4.375, 12, 4, 12.875], "texture": "#0"}
			}
		},
		{
			"from": [12.46855, 5.84875, 12.6],
			"to": [13.26855, 7.04875, 14.3],
			"rotation": {"angle": 22.5, "axis": "z", "origin": [4.36855, -2.75125, 2]},
			"faces": {
				"north": {"uv": [12.5, 2.5, 12.875, 3.125], "texture": "#0"},
				"east": {"uv": [11, 0, 11.875, 0.625], "texture": "#0"},
				"south": {"uv": [12.5, 3.5, 12.875, 4.125], "texture": "#0"},
				"west": {"uv": [11, 3.5, 11.875, 4.125], "texture": "#0"},
				"up": {"uv": [4.875, 12.875, 4.5, 12], "texture": "#0"},
				"down": {"uv": [12.375, 5, 12, 5.875], "texture": "#0"}
			}
		},
		{
			"from": [7.8, 7.5, 5],
			"to": [9.2, 8.6, 12.6],
			"rotation": {"angle": 0, "axis": "y", "origin": [0, 0, 2]},
			"faces": {
				"north": {"uv": [6.5, 11.5, 7.25, 12], "texture": "#0"},
				"east": {"uv": [7, 0, 10.75, 0.5], "texture": "#0"},
				"south": {"uv": [11.5, 6.5, 12.25, 7], "texture": "#0"},
				"west": {"uv": [7, 0.5, 10.75, 1], "texture": "#0"},
				"up": {"uv": [0.75, 6.75, 0, 3], "texture": "#0"},
				"down": {"uv": [1.75, 3, 1, 6.75], "texture": "#0"}
			}
		},
		{
			"from": [8.1, 8.6, 0],
			"to": [8.9, 9.6, 12.6],
			"rotation": {"angle": 0, "axis": "y", "origin": [0, 0, 2]},
			"faces": {
				"north": {"uv": [13, 2.5, 13.375, 3], "texture": "#0"},
				"east": {"uv": [0, 0, 6.25, 0.5], "texture": "#0"},
				"south": {"uv": [3, 13, 3.375, 13.5], "texture": "#0"},
				"west": {"uv": [0, 0.5, 6.25, 1], "texture": "#0"},
				"up": {"uv": [4.375, 11.25, 4, 5], "texture": "#0"},
				"down": {"uv": [4.875, 5, 4.5, 11.25], "texture": "#0"}
			}
		},
		{
			"from": [8.4, 9.6, 10.9],
			"to": [8.6, 10, 11.6],
			"rotation": {"angle": 0, "axis": "y", "origin": [0, 0, 2]},
			"faces": {
				"north": {"uv": [11.5, 13.5, 11.625, 13.75], "texture": "#0"},
				"east": {"uv": [13.5, 0, 13.875, 0.25], "texture": "#0"},
				"south": {"uv": [13.5, 11.5, 13.625, 11.75], "texture": "#0"},
				"west": {"uv": [0.5, 13.5, 0.875, 13.75], "texture": "#0"},
				"up": {"uv": [10.625, 13.875, 10.5, 13.5], "texture": "#0"},
				"down": {"uv": [13.625, 10.5, 13.5, 10.875], "texture": "#0"}
			}
		},
		{
			"from": [8.4, 5.04071, 1.18284],
			"to": [8.6, 5.74071, 1.58284],
			"rotation": {"angle": 45, "axis": "x", "origin": [0, -3.85929, 11.18284]},
			"faces": {
				"north": {"uv": [11, 13.5, 11.125, 13.875], "texture": "#0"},
				"east": {"uv": [13.5, 0.5, 13.75, 0.875], "texture": "#0"},
				"south": {"uv": [13.5, 11, 13.625, 11.375], "texture": "#0"},
				"west": {"uv": [1, 13.5, 1.25, 13.875], "texture": "#0"},
				"up": {"uv": [12.125, 13.75, 12, 13.5], "texture": "#0"},
				"down": {"uv": [12.625, 13.5, 12.5, 13.75], "texture": "#0"}
			}
		},
		{
			"from": [5.1255, 12.35437, 0],
			"to": [5.9255, 13.25437, 12.6],
			"rotation": {"angle": -22.5, "axis": "z", "origin": [-2.9745, 3.75437, 2]},
			"faces": {
				"north": {"uv": [13, 3, 13.375, 3.5], "texture": "#0"},
				"east": {"uv": [0, 1, 6.25, 1.5], "texture": "#0"},
				"south": {"uv": [3.5, 13, 3.875, 13.5], "texture": "#0"},
				"west": {"uv": [0, 1.5, 6.25, 2], "texture": "#0"},
				"up": {"uv": [5.375, 11.25, 5, 5], "texture": "#0"},
				"down": {"uv": [5.875, 3, 5.5, 9.25], "texture": "#0"}
			}
		},
		{
			"from": [12.36855, 5.84875, 0],
			"to": [13.16855, 6.84875, 12.6],
			"rotation": {"angle": 22.5, "axis": "z", "origin": [4.26855, -2.75125, 2]},
			"faces": {
				"north": {"uv": [13, 3.5, 13.375, 4], "texture": "#0"},
				"east": {"uv": [0, 2, 6.25, 2.5], "texture": "#0"},
				"south": {"uv": [4, 13, 4.375, 13.5], "texture": "#0"},
				"west": {"uv": [0, 2.5, 6.25, 3], "texture": "#0"},
				"up": {"uv": [6.375, 9.25, 6, 3], "texture": "#0"},
				"down": {"uv": [6.875, 0, 6.5, 6.25], "texture": "#0"}
			}
		},
		{
			"from": [8, 6.7, 6.6],
			"to": [9, 7.5, 12.6],
			"rotation": {"angle": 0, "axis": "y", "origin": [0, 0, 2]},
			"faces": {
				"north": {"uv": [13, 4, 13.5, 4.375], "texture": "#0"},
				"east": {"uv": [7.5, 4.5, 10.5, 4.875], "texture": "#0"},
				"south": {"uv": [4.5, 13, 5, 13.375], "texture": "#0"},
				"west": {"uv": [8, 4, 11, 4.375], "texture": "#0"},
				"up": {"uv": [8, 10, 7.5, 7], "texture": "#0"},
				"down": {"uv": [8.5, 1, 8, 4], "texture": "#0"}
			}
		},
		{
			"from": [8, 5.5, 6.9],
			"to": [9, 6.7, 11.9],
			"rotation": {"angle": 0, "axis": "y", "origin": [0, 0, 2]},
			"faces": {
				"north": {"uv": [5.5, 12, 6, 12.625], "texture": "#0"},
				"east": {"uv": [7, 5, 9.5, 5.625], "texture": "#0"},
				"south": {"uv": [6, 12, 6.5, 12.625], "texture": "#0"},
				"west": {"uv": [7.5, 6, 10, 6.625], "texture": "#0"},
				"up": {"uv": [9, 11.5, 8.5, 9], "texture": "#0"},
				"down": {"uv": [10, 1, 9.5, 3.5], "texture": "#0"}
			}
		},
		{
			"from": [8, 4.28249, 16.96066],
			"to": [9, 5.48249, 18.86066],
			"rotation": {"angle": -45, "axis": "x", "origin": [0, -1.21751, 12.96066]},
			"faces": {
				"north": {"uv": [6.5, 12, 7, 12.625], "texture": "#0"},
				"east": {"uv": [3, 10.5, 4, 11.125], "texture": "#0"},
				"south": {"uv": [7, 12, 7.5, 12.625], "texture": "#0"},
				"west": {"uv": [10.5, 4.5, 11.5, 5.125], "texture": "#0"},
				"up": {"uv": [10, 6, 9.5, 5], "texture": "#0"},
				"down": {"uv": [1.5, 11, 1, 12], "texture": "#0"}
			}
		},
		{
			"from": [8, 1.15217, 13.41309],
			"to": [9, 4.85217, 14.91309],
			"rotation": {"angle": -22.5, "axis": "x", "origin": [0, -2.94783, 9.01309]},
			"faces": {
				"north": {"uv": [10, 5, 10.5, 6.875], "texture": "#0"},
				"east": {"uv": [2, 8.5, 2.75, 10.375], "texture": "#0"},
				"south": {"uv": [7.5, 10, 8, 11.875], "texture": "#0"},
				"west": {"uv": [3, 8.5, 3.75, 10.375], "texture": "#0"},
				"up": {"uv": [12, 7.75, 11.5, 7], "texture": "#0"},
				"down": {"uv": [12, 8, 11.5, 8.75], "texture": "#0"}
			}
		},
		{
			"from": [8.2, 4.3, 9.2],
			"to": [8.8, 4.4, 10.9],
			"rotation": {"angle": 0, "axis": "y", "origin": [0, 0, 2]},
			"faces": {
				"north": {"uv": [13.5, 12.5, 13.75, 12.625], "texture": "#0"},
				"east": {"uv": [13, 12, 13.875, 12.125], "texture": "#0"},
				"south": {"uv": [13, 13.5, 13.25, 13.625], "texture": "#0"},
				"west": {"uv": [12.5, 13, 13.375, 13.125], "texture": "#0"},
				"up": {"uv": [5.25, 13.375, 5, 12.5], "texture": "#0"},
				"down": {"uv": [12.75, 5.5, 12.5, 6.375], "texture": "#0"}
			}
		},
		{
			"from": [8.2, 1.97699, 6.12144],
			"to": [8.8, 3.47699, 6.22144],
			"rotation": {"angle": -22.5, "axis": "x", "origin": [0, 10.87699, 1.82144]},
			"faces": {
				"north": {"uv": [5.5, 13, 5.75, 13.75], "texture": "#0"},
				"east": {"uv": [13.5, 2.5, 13.625, 3.25], "texture": "#0"},
				"south": {"uv": [13, 5.5, 13.25, 6.25], "texture": "#0"},
				"west": {"uv": [3, 13.5, 3.125, 14.25], "texture": "#0"},
				"up": {"uv": [13.75, 13.125, 13.5, 13], "texture": "#0"},
				"down": {"uv": [13.75, 13.5, 13.5, 13.625], "texture": "#0"}
			}
		},
		{
			"from": [8.4, 4.72699, 9.77144],
			"to": [8.6, 6.22699, 9.87144],
			"rotation": {"angle": 0, "axis": "x", "origin": [0, 10.87699, 1.82144]},
			"faces": {
				"north": {"uv": [3.5, 13.5, 3.625, 14.25], "texture": "#0"},
				"east": {"uv": [13.5, 3.5, 13.625, 4.25], "texture": "#0"},
				"south": {"uv": [4, 13.5, 4.125, 14.25], "texture": "#0"},
				"west": {"uv": [4.5, 13.5, 4.625, 14.25], "texture": "#0"},
				"up": {"uv": [2.125, 14.125, 2, 14], "texture": "#0"},
				"down": {"uv": [14.125, 2, 14, 2.125], "texture": "#0"}
			}
		},
		{
			"from": [7.9, 8.55157, 3.16418],
			"to": [9.1, 11.75157, 4.86418],
			"rotation": {"angle": 22.5, "axis": "x", "origin": [0, 0.55157, -2.43582]},
			"faces": {
				"north": {"uv": [5.5, 9.5, 6.125, 11.125], "texture": "#0"},
				"east": {"uv": [8, 7, 8.875, 8.625], "texture": "#0"},
				"south": {"uv": [9.5, 7, 10.125, 8.625], "texture": "#0"},
				"west": {"uv": [8.5, 1, 9.375, 2.625], "texture": "#0"},
				"up": {"uv": [11.625, 11.375, 11, 10.5], "texture": "#0"},
				"down": {"uv": [12.125, 2.5, 11.5, 3.375], "texture": "#0"}
			}
		},
		{
			"from": [7.9, 5.16552, 10.28711],
			"to": [9.1, 6.16552, 10.98711],
			"rotation": {"angle": -22.5, "axis": "x", "origin": [0, -3.73448, 3.68711]},
			"faces": {
				"north": {"uv": [12, 0.5, 12.625, 1], "texture": "#0"},
				"east": {"uv": [6, 13, 6.375, 13.5], "texture": "#0"},
				"south": {"uv": [12, 7, 12.625, 7.5], "texture": "#0"},
				"west": {"uv": [6.5, 13, 6.875, 13.5], "texture": "#0"},
				"up": {"uv": [13.125, 4.875, 12.5, 4.5], "texture": "#0"},
				"down": {"uv": [13.125, 5, 12.5, 5.375], "texture": "#0"}
			}
		},
		{
			"from": [8, 2.65157, 3.36418],
			"to": [9, 10.15157, 4.66418],
			"rotation": {"angle": 22.5, "axis": "x", "origin": [0, 0.55157, -2.43582]},
			"faces": {
				"north": {"uv": [1, 7, 1.5, 10.75], "texture": "#0"},
				"east": {"uv": [6.5, 6.5, 7.125, 10.25], "texture": "#0"},
				"south": {"uv": [7, 1, 7.5, 4.75], "texture": "#0"},
				"west": {"uv": [0, 7, 0.625, 10.75], "texture": "#0"},
				"up": {"uv": [8, 12.625, 7.5, 12], "texture": "#0"},
				"down": {"uv": [12.5, 7.5, 12, 8.125], "texture": "#0"}
			}
		},
		{
			"from": [7.7, 7.4, -0.6],
			"to": [9.3, 8.8, 5.8],
			"rotation": {"angle": 0, "axis": "y", "origin": [0, 0, 2]},
			"faces": {
				"north": {"uv": [10.5, 5.5, 11.25, 6.25], "texture": "#0"},
				"east": {"uv": [2, 3, 5.25, 3.75], "texture": "#0"},
				"south": {"uv": [6.5, 10.5, 7.25, 11.25], "texture": "#0"},
				"west": {"uv": [2, 4, 5.25, 4.75], "texture": "#0"},
				"up": {"uv": [2.75, 8.25, 2, 5], "texture": "#0"},
				"down": {"uv": [3.75, 5, 3, 8.25], "texture": "#0"}
			}
		},
		{
			"from": [8, 7, -0.6],
			"to": [9, 7.4, 5.8],
			"rotation": {"angle": 0, "axis": "y", "origin": [0, 0, 2]},
			"faces": {
				"north": {"uv": [13, 10.5, 13.5, 10.75], "texture": "#0"},
				"east": {"uv": [10, 9, 13.25, 9.25], "texture": "#0"},
				"south": {"uv": [11, 13, 11.5, 13.25], "texture": "#0"},
				"west": {"uv": [10, 9.5, 13.25, 9.75], "texture": "#0"},
				"up": {"uv": [2, 10.25, 1.5, 7], "texture": "#0"},
				"down": {"uv": [8, 1, 7.5, 4.25], "texture": "#0"}
			}
		},
		{
			"from": [6.10345, 15.33137, -0.6],
			"to": [6.70345, 15.93137, 5.8],
			"rotation": {"angle": -45, "axis": "z", "origin": [-2.29655, 8.53137, 2]},
			"faces": {
				"north": {"uv": [7, 13.5, 7.25, 13.75], "texture": "#0"},
				"east": {"uv": [10, 10, 13.25, 10.25], "texture": "#0"},
				"south": {"uv": [13.5, 7, 13.75, 7.25], "texture": "#0"},
				"west": {"uv": [10.5, 1, 13.75, 1.25], "texture": "#0"},
				"up": {"uv": [9.25, 13.25, 9, 10], "texture": "#0"},
				"down": {"uv": [1.75, 10.5, 1.5, 13.75], "texture": "#0"}
			}
		},
		{
			"from": [5.35198, 15.33137, -0.6],
			"to": [5.95198, 15.93137, 5.8],
			"rotation": {"angle": -45, "axis": "z", "origin": [-3.04802, 8.53137, 2]},
			"faces": {
				"north": {"uv": [7.5, 13.5, 7.75, 13.75], "texture": "#0"},
				"east": {"uv": [10.5, 1.5, 13.75, 1.75], "texture": "#0"},
				"south": {"uv": [13.5, 7.5, 13.75, 7.75], "texture": "#0"},
				"west": {"uv": [10.5, 2, 13.75, 2.25], "texture": "#0"},
				"up": {"uv": [2.25, 13.75, 2, 10.5], "texture": "#0"},
				"down": {"uv": [2.75, 10.5, 2.5, 13.75], "texture": "#0"}
			}
		},
		{
			"from": [8.2, 8.8, -1],
			"to": [8.8, 9.4, 0],
			"rotation": {"angle": 0, "axis": "y", "origin": [0, 0, 2]},
			"faces": {
				"north": {"uv": [8, 13.5, 8.25, 13.75], "texture": "#0"},
				"east": {"uv": [13, 11, 13.5, 11.25], "texture": "#0"},
				"south": {"uv": [13.5, 8, 13.75, 8.25], "texture": "#0"},
				"west": {"uv": [11.5, 13, 12, 13.25], "texture": "#0"},
				"up": {"uv": [13.25, 12, 13, 11.5], "texture": "#0"},
				"down": {"uv": [12.25, 13, 12, 13.5], "texture": "#0"}
			}
		},
		{
			"from": [8.1, 8.7, -1.3],
			"to": [8.9, 9.5, -0.7],
			"rotation": {"angle": 0, "axis": "y", "origin": [0, 0, 2]},
			"faces": {
				"north": {"uv": [13, 7, 13.375, 7.375], "texture": "#0"},
				"east": {"uv": [13.5, 4.5, 13.75, 4.875], "texture": "#0"},
				"south": {"uv": [7.5, 13, 7.875, 13.375], "texture": "#0"},
				"west": {"uv": [5, 13.5, 5.25, 13.875], "texture": "#0"},
				"up": {"uv": [13.875, 5.25, 13.5, 5], "texture": "#0"},
				"down": {"uv": [13.875, 5.5, 13.5, 5.75], "texture": "#0"}
			}
		},
		{
			"from": [8.1, 7.7, -1.3],
			"to": [8.9, 8.5, -0.7],
			"rotation": {"angle": 0, "axis": "y", "origin": [0, 0, 2]},
			"faces": {
				"north": {"uv": [13, 7.5, 13.375, 7.875], "texture": "#0"},
				"east": {"uv": [6, 13.5, 6.25, 13.875], "texture": "#0"},
				"south": {"uv": [8, 13, 8.375, 13.375], "texture": "#0"},
				"west": {"uv": [13.5, 6, 13.75, 6.375], "texture": "#0"},
				"up": {"uv": [6.875, 13.75, 6.5, 13.5], "texture": "#0"},
				"down": {"uv": [13.875, 6.5, 13.5, 6.75], "texture": "#0"}
			}
		},
		{
			"from": [8.2, 7.7, -1.2],
			"to": [8.8, 9.8, -0.8],
			"rotation": {"angle": 0, "axis": "y", "origin": [0, 0, 2]},
			"faces": {
				"north": {"uv": [10, 12, 10.25, 13], "texture": "#0"},
				"east": {"uv": [10.5, 12, 10.75, 13], "texture": "#0"},
				"south": {"uv": [12, 10.5, 12.25, 11.5], "texture": "#0"},
				"west": {"uv": [11, 12, 11.25, 13], "texture": "#0"},
				"up": {"uv": [8.75, 13.75, 8.5, 13.5], "texture": "#0"},
				"down": {"uv": [13.75, 8.5, 13.5, 8.75], "texture": "#0"}
			}
		},
		{
			"from": [8.2, 9.8, -1],
			"to": [8.8, 10.3, -0.8],
			"rotation": {"angle": 0, "axis": "y", "origin": [0, 0, 2]},
			"faces": {
				"north": {"uv": [9, 13.5, 9.25, 13.75], "texture": "#0"},
				"east": {"uv": [0, 14, 0.125, 14.25], "texture": "#0"},
				"south": {"uv": [13.5, 9, 13.75, 9.25], "texture": "#0"},
				"west": {"uv": [14, 0, 14.125, 0.25], "texture": "#0"},
				"up": {"uv": [0.75, 14.125, 0.5, 14], "texture": "#0"},
				"down": {"uv": [14.25, 0.5, 14, 0.625], "texture": "#0"}
			}
		},
		{
			"from": [8.2, 9.16154, -4.39025],
			"to": [8.8, 9.66154, -4.19025],
			"rotation": {"angle": 22.5, "axis": "x", "origin": [0, 1.46154, -1.19025]},
			"faces": {
				"north": {"uv": [9.5, 13.5, 9.75, 13.75], "texture": "#0"},
				"east": {"uv": [1, 14, 1.125, 14.25], "texture": "#0"},
				"south": {"uv": [13.5, 9.5, 13.75, 9.75], "texture": "#0"},
				"west": {"uv": [14, 1, 14.125, 1.25], "texture": "#0"},
				"up": {"uv": [1.75, 14.125, 1.5, 14], "texture": "#0"},
				"down": {"uv": [14.25, 1.5, 14, 1.625], "texture": "#0"}
			}
		},
		{
			"from": [8.2, 7.8, -3.1],
			"to": [8.8, 8.4, 0],
			"rotation": {"angle": 0, "axis": "y", "origin": [0, 0, 2]},
			"faces": {
				"north": {"uv": [10, 13.5, 10.25, 13.75], "texture": "#0"},
				"east": {"uv": [10, 11.5, 11.5, 11.75], "texture": "#0"},
				"south": {"uv": [13.5, 10, 13.75, 10.25], "texture": "#0"},
				"west": {"uv": [11.5, 11.5, 13, 11.75], "texture": "#0"},
				"up": {"uv": [8.75, 13, 8.5, 11.5], "texture": "#0"},
				"down": {"uv": [0.25, 12, 0, 13.5], "texture": "#0"}
			}
		}
	],
	"display": {
		"thirdperson_righthand": {
			"rotation": [10, 0, 0],
			"translation": [-0.25, 1.5, 0],
			"scale": [0.8, 0.8, 0.8]
		},
		"thirdperson_lefthand": {
			"scale": [0, 0, 0]
		},
		"firstperson_righthand": {
			"rotation": [10, 0, 0],
			"translation": [-1.5, 14, 0],
			"scale": [0.8, 0.8, 0.8]
		},
		"firstperson_lefthand": {
			"rotation": [0, 87, 0],
			"translation": [-8.75, 9.5, -7.75]
		},
		"ground": {
			"scale": [0.8, 0.8, 0.8]
		},
		"gui": {
			"rotation": [20, 49.75, 0],
			"translation": [0, 1, 0],
			"scale": [0.9, 0.9, 0.9]
		},
		"head": {
			"scale": [0, 0, 0]
		}
	},
	"groups": [
		{
			"name": "MP5",
			"origin": [8, 8, 8],
			"color": 0,
			"children": [
				{
					"name": "wei",
					"origin": [8, 8, 8],
					"color": 0,
					"children": [0, 1, 2, 3, 4]
				},
				{
					"name": "main",
					"origin": [8, 8, 8],
					"color": 0,
					"children": [
						{
							"name": "group",
							"origin": [8, 8, 8],
							"color": 0,
							"children": [5, 6, 7, 8, 9]
						},
						{
							"name": "group",
							"origin": [8, 8, 8],
							"color": 0,
							"children": [10, 11, 12, 13, 14, 15]
						},
						{
							"name": "group",
							"origin": [8, 8, 8],
							"color": 0,
							"children": [16, 17, 18, 19,
								{
									"name": "group",
									"origin": [8, 8, 8],
									"color": 0,
									"children": [20, 21, 22]
								}, 23, 24, 25]
						}
					]
				},
				{
					"name": "head",
					"origin": [8, 8, 8],
					"color": 0,
					"children": [26, 27, 28, 29, 30, 31, 32, 33, 34, 35, 36]
				}
			]
		}
	]
}