{
    "providers": [
        {
            "type": "bitmap",
            "file": "minecraft:font/none.png",
            "ascent": -32768,
            "height": -3,
            "chars": [
                "\uF003"
            ]
        },
        {
            "type": "bitmap",
            "file": "minecraft:font/none.png",
            "ascent": -32768,
            "height": -5,
            "chars": [
                "\uF005"
            ]
        },
        {
            "type": "bitmap",
            "file": "minecraft:font/none.png",
            "ascent": -32768,
            "height": -10,
            "chars": [
                "\uF010"
            ]
        },
        {
            "type": "bitmap",
            "file": "minecraft:font/none.png",
            "ascent": -32768,
            "height": -12,
            "chars": [
                "\uF012"
            ]
        },
        {
            "type": "bitmap",
            "file": "minecraft:font/none.png",
            "ascent": -32768,
            "height": -20,
            "chars": [
                "\uF020"
            ]
        },
        {
            "type": "bitmap",
            "file": "minecraft:font/none.png",
            "ascent": -32768,
            "height": -24,
            "chars": [
                "\uF024"
            ]
        },
        {
            "type": "bitmap",
            "file": "minecraft:font/none.png",
            "ascent": -32768,
            "height": -48,
            "chars": [
                "\uF048"
            ]
        },
        {
            "type": "bitmap",
            "file": "minecraft:font/none.png",
            "ascent": -32768,
            "height": -256,
            "chars": [
                "\uF256"
            ]
        },
        {
            "type": "bitmap",
            "file": "minecraft:font/red.png",
            "ascent": 8,
            "height": 9,
            "chars": [
                "\uA001"
            ]
        },
        {
            "type": "bitmap",
            "file": "minecraft:font/blue.png",
            "ascent": 8,
            "height": 9,
            "chars": [
                "\uA002"
            ]
        },
        {
            "type": "bitmap",
            "file": "minecraft:font/rank1.png",
            "ascent": 8,
            "height": 9,
            "chars": [
                "\uA101"
            ]
        },
        {
            "type": "bitmap",
            "file": "minecraft:font/rank2.png",
            "ascent": 8,
            "height": 9,
            "chars": [
                "\uA102"
            ]
        },
        {
            "type": "bitmap",
            "file": "minecraft:font/rank3.png",
            "ascent": 8,
            "height": 9,
            "chars": [
                "\uA103"
            ]
        },
        {
            "type": "bitmap",
            "file": "minecraft:font/rank4.png",
            "ascent": 8,
            "height": 9,
            "chars": [
                "\uA104"
            ]
        },
        {
            "type": "bitmap",
            "file": "minecraft:font/rank5.png",
            "ascent": 8,
            "height": 9,
            "chars": [
                "\uA105"
            ]
        },
        {
            "type": "bitmap",
            "file": "minecraft:font/rank6.png",
            "ascent": 8,
            "height": 9,
            "chars": [
                "\uA106"
            ]
        },
        {
            "type": "bitmap",
            "file": "minecraft:font/killer.png",
            "ascent": 8,
            "height": 9,
            "chars": [
                "\uA201"
            ]
        },
        {
            "type": "bitmap",
            "file": "minecraft:font/helper.png",
            "ascent": 8,
            "height": 9,
            "chars": [
                "\uA202"
            ]
        },
        {
            "type": "bitmap",
            "file": "minecraft:font/js1.png",
            "ascent": 7,
            "height": 8,
            "chars": [
                "\uAb01"
            ]
        },
        {
            "type": "bitmap",
            "file": "minecraft:font/js2.png",
            "ascent": 7,
            "height": 8,
            "chars": [
                "\uAb02"
            ]
        },
        {
            "type": "bitmap",
            "file": "minecraft:font/js3.png",
            "ascent": 7,
            "height": 8,
            "chars": [
                "\uAb03"
            ]
        },
        {
            "type": "bitmap",
            "file": "minecraft:font/js4.png",
            "ascent": 7,
            "height": 8,
            "chars": [
                "\uAb04"
            ]
        },
        {
            "type": "bitmap",
            "file": "minecraft:font/js5.png",
            "ascent": 7,
            "height": 8,
            "chars": [
                "\uAb05"
            ]
        },
        {
            "type": "bitmap",
            "file": "minecraft:font/js6.png",
            "ascent": 7,
            "height": 8,
            "chars": [
                "\uAb06"
            ]
        },
        {
            "type": "bitmap",
            "file": "minecraft:font/js7.png",
            "ascent": 7,
            "height": 8,
            "chars": [
                "\uAb07"
            ]
        },
        {
            "type": "bitmap",
            "file": "minecraft:font/js8.png",
            "ascent": 7,
            "height": 8,
            "chars": [
                "\uAb08"
            ]
        },
        {
            "type": "bitmap",
            "file": "minecraft:font/js9.png",
            "ascent": 7,
            "height": 8,
            "chars": [
                "\uAb09"
            ]
        },
        {
            "type": "bitmap",
            "file": "minecraft:font/js10.png",
            "ascent": 7,
            "height": 8,
            "chars": [
                "\uAb10"
            ]
        },
        {
            "type": "bitmap",
            "file": "minecraft:font/js11.png",
            "ascent": 7,
            "height": 8,
            "chars": [
                "\uAb11"
            ]
        },
        {
            "type": "bitmap",
            "file": "minecraft:font/js12.png",
            "ascent": 7,
            "height": 8,
            "chars": [
                "\uAb12"
            ]
        },
        {
            "type": "bitmap",
            "file": "minecraft:font/js13.png",
            "ascent": 7,
            "height": 8,
            "chars": [
                "\uAb13"
            ]
        },
        {
            "type": "bitmap",
            "file": "minecraft:font/js14.png",
            "ascent": 7,
            "height": 8,
            "chars": [
                "\uAb14"
            ]
        },
        {
            "type": "bitmap",
            "file": "minecraft:font/js15.png",
            "ascent": 7,
            "height": 8,
            "chars": [
                "\uAb15"
            ]
        },
        {
            "type": "bitmap",
            "file": "minecraft:font/js16.png",
            "ascent": 7,
            "height": 8,
            "chars": [
                "\uAb16"
            ]
        },
        {
            "type": "bitmap",
            "file": "minecraft:font/js17.png",
            "ascent": 7,
            "height": 8,
            "chars": [
                "\uAb17"
            ]
        },
        {
            "type": "bitmap",
            "file": "minecraft:font/js18.png",
            "ascent": 7,
            "height": 8,
            "chars": [
                "\uAb18"
            ]
        },
        {"type": "bitmap","file": "minecraft:font/ms0.png","ascent": 85,"height": 150,"chars": ["\uAc00"]},
        {"type": "bitmap","file": "minecraft:font/ms2.png","ascent": 85,"height": 150,"chars": ["\uAc02"]},
        {"type": "bitmap","file": "minecraft:font/ms3.png","ascent": 85,"height": 150,"chars": ["\uAc03"]},
        {"type": "bitmap","file": "minecraft:font/ms4.png","ascent": 85,"height": 150,"chars": ["\uAc04"]},
        {"type": "bitmap","file": "minecraft:font/ms5.png","ascent": 85,"height": 150,"chars": ["\uAc05"]},
        {"type": "bitmap","file": "minecraft:font/ms6.png","ascent": 85,"height": 150,"chars": ["\uAc06"]},
        {"type": "bitmap","file": "minecraft:font/ms7.png","ascent": 85,"height": 150,"chars": ["\uAc07"]},        
        {"type": "bitmap","file": "minecraft:font/ms8.png","ascent": 85,"height": 150,"chars": ["\uAc08"]},
        {
            "type": "bitmap",
            "file": "minecraft:font/die.png",
            "ascent": 9,
            "height": 10,
            "chars": [
                "\uB001"
            ]
        },
        {
            "type": "bitmap",
            "file": "minecraft:font/head.png",
            "ascent": 9,
            "height": 10,
            "chars": [
                "\uB002"
            ]
        },
        {
            "type": "bitmap",
            "file": "minecraft:font/block.png",
            "ascent": 9,
            "height": 10,
            "chars": [
                "\uB003"
            ]
        },
        {
            "type": "bitmap",
            "file": "minecraft:font/hurt.png",
            "ascent": 50,
            "height": 100,
            "chars": [
                "\uB004"
            ]
        },
        {
            "type": "bitmap",
            "file": "minecraft:font/mgun1.png",
            "ascent": 7,
            "height": 8,
            "chars": [
                "\uB101"
            ]
        },
        {
            "type": "bitmap",
            "file": "minecraft:font/mgun2.png",
            "ascent": 7,
            "height": 8,
            "chars": [
                "\uB102"
            ]
        },
        {
            "type": "bitmap",
            "file": "minecraft:font/ogun1.png",
            "ascent": 7,
            "height": 8,
            "chars": [
                "\uB201"
            ]
        },
        {
            "type": "bitmap",
            "file": "minecraft:font/ogun2.png",
            "ascent": 7,
            "height": 8,
            "chars": [
                "\uB202"
            ]
        },
        {
            "type": "bitmap",
            "file": "minecraft:font/bishou.png",
            "ascent": 7,
            "height": 8,
            "chars": [
                "\uB301"
            ]
        },
        {
            "type": "bitmap",
            "file": "minecraft:font/jn1.png",
            "ascent": 7,
            "height": 8,
            "chars": [
                "\uB401"
            ]
        },
        {
            "type": "bitmap",
            "file": "minecraft:font/mgun3.png",
            "ascent": 7,
            "height": 8,
            "chars": [
                "\uB103"
            ]
        },
        {
            "type": "bitmap",
            "file": "minecraft:font/ogun3.png",
            "ascent": 7,
            "height": 8,
            "chars": [
                "\uB203"
            ]
        },
        {
            "type": "bitmap",
            "file": "minecraft:font/shou.png",
            "ascent": 7,
            "height": 8,
            "chars": [
                "\uB303"
            ]
        },
        {
            "type": "bitmap",
            "file": "minecraft:font/jn3.png",
            "ascent": 7,
            "height": 8,
            "chars": [
                "\uB403"
            ]
        },
        {
            "type": "bitmap",
            "file": "minecraft:font/mgun4.png",
            "ascent": 7,
            "height": 8,
            "chars": [
                "\uB104"
            ]
        },
        {
            "type": "bitmap",
            "file": "minecraft:font/ogun4.png",
            "ascent": 7,
            "height": 8,
            "chars": [
                "\uB204"
            ]
        },
        {
            "type": "bitmap",
            "file": "minecraft:font/mgun5.png",
            "ascent": 7,
            "height": 8,
            "chars": [
                "\uB105"
            ]
        },
        {
            "type": "bitmap",
            "file": "minecraft:font/ogun5.png",
            "ascent": 7,
            "height": 8,
            "chars": [
                "\uB205"
            ]
        },
        {
            "type": "bitmap",
            "file": "minecraft:font/jn5.png",
            "ascent": 7,
            "height": 8,
            "chars": [
                "\uB405"
            ]
        },
        {
            "type": "bitmap",
            "file": "minecraft:font/mgun6.png",
            "ascent": 7,
            "height": 8,
            "chars": [
                "\uB106"
            ]
        },
        {
            "type": "bitmap",
            "file": "minecraft:font/mgun7.png",
            "ascent": 7,
            "height": 8,
            "chars": [
                "\uB107"
            ]
        },
        {
            "type": "bitmap",
            "file": "minecraft:font/ogun7.png",
            "ascent": 7,
            "height": 8,
            "chars": [
                "\uB207"
            ]
        },
        {
            "type": "bitmap",
            "file": "minecraft:font/jn7.png",
            "ascent": 7,
            "height": 8,
            "chars": [
                "\uB407"
            ]
        },
        {
            "type": "bitmap",
            "file": "minecraft:font/mgun8.png",
            "ascent": 7,
            "height": 8,
            "chars": [
                "\uB108"
            ]
        },
        {
            "type": "bitmap",
            "file": "minecraft:font/mgun9.png",
            "ascent": 7,
            "height": 8,
            "chars": [
                "\uB109"
            ]
        },
        {
            "type": "bitmap",
            "file": "minecraft:font/ogun10.png",
            "ascent": 7,
            "height": 8,
            "chars": [
                "\uB210"
            ]
        },
        {
            "type": "bitmap",
            "file": "minecraft:font/mgun11.png",
            "ascent": 7,
            "height": 8,
            "chars": [
                "\uB111"
            ]
        },
        {
            "type": "bitmap",
            "file": "minecraft:font/mgun12.png",
            "ascent": 7,
            "height": 8,
            "chars": [
                "\uB112"
            ]
        },
        {
            "type": "bitmap",
            "file": "minecraft:font/mgun13.png",
            "ascent": 7,
            "height": 8,
            "chars": [
                "\uB113"
            ]
        },
        {
            "type": "bitmap",
            "file": "minecraft:font/ogun13.png",
            "ascent": 7,
            "height": 8,
            "chars": [
                "\uB213"
            ]
        },
        {
            "type": "bitmap",
            "file": "minecraft:font/jn13.png",
            "ascent": 7,
            "height": 8,
            "chars": [
                "\uB413"
            ]
        },
        {
            "type": "bitmap",
            "file": "minecraft:font/js3.zj.png",
            "ascent": 50,
            "height": 100,
            "chars": [
                "\uC301"
            ]
        },
        {
            "type": "bitmap",
            "file": "minecraft:font/mgun14.png",
            "ascent": 7,
            "height": 8,
            "chars": [
                "\uB114"
            ]
        },
        {
            "type": "bitmap",
            "file": "minecraft:font/jn14.png",
            "ascent": 7,
            "height": 8,
            "chars": [
                "\uB414"
            ]
        },
        {
            "type": "bitmap",
            "file": "minecraft:font/bptq.png",
            "ascent": 7,
            "height": 8,
            "chars": [
                "\uB314"
            ]
        },
        {
            "type": "bitmap",
            "file": "minecraft:font/mgun15.png",
            "ascent": 7,
            "height": 8,
            "chars": [
                "\uB115"
            ]
        },
        {
            "type": "bitmap",
            "file": "minecraft:font/jn15.png",
            "ascent": 7,
            "height": 8,
            "chars": [
                "\uB415"
            ]
        },
        {
            "type": "bitmap",
            "file": "minecraft:font/mgun16.png",
            "ascent": 7,
            "height": 8,
            "chars": [
                "\uB116"
            ]
        },
        {
            "type": "bitmap",
            "file": "minecraft:font/ogun16.png",
            "ascent": 7,
            "height": 8,
            "chars": [
                "\uB216"
            ]
        },
        {
            "type": "bitmap",
            "file": "minecraft:font/jn16.png",
            "ascent": 7,
            "height": 8,
            "chars": [
                "\uB416"
            ]
        },
        {
            "type": "bitmap",
            "file": "minecraft:font/mgun17.png",
            "ascent": 7,
            "height": 8,
            "chars": [
                "\uB117"
            ]
        },
        {
            "type": "bitmap",
            "file": "minecraft:font/mgun18.png",
            "ascent": 7,
            "height": 8,
            "chars": [
                "\uB118"
            ]
        },
        {
            "type": "bitmap",
            "file": "minecraft:font/ogun18.png",
            "ascent": 7,
            "height": 8,
            "chars": [
                "\uB218"
            ]
        },
        {"type": "bitmap","file": "minecraft:font/znfxy.png","ascent": 150,"height": 250,"chars": ["\uC302"]},
        {"type": "bitmap","file": "minecraft:font/znfxy_1.png","ascent": 150,"height":250,"chars": ["\uC303"]},
        {"type": "bitmap","file": "minecraft:font/znfxy_2.png","ascent": 150,"height": 250,"chars": ["\uC304"]},
        {"type": "bitmap","file": "minecraft:font/znfxy_3.png","ascent": 150,"height": 250,"chars": ["\uC305"]},
        {"type": "bitmap","file": "minecraft:font/znfxy_no.png","ascent": 150,"height": 250,"chars": ["\uC306"]}
    ]
}