{
	"credit": "Made with Blockbench",
	"texture_size": [32, 32],
	"textures": {
		"0": "gun/smg11/smg11",
		"particle": "gun/smg11/smg11"
	},
	"elements": [
		{
			"from": [7.8, 3.7, 16.2],
			"to": [8.1, 6.6, 16.4],
			"rotation": {"angle": 0, "axis": "y", "origin": [0.3, 0, 0]},
			"faces": {
				"north": {"uv": [3.5, 6.5, 3.625, 7.9375], "texture": "#0"},
				"east": {"uv": [4, 6.5, 4.125, 7.9375], "texture": "#0"},
				"south": {"uv": [6.5, 4, 6.625, 5.4375], "texture": "#0"},
				"west": {"uv": [4.5, 6.5, 4.625, 7.9375], "texture": "#0"},
				"up": {"uv": [11.625, 4.625, 11.5, 4.5], "texture": "#0"},
				"down": {"uv": [5.125, 11.5, 5, 11.625], "texture": "#0"}
			}
		},
		{
			"from": [8.4, 3.7, 16.2],
			"to": [8.7, 6.6, 16.4],
			"rotation": {"angle": 0, "axis": "y", "origin": [16.3, 0, 0]},
			"faces": {
				"north": {"uv": [5, 6.5, 5.125, 7.9375], "texture": "#0"},
				"east": {"uv": [6.5, 5.5, 6.625, 6.9375], "texture": "#0"},
				"south": {"uv": [6, 6.5, 6.125, 7.9375], "texture": "#0"},
				"west": {"uv": [1, 7, 1.125, 8.4375], "texture": "#0"},
				"up": {"uv": [11.625, 5.125, 11.5, 5], "texture": "#0"},
				"down": {"uv": [5.625, 11.5, 5.5, 11.625], "texture": "#0"}
			}
		},
		{
			"from": [7.8, 3.3, 16.2],
			"to": [8.7, 3.7, 16.4],
			"rotation": {"angle": 0, "axis": "y", "origin": [16.3, 0, 0]},
			"faces": {
				"north": {"uv": [6, 8.5, 6.4375, 8.6875], "texture": "#0"},
				"east": {"uv": [10.5, 6.5, 10.625, 6.6875], "texture": "#0"},
				"south": {"uv": [8.5, 6, 8.9375, 6.1875], "texture": "#0"},
				"west": {"uv": [7, 10.5, 7.125, 10.6875], "texture": "#0"},
				"up": {"uv": [9.9375, 5.125, 9.5, 5], "texture": "#0"},
				"down": {"uv": [5.9375, 9.5, 5.5, 9.625], "texture": "#0"}
			}
		},
		{
			"from": [7.8, 6.6, 16.2],
			"to": [8.7, 7, 16.4],
			"rotation": {"angle": 0, "axis": "y", "origin": [16.3, 0, 0]},
			"faces": {
				"north": {"uv": [7.5, 8.5, 7.9375, 8.6875], "texture": "#0"},
				"east": {"uv": [10.5, 7, 10.625, 7.1875], "texture": "#0"},
				"south": {"uv": [8.5, 7.5, 8.9375, 7.6875], "texture": "#0"},
				"west": {"uv": [7.5, 10.5, 7.625, 10.6875], "texture": "#0"},
				"up": {"uv": [9.9375, 5.625, 9.5, 5.5], "texture": "#0"},
				"down": {"uv": [6.4375, 9.5, 6, 9.625], "texture": "#0"}
			}
		},
		{
			"from": [7.8, 7, 16.2],
			"to": [8.1, 7.3, 16.4],
			"rotation": {"angle": 0, "axis": "y", "origin": [16.3, 0, 0]},
			"faces": {
				"north": {"uv": [11.5, 5.5, 11.625, 5.625], "texture": "#0"},
				"east": {"uv": [6, 11.5, 6.125, 11.625], "texture": "#0"},
				"south": {"uv": [11.5, 6, 11.625, 6.125], "texture": "#0"},
				"west": {"uv": [6.5, 11.5, 6.625, 11.625], "texture": "#0"},
				"up": {"uv": [11.625, 6.625, 11.5, 6.5], "texture": "#0"},
				"down": {"uv": [7.125, 11.5, 7, 11.625], "texture": "#0"}
			}
		},
		{
			"from": [7.8, 7, 15.7],
			"to": [8.1, 7.4, 16.2],
			"rotation": {"angle": 0, "axis": "y", "origin": [16.3, 0, 0]},
			"faces": {
				"north": {"uv": [10.5, 7.5, 10.625, 7.6875], "texture": "#0"},
				"east": {"uv": [9.5, 7, 9.75, 7.1875], "texture": "#0"},
				"south": {"uv": [8, 10.5, 8.125, 10.6875], "texture": "#0"},
				"west": {"uv": [7.5, 9.5, 7.75, 9.6875], "texture": "#0"},
				"up": {"uv": [8.625, 10.25, 8.5, 10], "texture": "#0"},
				"down": {"uv": [10.125, 8.5, 10, 8.75], "texture": "#0"}
			}
		},
		{
			"from": [7.9, 7.1, 15.6],
			"to": [8, 7.3, 15.7],
			"rotation": {"angle": 0, "axis": "y", "origin": [16.3, 0, 0]},
			"faces": {
				"north": {"uv": [12, 12, 12.0625, 12.125], "texture": "#0"},
				"east": {"uv": [0, 12.5, 0.0625, 12.625], "texture": "#0"},
				"south": {"uv": [12.5, 0, 12.5625, 0.125], "texture": "#0"},
				"west": {"uv": [0.5, 12.5, 0.5625, 12.625], "texture": "#0"},
				"up": {"uv": [12.0625, 13.0625, 12, 13], "texture": "#0"},
				"down": {"uv": [13.0625, 12, 13, 12.0625], "texture": "#0"}
			}
		},
		{
			"from": [7.8, 20.25183, 15.44868],
			"to": [8.1, 20.55183, 15.94868],
			"rotation": {"angle": 45, "axis": "x", "origin": [16.3, 13.15183, -0.35132]},
			"faces": {
				"north": {"uv": [11.5, 7, 11.625, 7.125], "texture": "#0"},
				"east": {"uv": [9, 10, 9.25, 10.125], "texture": "#0"},
				"south": {"uv": [7.5, 11.5, 7.625, 11.625], "texture": "#0"},
				"west": {"uv": [10, 9, 10.25, 9.125], "texture": "#0"},
				"up": {"uv": [9.625, 10.25, 9.5, 10], "texture": "#0"},
				"down": {"uv": [10.125, 9.5, 10, 9.75], "texture": "#0"}
			}
		},
		{
			"from": [7.8, 7, 13.3],
			"to": [8.1, 7.4, 15.6],
			"rotation": {"angle": 0, "axis": "y", "origin": [16.3, 0, 0]},
			"faces": {
				"north": {"uv": [10.5, 8, 10.625, 8.1875], "texture": "#0"},
				"east": {"uv": [6, 3.5, 7.125, 3.6875], "texture": "#0"},
				"south": {"uv": [8.5, 10.5, 8.625, 10.6875], "texture": "#0"},
				"west": {"uv": [4, 6, 5.125, 6.1875], "texture": "#0"},
				"up": {"uv": [7.125, 5.625, 7, 4.5], "texture": "#0"},
				"down": {"uv": [5.625, 7, 5.5, 8.125], "texture": "#0"}
			}
		},
		{
			"from": [7.8, 7.65838, 10.59009],
			"to": [8.1, 8.05838, 11.79009],
			"rotation": {"angle": 0, "axis": "y", "origin": [16.3, 0.65838, -3.80991]},
			"faces": {
				"north": {"uv": [10.5, 8.5, 10.625, 8.6875], "texture": "#0"},
				"east": {"uv": [7.5, 5, 8.125, 5.1875], "texture": "#0"},
				"south": {"uv": [9, 10.5, 9.125, 10.6875], "texture": "#0"},
				"west": {"uv": [7.5, 5.5, 8.125, 5.6875], "texture": "#0"},
				"up": {"uv": [8.125, 9.125, 8, 8.5], "texture": "#0"},
				"down": {"uv": [8.625, 8, 8.5, 8.625], "texture": "#0"}
			}
		},
		{
			"from": [7.8, 13.5027, 10.0087],
			"to": [8.1, 13.9027, 11.8087],
			"rotation": {"angle": 22.5, "axis": "x", "origin": [16.3, 6.5027, -3.7913]},
			"faces": {
				"north": {"uv": [10.5, 9, 10.625, 9.1875], "texture": "#0"},
				"east": {"uv": [2.5, 7, 3.375, 7.1875], "texture": "#0"},
				"south": {"uv": [9.5, 10.5, 9.625, 10.6875], "texture": "#0"},
				"west": {"uv": [7, 2.5, 7.875, 2.6875], "texture": "#0"},
				"up": {"uv": [8.125, 2.875, 8, 2], "texture": "#0"},
				"down": {"uv": [3.625, 8, 3.5, 8.875], "texture": "#0"}
			}
		},
		{
			"from": [7.85, 7.7, 10.19009],
			"to": [8.05, 8, 10.59009],
			"rotation": {"angle": 0, "axis": "y", "origin": [16.3, 0.65838, -3.80991]},
			"faces": {
				"north": {"uv": [11.5, 7.5, 11.625, 7.625], "texture": "#0"},
				"east": {"uv": [10.5, 9.5, 10.6875, 9.625], "texture": "#0"},
				"south": {"uv": [8, 11.5, 8.125, 11.625], "texture": "#0"},
				"west": {"uv": [10, 10.5, 10.1875, 10.625], "texture": "#0"},
				"up": {"uv": [10.625, 10.1875, 10.5, 10], "texture": "#0"},
				"down": {"uv": [10.625, 10.5, 10.5, 10.6875], "texture": "#0"}
			}
		},
		{
			"from": [7.8, 7.65838, 8.99009],
			"to": [8.2, 8.05838, 10.19009],
			"rotation": {"angle": 0, "axis": "y", "origin": [16.3, 0.65838, -3.80991]},
			"faces": {
				"north": {"uv": [4.5, 10, 4.6875, 10.1875], "texture": "#0"},
				"east": {"uv": [7.5, 6, 8.125, 6.1875], "texture": "#0"},
				"south": {"uv": [10, 4.5, 10.1875, 4.6875], "texture": "#0"},
				"west": {"uv": [7.5, 7.5, 8.125, 7.6875], "texture": "#0"},
				"up": {"uv": [8.1875, 0.625, 8, 0], "texture": "#0"},
				"down": {"uv": [8.1875, 1, 8, 1.625], "texture": "#0"}
			}
		},
		{
			"from": [8.3, 7.45838, 8.99009],
			"to": [8.8, 8.15838, 9.49009],
			"rotation": {"angle": 0, "axis": "y", "origin": [16.3, 0.65838, -3.80991]},
			"faces": {
				"north": {"uv": [4, 8, 4.25, 8.375], "texture": "#0"},
				"east": {"uv": [4.5, 8, 4.75, 8.375], "texture": "#0"},
				"south": {"uv": [5, 8, 5.25, 8.375], "texture": "#0"},
				"west": {"uv": [6, 8, 6.25, 8.375], "texture": "#0"},
				"up": {"uv": [9.25, 6.25, 9, 6], "texture": "#0"},
				"down": {"uv": [7.75, 9, 7.5, 9.25], "texture": "#0"}
			}
		},
		{
			"from": [8.4, 7.35838, 9.09009],
			"to": [8.7, 8.25838, 9.39009],
			"rotation": {"angle": 0, "axis": "y", "origin": [16.3, 0.65838, -3.80991]},
			"faces": {
				"north": {"uv": [9.5, 6, 9.625, 6.4375], "texture": "#0"},
				"east": {"uv": [6.5, 9.5, 6.625, 9.9375], "texture": "#0"},
				"south": {"uv": [9.5, 6.5, 9.625, 6.9375], "texture": "#0"},
				"west": {"uv": [7, 9.5, 7.125, 9.9375], "texture": "#0"},
				"up": {"uv": [11.625, 8.125, 11.5, 8], "texture": "#0"},
				"down": {"uv": [8.625, 11.5, 8.5, 11.625], "texture": "#0"}
			}
		},
		{
			"from": [8.2, 7.75838, 8.99009],
			"to": [8.3, 7.95838, 9.49009],
			"rotation": {"angle": 0, "axis": "y", "origin": [16.3, 0.65838, -3.80991]},
			"faces": {
				"north": {"uv": [12.5, 0.5, 12.5625, 0.625], "texture": "#0"},
				"east": {"uv": [10, 10, 10.25, 10.125], "texture": "#0"},
				"south": {"uv": [1, 12.5, 1.0625, 12.625], "texture": "#0"},
				"west": {"uv": [0, 10.5, 0.25, 10.625], "texture": "#0"},
				"up": {"uv": [11.5625, 8.75, 11.5, 8.5], "texture": "#0"},
				"down": {"uv": [9.0625, 11.5, 9, 11.75], "texture": "#0"}
			}
		},
		{
			"from": [8.3, 8.25838, 8.99009],
			"to": [8.8, 8.55838, 9.49009],
			"rotation": {"angle": 0, "axis": "y", "origin": [16.3, 0.65838, -3.80991]},
			"faces": {
				"north": {"uv": [10.5, 0, 10.75, 0.125], "texture": "#0"},
				"east": {"uv": [0.5, 10.5, 0.75, 10.625], "texture": "#0"},
				"south": {"uv": [10.5, 0.5, 10.75, 0.625], "texture": "#0"},
				"west": {"uv": [1, 10.5, 1.25, 10.625], "texture": "#0"},
				"up": {"uv": [9.25, 7.75, 9, 7.5], "texture": "#0"},
				"down": {"uv": [9.25, 8, 9, 8.25], "texture": "#0"}
			}
		},
		{
			"from": [8.4, 8.25838, 8.69009],
			"to": [8.8, 8.55838, 8.99009],
			"rotation": {"angle": 0, "axis": "y", "origin": [16.3, 0.65838, -3.80991]},
			"faces": {
				"north": {"uv": [0, 11, 0.1875, 11.125], "texture": "#0"},
				"east": {"uv": [11.5, 9, 11.625, 9.125], "texture": "#0"},
				"south": {"uv": [11, 0, 11.1875, 0.125], "texture": "#0"},
				"west": {"uv": [9.5, 11.5, 9.625, 11.625], "texture": "#0"},
				"up": {"uv": [0.6875, 11.125, 0.5, 11], "texture": "#0"},
				"down": {"uv": [11.1875, 0.5, 11, 0.625], "texture": "#0"}
			}
		},
		{
			"from": [8.3, 7.15838, 8.99009],
			"to": [8.8, 7.35838, 9.49009],
			"rotation": {"angle": 0, "axis": "y", "origin": [16.3, 0.65838, -3.80991]},
			"faces": {
				"north": {"uv": [1.5, 10.5, 1.75, 10.625], "texture": "#0"},
				"east": {"uv": [10.5, 1.5, 10.75, 1.625], "texture": "#0"},
				"south": {"uv": [2, 10.5, 2.25, 10.625], "texture": "#0"},
				"west": {"uv": [10.5, 2, 10.75, 2.125], "texture": "#0"},
				"up": {"uv": [8.75, 9.25, 8.5, 9], "texture": "#0"},
				"down": {"uv": [9.25, 8.5, 9, 8.75], "texture": "#0"}
			}
		},
		{
			"from": [8.4, 7.15838, 8.69009],
			"to": [8.8, 7.35838, 8.99009],
			"rotation": {"angle": 0, "axis": "y", "origin": [16.3, 0.65838, -3.80991]},
			"faces": {
				"north": {"uv": [1, 11, 1.1875, 11.125], "texture": "#0"},
				"east": {"uv": [11.5, 9.5, 11.625, 9.625], "texture": "#0"},
				"south": {"uv": [11, 1, 11.1875, 1.125], "texture": "#0"},
				"west": {"uv": [10, 11.5, 10.125, 11.625], "texture": "#0"},
				"up": {"uv": [1.6875, 11.125, 1.5, 11], "texture": "#0"},
				"down": {"uv": [11.1875, 1.5, 11, 1.625], "texture": "#0"}
			}
		},
		{
			"from": [7.4, 6.9, 7.8],
			"to": [8.6, 8.9, 8.7],
			"faces": {
				"north": {"uv": [4, 3, 4.625, 4], "texture": "#0"},
				"east": {"uv": [4, 5, 4.4375, 6], "texture": "#0"},
				"south": {"uv": [4, 4, 4.625, 5], "texture": "#0"},
				"west": {"uv": [4.5, 5, 4.9375, 6], "texture": "#0"},
				"up": {"uv": [6.125, 4.4375, 5.5, 4], "texture": "#0"},
				"down": {"uv": [6.125, 4.5, 5.5, 4.9375], "texture": "#0"}
			}
		},
		{
			"from": [7.7, 8.9, 8.6],
			"to": [7.9, 9.3, 8.7],
			"faces": {
				"north": {"uv": [2, 11, 2.125, 11.1875], "texture": "#0"},
				"east": {"uv": [10.5, 12, 10.5625, 12.1875], "texture": "#0"},
				"south": {"uv": [11, 2, 11.125, 2.1875], "texture": "#0"},
				"west": {"uv": [12, 10.5, 12.0625, 10.6875], "texture": "#0"},
				"up": {"uv": [12.625, 1.0625, 12.5, 1], "texture": "#0"},
				"down": {"uv": [1.625, 12.5, 1.5, 12.5625], "texture": "#0"}
			}
		},
		{
			"from": [4.71956, 12.31631, 8.6],
			"to": [4.91956, 12.91631, 8.7],
			"rotation": {"angle": -22.5, "axis": "z", "origin": [-2.88044, 3.61631, 0]},
			"faces": {
				"north": {"uv": [0, 10, 0.125, 10.3125], "texture": "#0"},
				"east": {"uv": [11.5, 2, 11.5625, 2.3125], "texture": "#0"},
				"south": {"uv": [10, 0, 10.125, 0.3125], "texture": "#0"},
				"west": {"uv": [2.5, 11.5, 2.5625, 11.8125], "texture": "#0"},
				"up": {"uv": [12.625, 1.5625, 12.5, 1.5], "texture": "#0"},
				"down": {"uv": [2.125, 12.5, 2, 12.5625], "texture": "#0"}
			}
		},
		{
			"from": [11.08044, 12.31631, 8.6],
			"to": [11.28044, 12.91631, 8.7],
			"rotation": {"angle": 22.5, "axis": "z", "origin": [18.88044, 3.61631, 0]},
			"faces": {
				"north": {"uv": [0.5, 10, 0.625, 10.3125], "texture": "#0"},
				"east": {"uv": [11.5, 2.5, 11.5625, 2.8125], "texture": "#0"},
				"south": {"uv": [10, 0.5, 10.125, 0.8125], "texture": "#0"},
				"west": {"uv": [3, 11.5, 3.0625, 11.8125], "texture": "#0"},
				"up": {"uv": [12.625, 2.0625, 12.5, 2], "texture": "#0"},
				"down": {"uv": [2.625, 12.5, 2.5, 12.5625], "texture": "#0"}
			}
		},
		{
			"from": [8.1, 8.9, 8.6],
			"to": [8.3, 9.3, 8.7],
			"rotation": {"angle": 0, "axis": "y", "origin": [16, 0, 0]},
			"faces": {
				"north": {"uv": [2.5, 11, 2.625, 11.1875], "texture": "#0"},
				"east": {"uv": [11, 12, 11.0625, 12.1875], "texture": "#0"},
				"south": {"uv": [11, 2.5, 11.125, 2.6875], "texture": "#0"},
				"west": {"uv": [12, 11, 12.0625, 11.1875], "texture": "#0"},
				"up": {"uv": [12.625, 2.5625, 12.5, 2.5], "texture": "#0"},
				"down": {"uv": [3.125, 12.5, 3, 12.5625], "texture": "#0"}
			}
		},
		{
			"from": [7.9, 8.9, 8.6],
			"to": [8.1, 9.2, 8.7],
			"rotation": {"angle": 0, "axis": "y", "origin": [16, 0, 0]},
			"faces": {
				"north": {"uv": [11.5, 10, 11.625, 10.125], "texture": "#0"},
				"east": {"uv": [12.5, 3, 12.5625, 3.125], "texture": "#0"},
				"south": {"uv": [10.5, 11.5, 10.625, 11.625], "texture": "#0"},
				"west": {"uv": [3.5, 12.5, 3.5625, 12.625], "texture": "#0"},
				"up": {"uv": [12.625, 3.5625, 12.5, 3.5], "texture": "#0"},
				"down": {"uv": [4.125, 12.5, 4, 12.5625], "texture": "#0"}
			}
		},
		{
			"from": [7.4, 10.8624, 4.98786],
			"to": [8.6, 12.5624, 5.88786],
			"rotation": {"angle": 22.5, "axis": "x", "origin": [0, 3.6624, -2.81214]},
			"faces": {
				"north": {"uv": [0, 4.5, 0.625, 5.375], "texture": "#0"},
				"east": {"uv": [5.5, 0, 5.9375, 0.875], "texture": "#0"},
				"south": {"uv": [1, 4.5, 1.625, 5.375], "texture": "#0"},
				"west": {"uv": [0.5, 5.5, 0.9375, 6.375], "texture": "#0"},
				"up": {"uv": [5.625, 5.9375, 5, 5.5], "texture": "#0"},
				"down": {"uv": [6.125, 5, 5.5, 5.4375], "texture": "#0"}
			}
		},
		{
			"from": [7.4, 6.9, 2.5],
			"to": [8.6, 7.7, 7.8],
			"faces": {
				"north": {"uv": [6, 2, 6.625, 2.375], "texture": "#0"},
				"east": {"uv": [3, 2, 5.625, 2.375], "texture": "#0"},
				"south": {"uv": [6, 2.5, 6.625, 2.875], "texture": "#0"},
				"west": {"uv": [3, 2.5, 5.625, 2.875], "texture": "#0"},
				"up": {"uv": [0.625, 2.625, 0, 0], "texture": "#0"},
				"down": {"uv": [1.625, 0, 1, 2.625], "texture": "#0"}
			}
		},
		{
			"from": [7.4, 7.7, 2.5],
			"to": [8.6, 7.8, 5.3],
			"faces": {
				"north": {"uv": [1, 10, 1.625, 10.0625], "texture": "#0"},
				"east": {"uv": [8.5, 2.5, 9.875, 2.5625], "texture": "#0"},
				"south": {"uv": [10, 1, 10.625, 1.0625], "texture": "#0"},
				"west": {"uv": [4, 8.5, 5.375, 8.5625], "texture": "#0"},
				"up": {"uv": [0.625, 4.375, 0, 3], "texture": "#0"},
				"down": {"uv": [1.625, 3, 1, 4.375], "texture": "#0"}
			}
		},
		{
			"from": [8.5, 8.3, 2.7],
			"to": [8.7, 8.8, 4.1],
			"faces": {
				"north": {"uv": [2.5, 10.5, 2.625, 10.75], "texture": "#0"},
				"east": {"uv": [1.5, 7, 2.1875, 7.25], "texture": "#0"},
				"south": {"uv": [10.5, 2.5, 10.625, 2.75], "texture": "#0"},
				"west": {"uv": [7, 2, 7.6875, 2.25], "texture": "#0"},
				"up": {"uv": [8.625, 5.6875, 8.5, 5], "texture": "#0"},
				"down": {"uv": [5.625, 8.5, 5.5, 9.1875], "texture": "#0"}
			}
		},
		{
			"from": [7.5, 7.7, 2.5],
			"to": [8.5, 8.9, 7.8],
			"faces": {
				"north": {"uv": [1.5, 5.5, 2, 6.125], "texture": "#0"},
				"east": {"uv": [2, 0, 4.625, 0.625], "texture": "#0"},
				"south": {"uv": [3, 5.5, 3.5, 6.125], "texture": "#0"},
				"west": {"uv": [2, 1, 4.625, 1.625], "texture": "#0"},
				"up": {"uv": [2.5, 4.625, 2, 2], "texture": "#0"},
				"down": {"uv": [3, 2, 2.5, 4.625], "texture": "#0"}
			}
		},
		{
			"from": [7.6, 8.8, 2.7],
			"to": [7.7, 9.1, 3.5],
			"faces": {
				"north": {"uv": [12.5, 4, 12.5625, 4.125], "texture": "#0"},
				"east": {"uv": [9.5, 7.5, 9.875, 7.625], "texture": "#0"},
				"south": {"uv": [4.5, 12.5, 4.5625, 12.625], "texture": "#0"},
				"west": {"uv": [8, 9.5, 8.375, 9.625], "texture": "#0"},
				"up": {"uv": [3.0625, 11.375, 3, 11], "texture": "#0"},
				"down": {"uv": [11.0625, 3, 11, 3.375], "texture": "#0"}
			}
		},
		{
			"from": [7.6, 9.1, 3.4],
			"to": [7.7, 9.2, 3.5],
			"faces": {
				"north": {"uv": [12.5, 13, 12.5625, 13.0625], "texture": "#0"},
				"east": {"uv": [13, 12.5, 13.0625, 12.5625], "texture": "#0"},
				"south": {"uv": [13, 13, 13.0625, 13.0625], "texture": "#0"},
				"west": {"uv": [0, 13.5, 0.0625, 13.5625], "texture": "#0"},
				"up": {"uv": [13.5625, 0.0625, 13.5, 0], "texture": "#0"},
				"down": {"uv": [0.5625, 13.5, 0.5, 13.5625], "texture": "#0"}
			}
		},
		{
			"from": [7.6, 9.1, 2.7],
			"to": [7.7, 9.4, 3],
			"faces": {
				"north": {"uv": [12.5, 4.5, 12.5625, 4.625], "texture": "#0"},
				"east": {"uv": [11.5, 10.5, 11.625, 10.625], "texture": "#0"},
				"south": {"uv": [5, 12.5, 5.0625, 12.625], "texture": "#0"},
				"west": {"uv": [11, 11.5, 11.125, 11.625], "texture": "#0"},
				"up": {"uv": [12.5625, 5.125, 12.5, 5], "texture": "#0"},
				"down": {"uv": [5.5625, 12.5, 5.5, 12.625], "texture": "#0"}
			}
		},
		{
			"from": [7.6, 10.84878, -0.3917],
			"to": [7.7, 11.14878, 0.1083],
			"rotation": {"angle": 22.5, "axis": "x", "origin": [0, 1.74878, -3.0917]},
			"faces": {
				"north": {"uv": [12.5, 5.5, 12.5625, 5.625], "texture": "#0"},
				"east": {"uv": [10.5, 3, 10.75, 3.125], "texture": "#0"},
				"south": {"uv": [6, 12.5, 6.0625, 12.625], "texture": "#0"},
				"west": {"uv": [3.5, 10.5, 3.75, 10.625], "texture": "#0"},
				"up": {"uv": [11.5625, 11.25, 11.5, 11], "texture": "#0"},
				"down": {"uv": [11.5625, 11.5, 11.5, 11.75], "texture": "#0"}
			}
		},
		{
			"from": [8.3, 10.84878, -0.3917],
			"to": [8.4, 11.14878, 0.1083],
			"rotation": {"angle": 22.5, "axis": "x", "origin": [16, 1.74878, -3.0917]},
			"faces": {
				"north": {"uv": [12.5, 6, 12.5625, 6.125], "texture": "#0"},
				"east": {"uv": [10.5, 3.5, 10.75, 3.625], "texture": "#0"},
				"south": {"uv": [6.5, 12.5, 6.5625, 12.625], "texture": "#0"},
				"west": {"uv": [4, 10.5, 4.25, 10.625], "texture": "#0"},
				"up": {"uv": [0.0625, 12.25, 0, 12], "texture": "#0"},
				"down": {"uv": [12.0625, 0, 12, 0.25], "texture": "#0"}
			}
		},
		{
			"from": [8.3, 9.1, 2.7],
			"to": [8.4, 9.4, 3],
			"rotation": {"angle": 0, "axis": "y", "origin": [16, 0, 0]},
			"faces": {
				"north": {"uv": [12.5, 6.5, 12.5625, 6.625], "texture": "#0"},
				"east": {"uv": [0.5, 12, 0.625, 12.125], "texture": "#0"},
				"south": {"uv": [7, 12.5, 7.0625, 12.625], "texture": "#0"},
				"west": {"uv": [12, 0.5, 12.125, 0.625], "texture": "#0"},
				"up": {"uv": [12.5625, 7.125, 12.5, 7], "texture": "#0"},
				"down": {"uv": [7.5625, 12.5, 7.5, 12.625], "texture": "#0"}
			}
		},
		{
			"from": [8.3, 9.1, 3.4],
			"to": [8.4, 9.2, 3.5],
			"rotation": {"angle": 0, "axis": "y", "origin": [16, 0, 0]},
			"faces": {
				"north": {"uv": [13.5, 0.5, 13.5625, 0.5625], "texture": "#0"},
				"east": {"uv": [1, 13.5, 1.0625, 13.5625], "texture": "#0"},
				"south": {"uv": [13.5, 1, 13.5625, 1.0625], "texture": "#0"},
				"west": {"uv": [1.5, 13.5, 1.5625, 13.5625], "texture": "#0"},
				"up": {"uv": [13.5625, 1.5625, 13.5, 1.5], "texture": "#0"},
				"down": {"uv": [2.0625, 13.5, 2, 13.5625], "texture": "#0"}
			}
		},
		{
			"from": [8.3, 8.8, 2.7],
			"to": [8.4, 9.1, 3.5],
			"rotation": {"angle": 0, "axis": "y", "origin": [16, 0, 0]},
			"faces": {
				"north": {"uv": [12.5, 7.5, 12.5625, 7.625], "texture": "#0"},
				"east": {"uv": [9.5, 8, 9.875, 8.125], "texture": "#0"},
				"south": {"uv": [8, 12.5, 8.0625, 12.625], "texture": "#0"},
				"west": {"uv": [8.5, 9.5, 8.875, 9.625], "texture": "#0"},
				"up": {"uv": [3.5625, 11.375, 3.5, 11], "texture": "#0"},
				"down": {"uv": [11.0625, 3.5, 11, 3.875], "texture": "#0"}
			}
		},
		{
			"from": [7.7, 8.9, 3.6],
			"to": [8.3, 9, 7.8],
			"faces": {
				"north": {"uv": [11.5, 3, 11.8125, 3.0625], "texture": "#0"},
				"east": {"uv": [7, 6.5, 9.125, 6.5625], "texture": "#0"},
				"south": {"uv": [3.5, 11.5, 3.8125, 11.5625], "texture": "#0"},
				"west": {"uv": [7, 7, 9.125, 7.0625], "texture": "#0"},
				"up": {"uv": [3.3125, 5.125, 3, 3], "texture": "#0"},
				"down": {"uv": [3.8125, 3, 3.5, 5.125], "texture": "#0"}
			}
		},
		{
			"from": [3.73776, 17.37574, 3.6],
			"to": [3.83776, 17.47574, 7.8],
			"rotation": {"angle": -45, "axis": "z", "origin": [-4.46224, 8.47574, 0]},
			"faces": {
				"north": {"uv": [13.5, 2, 13.5625, 2.0625], "texture": "#0"},
				"east": {"uv": [7.5, 3, 9.625, 3.0625], "texture": "#0"},
				"south": {"uv": [2.5, 13.5, 2.5625, 13.5625], "texture": "#0"},
				"west": {"uv": [7.5, 3.5, 9.625, 3.5625], "texture": "#0"},
				"up": {"uv": [0.0625, 9.625, 0, 7.5], "texture": "#0"},
				"down": {"uv": [0.5625, 7.5, 0.5, 9.625], "texture": "#0"}
			}
		},
		{
			"from": [3.73776, 17.47574, 7.5],
			"to": [3.93776, 17.57574, 7.8],
			"rotation": {"angle": -45, "axis": "z", "origin": [-4.46224, 8.47574, 0]},
			"faces": {
				"north": {"uv": [12.5, 8, 12.625, 8.0625], "texture": "#0"},
				"east": {"uv": [8.5, 12.5, 8.625, 12.5625], "texture": "#0"},
				"south": {"uv": [12.5, 8.5, 12.625, 8.5625], "texture": "#0"},
				"west": {"uv": [9, 12.5, 9.125, 12.5625], "texture": "#0"},
				"up": {"uv": [1.125, 12.125, 1, 12], "texture": "#0"},
				"down": {"uv": [12.125, 1, 12, 1.125], "texture": "#0"}
			}
		},
		{
			"from": [3.73776, 17.47574, 6.9],
			"to": [3.93776, 17.57574, 7.2],
			"rotation": {"angle": -45, "axis": "z", "origin": [-4.46224, 8.47574, 0]},
			"faces": {
				"north": {"uv": [12.5, 9, 12.625, 9.0625], "texture": "#0"},
				"east": {"uv": [9.5, 12.5, 9.625, 12.5625], "texture": "#0"},
				"south": {"uv": [12.5, 9.5, 12.625, 9.5625], "texture": "#0"},
				"west": {"uv": [10, 12.5, 10.125, 12.5625], "texture": "#0"},
				"up": {"uv": [1.625, 12.125, 1.5, 12], "texture": "#0"},
				"down": {"uv": [12.125, 1.5, 12, 1.625], "texture": "#0"}
			}
		},
		{
			"from": [3.73776, 17.47574, 6.3],
			"to": [3.93776, 17.57574, 6.6],
			"rotation": {"angle": -45, "axis": "z", "origin": [-4.46224, 8.47574, 0]},
			"faces": {
				"north": {"uv": [12.5, 10, 12.625, 10.0625], "texture": "#0"},
				"east": {"uv": [10.5, 12.5, 10.625, 12.5625], "texture": "#0"},
				"south": {"uv": [12.5, 10.5, 12.625, 10.5625], "texture": "#0"},
				"west": {"uv": [11, 12.5, 11.125, 12.5625], "texture": "#0"},
				"up": {"uv": [2.125, 12.125, 2, 12], "texture": "#0"},
				"down": {"uv": [12.125, 2, 12, 2.125], "texture": "#0"}
			}
		},
		{
			"from": [3.73776, 17.47574, 5.1],
			"to": [3.93776, 17.57574, 5.4],
			"rotation": {"angle": -45, "axis": "z", "origin": [-4.46224, 8.47574, 0]},
			"faces": {
				"north": {"uv": [12.5, 11, 12.625, 11.0625], "texture": "#0"},
				"east": {"uv": [11.5, 12.5, 11.625, 12.5625], "texture": "#0"},
				"south": {"uv": [12.5, 11.5, 12.625, 11.5625], "texture": "#0"},
				"west": {"uv": [12, 12.5, 12.125, 12.5625], "texture": "#0"},
				"up": {"uv": [2.625, 12.125, 2.5, 12], "texture": "#0"},
				"down": {"uv": [12.125, 2.5, 12, 2.625], "texture": "#0"}
			}
		},
		{
			"from": [3.73776, 17.47574, 5.7],
			"to": [3.93776, 17.57574, 6],
			"rotation": {"angle": -45, "axis": "z", "origin": [-4.46224, 8.47574, 0]},
			"faces": {
				"north": {"uv": [12.5, 12, 12.625, 12.0625], "texture": "#0"},
				"east": {"uv": [12.5, 12.5, 12.625, 12.5625], "texture": "#0"},
				"south": {"uv": [0, 13, 0.125, 13.0625], "texture": "#0"},
				"west": {"uv": [13, 0, 13.125, 0.0625], "texture": "#0"},
				"up": {"uv": [3.125, 12.125, 3, 12], "texture": "#0"},
				"down": {"uv": [12.125, 3, 12, 3.125], "texture": "#0"}
			}
		},
		{
			"from": [3.73776, 17.47574, 4.5],
			"to": [3.93776, 17.57574, 4.8],
			"rotation": {"angle": -45, "axis": "z", "origin": [-4.46224, 8.47574, 0]},
			"faces": {
				"north": {"uv": [0.5, 13, 0.625, 13.0625], "texture": "#0"},
				"east": {"uv": [13, 0.5, 13.125, 0.5625], "texture": "#0"},
				"south": {"uv": [1, 13, 1.125, 13.0625], "texture": "#0"},
				"west": {"uv": [13, 1, 13.125, 1.0625], "texture": "#0"},
				"up": {"uv": [3.625, 12.125, 3.5, 12], "texture": "#0"},
				"down": {"uv": [12.125, 3.5, 12, 3.625], "texture": "#0"}
			}
		},
		{
			"from": [3.73776, 17.47574, 3.6],
			"to": [3.93776, 17.57574, 4.2],
			"rotation": {"angle": -45, "axis": "z", "origin": [-4.46224, 8.47574, 0]},
			"faces": {
				"north": {"uv": [1.5, 13, 1.625, 13.0625], "texture": "#0"},
				"east": {"uv": [11.5, 3.5, 11.8125, 3.5625], "texture": "#0"},
				"south": {"uv": [13, 1.5, 13.125, 1.5625], "texture": "#0"},
				"west": {"uv": [4, 11.5, 4.3125, 11.5625], "texture": "#0"},
				"up": {"uv": [10.125, 1.8125, 10, 1.5], "texture": "#0"},
				"down": {"uv": [2.125, 10, 2, 10.3125], "texture": "#0"}
			}
		},
		{
			"from": [12.06224, 17.47574, 3.6],
			"to": [12.26224, 17.57574, 4.2],
			"rotation": {"angle": 45, "axis": "z", "origin": [20.46224, 8.47574, 0]},
			"faces": {
				"north": {"uv": [2, 13, 2.125, 13.0625], "texture": "#0"},
				"east": {"uv": [11.5, 4, 11.8125, 4.0625], "texture": "#0"},
				"south": {"uv": [13, 2, 13.125, 2.0625], "texture": "#0"},
				"west": {"uv": [4.5, 11.5, 4.8125, 11.5625], "texture": "#0"},
				"up": {"uv": [10.125, 2.3125, 10, 2], "texture": "#0"},
				"down": {"uv": [2.625, 10, 2.5, 10.3125], "texture": "#0"}
			}
		},
		{
			"from": [12.06224, 17.47574, 4.5],
			"to": [12.26224, 17.57574, 4.8],
			"rotation": {"angle": 45, "axis": "z", "origin": [20.46224, 8.47574, 0]},
			"faces": {
				"north": {"uv": [2.5, 13, 2.625, 13.0625], "texture": "#0"},
				"east": {"uv": [13, 2.5, 13.125, 2.5625], "texture": "#0"},
				"south": {"uv": [3, 13, 3.125, 13.0625], "texture": "#0"},
				"west": {"uv": [13, 3, 13.125, 3.0625], "texture": "#0"},
				"up": {"uv": [4.125, 12.125, 4, 12], "texture": "#0"},
				"down": {"uv": [12.125, 4, 12, 4.125], "texture": "#0"}
			}
		},
		{
			"from": [12.06224, 17.47574, 5.7],
			"to": [12.26224, 17.57574, 6],
			"rotation": {"angle": 45, "axis": "z", "origin": [20.46224, 8.47574, 0]},
			"faces": {
				"north": {"uv": [3.5, 13, 3.625, 13.0625], "texture": "#0"},
				"east": {"uv": [13, 3.5, 13.125, 3.5625], "texture": "#0"},
				"south": {"uv": [4, 13, 4.125, 13.0625], "texture": "#0"},
				"west": {"uv": [13, 4, 13.125, 4.0625], "texture": "#0"},
				"up": {"uv": [4.625, 12.125, 4.5, 12], "texture": "#0"},
				"down": {"uv": [12.125, 4.5, 12, 4.625], "texture": "#0"}
			}
		},
		{
			"from": [12.06224, 17.47574, 5.1],
			"to": [12.26224, 17.57574, 5.4],
			"rotation": {"angle": 45, "axis": "z", "origin": [20.46224, 8.47574, 0]},
			"faces": {
				"north": {"uv": [4.5, 13, 4.625, 13.0625], "texture": "#0"},
				"east": {"uv": [13, 4.5, 13.125, 4.5625], "texture": "#0"},
				"south": {"uv": [5, 13, 5.125, 13.0625], "texture": "#0"},
				"west": {"uv": [13, 5, 13.125, 5.0625], "texture": "#0"},
				"up": {"uv": [5.125, 12.125, 5, 12], "texture": "#0"},
				"down": {"uv": [12.125, 5, 12, 5.125], "texture": "#0"}
			}
		},
		{
			"from": [12.06224, 17.47574, 6.3],
			"to": [12.26224, 17.57574, 6.6],
			"rotation": {"angle": 45, "axis": "z", "origin": [20.46224, 8.47574, 0]},
			"faces": {
				"north": {"uv": [5.5, 13, 5.625, 13.0625], "texture": "#0"},
				"east": {"uv": [13, 5.5, 13.125, 5.5625], "texture": "#0"},
				"south": {"uv": [6, 13, 6.125, 13.0625], "texture": "#0"},
				"west": {"uv": [13, 6, 13.125, 6.0625], "texture": "#0"},
				"up": {"uv": [5.625, 12.125, 5.5, 12], "texture": "#0"},
				"down": {"uv": [12.125, 5.5, 12, 5.625], "texture": "#0"}
			}
		},
		{
			"from": [12.06224, 17.47574, 6.9],
			"to": [12.26224, 17.57574, 7.2],
			"rotation": {"angle": 45, "axis": "z", "origin": [20.46224, 8.47574, 0]},
			"faces": {
				"north": {"uv": [6.5, 13, 6.625, 13.0625], "texture": "#0"},
				"east": {"uv": [13, 6.5, 13.125, 6.5625], "texture": "#0"},
				"south": {"uv": [7, 13, 7.125, 13.0625], "texture": "#0"},
				"west": {"uv": [13, 7, 13.125, 7.0625], "texture": "#0"},
				"up": {"uv": [6.125, 12.125, 6, 12], "texture": "#0"},
				"down": {"uv": [12.125, 6, 12, 6.125], "texture": "#0"}
			}
		},
		{
			"from": [12.06224, 17.47574, 7.5],
			"to": [12.26224, 17.57574, 7.8],
			"rotation": {"angle": 45, "axis": "z", "origin": [20.46224, 8.47574, 0]},
			"faces": {
				"north": {"uv": [7.5, 13, 7.625, 13.0625], "texture": "#0"},
				"east": {"uv": [13, 7.5, 13.125, 7.5625], "texture": "#0"},
				"south": {"uv": [8, 13, 8.125, 13.0625], "texture": "#0"},
				"west": {"uv": [13, 8, 13.125, 8.0625], "texture": "#0"},
				"up": {"uv": [6.625, 12.125, 6.5, 12], "texture": "#0"},
				"down": {"uv": [12.125, 6.5, 12, 6.625], "texture": "#0"}
			}
		},
		{
			"from": [12.16224, 17.37574, 3.6],
			"to": [12.26224, 17.47574, 7.8],
			"rotation": {"angle": 45, "axis": "z", "origin": [20.46224, 8.47574, 0]},
			"faces": {
				"north": {"uv": [13.5, 2.5, 13.5625, 2.5625], "texture": "#0"},
				"east": {"uv": [7.5, 4, 9.625, 4.0625], "texture": "#0"},
				"south": {"uv": [3, 13.5, 3.0625, 13.5625], "texture": "#0"},
				"west": {"uv": [7.5, 4.5, 9.625, 4.5625], "texture": "#0"},
				"up": {"uv": [1.5625, 9.625, 1.5, 7.5], "texture": "#0"},
				"down": {"uv": [2.0625, 7.5, 2, 9.625], "texture": "#0"}
			}
		},
		{
			"from": [7.4, 8.4, 2.6],
			"to": [7.5, 8.6, 6.6],
			"faces": {
				"north": {"uv": [8.5, 13, 8.5625, 13.125], "texture": "#0"},
				"east": {"uv": [6, 0, 8, 0.125], "texture": "#0"},
				"south": {"uv": [13, 8.5, 13.0625, 8.625], "texture": "#0"},
				"west": {"uv": [6, 0.5, 8, 0.625], "texture": "#0"},
				"up": {"uv": [2.5625, 9.5, 2.5, 7.5], "texture": "#0"},
				"down": {"uv": [3.0625, 7.5, 3, 9.5], "texture": "#0"}
			}
		},
		{
			"from": [7.4, 7.9, 2.6],
			"to": [7.5, 8.1, 6.6],
			"faces": {
				"north": {"uv": [9, 13, 9.0625, 13.125], "texture": "#0"},
				"east": {"uv": [6, 1, 8, 1.125], "texture": "#0"},
				"south": {"uv": [13, 9, 13.0625, 9.125], "texture": "#0"},
				"west": {"uv": [6, 1.5, 8, 1.625], "texture": "#0"},
				"up": {"uv": [6.5625, 9.5, 6.5, 7.5], "texture": "#0"},
				"down": {"uv": [7.0625, 7.5, 7, 9.5], "texture": "#0"}
			}
		},
		{
			"from": [7.4, 8.1, 2.6],
			"to": [7.5, 8.4, 2.8],
			"faces": {
				"north": {"uv": [9.5, 13, 9.5625, 13.125], "texture": "#0"},
				"east": {"uv": [7, 12, 7.125, 12.125], "texture": "#0"},
				"south": {"uv": [13, 9.5, 13.0625, 9.625], "texture": "#0"},
				"west": {"uv": [12, 7, 12.125, 7.125], "texture": "#0"},
				"up": {"uv": [10.0625, 13.125, 10, 13], "texture": "#0"},
				"down": {"uv": [13.0625, 10, 13, 10.125], "texture": "#0"}
			}
		},
		{
			"from": [7.4, 8.1, 6.4],
			"to": [7.5, 8.4, 6.6],
			"faces": {
				"north": {"uv": [10.5, 13, 10.5625, 13.125], "texture": "#0"},
				"east": {"uv": [7.5, 12, 7.625, 12.125], "texture": "#0"},
				"south": {"uv": [13, 10.5, 13.0625, 10.625], "texture": "#0"},
				"west": {"uv": [12, 7.5, 12.125, 7.625], "texture": "#0"},
				"up": {"uv": [11.0625, 13.125, 11, 13], "texture": "#0"},
				"down": {"uv": [13.0625, 11, 13, 11.125], "texture": "#0"}
			}
		},
		{
			"from": [7.4, 8.1, 3.8],
			"to": [7.5, 8.4, 5.1],
			"faces": {
				"north": {"uv": [11.5, 13, 11.5625, 13.125], "texture": "#0"},
				"east": {"uv": [9, 0, 9.625, 0.125], "texture": "#0"},
				"south": {"uv": [13, 11.5, 13.0625, 11.625], "texture": "#0"},
				"west": {"uv": [9, 0.5, 9.625, 0.625], "texture": "#0"},
				"up": {"uv": [10.0625, 3.125, 10, 2.5], "texture": "#0"},
				"down": {"uv": [3.0625, 10, 3, 10.625], "texture": "#0"}
			}
		},
		{
			"from": [7.2, 8, 3.7],
			"to": [7.4, 8.5, 4.2],
			"faces": {
				"north": {"uv": [10.5, 4, 10.625, 4.25], "texture": "#0"},
				"east": {"uv": [9, 9, 9.25, 9.25], "texture": "#0"},
				"south": {"uv": [4.5, 10.5, 4.625, 10.75], "texture": "#0"},
				"west": {"uv": [9.5, 1, 9.75, 1.25], "texture": "#0"},
				"up": {"uv": [10.625, 4.75, 10.5, 4.5], "texture": "#0"},
				"down": {"uv": [5.125, 10.5, 5, 10.75], "texture": "#0"}
			}
		},
		{
			"from": [6.8, 8.1, 3.8],
			"to": [7.2, 8.4, 4.1],
			"faces": {
				"north": {"uv": [4, 11, 4.1875, 11.125], "texture": "#0"},
				"east": {"uv": [8, 12, 8.125, 12.125], "texture": "#0"},
				"south": {"uv": [11, 4, 11.1875, 4.125], "texture": "#0"},
				"west": {"uv": [12, 8, 12.125, 8.125], "texture": "#0"},
				"up": {"uv": [4.6875, 11.125, 4.5, 11], "texture": "#0"},
				"down": {"uv": [11.1875, 4.5, 11, 4.625], "texture": "#0"}
			}
		},
		{
			"from": [6.6, 8, 3.7],
			"to": [6.8, 8.5, 4.2],
			"faces": {
				"north": {"uv": [5.5, 10.5, 5.625, 10.75], "texture": "#0"},
				"east": {"uv": [9.5, 1.5, 9.75, 1.75], "texture": "#0"},
				"south": {"uv": [6, 10.5, 6.125, 10.75], "texture": "#0"},
				"west": {"uv": [9.5, 2, 9.75, 2.25], "texture": "#0"},
				"up": {"uv": [10.625, 6.25, 10.5, 6], "texture": "#0"},
				"down": {"uv": [6.625, 10.5, 6.5, 10.75], "texture": "#0"}
			}
		},
		{
			"from": [7.6, 6, 4.7],
			"to": [8.4, 6.1, 5.8],
			"faces": {
				"north": {"uv": [5, 11, 5.375, 11.0625], "texture": "#0"},
				"east": {"uv": [5, 10, 5.5625, 10.0625], "texture": "#0"},
				"south": {"uv": [11, 5, 11.375, 5.0625], "texture": "#0"},
				"west": {"uv": [10, 5, 10.5625, 5.0625], "texture": "#0"},
				"up": {"uv": [5.875, 6.5625, 5.5, 6], "texture": "#0"},
				"down": {"uv": [6.375, 5.5, 6, 6.0625], "texture": "#0"}
			}
		},
		{
			"from": [7.6, 11.85858, 1.75614],
			"to": [8.4, 11.95858, 2.15614],
			"rotation": {"angle": 45, "axis": "x", "origin": [0, 5.85858, -3.64386]},
			"faces": {
				"north": {"uv": [5.5, 11, 5.875, 11.0625], "texture": "#0"},
				"east": {"uv": [11.5, 12, 11.6875, 12.0625], "texture": "#0"},
				"south": {"uv": [11, 5.5, 11.375, 5.5625], "texture": "#0"},
				"west": {"uv": [12, 11.5, 12.1875, 11.5625], "texture": "#0"},
				"up": {"uv": [4.375, 9.1875, 4, 9], "texture": "#0"},
				"down": {"uv": [4.875, 9, 4.5, 9.1875], "texture": "#0"}
			}
		},
		{
			"from": [7.6, 3.54524, 2.65432],
			"to": [8.4, 4.24524, 2.75432],
			"rotation": {"angle": -22.5, "axis": "x", "origin": [0, 9.34524, -3.34568]},
			"faces": {
				"north": {"uv": [7, 6, 7.375, 6.375], "texture": "#0"},
				"east": {"uv": [6, 11, 6.0625, 11.375], "texture": "#0"},
				"south": {"uv": [6.5, 7, 6.875, 7.375], "texture": "#0"},
				"west": {"uv": [11, 6, 11.0625, 6.375], "texture": "#0"},
				"up": {"uv": [6.875, 11.0625, 6.5, 11], "texture": "#0"},
				"down": {"uv": [11.375, 6.5, 11, 6.5625], "texture": "#0"}
			}
		},
		{
			"from": [7.9, 6.3, 5.1],
			"to": [8.1, 6.9, 5.3],
			"faces": {
				"north": {"uv": [3.5, 10, 3.625, 10.3125], "texture": "#0"},
				"east": {"uv": [10, 3.5, 10.125, 3.8125], "texture": "#0"},
				"south": {"uv": [4, 10, 4.125, 10.3125], "texture": "#0"},
				"west": {"uv": [10, 4, 10.125, 4.3125], "texture": "#0"},
				"up": {"uv": [8.625, 12.125, 8.5, 12], "texture": "#0"},
				"down": {"uv": [12.125, 8.5, 12, 8.625], "texture": "#0"}
			}
		},
		{
			"from": [7.6, 1.7, 5.9],
			"to": [8.4, 4.1, 6.8],
			"faces": {
				"north": {"uv": [2.5, 5, 2.875, 6.1875], "texture": "#0"},
				"east": {"uv": [5, 0, 5.4375, 1.1875], "texture": "#0"},
				"south": {"uv": [5, 3, 5.375, 4.1875], "texture": "#0"},
				"west": {"uv": [2, 5, 2.4375, 6.1875], "texture": "#0"},
				"up": {"uv": [7.375, 3.4375, 7, 3], "texture": "#0"},
				"down": {"uv": [7.375, 4, 7, 4.4375], "texture": "#0"}
			}
		},
		{
			"from": [7.6, 1.6, 5.8],
			"to": [8.4, 1.7, 6.9],
			"faces": {
				"north": {"uv": [7, 11, 7.375, 11.0625], "texture": "#0"},
				"east": {"uv": [10, 5.5, 10.5625, 5.5625], "texture": "#0"},
				"south": {"uv": [11, 7, 11.375, 7.0625], "texture": "#0"},
				"west": {"uv": [6, 10, 6.5625, 10.0625], "texture": "#0"},
				"up": {"uv": [0.375, 7.0625, 0, 6.5], "texture": "#0"},
				"down": {"uv": [0.875, 6.5, 0.5, 7.0625], "texture": "#0"}
			}
		},
		{
			"from": [7.5, 5.1, 5.8],
			"to": [8.5, 6.9, 6.7],
			"faces": {
				"north": {"uv": [5, 4.5, 5.5, 5.375], "texture": "#0"},
				"east": {"uv": [1, 5.5, 1.4375, 6.375], "texture": "#0"},
				"south": {"uv": [0, 5.5, 0.5, 6.375], "texture": "#0"},
				"west": {"uv": [5.5, 1, 5.9375, 1.875], "texture": "#0"},
				"up": {"uv": [5.5, 1.9375, 5, 1.5], "texture": "#0"},
				"down": {"uv": [6.5, 3, 6, 3.4375], "texture": "#0"}
			}
		},
		{
			"from": [7.5, 9.2, -0.2],
			"to": [8.5, 10, 0.2],
			"rotation": {"angle": 45, "axis": "x", "origin": [0, 0, 0]},
			"faces": {
				"north": {"uv": [1, 6.5, 1.5, 6.875], "texture": "#0"},
				"east": {"uv": [5, 9, 5.1875, 9.375], "texture": "#0"},
				"south": {"uv": [1.5, 6.5, 2, 6.875], "texture": "#0"},
				"west": {"uv": [9, 5, 9.1875, 5.375], "texture": "#0"},
				"up": {"uv": [8, 8.1875, 7.5, 8], "texture": "#0"},
				"down": {"uv": [8.5, 8, 8, 8.1875], "texture": "#0"}
			}
		},
		{
			"from": [7.5, 6.47684, 10.30546],
			"to": [8.5, 7.17684, 10.70546],
			"rotation": {"angle": -22.5, "axis": "x", "origin": [0, -3.12316, 10.40546]},
			"faces": {
				"north": {"uv": [2, 6.5, 2.5, 6.875], "texture": "#0"},
				"east": {"uv": [9, 5.5, 9.1875, 5.875], "texture": "#0"},
				"south": {"uv": [2.5, 6.5, 3, 6.875], "texture": "#0"},
				"west": {"uv": [6, 9, 6.1875, 9.375], "texture": "#0"},
				"up": {"uv": [9, 0.1875, 8.5, 0], "texture": "#0"},
				"down": {"uv": [9, 0.5, 8.5, 0.6875], "texture": "#0"}
			}
		},
		{
			"from": [7.5, 5.1, 6.7],
			"to": [8.5, 5.9, 7],
			"faces": {
				"north": {"uv": [3, 6.5, 3.5, 6.875], "texture": "#0"},
				"east": {"uv": [9.5, 8.5, 9.625, 8.875], "texture": "#0"},
				"south": {"uv": [6.5, 3, 7, 3.375], "texture": "#0"},
				"west": {"uv": [9, 9.5, 9.125, 9.875], "texture": "#0"},
				"up": {"uv": [3, 9.625, 2.5, 9.5], "texture": "#0"},
				"down": {"uv": [3.5, 9.5, 3, 9.625], "texture": "#0"}
			}
		},
		{
			"from": [7.5, 7, 2.3],
			"to": [8.5, 8.2, 2.5],
			"faces": {
				"north": {"uv": [5.5, 3, 6, 3.625], "texture": "#0"},
				"east": {"uv": [1, 9, 1.125, 9.625], "texture": "#0"},
				"south": {"uv": [3.5, 5.5, 4, 6.125], "texture": "#0"},
				"west": {"uv": [9, 1, 9.125, 1.625], "texture": "#0"},
				"up": {"uv": [4, 9.625, 3.5, 9.5], "texture": "#0"},
				"down": {"uv": [4.5, 9.5, 4, 9.625], "texture": "#0"}
			}
		},
		{
			"from": [7.8, 8.2, 2.3],
			"to": [8.2, 8.5, 2.5],
			"rotation": {"angle": 0, "axis": "y", "origin": [0, 0.2, 0]},
			"faces": {
				"north": {"uv": [7.5, 11, 7.6875, 11.125], "texture": "#0"},
				"east": {"uv": [9, 12, 9.125, 12.125], "texture": "#0"},
				"south": {"uv": [11, 7.5, 11.1875, 7.625], "texture": "#0"},
				"west": {"uv": [12, 9, 12.125, 9.125], "texture": "#0"},
				"up": {"uv": [8.1875, 11.125, 8, 11], "texture": "#0"},
				"down": {"uv": [11.1875, 8, 11, 8.125], "texture": "#0"}
			}
		},
		{
			"from": [4.12771, 16.05858, 2.3],
			"to": [4.52771, 16.45858, 2.5],
			"rotation": {"angle": -45, "axis": "z", "origin": [-3.67229, 8.05858, 0]},
			"faces": {
				"north": {"uv": [10, 6, 10.1875, 6.1875], "texture": "#0"},
				"east": {"uv": [8.5, 11, 8.625, 11.1875], "texture": "#0"},
				"south": {"uv": [10, 6.5, 10.1875, 6.6875], "texture": "#0"},
				"west": {"uv": [11, 8.5, 11.125, 8.6875], "texture": "#0"},
				"up": {"uv": [9.1875, 11.125, 9, 11], "texture": "#0"},
				"down": {"uv": [11.1875, 9, 11, 9.125], "texture": "#0"}
			}
		},
		{
			"from": [11.47229, 16.05858, 2.3],
			"to": [11.87229, 16.45858, 2.5],
			"rotation": {"angle": 45, "axis": "z", "origin": [19.67229, 8.05858, 0]},
			"faces": {
				"north": {"uv": [7, 10, 7.1875, 10.1875], "texture": "#0"},
				"east": {"uv": [9.5, 11, 9.625, 11.1875], "texture": "#0"},
				"south": {"uv": [10, 7, 10.1875, 7.1875], "texture": "#0"},
				"west": {"uv": [11, 9.5, 11.125, 9.6875], "texture": "#0"},
				"up": {"uv": [10.1875, 11.125, 10, 11], "texture": "#0"},
				"down": {"uv": [11.1875, 10, 11, 10.125], "texture": "#0"}
			}
		},
		{
			"from": [7.7, 6.5, 2.3],
			"to": [8.3, 7, 2.7],
			"faces": {
				"north": {"uv": [9, 2, 9.3125, 2.25], "texture": "#0"},
				"east": {"uv": [9.5, 9, 9.6875, 9.25], "texture": "#0"},
				"south": {"uv": [3.5, 9, 3.8125, 9.25], "texture": "#0"},
				"west": {"uv": [9.5, 9.5, 9.6875, 9.75], "texture": "#0"},
				"up": {"uv": [4.8125, 9.6875, 4.5, 9.5], "texture": "#0"},
				"down": {"uv": [5.3125, 9.5, 5, 9.6875], "texture": "#0"}
			}
		},
		{
			"from": [14.98076, 2.48127, 2.3],
			"to": [15.18076, 2.68127, 2.7],
			"rotation": {"angle": 45, "axis": "z", "origin": [6.78076, -4.31873, 0]},
			"faces": {
				"north": {"uv": [9.5, 12, 9.625, 12.125], "texture": "#0"},
				"east": {"uv": [10.5, 11, 10.6875, 11.125], "texture": "#0"},
				"south": {"uv": [12, 9.5, 12.125, 9.625], "texture": "#0"},
				"west": {"uv": [11, 10.5, 11.1875, 10.625], "texture": "#0"},
				"up": {"uv": [11.125, 11.1875, 11, 11], "texture": "#0"},
				"down": {"uv": [0.125, 11.5, 0, 11.6875], "texture": "#0"}
			}
		},
		{
			"from": [0.81924, 2.48127, 2.3],
			"to": [1.01924, 2.68127, 2.7],
			"rotation": {"angle": -45, "axis": "z", "origin": [9.21924, -4.31873, 0]},
			"faces": {
				"north": {"uv": [10, 12, 10.125, 12.125], "texture": "#0"},
				"east": {"uv": [11.5, 0, 11.6875, 0.125], "texture": "#0"},
				"south": {"uv": [12, 10, 12.125, 10.125], "texture": "#0"},
				"west": {"uv": [0.5, 11.5, 0.6875, 11.625], "texture": "#0"},
				"up": {"uv": [11.625, 0.6875, 11.5, 0.5], "texture": "#0"},
				"down": {"uv": [1.125, 11.5, 1, 11.6875], "texture": "#0"}
			}
		},
		{
			"from": [7.8, 6.3, 2.3],
			"to": [8.2, 6.5, 2.7],
			"faces": {
				"north": {"uv": [11.5, 1, 11.6875, 1.125], "texture": "#0"},
				"east": {"uv": [1.5, 11.5, 1.6875, 11.625], "texture": "#0"},
				"south": {"uv": [11.5, 1.5, 11.6875, 1.625], "texture": "#0"},
				"west": {"uv": [2, 11.5, 2.1875, 11.625], "texture": "#0"},
				"up": {"uv": [7.6875, 10.1875, 7.5, 10], "texture": "#0"},
				"down": {"uv": [10.1875, 7.5, 10, 7.6875], "texture": "#0"}
			}
		},
		{
			"from": [7.8, 7.7, 1.3],
			"to": [8.2, 8.1, 2.3],
			"faces": {
				"north": {"uv": [8, 10, 8.1875, 10.1875], "texture": "#0"},
				"east": {"uv": [1, 8.5, 1.5, 8.6875], "texture": "#0"},
				"south": {"uv": [10, 8, 10.1875, 8.1875], "texture": "#0"},
				"west": {"uv": [8.5, 1, 9, 1.1875], "texture": "#0"},
				"up": {"uv": [8.6875, 2, 8.5, 1.5], "texture": "#0"},
				"down": {"uv": [8.6875, 2, 8.5, 2.5], "texture": "#0"}
			}
		}
	],
	"display": {
		"thirdperson_righthand": {
			"translation": [0, 2.5, 2.75],
			"scale": [0.8, 0.8, 0.8]
		},
		"thirdperson_lefthand": {
			"scale": [0, 0, 0]
		},
		"firstperson_righthand": {
			"rotation": [0, 0, -20],
			"translation": [0, 15, 2]
		},
		"firstperson_lefthand": {
			"rotation": [7, -100.5, 0],
			"translation": [-9.25, 9.25, 0]
		},
		"gui": {
			"rotation": [15.75, 57, 0],
			"translation": [-0.75, 1, 0]
		}
	},
	"groups": [
		{
			"name": "smg11",
			"origin": [8, 8, 8],
			"color": 0,
			"children": [
				{
					"name": "wei",
					"origin": [8, 8, 8],
					"color": 0,
					"children": [0, 1, 2, 3, 4, 5, 6, 7, 8, 9, 10, 11, 12, 13, 14, 15, 16, 17, 18, 19]
				},
				{
					"name": "main",
					"origin": [8, 8, 8],
					"color": 0,
					"children": [20,
						{
							"name": "group",
							"origin": [0, 0, 0],
							"color": 0,
							"children": [21, 22, 23, 24, 25]
						}, 26, 27, 28, 29, 30,
						{
							"name": "group",
							"origin": [0, 0, 0],
							"color": 0,
							"children": [31, 32, 33, 34, 35, 36, 37, 38]
						},
						{
							"name": "group",
							"origin": [0, 0, 0],
							"color": 0,
							"children": [39, 40, 41, 42, 43, 44, 45, 46, 47, 48, 49, 50, 51, 52, 53, 54, 55]
						}, 56, 57, 58, 59, 60, 61, 62, 63,
						{
							"name": "group",
							"origin": [0, 0, 0],
							"color": 0,
							"children": [64, 65, 66, 67]
						},
						{
							"name": "group",
							"origin": [0, 0, 0],
							"color": 0,
							"children": [68, 69]
						},
						{
							"name": "group",
							"origin": [0, 0, 0],
							"color": 0,
							"children": [70, 71, 72, 73]
						}
					]
				},
				{
					"name": "head",
					"origin": [8, 8, 8],
					"color": 0,
					"children": [74, 75, 76, 77, 78, 79, 80, 81, 82]
				}
			]
		}
	]
}