{
	"credit": "Made with Blockbench",
	"texture_size": [32, 32],
	"textures": {
		"1": "yxz/green_planks",
		"particle": "yxz/white_wall"
	},
	"elements": [
		{
			"from": [6, 0, 0],
			"to": [10, 16, 9],
			"faces": {
				"north": {"uv": [12, 0, 16, 16], "texture": "#1"},
				"east": {"uv": [0, 0, 7, 16], "texture": "#1"},
				"south": {"uv": [8, 0, 12, 16], "texture": "#1"},
				"west": {"uv": [8, 0, 16, 16], "texture": "#1"},
				"up": {"uv": [16, 8, 12, 0], "texture": "#1"},
				"down": {"uv": [16, 8, 12, 16], "texture": "#1"}
			}
		}
	]
}