{
	"credit": "Made with Blockbench",
	"ambientocclusion": false,
	"textures": {
		"0": "block/oak_planks",
		"particle": "block/oak_planks"
	},
	"elements": [
		{
			"from": [13, 0, 14],
			"to": [15, 16, 16],
			"rotation": {"angle": 0, "axis": "y", "origin": [22, 8, 22]},
			"faces": {
				"north": {"uv": [2, 0, 3, 16], "texture": "#0"},
				"east": {"uv": [12, 0, 14, 16], "texture": "#0"},
				"south": {"uv": [2, 0, 3, 16], "texture": "#0"},
				"west": {"uv": [2, 0, 4, 16], "texture": "#0"},
				"up": {"uv": [2, 14, 3, 16], "texture": "#0"},
				"down": {"uv": [2, 11, 3, 13], "texture": "#0"}
			}
		},
		{
			"from": [1, 0, 14],
			"to": [3, 16, 16],
			"rotation": {"angle": 0, "axis": "y", "origin": [9, 8, 22]},
			"faces": {
				"north": {"uv": [9, 0, 10, 16], "texture": "#0"},
				"east": {"uv": [12, 0, 14, 16], "texture": "#0"},
				"south": {"uv": [2, 0, 3, 16], "texture": "#0"},
				"west": {"uv": [2, 0, 4, 16], "texture": "#0"},
				"up": {"uv": [2, 14, 3, 16], "texture": "#0"},
				"down": {"uv": [2, 11, 3, 13], "texture": "#0"}
			}
		},
		{
			"from": [0, 5, 15],
			"to": [16, 7, 16],
			"rotation": {"angle": 0, "axis": "z", "origin": [8, -2, 22]},
			"faces": {
				"north": {"uv": [13, 0, 14, 16], "rotation": 270, "texture": "#0"},
				"east": {"uv": [2, 14, 3, 16], "rotation": 90, "texture": "#0"},
				"south": {"uv": [2, 0, 3, 16], "rotation": 90, "texture": "#0"},
				"west": {"uv": [2, 11, 3, 13], "rotation": 90, "texture": "#0"},
				"up": {"uv": [3, 0, 4, 16], "rotation": 90, "texture": "#0"},
				"down": {"uv": [12, 0, 13, 16], "rotation": 90, "texture": "#0"}
			}
		},
		{
			"from": [0, 9, 15],
			"to": [16, 11, 16],
			"rotation": {"angle": 0, "axis": "z", "origin": [8, 3, 22]},
			"faces": {
				"north": {"uv": [6, 0, 7, 16], "rotation": 270, "texture": "#0"},
				"east": {"uv": [2, 14, 3, 16], "rotation": 90, "texture": "#0"},
				"south": {"uv": [2, 0, 3, 16], "rotation": 90, "texture": "#0"},
				"west": {"uv": [2, 11, 3, 13], "rotation": 90, "texture": "#0"},
				"up": {"uv": [3, 0, 4, 16], "rotation": 90, "texture": "#0"},
				"down": {"uv": [12, 0, 13, 16], "rotation": 90, "texture": "#0"}
			}
		},
		{
			"from": [0, 13, 15],
			"to": [16, 15, 16],
			"rotation": {"angle": 0, "axis": "z", "origin": [8, 7, 22]},
			"faces": {
				"north": {"uv": [3, 0, 4, 16], "rotation": 270, "texture": "#0"},
				"east": {"uv": [2, 14, 3, 16], "rotation": 90, "texture": "#0"},
				"south": {"uv": [2, 0, 3, 16], "rotation": 90, "texture": "#0"},
				"west": {"uv": [2, 11, 3, 13], "rotation": 90, "texture": "#0"},
				"up": {"uv": [3, 0, 4, 16], "rotation": 90, "texture": "#0"},
				"down": {"uv": [12, 0, 13, 16], "rotation": 90, "texture": "#0"}
			}
		},
		{
			"from": [0, 1, 15],
			"to": [16, 3, 16],
			"rotation": {"angle": 0, "axis": "z", "origin": [8, -6, 22]},
			"faces": {
				"north": {"uv": [1, 0, 2, 16], "rotation": 270, "texture": "#0"},
				"east": {"uv": [2, 14, 3, 16], "rotation": 90, "texture": "#0"},
				"south": {"uv": [2, 0, 3, 16], "rotation": 90, "texture": "#0"},
				"west": {"uv": [2, 11, 3, 13], "rotation": 90, "texture": "#0"},
				"up": {"uv": [3, 0, 4, 16], "rotation": 90, "texture": "#0"},
				"down": {"uv": [12, 0, 13, 16], "rotation": 90, "texture": "#0"}
			}
		}
	],
	"groups": [
		{
			"name": "group",
			"origin": [8, 8, 8],
			"children": [0, 1]
		},
		{
			"name": "group",
			"origin": [9, 8, 22],
			"children": [2, 3, 4]
		}, 5]
}