{
	"credit": "Made with Blockbench",
	"texture_size": [64, 64],
	"textures": {
		"0": "yxz/zhadan",
		"particle": "yxz/zhadan"
	},
	"elements": [
		{
			"from": [2, 0, 2],
			"to": [3, 26, 3],
			"faces": {
				"north": {"uv": [5.5, 6.5, 5.75, 12], "texture": "#0"},
				"east": {"uv": [5.75, 6.5, 6, 12], "texture": "#0"},
				"south": {"uv": [6.75, 4, 7, 9.5], "texture": "#0"},
				"west": {"uv": [7, 4, 7.25, 9.5], "texture": "#0"},
				"up": {"uv": [5, 10.25, 4.75, 10], "texture": "#0"},
				"down": {"uv": [3.25, 11.5, 3, 11.75], "texture": "#0"}
			}
		},
		{
			"from": [13, 0, 2],
			"to": [14, 26, 3],
			"rotation": {"angle": 0, "axis": "y", "origin": [16, 0, 0]},
			"faces": {
				"north": {"uv": [7.25, 4, 7.5, 9.5], "texture": "#0"},
				"east": {"uv": [7.5, 0, 7.75, 5.5], "texture": "#0"},
				"south": {"uv": [7.5, 5.5, 7.75, 11], "texture": "#0"},
				"west": {"uv": [7.75, 0, 8, 5.5], "texture": "#0"},
				"up": {"uv": [3.5, 11.75, 3.25, 11.5], "texture": "#0"},
				"down": {"uv": [3.75, 11.5, 3.5, 11.75], "texture": "#0"}
			}
		},
		{
			"from": [13, 0, 13],
			"to": [14, 26, 14],
			"rotation": {"angle": 0, "axis": "y", "origin": [16, 0, 16]},
			"faces": {
				"north": {"uv": [7.75, 5.5, 8, 11], "texture": "#0"},
				"east": {"uv": [8, 0, 8.25, 5.5], "texture": "#0"},
				"south": {"uv": [8, 5.5, 8.25, 11], "texture": "#0"},
				"west": {"uv": [6, 8, 6.25, 13.5], "texture": "#0"},
				"up": {"uv": [4, 11.75, 3.75, 11.5], "texture": "#0"},
				"down": {"uv": [4.25, 11.5, 4, 11.75], "texture": "#0"}
			}
		},
		{
			"from": [2, 0, 13],
			"to": [3, 26, 14],
			"rotation": {"angle": 0, "axis": "y", "origin": [0, 0, 16]},
			"faces": {
				"north": {"uv": [6.25, 8, 6.5, 13.5], "texture": "#0"},
				"east": {"uv": [6.5, 8, 6.75, 13.5], "texture": "#0"},
				"south": {"uv": [8.25, 0, 8.5, 5.5], "texture": "#0"},
				"west": {"uv": [8.25, 5.5, 8.5, 11], "texture": "#0"},
				"up": {"uv": [4.5, 11.75, 4.25, 11.5], "texture": "#0"},
				"down": {"uv": [4.75, 11.5, 4.5, 11.75], "texture": "#0"}
			}
		},
		{
			"from": [13, 0, 3],
			"to": [14, 2, 13],
			"rotation": {"angle": 0, "axis": "y", "origin": [16, 0, 16]},
			"faces": {
				"north": {"uv": [4.75, 8.5, 5, 9], "texture": "#0"},
				"east": {"uv": [8.5, 5.25, 11, 5.75], "texture": "#0"},
				"south": {"uv": [1, 9, 1.25, 9.5], "texture": "#0"},
				"west": {"uv": [8.5, 5.75, 11, 6.25], "texture": "#0"},
				"up": {"uv": [5.25, 11, 5, 8.5], "texture": "#0"},
				"down": {"uv": [5.5, 8.5, 5.25, 11], "texture": "#0"}
			}
		},
		{
			"from": [3, 0, 2],
			"to": [13, 2, 3],
			"rotation": {"angle": 0, "axis": "y", "origin": [0, 0, 16]},
			"faces": {
				"north": {"uv": [8.5, 6.25, 11, 6.75], "texture": "#0"},
				"east": {"uv": [1.25, 9, 1.5, 9.5], "texture": "#0"},
				"south": {"uv": [8.5, 6.75, 11, 7.25], "texture": "#0"},
				"west": {"uv": [1.5, 9, 1.75, 9.5], "texture": "#0"},
				"up": {"uv": [11.75, 5.25, 9.25, 5], "texture": "#0"},
				"down": {"uv": [2.5, 10.5, 0, 10.75], "texture": "#0"}
			}
		},
		{
			"from": [3, 0, 13],
			"to": [13, 2, 14],
			"faces": {
				"north": {"uv": [8.5, 7.25, 11, 7.75], "texture": "#0"},
				"east": {"uv": [1.75, 9, 2, 9.5], "texture": "#0"},
				"south": {"uv": [8.5, 7.75, 11, 8.25], "texture": "#0"},
				"west": {"uv": [4.75, 9, 5, 9.5], "texture": "#0"},
				"up": {"uv": [2.5, 11, 0, 10.75], "texture": "#0"},
				"down": {"uv": [5, 10.75, 2.5, 11], "texture": "#0"}
			}
		},
		{
			"from": [2, 0, 3],
			"to": [3, 2, 13],
			"rotation": {"angle": 0, "axis": "y", "origin": [0, 0, 16]},
			"faces": {
				"north": {"uv": [4.75, 9.5, 5, 10], "texture": "#0"},
				"east": {"uv": [8.5, 8.25, 11, 8.75], "texture": "#0"},
				"south": {"uv": [9.75, 11.25, 10, 11.75], "texture": "#0"},
				"west": {"uv": [8.5, 8.75, 11, 9.25], "texture": "#0"},
				"up": {"uv": [7, 12, 6.75, 9.5], "texture": "#0"},
				"down": {"uv": [7.25, 9.5, 7, 12], "texture": "#0"}
			}
		},
		{
			"from": [3, 10, 13],
			"to": [13, 12, 14],
			"faces": {
				"north": {"uv": [9.25, 0, 11.75, 0.5], "texture": "#0"},
				"east": {"uv": [11.25, 10.25, 11.5, 10.75], "texture": "#0"},
				"south": {"uv": [9.25, 0.5, 11.75, 1], "texture": "#0"},
				"west": {"uv": [11.25, 10.75, 11.5, 11.25], "texture": "#0"},
				"up": {"uv": [11, 11, 8.5, 10.75], "texture": "#0"},
				"down": {"uv": [2.5, 11, 0, 11.25], "texture": "#0"}
			}
		},
		{
			"from": [3, 10, 2],
			"to": [13, 12, 3],
			"rotation": {"angle": 0, "axis": "y", "origin": [0, 0, 16]},
			"faces": {
				"north": {"uv": [9.25, 1, 11.75, 1.5], "texture": "#0"},
				"east": {"uv": [11, 11.25, 11.25, 11.75], "texture": "#0"},
				"south": {"uv": [9.25, 1.5, 11.75, 2], "texture": "#0"},
				"west": {"uv": [11.25, 11.25, 11.5, 11.75], "texture": "#0"},
				"up": {"uv": [5, 11.25, 2.5, 11], "texture": "#0"},
				"down": {"uv": [13.5, 5.25, 11, 5.5], "texture": "#0"}
			}
		},
		{
			"from": [13, 10, 3],
			"to": [14, 12, 13],
			"rotation": {"angle": 0, "axis": "y", "origin": [16, 0, 16]},
			"faces": {
				"north": {"uv": [0, 11.5, 0.25, 12], "texture": "#0"},
				"east": {"uv": [9.25, 2, 11.75, 2.5], "texture": "#0"},
				"south": {"uv": [0.25, 11.5, 0.5, 12], "texture": "#0"},
				"west": {"uv": [9.25, 2.5, 11.75, 3], "texture": "#0"},
				"up": {"uv": [7.5, 12, 7.25, 9.5], "texture": "#0"},
				"down": {"uv": [5.25, 11, 5, 13.5], "texture": "#0"}
			}
		},
		{
			"from": [2, 10, 3],
			"to": [3, 12, 13],
			"rotation": {"angle": 0, "axis": "y", "origin": [0, 0, 16]},
			"faces": {
				"north": {"uv": [0.5, 11.5, 0.75, 12], "texture": "#0"},
				"east": {"uv": [9.25, 3, 11.75, 3.5], "texture": "#0"},
				"south": {"uv": [0.75, 11.5, 1, 12], "texture": "#0"},
				"west": {"uv": [9.25, 3.5, 11.75, 4], "texture": "#0"},
				"up": {"uv": [5.5, 13.5, 5.25, 11], "texture": "#0"},
				"down": {"uv": [11.25, 5.5, 11, 8], "texture": "#0"}
			}
		},
		{
			"from": [3, 24, 13],
			"to": [13, 26, 14],
			"faces": {
				"north": {"uv": [9.25, 4, 11.75, 4.5], "texture": "#0"},
				"east": {"uv": [1, 11.5, 1.25, 12], "texture": "#0"},
				"south": {"uv": [9.25, 4.5, 11.75, 5], "texture": "#0"},
				"west": {"uv": [1.25, 11.5, 1.5, 12], "texture": "#0"},
				"up": {"uv": [10, 11.25, 7.5, 11], "texture": "#0"},
				"down": {"uv": [13.5, 8, 11, 8.25], "texture": "#0"}
			}
		},
		{
			"from": [3, 24, 2],
			"to": [13, 26, 3],
			"rotation": {"angle": 0, "axis": "y", "origin": [0, 0, 16]},
			"faces": {
				"north": {"uv": [8.5, 9.25, 11, 9.75], "texture": "#0"},
				"east": {"uv": [1.5, 11.5, 1.75, 12], "texture": "#0"},
				"south": {"uv": [0, 9.5, 2.5, 10], "texture": "#0"},
				"west": {"uv": [1.75, 11.5, 2, 12], "texture": "#0"},
				"up": {"uv": [13.5, 8.5, 11, 8.25], "texture": "#0"},
				"down": {"uv": [13.5, 8.5, 11, 8.75], "texture": "#0"}
			}
		},
		{
			"from": [13, 24, 3],
			"to": [14, 26, 13],
			"rotation": {"angle": 0, "axis": "y", "origin": [16, 0, 16]},
			"faces": {
				"north": {"uv": [2, 11.5, 2.25, 12], "texture": "#0"},
				"east": {"uv": [8.5, 9.75, 11, 10.25], "texture": "#0"},
				"south": {"uv": [2.25, 11.5, 2.5, 12], "texture": "#0"},
				"west": {"uv": [0, 10, 2.5, 10.5], "texture": "#0"},
				"up": {"uv": [11.25, 11.25, 11, 8.75], "texture": "#0"},
				"down": {"uv": [10.25, 11, 10, 13.5], "texture": "#0"}
			}
		},
		{
			"from": [2, 24, 3],
			"to": [3, 26, 13],
			"rotation": {"angle": 0, "axis": "y", "origin": [0, 0, 16]},
			"faces": {
				"north": {"uv": [2.5, 11.5, 2.75, 12], "texture": "#0"},
				"east": {"uv": [2.5, 10.25, 5, 10.75], "texture": "#0"},
				"south": {"uv": [2.75, 11.5, 3, 12], "texture": "#0"},
				"west": {"uv": [8.5, 10.25, 11, 10.75], "texture": "#0"},
				"up": {"uv": [10.5, 13.5, 10.25, 11], "texture": "#0"},
				"down": {"uv": [10.75, 11, 10.5, 13.5], "texture": "#0"}
			}
		},
		{
			"from": [3, 6.7, 13],
			"to": [13, 7.7, 14],
			"faces": {
				"north": {"uv": [0, 11.25, 2.5, 11.5], "texture": "#0"},
				"east": {"uv": [4.75, 11.5, 5, 11.75], "texture": "#0"},
				"south": {"uv": [2.5, 11.25, 5, 11.5], "texture": "#0"},
				"west": {"uv": [11.5, 10.25, 11.75, 10.5], "texture": "#0"},
				"up": {"uv": [13.75, 5.75, 11.25, 5.5], "texture": "#0"},
				"down": {"uv": [13.75, 5.75, 11.25, 6], "texture": "#0"}
			}
		},
		{
			"from": [3, 6.7, 2],
			"to": [13, 7.7, 3],
			"rotation": {"angle": 0, "axis": "y", "origin": [0, 0, 16]},
			"faces": {
				"north": {"uv": [11.25, 6, 13.75, 6.25], "texture": "#0"},
				"east": {"uv": [11.5, 10.5, 11.75, 10.75], "texture": "#0"},
				"south": {"uv": [11.25, 6.25, 13.75, 6.5], "texture": "#0"},
				"west": {"uv": [11.5, 10.75, 11.75, 11], "texture": "#0"},
				"up": {"uv": [13.75, 6.75, 11.25, 6.5], "texture": "#0"},
				"down": {"uv": [13.75, 6.75, 11.25, 7], "texture": "#0"}
			}
		},
		{
			"from": [13, 6.7, 3],
			"to": [14, 7.7, 13],
			"rotation": {"angle": 0, "axis": "y", "origin": [16, 0, 16]},
			"faces": {
				"north": {"uv": [11.5, 11, 11.75, 11.25], "texture": "#0"},
				"east": {"uv": [11.25, 7, 13.75, 7.25], "texture": "#0"},
				"south": {"uv": [11.5, 11.25, 11.75, 11.5], "texture": "#0"},
				"west": {"uv": [11.25, 7.25, 13.75, 7.5], "texture": "#0"},
				"up": {"uv": [11, 13.5, 10.75, 11], "texture": "#0"},
				"down": {"uv": [7.75, 11.25, 7.5, 13.75], "texture": "#0"}
			}
		},
		{
			"from": [2, 6.7, 3],
			"to": [3, 7.7, 13],
			"rotation": {"angle": 0, "axis": "y", "origin": [0, 0, 16]},
			"faces": {
				"north": {"uv": [11.5, 11.5, 11.75, 11.75], "texture": "#0"},
				"east": {"uv": [11.25, 7.5, 13.75, 7.75], "texture": "#0"},
				"south": {"uv": [11.75, 0, 12, 0.25], "texture": "#0"},
				"west": {"uv": [11.25, 7.75, 13.75, 8], "texture": "#0"},
				"up": {"uv": [8, 13.75, 7.75, 11.25], "texture": "#0"},
				"down": {"uv": [8.25, 11.25, 8, 13.75], "texture": "#0"}
			}
		},
		{
			"from": [4, 0, 4],
			"to": [12, 20, 12],
			"faces": {
				"north": {"uv": [0, 0, 2, 4.5], "texture": "#0"},
				"east": {"uv": [2, 0, 4, 4.5], "texture": "#0"},
				"south": {"uv": [4, 0, 6, 4.5], "texture": "#0"},
				"west": {"uv": [0, 4.5, 2, 9], "texture": "#0"},
				"up": {"uv": [4, 6.5, 2, 4.5], "texture": "#0"},
				"down": {"uv": [6, 4.5, 4, 6.5], "texture": "#0"}
			}
		},
		{
			"from": [7, 20, 7],
			"to": [9, 32, 9],
			"faces": {
				"north": {"uv": [2, 6.5, 2.5, 9.5], "texture": "#0"},
				"east": {"uv": [2.5, 6.5, 3, 9.5], "texture": "#0"},
				"south": {"uv": [3, 6.5, 3.5, 9.5], "texture": "#0"},
				"west": {"uv": [3.5, 6.5, 4, 9.5], "texture": "#0"},
				"up": {"uv": [0.5, 9.5, 0, 9], "texture": "#0"},
				"down": {"uv": [1, 9, 0.5, 9.5], "texture": "#0"}
			}
		},
		{
			"from": [5, 20, 8],
			"to": [8, 28, 11],
			"faces": {
				"north": {"uv": [6, 0, 6.75, 2], "texture": "#0"},
				"east": {"uv": [6, 2, 6.75, 4], "texture": "#0"},
				"south": {"uv": [6, 4, 6.75, 6], "texture": "#0"},
				"west": {"uv": [6, 6, 6.75, 8], "texture": "#0"},
				"up": {"uv": [3.25, 10.25, 2.5, 9.5], "texture": "#0"},
				"down": {"uv": [4, 9.5, 3.25, 10.25], "texture": "#0"}
			}
		},
		{
			"from": [6, 28, 9],
			"to": [7, 29, 10],
			"faces": {
				"north": {"uv": [11.75, 0.25, 12, 0.5], "texture": "#0"},
				"east": {"uv": [11.75, 0.5, 12, 0.75], "texture": "#0"},
				"south": {"uv": [11.75, 0.75, 12, 1], "texture": "#0"},
				"west": {"uv": [11.75, 1, 12, 1.25], "texture": "#0"},
				"up": {"uv": [12, 1.5, 11.75, 1.25], "texture": "#0"},
				"down": {"uv": [12, 1.5, 11.75, 1.75], "texture": "#0"}
			}
		},
		{
			"from": [8, 20, 7],
			"to": [11, 27, 10],
			"faces": {
				"north": {"uv": [8.5, 0, 9.25, 1.75], "texture": "#0"},
				"east": {"uv": [8.5, 1.75, 9.25, 3.5], "texture": "#0"},
				"south": {"uv": [8.5, 3.5, 9.25, 5.25], "texture": "#0"},
				"west": {"uv": [4, 8.5, 4.75, 10.25], "texture": "#0"},
				"up": {"uv": [9, 12, 8.25, 11.25], "texture": "#0"},
				"down": {"uv": [12, 8.75, 11.25, 9.5], "texture": "#0"}
			}
		},
		{
			"from": [9, 27, 8],
			"to": [10, 28, 9],
			"faces": {
				"north": {"uv": [11.75, 1.75, 12, 2], "texture": "#0"},
				"east": {"uv": [11.75, 2, 12, 2.25], "texture": "#0"},
				"south": {"uv": [11.75, 2.25, 12, 2.5], "texture": "#0"},
				"west": {"uv": [11.75, 2.5, 12, 2.75], "texture": "#0"},
				"up": {"uv": [12, 3, 11.75, 2.75], "texture": "#0"},
				"down": {"uv": [3.25, 11.75, 3, 12], "texture": "#0"}
			}
		},
		{
			"from": [6, 20, 4],
			"to": [9, 28, 7],
			"faces": {
				"north": {"uv": [4, 6.5, 4.75, 8.5], "texture": "#0"},
				"east": {"uv": [4.75, 6.5, 5.5, 8.5], "texture": "#0"},
				"south": {"uv": [6.75, 0, 7.5, 2], "texture": "#0"},
				"west": {"uv": [6.75, 2, 7.5, 4], "texture": "#0"},
				"up": {"uv": [9.75, 12, 9, 11.25], "texture": "#0"},
				"down": {"uv": [12, 9.5, 11.25, 10.25], "texture": "#0"}
			}
		},
		{
			"from": [7, 28, 5],
			"to": [8, 29, 6],
			"faces": {
				"north": {"uv": [11.75, 3, 12, 3.25], "texture": "#0"},
				"east": {"uv": [3.25, 11.75, 3.5, 12], "texture": "#0"},
				"south": {"uv": [11.75, 3.25, 12, 3.5], "texture": "#0"},
				"west": {"uv": [3.5, 11.75, 3.75, 12], "texture": "#0"},
				"up": {"uv": [12, 3.75, 11.75, 3.5], "texture": "#0"},
				"down": {"uv": [4, 11.75, 3.75, 12], "texture": "#0"}
			}
		}
	],
	"groups": [
		{
			"name": "group",
			"origin": [8, 8, 8],
			"color": 0,
			"children": [
				{
					"name": "group",
					"origin": [0, 0, 0],
					"color": 0,
					"children": [0, 1, 2, 3, 4, 5, 6, 7, 8, 9, 10, 11, 12, 13, 14, 15, 16, 17, 18, 19]
				},
				{
					"name": "group",
					"origin": [8, 8, 8],
					"color": 0,
					"children": [20, 21,
						{
							"name": "group",
							"origin": [0, 0, 0],
							"color": 0,
							"children": [22, 23]
						},
						{
							"name": "group",
							"origin": [0, 0, 0],
							"color": 0,
							"children": [24, 25]
						},
						{
							"name": "group",
							"origin": [0, 0, 0],
							"color": 0,
							"children": [26, 27]
						}
					]
				}
			]
		}
	]
}