{
	"credit": "Made with Blockbench",
	"texture_size": [32, 32],
	"textures": {
		"1": "yxz/white_planks",
		"particle": "yxz/white_wall"
	},
	"elements": [
		{
			"from": [6, 0, 6],
			"to": [10, 16, 10],
			"faces": {
				"north": {"uv": [4, 0, 8, 16], "texture": "#1"},
				"east": {"uv": [7, 0, 11, 16], "texture": "#1"},
				"south": {"uv": [12, 0, 16, 16], "texture": "#1"},
				"west": {"uv": [0, 0, 4, 16], "texture": "#1"},
				"up": {"uv": [16, 4, 12, 0], "texture": "#1"},
				"down": {"uv": [16, 0, 12, 4], "texture": "#1"}
			}
		}
	]
}