{"credit": "Made with Brickbench", "parent": "item/cards/template", "textures": {"background": "item/card/baby_magma_cube/background", "foreground": "item/card/baby_magma_cube/foreground", "description": "item/card/baby_magma_cube/description", "cost": "item/card/number/left/4", "health": "item/card/number/right/1", "attack": "item/card/number/left/1", "armor": "item/card/number/right/0", "speed": "item/card/number/left/1", "range": "item/card/number/right/1", "rarity": "item/card/front_common"}}