{"credit": "Made with Brickbench", "parent": "item/cards/template", "textures": {"background": "item/card/charged_creeper/background", "foreground": "item/card/charged_creeper/foreground", "description": "item/card/charged_creeper/description", "cost": "item/card/number/left/9", "health": "item/card/number/right/3", "attack": "item/card/number/left/0", "armor": "item/card/number/right/0", "speed": "item/card/number/left/1", "range": "item/card/number/right/1", "rarity": "item/card/front_legendary"}}