{"credit": "Made with Brickbench", "parent": "item/cards/template", "textures": {"background": "item/card/elder_guardian/background", "foreground": "item/card/elder_guardian/foreground", "description": "item/card/elder_guardian/description", "cost": "item/card/number/left/20", "health": "item/card/number/right/5", "attack": "item/card/number/left/7", "armor": "item/card/number/right/0", "speed": "item/card/number/left/1", "range": "item/card/number/right/4", "rarity": "item/card/front_legendary"}}