{
	"credit": "Made with Blockbench",
	"textures": {
		"0": "item/card/back",
		"5": "item/card/armor/0",
		"8": "item/card/attack",
		"9": "item/card/cost",
		"10": "item/card/health",
		"11": "item/card/empty",
		"12": "item/card/armor",
		"14": "item/card/range",
		"15": "item/card/speed",
		"particle": "item/card/back"
	},
	"elements": [
		{
			"name": "description",
			"from": [4.75, 0.75, 8.95],
			"to": [11.25, 3.75, 8.95],
			"rotation": {"angle": 0, "axis": "y", "origin": [7, 12.4, 17]},
			"faces": {
				"north": {"uv": [0, 0, 8.125, 3.75], "texture": "#description"},
				"east": {"uv": [0, 0, 16, 16], "texture": "#11"},
				"south": {"uv": [0, 0, 16, 16], "texture": "#11"},
				"west": {"uv": [0, 0, 16, 16], "texture": "#11"},
				"up": {"uv": [0, 0, 16, 16], "texture": "#11"},
				"down": {"uv": [0, 0, 16, 16], "texture": "#11"}
			}
		},
		{
			"name": "base",
			"from": [4, 0, 9],
			"to": [12, 12, 9.1],
			"rotation": {"angle": 0, "axis": "x", "origin": [10, 8, 17]},
			"faces": {
				"north": {"uv": [0, 0, 8, 12], "texture": "#rarity"},
				"east": {"uv": [0, 0, 8, 0.25], "rotation": 270, "texture": "#0"},
				"south": {"uv": [0, 0, 8, 12], "texture": "#0"},
				"west": {"uv": [0, 0, 8, 0.25], "rotation": 270, "texture": "#0"},
				"up": {"uv": [0, 0, 8, 0.25], "rotation": 270, "texture": "#0"},
				"down": {"uv": [0, 0, 8, 0.25], "rotation": 270, "texture": "#0"}
			}
		},
		{
			"name": "cost",
			"from": [10, 6.75, 8.95],
			"to": [11.25, 8.25, 8.95],
			"rotation": {"angle": 0, "axis": "y", "origin": [7, 12.4, 17]},
			"faces": {
				"north": {"uv": [0, 0, 10, 12], "texture": "#9"},
				"east": {"uv": [0, 0, 16, 16], "texture": "#11"},
				"south": {"uv": [0, 0, 16, 16], "texture": "#11"},
				"west": {"uv": [0, 0, 16, 16], "texture": "#11"},
				"up": {"uv": [0, 0, 16, 16], "texture": "#11"},
				"down": {"uv": [0, 0, 16, 16], "texture": "#11"}
			}
		},
		{
			"name": "cost_number",
			"from": [8.25, 6.75, 8.95],
			"to": [10, 8.25, 8.95],
			"rotation": {"angle": 0, "axis": "y", "origin": [7, 12.4, 17]},
			"faces": {
				"north": {"uv": [0, 0, 14, 12], "texture": "#cost"},
				"east": {"uv": [0, 0, 16, 16], "texture": "#11"},
				"south": {"uv": [0, 0, 16, 16], "texture": "#11"},
				"west": {"uv": [0, 0, 16, 16], "texture": "#11"},
				"up": {"uv": [0, 0, 16, 16], "texture": "#11"},
				"down": {"uv": [0, 0, 16, 16], "texture": "#11"}
			}
		},
		{
			"name": "health",
			"from": [4.75, 6.75, 8.95],
			"to": [6, 8.25, 8.95],
			"rotation": {"angle": 0, "axis": "y", "origin": [7, 12.4, 17]},
			"faces": {
				"north": {"uv": [0, 0, 10, 12], "texture": "#10"},
				"east": {"uv": [0, 0, 16, 16], "texture": "#11"},
				"south": {"uv": [0, 0, 16, 16], "texture": "#11"},
				"west": {"uv": [0, 0, 16, 16], "texture": "#11"},
				"up": {"uv": [0, 0, 16, 16], "texture": "#11"},
				"down": {"uv": [0, 0, 16, 16], "texture": "#11"}
			}
		},
		{
			"name": "health_number",
			"from": [6, 6.75, 8.95],
			"to": [7.75, 8.25, 8.95],
			"rotation": {"angle": 0, "axis": "y", "origin": [7, 12.4, 17]},
			"faces": {
				"north": {"uv": [0, 0, 14, 12], "texture": "#health"},
				"east": {"uv": [0, 0, 16, 16], "texture": "#11"},
				"south": {"uv": [0, 0, 16, 16], "texture": "#11"},
				"west": {"uv": [0, 0, 16, 16], "texture": "#11"},
				"up": {"uv": [0, 0, 16, 16], "texture": "#11"},
				"down": {"uv": [0, 0, 16, 16], "texture": "#11"}
			}
		},
		{
			"name": "armor",
			"from": [4.75, 5.25, 8.95],
			"to": [6, 6.75, 8.95],
			"rotation": {"angle": 0, "axis": "y", "origin": [7, 12.4, 17]},
			"faces": {
				"north": {"uv": [0, 0, 10, 12], "texture": "#12"},
				"east": {"uv": [0, 0, 16, 16], "texture": "#11"},
				"south": {"uv": [0, 0, 16, 16], "texture": "#11"},
				"west": {"uv": [0, 0, 16, 16], "texture": "#11"},
				"up": {"uv": [0, 0, 16, 16], "texture": "#11"},
				"down": {"uv": [0, 0, 16, 16], "texture": "#11"}
			}
		},
		{
			"name": "armor_number",
			"from": [6, 5.25, 8.95],
			"to": [7.75, 6.75, 8.95],
			"rotation": {"angle": 0, "axis": "y", "origin": [7, 12.4, 17]},
			"faces": {
				"north": {"uv": [0, 0, 14, 12], "texture": "#armor"},
				"east": {"uv": [0, 0, 16, 16], "texture": "#11"},
				"south": {"uv": [0, 0, 16, 16], "texture": "#11"},
				"west": {"uv": [0, 0, 16, 16], "texture": "#11"},
				"up": {"uv": [0, 0, 16, 16], "texture": "#11"},
				"down": {"uv": [0, 0, 16, 16], "texture": "#11"}
			}
		},
		{
			"name": "range",
			"from": [4.75, 3.75, 8.95],
			"to": [6, 5.25, 8.95],
			"rotation": {"angle": 0, "axis": "y", "origin": [7, 12.4, 17]},
			"faces": {
				"north": {"uv": [0, 0, 10, 12], "texture": "#14"},
				"east": {"uv": [0, 0, 16, 16], "texture": "#11"},
				"south": {"uv": [0, 0, 16, 16], "texture": "#11"},
				"west": {"uv": [0, 0, 16, 16], "texture": "#11"},
				"up": {"uv": [0, 0, 16, 16], "texture": "#11"},
				"down": {"uv": [0, 0, 16, 16], "texture": "#11"}
			}
		},
		{
			"name": "range_number",
			"from": [6, 3.75, 8.95],
			"to": [7.75, 5.25, 8.95],
			"rotation": {"angle": 0, "axis": "y", "origin": [7, 12.4, 17]},
			"faces": {
				"north": {"uv": [0, 0, 14, 12], "texture": "#range"},
				"east": {"uv": [0, 0, 16, 16], "texture": "#11"},
				"south": {"uv": [0, 0, 16, 16], "texture": "#11"},
				"west": {"uv": [0, 0, 16, 16], "texture": "#11"},
				"up": {"uv": [0, 0, 16, 16], "texture": "#11"},
				"down": {"uv": [0, 0, 16, 16], "texture": "#11"}
			}
		},
		{
			"name": "attack",
			"from": [10, 5.25, 8.95],
			"to": [11.25, 6.75, 8.95],
			"rotation": {"angle": 0, "axis": "y", "origin": [7, 12.4, 17]},
			"faces": {
				"north": {"uv": [0, 0, 10, 12], "texture": "#8"},
				"east": {"uv": [0, 0, 16, 16], "texture": "#11"},
				"south": {"uv": [0, 0, 16, 16], "texture": "#11"},
				"west": {"uv": [0, 0, 16, 16], "texture": "#11"},
				"up": {"uv": [0, 0, 16, 16], "texture": "#11"},
				"down": {"uv": [0, 0, 16, 16], "texture": "#11"}
			}
		},
		{
			"name": "attack_number",
			"from": [8.25, 5.25, 8.95],
			"to": [10, 6.75, 8.95],
			"rotation": {"angle": 0, "axis": "y", "origin": [7, 12.4, 17]},
			"faces": {
				"north": {"uv": [0, 0, 14, 12], "texture": "#attack"},
				"east": {"uv": [0, 0, 16, 16], "texture": "#11"},
				"south": {"uv": [0, 0, 16, 16], "texture": "#11"},
				"west": {"uv": [0, 0, 16, 16], "texture": "#11"},
				"up": {"uv": [0, 0, 16, 16], "texture": "#11"},
				"down": {"uv": [0, 0, 16, 16], "texture": "#11"}
			}
		},
		{
			"name": "speed",
			"from": [10, 3.75, 8.95],
			"to": [11.25, 5.25, 8.95],
			"rotation": {"angle": 0, "axis": "y", "origin": [7, 12.4, 17]},
			"faces": {
				"north": {"uv": [0, 0, 10, 12], "texture": "#15"},
				"east": {"uv": [0, 0, 16, 16], "texture": "#11"},
				"south": {"uv": [0, 0, 16, 16], "texture": "#11"},
				"west": {"uv": [0, 0, 16, 16], "texture": "#11"},
				"up": {"uv": [0, 0, 16, 16], "texture": "#11"},
				"down": {"uv": [0, 0, 16, 16], "texture": "#11"}
			}
		},
		{
			"name": "speed_number",
			"from": [8.25, 3.75, 8.95],
			"to": [10, 5.25, 8.95],
			"rotation": {"angle": 0, "axis": "y", "origin": [7, 12.4, 17]},
			"faces": {
				"north": {"uv": [0, 0, 14, 12], "texture": "#speed"},
				"east": {"uv": [0, 0, 16, 16], "texture": "#11"},
				"south": {"uv": [0, 0, 16, 16], "texture": "#11"},
				"west": {"uv": [0, 0, 16, 16], "texture": "#11"},
				"up": {"uv": [0, 0, 16, 16], "texture": "#11"},
				"down": {"uv": [0, 0, 16, 16], "texture": "#11"}
			}
		},
		{
			"name": "image",
			"from": [4.75, 8.25, 8.95],
			"to": [11.25, 11.25, 8.95],
			"rotation": {"angle": 0, "axis": "y", "origin": [7, 14.4, 17]},
			"faces": {
				"north": {"uv": [0, 0, 9.75, 4.5], "texture": "#foreground"},
				"east": {"uv": [0, 0, 16, 16], "texture": "#5"},
				"south": {"uv": [0, 0, 16, 16], "texture": "#5"},
				"west": {"uv": [0, 0, 16, 16], "texture": "#5"},
				"up": {"uv": [0, 0, 16, 16], "texture": "#5"},
				"down": {"uv": [0, 0, 16, 16], "texture": "#5"}
			}
		}
	],
	"display": {
		"thirdperson_righthand": {
			"rotation": [0, -180, 0],
			"translation": [0, 3.75, 1],
			"scale": [0.51, 0.51, 0.51]
		},
		"thirdperson_lefthand": {
			"rotation": [0, -180, 0],
			"translation": [0, 3.75, 1],
			"scale": [0.51, 0.51, 0.51]
		},
		"firstperson_righthand": {
			"rotation": [0, -180, 0],
			"translation": [-1.5, 10, 0]
		},
		"firstperson_lefthand": {
			"rotation": [0, -180, 0],
			"translation": [-1.5, 10, 0]
		},
		"gui": {
			"rotation": [0, -180, 0],
			"translation": [0, 3, 0],
			"scale": [1.5, 1.5, 1.5]
		},
		"fixed": {
			"translation": [0, 0, -1.5]
		}
	},
	"groups": [
		{
			"name": "card",
			"origin": [3.5, 12.4, 9],
			"children": [0, 1,
				{
					"name": "cost",
					"origin": [7, 12.4, 17],
					"children": [2, 3]
				},
				{
					"name": "health",
					"origin": [7, 12.4, 17],
					"children": [4, 5]
				},
				{
					"name": "armor",
					"origin": [7, 12.4, 17],
					"children": [6, 7]
				},
				{
					"name": "range",
					"origin": [7, 12.4, 17],
					"children": [8, 9]
				},
				{
					"name": "attack",
					"origin": [7, 12.4, 17],
					"children": [10, 11]
				},
				{
					"name": "speed",
					"origin": [7, 12.4, 17],
					"children": [12, 13]
				}, 14]
		}
	]
}