{"credit": "Made with Brickbench", "parent": "item/cards/template", "textures": {"background": "item/card/wandering_trader/background", "foreground": "item/card/wandering_trader/foreground", "description": "item/card/wandering_trader/description", "cost": "item/card/number/left/9", "health": "item/card/number/right/4", "attack": "item/card/number/left/1", "armor": "item/card/number/right/0", "speed": "item/card/number/left/1", "range": "item/card/number/right/1", "rarity": "item/card/front_rare"}}