{"credit": "Made with Brickbench", "parent": "item/cards/template", "textures": {"background": "item/card/zombified_piglin/background", "foreground": "item/card/zombified_piglin/foreground", "description": "item/card/zombified_piglin/description", "cost": "item/card/number/left/4", "health": "item/card/number/right/4", "attack": "item/card/number/left/2", "armor": "item/card/number/right/1", "speed": "item/card/number/left/2", "range": "item/card/number/right/1", "rarity": "item/card/front_common"}}