{
	"credit": "Made with Blockbench",
	"texture_size": [32, 32],
	"textures": {
		"0": "gun/smzy/smzy_wlkj",
		"particle": "gun/smzy/smzy_wlkj"
	},
	"elements": [
		{
			"from": [7.3, 4.85, 10.15],
			"to": [7.8, 4.95, 11.55],
			"faces": {
				"north": {"uv": [10.5, 1, 10.75, 1.0625], "texture": "#0"},
				"east": {"uv": [1, 9.5, 1.6875, 9.5625], "texture": "#0"},
				"south": {"uv": [1.5, 10.5, 1.75, 10.5625], "texture": "#0"},
				"west": {"uv": [2, 9.5, 2.6875, 9.5625], "texture": "#0"},
				"up": {"uv": [7.75, 7.1875, 7.5, 6.5], "texture": "#0"},
				"down": {"uv": [7.25, 7.5, 7, 8.1875], "texture": "#0"}
			}
		},
		{
			"from": [7.3, 4.95, 10.15],
			"to": [7.8, 5.8, 10.25],
			"faces": {
				"north": {"uv": [0, 8.5, 0.25, 8.9375], "texture": "#0"},
				"east": {"uv": [4, 10, 4.0625, 10.4375], "texture": "#0"},
				"south": {"uv": [0.5, 8.5, 0.75, 8.9375], "texture": "#0"},
				"west": {"uv": [10, 4, 10.0625, 4.4375], "texture": "#0"},
				"up": {"uv": [10.75, 1.5625, 10.5, 1.5], "texture": "#0"},
				"down": {"uv": [2.25, 10.5, 2, 10.5625], "texture": "#0"}
			}
		},
		{
			"from": [7.3, 13.36231, 10.95804],
			"to": [7.8, 13.71231, 11.35804],
			"rotation": {"angle": 45, "axis": "x", "origin": [0, 8.61231, 0.90804]},
			"faces": {
				"north": {"uv": [1.5, 9, 1.75, 9.1875], "texture": "#0"},
				"east": {"uv": [3.5, 9.5, 3.6875, 9.6875], "texture": "#0"},
				"south": {"uv": [2, 9, 2.25, 9.1875], "texture": "#0"},
				"west": {"uv": [9.5, 3.5, 9.6875, 3.6875], "texture": "#0"},
				"up": {"uv": [2.75, 9.1875, 2.5, 9], "texture": "#0"},
				"down": {"uv": [3.25, 9, 3, 9.1875], "texture": "#0"}
			}
		},
		{
			"from": [7.3, 12.96231, 9.25804],
			"to": [7.8, 13.31231, 9.65804],
			"rotation": {"angle": 45, "axis": "x", "origin": [0, 8.61231, 0.90804]},
			"faces": {
				"north": {"uv": [9, 3, 9.25, 3.1875], "texture": "#0"},
				"east": {"uv": [4, 9.5, 4.1875, 9.6875], "texture": "#0"},
				"south": {"uv": [3.5, 9, 3.75, 9.1875], "texture": "#0"},
				"west": {"uv": [9.5, 4, 9.6875, 4.1875], "texture": "#0"},
				"up": {"uv": [4.25, 9.1875, 4, 9], "texture": "#0"},
				"down": {"uv": [4.75, 9, 4.5, 9.1875], "texture": "#0"}
			}
		},
		{
			"from": [7.3, 13.96231, 10.25804],
			"to": [7.8, 14.31231, 10.65804],
			"rotation": {"angle": 45, "axis": "x", "origin": [0, 8.61231, 0.90804]},
			"faces": {
				"north": {"uv": [9, 4.5, 9.25, 4.6875], "texture": "#0"},
				"east": {"uv": [4.5, 9.5, 4.6875, 9.6875], "texture": "#0"},
				"south": {"uv": [5, 9, 5.25, 9.1875], "texture": "#0"},
				"west": {"uv": [9.5, 4.5, 9.6875, 4.6875], "texture": "#0"},
				"up": {"uv": [9.25, 5.1875, 9, 5], "texture": "#0"},
				"down": {"uv": [5.75, 9, 5.5, 9.1875], "texture": "#0"}
			}
		},
		{
			"from": [7.3, 12.51838, 10.0369],
			"to": [7.8, 12.66838, 10.2369],
			"rotation": {"angle": 45, "axis": "x", "origin": [0, 8.66838, 0.8869]},
			"faces": {
				"north": {"uv": [10.5, 2, 10.75, 2.0625], "texture": "#0"},
				"east": {"uv": [0.5, 11, 0.625, 11.0625], "texture": "#0"},
				"south": {"uv": [2.5, 10.5, 2.75, 10.5625], "texture": "#0"},
				"west": {"uv": [11, 0.5, 11.125, 0.5625], "texture": "#0"},
				"up": {"uv": [5.25, 9.625, 5, 9.5], "texture": "#0"},
				"down": {"uv": [9.75, 5, 9.5, 5.125], "texture": "#0"}
			}
		},
		{
			"from": [7.1, 5.75, 5.95],
			"to": [7.9, 6.5, 8.45],
			"faces": {
				"north": {"uv": [8, 2, 8.375, 2.375], "texture": "#0"},
				"east": {"uv": [3.5, 2, 4.75, 2.375], "texture": "#0"},
				"south": {"uv": [8, 3, 8.375, 3.375], "texture": "#0"},
				"west": {"uv": [3.5, 3, 4.75, 3.375], "texture": "#0"},
				"up": {"uv": [3.875, 4.75, 3.5, 3.5], "texture": "#0"},
				"down": {"uv": [4.375, 3.5, 4, 4.75], "texture": "#0"}
			}
		},
		{
			"from": [7.1, 3.87246, 8.61096],
			"to": [7.9, 4.62246, 9.01096],
			"rotation": {"angle": -22.5, "axis": "x", "origin": [0, -1.87754, 2.56096]},
			"faces": {
				"north": {"uv": [3.5, 8, 3.875, 8.375], "texture": "#0"},
				"east": {"uv": [8.5, 4.5, 8.6875, 4.875], "texture": "#0"},
				"south": {"uv": [8, 3.5, 8.375, 3.875], "texture": "#0"},
				"west": {"uv": [8.5, 5, 8.6875, 5.375], "texture": "#0"},
				"up": {"uv": [5.875, 8.6875, 5.5, 8.5], "texture": "#0"},
				"down": {"uv": [8.875, 5.5, 8.5, 5.6875], "texture": "#0"}
			}
		},
		{
			"from": [7.1, 5, 11.55],
			"to": [7.9, 5.9, 13.3],
			"faces": {
				"north": {"uv": [7.5, 7.5, 7.875, 7.9375], "texture": "#0"},
				"east": {"uv": [5.5, 1, 6.375, 1.4375], "texture": "#0"},
				"south": {"uv": [0, 8, 0.375, 8.4375], "texture": "#0"},
				"west": {"uv": [5.5, 1.5, 6.375, 1.9375], "texture": "#0"},
				"up": {"uv": [0.875, 7.375, 0.5, 6.5], "texture": "#0"},
				"down": {"uv": [1.375, 6.5, 1, 7.375], "texture": "#0"}
			}
		},
		{
			"from": [7.1, 4.2, 11.65],
			"to": [7.9, 5, 13.4],
			"faces": {
				"north": {"uv": [4, 8, 4.375, 8.375], "texture": "#0"},
				"east": {"uv": [3, 6.5, 3.875, 6.875], "texture": "#0"},
				"south": {"uv": [8, 4, 8.375, 4.375], "texture": "#0"},
				"west": {"uv": [6.5, 3, 7.375, 3.375], "texture": "#0"},
				"up": {"uv": [6.875, 4.375, 6.5, 3.5], "texture": "#0"},
				"down": {"uv": [5.875, 6.5, 5.5, 7.375], "texture": "#0"}
			}
		},
		{
			"from": [7.1, 2.9, 11.8],
			"to": [7.9, 4.2, 13.5],
			"faces": {
				"north": {"uv": [7, 6.5, 7.375, 7.125], "texture": "#0"},
				"east": {"uv": [0, 3.5, 0.875, 4.125], "texture": "#0"},
				"south": {"uv": [7.5, 0, 7.875, 0.625], "texture": "#0"},
				"west": {"uv": [3.5, 1, 4.375, 1.625], "texture": "#0"},
				"up": {"uv": [6.375, 7.375, 6, 6.5], "texture": "#0"},
				"down": {"uv": [6.875, 6.5, 6.5, 7.375], "texture": "#0"}
			}
		},
		{
			"from": [7.2, -3, 12],
			"to": [7.8, -0.1, 13.3],
			"faces": {
				"north": {"uv": [3, 5, 3.3125, 6.4375], "texture": "#0"},
				"east": {"uv": [1, 1, 1.625, 2.4375], "texture": "#0"},
				"south": {"uv": [3.5, 5, 3.8125, 6.4375], "texture": "#0"},
				"west": {"uv": [2, 1, 2.625, 2.4375], "texture": "#0"},
				"up": {"uv": [5.8125, 8.125, 5.5, 7.5], "texture": "#0"},
				"down": {"uv": [6.3125, 7.5, 6, 8.125], "texture": "#0"}
			}
		},
		{
			"from": [7.1, 1.9, 11.8],
			"to": [7.9, 2.9, 13.6],
			"faces": {
				"north": {"uv": [7, 4, 7.375, 4.5], "texture": "#0"},
				"east": {"uv": [4, 2.5, 4.875, 3], "texture": "#0"},
				"south": {"uv": [7, 5.5, 7.375, 6], "texture": "#0"},
				"west": {"uv": [5, 4, 5.875, 4.5], "texture": "#0"},
				"up": {"uv": [7.375, 0.875, 7, 0], "texture": "#0"},
				"down": {"uv": [1.875, 7, 1.5, 7.875], "texture": "#0"}
			}
		},
		{
			"from": [7.1, 1.9, 11.6],
			"to": [7.9, 2, 11.8],
			"rotation": {"angle": 0, "axis": "y", "origin": [0, 0, -0.2]},
			"faces": {
				"north": {"uv": [4.5, 10, 4.875, 10.0625], "texture": "#0"},
				"east": {"uv": [1, 11, 1.125, 11.0625], "texture": "#0"},
				"south": {"uv": [10, 4.5, 10.375, 4.5625], "texture": "#0"},
				"west": {"uv": [11, 1, 11.125, 1.0625], "texture": "#0"},
				"up": {"uv": [9.375, 5.625, 9, 5.5], "texture": "#0"},
				"down": {"uv": [6.375, 9, 6, 9.125], "texture": "#0"}
			}
		},
		{
			"from": [7.1, -2.47145, 13.62323],
			"to": [7.9, -2.37145, 13.92323],
			"rotation": {"angle": -22.5, "axis": "x", "origin": [0, -5.27145, 1.62323]},
			"faces": {
				"north": {"uv": [5, 10, 5.375, 10.0625], "texture": "#0"},
				"east": {"uv": [1.5, 11, 1.625, 11.0625], "texture": "#0"},
				"south": {"uv": [10, 5, 10.375, 5.0625], "texture": "#0"},
				"west": {"uv": [11, 1.5, 11.125, 1.5625], "texture": "#0"},
				"up": {"uv": [9.375, 6.125, 9, 6], "texture": "#0"},
				"down": {"uv": [6.875, 9, 6.5, 9.125], "texture": "#0"}
			}
		},
		{
			"from": [7.1, -5.75, 13],
			"to": [7.9, -4.6, 14.1],
			"rotation": {"angle": -45, "axis": "x", "origin": [0, 0, 0]},
			"faces": {
				"north": {"uv": [0.5, 7.5, 0.875, 8.0625], "texture": "#0"},
				"east": {"uv": [2, 7, 2.5625, 7.5625], "texture": "#0"},
				"south": {"uv": [1, 7.5, 1.375, 8.0625], "texture": "#0"},
				"west": {"uv": [3, 7, 3.5625, 7.5625], "texture": "#0"},
				"up": {"uv": [7.875, 3.5625, 7.5, 3], "texture": "#0"},
				"down": {"uv": [7.875, 4, 7.5, 4.5625], "texture": "#0"}
			}
		},
		{
			"from": [7.5, 2.38571, 6.67652],
			"to": [7.5, 3.18571, 6.82652],
			"rotation": {"angle": 22.5, "axis": "x", "origin": [0, -6.76429, 15.87652]},
			"faces": {
				"north": {"uv": [0, 0, 0, 0.375], "texture": "#0"},
				"east": {"uv": [5.5, 10, 5.5625, 10.375], "texture": "#0"},
				"south": {"uv": [0, 0, 0, 0.375], "texture": "#0"},
				"west": {"uv": [10, 5.5, 10.0625, 5.875], "texture": "#0"},
				"up": {"uv": [0, 0.0625, 0, 0], "texture": "#0"},
				"down": {"uv": [0, 0, 0, 0.0625], "texture": "#0"}
			}
		},
		{
			"from": [7, 5.75, 6.95],
			"to": [8, 6.5, 13.85],
			"faces": {
				"north": {"uv": [7.5, 6, 8, 6.375], "texture": "#0"},
				"east": {"uv": [1, 0, 4.4375, 0.375], "texture": "#0"},
				"south": {"uv": [6.5, 7.5, 7, 7.875], "texture": "#0"},
				"west": {"uv": [1, 0.5, 4.4375, 0.875], "texture": "#0"},
				"up": {"uv": [0.5, 3.4375, 0, 0], "texture": "#0"},
				"down": {"uv": [1, 0, 0.5, 3.4375], "texture": "#0"}
			}
		},
		{
			"from": [7.1, 5.75, 14.15],
			"to": [7.9, 5.85, 14.8],
			"faces": {
				"north": {"uv": [6, 10, 6.375, 10.0625], "texture": "#0"},
				"east": {"uv": [10, 10, 10.3125, 10.0625], "texture": "#0"},
				"south": {"uv": [10, 6, 10.375, 6.0625], "texture": "#0"},
				"west": {"uv": [0, 10.5, 0.3125, 10.5625], "texture": "#0"},
				"up": {"uv": [8.375, 5.3125, 8, 5], "texture": "#0"},
				"down": {"uv": [8.375, 5.5, 8, 5.8125], "texture": "#0"}
			}
		},
		{
			"from": [7, 5.75, 13.85],
			"to": [8, 5.95, 14.2],
			"faces": {
				"north": {"uv": [6, 8.5, 6.5, 8.625], "texture": "#0"},
				"east": {"uv": [6.5, 10, 6.6875, 10.125], "texture": "#0"},
				"south": {"uv": [8.5, 6, 9, 6.125], "texture": "#0"},
				"west": {"uv": [10, 6.5, 10.1875, 6.625], "texture": "#0"},
				"up": {"uv": [1.5, 8.6875, 1, 8.5], "texture": "#0"},
				"down": {"uv": [9, 3, 8.5, 3.1875], "texture": "#0"}
			}
		},
		{
			"from": [7, 1.91038, 8.39284],
			"to": [8, 3.51038, 8.89284],
			"rotation": {"angle": -22.5, "axis": "x", "origin": [0, 16.96038, 1.14284]},
			"faces": {
				"north": {"uv": [4, 5, 4.5, 5.8125], "texture": "#0"},
				"east": {"uv": [4.5, 7.5, 4.75, 8.3125], "texture": "#0"},
				"south": {"uv": [5, 4.5, 5.5, 5.3125], "texture": "#0"},
				"west": {"uv": [7.5, 5, 7.75, 5.8125], "texture": "#0"},
				"up": {"uv": [8.5, 4.75, 8, 4.5], "texture": "#0"},
				"down": {"uv": [5.5, 8, 5, 8.25], "texture": "#0"}
			}
		},
		{
			"from": [7, 1.71038, 8.69284],
			"to": [8, 1.91038, 8.89284],
			"rotation": {"angle": -22.5, "axis": "x", "origin": [0, 16.96038, 1.14284]},
			"faces": {
				"north": {"uv": [6.5, 8.5, 7, 8.625], "texture": "#0"},
				"east": {"uv": [10.5, 2.5, 10.625, 2.625], "texture": "#0"},
				"south": {"uv": [7, 8.5, 7.5, 8.625], "texture": "#0"},
				"west": {"uv": [3, 10.5, 3.125, 10.625], "texture": "#0"},
				"up": {"uv": [8, 8.625, 7.5, 8.5], "texture": "#0"},
				"down": {"uv": [8.5, 8.5, 8, 8.625], "texture": "#0"}
			}
		},
		{
			"from": [7.4, 6.2072, 13.98618],
			"to": [7.6, 6.5072, 14.48618],
			"rotation": {"angle": 0, "axis": "x", "origin": [0, 20.7572, 7.23618]},
			"faces": {
				"north": {"uv": [10.5, 3, 10.625, 3.125], "texture": "#0"},
				"east": {"uv": [5.5, 9.5, 5.75, 9.625], "texture": "#0"},
				"south": {"uv": [3.5, 10.5, 3.625, 10.625], "texture": "#0"},
				"west": {"uv": [9.5, 5.5, 9.75, 5.625], "texture": "#0"},
				"up": {"uv": [6.125, 9.75, 6, 9.5], "texture": "#0"},
				"down": {"uv": [9.625, 6, 9.5, 6.25], "texture": "#0"}
			}
		},
		{
			"from": [7.4, 2.51653, 8.93195],
			"to": [7.6, 3.01653, 9.43195],
			"rotation": {"angle": -22.5, "axis": "x", "origin": [0, 17.06653, 2.18195]},
			"faces": {
				"north": {"uv": [6.5, 9.5, 6.625, 9.75], "texture": "#0"},
				"east": {"uv": [8.5, 8.5, 8.75, 8.75], "texture": "#0"},
				"south": {"uv": [7, 9.5, 7.125, 9.75], "texture": "#0"},
				"west": {"uv": [0, 9, 0.25, 9.25], "texture": "#0"},
				"up": {"uv": [7.625, 9.75, 7.5, 9.5], "texture": "#0"},
				"down": {"uv": [8.125, 9.5, 8, 9.75], "texture": "#0"}
			}
		},
		{
			"from": [7.1, 12.83786, 10.80928],
			"to": [7.4, 13.33786, 11.00928],
			"rotation": {"angle": 22.5, "axis": "x", "origin": [-0.2, 5.18786, -2.04072]},
			"faces": {
				"north": {"uv": [9.5, 8, 9.625, 8.25], "texture": "#0"},
				"east": {"uv": [8.5, 9.5, 8.625, 9.75], "texture": "#0"},
				"south": {"uv": [9.5, 8.5, 9.625, 8.75], "texture": "#0"},
				"west": {"uv": [9, 9.5, 9.125, 9.75], "texture": "#0"},
				"up": {"uv": [10.625, 3.625, 10.5, 3.5], "texture": "#0"},
				"down": {"uv": [4.125, 10.5, 4, 10.625], "texture": "#0"}
			}
		},
		{
			"from": [7.1, 7.4, 12.95],
			"to": [7.4, 7.8, 13.15],
			"rotation": {"angle": 0, "axis": "y", "origin": [-0.2, -0.35, 0.1]},
			"faces": {
				"north": {"uv": [7, 10, 7.125, 10.1875], "texture": "#0"},
				"east": {"uv": [10, 7, 10.125, 7.1875], "texture": "#0"},
				"south": {"uv": [7.5, 10, 7.625, 10.1875], "texture": "#0"},
				"west": {"uv": [10, 7.5, 10.125, 7.6875], "texture": "#0"},
				"up": {"uv": [10.625, 4.125, 10.5, 4], "texture": "#0"},
				"down": {"uv": [4.625, 10.5, 4.5, 10.625], "texture": "#0"}
			}
		},
		{
			"from": [7, 6.5, 10.75],
			"to": [8, 7.5, 13.45],
			"rotation": {"angle": 0, "axis": "y", "origin": [0, -0.25, 0]},
			"faces": {
				"north": {"uv": [4.5, 1.5, 5, 2], "texture": "#0"},
				"east": {"uv": [1, 2.5, 2.375, 3], "texture": "#0"},
				"south": {"uv": [7, 3.5, 7.5, 4], "texture": "#0"},
				"west": {"uv": [2.5, 2.5, 3.875, 3], "texture": "#0"},
				"up": {"uv": [1.5, 4.375, 1, 3], "texture": "#0"},
				"down": {"uv": [3.5, 1, 3, 2.375], "texture": "#0"}
			}
		},
		{
			"from": [7.4, 12.73786, 10.80928],
			"to": [7.6, 13.23786, 11.00928],
			"rotation": {"angle": 22.5, "axis": "x", "origin": [0, 5.08786, -2.04072]},
			"faces": {
				"north": {"uv": [9.5, 9, 9.625, 9.25], "texture": "#0"},
				"east": {"uv": [9.5, 9.5, 9.625, 9.75], "texture": "#0"},
				"south": {"uv": [0, 10, 0.125, 10.25], "texture": "#0"},
				"west": {"uv": [0.5, 10, 0.625, 10.25], "texture": "#0"},
				"up": {"uv": [10.625, 4.625, 10.5, 4.5], "texture": "#0"},
				"down": {"uv": [5.125, 10.5, 5, 10.625], "texture": "#0"}
			}
		},
		{
			"from": [7.6, 12.83786, 10.80928],
			"to": [7.9, 13.33786, 11.00928],
			"rotation": {"angle": 22.5, "axis": "x", "origin": [15.2, 5.18786, -2.04072]},
			"faces": {
				"north": {"uv": [1, 10, 1.125, 10.25], "texture": "#0"},
				"east": {"uv": [1.5, 10, 1.625, 10.25], "texture": "#0"},
				"south": {"uv": [2, 10, 2.125, 10.25], "texture": "#0"},
				"west": {"uv": [2.5, 10, 2.625, 10.25], "texture": "#0"},
				"up": {"uv": [10.625, 5.125, 10.5, 5], "texture": "#0"},
				"down": {"uv": [5.625, 10.5, 5.5, 10.625], "texture": "#0"}
			}
		},
		{
			"from": [7, 10, 7.15],
			"to": [8, 10.6, 7.45],
			"rotation": {"angle": 22.5, "axis": "x", "origin": [0, -0.25, 0]},
			"faces": {
				"north": {"uv": [8, 0, 8.5, 0.3125], "texture": "#0"},
				"east": {"uv": [3, 9.5, 3.125, 9.8125], "texture": "#0"},
				"south": {"uv": [8, 0.5, 8.5, 0.8125], "texture": "#0"},
				"west": {"uv": [9.5, 3, 9.625, 3.3125], "texture": "#0"},
				"up": {"uv": [1, 9.125, 0.5, 9], "texture": "#0"},
				"down": {"uv": [1.5, 9, 1, 9.125], "texture": "#0"}
			}
		},
		{
			"from": [7.4, 7.3, 12.95],
			"to": [7.6, 7.7, 13.15],
			"rotation": {"angle": 0, "axis": "y", "origin": [0, -0.45, 0.1]},
			"faces": {
				"north": {"uv": [8, 10, 8.125, 10.1875], "texture": "#0"},
				"east": {"uv": [10, 8, 10.125, 8.1875], "texture": "#0"},
				"south": {"uv": [8.5, 10, 8.625, 10.1875], "texture": "#0"},
				"west": {"uv": [10, 8.5, 10.125, 8.6875], "texture": "#0"},
				"up": {"uv": [10.625, 5.625, 10.5, 5.5], "texture": "#0"},
				"down": {"uv": [6.125, 10.5, 6, 10.625], "texture": "#0"}
			}
		},
		{
			"from": [7.6, 7.4, 12.95],
			"to": [7.9, 7.8, 13.15],
			"rotation": {"angle": 0, "axis": "y", "origin": [15.2, -0.35, 0.1]},
			"faces": {
				"north": {"uv": [9, 10, 9.125, 10.1875], "texture": "#0"},
				"east": {"uv": [10, 9, 10.125, 9.1875], "texture": "#0"},
				"south": {"uv": [9.5, 10, 9.625, 10.1875], "texture": "#0"},
				"west": {"uv": [10, 9.5, 10.125, 9.6875], "texture": "#0"},
				"up": {"uv": [10.625, 6.125, 10.5, 6], "texture": "#0"},
				"down": {"uv": [6.625, 10.5, 6.5, 10.625], "texture": "#0"}
			}
		},
		{
			"from": [7.1, 6.8, 9.45],
			"to": [7.9, 7.4, 11.95],
			"rotation": {"angle": 0, "axis": "y", "origin": [0, -0.25, 0]},
			"faces": {
				"north": {"uv": [8, 6, 8.375, 6.3125], "texture": "#0"},
				"east": {"uv": [5.5, 0, 6.75, 0.3125], "texture": "#0"},
				"south": {"uv": [6.5, 8, 6.875, 8.3125], "texture": "#0"},
				"west": {"uv": [5.5, 0.5, 6.75, 0.8125], "texture": "#0"},
				"up": {"uv": [0.375, 5.75, 0, 4.5], "texture": "#0"},
				"down": {"uv": [4.875, 0, 4.5, 1.25], "texture": "#0"}
			}
		},
		{
			"from": [7.2, 7.2, 5.65],
			"to": [7.8, 7.3, 9.45],
			"rotation": {"angle": 0, "axis": "y", "origin": [0, -0.25, 0]},
			"faces": {
				"north": {"uv": [10.5, 0, 10.8125, 0.0625], "texture": "#0"},
				"east": {"uv": [8, 6.5, 9.875, 6.5625], "texture": "#0"},
				"south": {"uv": [0.5, 10.5, 0.8125, 10.5625], "texture": "#0"},
				"west": {"uv": [8, 7, 9.875, 7.0625], "texture": "#0"},
				"up": {"uv": [1.8125, 4.875, 1.5, 3], "texture": "#0"},
				"down": {"uv": [2.3125, 3, 2, 4.875], "texture": "#0"}
			}
		},
		{
			"from": [7.4, 7.2, 5.85],
			"to": [7.6, 7.5, 6.05],
			"rotation": {"angle": 0, "axis": "y", "origin": [0, -0.35, 0]},
			"faces": {
				"north": {"uv": [10.5, 6.5, 10.625, 6.625], "texture": "#0"},
				"east": {"uv": [7, 10.5, 7.125, 10.625], "texture": "#0"},
				"south": {"uv": [10.5, 7, 10.625, 7.125], "texture": "#0"},
				"west": {"uv": [7.5, 10.5, 7.625, 10.625], "texture": "#0"},
				"up": {"uv": [10.625, 7.625, 10.5, 7.5], "texture": "#0"},
				"down": {"uv": [8.125, 10.5, 8, 10.625], "texture": "#0"}
			}
		},
		{
			"from": [7.4, 10.03624, 3.49124],
			"to": [7.6, 10.33624, 3.79124],
			"rotation": {"angle": 22.5, "axis": "x", "origin": [0, 2.48624, -2.35876]},
			"faces": {
				"north": {"uv": [10.5, 8, 10.625, 8.125], "texture": "#0"},
				"east": {"uv": [8.5, 10.5, 8.625, 10.625], "texture": "#0"},
				"south": {"uv": [10.5, 8.5, 10.625, 8.625], "texture": "#0"},
				"west": {"uv": [9, 10.5, 9.125, 10.625], "texture": "#0"},
				"up": {"uv": [10.625, 9.125, 10.5, 9], "texture": "#0"},
				"down": {"uv": [9.625, 10.5, 9.5, 10.625], "texture": "#0"}
			}
		},
		{
			"from": [7.2, 7.1, 5.65],
			"to": [7.8, 7.2, 9.45],
			"rotation": {"angle": 0, "axis": "y", "origin": [0, -0.25, 0]},
			"faces": {
				"north": {"uv": [10.5, 0.5, 10.8125, 0.5625], "texture": "#0"},
				"east": {"uv": [7.5, 8, 9.375, 8.0625], "texture": "#0"},
				"south": {"uv": [1, 10.5, 1.3125, 10.5625], "texture": "#0"},
				"west": {"uv": [8, 7.5, 9.875, 7.5625], "texture": "#0"},
				"up": {"uv": [2.8125, 4.875, 2.5, 3], "texture": "#0"},
				"down": {"uv": [3.3125, 3, 3, 4.875], "texture": "#0"}
			}
		},
		{
			"from": [7.3, 7, 5.65],
			"to": [7.7, 7.1, 9.45],
			"rotation": {"angle": 0, "axis": "y", "origin": [0, -0.25, 0]},
			"faces": {
				"north": {"uv": [10.5, 9.5, 10.6875, 9.5625], "texture": "#0"},
				"east": {"uv": [8.5, 0, 10.375, 0.0625], "texture": "#0"},
				"south": {"uv": [10, 10.5, 10.1875, 10.5625], "texture": "#0"},
				"west": {"uv": [8.5, 0.5, 10.375, 0.5625], "texture": "#0"},
				"up": {"uv": [5.6875, 3.875, 5.5, 2], "texture": "#0"},
				"down": {"uv": [4.6875, 5.5, 4.5, 7.375], "texture": "#0"}
			}
		},
		{
			"from": [4.83493, 9.71543, 6.95],
			"to": [5.33493, 10.11543, 10.75],
			"rotation": {"angle": -22.5, "axis": "z", "origin": [-2.26507, 2.66543, 0]},
			"faces": {
				"north": {"uv": [7, 9, 7.25, 9.1875], "texture": "#0"},
				"east": {"uv": [5.5, 4.5, 7.375, 4.6875], "texture": "#0"},
				"south": {"uv": [7.5, 9, 7.75, 9.1875], "texture": "#0"},
				"west": {"uv": [5, 5.5, 6.875, 5.6875], "texture": "#0"},
				"up": {"uv": [0.75, 6.375, 0.5, 4.5], "texture": "#0"},
				"down": {"uv": [1.25, 4.5, 1, 6.375], "texture": "#0"}
			}
		},
		{
			"from": [4.93493, 10.01543, 5.65],
			"to": [5.43493, 10.41543, 9.45],
			"rotation": {"angle": -22.5, "axis": "z", "origin": [-2.16507, 2.96543, -1.3]},
			"faces": {
				"north": {"uv": [8, 9, 8.25, 9.1875], "texture": "#0"},
				"east": {"uv": [5.5, 5, 7.375, 5.1875], "texture": "#0"},
				"south": {"uv": [8.5, 9, 8.75, 9.1875], "texture": "#0"},
				"west": {"uv": [6, 2, 7.875, 2.1875], "texture": "#0"},
				"up": {"uv": [4.75, 5.375, 4.5, 3.5], "texture": "#0"},
				"down": {"uv": [5.25, 0, 5, 1.875], "texture": "#0"}
			}
		},
		{
			"from": [4.39396, 14.60846, 5.65],
			"to": [4.79396, 14.70846, 9.45],
			"rotation": {"angle": -45, "axis": "z", "origin": [-3.20604, 7.55846, -1.3]},
			"faces": {
				"north": {"uv": [10.5, 10, 10.6875, 10.0625], "texture": "#0"},
				"east": {"uv": [8.5, 1, 10.375, 1.0625], "texture": "#0"},
				"south": {"uv": [10.5, 10.5, 10.6875, 10.5625], "texture": "#0"},
				"west": {"uv": [8.5, 1.5, 10.375, 1.5625], "texture": "#0"},
				"up": {"uv": [0.1875, 7.875, 0, 6], "texture": "#0"},
				"down": {"uv": [6.1875, 2.5, 6, 4.375], "texture": "#0"}
			}
		},
		{
			"from": [10.50604, 15.30846, 5.65],
			"to": [10.90604, 15.40846, 9.45],
			"rotation": {"angle": 45, "axis": "z", "origin": [19.20604, 7.55846, -1.3]},
			"faces": {
				"north": {"uv": [0, 11, 0.1875, 11.0625], "texture": "#0"},
				"east": {"uv": [8.5, 2, 10.375, 2.0625], "texture": "#0"},
				"south": {"uv": [11, 0, 11.1875, 0.0625], "texture": "#0"},
				"west": {"uv": [8.5, 2.5, 10.375, 2.5625], "texture": "#0"},
				"up": {"uv": [4.1875, 7.875, 4, 6], "texture": "#0"},
				"down": {"uv": [5.1875, 6, 5, 7.875], "texture": "#0"}
			}
		},
		{
			"from": [9.56507, 10.01543, 5.65],
			"to": [10.06507, 10.41543, 9.45],
			"rotation": {"angle": 22.5, "axis": "z", "origin": [17.16507, 2.96543, -1.3]},
			"faces": {
				"north": {"uv": [9, 8.5, 9.25, 8.6875], "texture": "#0"},
				"east": {"uv": [5.5, 6, 7.375, 6.1875], "texture": "#0"},
				"south": {"uv": [9, 9, 9.25, 9.1875], "texture": "#0"},
				"west": {"uv": [6.5, 1, 8.375, 1.1875], "texture": "#0"},
				"up": {"uv": [1.75, 6.875, 1.5, 5], "texture": "#0"},
				"down": {"uv": [2.25, 5, 2, 6.875], "texture": "#0"}
			}
		},
		{
			"from": [9.56507, 9.71543, 5.65],
			"to": [10.06507, 10.01543, 6.95],
			"rotation": {"angle": 22.5, "axis": "z", "origin": [17.16507, 2.96543, -1.3]},
			"faces": {
				"north": {"uv": [3, 10, 3.25, 10.125], "texture": "#0"},
				"east": {"uv": [3.5, 8.5, 4.125, 8.625], "texture": "#0"},
				"south": {"uv": [10, 3, 10.25, 3.125], "texture": "#0"},
				"west": {"uv": [8.5, 3.5, 9.125, 3.625], "texture": "#0"},
				"up": {"uv": [1.75, 8.625, 1.5, 8], "texture": "#0"},
				"down": {"uv": [2.25, 8, 2, 8.625], "texture": "#0"}
			}
		},
		{
			"from": [4.93493, 9.71543, 5.65],
			"to": [5.43493, 10.01543, 6.95],
			"rotation": {"angle": -22.5, "axis": "z", "origin": [-2.16507, 2.96543, -1.3]},
			"faces": {
				"north": {"uv": [3.5, 10, 3.75, 10.125], "texture": "#0"},
				"east": {"uv": [8.5, 4, 9.125, 4.125], "texture": "#0"},
				"south": {"uv": [10, 3.5, 10.25, 3.625], "texture": "#0"},
				"west": {"uv": [4.5, 8.5, 5.125, 8.625], "texture": "#0"},
				"up": {"uv": [2.75, 8.625, 2.5, 8], "texture": "#0"},
				"down": {"uv": [3.25, 8, 3, 8.625], "texture": "#0"}
			}
		},
		{
			"from": [9.66507, 9.71543, 6.95],
			"to": [10.16507, 10.11543, 10.75],
			"rotation": {"angle": 22.5, "axis": "z", "origin": [17.26507, 2.66543, 0]},
			"faces": {
				"north": {"uv": [0, 9.5, 0.25, 9.6875], "texture": "#0"},
				"east": {"uv": [6.5, 1.5, 8.375, 1.6875], "texture": "#0"},
				"south": {"uv": [0.5, 9.5, 0.75, 9.6875], "texture": "#0"},
				"west": {"uv": [6.5, 2.5, 8.375, 2.6875], "texture": "#0"},
				"up": {"uv": [5.25, 3.875, 5, 2], "texture": "#0"},
				"down": {"uv": [2.75, 5, 2.5, 6.875], "texture": "#0"}
			}
		}
	],
	"display": {
		"thirdperson_righthand": {
			"translation": [0.5, 2.25, -1.75],
			"scale": [0.8, 0.8, 0.8]
		},
		"thirdperson_lefthand": {
			"scale": [0, 0, 0]
		},
		"firstperson_righthand": {
			"rotation": [0, 0, -25],
			"translation": [-1.75, 17.5, -2.5]
		},
		"firstperson_lefthand": {
			"rotation": [0, 90, 0],
			"translation": [-11.75, 10.25, 1.5]
		},
		"ground": {
			"translation": [0, 0, -2.5]
		},
		"gui": {
			"rotation": [16, 63.25, 0],
			"translation": [-2, 4, 0],
			"scale": [1.2, 1.2, 1.2]
		}
	},
	"groups": [
		{
			"name": "group",
			"origin": [8, 8, 8],
			"color": 0,
			"children": [
				{
					"name": "group",
					"origin": [8, 8, 8],
					"color": 0,
					"children": [
						{
							"name": "group",
							"origin": [0, 0, 0],
							"color": 0,
							"children": []
						},
						{
							"name": "group",
							"origin": [0, 0, 0],
							"color": 0,
							"children": [0, 1, 2, 3, 4, 5]
						}, 6, 7, 8, 9, 10, 11, 12, 13, 14, 15, 16]
				},
				{
					"name": "group",
					"origin": [0, -0.25, 0.2],
					"color": 0,
					"children": []
				},
				{
					"name": "group",
					"origin": [8, 8, 8],
					"color": 0,
					"children": [
						{
							"name": "group",
							"origin": [0, -0.25, 1],
							"color": 0,
							"children": [17, 18, 19, 20, 21, 22, 23, 24, 25, 26, 27, 28, 29]
						}, 30, 31, 32, 33, 34, 35, 36, 37, 38, 39, 40, 41, 42, 43, 44, 45]
				}
			]
		}
	]
}