{
	"credit": "Made with Blockbench",
	"textures": {
		"0": "gun/ghs/ghs_15",
		"particle": "gun/ghs/ghs_15"
	},
	"elements": [
		{
			"from": [7, 5.75, 8.35],
			"to": [8, 6.3, 14.35],
			"faces": {
				"north": {"uv": [2, 12, 3, 12.5], "texture": "#0"},
				"east": {"uv": [8, 2, 14, 2.5], "texture": "#0"},
				"south": {"uv": [3, 12, 4, 12.5], "texture": "#0"},
				"west": {"uv": [8, 3, 14, 3.5], "texture": "#0"},
				"up": {"uv": [3, 8, 2, 2], "texture": "#0"},
				"down": {"uv": [4, 2, 3, 8], "texture": "#0"}
			}
		},
		{
			"from": [7.2, 5.85, 7.25],
			"to": [7.8, 6.3, 8.35],
			"faces": {
				"north": {"uv": [13, 1, 13.5, 1.5], "texture": "#0"},
				"east": {"uv": [4, 12, 5, 12.5], "texture": "#0"},
				"south": {"uv": [2, 13, 2.5, 13.5], "texture": "#0"},
				"west": {"uv": [12, 4, 13, 4.5], "texture": "#0"},
				"up": {"uv": [12.5, 6, 12, 5], "texture": "#0"},
				"down": {"uv": [6.5, 12, 6, 13], "texture": "#0"}
			}
		},
		{
			"from": [7.1, -2.5, 12.65],
			"to": [7.9, 1.1, 14.2],
			"rotation": {"angle": -22.5, "axis": "x", "origin": [0, 0, 0]},
			"faces": {
				"north": {"uv": [2, 8, 2.75, 11.5], "texture": "#0"},
				"east": {"uv": [4, 2, 5.5, 5.5], "texture": "#0"},
				"south": {"uv": [3, 8, 3.75, 11.5], "texture": "#0"},
				"west": {"uv": [6, 2, 7.5, 5.5], "texture": "#0"},
				"up": {"uv": [4.75, 11.5, 4, 10], "texture": "#0"},
				"down": {"uv": [10.75, 4, 10, 5.5], "texture": "#0"}
			}
		},
		{
			"from": [7.2, -2.4, 12.75],
			"to": [7.8, 0.8, 14.1],
			"rotation": {"angle": -22.5, "axis": "x", "origin": [0, 0, 0]},
			"faces": {
				"north": {"uv": [1, 9, 1.5, 12.25], "texture": "#0"},
				"east": {"uv": [4, 6, 5.25, 9.25], "texture": "#0"},
				"south": {"uv": [9, 4, 9.5, 7.25], "texture": "#0"},
				"west": {"uv": [6, 6, 7.25, 9.25], "texture": "#0"},
				"up": {"uv": [11.5, 10.25, 11, 9], "texture": "#0"},
				"down": {"uv": [12.5, 0, 12, 1.25], "texture": "#0"}
			}
		},
		{
			"from": [7.1, -5.7, 13],
			"to": [7.9, -4.8, 14.1],
			"rotation": {"angle": -45, "axis": "x", "origin": [0, 0, 0]},
			"faces": {
				"north": {"uv": [10, 7, 10.75, 8], "texture": "#0"},
				"east": {"uv": [5, 10, 6, 11], "texture": "#0"},
				"south": {"uv": [10, 8, 10.75, 9], "texture": "#0"},
				"west": {"uv": [6, 10, 7, 11], "texture": "#0"},
				"up": {"uv": [10.75, 10, 10, 9], "texture": "#0"},
				"down": {"uv": [10.75, 10, 10, 11], "texture": "#0"}
			}
		},
		{
			"from": [7.2, 4.5, 9.7],
			"to": [7.8, 4.65, 12.5],
			"rotation": {"angle": 0, "axis": "y", "origin": [0, -0.25, 0.2]},
			"faces": {
				"north": {"uv": [13, 12, 13.5, 12.25], "texture": "#0"},
				"east": {"uv": [11, 8, 13.75, 8.25], "texture": "#0"},
				"south": {"uv": [13, 13, 13.5, 13.25], "texture": "#0"},
				"west": {"uv": [9, 11, 11.75, 11.25], "texture": "#0"},
				"up": {"uv": [8.5, 11.75, 8, 9], "texture": "#0"},
				"down": {"uv": [9.5, 8, 9, 10.75], "texture": "#0"}
			}
		},
		{
			"from": [7.2, 4.5, 9.7],
			"to": [7.8, 5.95, 9.9],
			"rotation": {"angle": 0, "axis": "y", "origin": [0, -0.25, 0.2]},
			"faces": {
				"north": {"uv": [11, 4, 11.5, 5.5], "texture": "#0"},
				"east": {"uv": [10, 12, 10.25, 13.5], "texture": "#0"},
				"south": {"uv": [5, 11, 5.5, 12.5], "texture": "#0"},
				"west": {"uv": [12, 10, 12.25, 11.5], "texture": "#0"},
				"up": {"uv": [0.5, 14.25, 0, 14], "texture": "#0"},
				"down": {"uv": [14.5, 0, 14, 0.25], "texture": "#0"}
			}
		},
		{
			"from": [7.4, 2.28571, 6.37652],
			"to": [7.6, 3.08571, 6.62652],
			"rotation": {"angle": 22.5, "axis": "x", "origin": [0, -6.76429, 15.87652]},
			"faces": {
				"north": {"uv": [13, 6, 13.25, 6.75], "texture": "#0"},
				"east": {"uv": [7, 13, 7.25, 13.75], "texture": "#0"},
				"south": {"uv": [13, 7, 13.25, 7.75], "texture": "#0"},
				"west": {"uv": [8, 13, 8.25, 13.75], "texture": "#0"},
				"up": {"uv": [3.25, 14.25, 3, 14], "texture": "#0"},
				"down": {"uv": [14.25, 3, 14, 3.25], "texture": "#0"}
			}
		},
		{
			"from": [7.2, 6.4, 7.1],
			"to": [7.8, 7.05, 11.5],
			"rotation": {"angle": 0, "axis": "y", "origin": [0, -0.25, 0.2]},
			"faces": {
				"north": {"uv": [11, 12, 11.5, 12.75], "texture": "#0"},
				"east": {"uv": [7, 0, 11.5, 0.75], "texture": "#0"},
				"south": {"uv": [12, 12, 12.5, 12.75], "texture": "#0"},
				"west": {"uv": [7, 1, 11.5, 1.75], "texture": "#0"},
				"up": {"uv": [8.5, 8.5, 8, 4], "texture": "#0"},
				"down": {"uv": [0.5, 9, 0, 13.5], "texture": "#0"}
			}
		},
		{
			"from": [7, 6.3, 7.25],
			"to": [8, 7.2, 14.15],
			"rotation": {"angle": 0, "axis": "y", "origin": [0, -0.25, 0]},
			"faces": {
				"north": {"uv": [10, 6, 11, 7], "texture": "#0"},
				"east": {"uv": [0, 0, 7, 1], "texture": "#0"},
				"south": {"uv": [7, 10, 8, 11], "texture": "#0"},
				"west": {"uv": [0, 1, 7, 2], "texture": "#0"},
				"up": {"uv": [1, 9, 0, 2], "texture": "#0"},
				"down": {"uv": [2, 2, 1, 9], "texture": "#0"}
			}
		},
		{
			"from": [7, 7.2, 13.35],
			"to": [8, 7.4, 14.22],
			"rotation": {"angle": 0, "axis": "y", "origin": [0, -0.25, 0]},
			"faces": {
				"north": {"uv": [3, 13, 4, 13.25], "texture": "#0"},
				"east": {"uv": [9, 13, 9.75, 13.25], "texture": "#0"},
				"south": {"uv": [4, 13, 5, 13.25], "texture": "#0"},
				"west": {"uv": [13, 9, 13.75, 9.25], "texture": "#0"},
				"up": {"uv": [7, 11.75, 6, 11], "texture": "#0"},
				"down": {"uv": [12, 6, 11, 6.75], "texture": "#0"}
			}
		},
		{
			"from": [7, -0.39422, 22.51594],
			"to": [8, -0.19422, 22.91594],
			"rotation": {"angle": -45, "axis": "x", "origin": [0, -7.94422, 8.96594]},
			"faces": {
				"north": {"uv": [13, 4, 14, 4.25], "texture": "#0"},
				"east": {"uv": [1, 14, 1.5, 14.25], "texture": "#0"},
				"south": {"uv": [5, 13, 6, 13.25], "texture": "#0"},
				"west": {"uv": [14, 1, 14.5, 1.25], "texture": "#0"},
				"up": {"uv": [13, 6.5, 12, 6], "texture": "#0"},
				"down": {"uv": [8, 12, 7, 12.5], "texture": "#0"}
			}
		},
		{
			"from": [7, 6.3, 14.15],
			"to": [8, 6.8, 14.45],
			"rotation": {"angle": 0, "axis": "y", "origin": [0, -0.25, 0]},
			"faces": {
				"north": {"uv": [12, 7, 13, 7.5], "texture": "#0"},
				"east": {"uv": [2, 14, 2.25, 14.5], "texture": "#0"},
				"south": {"uv": [8, 12, 9, 12.5], "texture": "#0"},
				"west": {"uv": [14, 2, 14.25, 2.5], "texture": "#0"},
				"up": {"uv": [14, 5.25, 13, 5], "texture": "#0"},
				"down": {"uv": [7, 13, 6, 13.25], "texture": "#0"}
			}
		},
		{
			"from": [7, 6.68708, 19.18233],
			"to": [8, 7.28708, 19.98233],
			"rotation": {"angle": -22.5, "axis": "x", "origin": [0, -7.16292, 16.93233]},
			"faces": {
				"north": {"uv": [9, 12, 10, 12.5], "texture": "#0"},
				"east": {"uv": [13, 0, 13.75, 0.5], "texture": "#0"},
				"south": {"uv": [12, 9, 13, 9.5], "texture": "#0"},
				"west": {"uv": [1, 13, 1.75, 13.5], "texture": "#0"},
				"up": {"uv": [8, 11.75, 7, 11], "texture": "#0"},
				"down": {"uv": [12, 7, 11, 7.75], "texture": "#0"}
			}
		},
		{
			"from": [7.4, 2.54503, 1.33436],
			"to": [7.6, 3.34503, 1.58436],
			"rotation": {"angle": 22.5, "axis": "x", "origin": [-21, -10.90497, 14.63436]},
			"faces": {
				"north": {"uv": [13, 10, 13.25, 10.75], "texture": "#0"},
				"east": {"uv": [11, 13, 11.25, 13.75], "texture": "#0"},
				"south": {"uv": [13, 11, 13.25, 11.75], "texture": "#0"},
				"west": {"uv": [12, 13, 12.25, 13.75], "texture": "#0"},
				"up": {"uv": [4.25, 14.25, 4, 14], "texture": "#0"},
				"down": {"uv": [14.25, 4, 14, 4.25], "texture": "#0"}
			}
		},
		{
			"from": [7.4, 7, 7.8],
			"to": [7.6, 7.35, 8],
			"rotation": {"angle": 0, "axis": "y", "origin": [0, -0.75, 1.2]},
			"faces": {
				"north": {"uv": [5, 14, 5.25, 14.25], "texture": "#0"},
				"east": {"uv": [14, 5, 14.25, 5.25], "texture": "#0"},
				"south": {"uv": [6, 14, 6.25, 14.25], "texture": "#0"},
				"west": {"uv": [14, 6, 14.25, 6.25], "texture": "#0"},
				"up": {"uv": [7.25, 14.25, 7, 14], "texture": "#0"},
				"down": {"uv": [14.25, 7, 14, 7.25], "texture": "#0"}
			}
		}
	],
	"display": {
		"thirdperson_righthand": {
			"rotation": [0, -12.25, -8.25],
			"translation": [0, 3, -1.75],
			"scale": [0.8, 0.8, 0.8]
		},
		"thirdperson_lefthand": {
			"scale": [0, 0, 0]
		},
		"firstperson_righthand": {
			"rotation": [0, 0, -10],
			"translation": [-1, 16.75, -4.25]
		},
		"firstperson_lefthand": {
			"rotation": [0, 90, 0],
			"translation": [-11.75, 10.25, 1.5]
		},
		"ground": {
			"translation": [0, 0, -2.5]
		},
		"gui": {
			"rotation": [16, 63.25, 0],
			"translation": [-2, 4, 0],
			"scale": [1.2, 1.2, 1.2]
		}
	},
	"groups": [
		{
			"name": "group",
			"origin": [8, 8, 8],
			"color": 0,
			"children": [
				{
					"name": "group",
					"origin": [8, 8, 8],
					"color": 0,
					"children": [0, 1,
						{
							"name": "group",
							"origin": [0, 0, 0],
							"color": 0,
							"children": []
						}, 2, 3, 4, 5, 6, 7]
				},
				{
					"name": "group",
					"origin": [0, -0.25, 0.2],
					"color": 0,
					"children": [8]
				},
				{
					"name": "group",
					"origin": [8, 8, 8],
					"color": 0,
					"children": [9, 10, 11, 12, 13, 14, 15]
				}
			]
		}
	]
}