{
	"credit": "Made with Blockbench",
	"texture_size": [32, 32],
	"textures": {
		"0": "gun/g8a1/g8a1_diamond",
		"particle": "gun/g8a1/g8a1_diamond"
	},
	"elements": [
		{
			"from": [7.6, 3.5, 19.4],
			"to": [8.4, 6, 20],
			"rotation": {"angle": 0, "axis": "y", "origin": [0, 0, 1]},
			"faces": {
				"north": {"uv": [0, 7, 0.375, 8.25], "texture": "#0"},
				"east": {"uv": [2, 8.5, 2.3125, 9.75], "texture": "#0"},
				"south": {"uv": [1, 7, 1.375, 8.25], "texture": "#0"},
				"west": {"uv": [2.5, 8.5, 2.8125, 9.75], "texture": "#0"},
				"up": {"uv": [12.375, 2.8125, 12, 2.5], "texture": "#0"},
				"down": {"uv": [3.375, 12, 3, 12.3125], "texture": "#0"}
			}
		},
		{
			"from": [7.7, 3.6, 17.1],
			"to": [8.3, 5.9, 19.4],
			"rotation": {"angle": 0, "axis": "y", "origin": [0, 0, 1]},
			"faces": {
				"north": {"uv": [0.5, 9.5, 0.8125, 10.625], "texture": "#0"},
				"east": {"uv": [3.5, 0, 4.625, 1.125], "texture": "#0"},
				"south": {"uv": [3, 9.5, 3.3125, 10.625], "texture": "#0"},
				"west": {"uv": [0.5, 3.5, 1.625, 4.625], "texture": "#0"},
				"up": {"uv": [3.8125, 10.625, 3.5, 9.5], "texture": "#0"},
				"down": {"uv": [5.3125, 9.5, 5, 10.625], "texture": "#0"}
			}
		},
		{
			"from": [7.7, 4.9, 14.1],
			"to": [8.3, 5.9, 17.1],
			"rotation": {"angle": 0, "axis": "y", "origin": [0, 0, 1]},
			"faces": {
				"north": {"uv": [7, 11.5, 7.3125, 12], "texture": "#0"},
				"east": {"uv": [4.5, 3.5, 6, 4], "texture": "#0"},
				"south": {"uv": [11.5, 7, 11.8125, 7.5], "texture": "#0"},
				"west": {"uv": [4.5, 4, 6, 4.5], "texture": "#0"},
				"up": {"uv": [1.8125, 8.5, 1.5, 7], "texture": "#0"},
				"down": {"uv": [2.3125, 7, 2, 8.5], "texture": "#0"}
			}
		},
		{
			"from": [7.7, 10.69376, 13.78376],
			"to": [8.3, 11.59376, 16.58376],
			"rotation": {"angle": 22.5, "axis": "x", "origin": [0, 5.39376, 0.08376]},
			"faces": {
				"north": {"uv": [11.5, 11.5, 11.8125, 11.9375], "texture": "#0"},
				"east": {"uv": [5, 1, 6.375, 1.4375], "texture": "#0"},
				"south": {"uv": [0, 12, 0.3125, 12.4375], "texture": "#0"},
				"west": {"uv": [5, 4.5, 6.375, 4.9375], "texture": "#0"},
				"up": {"uv": [7.8125, 6.375, 7.5, 5], "texture": "#0"},
				"down": {"uv": [6.3125, 7.5, 6, 8.875], "texture": "#0"}
			}
		},
		{
			"from": [7.7, 17.55183, 13.87],
			"to": [8.3, 18.05183, 15.27],
			"rotation": {"angle": 45, "axis": "x", "origin": [0, 12.05183, 0.17]},
			"faces": {
				"north": {"uv": [12.5, 0.5, 12.8125, 0.75], "texture": "#0"},
				"east": {"uv": [11.5, 5.5, 12.1875, 5.75], "texture": "#0"},
				"south": {"uv": [1, 12.5, 1.3125, 12.75], "texture": "#0"},
				"west": {"uv": [11.5, 6, 12.1875, 6.25], "texture": "#0"},
				"up": {"uv": [8.8125, 11.6875, 8.5, 11], "texture": "#0"},
				"down": {"uv": [11.3125, 8.5, 11, 9.1875], "texture": "#0"}
			}
		},
		{
			"from": [7.6, 5.3, 13.5],
			"to": [8.4, 6.6, 14.1],
			"rotation": {"angle": 0, "axis": "y", "origin": [0, 0, 1]},
			"faces": {
				"north": {"uv": [5.5, 10.5, 5.875, 11.125], "texture": "#0"},
				"east": {"uv": [9, 11, 9.3125, 11.625], "texture": "#0"},
				"south": {"uv": [10, 10.5, 10.375, 11.125], "texture": "#0"},
				"west": {"uv": [11, 10, 11.3125, 10.625], "texture": "#0"},
				"up": {"uv": [12.375, 1.8125, 12, 1.5], "texture": "#0"},
				"down": {"uv": [12.375, 2, 12, 2.3125], "texture": "#0"}
			}
		},
		{
			"from": [7.6, 12.21471, 12.27021],
			"to": [8.4, 12.51471, 12.77021],
			"rotation": {"angle": 22.5, "axis": "x", "origin": [-0.1, 6.31471, -1.52979]},
			"faces": {
				"north": {"uv": [13, 6.5, 13.375, 6.625], "texture": "#0"},
				"east": {"uv": [13.5, 10.5, 13.75, 10.625], "texture": "#0"},
				"south": {"uv": [7, 13, 7.375, 13.125], "texture": "#0"},
				"west": {"uv": [11, 13.5, 11.25, 13.625], "texture": "#0"},
				"up": {"uv": [11.375, 12.25, 11, 12], "texture": "#0"},
				"down": {"uv": [12.375, 11, 12, 11.25], "texture": "#0"}
			}
		},
		{
			"from": [7.6, 5.3, 11.9],
			"to": [8.4, 6.2, 13.5],
			"rotation": {"angle": 0, "axis": "y", "origin": [0, 0, 1]},
			"faces": {
				"north": {"uv": [6.5, 11.5, 6.875, 11.9375], "texture": "#0"},
				"east": {"uv": [1, 6, 1.8125, 6.4375], "texture": "#0"},
				"south": {"uv": [11.5, 6.5, 11.875, 6.9375], "texture": "#0"},
				"west": {"uv": [8.5, 9, 9.3125, 9.4375], "texture": "#0"},
				"up": {"uv": [8.875, 10.3125, 8.5, 9.5], "texture": "#0"},
				"down": {"uv": [9.375, 9.5, 9, 10.3125], "texture": "#0"}
			}
		},
		{
			"from": [7.7, 6.2, 12.5],
			"to": [8.3, 6.8, 13.4],
			"rotation": {"angle": 0, "axis": "y", "origin": [0, 0, 1]},
			"faces": {
				"north": {"uv": [12, 4.5, 12.3125, 4.8125], "texture": "#0"},
				"east": {"uv": [12, 0, 12.4375, 0.3125], "texture": "#0"},
				"south": {"uv": [5, 12, 5.3125, 12.3125], "texture": "#0"},
				"west": {"uv": [0.5, 12, 0.9375, 12.3125], "texture": "#0"},
				"up": {"uv": [12.3125, 0.9375, 12, 0.5], "texture": "#0"},
				"down": {"uv": [1.3125, 12, 1, 12.4375], "texture": "#0"}
			}
		},
		{
			"from": [7.5, 5.3, 7.4],
			"to": [8.5, 5.8, 11.9],
			"rotation": {"angle": 0, "axis": "y", "origin": [0, 0, 1]},
			"faces": {
				"north": {"uv": [12, 1, 12.5, 1.25], "texture": "#0"},
				"east": {"uv": [5, 5, 7.25, 5.25], "texture": "#0"},
				"south": {"uv": [1.5, 12, 2, 12.25], "texture": "#0"},
				"west": {"uv": [5, 5.5, 7.25, 5.75], "texture": "#0"},
				"up": {"uv": [4, 3.75, 3.5, 1.5], "texture": "#0"},
				"down": {"uv": [2.5, 3.5, 2, 5.75], "texture": "#0"}
			}
		},
		{
			"from": [7.7, 5.8, 7.4],
			"to": [8.3, 6.2, 11.9],
			"rotation": {"angle": 0, "axis": "y", "origin": [0, 0, 1]},
			"faces": {
				"north": {"uv": [1, 13, 1.3125, 13.1875], "texture": "#0"},
				"east": {"uv": [8.5, 4, 10.75, 4.1875], "texture": "#0"},
				"south": {"uv": [13, 1, 13.3125, 1.1875], "texture": "#0"},
				"west": {"uv": [8.5, 4.5, 10.75, 4.6875], "texture": "#0"},
				"up": {"uv": [4.8125, 6.75, 4.5, 4.5], "texture": "#0"},
				"down": {"uv": [0.8125, 5, 0.5, 7.25], "texture": "#0"}
			}
		},
		{
			"from": [7.7, 6.2, 7.4],
			"to": [8.3, 6.7, 12.5],
			"rotation": {"angle": 0, "axis": "y", "origin": [0, 0, 1]},
			"faces": {
				"north": {"uv": [12.5, 1, 12.8125, 1.25], "texture": "#0"},
				"east": {"uv": [5, 0, 7.5625, 0.25], "texture": "#0"},
				"south": {"uv": [1.5, 12.5, 1.8125, 12.75], "texture": "#0"},
				"west": {"uv": [5, 0.5, 7.5625, 0.75], "texture": "#0"},
				"up": {"uv": [2.8125, 6.0625, 2.5, 3.5], "texture": "#0"},
				"down": {"uv": [3.3125, 3.5, 3, 6.0625], "texture": "#0"}
			}
		},
		{
			"from": [7.7, 6.7, 8.3],
			"to": [8.3, 6.8, 8.6],
			"rotation": {"angle": 0, "axis": "y", "origin": [0, 0, 1]},
			"faces": {
				"north": {"uv": [1.5, 14, 1.8125, 14.0625], "texture": "#0"},
				"east": {"uv": [14.5, 4.5, 14.625, 4.5625], "texture": "#0"},
				"south": {"uv": [14, 1.5, 14.3125, 1.5625], "texture": "#0"},
				"west": {"uv": [5, 14.5, 5.125, 14.5625], "texture": "#0"},
				"up": {"uv": [13.8125, 1.625, 13.5, 1.5], "texture": "#0"},
				"down": {"uv": [2.3125, 13.5, 2, 13.625], "texture": "#0"}
			}
		},
		{
			"from": [7.7, 6.7, 10.1],
			"to": [8.3, 6.8, 10.4],
			"rotation": {"angle": 0, "axis": "y", "origin": [0, 0, 1]},
			"faces": {
				"north": {"uv": [2, 14, 2.3125, 14.0625], "texture": "#0"},
				"east": {"uv": [14.5, 5, 14.625, 5.0625], "texture": "#0"},
				"south": {"uv": [14, 2, 14.3125, 2.0625], "texture": "#0"},
				"west": {"uv": [5.5, 14.5, 5.625, 14.5625], "texture": "#0"},
				"up": {"uv": [13.8125, 2.125, 13.5, 2], "texture": "#0"},
				"down": {"uv": [2.8125, 13.5, 2.5, 13.625], "texture": "#0"}
			}
		},
		{
			"from": [7.7, 6.7, 9.5],
			"to": [8.3, 6.8, 9.8],
			"rotation": {"angle": 0, "axis": "y", "origin": [0, 0, 1]},
			"faces": {
				"north": {"uv": [2.5, 14, 2.8125, 14.0625], "texture": "#0"},
				"east": {"uv": [14.5, 5.5, 14.625, 5.5625], "texture": "#0"},
				"south": {"uv": [14, 2.5, 14.3125, 2.5625], "texture": "#0"},
				"west": {"uv": [6, 14.5, 6.125, 14.5625], "texture": "#0"},
				"up": {"uv": [13.8125, 2.625, 13.5, 2.5], "texture": "#0"},
				"down": {"uv": [3.3125, 13.5, 3, 13.625], "texture": "#0"}
			}
		},
		{
			"from": [7.7, 6.7, 8.9],
			"to": [8.3, 6.8, 9.2],
			"rotation": {"angle": 0, "axis": "y", "origin": [0, 0, 1]},
			"faces": {
				"north": {"uv": [3, 14, 3.3125, 14.0625], "texture": "#0"},
				"east": {"uv": [14.5, 6, 14.625, 6.0625], "texture": "#0"},
				"south": {"uv": [14, 3, 14.3125, 3.0625], "texture": "#0"},
				"west": {"uv": [6.5, 14.5, 6.625, 14.5625], "texture": "#0"},
				"up": {"uv": [13.8125, 3.125, 13.5, 3], "texture": "#0"},
				"down": {"uv": [3.8125, 13.5, 3.5, 13.625], "texture": "#0"}
			}
		},
		{
			"from": [7.7, 6.7, 11.3],
			"to": [8.3, 6.8, 11.6],
			"rotation": {"angle": 0, "axis": "y", "origin": [0, 0, 1]},
			"faces": {
				"north": {"uv": [3.5, 14, 3.8125, 14.0625], "texture": "#0"},
				"east": {"uv": [14.5, 6.5, 14.625, 6.5625], "texture": "#0"},
				"south": {"uv": [14, 3.5, 14.3125, 3.5625], "texture": "#0"},
				"west": {"uv": [7, 14.5, 7.125, 14.5625], "texture": "#0"},
				"up": {"uv": [13.8125, 3.625, 13.5, 3.5], "texture": "#0"},
				"down": {"uv": [4.3125, 13.5, 4, 13.625], "texture": "#0"}
			}
		},
		{
			"from": [7.7, 6.7, 11.9],
			"to": [8.3, 6.8, 12.2],
			"rotation": {"angle": 0, "axis": "y", "origin": [0, 0, 1]},
			"faces": {
				"north": {"uv": [4, 14, 4.3125, 14.0625], "texture": "#0"},
				"east": {"uv": [14.5, 7, 14.625, 7.0625], "texture": "#0"},
				"south": {"uv": [14, 4, 14.3125, 4.0625], "texture": "#0"},
				"west": {"uv": [7.5, 14.5, 7.625, 14.5625], "texture": "#0"},
				"up": {"uv": [13.8125, 4.125, 13.5, 4], "texture": "#0"},
				"down": {"uv": [4.8125, 13.5, 4.5, 13.625], "texture": "#0"}
			}
		},
		{
			"from": [7.7, 6.7, 10.7],
			"to": [8.3, 6.8, 11],
			"rotation": {"angle": 0, "axis": "y", "origin": [0, 0, 1]},
			"faces": {
				"north": {"uv": [4.5, 14, 4.8125, 14.0625], "texture": "#0"},
				"east": {"uv": [14.5, 7.5, 14.625, 7.5625], "texture": "#0"},
				"south": {"uv": [14, 4.5, 14.3125, 4.5625], "texture": "#0"},
				"west": {"uv": [8, 14.5, 8.125, 14.5625], "texture": "#0"},
				"up": {"uv": [13.8125, 4.625, 13.5, 4.5], "texture": "#0"},
				"down": {"uv": [5.3125, 13.5, 5, 13.625], "texture": "#0"}
			}
		},
		{
			"from": [4.64864, 3.06523, 7.4],
			"to": [4.84864, 3.56523, 11.9],
			"rotation": {"angle": -22.5, "axis": "z", "origin": [12.94864, -2.73477, 1]},
			"faces": {
				"north": {"uv": [13.5, 11, 13.625, 11.25], "texture": "#0"},
				"east": {"uv": [6, 3.5, 8.25, 3.75], "texture": "#0"},
				"south": {"uv": [11.5, 13.5, 11.625, 13.75], "texture": "#0"},
				"west": {"uv": [6, 4, 8.25, 4.25], "texture": "#0"},
				"up": {"uv": [9.625, 11.25, 9.5, 9], "texture": "#0"},
				"down": {"uv": [2.125, 10, 2, 12.25], "texture": "#0"}
			}
		},
		{
			"from": [11.15136, 3.06523, 7.4],
			"to": [11.35136, 3.56523, 11.9],
			"rotation": {"angle": 22.5, "axis": "z", "origin": [3.05136, -2.73477, 1]},
			"faces": {
				"north": {"uv": [13.5, 11.5, 13.625, 11.75], "texture": "#0"},
				"east": {"uv": [5, 6, 7.25, 6.25], "texture": "#0"},
				"south": {"uv": [12, 13.5, 12.125, 13.75], "texture": "#0"},
				"west": {"uv": [1, 6.5, 3.25, 6.75], "texture": "#0"},
				"up": {"uv": [2.625, 12.25, 2.5, 10], "texture": "#0"},
				"down": {"uv": [4.625, 10, 4.5, 12.25], "texture": "#0"}
			}
		},
		{
			"from": [7.6, 6.2, 13.4],
			"to": [8.4, 6.8, 13.6],
			"rotation": {"angle": 0, "axis": "y", "origin": [0, 0, 1]},
			"faces": {
				"north": {"uv": [12, 3, 12.375, 3.3125], "texture": "#0"},
				"east": {"uv": [13.5, 5, 13.625, 5.3125], "texture": "#0"},
				"south": {"uv": [3.5, 12, 3.875, 12.3125], "texture": "#0"},
				"west": {"uv": [5.5, 13.5, 5.625, 13.8125], "texture": "#0"},
				"up": {"uv": [13.375, 7.125, 13, 7], "texture": "#0"},
				"down": {"uv": [8.375, 13, 8, 13.125], "texture": "#0"}
			}
		},
		{
			"from": [7.7, 4.9, 12.6],
			"to": [8.3, 5.3, 14.1],
			"rotation": {"angle": 0, "axis": "y", "origin": [0, 0, 1]},
			"faces": {
				"north": {"uv": [1.5, 13, 1.8125, 13.1875], "texture": "#0"},
				"east": {"uv": [11.5, 9, 12.25, 9.1875], "texture": "#0"},
				"south": {"uv": [13, 1.5, 13.3125, 1.6875], "texture": "#0"},
				"west": {"uv": [9.5, 11.5, 10.25, 11.6875], "texture": "#0"},
				"up": {"uv": [10.8125, 10.75, 10.5, 10], "texture": "#0"},
				"down": {"uv": [0.8125, 11, 0.5, 11.75], "texture": "#0"}
			}
		},
		{
			"from": [7.7, 4.7, 9.2],
			"to": [8.3, 5.3, 12.6],
			"rotation": {"angle": 0, "axis": "y", "origin": [0, 0, 1]},
			"faces": {
				"north": {"uv": [12, 5, 12.3125, 5.3125], "texture": "#0"},
				"east": {"uv": [6.5, 1, 8.1875, 1.3125], "texture": "#0"},
				"south": {"uv": [6, 12, 6.3125, 12.3125], "texture": "#0"},
				"west": {"uv": [6.5, 4.5, 8.1875, 4.8125], "texture": "#0"},
				"up": {"uv": [5.3125, 8.1875, 5, 6.5], "texture": "#0"},
				"down": {"uv": [5.8125, 6.5, 5.5, 8.1875], "texture": "#0"}
			}
		},
		{
			"from": [7.7, 4.3, 9.2],
			"to": [8.3, 4.7, 12.2],
			"rotation": {"angle": 0, "axis": "y", "origin": [0, 0, 1]},
			"faces": {
				"north": {"uv": [2, 13, 2.3125, 13.1875], "texture": "#0"},
				"east": {"uv": [10, 6.5, 11.5, 6.6875], "texture": "#0"},
				"south": {"uv": [13, 2, 13.3125, 2.1875], "texture": "#0"},
				"west": {"uv": [10, 7, 11.5, 7.1875], "texture": "#0"},
				"up": {"uv": [2.8125, 8.5, 2.5, 7], "texture": "#0"},
				"down": {"uv": [3.3125, 7, 3, 8.5], "texture": "#0"}
			}
		},
		{
			"from": [7.7, -2.12584, 18.72096],
			"to": [8.3, -1.52584, 19.32096],
			"rotation": {"angle": -45, "axis": "x", "origin": [0, -6.82584, 7.72096]},
			"faces": {
				"north": {"uv": [6.5, 12, 6.8125, 12.3125], "texture": "#0"},
				"east": {"uv": [12, 6.5, 12.3125, 6.8125], "texture": "#0"},
				"south": {"uv": [7, 12, 7.3125, 12.3125], "texture": "#0"},
				"west": {"uv": [12, 7, 12.3125, 7.3125], "texture": "#0"},
				"up": {"uv": [7.8125, 12.3125, 7.5, 12], "texture": "#0"},
				"down": {"uv": [8.3125, 12, 8, 12.3125], "texture": "#0"}
			}
		},
		{
			"from": [7.7, -2.84909, 19.00407],
			"to": [8.3, -2.34909, 19.40407],
			"rotation": {"angle": -45, "axis": "x", "origin": [0, -7.54909, 7.80407]},
			"faces": {
				"north": {"uv": [12.5, 1.5, 12.8125, 1.75], "texture": "#0"},
				"east": {"uv": [13, 8, 13.1875, 8.25], "texture": "#0"},
				"south": {"uv": [2, 12.5, 2.3125, 12.75], "texture": "#0"},
				"west": {"uv": [8.5, 13, 8.6875, 13.25], "texture": "#0"},
				"up": {"uv": [13.3125, 2.6875, 13, 2.5], "texture": "#0"},
				"down": {"uv": [3.3125, 13, 3, 13.1875], "texture": "#0"}
			}
		},
		{
			"from": [7.7, -1.23569, 14.31122],
			"to": [8.3, 0.76431, 15.01122],
			"rotation": {"angle": -22.5, "axis": "x", "origin": [0, -4.63569, 3.91122]},
			"faces": {
				"north": {"uv": [5.5, 9.5, 5.8125, 10.5], "texture": "#0"},
				"east": {"uv": [4.5, 9, 4.875, 10], "texture": "#0"},
				"south": {"uv": [9.5, 8, 9.8125, 9], "texture": "#0"},
				"west": {"uv": [6, 9, 6.375, 10], "texture": "#0"},
				"up": {"uv": [12.3125, 3.875, 12, 3.5], "texture": "#0"},
				"down": {"uv": [12.3125, 4, 12, 4.375], "texture": "#0"}
			}
		},
		{
			"from": [7.7, -1.23569, 14.21122],
			"to": [8.3, -0.93569, 14.31122],
			"rotation": {"angle": -22.5, "axis": "x", "origin": [0, -4.63569, 3.91122]},
			"faces": {
				"north": {"uv": [13.5, 5.5, 13.8125, 5.625], "texture": "#0"},
				"east": {"uv": [14.5, 8, 14.5625, 8.125], "texture": "#0"},
				"south": {"uv": [6, 13.5, 6.3125, 13.625], "texture": "#0"},
				"west": {"uv": [8.5, 14.5, 8.5625, 14.625], "texture": "#0"},
				"up": {"uv": [5.3125, 14.0625, 5, 14], "texture": "#0"},
				"down": {"uv": [14.3125, 5, 14, 5.0625], "texture": "#0"}
			}
		},
		{
			"from": [7.7, -1.23569, 15.01122],
			"to": [8.3, -0.03569, 15.31122],
			"rotation": {"angle": -22.5, "axis": "x", "origin": [0, -4.63569, 3.91122]},
			"faces": {
				"north": {"uv": [10.5, 11, 10.8125, 11.625], "texture": "#0"},
				"east": {"uv": [12.5, 2, 12.625, 2.625], "texture": "#0"},
				"south": {"uv": [11, 11, 11.3125, 11.625], "texture": "#0"},
				"west": {"uv": [2.5, 12.5, 2.625, 13.125], "texture": "#0"},
				"up": {"uv": [13.8125, 6.125, 13.5, 6], "texture": "#0"},
				"down": {"uv": [6.8125, 13.5, 6.5, 13.625], "texture": "#0"}
			}
		},
		{
			"from": [7.7, 3.9, 12.2],
			"to": [8.3, 4.5, 12.4],
			"rotation": {"angle": 0, "axis": "y", "origin": [0, 0, 1]},
			"faces": {
				"north": {"uv": [8.5, 12, 8.8125, 12.3125], "texture": "#0"},
				"east": {"uv": [13.5, 6.5, 13.625, 6.8125], "texture": "#0"},
				"south": {"uv": [9, 12, 9.3125, 12.3125], "texture": "#0"},
				"west": {"uv": [7, 13.5, 7.125, 13.8125], "texture": "#0"},
				"up": {"uv": [13.8125, 7.125, 13.5, 7], "texture": "#0"},
				"down": {"uv": [7.8125, 13.5, 7.5, 13.625], "texture": "#0"}
			}
		},
		{
			"from": [7.7, 8.91337, 7.20701],
			"to": [8.3, 9.41337, 8.40701],
			"rotation": {"angle": 22.5, "axis": "x", "origin": [0, 4.61337, -2.79299]},
			"faces": {
				"north": {"uv": [3, 12.5, 3.3125, 12.75], "texture": "#0"},
				"east": {"uv": [7.5, 11.5, 8.125, 11.75], "texture": "#0"},
				"south": {"uv": [12.5, 3, 12.8125, 3.25], "texture": "#0"},
				"west": {"uv": [11.5, 7.5, 12.125, 7.75], "texture": "#0"},
				"up": {"uv": [11.8125, 0.625, 11.5, 0], "texture": "#0"},
				"down": {"uv": [4.3125, 11.5, 4, 12.125], "texture": "#0"}
			}
		},
		{
			"from": [7.7, 4.8, 8.1],
			"to": [8.3, 5.3, 9.2],
			"rotation": {"angle": 0, "axis": "y", "origin": [0, 0, 0.8]},
			"faces": {
				"north": {"uv": [3.5, 12.5, 3.8125, 12.75], "texture": "#0"},
				"east": {"uv": [11.5, 9.5, 12.0625, 9.75], "texture": "#0"},
				"south": {"uv": [12.5, 3.5, 12.8125, 3.75], "texture": "#0"},
				"west": {"uv": [11.5, 10, 12.0625, 10.25], "texture": "#0"},
				"up": {"uv": [11.8125, 5.0625, 11.5, 4.5], "texture": "#0"},
				"down": {"uv": [5.8125, 11.5, 5.5, 12.0625], "texture": "#0"}
			}
		},
		{
			"from": [7.8, 3.1, 8.2],
			"to": [8.2, 3.9, 9.2],
			"rotation": {"angle": 0, "axis": "y", "origin": [0, 0, 1]},
			"faces": {
				"north": {"uv": [0, 13, 0.1875, 13.375], "texture": "#0"},
				"east": {"uv": [2, 6, 2.5, 6.375], "texture": "#0"},
				"south": {"uv": [13, 0, 13.1875, 0.375], "texture": "#0"},
				"west": {"uv": [11.5, 4, 12, 4.375], "texture": "#0"},
				"up": {"uv": [11.6875, 12.5, 11.5, 12], "texture": "#0"},
				"down": {"uv": [12.1875, 11.5, 12, 12], "texture": "#0"}
			}
		},
		{
			"from": [7.7, 3, 8.2],
			"to": [8.3, 3.1, 8.6],
			"rotation": {"angle": 0, "axis": "y", "origin": [0, 0, 1]},
			"faces": {
				"north": {"uv": [5.5, 14, 5.8125, 14.0625], "texture": "#0"},
				"east": {"uv": [12, 14, 12.1875, 14.0625], "texture": "#0"},
				"south": {"uv": [14, 5.5, 14.3125, 5.5625], "texture": "#0"},
				"west": {"uv": [14, 12, 14.1875, 12.0625], "texture": "#0"},
				"up": {"uv": [13.3125, 3.1875, 13, 3], "texture": "#0"},
				"down": {"uv": [3.8125, 13, 3.5, 13.1875], "texture": "#0"}
			}
		},
		{
			"from": [7.3, 1.7, 8.5],
			"to": [8.7, 3.1, 9.2],
			"rotation": {"angle": 0, "axis": "y", "origin": [0, 0, 1]},
			"faces": {
				"north": {"uv": [1, 5, 1.6875, 5.6875], "texture": "#0"},
				"east": {"uv": [6, 10, 6.375, 10.6875], "texture": "#0"},
				"south": {"uv": [6, 6.5, 6.6875, 7.1875], "texture": "#0"},
				"west": {"uv": [10, 9.5, 10.375, 10.1875], "texture": "#0"},
				"up": {"uv": [9.1875, 10.875, 8.5, 10.5], "texture": "#0"},
				"down": {"uv": [11.1875, 9.5, 10.5, 9.875], "texture": "#0"}
			}
		},
		{
			"from": [7.4, 1.8, 8.2],
			"to": [8.6, 3, 8.5],
			"rotation": {"angle": 0, "axis": "y", "origin": [0, 0, 1]},
			"faces": {
				"north": {"uv": [3, 8.5, 3.625, 9.125], "texture": "#0"},
				"east": {"uv": [4, 12.5, 4.125, 13.125], "texture": "#0"},
				"south": {"uv": [5, 8.5, 5.625, 9.125], "texture": "#0"},
				"west": {"uv": [12.5, 4, 12.625, 4.625], "texture": "#0"},
				"up": {"uv": [5.125, 12.625, 4.5, 12.5], "texture": "#0"},
				"down": {"uv": [13.125, 5, 12.5, 5.125], "texture": "#0"}
			}
		},
		{
			"from": [7.6, 2, 8],
			"to": [8.4, 2.8, 8.2],
			"rotation": {"angle": 0, "axis": "y", "origin": [0, 0, 1]},
			"faces": {
				"north": {"uv": [11.5, 10.5, 11.875, 10.875], "texture": "#0"},
				"east": {"uv": [13, 8.5, 13.125, 8.875], "texture": "#0"},
				"south": {"uv": [11.5, 11, 11.875, 11.375], "texture": "#0"},
				"west": {"uv": [9.5, 13, 9.625, 13.375], "texture": "#0"},
				"up": {"uv": [13.375, 9.625, 13, 9.5], "texture": "#0"},
				"down": {"uv": [10.375, 13, 10, 13.125], "texture": "#0"}
			}
		},
		{
			"from": [7.8, 2.2, 9.2],
			"to": [8.2, 2.6, 9.3],
			"rotation": {"angle": 0, "axis": "y", "origin": [0, 0, 1]},
			"faces": {
				"north": {"uv": [13.5, 7.5, 13.6875, 7.6875], "texture": "#0"},
				"east": {"uv": [12.5, 14, 12.5625, 14.1875], "texture": "#0"},
				"south": {"uv": [8, 13.5, 8.1875, 13.6875], "texture": "#0"},
				"west": {"uv": [14, 12.5, 14.0625, 12.6875], "texture": "#0"},
				"up": {"uv": [13.1875, 14.0625, 13, 14], "texture": "#0"},
				"down": {"uv": [14.1875, 13, 14, 13.0625], "texture": "#0"}
			}
		},
		{
			"from": [7.8, 0.06431, 13.91122],
			"to": [8.2, 0.16431, 14.31122],
			"rotation": {"angle": -22.5, "axis": "x", "origin": [0, -4.63569, 3.91122]},
			"faces": {
				"north": {"uv": [13.5, 14, 13.6875, 14.0625], "texture": "#0"},
				"east": {"uv": [14, 13.5, 14.1875, 13.5625], "texture": "#0"},
				"south": {"uv": [14, 14, 14.1875, 14.0625], "texture": "#0"},
				"west": {"uv": [0, 14.5, 0.1875, 14.5625], "texture": "#0"},
				"up": {"uv": [13.6875, 8.1875, 13.5, 8], "texture": "#0"},
				"down": {"uv": [8.6875, 13.5, 8.5, 13.6875], "texture": "#0"}
			}
		},
		{
			"from": [7.8, 3.53338, 10.4514],
			"to": [8.2, 3.63338, 11.3514],
			"rotation": {"angle": 0, "axis": "y", "origin": [0, -0.76662, 0.1514]},
			"faces": {
				"north": {"uv": [14.5, 0, 14.6875, 0.0625], "texture": "#0"},
				"east": {"uv": [13.5, 12, 13.9375, 12.0625], "texture": "#0"},
				"south": {"uv": [0.5, 14.5, 0.6875, 14.5625], "texture": "#0"},
				"west": {"uv": [12.5, 13.5, 12.9375, 13.5625], "texture": "#0"},
				"up": {"uv": [12.1875, 12.4375, 12, 12], "texture": "#0"},
				"down": {"uv": [0.1875, 12.5, 0, 12.9375], "texture": "#0"}
			}
		},
		{
			"from": [7.9, 7.52577, 8.31313],
			"to": [8.1, 8.32577, 8.41313],
			"rotation": {"angle": 22.5, "axis": "x", "origin": [0, -0.67423, 0.11313]},
			"faces": {
				"north": {"uv": [13, 10, 13.125, 10.375], "texture": "#0"},
				"east": {"uv": [13.5, 13, 13.5625, 13.375], "texture": "#0"},
				"south": {"uv": [11, 13, 11.125, 13.375], "texture": "#0"},
				"west": {"uv": [13.5, 13.5, 13.5625, 13.875], "texture": "#0"},
				"up": {"uv": [14.625, 8.5625, 14.5, 8.5], "texture": "#0"},
				"down": {"uv": [9.125, 14.5, 9, 14.5625], "texture": "#0"}
			}
		},
		{
			"from": [7.8, 1.03529, 6.49267],
			"to": [8.2, 1.93529, 6.59267],
			"rotation": {"angle": -22.5, "axis": "x", "origin": [0, 12.23529, 2.19267]},
			"faces": {
				"north": {"uv": [12.5, 0, 12.6875, 0.4375], "texture": "#0"},
				"east": {"uv": [13.5, 12.5, 13.5625, 12.9375], "texture": "#0"},
				"south": {"uv": [0.5, 12.5, 0.6875, 12.9375], "texture": "#0"},
				"west": {"uv": [13, 13.5, 13.0625, 13.9375], "texture": "#0"},
				"up": {"uv": [14.6875, 0.5625, 14.5, 0.5], "texture": "#0"},
				"down": {"uv": [1.1875, 14.5, 1, 14.5625], "texture": "#0"}
			}
		},
		{
			"from": [7.8, 6.2, -0.8],
			"to": [8.2, 6.6, 7.4],
			"rotation": {"angle": 0, "axis": "y", "origin": [0, 0, 1]},
			"faces": {
				"north": {"uv": [13.5, 8.5, 13.6875, 8.6875], "texture": "#0"},
				"east": {"uv": [4, 2.5, 8.125, 2.6875], "texture": "#0"},
				"south": {"uv": [9, 13.5, 9.1875, 13.6875], "texture": "#0"},
				"west": {"uv": [4, 3, 8.125, 3.1875], "texture": "#0"},
				"up": {"uv": [3.6875, 8.125, 3.5, 4], "texture": "#0"},
				"down": {"uv": [4.1875, 3.5, 4, 7.625], "texture": "#0"}
			}
		},
		{
			"from": [7.7, 5.5, -1.2],
			"to": [8.3, 6.1, -0.8],
			"rotation": {"angle": 0, "axis": "y", "origin": [0, 0, 1]},
			"faces": {
				"north": {"uv": [9.5, 12, 9.8125, 12.3125], "texture": "#0"},
				"east": {"uv": [13, 3.5, 13.1875, 3.8125], "texture": "#0"},
				"south": {"uv": [10, 12, 10.3125, 12.3125], "texture": "#0"},
				"west": {"uv": [13, 4, 13.1875, 4.3125], "texture": "#0"},
				"up": {"uv": [4.8125, 13.1875, 4.5, 13], "texture": "#0"},
				"down": {"uv": [13.3125, 4.5, 13, 4.6875], "texture": "#0"}
			}
		},
		{
			"from": [7.7, 5.5, -6.3],
			"to": [8.3, 6.1, -4.8],
			"rotation": {"angle": 0, "axis": "y", "origin": [0, 0, 1]},
			"faces": {
				"north": {"uv": [10.5, 12, 10.8125, 12.3125], "texture": "#0"},
				"east": {"uv": [11, 1.5, 11.75, 1.8125], "texture": "#0"},
				"south": {"uv": [12, 10.5, 12.3125, 10.8125], "texture": "#0"},
				"west": {"uv": [11, 2, 11.75, 2.3125], "texture": "#0"},
				"up": {"uv": [3.3125, 11.75, 3, 11], "texture": "#0"},
				"down": {"uv": [3.8125, 11, 3.5, 11.75], "texture": "#0"}
			}
		},
		{
			"from": [7.75, 5.55, -4.8],
			"to": [8.25, 6.05, -1.2],
			"rotation": {"angle": 0, "axis": "y", "origin": [0, 0, 1]},
			"faces": {
				"north": {"uv": [0.5, 13, 0.75, 13.25], "texture": "#0"},
				"east": {"uv": [7, 6.5, 8.8125, 6.75], "texture": "#0"},
				"south": {"uv": [13, 0.5, 13.25, 0.75], "texture": "#0"},
				"west": {"uv": [7, 7, 8.8125, 7.25], "texture": "#0"},
				"up": {"uv": [4.75, 8.8125, 4.5, 7], "texture": "#0"},
				"down": {"uv": [0.75, 7.5, 0.5, 9.3125], "texture": "#0"}
			}
		},
		{
			"from": [7.8, 6.2, -1.2],
			"to": [8.2, 6.6, -0.8],
			"rotation": {"angle": 0, "axis": "y", "origin": [0, 0, 1]},
			"faces": {
				"north": {"uv": [13.5, 9, 13.6875, 9.1875], "texture": "#0"},
				"east": {"uv": [9.5, 13.5, 9.6875, 13.6875], "texture": "#0"},
				"south": {"uv": [13.5, 9.5, 13.6875, 9.6875], "texture": "#0"},
				"west": {"uv": [10, 13.5, 10.1875, 13.6875], "texture": "#0"},
				"up": {"uv": [13.6875, 10.1875, 13.5, 10], "texture": "#0"},
				"down": {"uv": [10.6875, 13.5, 10.5, 13.6875], "texture": "#0"}
			}
		},
		{
			"from": [7.9, 6.1, -1.2],
			"to": [8.1, 6.2, -0.8],
			"rotation": {"angle": 0, "axis": "y", "origin": [0, 0, 1]},
			"faces": {
				"north": {"uv": [14.5, 9, 14.625, 9.0625], "texture": "#0"},
				"east": {"uv": [14.5, 1, 14.6875, 1.0625], "texture": "#0"},
				"south": {"uv": [9.5, 14.5, 9.625, 14.5625], "texture": "#0"},
				"west": {"uv": [1.5, 14.5, 1.6875, 14.5625], "texture": "#0"},
				"up": {"uv": [0.125, 14.1875, 0, 14], "texture": "#0"},
				"down": {"uv": [14.125, 0, 14, 0.1875], "texture": "#0"}
			}
		},
		{
			"from": [7.9, 6.6, -1.2],
			"to": [8.1, 6.7, -0.8],
			"rotation": {"angle": 0, "axis": "y", "origin": [0, 0, 1]},
			"faces": {
				"north": {"uv": [14.5, 9.5, 14.625, 9.5625], "texture": "#0"},
				"east": {"uv": [14.5, 1.5, 14.6875, 1.5625], "texture": "#0"},
				"south": {"uv": [10, 14.5, 10.125, 14.5625], "texture": "#0"},
				"west": {"uv": [2, 14.5, 2.1875, 14.5625], "texture": "#0"},
				"up": {"uv": [0.625, 14.1875, 0.5, 14], "texture": "#0"},
				"down": {"uv": [14.125, 0.5, 14, 0.6875], "texture": "#0"}
			}
		},
		{
			"from": [7.7, 6.7, -1.2],
			"to": [8.3, 6.75, -0.8],
			"rotation": {"angle": 0, "axis": "y", "origin": [0, 0, 1]},
			"faces": {
				"north": {"uv": [6, 14, 6.3125, 14.0625], "texture": "#0"},
				"east": {"uv": [14.5, 2, 14.6875, 2.0625], "texture": "#0"},
				"south": {"uv": [14, 6, 14.3125, 6.0625], "texture": "#0"},
				"west": {"uv": [2.5, 14.5, 2.6875, 14.5625], "texture": "#0"},
				"up": {"uv": [5.3125, 13.1875, 5, 13], "texture": "#0"},
				"down": {"uv": [5.8125, 13, 5.5, 13.1875], "texture": "#0"}
			}
		},
		{
			"from": [7.95, 6.75, -1.2],
			"to": [8.05, 6.95, -0.8],
			"rotation": {"angle": 0, "axis": "y", "origin": [0, 0, 1]},
			"faces": {
				"north": {"uv": [14.5, 10, 14.5625, 10.125], "texture": "#0"},
				"east": {"uv": [1, 14, 1.1875, 14.125], "texture": "#0"},
				"south": {"uv": [10.5, 14.5, 10.5625, 14.625], "texture": "#0"},
				"west": {"uv": [14, 1, 14.1875, 1.125], "texture": "#0"},
				"up": {"uv": [14.5625, 2.6875, 14.5, 2.5], "texture": "#0"},
				"down": {"uv": [3.0625, 14.5, 3, 14.6875], "texture": "#0"}
			}
		},
		{
			"from": [7.7, 7.25, -1.2],
			"to": [8.3, 7.3, -0.8],
			"rotation": {"angle": 0, "axis": "y", "origin": [0, 0, 1]},
			"faces": {
				"north": {"uv": [6.5, 14, 6.8125, 14.0625], "texture": "#0"},
				"east": {"uv": [14.5, 3, 14.6875, 3.0625], "texture": "#0"},
				"south": {"uv": [14, 6.5, 14.3125, 6.5625], "texture": "#0"},
				"west": {"uv": [3.5, 14.5, 3.6875, 14.5625], "texture": "#0"},
				"up": {"uv": [6.3125, 13.1875, 6, 13], "texture": "#0"},
				"down": {"uv": [6.8125, 13, 6.5, 13.1875], "texture": "#0"}
			}
		},
		{
			"from": [7.7, 6.75, -1.2],
			"to": [7.75, 7.25, -0.8],
			"rotation": {"angle": 0, "axis": "y", "origin": [0, 0, 1]},
			"faces": {
				"north": {"uv": [7, 14, 7.0625, 14.25], "texture": "#0"},
				"east": {"uv": [11.5, 13, 11.6875, 13.25], "texture": "#0"},
				"south": {"uv": [14, 7, 14.0625, 7.25], "texture": "#0"},
				"west": {"uv": [13, 12, 13.1875, 12.25], "texture": "#0"},
				"up": {"uv": [14.5625, 3.6875, 14.5, 3.5], "texture": "#0"},
				"down": {"uv": [4.0625, 14.5, 4, 14.6875], "texture": "#0"}
			}
		},
		{
			"from": [8.25, 6.75, -1.2],
			"to": [8.3, 7.25, -0.8],
			"rotation": {"angle": 0, "axis": "y", "origin": [16, 0, 1]},
			"faces": {
				"north": {"uv": [7.5, 14, 7.5625, 14.25], "texture": "#0"},
				"east": {"uv": [12.5, 13, 12.6875, 13.25], "texture": "#0"},
				"south": {"uv": [14, 7.5, 14.0625, 7.75], "texture": "#0"},
				"west": {"uv": [13, 12.5, 13.1875, 12.75], "texture": "#0"},
				"up": {"uv": [14.5625, 4.1875, 14.5, 4], "texture": "#0"},
				"down": {"uv": [4.5625, 14.5, 4.5, 14.6875], "texture": "#0"}
			}
		},
		{
			"from": [7.4, 5.5, -0.8],
			"to": [8.6, 6, 6.1],
			"rotation": {"angle": 0, "axis": "y", "origin": [0, 0, 1]},
			"faces": {
				"north": {"uv": [11.5, 8, 12.125, 8.25], "texture": "#0"},
				"east": {"uv": [4, 1.5, 7.4375, 1.75], "texture": "#0"},
				"south": {"uv": [11.5, 8.5, 12.125, 8.75], "texture": "#0"},
				"west": {"uv": [4, 2, 7.4375, 2.25], "texture": "#0"},
				"up": {"uv": [0.625, 3.4375, 0, 0], "texture": "#0"},
				"down": {"uv": [1.625, 0, 1, 3.4375], "texture": "#0"}
			}
		},
		{
			"from": [7.6, 6, -0.8],
			"to": [8.4, 6.2, 6.1],
			"rotation": {"angle": 0, "axis": "y", "origin": [0, 0, 1]},
			"faces": {
				"north": {"uv": [13, 13, 13.375, 13.125], "texture": "#0"},
				"east": {"uv": [7.5, 1.5, 10.9375, 1.625], "texture": "#0"},
				"south": {"uv": [0, 13.5, 0.375, 13.625], "texture": "#0"},
				"west": {"uv": [7.5, 2, 10.9375, 2.125], "texture": "#0"},
				"up": {"uv": [2.375, 3.4375, 2, 0], "texture": "#0"},
				"down": {"uv": [2.875, 0, 2.5, 3.4375], "texture": "#0"}
			}
		},
		{
			"from": [14.01005, 2.24193, -0.8],
			"to": [14.31005, 2.44193, 6.1],
			"rotation": {"angle": 45, "axis": "z", "origin": [6.41005, -3.75807, 1]},
			"faces": {
				"north": {"uv": [8, 14, 8.125, 14.125], "texture": "#0"},
				"east": {"uv": [6.5, 7.5, 9.9375, 7.625], "texture": "#0"},
				"south": {"uv": [14, 8, 14.125, 8.125], "texture": "#0"},
				"west": {"uv": [8, 0, 11.4375, 0.125], "texture": "#0"},
				"up": {"uv": [4.125, 11.4375, 4, 8], "texture": "#0"},
				"down": {"uv": [6.625, 8, 6.5, 11.4375], "texture": "#0"}
			}
		},
		{
			"from": [1.68995, 2.24193, -0.8],
			"to": [1.98995, 2.44193, 6.1],
			"rotation": {"angle": -45, "axis": "z", "origin": [9.58995, -3.75807, 1]},
			"faces": {
				"north": {"uv": [8.5, 14, 8.625, 14.125], "texture": "#0"},
				"east": {"uv": [8, 0.5, 11.4375, 0.625], "texture": "#0"},
				"south": {"uv": [14, 8.5, 14.125, 8.625], "texture": "#0"},
				"west": {"uv": [8, 5, 11.4375, 5.125], "texture": "#0"},
				"up": {"uv": [7.125, 11.4375, 7, 8], "texture": "#0"},
				"down": {"uv": [7.625, 8, 7.5, 11.4375], "texture": "#0"}
			}
		},
		{
			"from": [14.01005, 9.05807, -0.8],
			"to": [14.31005, 9.25807, 6.1],
			"rotation": {"angle": -45, "axis": "z", "origin": [6.41005, 15.25807, 1]},
			"faces": {
				"north": {"uv": [9, 14, 9.125, 14.125], "texture": "#0"},
				"east": {"uv": [8, 5.5, 11.4375, 5.625], "texture": "#0"},
				"south": {"uv": [14, 9, 14.125, 9.125], "texture": "#0"},
				"west": {"uv": [8, 6, 11.4375, 6.125], "texture": "#0"},
				"up": {"uv": [8.125, 11.4375, 8, 8], "texture": "#0"},
				"down": {"uv": [0.125, 8.5, 0, 11.9375], "texture": "#0"}
			}
		},
		{
			"from": [7.6, 5.3, -0.8],
			"to": [8.4, 5.5, 6.1],
			"rotation": {"angle": 0, "axis": "y", "origin": [0, 11.5, 1]},
			"faces": {
				"north": {"uv": [13.5, 0, 13.875, 0.125], "texture": "#0"},
				"east": {"uv": [8.5, 1, 11.9375, 1.125], "texture": "#0"},
				"south": {"uv": [0.5, 13.5, 0.875, 13.625], "texture": "#0"},
				"west": {"uv": [8.5, 2.5, 11.9375, 2.625], "texture": "#0"},
				"up": {"uv": [3.375, 3.4375, 3, 0], "texture": "#0"},
				"down": {"uv": [0.375, 3.5, 0, 6.9375], "texture": "#0"}
			}
		},
		{
			"from": [1.68995, 9.05807, -0.8],
			"to": [1.98995, 9.25807, 6.1],
			"rotation": {"angle": 45, "axis": "z", "origin": [9.58995, 15.25807, 1]},
			"faces": {
				"north": {"uv": [9.5, 14, 9.625, 14.125], "texture": "#0"},
				"east": {"uv": [8.5, 3, 11.9375, 3.125], "texture": "#0"},
				"south": {"uv": [14, 9.5, 14.125, 9.625], "texture": "#0"},
				"west": {"uv": [8.5, 3.5, 11.9375, 3.625], "texture": "#0"},
				"up": {"uv": [1.125, 11.9375, 1, 8.5], "texture": "#0"},
				"down": {"uv": [1.625, 8.5, 1.5, 11.9375], "texture": "#0"}
			}
		},
		{
			"from": [7.4, 5.2, 6.1],
			"to": [8.6, 6.1, 7.4],
			"rotation": {"angle": 0, "axis": "y", "origin": [0, 0, 1]},
			"faces": {
				"north": {"uv": [10, 7.5, 10.625, 7.9375], "texture": "#0"},
				"east": {"uv": [10, 8, 10.625, 8.4375], "texture": "#0"},
				"south": {"uv": [10, 8.5, 10.625, 8.9375], "texture": "#0"},
				"west": {"uv": [10, 9, 10.625, 9.4375], "texture": "#0"},
				"up": {"uv": [9.125, 8.625, 8.5, 8], "texture": "#0"},
				"down": {"uv": [9.625, 6.5, 9, 7.125], "texture": "#0"}
			}
		},
		{
			"from": [7.6, 6.1, 6.1],
			"to": [8.4, 6.3, 7.4],
			"rotation": {"angle": 0, "axis": "y", "origin": [0, 0, 1]},
			"faces": {
				"north": {"uv": [13.5, 0.5, 13.875, 0.625], "texture": "#0"},
				"east": {"uv": [5.5, 12.5, 6.125, 12.625], "texture": "#0"},
				"south": {"uv": [1, 13.5, 1.375, 13.625], "texture": "#0"},
				"west": {"uv": [12.5, 5.5, 13.125, 5.625], "texture": "#0"},
				"up": {"uv": [11.375, 4.625, 11, 4], "texture": "#0"},
				"down": {"uv": [5.375, 11, 5, 11.625], "texture": "#0"}
			}
		},
		{
			"from": [14.08076, 2.37122, 6.1],
			"to": [14.38076, 2.57122, 7.4],
			"rotation": {"angle": 45, "axis": "z", "origin": [6.48076, -3.72878, 1]},
			"faces": {
				"north": {"uv": [10, 14, 10.125, 14.125], "texture": "#0"},
				"east": {"uv": [12.5, 6, 13.125, 6.125], "texture": "#0"},
				"south": {"uv": [14, 10, 14.125, 10.125], "texture": "#0"},
				"west": {"uv": [6.5, 12.5, 7.125, 12.625], "texture": "#0"},
				"up": {"uv": [12.625, 7.125, 12.5, 6.5], "texture": "#0"},
				"down": {"uv": [7.625, 12.5, 7.5, 13.125], "texture": "#0"}
			}
		},
		{
			"from": [1.61924, 2.37122, 6.1],
			"to": [1.91924, 2.57122, 7.4],
			"rotation": {"angle": -45, "axis": "z", "origin": [9.51924, -3.72878, 1]},
			"faces": {
				"north": {"uv": [10.5, 14, 10.625, 14.125], "texture": "#0"},
				"east": {"uv": [12.5, 7.5, 13.125, 7.625], "texture": "#0"},
				"south": {"uv": [14, 10.5, 14.125, 10.625], "texture": "#0"},
				"west": {"uv": [8, 12.5, 8.625, 12.625], "texture": "#0"},
				"up": {"uv": [12.625, 8.625, 12.5, 8], "texture": "#0"},
				"down": {"uv": [9.125, 12.5, 9, 13.125], "texture": "#0"}
			}
		},
		{
			"from": [14.08076, 8.72878, 6.1],
			"to": [14.38076, 8.92878, 7.4],
			"rotation": {"angle": -45, "axis": "z", "origin": [6.48076, 15.02878, 1]},
			"faces": {
				"north": {"uv": [11, 14, 11.125, 14.125], "texture": "#0"},
				"east": {"uv": [12.5, 9, 13.125, 9.125], "texture": "#0"},
				"south": {"uv": [14, 11, 14.125, 11.125], "texture": "#0"},
				"west": {"uv": [9.5, 12.5, 10.125, 12.625], "texture": "#0"},
				"up": {"uv": [12.625, 10.125, 12.5, 9.5], "texture": "#0"},
				"down": {"uv": [10.625, 12.5, 10.5, 13.125], "texture": "#0"}
			}
		},
		{
			"from": [7.6, 5, 6.1],
			"to": [8.4, 5.2, 7.4],
			"rotation": {"angle": 0, "axis": "y", "origin": [0, 11.3, 1]},
			"faces": {
				"north": {"uv": [13.5, 1, 13.875, 1.125], "texture": "#0"},
				"east": {"uv": [12.5, 10.5, 13.125, 10.625], "texture": "#0"},
				"south": {"uv": [1.5, 13.5, 1.875, 13.625], "texture": "#0"},
				"west": {"uv": [11, 12.5, 11.625, 12.625], "texture": "#0"},
				"up": {"uv": [6.375, 11.625, 6, 11], "texture": "#0"},
				"down": {"uv": [11.375, 7.5, 11, 8.125], "texture": "#0"}
			}
		},
		{
			"from": [1.61924, 8.72878, 6.1],
			"to": [1.91924, 8.92878, 7.4],
			"rotation": {"angle": 45, "axis": "z", "origin": [9.51924, 15.02878, 1]},
			"faces": {
				"north": {"uv": [11.5, 14, 11.625, 14.125], "texture": "#0"},
				"east": {"uv": [12.5, 11, 13.125, 11.125], "texture": "#0"},
				"south": {"uv": [14, 11.5, 14.125, 11.625], "texture": "#0"},
				"west": {"uv": [12.5, 11.5, 13.125, 11.625], "texture": "#0"},
				"up": {"uv": [12.125, 13.125, 12, 12.5], "texture": "#0"},
				"down": {"uv": [12.625, 12, 12.5, 12.625], "texture": "#0"}
			}
		}
	],
	"display": {
		"thirdperson_righthand": {
			"translation": [0, 2.5, -0.5]
		},
		"thirdperson_lefthand": {
			"scale": [0, 0, 0]
		},
		"firstperson_righthand": {
			"rotation": [0, 0, -30],
			"translation": [-3, 17.5, 2.25]
		},
		"firstperson_lefthand": {
			"rotation": [0, 95, 0],
			"translation": [-8.5, 10.5, -1.5]
		},
		"gui": {
			"rotation": [15.75, 39, 0],
			"translation": [0.5, 3, 0]
		}
	},
	"groups": [
		{
			"name": "g8a1",
			"origin": [8, 8, 8],
			"color": 0,
			"children": [
				{
					"name": "wei",
					"origin": [8, 8, 8],
					"color": 0,
					"children": [0, 1, 2, 3, 4]
				},
				{
					"name": "main",
					"origin": [8, 8, 8],
					"color": 0,
					"children": [5, 6, 7, 8,
						{
							"name": "group",
							"origin": [3.05136, -2.73477, 0],
							"color": 0,
							"children": [9, 10, 11,
								{
									"name": "group",
									"origin": [0, 0, 1],
									"color": 0,
									"children": [12, 13, 14, 15, 16, 17, 18]
								}, 19, 20]
						}, 21, 22,
						{
							"name": "group",
							"origin": [0, 0, 0],
							"color": 0,
							"children": [23, 24, 25, 26, 27, 28, 29, 30, 31, 32,
								{
									"name": "group",
									"origin": [0, 0, 0],
									"color": 0,
									"children": [33, 34, 35, 36, 37, 38]
								},
								{
									"name": "group",
									"origin": [0, 0, 0],
									"color": 0,
									"children": [39, 40, 41, 42]
								}
							]
						}
					]
				},
				{
					"name": "head",
					"origin": [8, 8, 8],
					"color": 0,
					"children": [43, 44, 45, 46, 47, 48, 49,
						{
							"name": "group",
							"origin": [0, 0, 0],
							"color": 0,
							"children": [50, 51, 52, 53, 54]
						},
						{
							"name": "group",
							"origin": [0, 0, 0],
							"color": 0,
							"children": [55, 56, 57, 58, 59, 60, 61]
						},
						{
							"name": "group",
							"origin": [9.51924, 15.02878, 0],
							"color": 0,
							"children": [62, 63, 64, 65, 66, 67, 68]
						}
					]
				}
			]
		}
	]
}