{
	"credit": "Made with Blockbench",
	"texture_size": [64, 64],
	"textures": {
		"0": "nw:stand/skins/b4c"
	},
	"elements": [
		{
			"name": "Head",
			"from": [4, 9, 4],
			"to": [12, 17, 12],
			"rotation": {"angle": 45, "axis": "y", "origin": [8, 8, 8]},
			"faces": {
				"north": {"uv": [2, 2, 4, 4], "texture": "#0"},
				"east": {"uv": [0, 2, 2, 4], "texture": "#0"},
				"south": {"uv": [6, 2, 8, 4], "texture": "#0"},
				"west": {"uv": [4, 2, 6, 4], "texture": "#0"},
				"up": {"uv": [4, 2, 2, 0], "texture": "#0"},
				"down": {"uv": [6, 0, 4, 2], "texture": "#0"}
			}
		},
		{
			"name": "Hat Layer",
			"from": [3.5, 8.5, 3.5],
			"to": [12.5, 17.5, 12.5],
			"rotation": {"angle": 45, "axis": "y", "origin": [8, 8, 8]},
			"faces": {
				"north": {"uv": [10, 2, 12, 4], "texture": "#0"},
				"east": {"uv": [8, 2, 10, 4], "texture": "#0"},
				"south": {"uv": [14, 2, 16, 4], "texture": "#0"},
				"west": {"uv": [12, 2, 14, 4], "texture": "#0"},
				"up": {"uv": [12, 2, 10, 0], "texture": "#0"},
				"down": {"uv": [14, 0, 12, 2], "texture": "#0"}
			}
		},
		{
			"name": "ear",
			"from": [10, 22, 6],
			"to": [11.75, 27, 10.5],
			"rotation": {"angle": 45, "axis": "y", "origin": [8, 8, 8]},
			"faces": {
				"north": {"uv": [6.9375, 13.5, 6.3125, 14.75], "texture": "#0"},
				"east": {"uv": [8, 13.25, 7, 14.75], "texture": "#0"},
				"south": {"uv": [8, 13.25, 7, 14.75], "texture": "#0"},
				"west": {"uv": [5, 13.5, 4, 15], "texture": "#0"},
				"up": {"uv": [5, 13, 6, 12], "texture": "#0"},
				"down": {"uv": [5, 12, 6, 13], "texture": "#0"}
			}
		},
		{
			"name": "ear",
			"from": [10.25, 27, 6.25],
			"to": [11.5, 32, 10.25],
			"rotation": {"angle": 45, "axis": "y", "origin": [8, 8, 8]},
			"faces": {
				"north": {"uv": [6.875, 13.25, 6.375, 14.5], "texture": "#0"},
				"east": {"uv": [8, 13.25, 7, 14.75], "texture": "#0"},
				"south": {"uv": [8, 13.25, 7, 14.75], "texture": "#0"},
				"west": {"uv": [5, 13.5, 4, 15], "texture": "#0"},
				"up": {"uv": [5, 13, 6, 12], "texture": "#0"},
				"down": {"uv": [6, 12, 7, 13], "texture": "#0"}
			}
		},
		{
			"name": "ear",
			"from": [9.75, 17, 5.75],
			"to": [12, 22, 10.75],
			"rotation": {"angle": 45, "axis": "y", "origin": [8, 8, 8]},
			"faces": {
				"north": {"uv": [7, 13.25, 6.25, 14.5], "texture": "#0"},
				"east": {"uv": [8, 13.25, 7, 14.75], "texture": "#0"},
				"south": {"uv": [8, 13.25, 7, 14.75], "texture": "#0"},
				"west": {"uv": [5, 13.5, 4, 15], "texture": "#0"},
				"up": {"uv": [6, 12, 5, 13], "rotation": 90, "texture": "#0"},
				"down": {"uv": [5, 12, 6, 13], "texture": "#0"}
			}
		},
		{
			"name": "ear",
			"from": [4, 17, 5.75],
			"to": [6.25, 22, 10.75],
			"rotation": {"angle": 45, "axis": "y", "origin": [8, 8, 8]},
			"faces": {
				"north": {"uv": [6.25, 13.25, 7, 14.5], "texture": "#0"},
				"east": {"uv": [4, 13.5, 5, 15], "texture": "#0"},
				"south": {"uv": [7, 13.25, 8, 14.75], "texture": "#0"},
				"west": {"uv": [7, 13.25, 8, 14.75], "texture": "#0"},
				"up": {"uv": [6, 13, 5, 12], "rotation": 90, "texture": "#0"},
				"down": {"uv": [6, 12, 5, 13], "texture": "#0"}
			}
		},
		{
			"name": "ear",
			"from": [4.25, 22, 6],
			"to": [6, 27, 10.5],
			"rotation": {"angle": 45, "axis": "y", "origin": [8, 8, 8]},
			"faces": {
				"north": {"uv": [6.3125, 13.5, 6.9375, 14.75], "texture": "#0"},
				"east": {"uv": [4, 13.5, 5, 15], "texture": "#0"},
				"south": {"uv": [7, 13.25, 8, 14.75], "texture": "#0"},
				"west": {"uv": [7, 13.25, 8, 14.75], "texture": "#0"},
				"up": {"uv": [6, 13, 5, 12], "texture": "#0"},
				"down": {"uv": [6, 12, 5, 13], "texture": "#0"}
			}
		},
		{
			"name": "ear",
			"from": [4.5, 27, 6.25],
			"to": [5.75, 32, 10.25],
			"rotation": {"angle": 45, "axis": "y", "origin": [8, 8, 8]},
			"faces": {
				"north": {"uv": [6.375, 13.25, 6.875, 14.5], "texture": "#0"},
				"east": {"uv": [4, 13.5, 5, 15], "texture": "#0"},
				"south": {"uv": [7, 13.25, 8, 14.75], "texture": "#0"},
				"west": {"uv": [7, 13.25, 8, 14.75], "texture": "#0"},
				"up": {"uv": [6, 13, 5, 12], "texture": "#0"},
				"down": {"uv": [7, 12, 6, 13], "texture": "#0"}
			}
		},
		{
			"name": "Body",
			"from": [4, 3, 5.75],
			"to": [12, 9, 10.25],
			"rotation": {"angle": 22.5, "axis": "z", "origin": [8, 8, 8]},
			"faces": {
				"north": {"uv": [5, 5, 7, 6.5], "texture": "#0"},
				"east": {"uv": [4, 5, 5, 6.5], "texture": "#0"},
				"south": {"uv": [8, 5, 10, 6.5], "texture": "#0"},
				"west": {"uv": [7, 5, 8, 6.5], "texture": "#0"},
				"up": {"uv": [7, 5, 5, 4], "texture": "#0"},
				"down": {"uv": [9, 4, 7, 5], "texture": "#0"}
			}
		},
		{
			"name": "Body Layer",
			"from": [3.75, 2.75, 5.5],
			"to": [12.25, 9.25, 10.5],
			"rotation": {"angle": 22.5, "axis": "z", "origin": [8, 8, 8]},
			"faces": {
				"north": {"uv": [5, 9, 7, 10.5], "texture": "#0"},
				"east": {"uv": [4, 9, 5, 10.5], "texture": "#0"},
				"south": {"uv": [8, 9, 10, 10.5], "texture": "#0"},
				"west": {"uv": [7, 9, 8, 10.5], "texture": "#0"},
				"up": {"uv": [7, 9, 5, 8], "texture": "#0"},
				"down": {"uv": [2, 0, 0, 1], "texture": "#0"}
			}
		},
		{
			"name": "Body",
			"from": [4.25, -3, 6],
			"to": [11.75, 3, 10],
			"rotation": {"angle": 22.5, "axis": "z", "origin": [8, 8, 8]},
			"faces": {
				"north": {"uv": [5, 6.5, 7, 8], "texture": "#0"},
				"east": {"uv": [4, 6.5, 5, 8], "texture": "#0"},
				"south": {"uv": [8, 6.5, 10, 8], "texture": "#0"},
				"west": {"uv": [7, 6.5, 8, 8], "texture": "#0"},
				"up": {"uv": [7, 6.5, 5, 5.5], "texture": "#0"},
				"down": {"uv": [2, 1, 0, 2], "texture": "#0"}
			}
		},
		{
			"name": "Body Layer",
			"from": [4, -3.25, 5.75],
			"to": [12, 3.25, 10.25],
			"rotation": {"angle": 22.5, "axis": "z", "origin": [8, 8, 8]},
			"faces": {
				"north": {"uv": [5, 10.5, 7, 12], "texture": "#0"},
				"east": {"uv": [4, 10.5, 5, 12], "texture": "#0"},
				"south": {"uv": [8, 10.5, 10, 12], "texture": "#0"},
				"west": {"uv": [7, 10.5, 8, 12], "texture": "#0"},
				"up": {"uv": [7, 9, 5, 8], "texture": "#0"},
				"down": {"uv": [2, 0, 0, 1], "texture": "#0"}
			}
		},
		{
			"name": "Right Arm",
			"from": [13, 5, 5],
			"to": [19, 9, 9],
			"rotation": {"angle": 45, "axis": "y", "origin": [14, 7, 8]},
			"faces": {
				"north": {"uv": [11, 5, 12, 6.5], "rotation": 90, "texture": "#0"},
				"east": {"uv": [13, 4, 12, 5], "rotation": 270, "texture": "#0"},
				"south": {"uv": [13, 5, 14, 6.5], "rotation": 270, "texture": "#0"},
				"west": {"uv": [12, 5, 11, 4], "rotation": 270, "texture": "#0"},
				"up": {"uv": [10, 5, 11, 6.5], "rotation": 270, "texture": "#0"},
				"down": {"uv": [12, 5, 13, 6.5], "rotation": 270, "texture": "#0"}
			}
		},
		{
			"name": "Right Arm Layer",
			"from": [12.75, 4.75, 4.75],
			"to": [19.25, 9.25, 9.25],
			"rotation": {"angle": 45, "axis": "y", "origin": [14, 7, 8]},
			"faces": {
				"north": {"uv": [11, 9, 12, 10.5], "rotation": 90, "texture": "#0"},
				"east": {"uv": [11, 8, 10, 9], "rotation": 270, "texture": "#0"},
				"south": {"uv": [13, 9, 14, 10.5], "rotation": 270, "texture": "#0"},
				"west": {"uv": [12, 9, 11, 8], "rotation": 270, "texture": "#0"},
				"up": {"uv": [10, 9, 11, 10.5], "rotation": 270, "texture": "#0"},
				"down": {"uv": [12, 9, 13, 10.5], "rotation": 270, "texture": "#0"}
			}
		},
		{
			"name": "Right Arm",
			"from": [14.76118, 6.53701, 0.31703],
			"to": [18.76118, 12.53701, 4.31703],
			"rotation": {"angle": 22.5, "axis": "z", "origin": [16.23044, 5.53701, 2.62151]},
			"faces": {
				"north": {"uv": [13, 6.5, 14, 8], "rotation": 180, "texture": "#0"},
				"east": {"uv": [10, 6.5, 11, 8], "rotation": 180, "texture": "#0"},
				"south": {"uv": [11, 6.5, 12, 8], "rotation": 180, "texture": "#0"},
				"west": {"uv": [12, 6.5, 13, 8], "rotation": 180, "texture": "#0"},
				"up": {"uv": [13, 4, 12, 5], "texture": "#0"},
				"down": {"uv": [12, 6.5, 11, 5.5], "texture": "#0"}
			}
		},
		{
			"name": "Right Arm Layer",
			"from": [14.51118, 6.28701, 0.06703],
			"to": [19.01118, 12.78701, 4.56703],
			"rotation": {"angle": 22.5, "axis": "z", "origin": [16.23044, 5.53701, 2.62151]},
			"faces": {
				"north": {"uv": [13, 10.5, 14, 12], "rotation": 180, "texture": "#0"},
				"east": {"uv": [10, 10.5, 11, 12], "rotation": 180, "texture": "#0"},
				"south": {"uv": [11, 10.5, 12, 12], "rotation": 180, "texture": "#0"},
				"west": {"uv": [12, 10.5, 13, 12], "rotation": 180, "texture": "#0"},
				"up": {"uv": [13, 8, 12, 9], "texture": "#0"},
				"down": {"uv": [11, 9, 10, 8], "texture": "#0"}
			}
		},
		{
			"name": "Left Arm",
			"from": [-2, 5, 6],
			"to": [4, 9, 10],
			"rotation": {"angle": -22.5, "axis": "y", "origin": [2, 7, 8]},
			"faces": {
				"north": {"uv": [9, 13, 10, 14.5], "rotation": 270, "texture": "#0"},
				"east": {"uv": [10, 13, 9, 12], "rotation": 90, "texture": "#0"},
				"south": {"uv": [11, 13, 12, 14.5], "rotation": 90, "texture": "#0"},
				"west": {"uv": [11, 12, 10, 13], "rotation": 90, "texture": "#0"},
				"up": {"uv": [10, 13, 11, 14.5], "rotation": 90, "texture": "#0"},
				"down": {"uv": [8, 13, 9, 14.5], "rotation": 90, "texture": "#0"}
			}
		},
		{
			"name": "Left Arm Layer",
			"from": [-2.25, 4.75, 5.75],
			"to": [4.25, 9.25, 10.25],
			"rotation": {"angle": -22.5, "axis": "y", "origin": [2, 7, 8]},
			"faces": {
				"north": {"uv": [13, 13, 14, 14.5], "rotation": 270, "texture": "#0"},
				"east": {"uv": [14, 13, 13, 12], "rotation": 90, "texture": "#0"},
				"south": {"uv": [15, 13, 16, 14.5], "rotation": 90, "texture": "#0"},
				"west": {"uv": [13, 12, 12, 13], "rotation": 90, "texture": "#0"},
				"up": {"uv": [14, 13, 15, 14.5], "rotation": 90, "texture": "#0"},
				"down": {"uv": [12, 13, 13, 14.5], "rotation": 90, "texture": "#0"}
			}
		},
		{
			"name": "Left Arm",
			"from": [-1.08239, 5, 1.24718],
			"to": [2.91761, 9, 7.24718],
			"rotation": {"angle": 22.5, "axis": "y", "origin": [0.91761, 7, 11.24718]},
			"faces": {
				"north": {"uv": [11, 12, 10, 13], "rotation": 90, "texture": "#0"},
				"east": {"uv": [9, 14.5, 10, 16], "rotation": 270, "texture": "#0"},
				"south": {"uv": [10, 14.5, 9, 13.5], "rotation": 90, "texture": "#0"},
				"west": {"uv": [11, 14.5, 12, 16], "rotation": 90, "texture": "#0"},
				"up": {"uv": [10, 14.5, 11, 16], "rotation": 180, "texture": "#0"},
				"down": {"uv": [8, 14.5, 9, 16], "texture": "#0"}
			}
		},
		{
			"name": "Left Arm Layer",
			"from": [-1.33239, 4.75, 0.99718],
			"to": [3.16761, 9.25, 7.49718],
			"rotation": {"angle": 22.5, "axis": "y", "origin": [0.91761, 7, 11.24718]},
			"faces": {
				"north": {"uv": [15, 12, 14, 13], "rotation": 90, "texture": "#0"},
				"east": {"uv": [13, 14.5, 14, 16], "rotation": 270, "texture": "#0"},
				"south": {"uv": [13, 13, 12, 12], "rotation": 90, "texture": "#0"},
				"west": {"uv": [15, 14.5, 16, 16], "rotation": 90, "texture": "#0"},
				"up": {"uv": [14, 14.5, 15, 16], "rotation": 180, "texture": "#0"},
				"down": {"uv": [12, 14.5, 13, 16], "texture": "#0"}
			}
		},
		{
			"name": "Right Leg",
			"from": [11.9, -9, 6],
			"to": [15.65, -3, 10],
			"rotation": {"angle": 22.5, "axis": "z", "origin": [12, -3, 8]},
			"faces": {
				"north": {"uv": [1, 5, 2, 6.5], "texture": "#0"},
				"east": {"uv": [0, 5, 1, 6.5], "texture": "#0"},
				"south": {"uv": [3, 5, 4, 6.5], "texture": "#0"},
				"west": {"uv": [2, 5, 3, 6.5], "texture": "#0"},
				"up": {"uv": [2, 5, 1, 4], "texture": "#0"},
				"down": {"uv": [3, 4, 2, 5], "texture": "#0"}
			}
		},
		{
			"name": "Right Leg Layer",
			"from": [11.65, -9.25, 5.75],
			"to": [15.9, -2.75, 10.25],
			"rotation": {"angle": 22.5, "axis": "z", "origin": [12, -3, 8]},
			"faces": {
				"north": {"uv": [1, 9, 2, 10.5], "texture": "#0"},
				"east": {"uv": [0, 9, 1, 10.5], "texture": "#0"},
				"south": {"uv": [3, 9, 4, 10.5], "texture": "#0"},
				"west": {"uv": [2, 9, 3, 10.5], "texture": "#0"},
				"up": {"uv": [2, 9, 1, 8], "texture": "#0"},
				"down": {"uv": [1, 8, 0, 9], "texture": "#0"}
			}
		},
		{
			"name": "Right Leg",
			"from": [11.9, -15, 6],
			"to": [15.65, -9, 10],
			"rotation": {"angle": 22.5, "axis": "z", "origin": [12, -3, 8]},
			"faces": {
				"north": {"uv": [1, 6.5, 2, 8], "texture": "#0"},
				"east": {"uv": [0, 6.5, 1, 8], "texture": "#0"},
				"south": {"uv": [3, 6.5, 4, 8], "texture": "#0"},
				"west": {"uv": [2, 6.5, 3, 8], "texture": "#0"},
				"up": {"uv": [2, 6.5, 1, 5.5], "texture": "#0"},
				"down": {"uv": [3, 4, 2, 5], "texture": "#0"}
			}
		},
		{
			"name": "Right Leg Layer",
			"from": [11.65, -15.25, 5.75],
			"to": [15.9, -8.75, 10.25],
			"rotation": {"angle": 22.5, "axis": "z", "origin": [12, -3, 8]},
			"faces": {
				"north": {"uv": [1, 10.5, 2, 12], "texture": "#0"},
				"east": {"uv": [0, 10.5, 1, 12], "texture": "#0"},
				"south": {"uv": [3, 10.5, 4, 12], "texture": "#0"},
				"west": {"uv": [2, 10.5, 3, 12], "texture": "#0"},
				"up": {"uv": [4, 9, 3, 8], "texture": "#0"},
				"down": {"uv": [3, 8, 2, 9], "texture": "#0"}
			}
		},
		{
			"name": "Left Leg",
			"from": [8.35, -9, 6],
			"to": [12.1, -3, 10],
			"rotation": {"angle": 45, "axis": "x", "origin": [12, -3, 8]},
			"faces": {
				"north": {"uv": [5, 13, 6, 14.5], "texture": "#0"},
				"east": {"uv": [4, 13, 5, 14.5], "texture": "#0"},
				"south": {"uv": [7, 13, 8, 14.5], "texture": "#0"},
				"west": {"uv": [6, 13, 7, 14.5], "texture": "#0"},
				"up": {"uv": [6, 13, 5, 12], "texture": "#0"},
				"down": {"uv": [7, 12, 6, 13], "texture": "#0"}
			}
		},
		{
			"name": "Left Leg Layer",
			"from": [8.1, -9.25, 5.75],
			"to": [12.35, -2.75, 10.25],
			"rotation": {"angle": 45, "axis": "x", "origin": [12, -3, 8]},
			"faces": {
				"north": {"uv": [1, 13, 2, 14.5], "texture": "#0"},
				"east": {"uv": [0, 13, 1, 14.5], "texture": "#0"},
				"south": {"uv": [3, 13, 4, 14.5], "texture": "#0"},
				"west": {"uv": [2, 13, 3, 14.5], "texture": "#0"},
				"up": {"uv": [2, 13, 1, 12], "texture": "#0"},
				"down": {"uv": [1, 12, 0, 13], "texture": "#0"}
			}
		},
		{
			"name": "Left Leg",
			"from": [8.35, -11.82843, 2.34315],
			"to": [12.1, -5.82843, 6.34315],
			"rotation": {"angle": 0, "axis": "x", "origin": [12, 0.17157, 4.34315]},
			"faces": {
				"north": {"uv": [5, 14.5, 6, 16], "texture": "#0"},
				"east": {"uv": [4, 14.5, 5, 16], "texture": "#0"},
				"south": {"uv": [7, 14.5, 8, 16], "texture": "#0"},
				"west": {"uv": [6, 14.5, 7, 16], "texture": "#0"},
				"up": {"uv": [6, 14.5, 5, 13.5], "texture": "#0"},
				"down": {"uv": [7, 12, 6, 13], "texture": "#0"}
			}
		},
		{
			"name": "Left Leg Layer",
			"from": [8.1, -12.07843, 2.09315],
			"to": [12.35, -5.57843, 6.59315],
			"rotation": {"angle": 0, "axis": "x", "origin": [12, 0.17157, 4.34315]},
			"faces": {
				"north": {"uv": [1, 14.5, 2, 16], "texture": "#0"},
				"east": {"uv": [0, 14.5, 1, 16], "texture": "#0"},
				"south": {"uv": [3, 14.5, 4, 16], "texture": "#0"},
				"west": {"uv": [2, 14.5, 3, 16], "texture": "#0"},
				"up": {"uv": [4, 13, 3, 12], "texture": "#0"},
				"down": {"uv": [3, 12, 2, 13], "texture": "#0"}
			}
		}
	],
	"display": {
		"head": {
			"translation": [0, -12.75, 0],
			"scale": [1.6, 1.6, 1.6]
		}
	},
	"groups": [
		{
			"name": "Head",
			"origin": [0, 24, 0],
			"color": 0,
			"children": [
				0,
				1,
				{
					"name": "ears",
					"origin": [8, 8, 8],
					"color": 0,
					"children": [2, 3, 4, 5, 6, 7]
				}
			]
		},
		{
			"name": "Body",
			"origin": [0, 24, 0],
			"color": 0,
			"children": [
				8,
				9,
				{
					"name": "Body",
					"origin": [0, 24, 0],
					"color": 0,
					"children": [10, 11]
				}
			]
		},
		{
			"name": "RightArm",
			"origin": [5, 22, 0],
			"color": 0,
			"children": [
				12,
				13,
				{
					"name": "RightArm",
					"origin": [5, 22, 0],
					"color": 0,
					"children": [14, 15]
				}
			]
		},
		{
			"name": "LeftArm",
			"origin": [-5, 22, 0],
			"color": 0,
			"children": [
				16,
				17,
				{
					"name": "LeftArm",
					"origin": [-5, 22, 0],
					"color": 0,
					"children": [18, 19]
				}
			]
		},
		{
			"name": "RightLeg",
			"origin": [1.9, 12, 0],
			"color": 0,
			"children": [
				20,
				21,
				{
					"name": "RightLeg",
					"origin": [1.9, 12, 0],
					"color": 0,
					"children": [22, 23]
				}
			]
		},
		{
			"name": "LeftLeg",
			"origin": [-1.9, 12, 0],
			"color": 0,
			"children": [
				24,
				25,
				{
					"name": "LeftLeg",
					"origin": [-1.9, 12, 0],
					"color": 0,
					"children": [26, 27]
				}
			]
		}
	]
}