{
	"credit": "Made with Blockbench",
	"texture_size": [64, 64],
	"textures": {
		"0": "nw:stand/skins/dark_blue_moon"
	},
	"elements": [
		{
			"name": "Head",
			"from": [4, 21, -12],
			"to": [12, 29, -8],
			"rotation": {"angle": 45, "axis": "x", "origin": [0, -1, 0]},
			"faces": {
				"north": {"uv": [2, 2, 4, 4], "texture": "#0"},
				"east": {"uv": [0, 2, 2, 4], "texture": "#0"},
				"south": {"uv": [6, 2, 8, 4], "texture": "#0"},
				"west": {"uv": [4, 2, 6, 4], "texture": "#0"},
				"up": {"uv": [4, 2, 2, 0], "texture": "#0"},
				"down": {"uv": [6, 0, 4, 2], "texture": "#0"}
			}
		},
		{
			"name": "eye",
			"from": [9.5, 23.5, -12.15],
			"to": [10.5, 24.5, -11.65],
			"rotation": {"angle": 45, "axis": "x", "origin": [0, -1, 0]},
			"faces": {
				"north": {"uv": [0.25, 0.25, 1.75, 1.75], "texture": "#0"},
				"east": {"uv": [2.25, 3, 2.75, 3.5], "texture": "#0"},
				"south": {"uv": [6, 2, 8, 4], "texture": "#0"},
				"west": {"uv": [3.25, 3, 3.5, 3.5], "texture": "#0"},
				"up": {"uv": [2.75, 2.5, 2.25, 2.25], "texture": "#0"},
				"down": {"uv": [2.75, 3.25, 2.25, 3.5], "texture": "#0"}
			}
		},
		{
			"name": "eye",
			"from": [9.5, 26.5, -12.15],
			"to": [10.5, 27.5, -11.65],
			"rotation": {"angle": 45, "axis": "x", "origin": [0, -1, 0]},
			"faces": {
				"north": {"uv": [0.25, 0.25, 1.75, 1.75], "texture": "#0"},
				"east": {"uv": [2.25, 3, 2.75, 3.5], "texture": "#0"},
				"south": {"uv": [6, 2, 8, 4], "texture": "#0"},
				"west": {"uv": [3.25, 3, 3.5, 3.5], "texture": "#0"},
				"up": {"uv": [2.75, 2.5, 2.25, 2.25], "texture": "#0"},
				"down": {"uv": [2.75, 3.25, 2.25, 3.5], "texture": "#0"}
			}
		},
		{
			"name": "eye",
			"from": [5.5, 23.5, -12.15],
			"to": [6.5, 24.5, -11.65],
			"rotation": {"angle": 45, "axis": "x", "origin": [0, -1, 0]},
			"faces": {
				"north": {"uv": [0.25, 0.25, 1.75, 1.75], "texture": "#0"},
				"east": {"uv": [2.25, 3, 2.75, 3.5], "texture": "#0"},
				"south": {"uv": [6, 2, 8, 4], "texture": "#0"},
				"west": {"uv": [3.25, 3, 3.5, 3.5], "texture": "#0"},
				"up": {"uv": [2.75, 2.5, 2.25, 2.25], "texture": "#0"},
				"down": {"uv": [2.75, 3.25, 2.25, 3.5], "texture": "#0"}
			}
		},
		{
			"name": "eye",
			"from": [5.5, 26.5, -12.15],
			"to": [6.5, 27.5, -11.65],
			"rotation": {"angle": 45, "axis": "x", "origin": [0, -1, 0]},
			"faces": {
				"north": {"uv": [0.25, 0.25, 1.75, 1.75], "texture": "#0"},
				"east": {"uv": [2.25, 3, 2.75, 3.5], "texture": "#0"},
				"south": {"uv": [6, 2, 8, 4], "texture": "#0"},
				"west": {"uv": [3.25, 3, 3.5, 3.5], "texture": "#0"},
				"up": {"uv": [2.75, 2.5, 2.25, 2.25], "texture": "#0"},
				"down": {"uv": [2.75, 3.25, 2.25, 3.5], "texture": "#0"}
			}
		},
		{
			"name": "Hat Layer",
			"from": [3.5, 20.5, -12.5],
			"to": [12.5, 29.5, -7.5],
			"rotation": {"angle": 45, "axis": "x", "origin": [0, -1, 0]},
			"faces": {
				"north": {"uv": [10, 2, 12, 4], "texture": "#0"},
				"east": {"uv": [8, 2, 10, 4], "texture": "#0"},
				"south": {"uv": [14, 2, 16, 4], "texture": "#0"},
				"west": {"uv": [12, 2, 14, 4], "texture": "#0"},
				"up": {"uv": [12, 2, 10, 0], "texture": "#0"},
				"down": {"uv": [14, 0, 12, 2], "texture": "#0"}
			}
		},
		{
			"name": "head_details",
			"from": [6.5, 28, -10.5],
			"to": [6.5, 31.7, -9.5],
			"rotation": {"angle": 45, "axis": "x", "origin": [0, -1, 0]},
			"faces": {
				"north": {"uv": [10.5, 1, 10.75, 1.25], "texture": "#0"},
				"east": {"uv": [10.5, 0.75, 10.75, 1], "rotation": 270, "texture": "#0"},
				"south": {"uv": [10.5, 0.75, 10.75, 1], "texture": "#0"},
				"west": {"uv": [10.5, 0.75, 10.75, 1], "rotation": 90, "texture": "#0"},
				"up": {"uv": [10.5, 1.25, 10.75, 0.75], "texture": "#0"},
				"down": {"uv": [14, 0, 12, 2], "texture": "#0"}
			}
		},
		{
			"name": "head_details",
			"from": [9.5, 28, -10.5],
			"to": [9.5, 31.7, -9.5],
			"rotation": {"angle": 45, "axis": "x", "origin": [0, -1, 0]},
			"faces": {
				"north": {"uv": [10.5, 1, 10.75, 1.25], "texture": "#0"},
				"east": {"uv": [10.5, 0.75, 10.75, 1], "rotation": 270, "texture": "#0"},
				"south": {"uv": [10.5, 0.75, 10.75, 1], "texture": "#0"},
				"west": {"uv": [10.5, 0.75, 10.75, 1], "rotation": 90, "texture": "#0"},
				"up": {"uv": [10.5, 1.25, 10.75, 0.75], "texture": "#0"},
				"down": {"uv": [14, 0, 12, 2], "texture": "#0"}
			}
		},
		{
			"name": "head_details",
			"from": [6.5, 28.2, -13.5],
			"to": [6.5, 32, -10.5],
			"rotation": {"angle": 45, "axis": "x", "origin": [0, -1, 0]},
			"faces": {
				"north": {"uv": [10.5, 1, 10.75, 1.25], "texture": "#0"},
				"east": {"uv": [10.5, 1, 10.75, 1.25], "rotation": 270, "texture": "#0"},
				"south": {"uv": [10.5, 0.75, 10.75, 1], "texture": "#0"},
				"west": {"uv": [10.5, 1, 10.75, 1.25], "rotation": 90, "texture": "#0"},
				"up": {"uv": [10.5, 1.25, 10.75, 0.75], "texture": "#0"},
				"down": {"uv": [14, 0, 12, 2], "texture": "#0"}
			}
		},
		{
			"name": "head_details",
			"from": [9.5, 28.2, -13.5],
			"to": [9.5, 32, -10.5],
			"rotation": {"angle": 45, "axis": "x", "origin": [0, -1, 0]},
			"faces": {
				"north": {"uv": [10.5, 1, 10.75, 1.25], "texture": "#0"},
				"east": {"uv": [10.5, 1, 10.75, 1.25], "rotation": 270, "texture": "#0"},
				"south": {"uv": [10.5, 0.75, 10.75, 1], "texture": "#0"},
				"west": {"uv": [10.5, 1, 10.75, 1.25], "rotation": 90, "texture": "#0"},
				"up": {"uv": [10.5, 1.25, 10.75, 0.75], "texture": "#0"},
				"down": {"uv": [14, 0, 12, 2], "texture": "#0"}
			}
		},
		{
			"name": "head_details",
			"from": [6.5, 28, -8.5],
			"to": [6.5, 31.2, -7.5],
			"rotation": {"angle": 45, "axis": "x", "origin": [0, -1, 0]},
			"faces": {
				"north": {"uv": [10.5, 1, 10.75, 1.25], "texture": "#0"},
				"east": {"uv": [10.5, 0, 10.75, 0.25], "rotation": 270, "texture": "#0"},
				"south": {"uv": [10.5, 0.75, 10.75, 1], "texture": "#0"},
				"west": {"uv": [10.5, 0, 10.75, 0.25], "rotation": 90, "texture": "#0"},
				"up": {"uv": [10.5, 1.25, 10.75, 0.75], "texture": "#0"},
				"down": {"uv": [14, 0, 12, 2], "texture": "#0"}
			}
		},
		{
			"name": "head_details",
			"from": [9.5, 28, -8.5],
			"to": [9.5, 31.2, -7.5],
			"rotation": {"angle": 45, "axis": "x", "origin": [0, -1, 0]},
			"faces": {
				"north": {"uv": [10.5, 1, 10.75, 1.25], "texture": "#0"},
				"east": {"uv": [10.5, 0, 10.75, 0.25], "rotation": 270, "texture": "#0"},
				"south": {"uv": [10.5, 0.75, 10.75, 1], "texture": "#0"},
				"west": {"uv": [10.5, 0, 10.75, 0.25], "rotation": 90, "texture": "#0"},
				"up": {"uv": [10.5, 1.25, 10.75, 0.75], "texture": "#0"},
				"down": {"uv": [14, 0, 12, 2], "texture": "#0"}
			}
		},
		{
			"name": "head_details",
			"from": [9.5, 28, -9.5],
			"to": [9.5, 31.4, -8.5],
			"rotation": {"angle": 45, "axis": "x", "origin": [0, -1, 0]},
			"faces": {
				"north": {"uv": [10.5, 1, 10.75, 1.25], "texture": "#0"},
				"east": {"uv": [10.5, 0.25, 10.75, 0.5], "rotation": 270, "texture": "#0"},
				"south": {"uv": [10.5, 0.75, 10.75, 1], "texture": "#0"},
				"west": {"uv": [10.5, 0.25, 10.75, 0.5], "rotation": 90, "texture": "#0"},
				"up": {"uv": [10.5, 1.25, 10.75, 0.75], "texture": "#0"},
				"down": {"uv": [14, 0, 12, 2], "texture": "#0"}
			}
		},
		{
			"name": "head_details",
			"from": [6.5, 28, -9.5],
			"to": [6.5, 31.4, -8.5],
			"rotation": {"angle": 45, "axis": "x", "origin": [0, -1, 0]},
			"faces": {
				"north": {"uv": [10.5, 1, 10.75, 1.25], "texture": "#0"},
				"east": {"uv": [10.5, 0.25, 10.75, 0.5], "rotation": 270, "texture": "#0"},
				"south": {"uv": [10.5, 0.75, 10.75, 1], "texture": "#0"},
				"west": {"uv": [10.5, 0.25, 10.75, 0.5], "rotation": 90, "texture": "#0"},
				"up": {"uv": [10.5, 1.25, 10.75, 0.75], "texture": "#0"},
				"down": {"uv": [14, 0, 12, 2], "texture": "#0"}
			}
		},
		{
			"name": "Body",
			"from": [4, 9, 13],
			"to": [12, 21, 17],
			"rotation": {"angle": 0, "axis": "y", "origin": [0, 4, -5]},
			"faces": {
				"north": {"uv": [5, 5, 7, 8], "texture": "#0"},
				"east": {"uv": [4, 5, 5, 8], "texture": "#0"},
				"south": {"uv": [8, 5, 10, 8], "texture": "#0"},
				"west": {"uv": [7, 5, 8, 8], "texture": "#0"},
				"up": {"uv": [7, 5, 5, 4], "texture": "#0"},
				"down": {"uv": [9, 4, 7, 5], "texture": "#0"}
			}
		},
		{
			"name": "Body",
			"from": [6, 21, 11],
			"to": [10, 25, 16],
			"rotation": {"angle": 0, "axis": "y", "origin": [0, 4, -5]},
			"faces": {
				"north": {"uv": [5, 4.25, 7, 5.5], "texture": "#0"},
				"east": {"uv": [5, 4.25, 6, 5], "texture": "#0"},
				"south": {"uv": [8, 5, 10, 5.5], "texture": "#0"},
				"west": {"uv": [6, 4.25, 7, 5], "texture": "#0"},
				"up": {"uv": [7, 5, 5, 4], "texture": "#0"},
				"down": {"uv": [9, 4, 7, 5], "texture": "#0"}
			}
		},
		{
			"name": "Body",
			"from": [5.8, 16.5, 8.5],
			"to": [10.3, 18.5, 11.5],
			"rotation": {"angle": 22.5, "axis": "x", "origin": [0, 4, -5]},
			"faces": {
				"north": {"uv": [13.75, 8.25, 16, 9.25], "texture": "#0"},
				"east": {"uv": [13.75, 8.25, 14, 9.25], "texture": "#0"},
				"south": {"uv": [8, 5, 10, 8], "texture": "#0"},
				"west": {"uv": [15.75, 8.25, 16, 9.25], "texture": "#0"},
				"up": {"uv": [7, 5, 5, 4], "texture": "#0"},
				"down": {"uv": [16, 9, 14, 9.5], "rotation": 180, "texture": "#0"}
			}
		},
		{
			"name": "Body",
			"from": [4, -2, 9.8],
			"to": [7.7, 0, 10.8],
			"rotation": {"angle": -22.5, "axis": "x", "origin": [0, 4, -5]},
			"faces": {
				"north": {"uv": [13.75, 9.25, 16, 10.25], "texture": "#0"},
				"east": {"uv": [13.75, 9.25, 14, 10.25], "texture": "#0"},
				"south": {"uv": [8, 5, 10, 8], "texture": "#0"},
				"west": {"uv": [15.75, 9.5, 16, 10.5], "texture": "#0"},
				"up": {"uv": [16, 10.5, 14, 10.25], "texture": "#0"},
				"down": {"uv": [16, 10.25, 14, 10.5], "rotation": 180, "texture": "#0"}
			}
		},
		{
			"name": "Body",
			"from": [8, -7, 13.3],
			"to": [11.7, -5, 14.3],
			"rotation": {"angle": -22.5, "axis": "x", "origin": [0, 4, -5]},
			"faces": {
				"north": {"uv": [13.75, 9.25, 16, 10.25], "texture": "#0"},
				"east": {"uv": [13.75, 9.25, 14, 10.25], "texture": "#0"},
				"south": {"uv": [8, 5, 10, 8], "texture": "#0"},
				"west": {"uv": [15.75, 9.5, 16, 10.5], "texture": "#0"},
				"up": {"uv": [16, 10.5, 14, 10.25], "texture": "#0"},
				"down": {"uv": [16, 10.25, 14, 10.5], "rotation": 180, "texture": "#0"}
			}
		},
		{
			"name": "Body",
			"from": [7, 13.5, 13.2],
			"to": [10, 15.5, 16.7],
			"rotation": {"angle": -22.5, "axis": "z", "origin": [0, 4, -5]},
			"faces": {
				"north": {"uv": [15.75, 8.25, 16, 9.25], "texture": "#0"},
				"east": {"uv": [13.75, 8.25, 16, 9.25], "texture": "#0"},
				"south": {"uv": [13.75, 8.25, 14, 9.25], "texture": "#0"},
				"west": {"uv": [8, 5, 10, 8], "texture": "#0"},
				"up": {"uv": [11.75, 2.25, 10.25, 1.5], "rotation": 90, "texture": "#0"},
				"down": {"uv": [16, 9, 14, 9.5], "rotation": 90, "texture": "#0"}
			}
		},
		{
			"name": "Body",
			"from": [6, 23, 13.2],
			"to": [9, 25, 16.7],
			"rotation": {"angle": -22.5, "axis": "z", "origin": [0, 4, -5]},
			"faces": {
				"north": {"uv": [15.75, 8.25, 16, 9.25], "texture": "#0"},
				"east": {"uv": [13.75, 8.25, 16, 9.25], "texture": "#0"},
				"south": {"uv": [13.75, 8.25, 14, 9.25], "texture": "#0"},
				"west": {"uv": [8, 5, 10, 8], "texture": "#0"},
				"up": {"uv": [11.75, 2.25, 10.25, 1.5], "rotation": 90, "texture": "#0"},
				"down": {"uv": [16, 9, 14, 9.5], "rotation": 90, "texture": "#0"}
			}
		},
		{
			"name": "Body",
			"from": [5, 7.5, 13.2],
			"to": [8, 9.5, 16.7],
			"rotation": {"angle": 22.5, "axis": "z", "origin": [0, 4, -5]},
			"faces": {
				"north": {"uv": [13.75, 8.25, 14, 9.25], "texture": "#0"},
				"east": {"uv": [8, 5, 10, 8], "texture": "#0"},
				"south": {"uv": [15.75, 8.25, 16, 9.25], "texture": "#0"},
				"west": {"uv": [13.75, 8.25, 16, 9.25], "texture": "#0"},
				"up": {"uv": [11.75, 2.25, 10.25, 1.5], "rotation": 270, "texture": "#0"},
				"down": {"uv": [16, 9, 14, 9.5], "rotation": 270, "texture": "#0"}
			}
		},
		{
			"name": "Body",
			"from": [5, 16.5, 12.2],
			"to": [8, 18.5, 15.7],
			"rotation": {"angle": 22.5, "axis": "z", "origin": [0, 4, -5]},
			"faces": {
				"north": {"uv": [13.75, 8.25, 14, 9.25], "texture": "#0"},
				"east": {"uv": [8, 5, 10, 8], "texture": "#0"},
				"south": {"uv": [15.75, 8.25, 16, 9.25], "texture": "#0"},
				"west": {"uv": [13.75, 8.25, 16, 9.25], "texture": "#0"},
				"up": {"uv": [11.75, 2.25, 10.25, 1.5], "rotation": 270, "texture": "#0"},
				"down": {"uv": [16, 9, 14, 9.5], "rotation": 270, "texture": "#0"}
			}
		},
		{
			"name": "Body Layer",
			"from": [3.75, 8.75, 12.9],
			"to": [12.25, 21.25, 17.4],
			"rotation": {"angle": 0, "axis": "y", "origin": [0, 4, -5]},
			"faces": {
				"north": {"uv": [5, 9, 7, 12], "texture": "#0"},
				"east": {"uv": [4, 9, 5, 12], "texture": "#0"},
				"south": {"uv": [8, 9.25, 10, 12], "texture": "#0"},
				"west": {"uv": [7, 9, 8, 12], "texture": "#0"},
				"up": {"uv": [7, 9, 5, 8], "texture": "#0"},
				"down": {"uv": [9, 8, 7, 9], "texture": "#0"}
			}
		},
		{
			"name": "body_detail",
			"from": [6.75, 18.75, 15.75],
			"to": [6.95, 22.05, 19.25],
			"rotation": {"angle": 0, "axis": "y", "origin": [0, 4, -5]},
			"faces": {
				"north": {"uv": [5, 9, 7, 12], "texture": "#0"},
				"east": {"uv": [8.5, 9, 8.75, 9.5], "texture": "#0"},
				"south": {"uv": [8.5, 9, 8.75, 9.5], "texture": "#0"},
				"west": {"uv": [8.5, 9, 8.75, 9.5], "texture": "#0"},
				"up": {"uv": [5.75, 8.25, 5.5, 8], "texture": "#0"},
				"down": {"uv": [8.75, 9.25, 8.5, 9.5], "texture": "#0"}
			}
		},
		{
			"name": "body_detail",
			"from": [9, 18.75, 15.75],
			"to": [9.2, 22.05, 19.25],
			"rotation": {"angle": 0, "axis": "y", "origin": [0, 4, -5]},
			"faces": {
				"north": {"uv": [5, 9, 7, 12], "texture": "#0"},
				"east": {"uv": [8.5, 9, 8.75, 9.5], "texture": "#0"},
				"south": {"uv": [8.5, 9, 8.75, 9.5], "texture": "#0"},
				"west": {"uv": [8.5, 9, 8.75, 9.5], "texture": "#0"},
				"up": {"uv": [5.75, 8.25, 5.5, 8], "texture": "#0"},
				"down": {"uv": [8.75, 9.25, 8.5, 9.5], "texture": "#0"}
			}
		},
		{
			"name": "body_detail",
			"from": [9, 15.75, 15.75],
			"to": [9.2, 18.75, 19.25],
			"rotation": {"angle": 0, "axis": "y", "origin": [0, 4, -5]},
			"faces": {
				"north": {"uv": [5, 9, 7, 12], "texture": "#0"},
				"east": {"uv": [8.5, 9.75, 8.75, 10.25], "texture": "#0"},
				"south": {"uv": [8.5, 9.75, 8.75, 10.25], "texture": "#0"},
				"west": {"uv": [8.5, 9.75, 8.75, 10.25], "texture": "#0"},
				"up": {"uv": [5.75, 8.25, 5.5, 8], "texture": "#0"},
				"down": {"uv": [8.75, 9.25, 8.5, 9.5], "texture": "#0"}
			}
		},
		{
			"name": "body_detail",
			"from": [6.75, 15.75, 15.75],
			"to": [6.95, 18.75, 19.25],
			"rotation": {"angle": 0, "axis": "y", "origin": [0, 4, -5]},
			"faces": {
				"north": {"uv": [5, 9, 7, 12], "texture": "#0"},
				"east": {"uv": [8.5, 9.75, 8.75, 10.25], "texture": "#0"},
				"south": {"uv": [8.5, 9.75, 8.75, 10.25], "texture": "#0"},
				"west": {"uv": [8.5, 9.75, 8.75, 10.25], "texture": "#0"},
				"up": {"uv": [5.75, 8.25, 5.5, 8], "texture": "#0"},
				"down": {"uv": [8.75, 9.25, 8.5, 9.5], "texture": "#0"}
			}
		},
		{
			"name": "body_detail",
			"from": [9, 12.75, 15.75],
			"to": [9.2, 15.75, 19.15],
			"rotation": {"angle": 0, "axis": "y", "origin": [0, 4, -5]},
			"faces": {
				"north": {"uv": [5, 9, 7, 12], "texture": "#0"},
				"east": {"uv": [8.5, 10.5, 8.75, 11], "texture": "#0"},
				"south": {"uv": [8.5, 10.5, 8.75, 11], "texture": "#0"},
				"west": {"uv": [8.5, 10.5, 8.75, 11], "texture": "#0"},
				"up": {"uv": [5.75, 8.25, 5.5, 8], "texture": "#0"},
				"down": {"uv": [8.75, 10.75, 8.5, 11], "texture": "#0"}
			}
		},
		{
			"name": "body_detail",
			"from": [6.75, 12.75, 15.75],
			"to": [6.95, 15.75, 19.15],
			"rotation": {"angle": 0, "axis": "y", "origin": [0, 4, -5]},
			"faces": {
				"north": {"uv": [5, 9, 7, 12], "texture": "#0"},
				"east": {"uv": [8.5, 10.5, 8.75, 11], "texture": "#0"},
				"south": {"uv": [8.5, 10.5, 8.75, 11], "texture": "#0"},
				"west": {"uv": [8.5, 10.5, 8.75, 11], "texture": "#0"},
				"up": {"uv": [5.75, 8.25, 5.5, 8], "texture": "#0"},
				"down": {"uv": [8.75, 10.75, 8.5, 11], "texture": "#0"}
			}
		},
		{
			"name": "body_detail",
			"from": [9, 18.75, 19.25],
			"to": [9, 21.75, 20.25],
			"rotation": {"angle": 0, "axis": "y", "origin": [0, 4, -5]},
			"faces": {
				"north": {"uv": [5, 9, 7, 12], "texture": "#0"},
				"east": {"uv": [8.5, 9, 8.75, 9.5], "texture": "#0"},
				"south": {"uv": [8.5, 9, 8.75, 9.5], "texture": "#0"},
				"west": {"uv": [8.5, 9, 8.75, 9.5], "texture": "#0"},
				"up": {"uv": [5.75, 8.25, 5.5, 8], "texture": "#0"},
				"down": {"uv": [8.75, 9.25, 8.5, 9.5], "texture": "#0"}
			}
		},
		{
			"name": "body_detail",
			"from": [7, 18.75, 19.25],
			"to": [7, 21.75, 20.25],
			"rotation": {"angle": 0, "axis": "y", "origin": [0, 4, -5]},
			"faces": {
				"north": {"uv": [5, 9, 7, 12], "texture": "#0"},
				"east": {"uv": [8.5, 9, 8.75, 9.5], "texture": "#0"},
				"south": {"uv": [8.5, 9, 8.75, 9.5], "texture": "#0"},
				"west": {"uv": [8.5, 9, 8.75, 9.5], "texture": "#0"},
				"up": {"uv": [5.75, 8.25, 5.5, 8], "texture": "#0"},
				"down": {"uv": [8.75, 9.25, 8.5, 9.5], "texture": "#0"}
			}
		},
		{
			"name": "body_detail",
			"from": [7, 15.75, 19.25],
			"to": [7, 18.75, 20.05],
			"rotation": {"angle": 0, "axis": "y", "origin": [0, 4, -5]},
			"faces": {
				"north": {"uv": [5, 9, 7, 12], "texture": "#0"},
				"east": {"uv": [8.5, 9.75, 8.75, 10.25], "texture": "#0"},
				"south": {"uv": [8.5, 9, 8.75, 9.5], "texture": "#0"},
				"west": {"uv": [8.5, 9.75, 8.75, 10.25], "texture": "#0"},
				"up": {"uv": [5.75, 8.25, 5.5, 8], "texture": "#0"},
				"down": {"uv": [8.75, 9.25, 8.5, 9.5], "texture": "#0"}
			}
		},
		{
			"name": "body_detail",
			"from": [7, 12.75, 19.1],
			"to": [7, 15.75, 19.7],
			"rotation": {"angle": 0, "axis": "y", "origin": [0, 4, -5]},
			"faces": {
				"north": {"uv": [5, 9, 7, 12], "texture": "#0"},
				"east": {"uv": [8.5, 10.5, 8.75, 11], "texture": "#0"},
				"south": {"uv": [8.5, 9, 8.75, 9.5], "texture": "#0"},
				"west": {"uv": [8.5, 10.5, 8.75, 11], "texture": "#0"},
				"up": {"uv": [5.75, 8.25, 5.5, 8], "texture": "#0"},
				"down": {"uv": [8.75, 9.25, 8.5, 9.5], "texture": "#0"}
			}
		},
		{
			"name": "body_detail",
			"from": [9, 15.75, 19.25],
			"to": [9, 18.75, 20.05],
			"rotation": {"angle": 0, "axis": "y", "origin": [0, 4, -5]},
			"faces": {
				"north": {"uv": [5, 9, 7, 12], "texture": "#0"},
				"east": {"uv": [8.5, 9.75, 8.75, 10.25], "texture": "#0"},
				"south": {"uv": [8.5, 9, 8.75, 9.5], "texture": "#0"},
				"west": {"uv": [8.5, 9.75, 8.75, 10.25], "texture": "#0"},
				"up": {"uv": [5.75, 8.25, 5.5, 8], "texture": "#0"},
				"down": {"uv": [8.75, 9.25, 8.5, 9.5], "texture": "#0"}
			}
		},
		{
			"name": "body_detail",
			"from": [9, 12.75, 19.1],
			"to": [9, 15.75, 19.7],
			"rotation": {"angle": 0, "axis": "y", "origin": [0, 4, -5]},
			"faces": {
				"north": {"uv": [5, 9, 7, 12], "texture": "#0"},
				"east": {"uv": [8.5, 10.5, 8.75, 11], "texture": "#0"},
				"south": {"uv": [8.5, 9, 8.75, 9.5], "texture": "#0"},
				"west": {"uv": [8.5, 10.5, 8.75, 11], "texture": "#0"},
				"up": {"uv": [5.75, 8.25, 5.5, 8], "texture": "#0"},
				"down": {"uv": [8.75, 9.25, 8.5, 9.5], "texture": "#0"}
			}
		},
		{
			"name": "Right Arm",
			"from": [12, 15.14953, 13.57053],
			"to": [15, 22.14953, 17.57053],
			"rotation": {"angle": 22.5, "axis": "x", "origin": [14, 21, 13]},
			"faces": {
				"north": {"uv": [11, 5, 11.75, 6.75], "texture": "#0"},
				"east": {"uv": [10, 5, 11, 6.75], "texture": "#0"},
				"south": {"uv": [12.75, 5, 13.5, 6.75], "texture": "#0"},
				"west": {"uv": [11.75, 5, 12.75, 8], "texture": "#0"},
				"up": {"uv": [11.75, 5, 11, 4], "texture": "#0"},
				"down": {"uv": [12.5, 4, 11.75, 5], "texture": "#0"}
			}
		},
		{
			"name": "Right Arm",
			"from": [12, 11.1, 10.14953],
			"to": [15, 15.1, 17.44953],
			"rotation": {"angle": 22.5, "axis": "x", "origin": [14, 21, 13]},
			"faces": {
				"north": {"uv": [12.5, 4, 11.75, 5], "rotation": 180, "texture": "#0"},
				"east": {"uv": [10, 6.75, 11, 8], "rotation": 270, "texture": "#0"},
				"south": {"uv": [11.75, 5, 11, 4], "texture": "#0"},
				"west": {"uv": [11.75, 6.75, 12.75, 8], "rotation": 90, "texture": "#0"},
				"up": {"uv": [11, 6.75, 11.75, 8], "rotation": 180, "texture": "#0"},
				"down": {"uv": [12.75, 6.75, 13.5, 8], "texture": "#0"}
			}
		},
		{
			"name": "Right Arm Layer",
			"from": [11.75, 9.89953, 13.32053],
			"to": [15.25, 22.39953, 17.82053],
			"rotation": {"angle": 22.5, "axis": "x", "origin": [14, 21, 13]},
			"faces": {
				"north": {"uv": [11, 9, 11.75, 12], "texture": "#0"},
				"east": {"uv": [10, 9, 11, 12], "texture": "#0"},
				"south": {"uv": [12.75, 9, 13.5, 12], "texture": "#0"},
				"west": {"uv": [11.75, 9, 12.75, 12], "texture": "#0"},
				"up": {"uv": [11.75, 9, 11, 8], "texture": "#0"},
				"down": {"uv": [12.5, 8, 11.75, 9], "texture": "#0"}
			}
		},
		{
			"name": "Left Arm",
			"from": [1.1, 15.42947, 5.14953],
			"to": [4.1, 19.42947, 10.54953],
			"rotation": {"angle": -45, "axis": "x", "origin": [3, 18, 15]},
			"faces": {
				"north": {"uv": [10.5, 12, 9.75, 13], "rotation": 180, "texture": "#0"},
				"east": {"uv": [8, 14.75, 9, 16], "rotation": 270, "texture": "#0"},
				"south": {"uv": [9.75, 13, 9, 12], "texture": "#0"},
				"west": {"uv": [9.75, 14.75, 10.75, 16], "rotation": 90, "texture": "#0"},
				"up": {"uv": [9, 14.75, 9.75, 16], "rotation": 180, "texture": "#0"},
				"down": {"uv": [10.75, 14.75, 11.5, 16], "texture": "#0"}
			}
		},
		{
			"name": "Left Arm",
			"from": [1, 13.14, 11.57053],
			"to": [4, 20.64, 15.57053],
			"rotation": {"angle": 22.5, "axis": "x", "origin": [3, 18, 15]},
			"faces": {
				"north": {"uv": [9, 13, 9.75, 14.75], "texture": "#0"},
				"east": {"uv": [8, 13, 9, 14.75], "texture": "#0"},
				"south": {"uv": [10.75, 13, 11.5, 14.75], "texture": "#0"},
				"west": {"uv": [9.75, 13, 10.75, 14.75], "texture": "#0"},
				"up": {"uv": [9.75, 13, 9, 12], "texture": "#0"},
				"down": {"uv": [10.5, 12, 9.75, 13], "texture": "#0"}
			}
		},
		{
			"name": "Left Arm Layer",
			"from": [0.75, 12.89953, 11.32053],
			"to": [4.25, 20.39953, 15.82053],
			"rotation": {"angle": 22.5, "axis": "x", "origin": [3, 18, 15]},
			"faces": {
				"north": {"uv": [13, 13, 13.75, 16], "texture": "#0"},
				"east": {"uv": [12, 13, 13, 14.75], "texture": "#0"},
				"south": {"uv": [14.75, 13, 15.5, 14.75], "texture": "#0"},
				"west": {"uv": [13.75, 13, 14.75, 14.75], "texture": "#0"},
				"up": {"uv": [13.75, 13, 13, 12], "texture": "#0"},
				"down": {"uv": [14.5, 12, 13.75, 13], "texture": "#0"}
			}
		},
		{
			"name": "Left Arm Layer",
			"from": [0.75, 15.17947, 4.89953],
			"to": [4.25, 19.67947, 10.39953],
			"rotation": {"angle": -45, "axis": "x", "origin": [3, 18, 15]},
			"faces": {
				"north": {"uv": [14.5, 12, 13.75, 13], "rotation": 180, "texture": "#0"},
				"east": {"uv": [12, 14.75, 13, 16], "rotation": 270, "texture": "#0"},
				"south": {"uv": [13.75, 13, 13, 12], "texture": "#0"},
				"west": {"uv": [13.75, 14.25, 14.75, 16], "rotation": 90, "texture": "#0"},
				"up": {"uv": [13, 14.25, 13.75, 16], "rotation": 180, "texture": "#0"},
				"down": {"uv": [14.75, 14.25, 15.5, 16], "texture": "#0"}
			}
		},
		{
			"name": "Right Leg",
			"from": [8, -5, 17],
			"to": [12, 2, 21],
			"rotation": {"angle": -22.5, "axis": "x", "origin": [0, -3, -1]},
			"faces": {
				"north": {"uv": [1, 5, 2, 6.5], "texture": "#0"},
				"east": {"uv": [0, 5, 1, 6.5], "texture": "#0"},
				"south": {"uv": [3, 5, 4, 6.5], "texture": "#0"},
				"west": {"uv": [2, 5, 3, 6.5], "texture": "#0"},
				"up": {"uv": [2, 5, 1, 4], "texture": "#0"},
				"down": {"uv": [3, 4, 2, 5], "texture": "#0"}
			}
		},
		{
			"name": "Right Leg",
			"from": [8.1, 8, 13.8],
			"to": [11.9, 12, 20.8],
			"rotation": {"angle": 22.5, "axis": "x", "origin": [0, -3, -1]},
			"faces": {
				"north": {"uv": [2, 5, 1, 4], "rotation": 180, "texture": "#0"},
				"east": {"uv": [0, 6.75, 1, 8], "rotation": 90, "texture": "#0"},
				"south": {"uv": [3, 4, 2, 5], "texture": "#0"},
				"west": {"uv": [2, 6.5, 3, 8], "rotation": 270, "texture": "#0"},
				"up": {"uv": [3, 6.75, 4, 8], "texture": "#0"},
				"down": {"uv": [1, 6.5, 2, 8], "rotation": 180, "texture": "#0"}
			}
		},
		{
			"name": "Right Leg Layer",
			"from": [7.8, 7.8, 13.8],
			"to": [12.4, 12.3, 21.3],
			"rotation": {"angle": 22.5, "axis": "x", "origin": [0, -3, -1]},
			"faces": {
				"north": {"uv": [2, 9, 1.25, 8], "rotation": 180, "texture": "#0"},
				"east": {"uv": [0, 10.5, 1, 12], "rotation": 90, "texture": "#0"},
				"south": {"uv": [3, 8, 2, 9], "texture": "#0"},
				"west": {"uv": [2, 10, 3, 12], "rotation": 270, "texture": "#0"},
				"up": {"uv": [3, 10.5, 4, 12], "texture": "#0"},
				"down": {"uv": [1, 10.5, 2, 12], "rotation": 180, "texture": "#0"}
			}
		},
		{
			"name": "Right Leg Layer",
			"from": [8, -5.25, 16.75],
			"to": [12.5, 2.25, 21.25],
			"rotation": {"angle": -22.5, "axis": "x", "origin": [0, -3, -1]},
			"faces": {
				"north": {"uv": [1, 9, 2, 10.5], "texture": "#0"},
				"east": {"uv": [0, 9, 1, 12], "texture": "#0"},
				"south": {"uv": [3, 9, 4, 10.5], "texture": "#0"},
				"west": {"uv": [2, 9, 3, 12], "texture": "#0"},
				"up": {"uv": [2, 9, 1, 8], "texture": "#0"},
				"down": {"uv": [3, 8, 2, 9], "texture": "#0"}
			}
		},
		{
			"name": "Left Leg",
			"from": [3.9, -11.3, 18],
			"to": [7.9, -5.3, 22],
			"rotation": {"angle": -45, "axis": "x", "origin": [0, -8, 5]},
			"faces": {
				"north": {"uv": [5, 13, 6, 14.5], "texture": "#0"},
				"east": {"uv": [4, 13, 5, 14.5], "texture": "#0"},
				"south": {"uv": [7, 13, 8, 14.5], "texture": "#0"},
				"west": {"uv": [6, 13, 7, 14.5], "texture": "#0"},
				"up": {"uv": [6, 13, 5, 12], "texture": "#0"},
				"down": {"uv": [7, 12, 6, 13], "texture": "#0"}
			}
		},
		{
			"name": "Left Leg",
			"from": [4, -0.2, 16],
			"to": [7.9, 3.8, 23],
			"rotation": {"angle": -22.5, "axis": "x", "origin": [0, -8, 5]},
			"faces": {
				"north": {"uv": [7, 12, 6, 13], "rotation": 180, "texture": "#0"},
				"east": {"uv": [4, 14.5, 5, 16], "rotation": 270, "texture": "#0"},
				"south": {"uv": [6, 13, 5, 12], "texture": "#0"},
				"west": {"uv": [6, 14.5, 7, 16], "rotation": 90, "texture": "#0"},
				"up": {"uv": [5, 14.5, 6, 16], "rotation": 180, "texture": "#0"},
				"down": {"uv": [7, 14.5, 8, 16], "texture": "#0"}
			}
		},
		{
			"name": "Left Leg Layer",
			"from": [3.9, 4.75, 1],
			"to": [8.4, 9.25, 8.5],
			"rotation": {"angle": 45, "axis": "x", "origin": [0, -8, 5]},
			"faces": {
				"north": {"uv": [2, 13, 1, 12], "rotation": 180, "texture": "#0"},
				"east": {"uv": [0, 13, 1, 16], "rotation": 90, "texture": "#0"},
				"south": {"uv": [3, 12, 2, 13], "texture": "#0"},
				"west": {"uv": [2, 14.5, 3, 16], "rotation": 270, "texture": "#0"},
				"up": {"uv": [3, 14.5, 4, 16], "texture": "#0"},
				"down": {"uv": [1, 14.5, 2, 16], "rotation": 180, "texture": "#0"}
			}
		},
		{
			"name": "Left Leg Layer",
			"from": [3.8, -0.25, 15.75],
			"to": [7.9, 4.25, 22.25],
			"rotation": {"angle": -22.5, "axis": "x", "origin": [0, -8, 5]},
			"faces": {
				"north": {"uv": [3, 12, 2, 13], "rotation": 180, "texture": "#0"},
				"east": {"uv": [0, 13, 1, 16], "rotation": 270, "texture": "#0"},
				"south": {"uv": [2, 13, 1, 12], "texture": "#0"},
				"west": {"uv": [2, 13, 3, 14.5], "rotation": 90, "texture": "#0"},
				"up": {"uv": [1, 13, 2, 14.5], "rotation": 180, "texture": "#0"},
				"down": {"uv": [3, 13, 4, 14.5], "texture": "#0"}
			}
		}
	],
	"display": {
		"thirdperson_righthand": {
			"rotation": [80.25, 0, 0],
			"translation": [-5.25, -0.5, 5.75],
			"scale": [1.5, 1.5, 1.5]
		},
		"head": {
			"translation": [8.5, -30.75, -10.5],
			"scale": [1.6, 1.6, 1.6]
		}
	},
	"groups": [
		{
			"name": "Head",
			"origin": [0, 24, 0],
			"color": 0,
			"children": [0, 1, 2, 3, 4, 5, 6, 7, 8, 9, 10, 11, 12, 13]
		},
		{
			"name": "Body",
			"origin": [0, 24, 0],
			"color": 0,
			"children": [14, 15, 16, 17, 18, 19, 20, 21, 22, 23, 24, 25, 26, 27, 28, 29, 30, 31, 32, 33, 34, 35]
		},
		{
			"name": "RightArm",
			"origin": [5, 21.5, 0],
			"color": 0,
			"children": [36, 37, 38]
		},
		{
			"name": "LeftArm",
			"origin": [-5, 21.5, 0],
			"color": 0,
			"children": [39, 40, 41, 42]
		},
		{
			"name": "RightLeg",
			"origin": [1.9, 12, 0],
			"color": 0,
			"children": [43, 44, 45, 46]
		},
		{
			"name": "LeftLeg",
			"origin": [-1.9, 12, 0],
			"color": 0,
			"children": [47, 48, 49, 50]
		}
	]
}