{
	"credit": "Made with Blockbench",
	"texture_size": [128, 128],
	"textures": {
		"1": "nw:stand/skins/death_13",
		"2": "nw:stand/base/deathscythe",
		"particle": "nw:stand/base/deathscythe"
	},
	"elements": [
		{
			"from": [-6.42193, -16, 3.5],
			"to": [21.57807, 13.17585, 4.5],
			"rotation": {"angle": 0, "axis": "z", "origin": [17.74474, -3.32415, 11]},
			"faces": {
				"north": {"uv": [8.625, 2.25, 7.25, 4.875], "texture": "#1"},
				"east": {"uv": [8.625, 2.25, 7.25, 4.875], "texture": "#1"},
				"south": {"uv": [8.625, 2.25, 7.25, 4.875], "texture": "#1"},
				"west": {"uv": [8.625, 2.25, 7.25, 4.875], "texture": "#1"},
				"up": {"uv": [7.25, 4.875, 8.625, 2.25], "texture": "#1"},
				"down": {"uv": [7.25, 4.875, 8.625, 2.25], "texture": "#1"}
			}
		},
		{
			"from": [20.57807, -16, 4.5],
			"to": [21.57807, 13.17585, 14.5],
			"rotation": {"angle": 0, "axis": "z", "origin": [17.74474, -3.32415, 9.5]},
			"faces": {
				"north": {"uv": [6.25, 10.125, 6.125, 12.75], "texture": "#1"},
				"east": {"uv": [1.625, 3.75, 0, 6.375], "texture": "#1"},
				"south": {"uv": [6.125, 10.125, 6, 12.75], "texture": "#1"},
				"west": {"uv": [5.625, 0, 4, 2.625], "texture": "#1"},
				"up": {"uv": [8.125, 10.875, 8, 12.5], "texture": "#1"},
				"down": {"uv": [9.75, 12.5, 9.625, 10.875], "texture": "#1"}
			}
		},
		{
			"from": [-6.57807, -16, 4.5],
			"to": [-5.57807, 13.17585, 14.5],
			"rotation": {"angle": 0, "axis": "z", "origin": [-1.74474, -3.32415, 9.5]},
			"faces": {
				"north": {"uv": [6.125, 10.125, 6.25, 12.75], "texture": "#1"},
				"east": {"uv": [4, 0, 5.625, 2.625], "texture": "#1"},
				"south": {"uv": [6, 10.125, 6.125, 12.75], "texture": "#1"},
				"west": {"uv": [0, 3.75, 1.625, 6.375], "texture": "#1"},
				"up": {"uv": [8, 10.875, 8.125, 12.5], "texture": "#1"},
				"down": {"uv": [9.625, 12.5, 9.75, 10.875], "texture": "#1"}
			}
		},
		{
			"from": [-7.42193, -16, 14.5],
			"to": [21.57807, 13.17585, 15.5],
			"rotation": {"angle": 0, "axis": "z", "origin": [17.74474, -3.32415, 8]},
			"faces": {
				"north": {"uv": [6.25, 7.5, 4.875, 10.125], "texture": "#1"},
				"east": {"uv": [4, 10.25, 3.875, 12.875], "texture": "#1"},
				"south": {"uv": [2.75, 7.5, 1.375, 10.125], "texture": "#1"},
				"west": {"uv": [4.125, 10.25, 4, 12.875], "texture": "#1"},
				"up": {"uv": [12.5, 7.25, 11.125, 7.375], "texture": "#1"},
				"down": {"uv": [12.5, 7.5, 11.125, 7.375], "texture": "#1"}
			}
		},
		{
			"from": [0.89178, -16, 2],
			"to": [15.14178, 8.73255, 3],
			"rotation": {"angle": 0, "axis": "z", "origin": [8.14178, -10.76745, 16]},
			"faces": {
				"north": {"uv": [7.5, 0, 5.625, 2.25], "texture": "#1"},
				"east": {"uv": [6.375, 10.5, 6.25, 12.75], "texture": "#1"},
				"south": {"uv": [3.5, 5.25, 1.625, 7.5], "texture": "#1"},
				"west": {"uv": [6.5, 10.5, 6.375, 12.75], "texture": "#1"},
				"up": {"uv": [12.5, 8.375, 10.625, 8.5], "texture": "#1"},
				"down": {"uv": [12.75, 1.125, 10.875, 1], "texture": "#1"}
			}
		},
		{
			"from": [11.74646, 12.69549, 4.5],
			"to": [24.74646, 14.69549, 14.5],
			"rotation": {"angle": 0, "axis": "y", "origin": [5.74646, 12.19549, 9.875]},
			"faces": {
				"north": {"uv": [2.5, 10.125, 0.875, 10.375], "texture": "#1"},
				"east": {"uv": [11.5, 1.625, 10.25, 1.875], "texture": "#1"},
				"south": {"uv": [11.625, 7, 10, 7.25], "texture": "#1"},
				"west": {"uv": [11.5, 1.875, 10.25, 2.125], "texture": "#1"},
				"up": {"uv": [9.125, 0, 7.5, 1.25], "texture": "#1"},
				"down": {"uv": [7.875, 8.75, 6.25, 7.5], "texture": "#1"}
			}
		},
		{
			"from": [-1.2319, 8.84354, 2],
			"to": [17.2681, 12.84354, 15],
			"rotation": {"angle": 0, "axis": "y", "origin": [6.0181, 6.34354, 9.875]},
			"faces": {
				"north": {"uv": [12.375, 5.5, 10, 6], "texture": "#1"},
				"east": {"uv": [11.875, 6, 10, 6.5], "texture": "#1"},
				"south": {"uv": [12.25, 5, 9.875, 5.5], "texture": "#1"},
				"west": {"uv": [11.875, 6.5, 10, 7], "texture": "#1"},
				"up": {"uv": [2.375, 0, 0, 1.875], "texture": "#1"},
				"down": {"uv": [2.375, 3.75, 0, 1.875], "texture": "#1"}
			}
		},
		{
			"from": [8.79672, 12.69549, 1.37868],
			"to": [12.79672, 14.69549, 7.37868],
			"rotation": {"angle": 45, "axis": "y", "origin": [10.79672, 13.69549, 2.37868]},
			"faces": {
				"north": {"uv": [11.25, 11.25, 10.75, 11.5], "texture": "#1"},
				"east": {"uv": [11.75, 4.5, 11, 4.75], "texture": "#1"},
				"south": {"uv": [10.75, 11.25, 10.25, 11.5], "texture": "#1"},
				"west": {"uv": [11.75, 4.75, 11, 5], "texture": "#1"},
				"up": {"uv": [2.125, 3.75, 1.625, 4.5], "texture": "#1"},
				"down": {"uv": [2.125, 5.25, 1.625, 4.5], "texture": "#1"}
			}
		},
		{
			"from": [8.79672, 12.69549, 11.62132],
			"to": [12.79672, 14.69549, 17.62132],
			"rotation": {"angle": -45, "axis": "y", "origin": [10.79672, 13.69549, 16.62132]},
			"faces": {
				"north": {"uv": [0.875, 11.375, 0.375, 11.625], "texture": "#1"},
				"east": {"uv": [7.25, 11, 6.5, 11.25], "texture": "#1"},
				"south": {"uv": [11.75, 11.25, 11.25, 11.5], "texture": "#1"},
				"west": {"uv": [11.75, 8.5, 11, 8.75], "texture": "#1"},
				"up": {"uv": [4, 5.25, 3.5, 6], "texture": "#1"},
				"down": {"uv": [4, 6.75, 3.5, 6], "texture": "#1"}
			}
		},
		{
			"from": [-8.74646, 12.69549, 4.5],
			"to": [4.25354, 14.69549, 14.5],
			"rotation": {"angle": 0, "axis": "y", "origin": [10.25354, 12.19549, 9.875]},
			"faces": {
				"north": {"uv": [11.875, 1.375, 10.25, 1.625], "texture": "#1"},
				"east": {"uv": [11.5, 2.125, 10.25, 2.375], "texture": "#1"},
				"south": {"uv": [11.875, 1.125, 10.25, 1.375], "texture": "#1"},
				"west": {"uv": [7.5, 10.25, 6.25, 10.5], "texture": "#1"},
				"up": {"uv": [9.5, 7.5, 7.875, 8.75], "texture": "#1"},
				"down": {"uv": [10.25, 2.5, 8.625, 1.25], "texture": "#1"}
			}
		},
		{
			"from": [3.20328, 12.69549, 1.37868],
			"to": [7.20328, 14.69549, 7.37868],
			"rotation": {"angle": -45, "axis": "y", "origin": [5.20328, 13.69549, 2.37868]},
			"faces": {
				"north": {"uv": [11.875, 0.75, 11.375, 1], "texture": "#1"},
				"east": {"uv": [11.75, 8.75, 11, 9], "texture": "#1"},
				"south": {"uv": [11.875, 0.5, 11.375, 0.75], "texture": "#1"},
				"west": {"uv": [11.75, 9, 11, 9.25], "texture": "#1"},
				"up": {"uv": [3.25, 7.5, 2.75, 8.25], "texture": "#1"},
				"down": {"uv": [3.25, 9, 2.75, 8.25], "texture": "#1"}
			}
		},
		{
			"from": [4.50382, 12.69549, 0.25736],
			"to": [11.50382, 14.69549, 4.25736],
			"rotation": {"angle": 0, "axis": "y", "origin": [10.50382, 13.69549, 2.25736]},
			"faces": {
				"north": {"uv": [11.875, 2.5, 11, 2.75], "texture": "#1"},
				"east": {"uv": [1.375, 11.375, 0.875, 11.625], "texture": "#1"},
				"south": {"uv": [9.5, 7.25, 8.625, 7.5], "texture": "#1"},
				"west": {"uv": [1.875, 11.375, 1.375, 11.625], "texture": "#1"},
				"up": {"uv": [8.375, 1.25, 7.5, 1.75], "texture": "#1"},
				"down": {"uv": [8.375, 2.25, 7.5, 1.75], "texture": "#1"}
			}
		},
		{
			"from": [14.08576, 5.78902, -2.06717],
			"to": [18.08576, 9.78902, 2.93283],
			"rotation": {"angle": 0, "axis": "y", "origin": [16.38705, 7.96759, -1.35289]},
			"faces": {
				"north": {"uv": [7.5, 10.5, 7, 11], "texture": "#1"},
				"east": {"uv": [4.75, 10.25, 4.125, 10.75], "texture": "#1"},
				"south": {"uv": [7, 10.5, 6.5, 11], "texture": "#1"},
				"west": {"uv": [11, 0, 10.375, 0.5], "texture": "#1"},
				"up": {"uv": [10.875, 0.5, 10.375, 1.125], "texture": "#1"},
				"down": {"uv": [1.375, 11, 0.875, 10.375], "texture": "#1"}
			}
		},
		{
			"from": [14.33576, 6.30804, -5.87111],
			"to": [18.33576, 10.30804, -1.87111],
			"rotation": {"angle": -22.5, "axis": "x", "origin": [16.58576, 10.70804, -4.29292]},
			"faces": {
				"north": {"uv": [11.125, 7.75, 10.625, 8.25], "texture": "#1"},
				"east": {"uv": [11.125, 7.25, 10.625, 7.75], "texture": "#1"},
				"south": {"uv": [0.5, 10.625, 0, 11.125], "texture": "#1"},
				"west": {"uv": [4.625, 10.75, 4.125, 11.25], "texture": "#1"},
				"up": {"uv": [10.375, 10.75, 9.875, 11.25], "texture": "#1"},
				"down": {"uv": [10.875, 11.25, 10.375, 10.75], "texture": "#1"}
			}
		},
		{
			"from": [17.33576, 10.30804, -5.62111],
			"to": [18.33576, 12.30804, -4.62111],
			"rotation": {"angle": -22.5, "axis": "x", "origin": [16.58576, 10.70804, -4.29292]},
			"faces": {
				"north": {"uv": [2.25, 4, 2.125, 4.25], "texture": "#1"},
				"east": {"uv": [2.375, 3.75, 2.25, 4], "texture": "#1"},
				"south": {"uv": [2.25, 3.75, 2.125, 4], "texture": "#1"},
				"west": {"uv": [2.375, 4, 2.25, 4.25], "texture": "#1"},
				"up": {"uv": [5.75, 2.5, 5.625, 2.625], "texture": "#1"},
				"down": {"uv": [5.875, 2.625, 5.75, 2.5], "texture": "#1"}
			}
		},
		{
			"from": [17.08576, 10.30804, -2.73013],
			"to": [18.08576, 12.30804, -1.73013],
			"rotation": {"angle": -22.5, "axis": "x", "origin": [16.58576, 10.70804, -4.29292]},
			"faces": {
				"north": {"uv": [2.25, 4.5, 2.125, 4.75], "texture": "#1"},
				"east": {"uv": [2.375, 4.25, 2.25, 4.5], "texture": "#1"},
				"south": {"uv": [2.25, 4.25, 2.125, 4.5], "texture": "#1"},
				"west": {"uv": [2.375, 4.5, 2.25, 4.75], "texture": "#1"},
				"up": {"uv": [1.5, 7.375, 1.375, 7.5], "texture": "#1"},
				"down": {"uv": [1.625, 7.5, 1.5, 7.375], "texture": "#1"}
			}
		},
		{
			"from": [15.83576, 10.30804, -5.62111],
			"to": [16.83576, 12.30804, -4.62111],
			"rotation": {"angle": -22.5, "axis": "x", "origin": [16.58576, 10.70804, -4.29292]},
			"faces": {
				"north": {"uv": [2.25, 5, 2.125, 5.25], "texture": "#1"},
				"east": {"uv": [2.375, 4.75, 2.25, 5], "texture": "#1"},
				"south": {"uv": [2.25, 4.75, 2.125, 5], "texture": "#1"},
				"west": {"uv": [2.375, 5, 2.25, 5.25], "texture": "#1"},
				"up": {"uv": [5.625, 7.375, 5.5, 7.5], "texture": "#1"},
				"down": {"uv": [5.75, 7.5, 5.625, 7.375], "texture": "#1"}
			}
		},
		{
			"from": [14.33576, 10.30804, -5.62111],
			"to": [15.33576, 12.30804, -4.62111],
			"rotation": {"angle": -22.5, "axis": "x", "origin": [16.58576, 10.70804, -4.29292]},
			"faces": {
				"north": {"uv": [1.5, 6.375, 1.375, 6.625], "texture": "#1"},
				"east": {"uv": [5.875, 2.25, 5.75, 2.5], "texture": "#1"},
				"south": {"uv": [5.75, 2.25, 5.625, 2.5], "texture": "#1"},
				"west": {"uv": [1.625, 6.375, 1.5, 6.625], "texture": "#1"},
				"up": {"uv": [5.875, 7.375, 5.75, 7.5], "texture": "#1"},
				"down": {"uv": [8.625, 2.125, 8.5, 2], "texture": "#1"}
			}
		},
		{
			"from": [14.33576, 6.03902, -4.06717],
			"to": [17.83576, 9.53902, -1.06717],
			"rotation": {"angle": 0, "axis": "y", "origin": [16.38705, 7.96759, -1.35289]},
			"faces": {
				"north": {"uv": [11.5, 3, 11, 3.5], "texture": "#1"},
				"east": {"uv": [0.375, 11.125, 0, 11.625], "texture": "#1"},
				"south": {"uv": [2.5, 11, 2, 11.5], "texture": "#1"},
				"west": {"uv": [11.5, 7.5, 11.125, 8], "texture": "#1"},
				"up": {"uv": [3.25, 11.25, 2.75, 11.625], "texture": "#1"},
				"down": {"uv": [3.75, 11.625, 3.25, 11.25], "texture": "#1"}
			}
		},
		{
			"from": [-1.06166, 5.39616, -4.06717],
			"to": [2.43834, 8.89616, -1.06717],
			"rotation": {"angle": 0, "axis": "z", "origin": [18.38705, -0.03241, -1.35289]},
			"faces": {
				"north": {"uv": [11.5, 4, 11, 4.5], "texture": "#1"},
				"east": {"uv": [4.5, 11.25, 4.125, 11.75], "texture": "#1"},
				"south": {"uv": [11.5, 3.5, 11, 4], "texture": "#1"},
				"west": {"uv": [6.875, 11.25, 6.5, 11.75], "texture": "#1"},
				"up": {"uv": [7.375, 11.25, 6.875, 11.625], "texture": "#1"},
				"down": {"uv": [10.25, 11.625, 9.75, 11.25], "texture": "#1"}
			}
		},
		{
			"from": [-1.31166, 5.14616, -2.06717],
			"to": [2.68834, 9.14616, 2.93283],
			"rotation": {"angle": 0, "axis": "z", "origin": [18.38705, -0.03241, -1.35289]},
			"faces": {
				"north": {"uv": [1.875, 10.875, 1.375, 11.375], "texture": "#1"},
				"east": {"uv": [2, 10.375, 1.375, 10.875], "texture": "#1"},
				"south": {"uv": [11.375, 0.5, 10.875, 1], "texture": "#1"},
				"west": {"uv": [8.125, 10.375, 7.5, 10.875], "texture": "#1"},
				"up": {"uv": [2.5, 10.375, 2, 11], "texture": "#1"},
				"down": {"uv": [8.625, 11, 8.125, 10.375], "texture": "#1"}
			}
		},
		{
			"from": [-1.06166, 5.15998, -8.5499],
			"to": [2.93834, 9.15998, -4.5499],
			"rotation": {"angle": 22.5, "axis": "x", "origin": [18.68834, -2.24002, -6.9717]},
			"faces": {
				"north": {"uv": [9.125, 10.875, 8.625, 11.375], "texture": "#1"},
				"east": {"uv": [8, 10.875, 7.5, 11.375], "texture": "#1"},
				"south": {"uv": [5.125, 10.875, 4.625, 11.375], "texture": "#1"},
				"west": {"uv": [9.625, 10.875, 9.125, 11.375], "texture": "#1"},
				"up": {"uv": [11.375, 10.75, 10.875, 11.25], "texture": "#1"},
				"down": {"uv": [11.5, 0.5, 11, 0], "texture": "#1"}
			}
		},
		{
			"from": [1.93834, 3.15998, -8.2999],
			"to": [2.93834, 5.15998, -7.2999],
			"rotation": {"angle": 22.5, "axis": "x", "origin": [18.68834, -2.24002, -6.9717]},
			"faces": {
				"north": {"uv": [1.5, 6.875, 1.375, 7.125], "texture": "#1"},
				"east": {"uv": [1.625, 6.625, 1.5, 6.875], "texture": "#1"},
				"south": {"uv": [1.5, 6.625, 1.375, 6.875], "texture": "#1"},
				"west": {"uv": [1.625, 6.875, 1.5, 7.125], "texture": "#1"},
				"up": {"uv": [8.625, 2.125, 8.5, 2.25], "texture": "#1"},
				"down": {"uv": [1.375, 9.125, 1.25, 9], "texture": "#1"}
			}
		},
		{
			"from": [0.43834, 3.15998, -8.2999],
			"to": [1.43834, 5.15998, -7.2999],
			"rotation": {"angle": 22.5, "axis": "x", "origin": [18.68834, -2.24002, -6.9717]},
			"faces": {
				"north": {"uv": [5.625, 7.125, 5.5, 7.375], "texture": "#1"},
				"east": {"uv": [1.625, 7.125, 1.5, 7.375], "texture": "#1"},
				"south": {"uv": [1.5, 7.125, 1.375, 7.375], "texture": "#1"},
				"west": {"uv": [5.75, 7.125, 5.625, 7.375], "texture": "#1"},
				"up": {"uv": [9.25, 1.125, 9.125, 1.25], "texture": "#1"},
				"down": {"uv": [1.375, 9.25, 1.25, 9.125], "texture": "#1"}
			}
		},
		{
			"from": [-1.06166, 3.15998, -8.2999],
			"to": [-0.06166, 5.15998, -7.2999],
			"rotation": {"angle": 22.5, "axis": "x", "origin": [18.68834, -2.24002, -6.9717]},
			"faces": {
				"north": {"uv": [8.5, 1.5, 8.375, 1.75], "texture": "#1"},
				"east": {"uv": [8.5, 1.25, 8.375, 1.5], "texture": "#1"},
				"south": {"uv": [5.875, 7.125, 5.75, 7.375], "texture": "#1"},
				"west": {"uv": [8.5, 1.75, 8.375, 2], "texture": "#1"},
				"up": {"uv": [9.375, 1.125, 9.25, 1.25], "texture": "#1"},
				"down": {"uv": [1.375, 9.375, 1.25, 9.25], "texture": "#1"}
			}
		},
		{
			"from": [2.18834, 3.15998, -5.40892],
			"to": [3.18834, 5.15998, -4.40892],
			"rotation": {"angle": 22.5, "axis": "x", "origin": [18.68834, -2.24002, -6.9717]},
			"faces": {
				"north": {"uv": [8.625, 1.5, 8.5, 1.75], "texture": "#1"},
				"east": {"uv": [8.625, 1.25, 8.5, 1.5], "texture": "#1"},
				"south": {"uv": [8.5, 2, 8.375, 2.25], "texture": "#1"},
				"west": {"uv": [8.625, 1.75, 8.5, 2], "texture": "#1"},
				"up": {"uv": [9.5, 1.125, 9.375, 1.25], "texture": "#1"},
				"down": {"uv": [1.375, 9.5, 1.25, 9.375], "texture": "#1"}
			}
		},
		{
			"from": [4.49618, 12.69549, 14.74264],
			"to": [11.49618, 14.69549, 18.74264],
			"rotation": {"angle": 0, "axis": "y", "origin": [10.49618, 13.69549, 16.74264]},
			"faces": {
				"north": {"uv": [11.875, 2.75, 11, 3], "texture": "#1"},
				"east": {"uv": [5, 11.375, 4.5, 11.625], "texture": "#1"},
				"south": {"uv": [3.625, 11, 2.75, 11.25], "texture": "#1"},
				"west": {"uv": [7.875, 11.375, 7.375, 11.625], "texture": "#1"},
				"up": {"uv": [4.75, 9.75, 3.875, 10.25], "texture": "#1"},
				"down": {"uv": [0.875, 10.625, 0, 10.125], "texture": "#1"}
			}
		},
		{
			"from": [5.49618, 12.69549, 7.74264],
			"to": [10.49618, 15.69549, 11.74264],
			"rotation": {"angle": 0, "axis": "y", "origin": [10.49618, 13.69549, 16.74264]},
			"faces": {
				"north": {"uv": [1.125, 11, 0.5, 11.375], "texture": "#1"},
				"east": {"uv": [4, 6.75, 3.5, 7.125], "texture": "#1"},
				"south": {"uv": [5.5, 7.125, 4.875, 7.5], "texture": "#1"},
				"west": {"uv": [8.625, 11, 8.125, 11.375], "texture": "#1"},
				"up": {"uv": [9.25, 10.375, 8.625, 10.875], "texture": "#1"},
				"down": {"uv": [9.875, 10.875, 9.25, 10.375], "texture": "#1"}
			}
		},
		{
			"from": [4.49618, 15.69549, 5.99264],
			"to": [11.49618, 22.69549, 13.49264],
			"rotation": {"angle": 0, "axis": "y", "origin": [10.49618, 13.69549, 16.74264]},
			"faces": {
				"north": {"uv": [11, 9.625, 9.875, 10.75], "texture": "#1"},
				"east": {"uv": [1.25, 9, 0, 10.125], "texture": "#1"},
				"south": {"uv": [11, 8.5, 9.875, 9.625], "texture": "#1"},
				"west": {"uv": [10.375, 0, 9.125, 1.125], "texture": "#1"},
				"up": {"uv": [10.625, 7.25, 9.5, 8.5], "texture": "#1"},
				"down": {"uv": [3.875, 11, 2.75, 9.75], "texture": "#1"}
			}
		},
		{
			"from": [4.74618, 23.69549, 5.99264],
			"to": [11.24618, 32, 13.49264],
			"rotation": {"angle": 0, "axis": "y", "origin": [10.49618, 13.69549, 16.74264]},
			"faces": {
				"north": {"uv": [9.875, 8.75, 8.75, 10.375], "texture": "#1"},
				"east": {"uv": [9.875, 2.5, 8.625, 4.125], "texture": "#1"},
				"south": {"uv": [8.75, 8.75, 7.625, 10.375], "texture": "#1"},
				"west": {"uv": [9.875, 4.125, 8.625, 5.75], "texture": "#1"},
				"up": {"uv": [11, 2.5, 9.875, 3.75], "texture": "#1"},
				"down": {"uv": [11, 5, 9.875, 3.75], "texture": "#1"}
			}
		},
		{
			"from": [3.99618, 22.69549, 5.24264],
			"to": [11.99618, 23.69549, 14.24264],
			"rotation": {"angle": 0, "axis": "y", "origin": [10.49618, 13.69549, 16.74264]},
			"faces": {
				"north": {"uv": [12.5, 8.125, 11.125, 8.25], "texture": "#1"},
				"east": {"uv": [12.5, 9.75, 11, 9.875], "texture": "#1"},
				"south": {"uv": [12.5, 8, 11.125, 8.125], "texture": "#1"},
				"west": {"uv": [12.5, 9.875, 11, 10], "texture": "#1"},
				"up": {"uv": [10, 5.75, 8.625, 7.25], "texture": "#1"},
				"down": {"uv": [7.625, 10.25, 6.25, 8.75], "texture": "#1"}
			}
		},
		{
			"from": [3.20328, 12.69549, 11.62132],
			"to": [7.20328, 14.69549, 17.62132],
			"rotation": {"angle": 45, "axis": "y", "origin": [5.20328, 13.69549, 16.62132]},
			"faces": {
				"north": {"uv": [9.125, 11.375, 8.625, 11.625], "texture": "#1"},
				"east": {"uv": [11.75, 9.25, 11, 9.5], "texture": "#1"},
				"south": {"uv": [8.625, 11.375, 8.125, 11.625], "texture": "#1"},
				"west": {"uv": [11.75, 9.5, 11, 9.75], "texture": "#1"},
				"up": {"uv": [3.25, 9, 2.75, 9.75], "texture": "#1"},
				"down": {"uv": [5.25, 10.875, 4.75, 10.125], "texture": "#1"}
			}
		},
		{
			"name": "scythe_0",
			"from": [28, 4.25, -4.5],
			"to": [32, 13.25, -3.5],
			"rotation": {"angle": 22.5, "axis": "z", "origin": [24.59091, -7.5, -4.5]},
			"faces": {
				"north": {"uv": [0, 4, 8, 0], "rotation": 90, "texture": "#2"},
				"east": {"uv": [8, 1, 0, 0], "rotation": 270, "texture": "#2"},
				"south": {"uv": [0, 0, 8, 4], "rotation": 90, "texture": "#2"},
				"west": {"uv": [0, 4, 8, 3], "rotation": 90, "texture": "#2"},
				"up": {"uv": [1, 0, 0, 4], "rotation": 90, "texture": "#2"},
				"down": {"uv": [8, 0, 7, 4], "rotation": 90, "texture": "#2"}
			}
		},
		{
			"name": "scythe_1",
			"from": [27, -0.75, -4.5],
			"to": [31, 4.25, -3.5],
			"rotation": {"angle": 22.5, "axis": "z", "origin": [24.59091, -7.5, -4.5]},
			"faces": {
				"north": {"uv": [8, 5, 12, 1], "rotation": 90, "texture": "#2"},
				"east": {"uv": [12, 2, 8, 1], "rotation": 270, "texture": "#2"},
				"south": {"uv": [8, 1, 12, 5], "rotation": 90, "texture": "#2"},
				"west": {"uv": [8, 5, 12, 4], "rotation": 90, "texture": "#2"},
				"up": {"uv": [9, 1, 8, 5], "rotation": 90, "texture": "#2"},
				"down": {"uv": [12, 1, 11, 5], "rotation": 90, "texture": "#2"}
			}
		},
		{
			"name": "scythe_2",
			"from": [26, -2.75, -4.5],
			"to": [30, -0.75, -3.5],
			"rotation": {"angle": 22.5, "axis": "z", "origin": [24.59091, -7.5, -4.5]},
			"faces": {
				"north": {"uv": [12, 6, 13, 2], "rotation": 90, "texture": "#2"},
				"east": {"uv": [13, 3, 12, 2], "rotation": 270, "texture": "#2"},
				"south": {"uv": [12, 2, 13, 6], "rotation": 90, "texture": "#2"},
				"west": {"uv": [12, 6, 13, 5], "rotation": 90, "texture": "#2"},
				"up": {"uv": [13, 2, 12, 6], "rotation": 90, "texture": "#2"},
				"down": {"uv": [13, 2, 12, 6], "rotation": 90, "texture": "#2"}
			}
		},
		{
			"name": "scythe_3",
			"from": [25, -3.75, -4.5],
			"to": [29, -2.75, -3.5],
			"rotation": {"angle": 22.5, "axis": "z", "origin": [24.59091, -7.5, -4.5]},
			"faces": {
				"north": {"uv": [13, 7, 14, 3], "rotation": 90, "texture": "#2"},
				"east": {"uv": [14, 4, 13, 3], "rotation": 270, "texture": "#2"},
				"south": {"uv": [13, 3, 14, 7], "rotation": 90, "texture": "#2"},
				"west": {"uv": [13, 7, 14, 6], "rotation": 90, "texture": "#2"},
				"up": {"uv": [14, 3, 13, 7], "rotation": 90, "texture": "#2"},
				"down": {"uv": [14, 3, 13, 7], "rotation": 90, "texture": "#2"}
			}
		},
		{
			"name": "scythe_4",
			"from": [-7, 11.25, -4.5],
			"to": [28, 13.25, -3.5],
			"rotation": {"angle": 22.5, "axis": "z", "origin": [24.59091, -7.5, -4.5]},
			"faces": {
				"north": {"uv": [0, 16, 2, 4], "rotation": 90, "texture": "#2"},
				"east": {"uv": [2, 5, 0, 4], "rotation": 270, "texture": "#2"},
				"south": {"uv": [0, 4, 2, 16], "rotation": 90, "texture": "#2"},
				"west": {"uv": [0, 16, 2, 15], "rotation": 90, "texture": "#2"},
				"up": {"uv": [1, 4, 0, 16], "rotation": 90, "texture": "#2"},
				"down": {"uv": [2, 4, 1, 16], "rotation": 90, "texture": "#2"}
			}
		},
		{
			"name": "scythe_5",
			"from": [26, 8.25, -4.5],
			"to": [28, 10.25, -3.5],
			"rotation": {"angle": 22.5, "axis": "z", "origin": [24.59091, -7.5, -4.5]},
			"faces": {
				"north": {"uv": [3, 6, 5, 4], "rotation": 90, "texture": "#2"},
				"east": {"uv": [5, 5, 3, 4], "rotation": 270, "texture": "#2"},
				"south": {"uv": [3, 4, 5, 6], "rotation": 90, "texture": "#2"},
				"west": {"uv": [3, 6, 5, 5], "rotation": 90, "texture": "#2"},
				"up": {"uv": [4, 4, 3, 6], "rotation": 90, "texture": "#2"},
				"down": {"uv": [5, 4, 4, 6], "rotation": 90, "texture": "#2"}
			}
		},
		{
			"name": "scythe_6",
			"from": [27, 4.25, -4.5],
			"to": [28, 8.25, -3.5],
			"rotation": {"angle": 22.5, "axis": "z", "origin": [24.59091, -7.5, -4.5]},
			"faces": {
				"north": {"uv": [5, 5, 8, 4], "rotation": 90, "texture": "#2"},
				"east": {"uv": [8, 5, 5, 4], "rotation": 270, "texture": "#2"},
				"south": {"uv": [5, 4, 8, 5], "rotation": 90, "texture": "#2"},
				"west": {"uv": [5, 5, 8, 4], "rotation": 90, "texture": "#2"},
				"up": {"uv": [6, 4, 5, 5], "rotation": 90, "texture": "#2"},
				"down": {"uv": [8, 4, 7, 5], "rotation": 90, "texture": "#2"}
			}
		},
		{
			"name": "scythe_7",
			"from": [24, -4.75, -4.5],
			"to": [28, -3.75, -3.5],
			"rotation": {"angle": 22.5, "axis": "z", "origin": [24.59091, -7.5, -4.5]},
			"faces": {
				"north": {"uv": [14, 8, 15, 4], "rotation": 90, "texture": "#2"},
				"east": {"uv": [15, 5, 14, 4], "rotation": 270, "texture": "#2"},
				"south": {"uv": [14, 4, 15, 8], "rotation": 90, "texture": "#2"},
				"west": {"uv": [14, 8, 15, 7], "rotation": 90, "texture": "#2"},
				"up": {"uv": [15, 4, 14, 8], "rotation": 90, "texture": "#2"},
				"down": {"uv": [15, 4, 14, 8], "rotation": 90, "texture": "#2"}
			}
		},
		{
			"name": "scythe_8",
			"from": [26, -0.75, -4.5],
			"to": [27, 3.25, -3.5],
			"rotation": {"angle": 22.5, "axis": "z", "origin": [24.59091, -7.5, -4.5]},
			"faces": {
				"north": {"uv": [10, 6, 12, 5], "rotation": 90, "texture": "#2"},
				"east": {"uv": [12, 6, 10, 5], "rotation": 270, "texture": "#2"},
				"south": {"uv": [10, 5, 12, 6], "rotation": 90, "texture": "#2"},
				"west": {"uv": [10, 6, 12, 5], "rotation": 90, "texture": "#2"},
				"up": {"uv": [11, 5, 10, 6], "rotation": 90, "texture": "#2"},
				"down": {"uv": [12, 5, 11, 6], "rotation": 90, "texture": "#2"}
			}
		},
		{
			"name": "scythe_9",
			"from": [25, 9.25, -4.5],
			"to": [26, 11.25, -3.5],
			"rotation": {"angle": 22.5, "axis": "z", "origin": [24.59091, -7.5, -4.5]},
			"faces": {
				"north": {"uv": [2, 7, 4, 6], "rotation": 90, "texture": "#2"},
				"east": {"uv": [4, 7, 2, 6], "rotation": 270, "texture": "#2"},
				"south": {"uv": [2, 6, 4, 7], "rotation": 90, "texture": "#2"},
				"west": {"uv": [2, 7, 4, 6], "rotation": 90, "texture": "#2"},
				"up": {"uv": [3, 6, 2, 7], "rotation": 90, "texture": "#2"},
				"down": {"uv": [4, 6, 3, 7], "rotation": 90, "texture": "#2"}
			}
		},
		{
			"name": "scythe_10",
			"from": [24, 10.25, -4.5],
			"to": [25, 11.25, -3.5],
			"rotation": {"angle": 22.5, "axis": "z", "origin": [24.59091, -7.5, -4.5]},
			"faces": {
				"north": {"uv": [2, 8, 3, 7], "rotation": 90, "texture": "#2"},
				"east": {"uv": [3, 8, 2, 7], "rotation": 270, "texture": "#2"},
				"south": {"uv": [2, 7, 3, 8], "rotation": 90, "texture": "#2"},
				"west": {"uv": [2, 8, 3, 7], "rotation": 90, "texture": "#2"},
				"up": {"uv": [3, 7, 2, 8], "rotation": 90, "texture": "#2"},
				"down": {"uv": [3, 7, 2, 8], "rotation": 90, "texture": "#2"}
			}
		}
	],
	"display": {
		"head": {
			"translation": [0, -2.5, 6.75],
			"scale": [1.6, 1.6, 1.6]
		}
	},
	"groups": [
		0,
		1,
		2,
		3,
		4,
		5,
		6,
		7,
		8,
		9,
		10,
		11,
		12,
		13,
		14,
		15,
		16,
		17,
		18,
		19,
		20,
		21,
		22,
		23,
		24,
		25,
		26,
		27,
		28,
		29,
		30,
		31,
		{
			"name": "scythe",
			"origin": [8, 8, 8],
			"color": 0,
			"children": [32, 33, 34, 35, 36, 37, 38, 39, 40, 41, 42]
		}
	]
}