{
	"credit": "Made with Blockbench",
	"texture_size": [64, 64],
	"textures": {
		"0": "nw:stand/skins/echoes1"
	},
	"elements": [
		{
			"name": "Head",
			"from": [4, 17.58854, -1.07526],
			"to": [12, 25.58854, 6.92474],
			"rotation": {"angle": -22.5, "axis": "x", "origin": [8, 21.58854, 1.92474]},
			"faces": {
				"north": {"uv": [2, 2, 4, 4], "texture": "#0"},
				"east": {"uv": [0, 2, 2, 4], "texture": "#0"},
				"south": {"uv": [6, 2, 8, 4], "texture": "#0"},
				"west": {"uv": [4, 2, 6, 4], "texture": "#0"},
				"up": {"uv": [4, 2, 2, 0], "texture": "#0"},
				"down": {"uv": [6, 0, 4, 2], "texture": "#0"}
			}
		},
		{
			"name": "Hat Layer",
			"from": [3.5, 17.08854, -1.57526],
			"to": [12.5, 26.08854, 7.42474],
			"rotation": {"angle": -22.5, "axis": "x", "origin": [8, 21.58854, 1.92474]},
			"faces": {
				"north": {"uv": [10, 2, 12, 4], "texture": "#0"},
				"east": {"uv": [8, 2, 10, 4], "texture": "#0"},
				"south": {"uv": [14, 2, 16, 4], "texture": "#0"},
				"west": {"uv": [12, 2, 14, 4], "texture": "#0"},
				"up": {"uv": [12, 2, 10, 0], "texture": "#0"},
				"down": {"uv": [14, 0, 12, 2], "texture": "#0"}
			}
		},
		{
			"name": "Body",
			"from": [5, 13.75, 4],
			"to": [11, 21.75, 8],
			"rotation": {"angle": -45, "axis": "x", "origin": [7.9857, 18.75, 8.9857]},
			"faces": {
				"north": {"uv": [5, 5, 7, 7.5], "texture": "#0"},
				"east": {"uv": [4, 5, 5, 7.5], "texture": "#0"},
				"south": {"uv": [8, 5, 10, 7.5], "texture": "#0"},
				"west": {"uv": [7, 5, 8, 7.5], "texture": "#0"},
				"up": {"uv": [7, 5, 5, 4], "texture": "#0"},
				"down": {"uv": [9, 4, 7, 5], "texture": "#0"}
			}
		},
		{
			"name": "Body",
			"from": [5, 11.01227, 8.31903],
			"to": [11, 12.01227, 9.31903],
			"rotation": {"angle": 22.5, "axis": "x", "origin": [8, 11.51227, 8.81903]},
			"faces": {
				"north": {"uv": [4.75, 7.5, 5.25, 7.75], "rotation": 180, "texture": "#0"},
				"east": {"uv": [4.75, 7.5, 5.25, 8], "rotation": 90, "texture": "#0"},
				"south": {"uv": [4.75, 7.75, 5.25, 8], "texture": "#0"},
				"west": {"uv": [4.75, 7.5, 5.25, 8], "rotation": 270, "texture": "#0"},
				"up": {"uv": [4.75, 7.5, 5.25, 8], "texture": "#0"},
				"down": {"uv": [4.75, 7.5, 5.25, 8], "rotation": 180, "texture": "#0"}
			}
		},
		{
			"name": "Body",
			"from": [3, 10.26227, 7.56903],
			"to": [5, 12.76227, 10.06903],
			"rotation": {"angle": 22.5, "axis": "x", "origin": [8, 11.51227, 8.81903]},
			"faces": {
				"north": {"uv": [13.5, 6.5, 14, 7], "rotation": 180, "texture": "#0"},
				"east": {"uv": [13.5, 6.5, 14, 7], "rotation": 90, "texture": "#0"},
				"south": {"uv": [13.5, 6.5, 14, 7], "texture": "#0"},
				"west": {"uv": [13.5, 6.5, 14, 7], "rotation": 270, "texture": "#0"},
				"up": {"uv": [13.5, 6.5, 14, 7], "texture": "#0"},
				"down": {"uv": [13.5, 6.5, 14, 7], "rotation": 180, "texture": "#0"}
			}
		},
		{
			"name": "Body",
			"from": [11, 10.26227, 7.56903],
			"to": [13, 12.76227, 10.06903],
			"rotation": {"angle": 22.5, "axis": "x", "origin": [8, 11.51227, 8.81903]},
			"faces": {
				"north": {"uv": [13.5, 6.5, 14, 7], "rotation": 180, "texture": "#0"},
				"east": {"uv": [13.5, 6.5, 14, 7], "rotation": 90, "texture": "#0"},
				"south": {"uv": [13.5, 6.5, 14, 7], "texture": "#0"},
				"west": {"uv": [13.5, 6.5, 14, 7], "rotation": 270, "texture": "#0"},
				"up": {"uv": [13.5, 6.5, 14, 7], "texture": "#0"},
				"down": {"uv": [13.5, 6.5, 14, 7], "rotation": 180, "texture": "#0"}
			}
		},
		{
			"name": "Body Layer",
			"from": [4.75, 13.5, 3.75],
			"to": [11.25, 22, 8.25],
			"rotation": {"angle": -45, "axis": "x", "origin": [7.9857, 18.75, 8.9857]},
			"faces": {
				"north": {"uv": [5, 9, 7, 11.5], "texture": "#0"},
				"east": {"uv": [4, 9, 5, 11.5], "texture": "#0"},
				"south": {"uv": [8, 9, 10, 11.5], "texture": "#0"},
				"west": {"uv": [7, 9, 8, 11.5], "texture": "#0"},
				"up": {"uv": [7, 9, 5, 8], "texture": "#0"},
				"down": {"uv": [9, 8, 7, 9], "texture": "#0"}
			}
		},
		{
			"name": "Left Arm",
			"from": [1.95711, 10.20789, 4.8771],
			"to": [4.95711, 15.20789, 8.8771],
			"rotation": {"angle": 22.5, "axis": "x", "origin": [3.45711, 18.28264, 4.16999]},
			"faces": {
				"north": {"uv": [9, 14.5, 9.75, 16], "texture": "#0"},
				"east": {"uv": [8, 14.5, 9, 16], "texture": "#0"},
				"south": {"uv": [10.75, 14.5, 11.5, 16], "texture": "#0"},
				"west": {"uv": [9.75, 14.5, 10.75, 16], "texture": "#0"},
				"up": {"uv": [9.75, 13, 9, 12], "texture": "#0"},
				"down": {"uv": [10.5, 12, 9.75, 13], "texture": "#0"}
			}
		},
		{
			"name": "Left Arm Layer",
			"from": [1.70711, 9.95789, 4.6271],
			"to": [5.20711, 15.95789, 9.1271],
			"rotation": {"angle": 22.5, "axis": "x", "origin": [3.45711, 18.28264, 4.16999]},
			"faces": {
				"north": {"uv": [13, 14.5, 13.75, 16], "texture": "#0"},
				"east": {"uv": [12, 14.5, 13, 16], "texture": "#0"},
				"south": {"uv": [14.75, 14.5, 15.5, 16], "texture": "#0"},
				"west": {"uv": [13.75, 14.5, 14.75, 16], "texture": "#0"},
				"up": {"uv": [13.75, 13, 13, 12], "texture": "#0"},
				"down": {"uv": [14.5, 12, 13.75, 13], "texture": "#0"}
			}
		},
		{
			"name": "Left Arm",
			"from": [1.95711, 15.20789, 4.8771],
			"to": [4.95711, 20.20789, 8.8771],
			"rotation": {"angle": 22.5, "axis": "x", "origin": [3.45711, 18.28264, 4.16999]},
			"faces": {
				"north": {"uv": [9, 13, 9.75, 14.5], "texture": "#0"},
				"east": {"uv": [8, 13, 9, 14.5], "texture": "#0"},
				"south": {"uv": [10.75, 13, 11.5, 14.5], "texture": "#0"},
				"west": {"uv": [9.75, 13, 10.75, 14.5], "texture": "#0"},
				"up": {"uv": [9.75, 13, 9, 12], "texture": "#0"},
				"down": {"uv": [10.5, 12, 9.75, 13], "texture": "#0"}
			}
		},
		{
			"name": "Left Arm Layer",
			"from": [1.70711, 14.95789, 4.6271],
			"to": [5.20711, 20.95789, 9.1271],
			"rotation": {"angle": 22.5, "axis": "x", "origin": [3.45711, 18.28264, 4.16999]},
			"faces": {
				"north": {"uv": [13, 13, 13.75, 14.5], "texture": "#0"},
				"east": {"uv": [12, 13, 13, 14.5], "texture": "#0"},
				"south": {"uv": [14.75, 13, 15.5, 14.5], "texture": "#0"},
				"west": {"uv": [13.75, 13, 14.75, 14.5], "texture": "#0"},
				"up": {"uv": [13.75, 13, 13, 12], "texture": "#0"},
				"down": {"uv": [14.5, 12, 13.75, 13], "texture": "#0"}
			}
		},
		{
			"name": "Right Leg",
			"from": [6, 11.64008, 9.18849],
			"to": [8, 15.64008, 15.18849],
			"rotation": {"angle": 0, "axis": "x", "origin": [8, 10.41428, 18.7742]},
			"faces": {
				"north": {"uv": [1, 5, 2, 4], "rotation": 180, "texture": "#0"},
				"east": {"uv": [3, 5, 2, 7], "rotation": 90, "texture": "#0"},
				"south": {"uv": [2, 4, 3, 5], "texture": "#0"},
				"west": {"uv": [1, 5, 0, 7], "rotation": 270, "texture": "#0"},
				"up": {"uv": [4, 5, 3, 7], "texture": "#0"},
				"down": {"uv": [2, 5, 1, 7], "rotation": 180, "texture": "#0"}
			}
		},
		{
			"name": "Right Leg Layer",
			"from": [5.75, 11.39008, 8.93849],
			"to": [8.25, 15.89008, 15.43849],
			"rotation": {"angle": 0, "axis": "x", "origin": [8, 10.41428, 18.7742]},
			"faces": {
				"north": {"uv": [1, 9, 2, 8], "rotation": 180, "texture": "#0"},
				"east": {"uv": [3, 9, 2, 11], "rotation": 90, "texture": "#0"},
				"south": {"uv": [2, 8, 3, 9], "texture": "#0"},
				"west": {"uv": [1, 9, 0, 12], "rotation": 270, "texture": "#0"},
				"up": {"uv": [4, 9, 3, 11], "texture": "#0"},
				"down": {"uv": [2, 9, 1, 12], "rotation": 180, "texture": "#0"}
			}
		},
		{
			"name": "Right Leg",
			"from": [6, 9.9701, 13.56161],
			"to": [8, 13.7701, 19.36161],
			"rotation": {"angle": 22.5, "axis": "x", "origin": [8, 10.41428, 18.7742]},
			"faces": {
				"north": {"uv": [1, 5, 2, 4], "rotation": 180, "texture": "#0"},
				"east": {"uv": [3, 5, 2, 7], "rotation": 90, "texture": "#0"},
				"south": {"uv": [2, 4, 3, 5], "texture": "#0"},
				"west": {"uv": [1, 5, 0, 7], "rotation": 270, "texture": "#0"},
				"up": {"uv": [4, 5, 3, 7], "texture": "#0"},
				"down": {"uv": [2, 5, 1, 7], "rotation": 180, "texture": "#0"}
			}
		},
		{
			"name": "Right Leg Layer",
			"from": [5.75, 9.7201, 13.31161],
			"to": [8.25, 14.0201, 19.61161],
			"rotation": {"angle": 22.5, "axis": "x", "origin": [8, 10.41428, 18.7742]},
			"faces": {
				"north": {"uv": [1, 9, 2, 8], "rotation": 180, "texture": "#0"},
				"east": {"uv": [3, 9, 2, 11], "rotation": 90, "texture": "#0"},
				"south": {"uv": [2, 8, 3, 9], "texture": "#0"},
				"west": {"uv": [1, 9, 0, 12], "rotation": 270, "texture": "#0"},
				"up": {"uv": [4, 9, 3, 11], "texture": "#0"},
				"down": {"uv": [2, 9, 1, 12], "rotation": 180, "texture": "#0"}
			}
		},
		{
			"name": "Right Leg",
			"from": [8, 11.64008, 9.18849],
			"to": [10, 15.64008, 15.18849],
			"rotation": {"angle": 0, "axis": "x", "origin": [8, 10.41428, 18.7742]},
			"faces": {
				"north": {"uv": [2, 5, 1, 4], "rotation": 180, "texture": "#0"},
				"east": {"uv": [0, 5, 1, 7], "rotation": 90, "texture": "#0"},
				"south": {"uv": [3, 4, 2, 5], "texture": "#0"},
				"west": {"uv": [2, 5, 3, 7], "rotation": 270, "texture": "#0"},
				"up": {"uv": [3, 5, 4, 7], "texture": "#0"},
				"down": {"uv": [1, 5, 2, 7], "rotation": 180, "texture": "#0"}
			}
		},
		{
			"name": "Right Leg",
			"from": [8, 9.9701, 13.56161],
			"to": [10, 13.7701, 19.36161],
			"rotation": {"angle": 22.5, "axis": "x", "origin": [8, 10.41428, 18.7742]},
			"faces": {
				"north": {"uv": [2, 5, 1, 4], "rotation": 180, "texture": "#0"},
				"east": {"uv": [0, 5, 1, 7], "rotation": 90, "texture": "#0"},
				"south": {"uv": [3, 4, 2, 5], "texture": "#0"},
				"west": {"uv": [2, 5, 3, 7], "rotation": 270, "texture": "#0"},
				"up": {"uv": [3, 5, 4, 7], "texture": "#0"},
				"down": {"uv": [1, 5, 2, 7], "rotation": 180, "texture": "#0"}
			}
		},
		{
			"name": "Right Leg Layer",
			"from": [7.75, 11.39008, 8.93849],
			"to": [10.25, 15.89008, 15.43849],
			"rotation": {"angle": 0, "axis": "x", "origin": [8, 10.41428, 18.7742]},
			"faces": {
				"north": {"uv": [2, 9, 1, 8], "rotation": 180, "texture": "#0"},
				"east": {"uv": [0, 9, 1, 12], "rotation": 90, "texture": "#0"},
				"south": {"uv": [3, 8, 2, 9], "texture": "#0"},
				"west": {"uv": [2, 9, 3, 11], "rotation": 270, "texture": "#0"},
				"up": {"uv": [3, 9, 4, 11], "texture": "#0"},
				"down": {"uv": [1, 9, 2, 12], "rotation": 180, "texture": "#0"}
			}
		},
		{
			"name": "Right Leg Layer",
			"from": [7.75, 9.7201, 13.31161],
			"to": [10.25, 14.0201, 19.61161],
			"rotation": {"angle": 22.5, "axis": "x", "origin": [8, 10.41428, 18.7742]},
			"faces": {
				"north": {"uv": [2, 9, 1, 8], "rotation": 180, "texture": "#0"},
				"east": {"uv": [0, 9, 1, 12], "rotation": 90, "texture": "#0"},
				"south": {"uv": [3, 8, 2, 9], "texture": "#0"},
				"west": {"uv": [2, 9, 3, 11], "rotation": 270, "texture": "#0"},
				"up": {"uv": [3, 9, 4, 11], "texture": "#0"},
				"down": {"uv": [1, 9, 2, 12], "rotation": 180, "texture": "#0"}
			}
		},
		{
			"name": "Right Leg Layer",
			"from": [5.75, 6.53689, 16.45145],
			"to": [8.25, 10.83689, 22.75145],
			"rotation": {"angle": 45, "axis": "x", "origin": [8, 7.23108, 21.91405]},
			"faces": {
				"north": {"uv": [1, 9, 2, 8], "rotation": 180, "texture": "#0"},
				"east": {"uv": [3, 9, 2, 11], "rotation": 90, "texture": "#0"},
				"south": {"uv": [2, 8, 3, 9], "texture": "#0"},
				"west": {"uv": [1, 9, 0, 12], "rotation": 270, "texture": "#0"},
				"up": {"uv": [4, 9, 3, 11], "texture": "#0"},
				"down": {"uv": [2, 9, 1, 12], "rotation": 180, "texture": "#0"}
			}
		},
		{
			"name": "Right Leg Layer",
			"from": [7.75, 6.53689, 16.45145],
			"to": [10.25, 10.83689, 22.75145],
			"rotation": {"angle": 45, "axis": "x", "origin": [8, 7.23108, 21.91405]},
			"faces": {
				"north": {"uv": [2, 9, 1, 8], "rotation": 180, "texture": "#0"},
				"east": {"uv": [0, 9, 1, 12], "rotation": 90, "texture": "#0"},
				"south": {"uv": [3, 8, 2, 9], "texture": "#0"},
				"west": {"uv": [2, 9, 3, 11], "rotation": 270, "texture": "#0"},
				"up": {"uv": [3, 9, 4, 11], "texture": "#0"},
				"down": {"uv": [1, 9, 2, 12], "rotation": 180, "texture": "#0"}
			}
		},
		{
			"name": "Right Leg",
			"from": [8, 6.78689, 16.70145],
			"to": [10, 10.58689, 22.50145],
			"rotation": {"angle": 45, "axis": "x", "origin": [8, 7.23108, 21.91405]},
			"faces": {
				"north": {"uv": [2, 5, 1, 4], "rotation": 180, "texture": "#0"},
				"east": {"uv": [0, 5, 1, 7], "rotation": 90, "texture": "#0"},
				"south": {"uv": [3, 4, 2, 5], "texture": "#0"},
				"west": {"uv": [2, 5, 3, 7], "rotation": 270, "texture": "#0"},
				"up": {"uv": [3, 5, 4, 7], "texture": "#0"},
				"down": {"uv": [1, 5, 2, 7], "rotation": 180, "texture": "#0"}
			}
		},
		{
			"name": "Right Leg",
			"from": [6, 6.78689, 16.70145],
			"to": [8, 10.58689, 22.50145],
			"rotation": {"angle": 45, "axis": "x", "origin": [8, 7.23108, 21.91405]},
			"faces": {
				"north": {"uv": [1, 5, 2, 4], "rotation": 180, "texture": "#0"},
				"east": {"uv": [3, 5, 2, 7], "rotation": 90, "texture": "#0"},
				"south": {"uv": [2, 4, 3, 5], "texture": "#0"},
				"west": {"uv": [1, 5, 0, 7], "rotation": 270, "texture": "#0"},
				"up": {"uv": [4, 5, 3, 7], "texture": "#0"},
				"down": {"uv": [2, 5, 1, 7], "rotation": 180, "texture": "#0"}
			}
		},
		{
			"name": "Right Leg",
			"from": [6, 5.91814, 17.43182],
			"to": [8, 11.91814, 21.43182],
			"rotation": {"angle": 22.5, "axis": "x", "origin": [8, 2.33242, 16.20602]},
			"faces": {
				"north": {"uv": [2, 5, 1, 7], "texture": "#0"},
				"east": {"uv": [3, 5, 2, 7], "texture": "#0"},
				"south": {"uv": [4, 5, 3, 7], "texture": "#0"},
				"west": {"uv": [1, 5, 0, 7], "texture": "#0"},
				"up": {"uv": [1, 5, 2, 4], "texture": "#0"},
				"down": {"uv": [2, 4, 3, 5], "texture": "#0"}
			}
		},
		{
			"name": "Right Leg Layer",
			"from": [5.75, 5.66814, 17.18182],
			"to": [8.25, 12.16814, 21.68182],
			"rotation": {"angle": 22.5, "axis": "x", "origin": [8, 2.33242, 16.20602]},
			"faces": {
				"north": {"uv": [2, 9, 1, 12], "texture": "#0"},
				"east": {"uv": [3, 9, 2, 11], "texture": "#0"},
				"south": {"uv": [4, 9, 3, 11], "texture": "#0"},
				"west": {"uv": [1, 9, 0, 12], "texture": "#0"},
				"up": {"uv": [1, 9, 2, 8], "texture": "#0"},
				"down": {"uv": [2, 8, 3, 9], "texture": "#0"}
			}
		},
		{
			"name": "Right Leg",
			"from": [6, -1.02339, 15.61862],
			"to": [8, 2.77661, 21.41862],
			"rotation": {"angle": -45, "axis": "x", "origin": [8, 2.33242, 16.20602]},
			"faces": {
				"north": {"uv": [2, 4, 3, 5], "rotation": 180, "texture": "#0"},
				"east": {"uv": [3, 5, 2, 7], "rotation": 270, "texture": "#0"},
				"south": {"uv": [1, 5, 2, 4], "texture": "#0"},
				"west": {"uv": [1, 5, 0, 7], "rotation": 90, "texture": "#0"},
				"up": {"uv": [2, 5, 1, 7], "rotation": 180, "texture": "#0"},
				"down": {"uv": [4, 5, 3, 7], "texture": "#0"}
			}
		},
		{
			"name": "Right Leg Layer",
			"from": [7.75, 1.71032, -0.8027],
			"to": [10.25, 6.01032, 5.4973],
			"rotation": {"angle": -22.5, "axis": "x", "origin": [8, 7.08611, 17.93302]},
			"faces": {
				"north": {"uv": [3, 8, 2, 9], "rotation": 180, "texture": "#0"},
				"east": {"uv": [0, 9, 1, 12], "rotation": 270, "texture": "#0"},
				"south": {"uv": [2, 9, 1, 8], "texture": "#0"},
				"west": {"uv": [2, 9, 3, 11], "rotation": 90, "texture": "#0"},
				"up": {"uv": [1, 9, 2, 12], "rotation": 180, "texture": "#0"},
				"down": {"uv": [3, 9, 4, 11], "texture": "#0"}
			}
		},
		{
			"name": "Right Leg Layer",
			"from": [5.75, 1.71032, -0.8027],
			"to": [8.25, 6.01032, 5.4973],
			"rotation": {"angle": -22.5, "axis": "x", "origin": [8, 7.08611, 17.93302]},
			"faces": {
				"north": {"uv": [2, 8, 3, 9], "rotation": 180, "texture": "#0"},
				"east": {"uv": [2, 11, 3, 9], "rotation": 90, "texture": "#0"},
				"south": {"uv": [1, 9, 2, 8], "texture": "#0"},
				"west": {"uv": [0, 12, 1, 9], "rotation": 270, "texture": "#0"},
				"up": {"uv": [2, 9, 1, 12], "rotation": 180, "texture": "#0"},
				"down": {"uv": [4, 9, 3, 11], "texture": "#0"}
			}
		},
		{
			"name": "Right Leg Layer",
			"from": [5.651, 3.2199, -9.44023],
			"to": [8.349, 7.7179, -2.94223],
			"rotation": {"angle": -45, "axis": "x", "origin": [8, 8.6947, 9.39448]},
			"faces": {
				"north": {"uv": [2, 8, 3, 9], "rotation": 180, "texture": "#0"},
				"east": {"uv": [2, 8, 3, 9], "rotation": 180, "texture": "#0"},
				"south": {"uv": [2, 8, 3, 9], "rotation": 180, "texture": "#0"},
				"west": {"uv": [2, 8, 3, 9], "rotation": 180, "texture": "#0"},
				"up": {"uv": [2, 8, 3, 9], "rotation": 180, "texture": "#0"},
				"down": {"uv": [2, 8, 3, 9], "rotation": 180, "texture": "#0"}
			}
		},
		{
			"name": "Right Leg Layer",
			"from": [7.651, 3.2199, -9.44023],
			"to": [10.349, 7.7179, -2.94223],
			"rotation": {"angle": -45, "axis": "x", "origin": [8, 8.6947, 9.39448]},
			"faces": {
				"north": {"uv": [3, 8, 2, 9], "rotation": 180, "texture": "#0"},
				"east": {"uv": [3, 8, 2, 9], "rotation": 180, "texture": "#0"},
				"south": {"uv": [3, 8, 2, 9], "rotation": 180, "texture": "#0"},
				"west": {"uv": [3, 8, 2, 9], "rotation": 180, "texture": "#0"},
				"up": {"uv": [3, 8, 2, 9], "rotation": 180, "texture": "#0"},
				"down": {"uv": [3, 8, 2, 9], "rotation": 180, "texture": "#0"}
			}
		},
		{
			"name": "Right Leg",
			"from": [6, 1.96032, -0.5527],
			"to": [8, 5.76032, 5.2473],
			"rotation": {"angle": -22.5, "axis": "x", "origin": [8, 7.08611, 17.93302]},
			"faces": {
				"north": {"uv": [2, 4, 3, 5], "rotation": 180, "texture": "#0"},
				"east": {"uv": [2, 7, 3, 5], "rotation": 90, "texture": "#0"},
				"south": {"uv": [1, 5, 2, 4], "texture": "#0"},
				"west": {"uv": [0, 7, 1, 5], "rotation": 270, "texture": "#0"},
				"up": {"uv": [2, 5, 1, 7], "rotation": 180, "texture": "#0"},
				"down": {"uv": [4, 5, 3, 7], "texture": "#0"}
			}
		},
		{
			"name": "Right Leg",
			"from": [8, 1.96032, -0.5527],
			"to": [10, 5.76032, 5.2473],
			"rotation": {"angle": -22.5, "axis": "x", "origin": [8, 7.08611, 17.93302]},
			"faces": {
				"north": {"uv": [3, 4, 2, 5], "rotation": 180, "texture": "#0"},
				"east": {"uv": [0, 5, 1, 7], "rotation": 270, "texture": "#0"},
				"south": {"uv": [2, 5, 1, 4], "texture": "#0"},
				"west": {"uv": [2, 5, 3, 7], "rotation": 90, "texture": "#0"},
				"up": {"uv": [1, 5, 2, 7], "rotation": 180, "texture": "#0"},
				"down": {"uv": [3, 5, 4, 7], "texture": "#0"}
			}
		},
		{
			"name": "Right Leg",
			"from": [7.901, 3.4699, -9.19023],
			"to": [10.099, 7.4679, -3.19223],
			"rotation": {"angle": -45, "axis": "x", "origin": [8, 8.6947, 9.39448]},
			"faces": {
				"north": {"uv": [3, 4, 2, 5], "rotation": 180, "texture": "#0"},
				"east": {"uv": [3, 4, 2, 5], "rotation": 180, "texture": "#0"},
				"south": {"uv": [3, 4, 2, 5], "rotation": 180, "texture": "#0"},
				"west": {"uv": [3, 4, 2, 5], "rotation": 180, "texture": "#0"},
				"up": {"uv": [3, 4, 2, 5], "rotation": 180, "texture": "#0"},
				"down": {"uv": [3, 4, 2, 5], "rotation": 180, "texture": "#0"}
			}
		},
		{
			"name": "Right Leg",
			"from": [5.901, 3.4699, -9.19023],
			"to": [8.099, 7.4679, -3.19223],
			"rotation": {"angle": -45, "axis": "x", "origin": [8, 8.6947, 9.39448]},
			"faces": {
				"north": {"uv": [2, 4, 3, 5], "rotation": 180, "texture": "#0"},
				"east": {"uv": [2, 4, 3, 5], "rotation": 180, "texture": "#0"},
				"south": {"uv": [2, 4, 3, 5], "rotation": 180, "texture": "#0"},
				"west": {"uv": [2, 4, 3, 5], "rotation": 180, "texture": "#0"},
				"up": {"uv": [2, 4, 3, 5], "rotation": 180, "texture": "#0"},
				"down": {"uv": [2, 4, 3, 5], "rotation": 180, "texture": "#0"}
			}
		},
		{
			"name": "Right Leg Layer",
			"from": [5.75, -1.27339, 15.36862],
			"to": [8.25, 3.02661, 21.66862],
			"rotation": {"angle": -45, "axis": "x", "origin": [8, 2.33242, 16.20602]},
			"faces": {
				"north": {"uv": [2, 8, 3, 9], "rotation": 180, "texture": "#0"},
				"east": {"uv": [3, 9, 2, 11], "rotation": 270, "texture": "#0"},
				"south": {"uv": [1, 9, 2, 8], "texture": "#0"},
				"west": {"uv": [1, 9, 0, 12], "rotation": 90, "texture": "#0"},
				"up": {"uv": [2, 9, 1, 12], "rotation": 180, "texture": "#0"},
				"down": {"uv": [4, 9, 3, 11], "texture": "#0"}
			}
		},
		{
			"name": "Right Leg",
			"from": [8, 5.91814, 17.43182],
			"to": [10, 11.91814, 21.43182],
			"rotation": {"angle": 22.5, "axis": "x", "origin": [8, 2.33242, 16.20602]},
			"faces": {
				"north": {"uv": [1, 5, 2, 7], "texture": "#0"},
				"east": {"uv": [0, 5, 1, 7], "texture": "#0"},
				"south": {"uv": [3, 5, 4, 7], "texture": "#0"},
				"west": {"uv": [2, 5, 3, 7], "texture": "#0"},
				"up": {"uv": [2, 5, 1, 4], "texture": "#0"},
				"down": {"uv": [3, 4, 2, 5], "texture": "#0"}
			}
		},
		{
			"name": "Right Leg Layer",
			"from": [7.75, 5.66814, 17.18182],
			"to": [10.25, 12.16814, 21.68182],
			"rotation": {"angle": 22.5, "axis": "x", "origin": [8, 2.33242, 16.20602]},
			"faces": {
				"north": {"uv": [1, 9, 2, 12], "texture": "#0"},
				"east": {"uv": [0, 9, 1, 12], "texture": "#0"},
				"south": {"uv": [3, 9, 4, 11], "texture": "#0"},
				"west": {"uv": [2, 9, 3, 11], "texture": "#0"},
				"up": {"uv": [2, 9, 1, 8], "texture": "#0"},
				"down": {"uv": [3, 8, 2, 9], "texture": "#0"}
			}
		},
		{
			"name": "Right Leg",
			"from": [8, -1.02339, 15.61862],
			"to": [10, 2.77661, 21.41862],
			"rotation": {"angle": -45, "axis": "x", "origin": [8, 2.33242, 16.20602]},
			"faces": {
				"north": {"uv": [3, 4, 2, 5], "rotation": 180, "texture": "#0"},
				"east": {"uv": [0, 5, 1, 7], "rotation": 270, "texture": "#0"},
				"south": {"uv": [2, 5, 1, 4], "texture": "#0"},
				"west": {"uv": [2, 5, 3, 7], "rotation": 90, "texture": "#0"},
				"up": {"uv": [1, 5, 2, 7], "rotation": 180, "texture": "#0"},
				"down": {"uv": [3, 5, 4, 7], "texture": "#0"}
			}
		},
		{
			"name": "Right Leg Layer",
			"from": [7.75, -1.27339, 15.36862],
			"to": [10.25, 3.02661, 21.66862],
			"rotation": {"angle": -45, "axis": "x", "origin": [8, 2.33242, 16.20602]},
			"faces": {
				"north": {"uv": [3, 8, 2, 9], "rotation": 180, "texture": "#0"},
				"east": {"uv": [0, 9, 1, 12], "rotation": 270, "texture": "#0"},
				"south": {"uv": [2, 9, 1, 8], "texture": "#0"},
				"west": {"uv": [2, 9, 3, 11], "rotation": 90, "texture": "#0"},
				"up": {"uv": [1, 9, 2, 12], "rotation": 180, "texture": "#0"},
				"down": {"uv": [3, 9, 4, 11], "texture": "#0"}
			}
		},
		{
			"name": "Right Leg",
			"from": [8, -1.02339, 10.99343],
			"to": [10, 2.77661, 16.79343],
			"rotation": {"angle": -22.5, "axis": "x", "origin": [8, 2.33242, 16.20602]},
			"faces": {
				"north": {"uv": [3, 4, 2, 5], "rotation": 180, "texture": "#0"},
				"east": {"uv": [0, 5, 1, 7], "rotation": 270, "texture": "#0"},
				"south": {"uv": [2, 5, 1, 4], "texture": "#0"},
				"west": {"uv": [2, 5, 3, 7], "rotation": 90, "texture": "#0"},
				"up": {"uv": [1, 5, 2, 7], "rotation": 180, "texture": "#0"},
				"down": {"uv": [3, 5, 4, 7], "texture": "#0"}
			}
		},
		{
			"name": "Right Leg Layer",
			"from": [7.75, -1.27339, 10.74343],
			"to": [10.25, 3.02661, 17.04343],
			"rotation": {"angle": -22.5, "axis": "x", "origin": [8, 2.33242, 16.20602]},
			"faces": {
				"north": {"uv": [3, 8, 2, 9], "rotation": 180, "texture": "#0"},
				"east": {"uv": [0, 9, 1, 12], "rotation": 270, "texture": "#0"},
				"south": {"uv": [2, 9, 1, 8], "texture": "#0"},
				"west": {"uv": [2, 9, 3, 11], "rotation": 90, "texture": "#0"},
				"up": {"uv": [1, 9, 2, 12], "rotation": 180, "texture": "#0"},
				"down": {"uv": [3, 9, 4, 11], "texture": "#0"}
			}
		},
		{
			"name": "Right Leg",
			"from": [8, -2.79338, 6.72031],
			"to": [10, 1.00662, 12.52031],
			"rotation": {"angle": 0, "axis": "x", "origin": [8, 2.33242, 16.20602]},
			"faces": {
				"north": {"uv": [3, 4, 2, 5], "rotation": 180, "texture": "#0"},
				"east": {"uv": [0, 5, 1, 7], "rotation": 270, "texture": "#0"},
				"south": {"uv": [2, 5, 1, 4], "texture": "#0"},
				"west": {"uv": [2, 5, 3, 7], "rotation": 90, "texture": "#0"},
				"up": {"uv": [1, 5, 2, 7], "rotation": 180, "texture": "#0"},
				"down": {"uv": [3, 5, 4, 7], "texture": "#0"}
			}
		},
		{
			"name": "Right Leg Layer",
			"from": [7.75, -3.04338, 6.47031],
			"to": [10.25, 1.25662, 12.77031],
			"rotation": {"angle": 0, "axis": "x", "origin": [8, 2.33242, 16.20602]},
			"faces": {
				"north": {"uv": [3, 8, 2, 9], "rotation": 180, "texture": "#0"},
				"east": {"uv": [0, 9, 1, 12], "rotation": 270, "texture": "#0"},
				"south": {"uv": [2, 9, 1, 8], "texture": "#0"},
				"west": {"uv": [2, 9, 3, 11], "rotation": 90, "texture": "#0"},
				"up": {"uv": [1, 9, 2, 12], "rotation": 180, "texture": "#0"},
				"down": {"uv": [3, 9, 4, 11], "texture": "#0"}
			}
		},
		{
			"name": "Right Leg",
			"from": [6, -1.02339, 10.99343],
			"to": [8, 2.77661, 16.79343],
			"rotation": {"angle": -22.5, "axis": "x", "origin": [8, 2.33242, 16.20602]},
			"faces": {
				"north": {"uv": [2, 4, 3, 5], "rotation": 180, "texture": "#0"},
				"east": {"uv": [2, 7, 3, 5], "rotation": 90, "texture": "#0"},
				"south": {"uv": [1, 5, 2, 4], "texture": "#0"},
				"west": {"uv": [0, 7, 1, 5], "rotation": 270, "texture": "#0"},
				"up": {"uv": [2, 5, 1, 7], "rotation": 180, "texture": "#0"},
				"down": {"uv": [4, 5, 3, 7], "texture": "#0"}
			}
		},
		{
			"name": "Right Leg Layer",
			"from": [5.75, -1.27339, 10.74343],
			"to": [8.25, 3.02661, 17.04343],
			"rotation": {"angle": -22.5, "axis": "x", "origin": [8, 2.33242, 16.20602]},
			"faces": {
				"north": {"uv": [2, 8, 3, 9], "rotation": 180, "texture": "#0"},
				"east": {"uv": [2, 11, 3, 9], "rotation": 90, "texture": "#0"},
				"south": {"uv": [1, 9, 2, 8], "texture": "#0"},
				"west": {"uv": [0, 12, 1, 9], "rotation": 270, "texture": "#0"},
				"up": {"uv": [2, 9, 1, 12], "rotation": 180, "texture": "#0"},
				"down": {"uv": [4, 9, 3, 11], "texture": "#0"}
			}
		},
		{
			"name": "Right Leg",
			"from": [6, -2.79338, 6.72031],
			"to": [8, 1.00662, 12.52031],
			"rotation": {"angle": 0, "axis": "x", "origin": [8, 2.33242, 16.20602]},
			"faces": {
				"north": {"uv": [2, 4, 3, 5], "rotation": 180, "texture": "#0"},
				"east": {"uv": [2, 7, 3, 5], "rotation": 90, "texture": "#0"},
				"south": {"uv": [1, 5, 2, 4], "texture": "#0"},
				"west": {"uv": [0, 7, 1, 5], "rotation": 270, "texture": "#0"},
				"up": {"uv": [2, 5, 1, 7], "rotation": 180, "texture": "#0"},
				"down": {"uv": [4, 5, 3, 7], "texture": "#0"}
			}
		},
		{
			"name": "Right Leg Layer",
			"from": [5.75, -3.04338, 6.47031],
			"to": [8.25, 1.25662, 12.77031],
			"rotation": {"angle": 0, "axis": "x", "origin": [8, 2.33242, 16.20602]},
			"faces": {
				"north": {"uv": [2, 8, 3, 9], "rotation": 180, "texture": "#0"},
				"east": {"uv": [2, 11, 3, 9], "rotation": 90, "texture": "#0"},
				"south": {"uv": [1, 9, 2, 8], "texture": "#0"},
				"west": {"uv": [0, 12, 1, 9], "rotation": 270, "texture": "#0"},
				"up": {"uv": [2, 9, 1, 12], "rotation": 180, "texture": "#0"},
				"down": {"uv": [4, 9, 3, 11], "texture": "#0"}
			}
		},
		{
			"name": "Left Arm",
			"from": [13.80265, 10.80148, 3.74421],
			"to": [16.80065, 15.79948, 7.24221],
			"rotation": {"angle": -22.5, "axis": "z", "origin": [15.30165, 19.46101, 6.20032]},
			"faces": {
				"north": {"uv": [9.75, 14.5, 9, 16], "texture": "#0"},
				"east": {"uv": [10.75, 14.5, 9.75, 16], "texture": "#0"},
				"south": {"uv": [11.5, 14.5, 10.75, 16], "texture": "#0"},
				"west": {"uv": [9, 14.5, 8, 16], "texture": "#0"},
				"up": {"uv": [9, 13, 9.75, 12], "texture": "#0"},
				"down": {"uv": [9.75, 12, 10.5, 13], "texture": "#0"}
			}
		},
		{
			"name": "Left Arm Layer",
			"from": [13.55265, 10.55148, 3.49421],
			"to": [17.05065, 16.54948, 7.49221],
			"rotation": {"angle": -22.5, "axis": "z", "origin": [15.30165, 19.46101, 6.20032]},
			"faces": {
				"north": {"uv": [13.75, 14.5, 13, 16], "texture": "#0"},
				"east": {"uv": [14.75, 14.5, 13.75, 16], "texture": "#0"},
				"south": {"uv": [15.5, 14.5, 14.75, 16], "texture": "#0"},
				"west": {"uv": [13, 14.5, 12, 16], "texture": "#0"},
				"up": {"uv": [13, 13, 13.75, 12], "texture": "#0"},
				"down": {"uv": [13.75, 12, 14.5, 13], "texture": "#0"}
			}
		},
		{
			"name": "Left Arm",
			"from": [11, 14.65243, 3.74321],
			"to": [14, 19.65243, 7.24321],
			"rotation": {"angle": 22.5, "axis": "z", "origin": [12.5, 18.31296, 6.20032]},
			"faces": {
				"north": {"uv": [9.75, 13, 9, 14.5], "texture": "#0"},
				"east": {"uv": [10.75, 13, 9.75, 14.5], "texture": "#0"},
				"south": {"uv": [11.5, 13, 10.75, 14.5], "texture": "#0"},
				"west": {"uv": [9, 13, 8, 14.5], "texture": "#0"},
				"up": {"uv": [9, 13, 9.75, 12], "texture": "#0"},
				"down": {"uv": [9.75, 12, 10.5, 13], "texture": "#0"}
			}
		},
		{
			"name": "Left Arm Layer",
			"from": [10.75, 14.40243, 3.49321],
			"to": [14.25, 20.40243, 7.49321],
			"rotation": {"angle": 22.5, "axis": "z", "origin": [12.5, 18.31296, 6.20032]},
			"faces": {
				"north": {"uv": [13.75, 13, 13, 14.5], "texture": "#0"},
				"east": {"uv": [14.75, 13, 13.75, 14.5], "texture": "#0"},
				"south": {"uv": [15.5, 13, 14.75, 14.5], "texture": "#0"},
				"west": {"uv": [13, 13, 12, 14.5], "texture": "#0"},
				"up": {"uv": [13, 13, 13.75, 12], "texture": "#0"},
				"down": {"uv": [13.75, 12, 14.5, 13], "texture": "#0"}
			}
		}
	],
	"display": {
		"head": {
			"rotation": [0, 0, 31.25],
			"translation": [0, -13.25, 3.25]
		}
	},
	"groups": [
		{
			"name": "echoes",
			"origin": [8, 8, 8],
			"color": 0,
			"children": [
				{
					"name": "Head",
					"origin": [0, 24, 0],
					"color": 0,
					"children": [0, 1]
				},
				{
					"name": "Body",
					"origin": [0, 24, 0],
					"color": 0,
					"children": [2, 3, 4, 5, 6]
				},
				{
					"name": "LeftArm",
					"origin": [-5, 22, 0],
					"color": 0,
					"children": [7, 8, 9, 10]
				},
				{
					"name": "Tail",
					"origin": [1.9, 12, 0],
					"color": 0,
					"children": [
						11,
						12,
						13,
						14,
						15,
						16,
						17,
						18,
						19,
						20,
						21,
						22,
						{
							"name": "Tail",
							"origin": [1.9, 12, 0],
							"color": 0,
							"children": [23, 24, 25, 26, 27, 28, 29, 30, 31, 32, 33, 34, 35, 36, 37, 38, 39, 40, 41, 42, 43, 44, 45, 46]
						}
					]
				},
				{
					"name": "LeftArm",
					"origin": [-5, 22, 0],
					"color": 0,
					"children": [47, 48, 49, 50]
				}
			]
		}
	]
}