{
	"credit": "Made with Blockbench",
	"texture_size": [64, 64],
	"textures": {
		"0": "nw:stand/skins/queen_crimson"
	},
	"elements": [
		{
			"name": "Head",
			"from": [4, 13, 4],
			"to": [12, 21, 12],
			"rotation": {"angle": 22.5, "axis": "y", "origin": [8, 13.54545, 8]},
			"faces": {
				"north": {"uv": [2, 2, 4, 4], "texture": "#0"},
				"east": {"uv": [0, 2, 2, 4], "texture": "#0"},
				"south": {"uv": [6, 2, 8, 4], "texture": "#0"},
				"west": {"uv": [4, 2, 6, 4], "texture": "#0"},
				"up": {"uv": [4, 2, 2, 0], "texture": "#0"},
				"down": {"uv": [6, 0, 4, 2], "texture": "#0"}
			}
		},
		{
			"name": "Hat Layer",
			"from": [3.5, 12.5, 3.5],
			"to": [12.5, 21.5, 12.5],
			"rotation": {"angle": 22.5, "axis": "y", "origin": [8, 13.54545, 8]},
			"faces": {
				"north": {"uv": [10, 2, 12, 4], "texture": "#0"},
				"east": {"uv": [8, 2, 10, 4], "texture": "#0"},
				"south": {"uv": [14, 2, 16, 4], "texture": "#0"},
				"west": {"uv": [12, 2, 14, 4], "texture": "#0"},
				"up": {"uv": [12, 2, 10, 0], "texture": "#0"},
				"down": {"uv": [14, 0, 12, 2], "texture": "#0"}
			}
		},
		{
			"name": "Body",
			"from": [4, 7, 6],
			"to": [12, 13, 10],
			"rotation": {"angle": 0, "axis": "y", "origin": [8, 13.54545, 8]},
			"faces": {
				"north": {"uv": [5, 5, 7, 6.5], "texture": "#0"},
				"east": {"uv": [4, 5, 5, 6.5], "texture": "#0"},
				"south": {"uv": [8, 5, 10, 6.5], "texture": "#0"},
				"west": {"uv": [7, 5, 8, 6.5], "texture": "#0"},
				"up": {"uv": [7, 5, 5, 4], "texture": "#0"},
				"down": {"uv": [9, 4, 7, 5], "texture": "#0"}
			}
		},
		{
			"name": "Body Layer",
			"from": [3.75, 6.75, 5.75],
			"to": [12.25, 13.25, 10.25],
			"rotation": {"angle": 0, "axis": "y", "origin": [8, 13.54545, 8]},
			"faces": {
				"north": {"uv": [5, 9, 7, 10.5], "texture": "#0"},
				"east": {"uv": [4, 9, 5, 10.5], "texture": "#0"},
				"south": {"uv": [8, 9, 10, 10.5], "texture": "#0"},
				"west": {"uv": [7, 9, 8, 10.5], "texture": "#0"},
				"up": {"uv": [7, 9, 5, 8], "texture": "#0"},
				"down": {"uv": [9, 8, 7, 9], "texture": "#0"}
			}
		},
		{
			"name": "Body",
			"from": [4, 7, 6],
			"to": [12, 12, 10],
			"rotation": {"angle": 22.5, "axis": "x", "origin": [8, 13.54545, 8]},
			"faces": {
				"north": {"uv": [5, 5, 7, 6.5], "texture": "#0"},
				"east": {"uv": [4, 5, 5, 6.5], "texture": "#0"},
				"south": {"uv": [8, 5, 10, 6.5], "texture": "#0"},
				"west": {"uv": [7, 5, 8, 6.5], "texture": "#0"},
				"up": {"uv": [7, 5, 5, 4], "texture": "#0"},
				"down": {"uv": [7, 5.5, 5, 6.5], "texture": "#0"}
			}
		},
		{
			"name": "Body Layer",
			"from": [3.75, 6.75, 5.75],
			"to": [12.25, 12.25, 10.25],
			"rotation": {"angle": 22.5, "axis": "x", "origin": [8, 13.54545, 8]},
			"faces": {
				"north": {"uv": [5, 9, 7, 10.5], "texture": "#0"},
				"east": {"uv": [4, 9, 5, 10.5], "texture": "#0"},
				"south": {"uv": [8, 9, 10, 10.5], "texture": "#0"},
				"west": {"uv": [7, 9, 8, 10.5], "texture": "#0"},
				"up": {"uv": [7, 9, 5, 8], "texture": "#0"},
				"down": {"uv": [9, 8, 7, 9], "texture": "#0"}
			}
		},
		{
			"name": "Body",
			"from": [4, 2.41517, 3.11456],
			"to": [12, 8.41517, 7.11456],
			"rotation": {"angle": -22.5, "axis": "x", "origin": [8, 14.96062, 8.11456]},
			"faces": {
				"north": {"uv": [5, 6.5, 7, 8], "texture": "#0"},
				"east": {"uv": [4, 6.5, 5, 8], "texture": "#0"},
				"south": {"uv": [8, 6.5, 10, 8], "texture": "#0"},
				"west": {"uv": [7, 6.5, 8, 8], "texture": "#0"},
				"up": {"uv": [7, 5, 5, 4], "texture": "#0"},
				"down": {"uv": [9, 4, 7, 5], "texture": "#0"}
			}
		},
		{
			"name": "Body Layer",
			"from": [3.75, 2.16517, 2.86456],
			"to": [12.25, 8.66517, 7.36456],
			"rotation": {"angle": -22.5, "axis": "x", "origin": [8, 14.96062, 8.11456]},
			"faces": {
				"north": {"uv": [5, 10.5, 7, 12], "texture": "#0"},
				"east": {"uv": [4, 10.5, 5, 12], "texture": "#0"},
				"south": {"uv": [8, 10.5, 10, 12], "texture": "#0"},
				"west": {"uv": [7, 10.5, 8, 12], "texture": "#0"},
				"up": {"uv": [7, 9, 5, 8], "texture": "#0"},
				"down": {"uv": [9, 8, 7, 9], "texture": "#0"}
			}
		},
		{
			"name": "Right Arm",
			"from": [12, 7, 6],
			"to": [15, 13, 10],
			"rotation": {"angle": 22.5, "axis": "x", "origin": [14, 12.54545, 8]},
			"faces": {
				"north": {"uv": [11, 5, 11.75, 6.5], "texture": "#0"},
				"east": {"uv": [10, 5, 11, 6.5], "texture": "#0"},
				"south": {"uv": [12.75, 5, 13.5, 6.5], "texture": "#0"},
				"west": {"uv": [11.75, 5, 12.75, 6.5], "texture": "#0"},
				"up": {"uv": [11.75, 5, 11, 4], "texture": "#0"},
				"down": {"uv": [0.75, 0, 0, 1], "texture": "#0"}
			}
		},
		{
			"name": "Right Arm Layer",
			"from": [11.75, 6.75, 5.75],
			"to": [15.25, 13.25, 10.25],
			"rotation": {"angle": 22.5, "axis": "x", "origin": [14, 12.54545, 8]},
			"faces": {
				"north": {"uv": [11, 9, 11.75, 10.5], "texture": "#0"},
				"east": {"uv": [10, 9, 11, 10.5], "texture": "#0"},
				"south": {"uv": [12.75, 9, 13.5, 10.5], "texture": "#0"},
				"west": {"uv": [11.75, 9, 12.75, 10.5], "texture": "#0"},
				"up": {"uv": [11.75, 9, 11, 8], "texture": "#0"},
				"down": {"uv": [0.75, 0, 0, 1], "texture": "#0"}
			}
		},
		{
			"name": "Right Arm",
			"from": [12, 8.62667, 0.53812],
			"to": [15, 12.62667, 6.53812],
			"rotation": {"angle": -22.5, "axis": "x", "origin": [14, 10.62667, 12.08357]},
			"faces": {
				"north": {"uv": [12.5, 4, 11.75, 5], "rotation": 180, "texture": "#0"},
				"east": {"uv": [10, 6.5, 11, 8], "rotation": 270, "texture": "#0"},
				"south": {"uv": [0.75, 1, 0, 0], "texture": "#0"},
				"west": {"uv": [11.75, 6.5, 12.75, 8], "rotation": 90, "texture": "#0"},
				"up": {"uv": [11, 6.5, 11.75, 8], "rotation": 180, "texture": "#0"},
				"down": {"uv": [12.75, 6.5, 13.5, 8], "texture": "#0"}
			}
		},
		{
			"name": "Right Arm Layer",
			"from": [11.75, 8.37667, 0.28812],
			"to": [15.25, 12.87667, 6.78812],
			"rotation": {"angle": -22.5, "axis": "x", "origin": [14, 10.62667, 12.08357]},
			"faces": {
				"north": {"uv": [12.5, 8, 11.75, 9], "rotation": 180, "texture": "#0"},
				"east": {"uv": [10, 10.5, 11, 12], "rotation": 270, "texture": "#0"},
				"south": {"uv": [0.75, 1, 0, 0], "texture": "#0"},
				"west": {"uv": [11.75, 10.5, 12.75, 12], "rotation": 90, "texture": "#0"},
				"up": {"uv": [11, 10.5, 11.75, 12], "rotation": 180, "texture": "#0"},
				"down": {"uv": [13.25, 10.5, 14, 12], "texture": "#0"}
			}
		},
		{
			"name": "Left Arm",
			"from": [1, 7, 7],
			"to": [5, 13, 10],
			"rotation": {"angle": -22.5, "axis": "z", "origin": [3, 12.54545, 8]},
			"faces": {
				"north": {"uv": [8.25, 13, 9.25, 14.5], "texture": "#0"},
				"east": {"uv": [11, 13, 11.75, 14.5], "texture": "#0"},
				"south": {"uv": [10, 13, 11, 14.5], "texture": "#0"},
				"west": {"uv": [9.25, 13, 10, 14.5], "texture": "#0"},
				"up": {"uv": [10, 13, 9.25, 12], "rotation": 270, "texture": "#0"},
				"down": {"uv": [1, 0, 0.25, 1], "rotation": 90, "texture": "#0"}
			}
		},
		{
			"name": "Left Arm Layer",
			"from": [0.75, 6.75, 6.75],
			"to": [5.25, 13.25, 10.25],
			"rotation": {"angle": -22.5, "axis": "z", "origin": [3, 12.54545, 8]},
			"faces": {
				"north": {"uv": [12.25, 13, 13.25, 14.5], "texture": "#0"},
				"east": {"uv": [15, 13, 15.75, 14.5], "texture": "#0"},
				"south": {"uv": [14, 13, 15, 14.5], "texture": "#0"},
				"west": {"uv": [13.25, 13, 14, 14.5], "texture": "#0"},
				"up": {"uv": [14, 13, 13.25, 12], "rotation": 270, "texture": "#0"},
				"down": {"uv": [1, 0, 0.25, 1], "rotation": 90, "texture": "#0"}
			}
		},
		{
			"name": "Left Arm",
			"from": [-4.46188, 8.62667, 7],
			"to": [1.53812, 12.62667, 10],
			"rotation": {"angle": 22.5, "axis": "z", "origin": [7.08357, 10.62667, 8]},
			"faces": {
				"north": {"uv": [8.25, 14.5, 9.25, 16], "rotation": 270, "texture": "#0"},
				"east": {"uv": [1, 1, 0.25, 0], "texture": "#0"},
				"south": {"uv": [10, 14.5, 11, 16], "rotation": 90, "texture": "#0"},
				"west": {"uv": [10.75, 12, 10, 13], "rotation": 180, "texture": "#0"},
				"up": {"uv": [9.25, 14.5, 10, 16], "rotation": 90, "texture": "#0"},
				"down": {"uv": [11, 14.5, 11.75, 16], "rotation": 90, "texture": "#0"}
			}
		},
		{
			"name": "Left Arm Layer",
			"from": [-4.71188, 8.37667, 6.75],
			"to": [1.78812, 12.87667, 10.25],
			"rotation": {"angle": 22.5, "axis": "z", "origin": [7.08357, 10.62667, 8]},
			"faces": {
				"north": {"uv": [12.25, 14.5, 13.25, 16], "rotation": 270, "texture": "#0"},
				"east": {"uv": [1, 1, 0.25, 0], "texture": "#0"},
				"south": {"uv": [14, 14.5, 15, 16], "rotation": 90, "texture": "#0"},
				"west": {"uv": [14.75, 12, 14, 13], "rotation": 180, "texture": "#0"},
				"up": {"uv": [13.25, 14.5, 14, 16], "rotation": 90, "texture": "#0"},
				"down": {"uv": [15, 14.5, 15.75, 16], "rotation": 90, "texture": "#0"}
			}
		},
		{
			"name": "Right Leg",
			"from": [7.9, -4, 8],
			"to": [11.9, 2, 12],
			"rotation": {"angle": 0, "axis": "y", "origin": [8, 1.54545, 10]},
			"faces": {
				"north": {"uv": [1, 5, 2, 6.5], "texture": "#0"},
				"east": {"uv": [0, 5, 1, 6.5], "texture": "#0"},
				"south": {"uv": [3, 5, 4, 6.5], "texture": "#0"},
				"west": {"uv": [2, 5, 3, 6.5], "texture": "#0"},
				"up": {"uv": [2, 5, 1, 4], "texture": "#0"},
				"down": {"uv": [3, 4, 2, 5], "texture": "#0"}
			}
		},
		{
			"name": "Right Leg Layer",
			"from": [7.65, -4.25, 7.75],
			"to": [12.15, 2.25, 12.25],
			"rotation": {"angle": 0, "axis": "y", "origin": [8, 1.54545, 10]},
			"faces": {
				"north": {"uv": [1, 9, 2, 10.5], "texture": "#0"},
				"east": {"uv": [0, 9, 1, 10.5], "texture": "#0"},
				"south": {"uv": [3, 9, 4, 10.5], "texture": "#0"},
				"west": {"uv": [2, 9, 3, 10.5], "texture": "#0"},
				"up": {"uv": [2, 9, 1, 8], "texture": "#0"},
				"down": {"uv": [1, 0, 0, 1], "texture": "#0"}
			}
		},
		{
			"name": "Right Leg",
			"from": [7.9, -10, 8],
			"to": [11.9, -4, 12],
			"rotation": {"angle": 0, "axis": "y", "origin": [8, 1.54545, 10]},
			"faces": {
				"north": {"uv": [1, 6.5, 2, 8], "texture": "#0"},
				"east": {"uv": [0, 6.5, 1, 8], "texture": "#0"},
				"south": {"uv": [3, 6.5, 4, 8], "texture": "#0"},
				"west": {"uv": [2, 6.5, 3, 8], "texture": "#0"},
				"up": {"uv": [1, 1, 0, 0], "texture": "#0"},
				"down": {"uv": [3, 4, 2, 5], "texture": "#0"}
			}
		},
		{
			"name": "Right Leg Layer",
			"from": [7.65, -10.25, 7.75],
			"to": [12.15, -3.75, 12.25],
			"rotation": {"angle": 0, "axis": "y", "origin": [8, 1.54545, 10]},
			"faces": {
				"north": {"uv": [1, 10.5, 2, 12], "texture": "#0"},
				"east": {"uv": [0, 10.5, 1, 12], "texture": "#0"},
				"south": {"uv": [3, 10.5, 4, 12], "texture": "#0"},
				"west": {"uv": [2, 10.5, 3, 12], "texture": "#0"},
				"up": {"uv": [1, 1, 0, 0], "texture": "#0"},
				"down": {"uv": [3, 8, 2, 9], "texture": "#0"}
			}
		},
		{
			"name": "Left Leg",
			"from": [4.1, -4, 8],
			"to": [8.1, 2, 12],
			"rotation": {"angle": -22.5, "axis": "z", "origin": [8, 1.54545, 10]},
			"faces": {
				"north": {"uv": [5, 13, 6, 14.5], "texture": "#0"},
				"east": {"uv": [4, 13, 5, 14.5], "texture": "#0"},
				"south": {"uv": [7, 13, 8, 14.5], "texture": "#0"},
				"west": {"uv": [6, 13, 7, 14.5], "texture": "#0"},
				"up": {"uv": [6, 13, 5, 12], "texture": "#0"},
				"down": {"uv": [7, 12, 6, 13], "texture": "#0"}
			}
		},
		{
			"name": "Left Leg Layer",
			"from": [3.85, -4.25, 7.75],
			"to": [8.35, 2.25, 12.25],
			"rotation": {"angle": -22.5, "axis": "z", "origin": [8, 1.54545, 10]},
			"faces": {
				"north": {"uv": [1, 13, 2, 14.5], "texture": "#0"},
				"east": {"uv": [0, 13, 1, 14.5], "texture": "#0"},
				"south": {"uv": [3, 13, 4, 14.5], "texture": "#0"},
				"west": {"uv": [2, 13, 3, 14.5], "texture": "#0"},
				"up": {"uv": [2, 13, 1, 12], "texture": "#0"},
				"down": {"uv": [1, 0, 0, 1], "texture": "#0"}
			}
		},
		{
			"name": "Left Leg",
			"from": [4.1, -10, 8],
			"to": [8.1, -4, 12],
			"rotation": {"angle": -22.5, "axis": "z", "origin": [8, 1.54545, 10]},
			"faces": {
				"north": {"uv": [5, 14.5, 6, 16], "texture": "#0"},
				"east": {"uv": [4, 14.5, 5, 16], "texture": "#0"},
				"south": {"uv": [7, 14.5, 8, 16], "texture": "#0"},
				"west": {"uv": [6, 14.5, 7, 16], "texture": "#0"},
				"up": {"uv": [1, 1, 0, 0], "texture": "#0"},
				"down": {"uv": [7, 12, 6, 13], "texture": "#0"}
			}
		},
		{
			"name": "Left Leg Layer",
			"from": [3.85, -10.25, 7.75],
			"to": [8.35, -3.75, 12.25],
			"rotation": {"angle": -22.5, "axis": "z", "origin": [8, 1.54545, 10]},
			"faces": {
				"north": {"uv": [1, 14.5, 2, 16], "texture": "#0"},
				"east": {"uv": [0, 14.5, 1, 16], "texture": "#0"},
				"south": {"uv": [3, 14.5, 4, 16], "texture": "#0"},
				"west": {"uv": [2, 14.5, 3, 16], "texture": "#0"},
				"up": {"uv": [1, 1, 0, 0], "texture": "#0"},
				"down": {"uv": [3, 12, 2, 13], "texture": "#0"}
			}
		}
	],
	"display": {
		"head": {
			"rotation": [0, -22.5, 0],
			"translation": [0, -14.25, 0],
			"scale": [1.6, 1.6, 1.6]
		}
	},
	"groups": [
		{
			"name": "Head",
			"origin": [0, 24, 0],
			"color": 0,
			"children": [0, 1]
		},
		{
			"name": "Body",
			"origin": [0, 24, 0],
			"color": 0,
			"children": [
				2,
				3,
				4,
				5,
				{
					"name": "Body",
					"origin": [0, 24, 0],
					"color": 0,
					"children": [6, 7]
				}
			]
		},
		{
			"name": "RightArm",
			"origin": [5, 21.5, 0],
			"color": 0,
			"children": [8, 9, 10, 11]
		},
		{
			"name": "LeftArm",
			"origin": [-5, 21.5, 0],
			"color": 0,
			"children": [12, 13, 14, 15]
		},
		{
			"name": "RightLeg",
			"origin": [1.9, 12, 0],
			"color": 0,
			"children": [
				16,
				17,
				{
					"name": "RightLeg",
					"origin": [1.9, 12, 0],
					"color": 0,
					"children": [18, 19]
				}
			]
		},
		{
			"name": "LeftLeg",
			"origin": [-1.9, 12, 0],
			"color": 0,
			"children": [
				20,
				21,
				{
					"name": "LeftLeg",
					"origin": [-1.9, 12, 0],
					"color": 0,
					"children": [22, 23]
				}
			]
		}
	]
}