{
	"credit": "Made with Blockbench",
	"texture_size": [64, 64],
	"textures": {
		"0": "nw:stand/skins/spice_girl"
	},
	"elements": [
		{
			"name": "Head",
			"from": [4, 13, 4],
			"to": [12, 21, 12],
			"rotation": {"angle": 0, "axis": "y", "origin": [8, 13.54545, 8]},
			"faces": {
				"north": {"uv": [2, 2, 4, 4], "texture": "#0"},
				"east": {"uv": [0, 2, 2, 4], "texture": "#0"},
				"south": {"uv": [6, 2, 8, 4], "texture": "#0"},
				"west": {"uv": [4, 2, 6, 4], "texture": "#0"},
				"up": {"uv": [4, 2, 2, 0], "texture": "#0"},
				"down": {"uv": [6, 0, 4, 2], "texture": "#0"}
			}
		},
		{
			"name": "Hat Layer",
			"from": [3.5, 12.5, 3.5],
			"to": [12.5, 21.5, 12.5],
			"rotation": {"angle": 0, "axis": "y", "origin": [8, 13.54545, 8]},
			"faces": {
				"north": {"uv": [10, 2, 12, 4], "texture": "#0"},
				"east": {"uv": [8, 2, 10, 4], "texture": "#0"},
				"south": {"uv": [14, 2, 16, 4], "texture": "#0"},
				"west": {"uv": [12, 2, 14, 4], "texture": "#0"},
				"up": {"uv": [12, 2, 10, 0], "texture": "#0"},
				"down": {"uv": [14, 0, 12, 2], "texture": "#0"}
			}
		},
		{
			"name": "Body",
			"from": [4, 7, 6],
			"to": [12, 13, 10],
			"rotation": {"angle": 0, "axis": "y", "origin": [8, 13.54545, 8]},
			"faces": {
				"north": {"uv": [5, 5, 7, 6.5], "texture": "#0"},
				"east": {"uv": [4, 5, 5, 6.5], "texture": "#0"},
				"south": {"uv": [8, 5, 10, 6.5], "texture": "#0"},
				"west": {"uv": [7, 5, 8, 6.5], "texture": "#0"},
				"up": {"uv": [7, 5, 5, 4], "texture": "#0"},
				"down": {"uv": [9, 4, 7, 5], "texture": "#0"}
			}
		},
		{
			"name": "Body Layer",
			"from": [3.75, 6.75, 5.75],
			"to": [12.25, 13.25, 10.25],
			"rotation": {"angle": 0, "axis": "y", "origin": [8, 13.54545, 8]},
			"faces": {
				"north": {"uv": [5, 9, 7, 10.5], "texture": "#0"},
				"east": {"uv": [4, 9, 5, 10.5], "texture": "#0"},
				"south": {"uv": [8, 9, 10, 10.5], "texture": "#0"},
				"west": {"uv": [7, 9, 8, 10.5], "texture": "#0"},
				"up": {"uv": [7, 9, 5, 8], "texture": "#0"},
				"down": {"uv": [9, 8, 7, 9], "texture": "#0"}
			}
		},
		{
			"name": "Body",
			"from": [1.19068, 2.03249, 6],
			"to": [9.19068, 8.03249, 10],
			"rotation": {"angle": 22.5, "axis": "z", "origin": [5.19068, 14.57794, 8]},
			"faces": {
				"north": {"uv": [5, 6.5, 7, 8], "texture": "#0"},
				"east": {"uv": [4, 6.5, 5, 8], "texture": "#0"},
				"south": {"uv": [8, 6.5, 10, 8], "texture": "#0"},
				"west": {"uv": [7, 6.5, 8, 8], "texture": "#0"},
				"up": {"uv": [7, 5, 5, 4], "texture": "#0"},
				"down": {"uv": [9, 4, 7, 5], "texture": "#0"}
			}
		},
		{
			"name": "Body Layer",
			"from": [0.94068, 1.78249, 5.75],
			"to": [9.44068, 8.28249, 10.25],
			"rotation": {"angle": 22.5, "axis": "z", "origin": [5.19068, 14.57794, 8]},
			"faces": {
				"north": {"uv": [5, 10.5, 7, 12], "texture": "#0"},
				"east": {"uv": [4, 10.5, 5, 12], "texture": "#0"},
				"south": {"uv": [8, 10.5, 10, 12], "texture": "#0"},
				"west": {"uv": [7, 10.5, 8, 12], "texture": "#0"},
				"up": {"uv": [7, 9, 5, 8], "texture": "#0"},
				"down": {"uv": [9, 8, 7, 9], "texture": "#0"}
			}
		},
		{
			"name": "Right Arm",
			"from": [12, 12.0909, 6],
			"to": [15, 18.0909, 10],
			"rotation": {"angle": 0, "axis": "x", "origin": [13.5, 13.54545, 8]},
			"faces": {
				"north": {"uv": [12.75, 5, 13.5, 6.5], "rotation": 180, "texture": "#0"},
				"east": {"uv": [10, 5, 11, 6.5], "rotation": 180, "texture": "#0"},
				"south": {"uv": [11, 5, 11.75, 6.5], "rotation": 180, "texture": "#0"},
				"west": {"uv": [11.75, 5, 12.75, 6.5], "rotation": 180, "texture": "#0"},
				"up": {"uv": [1.75, 4, 1, 5], "texture": "#0"},
				"down": {"uv": [11.75, 5, 11, 4], "texture": "#0"}
			}
		},
		{
			"name": "Right Arm Layer",
			"from": [11.75, 11.8409, 5.75],
			"to": [15.25, 18.3409, 10.25],
			"rotation": {"angle": 0, "axis": "x", "origin": [13.5, 13.54545, 8]},
			"faces": {
				"north": {"uv": [12.75, 9, 13.5, 10.5], "rotation": 180, "texture": "#0"},
				"east": {"uv": [10, 9, 11, 10.5], "rotation": 180, "texture": "#0"},
				"south": {"uv": [11, 9, 11.75, 10.5], "rotation": 180, "texture": "#0"},
				"west": {"uv": [11.75, 9, 12.75, 10.5], "rotation": 180, "texture": "#0"},
				"up": {"uv": [0.75, 0, 0, 1], "texture": "#0"},
				"down": {"uv": [11.75, 9, 11, 8], "texture": "#0"}
			}
		},
		{
			"name": "Right Arm",
			"from": [13, 18.0909, 7],
			"to": [16, 22.0909, 13],
			"rotation": {"angle": -45, "axis": "y", "origin": [13.5, 20.0909, 7]},
			"faces": {
				"north": {"uv": [0.75, 5.75, 0.25, 5], "rotation": 90, "texture": "#0"},
				"east": {"uv": [10, 6.5, 11, 8], "rotation": 90, "texture": "#0"},
				"south": {"uv": [12.5, 4, 11.75, 5], "texture": "#0"},
				"west": {"uv": [11.75, 6.5, 12.75, 8], "rotation": 270, "texture": "#0"},
				"up": {"uv": [12.75, 6.5, 13.5, 8], "texture": "#0"},
				"down": {"uv": [11, 6.5, 11.75, 8], "rotation": 180, "texture": "#0"}
			}
		},
		{
			"name": "Right Arm Layer",
			"from": [12.75, 17.8409, 6.75],
			"to": [16.25, 22.3409, 13.25],
			"rotation": {"angle": -45, "axis": "y", "origin": [13.5, 20.0909, 7]},
			"faces": {
				"north": {"uv": [0.75, 1, 0, 0], "rotation": 180, "texture": "#0"},
				"east": {"uv": [10, 10.5, 11, 12], "rotation": 90, "texture": "#0"},
				"south": {"uv": [12.5, 8, 11.75, 9], "texture": "#0"},
				"west": {"uv": [11.75, 10.5, 12.75, 12], "rotation": 270, "texture": "#0"},
				"up": {"uv": [12.75, 10.5, 13.5, 12], "texture": "#0"},
				"down": {"uv": [11, 10.5, 11.75, 12], "rotation": 180, "texture": "#0"}
			}
		},
		{
			"name": "Right Leg",
			"from": [10.01378, -1.61711, 5.75],
			"to": [14.01378, 4.38289, 9.75],
			"rotation": {"angle": 0, "axis": "y", "origin": [10.11378, 3.92834, 7.75]},
			"faces": {
				"north": {"uv": [1, 5, 2, 6.5], "texture": "#0"},
				"east": {"uv": [0, 5, 1, 6.5], "texture": "#0"},
				"south": {"uv": [3, 5, 4, 6.5], "texture": "#0"},
				"west": {"uv": [2, 5, 3, 6.5], "texture": "#0"},
				"up": {"uv": [2, 5, 1, 4], "texture": "#0"},
				"down": {"uv": [3, 4, 2, 5], "texture": "#0"}
			}
		},
		{
			"name": "Right Leg Layer",
			"from": [9.76378, -1.86711, 5.5],
			"to": [14.26378, 4.63289, 10],
			"rotation": {"angle": 0, "axis": "y", "origin": [10.11378, 3.92834, 7.75]},
			"faces": {
				"north": {"uv": [1, 9, 2, 10.5], "texture": "#0"},
				"east": {"uv": [0, 9, 1, 10.5], "texture": "#0"},
				"south": {"uv": [3, 9, 4, 10.5], "texture": "#0"},
				"west": {"uv": [2, 9, 3, 10.5], "texture": "#0"},
				"up": {"uv": [2, 9, 1, 8], "texture": "#0"},
				"down": {"uv": [1, 0, 0, 1], "texture": "#0"}
			}
		},
		{
			"name": "Right Leg",
			"from": [10.01378, -7.61711, 5.75],
			"to": [14.01378, -1.61711, 9.75],
			"rotation": {"angle": 0, "axis": "y", "origin": [10.11378, 3.92834, 7.75]},
			"faces": {
				"north": {"uv": [1, 6.5, 2, 8], "texture": "#0"},
				"east": {"uv": [0, 6.5, 1, 8], "texture": "#0"},
				"south": {"uv": [3, 6.5, 4, 8], "texture": "#0"},
				"west": {"uv": [2, 6.5, 3, 8], "texture": "#0"},
				"up": {"uv": [1, 1, 0, 0], "texture": "#0"},
				"down": {"uv": [3, 4, 2, 5], "texture": "#0"}
			}
		},
		{
			"name": "Right Leg Layer",
			"from": [9.76378, -7.86711, 5.5],
			"to": [14.26378, -1.36711, 10],
			"rotation": {"angle": 0, "axis": "y", "origin": [10.11378, 3.92834, 7.75]},
			"faces": {
				"north": {"uv": [1, 10.5, 2, 12], "texture": "#0"},
				"east": {"uv": [0, 10.5, 1, 12], "texture": "#0"},
				"south": {"uv": [3, 10.5, 4, 12], "texture": "#0"},
				"west": {"uv": [2, 10.5, 3, 12], "texture": "#0"},
				"up": {"uv": [1, 1, 0, 0], "texture": "#0"},
				"down": {"uv": [3, 8, 2, 9], "texture": "#0"}
			}
		},
		{
			"name": "Left Leg",
			"from": [7, -3, 6.9],
			"to": [11, 3, 10.9],
			"rotation": {"angle": -22.5, "axis": "z", "origin": [9, 2.54545, 7]},
			"faces": {
				"north": {"uv": [4, 13, 5, 14.5], "texture": "#0"},
				"east": {"uv": [7, 13, 8, 14.5], "texture": "#0"},
				"south": {"uv": [6, 13, 7, 14.5], "texture": "#0"},
				"west": {"uv": [5, 13, 6, 14.5], "texture": "#0"},
				"up": {"uv": [6, 13, 5, 12], "rotation": 270, "texture": "#0"},
				"down": {"uv": [7, 12, 6, 13], "rotation": 90, "texture": "#0"}
			}
		},
		{
			"name": "Left Leg Layer",
			"from": [6.75, -3.25, 6.65],
			"to": [11.25, 3.25, 11.15],
			"rotation": {"angle": -22.5, "axis": "z", "origin": [9, 2.54545, 7]},
			"faces": {
				"north": {"uv": [0, 13, 1, 14.5], "texture": "#0"},
				"east": {"uv": [3, 13, 4, 14.5], "texture": "#0"},
				"south": {"uv": [2, 13, 3, 14.5], "texture": "#0"},
				"west": {"uv": [1, 13, 2, 14.5], "texture": "#0"},
				"up": {"uv": [2, 13, 1, 12], "rotation": 270, "texture": "#0"},
				"down": {"uv": [1, 0, 0, 1], "rotation": 90, "texture": "#0"}
			}
		},
		{
			"name": "Left Leg",
			"from": [2.7557, -7.46927, 6.9],
			"to": [6.7557, -1.46927, 10.9],
			"rotation": {"angle": 22.5, "axis": "z", "origin": [4.7557, 4.07618, 7]},
			"faces": {
				"north": {"uv": [4, 14.5, 5, 16], "texture": "#0"},
				"east": {"uv": [7, 14.5, 8, 16], "texture": "#0"},
				"south": {"uv": [6, 14.5, 7, 16], "texture": "#0"},
				"west": {"uv": [5, 14.5, 6, 16], "texture": "#0"},
				"up": {"uv": [1, 1, 0, 0], "rotation": 270, "texture": "#0"},
				"down": {"uv": [7, 12, 6, 13], "rotation": 90, "texture": "#0"}
			}
		},
		{
			"name": "Left Leg Layer",
			"from": [2.5057, -7.71927, 6.65],
			"to": [7.0057, -1.21927, 11.15],
			"rotation": {"angle": 22.5, "axis": "z", "origin": [4.7557, 4.07618, 7]},
			"faces": {
				"north": {"uv": [0, 14.5, 1, 16], "texture": "#0"},
				"east": {"uv": [3, 14.5, 4, 16], "texture": "#0"},
				"south": {"uv": [2, 14.5, 3, 16], "texture": "#0"},
				"west": {"uv": [1, 14.5, 2, 16], "texture": "#0"},
				"up": {"uv": [1, 1, 0, 0], "rotation": 270, "texture": "#0"},
				"down": {"uv": [3, 12, 2, 13], "rotation": 90, "texture": "#0"}
			}
		},
		{
			"name": "Right Arm",
			"from": [1, 12.0909, 6],
			"to": [4, 18.0909, 10],
			"rotation": {"angle": 0, "axis": "x", "origin": [2.5, 13.54545, 8]},
			"faces": {
				"north": {"uv": [13.5, 5, 12.75, 6.5], "rotation": 180, "texture": "#0"},
				"east": {"uv": [12.75, 5, 11.75, 6.5], "rotation": 180, "texture": "#0"},
				"south": {"uv": [11.75, 5, 11, 6.5], "rotation": 180, "texture": "#0"},
				"west": {"uv": [11, 5, 10, 6.5], "rotation": 180, "texture": "#0"},
				"up": {"uv": [1, 4, 1.75, 5], "texture": "#0"},
				"down": {"uv": [11, 5, 11.75, 4], "texture": "#0"}
			}
		},
		{
			"name": "Right Arm Layer",
			"from": [0.75, 11.8409, 5.75],
			"to": [4.25, 18.3409, 10.25],
			"rotation": {"angle": 0, "axis": "x", "origin": [2.5, 13.54545, 8]},
			"faces": {
				"north": {"uv": [13.5, 9, 12.75, 10.5], "rotation": 180, "texture": "#0"},
				"east": {"uv": [12.75, 9, 11.75, 10.5], "rotation": 180, "texture": "#0"},
				"south": {"uv": [11.75, 9, 11, 10.5], "rotation": 180, "texture": "#0"},
				"west": {"uv": [11, 9, 10, 10.5], "rotation": 180, "texture": "#0"},
				"up": {"uv": [0, 0, 0.75, 1], "texture": "#0"},
				"down": {"uv": [11, 9, 11.75, 8], "texture": "#0"}
			}
		},
		{
			"name": "Right Arm",
			"from": [0, 18.0909, 7],
			"to": [3, 22.0909, 13],
			"rotation": {"angle": 45, "axis": "y", "origin": [2.5, 20.0909, 7]},
			"faces": {
				"north": {"uv": [0.75, 5, 0.25, 5.75], "rotation": 90, "texture": "#0"},
				"east": {"uv": [11.75, 8, 12.75, 6.5], "rotation": 270, "texture": "#0"},
				"south": {"uv": [11.75, 4, 12.5, 5], "texture": "#0"},
				"west": {"uv": [10, 8, 11, 6.5], "rotation": 90, "texture": "#0"},
				"up": {"uv": [13.5, 6.5, 12.75, 8], "texture": "#0"},
				"down": {"uv": [11.75, 6.5, 11, 8], "rotation": 180, "texture": "#0"}
			}
		},
		{
			"name": "Right Arm Layer",
			"from": [-0.25, 17.8409, 6.75],
			"to": [3.25, 22.3409, 13.25],
			"rotation": {"angle": 45, "axis": "y", "origin": [2.5, 20.0909, 7]},
			"faces": {
				"north": {"uv": [0, 1, 0.75, 0], "rotation": 180, "texture": "#0"},
				"east": {"uv": [11.75, 12, 12.75, 10.5], "rotation": 270, "texture": "#0"},
				"south": {"uv": [11.75, 8, 12.5, 9], "texture": "#0"},
				"west": {"uv": [10, 12, 11, 10.5], "rotation": 90, "texture": "#0"},
				"up": {"uv": [13.5, 10.5, 12.75, 12], "texture": "#0"},
				"down": {"uv": [11.75, 10.5, 11, 12], "rotation": 180, "texture": "#0"}
			}
		}
	],
	"display": {
		"head": {
			"translation": [0, -14.5, 0],
			"scale": [1.6, 1.6, 1.6]
		}
	},
	"groups": [
		{
			"name": "Head",
			"origin": [0, 24, 0],
			"color": 0,
			"children": [0, 1]
		},
		{
			"name": "Body",
			"origin": [0, 24, 0],
			"color": 0,
			"children": [
				2,
				3,
				{
					"name": "Body",
					"origin": [0, 24, 0],
					"color": 0,
					"children": [4, 5]
				}
			]
		},
		{
			"name": "RightArm",
			"origin": [5, 21.5, 0],
			"color": 0,
			"children": [6, 7, 8, 9]
		},
		{
			"name": "RightLeg",
			"origin": [1.9, 12, 0],
			"color": 0,
			"children": [
				10,
				11,
				{
					"name": "RightLeg",
					"origin": [1.9, 12, 0],
					"color": 0,
					"children": [12, 13]
				}
			]
		},
		{
			"name": "LeftLeg",
			"origin": [-1.9, 12, 0],
			"color": 0,
			"children": [
				14,
				15,
				{
					"name": "LeftLeg",
					"origin": [-1.9, 12, 0],
					"color": 0,
					"children": [16, 17]
				}
			]
		},
		{
			"name": "RightArm",
			"origin": [5, 21.5, 0],
			"color": 0,
			"children": [18, 19, 20, 21]
		}
	]
}