{
	"credit": "Made with Blockbench",
	"texture_size": [64, 64],
	"textures": {
		"0": "nw:stand/skins/sticky_fingers"
	},
	"elements": [
		{
			"name": "Head",
			"from": [4, 13, 4],
			"to": [12, 21, 12],
			"rotation": {"angle": 0, "axis": "z", "origin": [8, 13.54545, 8]},
			"faces": {
				"north": {"uv": [2, 2, 4, 4], "texture": "#0"},
				"east": {"uv": [0, 2, 2, 4], "texture": "#0"},
				"south": {"uv": [6, 2, 8, 4], "texture": "#0"},
				"west": {"uv": [4, 2, 6, 4], "texture": "#0"},
				"up": {"uv": [4, 2, 2, 0], "texture": "#0"},
				"down": {"uv": [6, 0, 4, 2], "texture": "#0"}
			}
		},
		{
			"name": "Hat Layer",
			"from": [3.5, 12.5, 3.5],
			"to": [12.5, 21.5, 12.5],
			"rotation": {"angle": 0, "axis": "z", "origin": [8, 13.54545, 8]},
			"faces": {
				"north": {"uv": [10, 2, 12, 4], "texture": "#0"},
				"east": {"uv": [8, 2, 10, 4], "texture": "#0"},
				"south": {"uv": [14, 2, 16, 4], "texture": "#0"},
				"west": {"uv": [12, 2, 14, 4], "texture": "#0"},
				"up": {"uv": [12, 2, 10, 0], "texture": "#0"},
				"down": {"uv": [14, 0, 12, 2], "texture": "#0"}
			}
		},
		{
			"name": "Body",
			"from": [4, 7, 6],
			"to": [12, 13, 10],
			"rotation": {"angle": -22.5, "axis": "y", "origin": [8, 13.54545, 8]},
			"faces": {
				"north": {"uv": [5, 5, 7, 6.5], "texture": "#0"},
				"east": {"uv": [4, 5, 5, 6.5], "texture": "#0"},
				"south": {"uv": [8, 5, 10, 6.5], "texture": "#0"},
				"west": {"uv": [7, 5, 8, 6.5], "texture": "#0"},
				"up": {"uv": [7, 5, 5, 4], "texture": "#0"},
				"down": {"uv": [9, 4, 7, 5], "texture": "#0"}
			}
		},
		{
			"name": "Body Layer",
			"from": [3.75, 6.75, 5.75],
			"to": [12.25, 13.25, 10.25],
			"rotation": {"angle": -22.5, "axis": "y", "origin": [8, 13.54545, 8]},
			"faces": {
				"north": {"uv": [5, 9, 7, 10.5], "texture": "#0"},
				"east": {"uv": [4, 9, 5, 10.5], "texture": "#0"},
				"south": {"uv": [8, 9, 10, 10.5], "texture": "#0"},
				"west": {"uv": [7, 9, 8, 10.5], "texture": "#0"},
				"up": {"uv": [7, 9, 5, 8], "texture": "#0"},
				"down": {"uv": [9, 8, 7, 9], "texture": "#0"}
			}
		},
		{
			"name": "Body",
			"from": [4, 1, 6],
			"to": [12, 7, 10],
			"rotation": {"angle": -22.5, "axis": "y", "origin": [8, 13.54545, 8]},
			"faces": {
				"north": {"uv": [5, 6.5, 7, 8], "texture": "#0"},
				"east": {"uv": [4, 6.5, 5, 8], "texture": "#0"},
				"south": {"uv": [8, 6.5, 10, 8], "texture": "#0"},
				"west": {"uv": [7, 6.5, 8, 8], "texture": "#0"},
				"up": {"uv": [7, 5, 5, 4], "texture": "#0"},
				"down": {"uv": [9, 4, 7, 5], "texture": "#0"}
			}
		},
		{
			"name": "Body Layer",
			"from": [3.75, 0.75, 5.75],
			"to": [12.25, 7.25, 10.25],
			"rotation": {"angle": -22.5, "axis": "y", "origin": [8, 13.54545, 8]},
			"faces": {
				"north": {"uv": [5, 10.5, 7, 12], "texture": "#0"},
				"east": {"uv": [4, 10.5, 5, 12], "texture": "#0"},
				"south": {"uv": [8, 10.5, 10, 12], "texture": "#0"},
				"west": {"uv": [7, 10.5, 8, 12], "texture": "#0"},
				"up": {"uv": [7, 9, 5, 8], "texture": "#0"},
				"down": {"uv": [9, 8, 7, 9], "texture": "#0"}
			}
		},
		{
			"name": "Right Arm",
			"from": [11.5, 9.5, 6],
			"to": [17.5, 12.5, 10],
			"rotation": {"angle": 22.5, "axis": "y", "origin": [13.5, 11, 8]},
			"faces": {
				"north": {"uv": [11, 5, 11.75, 6.5], "rotation": 90, "texture": "#0"},
				"east": {"uv": [1, 0, 0.25, 1], "rotation": 270, "texture": "#0"},
				"south": {"uv": [13.25, 5, 14, 6.5], "rotation": 270, "texture": "#0"},
				"west": {"uv": [11.75, 5, 11, 4], "rotation": 270, "texture": "#0"},
				"up": {"uv": [10, 5, 11, 6.5], "rotation": 270, "texture": "#0"},
				"down": {"uv": [11.75, 5, 12.75, 6.5], "rotation": 270, "texture": "#0"}
			}
		},
		{
			"name": "Right Arm Layer",
			"from": [11.25, 9.25, 5.75],
			"to": [17.75, 12.75, 10.25],
			"rotation": {"angle": 22.5, "axis": "y", "origin": [13.5, 11, 8]},
			"faces": {
				"north": {"uv": [11, 9, 11.75, 10.5], "rotation": 90, "texture": "#0"},
				"east": {"uv": [1, 0, 0.25, 1], "rotation": 270, "texture": "#0"},
				"south": {"uv": [13.25, 9, 14, 10.5], "rotation": 270, "texture": "#0"},
				"west": {"uv": [11.75, 9, 11, 8], "rotation": 270, "texture": "#0"},
				"up": {"uv": [10, 9, 11, 10.5], "rotation": 270, "texture": "#0"},
				"down": {"uv": [11.75, 9, 12.75, 10.5], "rotation": 270, "texture": "#0"}
			}
		},
		{
			"name": "Right Arm",
			"from": [12.58239, 9.5, 1.24718],
			"to": [16.58239, 12.5, 7.24718],
			"rotation": {"angle": -22.5, "axis": "y", "origin": [14.58239, 11, 11.24718]},
			"faces": {
				"north": {"uv": [12.75, 4, 12, 5], "rotation": 270, "texture": "#0"},
				"east": {"uv": [13.25, 6.5, 14, 8], "rotation": 270, "texture": "#0"},
				"south": {"uv": [0.75, 1, 0, 0], "rotation": 270, "texture": "#0"},
				"west": {"uv": [11, 6.5, 11.75, 8], "rotation": 90, "texture": "#0"},
				"up": {"uv": [10, 6.5, 11, 8], "rotation": 180, "texture": "#0"},
				"down": {"uv": [11.75, 6.5, 12.75, 8], "texture": "#0"}
			}
		},
		{
			"name": "Right Arm Layer",
			"from": [12.33239, 9.25, 0.99718],
			"to": [16.83239, 12.75, 7.49718],
			"rotation": {"angle": -22.5, "axis": "y", "origin": [14.58239, 11, 11.24718]},
			"faces": {
				"north": {"uv": [12.75, 8, 12, 9], "rotation": 270, "texture": "#0"},
				"east": {"uv": [13.25, 10.5, 14, 12], "rotation": 270, "texture": "#0"},
				"south": {"uv": [0.75, 1, 0, 0], "rotation": 270, "texture": "#0"},
				"west": {"uv": [11, 10.5, 11.75, 12], "rotation": 90, "texture": "#0"},
				"up": {"uv": [10, 10.5, 11, 12], "rotation": 180, "texture": "#0"},
				"down": {"uv": [11.75, 10.5, 12.75, 12], "texture": "#0"}
			}
		},
		{
			"name": "Left Arm",
			"from": [0.5, 9.5, 4],
			"to": [4.5, 12.5, 10],
			"rotation": {"angle": 0, "axis": "x", "origin": [2.5, 11, 8]},
			"faces": {
				"north": {"uv": [0.75, 0, 0, 1], "rotation": 90, "texture": "#0"},
				"east": {"uv": [9, 13, 10, 14.5], "rotation": 270, "texture": "#0"},
				"south": {"uv": [9.75, 13, 9, 12], "rotation": 90, "texture": "#0"},
				"west": {"uv": [11, 13, 11.75, 14.5], "rotation": 90, "texture": "#0"},
				"up": {"uv": [10, 13, 11, 14.5], "rotation": 180, "texture": "#0"},
				"down": {"uv": [8, 13, 9, 14.5], "texture": "#0"}
			}
		},
		{
			"name": "Left Arm Layer",
			"from": [0.25, 9.25, 3.75],
			"to": [4.75, 12.75, 10.25],
			"rotation": {"angle": 0, "axis": "x", "origin": [2.5, 11, 8]},
			"faces": {
				"north": {"uv": [0.75, 0, 0, 1], "rotation": 90, "texture": "#0"},
				"east": {"uv": [13, 13, 14, 14.5], "rotation": 270, "texture": "#0"},
				"south": {"uv": [13.75, 13, 13, 12], "rotation": 90, "texture": "#0"},
				"west": {"uv": [15, 13, 15.75, 14.5], "rotation": 90, "texture": "#0"},
				"up": {"uv": [14, 13, 15, 14.5], "rotation": 180, "texture": "#0"},
				"down": {"uv": [12, 13, 13, 14.5], "texture": "#0"}
			}
		},
		{
			"name": "Left Arm",
			"from": [-1.18297, 9.5, -1.53912],
			"to": [2.81703, 12.5, 4.46088],
			"rotation": {"angle": -22.5, "axis": "y", "origin": [0.81703, 11, 8.46088]},
			"faces": {
				"north": {"uv": [11, 12, 10.25, 13], "rotation": 90, "texture": "#0"},
				"east": {"uv": [9, 14.5, 10, 16], "rotation": 270, "texture": "#0"},
				"south": {"uv": [0.75, 1, 0, 0], "rotation": 90, "texture": "#0"},
				"west": {"uv": [11, 14.5, 11.75, 16], "rotation": 90, "texture": "#0"},
				"up": {"uv": [10, 14.5, 11, 16], "rotation": 180, "texture": "#0"},
				"down": {"uv": [8, 14.5, 9, 16], "texture": "#0"}
			}
		},
		{
			"name": "Left Arm Layer",
			"from": [-1.43297, 9.25, -1.78912],
			"to": [3.06703, 12.75, 4.71088],
			"rotation": {"angle": -22.5, "axis": "y", "origin": [0.81703, 11, 8.46088]},
			"faces": {
				"north": {"uv": [15, 12, 14.25, 13], "rotation": 90, "texture": "#0"},
				"east": {"uv": [13, 14.5, 14, 16], "rotation": 270, "texture": "#0"},
				"south": {"uv": [0.75, 1, 0, 0], "rotation": 90, "texture": "#0"},
				"west": {"uv": [15, 14.5, 15.75, 16], "rotation": 90, "texture": "#0"},
				"up": {"uv": [14, 14.5, 15, 16], "rotation": 180, "texture": "#0"},
				"down": {"uv": [12, 14.5, 13, 16], "texture": "#0"}
			}
		},
		{
			"name": "Right Leg",
			"from": [7.9, -5, 6],
			"to": [11.9, 1, 10],
			"rotation": {"angle": 0, "axis": "y", "origin": [8, 0.54545, 8]},
			"faces": {
				"north": {"uv": [1, 5, 2, 6.5], "texture": "#0"},
				"east": {"uv": [0, 5, 1, 6.5], "texture": "#0"},
				"south": {"uv": [3, 5, 4, 6.5], "texture": "#0"},
				"west": {"uv": [2, 5, 3, 6.5], "texture": "#0"},
				"up": {"uv": [2, 5, 1, 4], "texture": "#0"},
				"down": {"uv": [3, 4, 2, 5], "texture": "#0"}
			}
		},
		{
			"name": "Right Leg Layer",
			"from": [7.65, -5.25, 5.75],
			"to": [12.15, 1.25, 10.25],
			"rotation": {"angle": 0, "axis": "y", "origin": [8, 0.54545, 8]},
			"faces": {
				"north": {"uv": [1, 9, 2, 10.5], "texture": "#0"},
				"east": {"uv": [0, 9, 1, 10.5], "texture": "#0"},
				"south": {"uv": [3, 9, 4, 10.5], "texture": "#0"},
				"west": {"uv": [2, 9, 3, 10.5], "texture": "#0"},
				"up": {"uv": [2, 9, 1, 8], "texture": "#0"},
				"down": {"uv": [1, 0, 0, 1], "texture": "#0"}
			}
		},
		{
			"name": "Right Leg",
			"from": [7.9, -10.65676, 3.72561],
			"to": [11.9, -4.65676, 7.72561],
			"rotation": {"angle": -22.5, "axis": "x", "origin": [8, 0.88869, 5.72561]},
			"faces": {
				"north": {"uv": [1, 6.5, 2, 8], "texture": "#0"},
				"east": {"uv": [0, 6.5, 1, 8], "texture": "#0"},
				"south": {"uv": [3, 6.5, 4, 8], "texture": "#0"},
				"west": {"uv": [2, 6.5, 3, 8], "texture": "#0"},
				"up": {"uv": [1, 1, 0, 0], "texture": "#0"},
				"down": {"uv": [3, 4, 2, 5], "texture": "#0"}
			}
		},
		{
			"name": "Right Leg Layer",
			"from": [7.65, -10.90676, 3.47561],
			"to": [12.15, -4.40676, 7.97561],
			"rotation": {"angle": -22.5, "axis": "x", "origin": [8, 0.88869, 5.72561]},
			"faces": {
				"north": {"uv": [1, 10.5, 2, 12], "texture": "#0"},
				"east": {"uv": [0, 10.5, 1, 12], "texture": "#0"},
				"south": {"uv": [3, 10.5, 4, 12], "texture": "#0"},
				"west": {"uv": [2, 10.5, 3, 12], "texture": "#0"},
				"up": {"uv": [1, 1, 0, 0], "texture": "#0"},
				"down": {"uv": [3, 8, 2, 9], "texture": "#0"}
			}
		},
		{
			"name": "Left Leg",
			"from": [4.1, -5, 6],
			"to": [8.1, 1, 10],
			"rotation": {"angle": 45, "axis": "x", "origin": [8, 0.54545, 8]},
			"faces": {
				"north": {"uv": [5, 13, 6, 14.5], "texture": "#0"},
				"east": {"uv": [4, 13, 5, 14.5], "texture": "#0"},
				"south": {"uv": [7, 13, 8, 14.5], "texture": "#0"},
				"west": {"uv": [6, 13, 7, 14.5], "texture": "#0"},
				"up": {"uv": [6, 13, 5, 12], "texture": "#0"},
				"down": {"uv": [7, 12, 6, 13], "texture": "#0"}
			}
		},
		{
			"name": "Left Leg Layer",
			"from": [3.85, -5.25, 5.75],
			"to": [8.35, 1.25, 10.25],
			"rotation": {"angle": 45, "axis": "x", "origin": [8, 0.54545, 8]},
			"faces": {
				"north": {"uv": [1, 13, 2, 14.5], "texture": "#0"},
				"east": {"uv": [0, 13, 1, 14.5], "texture": "#0"},
				"south": {"uv": [3, 13, 4, 14.5], "texture": "#0"},
				"west": {"uv": [2, 13, 3, 14.5], "texture": "#0"},
				"up": {"uv": [2, 13, 1, 12], "texture": "#0"},
				"down": {"uv": [1, 0, 0, 1], "texture": "#0"}
			}
		},
		{
			"name": "Left Leg",
			"from": [4.1, -7.96156, 2.66456],
			"to": [8.1, -1.96156, 6.66456],
			"rotation": {"angle": 0, "axis": "x", "origin": [8, 3.58389, 4.66456]},
			"faces": {
				"north": {"uv": [5, 14.5, 6, 16], "texture": "#0"},
				"east": {"uv": [4, 14.5, 5, 16], "texture": "#0"},
				"south": {"uv": [7, 14.5, 8, 16], "texture": "#0"},
				"west": {"uv": [6, 14.5, 7, 16], "texture": "#0"},
				"up": {"uv": [1, 1, 0, 0], "texture": "#0"},
				"down": {"uv": [7, 12, 6, 13], "texture": "#0"}
			}
		},
		{
			"name": "Left Leg Layer",
			"from": [3.85, -8.21156, 2.41456],
			"to": [8.35, -1.71156, 6.91456],
			"rotation": {"angle": 0, "axis": "x", "origin": [8, 3.58389, 4.66456]},
			"faces": {
				"north": {"uv": [1, 14.5, 2, 16], "texture": "#0"},
				"east": {"uv": [0, 14.5, 1, 16], "texture": "#0"},
				"south": {"uv": [3, 14.5, 4, 16], "texture": "#0"},
				"west": {"uv": [2, 14.5, 3, 16], "texture": "#0"},
				"up": {"uv": [1, 1, 0, 0], "texture": "#0"},
				"down": {"uv": [3, 12, 2, 13], "texture": "#0"}
			}
		}
	],
	"display": {
		"head": {
			"translation": [0, -14.5, 0],
			"scale": [1.6, 1.6, 1.6]
		}
	},
	"groups": [
		{
			"name": "Head",
			"origin": [0, 24, 0],
			"color": 0,
			"children": [0, 1]
		},
		{
			"name": "Body",
			"origin": [0, 24, 0],
			"color": 0,
			"children": [
				2,
				3,
				{
					"name": "Body",
					"origin": [0, 24, 0],
					"color": 0,
					"children": [4, 5]
				}
			]
		},
		{
			"name": "RightArm",
			"origin": [5, 21.5, 0],
			"color": 0,
			"children": [6, 7, 8, 9]
		},
		{
			"name": "LeftArm",
			"origin": [-5, 21.5, 0],
			"color": 0,
			"children": [10, 11, 12, 13]
		},
		{
			"name": "RightLeg",
			"origin": [1.9, 12, 0],
			"color": 0,
			"children": [
				14,
				15,
				{
					"name": "RightLeg",
					"origin": [1.9, 12, 0],
					"color": 0,
					"children": [16, 17]
				}
			]
		},
		{
			"name": "LeftLeg",
			"origin": [-1.9, 12, 0],
			"color": 0,
			"children": [
				18,
				19,
				{
					"name": "LeftLeg",
					"origin": [-1.9, 12, 0],
					"color": 0,
					"children": [20, 21]
				}
			]
		}
	]
}