{
	"credit": "Made with Blockbench",
	"texture_size": [32, 32],
	"textures": {
		"0": "nw:stand/skins/stw_req",
		"1": "nw:stand/skins/stw_wings",
		"particle": "nw:stand/skins/stw_wings"
	},
	"elements": [
		{
			"name": "Head",
			"from": [4, 13, 4],
			"to": [12, 21, 12],
			"rotation": {"angle": 0, "axis": "y", "origin": [9, 13, 8]},
			"faces": {
				"north": {"uv": [4, 2, 2, 4], "texture": "#0"},
				"east": {"uv": [6, 2, 4, 4], "texture": "#0"},
				"south": {"uv": [8, 2, 6, 4], "texture": "#0"},
				"west": {"uv": [2, 2, 0, 4], "texture": "#0"},
				"up": {"uv": [2, 2, 4, 0], "texture": "#0"},
				"down": {"uv": [4, 0, 6, 2], "texture": "#0"}
			}
		},
		{
			"name": "Hat Layer",
			"from": [3.5, 12.5, 3.5],
			"to": [12.5, 21.5, 12.5],
			"rotation": {"angle": 0, "axis": "y", "origin": [9, 13, 8]},
			"faces": {
				"north": {"uv": [12, 2, 10, 4], "texture": "#0"},
				"east": {"uv": [14, 2, 12, 4], "texture": "#0"},
				"south": {"uv": [16, 2, 14, 4], "texture": "#0"},
				"west": {"uv": [10, 2, 8, 4], "texture": "#0"},
				"up": {"uv": [10, 2, 12, 0], "texture": "#0"},
				"down": {"uv": [12, 0, 14, 2], "texture": "#0"}
			}
		},
		{
			"name": "Hat Layer",
			"from": [1.75, 13.34776, 8.01537],
			"to": [4.25, 17.34776, 10.51537],
			"rotation": {"angle": 45, "axis": "z", "origin": [3, 17.34776, 9.26537]},
			"faces": {
				"north": {"uv": [6.25, 3, 4.25, 3.25], "texture": "#0"},
				"east": {"uv": [6.25, 3, 4.25, 3.25], "texture": "#0"},
				"south": {"uv": [6.25, 3, 4.25, 3.25], "texture": "#0"},
				"west": {"uv": [6.25, 3, 4.25, 3.25], "texture": "#0"},
				"up": {"uv": [6.25, 3, 4.25, 3.25], "texture": "#0"},
				"down": {"uv": [6.25, 3, 4.25, 3.25], "texture": "#0"}
			}
		},
		{
			"name": "Hat Layer",
			"from": [1.85, 16.84776, 8.21537],
			"to": [4.15, 20.84776, 10.31537],
			"rotation": {"angle": 22.5, "axis": "z", "origin": [3, 17.34776, 9.26537]},
			"faces": {
				"north": {"uv": [6.25, 3, 4.25, 3.25], "texture": "#0"},
				"east": {"uv": [6.25, 3, 4.25, 3.25], "texture": "#0"},
				"south": {"uv": [6.25, 3, 4.25, 3.25], "texture": "#0"},
				"west": {"uv": [6.25, 3, 4.25, 3.25], "texture": "#0"},
				"up": {"uv": [6.25, 3, 4.25, 3.25], "texture": "#0"},
				"down": {"uv": [6.25, 3, 4.25, 3.25], "texture": "#0"}
			}
		},
		{
			"name": "Hat Layer",
			"from": [0.59815, 20.14125, 8.31537],
			"to": [2.89815, 23.89125, 10.21537],
			"rotation": {"angle": 0, "axis": "z", "origin": [1.74815, 20.64125, 9.26537]},
			"faces": {
				"north": {"uv": [6.25, 3, 4.25, 3.25], "texture": "#0"},
				"east": {"uv": [6.25, 3, 4.25, 3.25], "texture": "#0"},
				"south": {"uv": [6.25, 3, 4.25, 3.25], "texture": "#0"},
				"west": {"uv": [6.25, 3, 4.25, 3.25], "texture": "#0"},
				"up": {"uv": [6.25, 3, 4.25, 3.25], "texture": "#0"},
				"down": {"uv": [6.25, 3, 4.25, 3.25], "texture": "#0"}
			}
		},
		{
			"name": "Hat Layer",
			"from": [13.10185, 20.14125, 8.31537],
			"to": [15.40185, 23.89125, 10.21537],
			"rotation": {"angle": 0, "axis": "z", "origin": [14.25185, 20.64125, 9.26537]},
			"faces": {
				"north": {"uv": [4.25, 3, 6.25, 3.25], "texture": "#0"},
				"east": {"uv": [4.25, 3, 6.25, 3.25], "texture": "#0"},
				"south": {"uv": [4.25, 3, 6.25, 3.25], "texture": "#0"},
				"west": {"uv": [4.25, 3, 6.25, 3.25], "texture": "#0"},
				"up": {"uv": [4.25, 3, 6.25, 3.25], "texture": "#0"},
				"down": {"uv": [4.25, 3, 6.25, 3.25], "texture": "#0"}
			}
		},
		{
			"name": "Hat Layer",
			"from": [11.85, 16.84776, 8.21537],
			"to": [14.15, 20.84776, 10.31537],
			"rotation": {"angle": -22.5, "axis": "z", "origin": [13, 17.34776, 9.26537]},
			"faces": {
				"north": {"uv": [4.25, 3, 6.25, 3.25], "texture": "#0"},
				"east": {"uv": [4.25, 3, 6.25, 3.25], "texture": "#0"},
				"south": {"uv": [4.25, 3, 6.25, 3.25], "texture": "#0"},
				"west": {"uv": [4.25, 3, 6.25, 3.25], "texture": "#0"},
				"up": {"uv": [4.25, 3, 6.25, 3.25], "texture": "#0"},
				"down": {"uv": [4.25, 3, 6.25, 3.25], "texture": "#0"}
			}
		},
		{
			"name": "Hat Layer",
			"from": [11.75, 13.34776, 8.01537],
			"to": [14.25, 17.34776, 10.51537],
			"rotation": {"angle": -45, "axis": "z", "origin": [13, 17.34776, 9.26537]},
			"faces": {
				"north": {"uv": [4.25, 3, 6.25, 3.25], "texture": "#0"},
				"east": {"uv": [4.25, 3, 6.25, 3.25], "texture": "#0"},
				"south": {"uv": [4.25, 3, 6.25, 3.25], "texture": "#0"},
				"west": {"uv": [4.25, 3, 6.25, 3.25], "texture": "#0"},
				"up": {"uv": [4.25, 3, 6.25, 3.25], "texture": "#0"},
				"down": {"uv": [4.25, 3, 6.25, 3.25], "texture": "#0"}
			}
		},
		{
			"name": "Body",
			"from": [4.4588, 1, 6.30656],
			"to": [12.4588, 13, 10.30656],
			"rotation": {"angle": 0, "axis": "y", "origin": [8, 6.5, 7]},
			"faces": {
				"north": {"uv": [5, 5, 7, 8], "texture": "#0"},
				"east": {"uv": [4, 5, 5, 8], "texture": "#0"},
				"south": {"uv": [8, 5, 10, 8], "texture": "#0"},
				"west": {"uv": [7, 5, 8, 8], "texture": "#0"},
				"up": {"uv": [7, 5, 5, 4], "texture": "#0"},
				"down": {"uv": [9, 4, 7, 5], "texture": "#0"}
			}
		},
		{
			"name": "Body Layer",
			"from": [4.2088, 0.75, 6.05656],
			"to": [12.7088, 13.25, 10.55656],
			"rotation": {"angle": 0, "axis": "y", "origin": [8, 6.5, 7]},
			"faces": {
				"north": {"uv": [5, 9, 7, 12], "texture": "#0"},
				"east": {"uv": [4, 9, 5, 12], "texture": "#0"},
				"south": {"uv": [8, 9, 10, 12], "texture": "#0"},
				"west": {"uv": [7, 9, 8, 12], "texture": "#0"},
				"up": {"uv": [7, 9, 5, 8], "texture": "#0"},
				"down": {"uv": [9, 8, 7, 9], "texture": "#0"}
			}
		},
		{
			"name": "Right Arm",
			"from": [14.34619, 9, -0.66421],
			"to": [18.34619, 12, 5.33579],
			"rotation": {"angle": 45, "axis": "y", "origin": [14, 11, 7]},
			"faces": {
				"north": {"uv": [12.5, 4, 11.75, 5], "rotation": 270, "texture": "#0"},
				"east": {"uv": [12.75, 6.75, 13.5, 8], "rotation": 270, "texture": "#0"},
				"south": {"uv": [11.75, 5, 11, 4], "rotation": 270, "texture": "#0"},
				"west": {"uv": [11, 6.75, 11.75, 8], "rotation": 90, "texture": "#0"},
				"up": {"uv": [10, 6.5, 11, 8], "rotation": 180, "texture": "#0"},
				"down": {"uv": [11.75, 6.75, 12.75, 8], "texture": "#0"}
			}
		},
		{
			"name": "Right Arm Layer",
			"from": [14.09619, 8.75, -0.91421],
			"to": [18.59619, 12.25, 5.58579],
			"rotation": {"angle": 45, "axis": "y", "origin": [14, 11, 7]},
			"faces": {
				"north": {"uv": [12.5, 8, 11.75, 9], "rotation": 270, "texture": "#0"},
				"east": {"uv": [12.75, 10.5, 13.5, 12], "rotation": 270, "texture": "#0"},
				"south": {"uv": [0.75, 8.75, 0, 7.75], "rotation": 270, "texture": "#0"},
				"west": {"uv": [11, 10.5, 11.75, 12], "rotation": 90, "texture": "#0"},
				"up": {"uv": [10, 10.5, 11, 12], "rotation": 180, "texture": "#0"},
				"down": {"uv": [11.75, 10.5, 12.75, 12], "texture": "#0"}
			}
		},
		{
			"name": "Right Arm",
			"from": [12, 9, 3],
			"to": [16, 12, 9],
			"rotation": {"angle": 0, "axis": "y", "origin": [14, 11, 7]},
			"faces": {
				"north": {"uv": [12.5, 4, 11.75, 5], "rotation": 270, "texture": "#0"},
				"east": {"uv": [12.75, 5, 13.5, 6.5], "rotation": 270, "texture": "#0"},
				"south": {"uv": [11.75, 5, 11, 4], "rotation": 270, "texture": "#0"},
				"west": {"uv": [11, 5, 11.75, 6.5], "rotation": 90, "texture": "#0"},
				"up": {"uv": [10, 5, 11, 6.5], "rotation": 180, "texture": "#0"},
				"down": {"uv": [11.75, 5, 12.75, 6.5], "texture": "#0"}
			}
		},
		{
			"name": "Right Arm Layer",
			"from": [11.75, 8.75, 2.75],
			"to": [16.25, 12.25, 9.25],
			"rotation": {"angle": 0, "axis": "y", "origin": [14, 11, 7]},
			"faces": {
				"north": {"uv": [12.5, 8, 11.75, 9], "rotation": 270, "texture": "#0"},
				"east": {"uv": [12.75, 9, 13.5, 10.5], "rotation": 270, "texture": "#0"},
				"south": {"uv": [11.75, 9, 11, 8], "rotation": 270, "texture": "#0"},
				"west": {"uv": [11, 9, 11.75, 10.5], "rotation": 90, "texture": "#0"},
				"up": {"uv": [10, 9, 11, 10.5], "rotation": 180, "texture": "#0"},
				"down": {"uv": [11.75, 9, 12.75, 10.5], "texture": "#0"}
			}
		},
		{
			"name": "Right Arm",
			"from": [1, 1, 6],
			"to": [4, 7, 10],
			"rotation": {"angle": 22.5, "axis": "x", "origin": [2, 11, 8]},
			"faces": {
				"north": {"uv": [11.75, 6.75, 11, 8], "texture": "#0"},
				"east": {"uv": [12.75, 6.75, 11.75, 8], "texture": "#0"},
				"south": {"uv": [13.5, 6.75, 12.75, 8], "texture": "#0"},
				"west": {"uv": [11, 6.5, 10, 8], "texture": "#0"},
				"up": {"uv": [11, 5, 11.75, 4], "texture": "#0"},
				"down": {"uv": [11.75, 4, 12.5, 5], "texture": "#0"}
			}
		},
		{
			"name": "Right Arm Layer",
			"from": [0.75, 0.75, 5.75],
			"to": [4.25, 7.25, 10.25],
			"rotation": {"angle": 22.5, "axis": "x", "origin": [2, 11, 8]},
			"faces": {
				"north": {"uv": [11.75, 10.5, 11, 12], "texture": "#0"},
				"east": {"uv": [12.75, 10.5, 11.75, 12], "texture": "#0"},
				"south": {"uv": [13.5, 10.5, 12.75, 12], "texture": "#0"},
				"west": {"uv": [11, 10.5, 10, 12], "texture": "#0"},
				"up": {"uv": [11, 9, 11.75, 8], "texture": "#0"},
				"down": {"uv": [11.75, 8, 12.5, 9], "texture": "#0"}
			}
		},
		{
			"name": "Right Arm Layer",
			"from": [11.69167, 9.5, 2.10465],
			"to": [15.19167, 11.5, 4.35465],
			"rotation": {"angle": -22.5, "axis": "y", "origin": [14, 11, 7]},
			"faces": {
				"north": {"uv": [10.75, 10.75, 12.25, 11], "rotation": 180, "texture": "#0"},
				"east": {"uv": [10.75, 10.75, 12.25, 11], "rotation": 180, "texture": "#0"},
				"south": {"uv": [10.75, 10.75, 12.25, 11], "rotation": 180, "texture": "#0"},
				"west": {"uv": [10.75, 10.75, 12.25, 11], "rotation": 180, "texture": "#0"},
				"up": {"uv": [10.75, 10.75, 12.25, 11], "rotation": 90, "texture": "#0"},
				"down": {"uv": [10.75, 10.75, 12.25, 11], "rotation": 270, "texture": "#0"}
			}
		},
		{
			"name": "Right Arm Layer",
			"from": [16.97874, 9.75, 6.22759],
			"to": [18.72874, 11.25, 9.72759],
			"rotation": {"angle": 45, "axis": "y", "origin": [14, 11, 7]},
			"faces": {
				"north": {"uv": [10.75, 10.75, 12.25, 11], "rotation": 180, "texture": "#0"},
				"east": {"uv": [10.75, 10.75, 12.25, 11], "rotation": 180, "texture": "#0"},
				"south": {"uv": [10.75, 10.75, 12.25, 11], "rotation": 180, "texture": "#0"},
				"west": {"uv": [10.75, 10.75, 12.25, 11], "rotation": 180, "texture": "#0"},
				"up": {"uv": [10.75, 10.75, 12.25, 11], "rotation": 180, "texture": "#0"},
				"down": {"uv": [10.75, 10.75, 12.25, 11], "rotation": 180, "texture": "#0"}
			}
		},
		{
			"name": "Right Arm Layer",
			"from": [11.79951, 9.75, -0.47377],
			"to": [15.29951, 11.25, 1.27623],
			"rotation": {"angle": -22.5, "axis": "y", "origin": [14, 11, 7]},
			"faces": {
				"north": {"uv": [10.75, 10.75, 12.25, 11], "rotation": 180, "texture": "#0"},
				"east": {"uv": [10.75, 10.75, 12.25, 11], "rotation": 180, "texture": "#0"},
				"south": {"uv": [10.75, 10.75, 12.25, 11], "rotation": 180, "texture": "#0"},
				"west": {"uv": [10.75, 10.75, 12.25, 11], "rotation": 180, "texture": "#0"},
				"up": {"uv": [10.75, 10.75, 12.25, 11], "rotation": 90, "texture": "#0"},
				"down": {"uv": [10.75, 10.75, 12.25, 11], "rotation": 270, "texture": "#0"}
			}
		},
		{
			"name": "Right Arm Layer",
			"from": [11.42278, 9.5, -0.97793],
			"to": [14.92278, 11.5, 1.27207],
			"rotation": {"angle": 0, "axis": "y", "origin": [14, 11, 7]},
			"faces": {
				"north": {"uv": [10.75, 10.75, 12.25, 11], "rotation": 180, "texture": "#0"},
				"east": {"uv": [10.75, 10.75, 12.25, 11], "rotation": 180, "texture": "#0"},
				"south": {"uv": [10.75, 10.75, 12.25, 11], "rotation": 180, "texture": "#0"},
				"west": {"uv": [10.75, 10.75, 12.25, 11], "rotation": 180, "texture": "#0"},
				"up": {"uv": [12.25, 11, 10.75, 10.75], "rotation": 270, "texture": "#0"},
				"down": {"uv": [12.25, 11, 10.75, 10.75], "rotation": 90, "texture": "#0"}
			}
		},
		{
			"name": "Right Arm Layer",
			"from": [1.75, 2.9646, 4.83248],
			"to": [3.25, 4.7146, 8.33248],
			"rotation": {"angle": -22.5, "axis": "x", "origin": [2, 11, 8]},
			"faces": {
				"north": {"uv": [12.25, 10.75, 10.75, 11], "rotation": 270, "texture": "#0"},
				"east": {"uv": [12.25, 10.75, 10.75, 11], "rotation": 90, "texture": "#0"},
				"south": {"uv": [12.25, 10.75, 10.75, 11], "rotation": 90, "texture": "#0"},
				"west": {"uv": [12.25, 10.75, 10.75, 11], "rotation": 90, "texture": "#0"},
				"up": {"uv": [12.25, 10.75, 10.75, 11], "rotation": 90, "texture": "#0"},
				"down": {"uv": [12.25, 10.75, 10.75, 11], "rotation": 90, "texture": "#0"}
			}
		},
		{
			"name": "Right Arm Layer",
			"from": [1.5, 2.13314, 4.74428],
			"to": [3.5, 4.38314, 8.24428],
			"rotation": {"angle": 0, "axis": "x", "origin": [2, 11, 8]},
			"faces": {
				"north": {"uv": [12.25, 10.75, 10.75, 11], "rotation": 270, "texture": "#0"},
				"east": {"uv": [12.25, 10.75, 10.75, 11], "rotation": 90, "texture": "#0"},
				"south": {"uv": [12.25, 10.75, 10.75, 11], "rotation": 90, "texture": "#0"},
				"west": {"uv": [12.25, 10.75, 10.75, 11], "rotation": 90, "texture": "#0"},
				"up": {"uv": [12.25, 10.75, 10.75, 11], "rotation": 90, "texture": "#0"},
				"down": {"uv": [12.25, 10.75, 10.75, 11], "rotation": 90, "texture": "#0"}
			}
		},
		{
			"name": "Right Arm Layer",
			"from": [1.5, 5.54303, 4.72464],
			"to": [3.5, 7.79303, 8.22464],
			"rotation": {"angle": -22.5, "axis": "x", "origin": [2, 11, 8]},
			"faces": {
				"north": {"uv": [12.25, 10.75, 10.75, 11], "rotation": 270, "texture": "#0"},
				"east": {"uv": [12.25, 10.75, 10.75, 11], "rotation": 90, "texture": "#0"},
				"south": {"uv": [12.25, 10.75, 10.75, 11], "rotation": 90, "texture": "#0"},
				"west": {"uv": [12.25, 10.75, 10.75, 11], "rotation": 90, "texture": "#0"},
				"up": {"uv": [12.25, 10.75, 10.75, 11], "rotation": 90, "texture": "#0"},
				"down": {"uv": [12.25, 10.75, 10.75, 11], "rotation": 90, "texture": "#0"}
			}
		},
		{
			"name": "Right Arm Layer",
			"from": [1.75, 6.12245, 6.11925],
			"to": [3.25, 7.87245, 9.61925],
			"rotation": {"angle": -45, "axis": "x", "origin": [2, 11, 8]},
			"faces": {
				"north": {"uv": [12.25, 10.75, 10.75, 11], "rotation": 270, "texture": "#0"},
				"east": {"uv": [12.25, 10.75, 10.75, 11], "rotation": 90, "texture": "#0"},
				"south": {"uv": [12.25, 10.75, 10.75, 11], "rotation": 90, "texture": "#0"},
				"west": {"uv": [12.25, 10.75, 10.75, 11], "rotation": 90, "texture": "#0"},
				"up": {"uv": [12.25, 10.75, 10.75, 11], "rotation": 90, "texture": "#0"},
				"down": {"uv": [12.25, 10.75, 10.75, 11], "rotation": 90, "texture": "#0"}
			}
		},
		{
			"name": "Right Arm",
			"from": [1, 7, 6],
			"to": [4, 13, 10],
			"rotation": {"angle": 22.5, "axis": "x", "origin": [2, 11, 8]},
			"faces": {
				"north": {"uv": [11.75, 5, 11, 6.5], "texture": "#0"},
				"east": {"uv": [12.75, 5, 11.75, 6.5], "texture": "#0"},
				"south": {"uv": [13.5, 5, 12.75, 6.5], "texture": "#0"},
				"west": {"uv": [11, 5, 10, 6.5], "texture": "#0"},
				"up": {"uv": [11, 5, 11.75, 4], "texture": "#0"},
				"down": {"uv": [11.75, 4, 12.5, 5], "texture": "#0"}
			}
		},
		{
			"name": "Right Arm Layer",
			"from": [0.75, 6.75, 5.75],
			"to": [4.25, 13.25, 10.25],
			"rotation": {"angle": 22.5, "axis": "x", "origin": [2, 11, 8]},
			"faces": {
				"north": {"uv": [11.75, 9, 11, 10.5], "texture": "#0"},
				"east": {"uv": [12.75, 9, 11.75, 10.5], "texture": "#0"},
				"south": {"uv": [13.5, 9, 12.75, 10.5], "texture": "#0"},
				"west": {"uv": [11, 9, 10, 10.5], "texture": "#0"},
				"up": {"uv": [11, 9, 11.75, 8], "texture": "#0"},
				"down": {"uv": [11.75, 8, 12.5, 9], "texture": "#0"}
			}
		},
		{
			"from": [8, 2.25, 10.06371],
			"to": [8, 15.25, 22.06371],
			"rotation": {"angle": -22.5, "axis": "y", "origin": [8, 6.5, 7]},
			"faces": {
				"north": {"uv": [0, 0, 0, 6.5], "texture": "#1"},
				"east": {"uv": [0, 0.25, 5.75, 6.75], "texture": "#1"},
				"south": {"uv": [0, 0, 0, 6.5], "texture": "#1"},
				"west": {"uv": [6, 0, 12, 6.5], "texture": "#1"},
				"up": {"uv": [0, 6, 0, 0], "texture": "#1"},
				"down": {"uv": [0, 0, 0, 6], "texture": "#1"}
			}
		},
		{
			"from": [7.74018, 2.25, 9.46212],
			"to": [7.74018, 15.25, 21.46212],
			"rotation": {"angle": 22.5, "axis": "y", "origin": [8, 6.5, 7]},
			"faces": {
				"north": {"uv": [0, 0, 0, 6.5], "texture": "#1"},
				"east": {"uv": [12, 0, 6, 6.5], "texture": "#1"},
				"south": {"uv": [0, 0, 0, 6.5], "texture": "#1"},
				"west": {"uv": [5.75, 0.25, 0, 6.75], "texture": "#1"},
				"up": {"uv": [0, 6, 0, 0], "texture": "#1"},
				"down": {"uv": [0, 0, 0, 6], "texture": "#1"}
			}
		},
		{
			"from": [4.64597, 0.48882, 8.5],
			"to": [6.14597, 3.48882, 10.5],
			"rotation": {"angle": -45, "axis": "z", "origin": [5.25, 3.25, 9.5]},
			"faces": {
				"north": {"uv": [3, 0.75, 3.5, 1.25], "texture": "#0"},
				"east": {"uv": [3, 0.75, 3.5, 1.25], "texture": "#0"},
				"south": {"uv": [3, 0.75, 3.5, 1.25], "texture": "#0"},
				"west": {"uv": [3, 0.75, 3.5, 1.25], "texture": "#0"},
				"up": {"uv": [3, 0.75, 3.5, 1.25], "texture": "#0"},
				"down": {"uv": [3, 0.75, 3.5, 1.25], "texture": "#0"}
			}
		},
		{
			"from": [3.63529, -2.06984, 8.5],
			"to": [5.13529, 0.93016, 10.5],
			"rotation": {"angle": -22.5, "axis": "z", "origin": [5.25, 3.25, 9.5]},
			"faces": {
				"north": {"uv": [3, 0.75, 3.5, 1.25], "texture": "#0"},
				"east": {"uv": [3, 0.75, 3.5, 1.25], "texture": "#0"},
				"south": {"uv": [3, 0.75, 3.5, 1.25], "texture": "#0"},
				"west": {"uv": [3, 0.75, 3.5, 1.25], "texture": "#0"},
				"up": {"uv": [3, 0.75, 3.5, 1.25], "rotation": 180, "texture": "#0"},
				"down": {"uv": [3, 0.75, 3.5, 1.25], "rotation": 180, "texture": "#0"}
			}
		},
		{
			"from": [0.34653, -1.86993, 8.5],
			"to": [1.84653, 0.63007, 10.5],
			"rotation": {"angle": 22.5, "axis": "z", "origin": [5.25, 3.25, 9.5]},
			"faces": {
				"north": {"uv": [3.5, 1.25, 3, 0.75], "rotation": 180, "texture": "#0"},
				"east": {"uv": [3.5, 1.25, 3, 0.75], "rotation": 180, "texture": "#0"},
				"south": {"uv": [3.5, 1.25, 3, 0.75], "rotation": 180, "texture": "#0"},
				"west": {"uv": [3.5, 1.25, 3, 0.75], "rotation": 180, "texture": "#0"},
				"up": {"uv": [3.5, 1.25, 3, 0.75], "texture": "#0"},
				"down": {"uv": [3.5, 1.25, 3, 0.75], "texture": "#0"}
			}
		},
		{
			"from": [9.16269, 1.02689, 7.5],
			"to": [10.66269, 4.02689, 9],
			"rotation": {"angle": 45, "axis": "z", "origin": [10.25, 4.25, 9.5]},
			"faces": {
				"north": {"uv": [3.5, 0.75, 3, 1.25], "texture": "#0"},
				"east": {"uv": [3.5, 0.75, 3, 1.25], "texture": "#0"},
				"south": {"uv": [3.5, 0.75, 3, 1.25], "texture": "#0"},
				"west": {"uv": [3.5, 0.75, 3, 1.25], "texture": "#0"},
				"up": {"uv": [3.5, 0.75, 3, 1.25], "texture": "#0"},
				"down": {"uv": [3.5, 0.75, 3, 1.25], "texture": "#0"}
			}
		},
		{
			"from": [10.36471, -1.56984, 7.5],
			"to": [11.86471, 1.43016, 9],
			"rotation": {"angle": 22.5, "axis": "z", "origin": [10.25, 4.25, 9.5]},
			"faces": {
				"north": {"uv": [3.5, 0.75, 3, 1.25], "texture": "#0"},
				"east": {"uv": [3.5, 0.75, 3, 1.25], "texture": "#0"},
				"south": {"uv": [3.5, 0.75, 3, 1.25], "texture": "#0"},
				"west": {"uv": [3.5, 0.75, 3, 1.25], "texture": "#0"},
				"up": {"uv": [3.5, 0.75, 3, 1.25], "rotation": 180, "texture": "#0"},
				"down": {"uv": [3.5, 0.75, 3, 1.25], "rotation": 180, "texture": "#0"}
			}
		},
		{
			"from": [14.00702, -1.22348, 7.5],
			"to": [15.50702, 1.27652, 9],
			"rotation": {"angle": -22.5, "axis": "z", "origin": [10.25, 4.25, 9.5]},
			"faces": {
				"north": {"uv": [3.5, 0.75, 3, 1.25], "texture": "#0"},
				"east": {"uv": [3.5, 0.75, 3, 1.25], "texture": "#0"},
				"south": {"uv": [3.5, 0.75, 3, 1.25], "texture": "#0"},
				"west": {"uv": [3.5, 0.75, 3, 1.25], "texture": "#0"},
				"up": {"uv": [3.5, 0.75, 3, 1.25], "rotation": 180, "texture": "#0"},
				"down": {"uv": [3.5, 0.75, 3, 1.25], "rotation": 180, "texture": "#0"}
			}
		},
		{
			"from": [6.72099, 1.05541, 8.50289],
			"to": [8.22099, 4.05541, 10.00289],
			"rotation": {"angle": 22.5, "axis": "x", "origin": [8.25, 4.25, 9.5]},
			"faces": {
				"north": {"uv": [3.5, 0.75, 3, 1.25], "texture": "#0"},
				"east": {"uv": [3.5, 0.75, 3, 1.25], "texture": "#0"},
				"south": {"uv": [3.5, 0.75, 3, 1.25], "texture": "#0"},
				"west": {"uv": [3.5, 0.75, 3, 1.25], "texture": "#0"},
				"up": {"uv": [3, 1.25, 3.5, 0.75], "rotation": 90, "texture": "#0"},
				"down": {"uv": [3, 1.25, 3.5, 0.75], "rotation": 270, "texture": "#0"}
			}
		},
		{
			"from": [6.72099, -1.50897, 9.68713],
			"to": [8.22099, 1.49103, 11.18713],
			"rotation": {"angle": 45, "axis": "x", "origin": [8.25, 4.25, 9.5]},
			"faces": {
				"north": {"uv": [3.5, 0.75, 3, 1.25], "texture": "#0"},
				"east": {"uv": [3.5, 0.75, 3, 1.25], "texture": "#0"},
				"south": {"uv": [3.5, 0.75, 3, 1.25], "texture": "#0"},
				"west": {"uv": [3.5, 0.75, 3, 1.25], "texture": "#0"},
				"up": {"uv": [3, 1.25, 3.5, 0.75], "rotation": 270, "texture": "#0"},
				"down": {"uv": [3, 1.25, 3.5, 0.75], "rotation": 90, "texture": "#0"}
			}
		},
		{
			"from": [6.72099, -2.45453, 5.56012],
			"to": [8.22099, 0.04547, 7.06012],
			"rotation": {"angle": 0, "axis": "y", "origin": [8.25, 4.25, 9.5]},
			"faces": {
				"north": {"uv": [3.5, 0.75, 3, 1.25], "texture": "#0"},
				"east": {"uv": [3.5, 0.75, 3, 1.25], "texture": "#0"},
				"south": {"uv": [3.5, 0.75, 3, 1.25], "texture": "#0"},
				"west": {"uv": [3.5, 0.75, 3, 1.25], "texture": "#0"},
				"up": {"uv": [3, 1.25, 3.5, 0.75], "rotation": 270, "texture": "#0"},
				"down": {"uv": [3, 1.25, 3.5, 0.75], "rotation": 90, "texture": "#0"}
			}
		},
		{
			"from": [8.72099, 1.05541, 8.50289],
			"to": [10.22099, 4.05541, 10.00289],
			"rotation": {"angle": 22.5, "axis": "x", "origin": [8.25, 4.25, 9.5]},
			"faces": {
				"north": {"uv": [3.5, 0.75, 3, 1.25], "texture": "#0"},
				"east": {"uv": [3.5, 0.75, 3, 1.25], "texture": "#0"},
				"south": {"uv": [3.5, 0.75, 3, 1.25], "texture": "#0"},
				"west": {"uv": [3.5, 0.75, 3, 1.25], "texture": "#0"},
				"up": {"uv": [3, 1.25, 3.5, 0.75], "rotation": 90, "texture": "#0"},
				"down": {"uv": [3, 1.25, 3.5, 0.75], "rotation": 270, "texture": "#0"}
			}
		},
		{
			"from": [8.72099, -1.50897, 9.68713],
			"to": [10.22099, 1.49103, 11.18713],
			"rotation": {"angle": 45, "axis": "x", "origin": [8.25, 4.25, 9.5]},
			"faces": {
				"north": {"uv": [3.5, 0.75, 3, 1.25], "texture": "#0"},
				"east": {"uv": [3.5, 0.75, 3, 1.25], "texture": "#0"},
				"south": {"uv": [3.5, 0.75, 3, 1.25], "texture": "#0"},
				"west": {"uv": [3.5, 0.75, 3, 1.25], "texture": "#0"},
				"up": {"uv": [3, 1.25, 3.5, 0.75], "rotation": 270, "texture": "#0"},
				"down": {"uv": [3, 1.25, 3.5, 0.75], "rotation": 90, "texture": "#0"}
			}
		},
		{
			"from": [8.72099, -2.45453, 5.56012],
			"to": [10.22099, 0.04547, 7.06012],
			"rotation": {"angle": 0, "axis": "y", "origin": [8.25, 4.25, 9.5]},
			"faces": {
				"north": {"uv": [3.5, 0.75, 3, 1.25], "texture": "#0"},
				"east": {"uv": [3.5, 0.75, 3, 1.25], "texture": "#0"},
				"south": {"uv": [3.5, 0.75, 3, 1.25], "texture": "#0"},
				"west": {"uv": [3.5, 0.75, 3, 1.25], "texture": "#0"},
				"up": {"uv": [3, 1.25, 3.5, 0.75], "rotation": 270, "texture": "#0"},
				"down": {"uv": [3, 1.25, 3.5, 0.75], "rotation": 90, "texture": "#0"}
			}
		},
		{
			"from": [4.72099, 1.05541, 8.50289],
			"to": [6.22099, 4.05541, 10.00289],
			"rotation": {"angle": 22.5, "axis": "x", "origin": [8.25, 4.25, 9.5]},
			"faces": {
				"north": {"uv": [3.5, 0.75, 3, 1.25], "texture": "#0"},
				"east": {"uv": [3.5, 0.75, 3, 1.25], "texture": "#0"},
				"south": {"uv": [3.5, 0.75, 3, 1.25], "texture": "#0"},
				"west": {"uv": [3.5, 0.75, 3, 1.25], "texture": "#0"},
				"up": {"uv": [3, 1.25, 3.5, 0.75], "rotation": 90, "texture": "#0"},
				"down": {"uv": [3, 1.25, 3.5, 0.75], "rotation": 270, "texture": "#0"}
			}
		},
		{
			"from": [4.72099, -1.50897, 9.68713],
			"to": [6.22099, 1.49103, 11.18713],
			"rotation": {"angle": 45, "axis": "x", "origin": [8.25, 4.25, 9.5]},
			"faces": {
				"north": {"uv": [3.5, 0.75, 3, 1.25], "texture": "#0"},
				"east": {"uv": [3.5, 0.75, 3, 1.25], "texture": "#0"},
				"south": {"uv": [3.5, 0.75, 3, 1.25], "texture": "#0"},
				"west": {"uv": [3.5, 0.75, 3, 1.25], "texture": "#0"},
				"up": {"uv": [3, 1.25, 3.5, 0.75], "rotation": 270, "texture": "#0"},
				"down": {"uv": [3, 1.25, 3.5, 0.75], "rotation": 90, "texture": "#0"}
			}
		},
		{
			"from": [4.72099, -2.45453, 5.56012],
			"to": [6.22099, 0.04547, 7.06012],
			"rotation": {"angle": 0, "axis": "y", "origin": [8.25, 4.25, 9.5]},
			"faces": {
				"north": {"uv": [3.5, 0.75, 3, 1.25], "texture": "#0"},
				"east": {"uv": [3.5, 0.75, 3, 1.25], "texture": "#0"},
				"south": {"uv": [3.5, 0.75, 3, 1.25], "texture": "#0"},
				"west": {"uv": [3.5, 0.75, 3, 1.25], "texture": "#0"},
				"up": {"uv": [3, 1.25, 3.5, 0.75], "rotation": 270, "texture": "#0"},
				"down": {"uv": [3, 1.25, 3.5, 0.75], "rotation": 90, "texture": "#0"}
			}
		},
		{
			"from": [6.72099, 1.4381, 8.07323],
			"to": [8.22099, 4.4381, 9.57323],
			"rotation": {"angle": -22.5, "axis": "x", "origin": [8.25, 4.25, 9.5]},
			"faces": {
				"north": {"uv": [3, 0.75, 3.5, 1.25], "texture": "#0"},
				"east": {"uv": [3, 0.75, 3.5, 1.25], "texture": "#0"},
				"south": {"uv": [3, 0.75, 3.5, 1.25], "texture": "#0"},
				"west": {"uv": [3, 0.75, 3.5, 1.25], "texture": "#0"},
				"up": {"uv": [3.5, 1.25, 3, 0.75], "rotation": 90, "texture": "#0"},
				"down": {"uv": [3.5, 1.25, 3, 0.75], "rotation": 270, "texture": "#0"}
			}
		},
		{
			"from": [6.72099, -0.80186, 7.10576],
			"to": [8.22099, 2.19814, 8.60576],
			"rotation": {"angle": -45, "axis": "x", "origin": [8.25, 4.25, 9.5]},
			"faces": {
				"north": {"uv": [3, 0.75, 3.5, 1.25], "texture": "#0"},
				"east": {"uv": [3, 0.75, 3.5, 1.25], "texture": "#0"},
				"south": {"uv": [3, 0.75, 3.5, 1.25], "texture": "#0"},
				"west": {"uv": [3, 0.75, 3.5, 1.25], "texture": "#0"},
				"up": {"uv": [3.5, 1.25, 3, 0.75], "rotation": 270, "texture": "#0"},
				"down": {"uv": [3.5, 1.25, 3, 0.75], "rotation": 90, "texture": "#0"}
			}
		},
		{
			"from": [6.72099, -2.45453, 10.93988],
			"to": [8.22099, 0.04547, 12.43988],
			"rotation": {"angle": 0, "axis": "y", "origin": [8.25, 4.25, 9.5]},
			"faces": {
				"north": {"uv": [3, 0.75, 3.5, 1.25], "texture": "#0"},
				"east": {"uv": [3, 0.75, 3.5, 1.25], "texture": "#0"},
				"south": {"uv": [3, 0.75, 3.5, 1.25], "texture": "#0"},
				"west": {"uv": [3, 0.75, 3.5, 1.25], "texture": "#0"},
				"up": {"uv": [3.5, 1.25, 3, 0.75], "rotation": 270, "texture": "#0"},
				"down": {"uv": [3.5, 1.25, 3, 0.75], "rotation": 90, "texture": "#0"}
			}
		}
	],
	"display": {
		"head": {
			"translation": [1.5, -14.5, 0],
			"scale": [1.6, 1.6, 1.6]
		}
	},
	"groups": [
		{
			"name": "Head",
			"origin": [0, 24, 0],
			"color": 0,
			"children": [0, 1, 2, 3, 4, 5, 6, 7]
		},
		{
			"name": "Body",
			"origin": [0, 24, 0],
			"color": 0,
			"children": [8, 9]
		},
		{
			"name": "RightArm",
			"origin": [5, 22, 0],
			"color": 0,
			"children": [
				10,
				11,
				{
					"name": "RightArm",
					"origin": [5, 22, 0],
					"color": 0,
					"children": [12, 13]
				}
			]
		},
		{
			"name": "RightLeg",
			"origin": [1.9, 12, 0],
			"color": 0,
			"children": []
		},
		{
			"name": "LeftLeg",
			"origin": [-1.9, 12, 0],
			"color": 0,
			"children": []
		},
		{
			"name": "LeftArm",
			"origin": [5, 22, 0],
			"color": 0,
			"children": [
				14,
				15,
				16,
				17,
				18,
				19,
				20,
				21,
				22,
				23,
				{
					"name": "LeftArmo",
					"origin": [5, 22, 0],
					"color": 0,
					"children": [24, 25]
				}
			]
		},
		26,
		27,
		28,
		29,
		30,
		31,
		32,
		33,
		34,
		35,
		36,
		37,
		38,
		39,
		40,
		41,
		42,
		43,
		44,
		45
	]
}