{
	"credit": "Made with Blockbench",
	"texture_size": [32, 32],
	"textures": {
		"0": "nw:stand/skins/stw_req",
		"1": "nw:stand/skins/stw_wings",
		"particle": "nw:stand/skins/stw_wings"
	},
	"elements": [
		{
			"name": "Head",
			"from": [4, 13, 4],
			"to": [12, 21, 12],
			"rotation": {"angle": 0, "axis": "y", "origin": [7, 13, 8]},
			"faces": {
				"north": {"uv": [2, 2, 4, 4], "texture": "#0"},
				"east": {"uv": [0, 2, 2, 4], "texture": "#0"},
				"south": {"uv": [6, 2, 8, 4], "texture": "#0"},
				"west": {"uv": [4, 2, 6, 4], "texture": "#0"},
				"up": {"uv": [4, 2, 2, 0], "texture": "#0"},
				"down": {"uv": [6, 0, 4, 2], "texture": "#0"}
			}
		},
		{
			"name": "Hat Layer",
			"from": [3.5, 12.5, 3.5],
			"to": [12.5, 21.5, 12.5],
			"rotation": {"angle": 0, "axis": "y", "origin": [7, 13, 8]},
			"faces": {
				"north": {"uv": [10, 2, 12, 4], "texture": "#0"},
				"east": {"uv": [8, 2, 10, 4], "texture": "#0"},
				"south": {"uv": [14, 2, 16, 4], "texture": "#0"},
				"west": {"uv": [12, 2, 14, 4], "texture": "#0"},
				"up": {"uv": [12, 2, 10, 0], "texture": "#0"},
				"down": {"uv": [14, 0, 12, 2], "texture": "#0"}
			}
		},
		{
			"name": "Hat Layer",
			"from": [11.75, 13.34776, 8.01537],
			"to": [14.25, 17.34776, 10.51537],
			"rotation": {"angle": -45, "axis": "z", "origin": [13, 17.34776, 9.26537]},
			"faces": {
				"north": {"uv": [4.25, 3, 6.25, 3.25], "texture": "#0"},
				"east": {"uv": [4.25, 3, 6.25, 3.25], "texture": "#0"},
				"south": {"uv": [4.25, 3, 6.25, 3.25], "texture": "#0"},
				"west": {"uv": [4.25, 3, 6.25, 3.25], "texture": "#0"},
				"up": {"uv": [4.25, 3, 6.25, 3.25], "texture": "#0"},
				"down": {"uv": [4.25, 3, 6.25, 3.25], "texture": "#0"}
			}
		},
		{
			"name": "Hat Layer",
			"from": [11.85, 16.84776, 8.21537],
			"to": [14.15, 20.84776, 10.31537],
			"rotation": {"angle": -22.5, "axis": "z", "origin": [13, 17.34776, 9.26537]},
			"faces": {
				"north": {"uv": [4.25, 3, 6.25, 3.25], "texture": "#0"},
				"east": {"uv": [4.25, 3, 6.25, 3.25], "texture": "#0"},
				"south": {"uv": [4.25, 3, 6.25, 3.25], "texture": "#0"},
				"west": {"uv": [4.25, 3, 6.25, 3.25], "texture": "#0"},
				"up": {"uv": [4.25, 3, 6.25, 3.25], "texture": "#0"},
				"down": {"uv": [4.25, 3, 6.25, 3.25], "texture": "#0"}
			}
		},
		{
			"name": "Hat Layer",
			"from": [13.10185, 20.14125, 8.31537],
			"to": [15.40185, 23.89125, 10.21537],
			"rotation": {"angle": 0, "axis": "z", "origin": [14.25185, 20.64125, 9.26537]},
			"faces": {
				"north": {"uv": [4.25, 3, 6.25, 3.25], "texture": "#0"},
				"east": {"uv": [4.25, 3, 6.25, 3.25], "texture": "#0"},
				"south": {"uv": [4.25, 3, 6.25, 3.25], "texture": "#0"},
				"west": {"uv": [4.25, 3, 6.25, 3.25], "texture": "#0"},
				"up": {"uv": [4.25, 3, 6.25, 3.25], "texture": "#0"},
				"down": {"uv": [4.25, 3, 6.25, 3.25], "texture": "#0"}
			}
		},
		{
			"name": "Hat Layer",
			"from": [0.59815, 20.14125, 8.31537],
			"to": [2.89815, 23.89125, 10.21537],
			"rotation": {"angle": 0, "axis": "z", "origin": [1.74815, 20.64125, 9.26537]},
			"faces": {
				"north": {"uv": [6.25, 3, 4.25, 3.25], "texture": "#0"},
				"east": {"uv": [6.25, 3, 4.25, 3.25], "texture": "#0"},
				"south": {"uv": [6.25, 3, 4.25, 3.25], "texture": "#0"},
				"west": {"uv": [6.25, 3, 4.25, 3.25], "texture": "#0"},
				"up": {"uv": [6.25, 3, 4.25, 3.25], "texture": "#0"},
				"down": {"uv": [6.25, 3, 4.25, 3.25], "texture": "#0"}
			}
		},
		{
			"name": "Hat Layer",
			"from": [1.85, 16.84776, 8.21537],
			"to": [4.15, 20.84776, 10.31537],
			"rotation": {"angle": 22.5, "axis": "z", "origin": [3, 17.34776, 9.26537]},
			"faces": {
				"north": {"uv": [6.25, 3, 4.25, 3.25], "texture": "#0"},
				"east": {"uv": [6.25, 3, 4.25, 3.25], "texture": "#0"},
				"south": {"uv": [6.25, 3, 4.25, 3.25], "texture": "#0"},
				"west": {"uv": [6.25, 3, 4.25, 3.25], "texture": "#0"},
				"up": {"uv": [6.25, 3, 4.25, 3.25], "texture": "#0"},
				"down": {"uv": [6.25, 3, 4.25, 3.25], "texture": "#0"}
			}
		},
		{
			"name": "Hat Layer",
			"from": [1.75, 13.34776, 8.01537],
			"to": [4.25, 17.34776, 10.51537],
			"rotation": {"angle": 45, "axis": "z", "origin": [3, 17.34776, 9.26537]},
			"faces": {
				"north": {"uv": [6.25, 3, 4.25, 3.25], "texture": "#0"},
				"east": {"uv": [6.25, 3, 4.25, 3.25], "texture": "#0"},
				"south": {"uv": [6.25, 3, 4.25, 3.25], "texture": "#0"},
				"west": {"uv": [6.25, 3, 4.25, 3.25], "texture": "#0"},
				"up": {"uv": [6.25, 3, 4.25, 3.25], "texture": "#0"},
				"down": {"uv": [6.25, 3, 4.25, 3.25], "texture": "#0"}
			}
		},
		{
			"name": "Body",
			"from": [4, 1, 6],
			"to": [12, 13, 10],
			"rotation": {"angle": 22.5, "axis": "y", "origin": [9, 13, 8]},
			"faces": {
				"north": {"uv": [7, 5, 5, 8], "texture": "#0"},
				"east": {"uv": [8, 5, 7, 8], "texture": "#0"},
				"south": {"uv": [10, 5, 8, 8], "texture": "#0"},
				"west": {"uv": [5, 5, 4, 8], "texture": "#0"},
				"up": {"uv": [5, 5, 7, 4], "texture": "#0"},
				"down": {"uv": [7, 4, 9, 5], "texture": "#0"}
			}
		},
		{
			"name": "Body Layer",
			"from": [3.75, 0.75, 5.75],
			"to": [12.25, 13.25, 10.25],
			"rotation": {"angle": 22.5, "axis": "y", "origin": [9, 13, 8]},
			"faces": {
				"north": {"uv": [7, 9, 5, 12], "texture": "#0"},
				"east": {"uv": [8, 9, 7, 12], "texture": "#0"},
				"south": {"uv": [10, 9, 8, 12], "texture": "#0"},
				"west": {"uv": [5, 9, 4, 12], "texture": "#0"},
				"up": {"uv": [5, 9, 7, 8], "texture": "#0"},
				"down": {"uv": [7, 8, 9, 9], "texture": "#0"}
			}
		},
		{
			"name": "Right Arm",
			"from": [-5.66421, 9, 10.34619],
			"to": [0.33579, 12, 14.34619],
			"rotation": {"angle": -22.5, "axis": "y", "origin": [2, 11, 10]},
			"faces": {
				"north": {"uv": [11, 8, 11.75, 6.75], "rotation": 90, "texture": "#0"},
				"east": {"uv": [11.75, 4, 11, 5], "rotation": 270, "texture": "#0"},
				"south": {"uv": [12.75, 8, 13.5, 6.75], "rotation": 270, "texture": "#0"},
				"west": {"uv": [12.5, 5, 11.75, 4], "rotation": 270, "texture": "#0"},
				"up": {"uv": [10, 8, 11, 6.5], "rotation": 270, "texture": "#0"},
				"down": {"uv": [11.75, 8, 12.75, 6.75], "rotation": 270, "texture": "#0"}
			}
		},
		{
			"name": "Right Arm Layer",
			"from": [-5.91421, 8.75, 10.09619],
			"to": [0.58579, 12.25, 14.59619],
			"rotation": {"angle": -22.5, "axis": "y", "origin": [2, 11, 10]},
			"faces": {
				"north": {"uv": [11, 12, 11.75, 10.5], "rotation": 90, "texture": "#0"},
				"east": {"uv": [0.75, 7.75, 0, 8.75], "rotation": 270, "texture": "#0"},
				"south": {"uv": [12.75, 12, 13.5, 10.5], "rotation": 270, "texture": "#0"},
				"west": {"uv": [12.5, 9, 11.75, 8], "rotation": 270, "texture": "#0"},
				"up": {"uv": [10, 12, 11, 10.5], "rotation": 270, "texture": "#0"},
				"down": {"uv": [11.75, 12, 12.75, 10.5], "rotation": 270, "texture": "#0"}
			}
		},
		{
			"name": "Right Arm",
			"from": [-2, 9, 8],
			"to": [4, 12, 12],
			"rotation": {"angle": 22.5, "axis": "y", "origin": [2, 11, 10]},
			"faces": {
				"north": {"uv": [11, 6.5, 11.75, 5], "rotation": 90, "texture": "#0"},
				"east": {"uv": [11.75, 4, 11, 5], "rotation": 270, "texture": "#0"},
				"south": {"uv": [12.75, 6.5, 13.5, 5], "rotation": 270, "texture": "#0"},
				"west": {"uv": [12.5, 5, 11.75, 4], "rotation": 270, "texture": "#0"},
				"up": {"uv": [10, 6.5, 11, 5], "rotation": 270, "texture": "#0"},
				"down": {"uv": [11.75, 6.5, 12.75, 5], "rotation": 270, "texture": "#0"}
			}
		},
		{
			"name": "Right Arm Layer",
			"from": [-2.25, 8.75, 7.75],
			"to": [4.25, 12.25, 12.25],
			"rotation": {"angle": 22.5, "axis": "y", "origin": [2, 11, 10]},
			"faces": {
				"north": {"uv": [11, 10.5, 11.75, 9], "rotation": 90, "texture": "#0"},
				"east": {"uv": [11.75, 8, 11, 9], "rotation": 270, "texture": "#0"},
				"south": {"uv": [12.75, 10.5, 13.5, 9], "rotation": 270, "texture": "#0"},
				"west": {"uv": [12.5, 9, 11.75, 8], "rotation": 270, "texture": "#0"},
				"up": {"uv": [10, 10.5, 11, 9], "rotation": 270, "texture": "#0"},
				"down": {"uv": [11.75, 10.5, 12.75, 9], "rotation": 270, "texture": "#0"}
			}
		},
		{
			"name": "Right Arm",
			"from": [12, 9, -5],
			"to": [16, 12, 1],
			"rotation": {"angle": 0, "axis": "z", "origin": [14, 11, 8]},
			"faces": {
				"north": {"uv": [11.75, 5, 12.5, 4], "rotation": 90, "texture": "#0"},
				"east": {"uv": [13.5, 8, 12.75, 6.75], "rotation": 90, "texture": "#0"},
				"south": {"uv": [11, 4, 11.75, 5], "rotation": 90, "texture": "#0"},
				"west": {"uv": [11.75, 8, 11, 6.75], "rotation": 270, "texture": "#0"},
				"up": {"uv": [10, 6.5, 11, 8], "rotation": 180, "texture": "#0"},
				"down": {"uv": [11.75, 6.75, 12.75, 8], "texture": "#0"}
			}
		},
		{
			"name": "Right Arm Layer",
			"from": [11.75, 8.75, -5.25],
			"to": [16.25, 12.25, 1.25],
			"rotation": {"angle": 0, "axis": "z", "origin": [14, 11, 8]},
			"faces": {
				"north": {"uv": [11.75, 9, 12.5, 8], "rotation": 90, "texture": "#0"},
				"east": {"uv": [13.5, 12, 12.75, 10.5], "rotation": 90, "texture": "#0"},
				"south": {"uv": [11, 8, 11.75, 9], "rotation": 90, "texture": "#0"},
				"west": {"uv": [11.75, 12, 11, 10.5], "rotation": 270, "texture": "#0"},
				"up": {"uv": [10, 10.5, 11, 12], "rotation": 180, "texture": "#0"},
				"down": {"uv": [11.75, 10.5, 12.75, 12], "texture": "#0"}
			}
		},
		{
			"name": "Right Arm Layer",
			"from": [-3.62013, 9.5, 10.85569],
			"to": [-0.12013, 11.5, 13.10569],
			"rotation": {"angle": -45, "axis": "y", "origin": [-1.81621, 10.5, 13.10287]},
			"faces": {
				"north": {"uv": [12.25, 10.75, 10.75, 11], "rotation": 180, "texture": "#0"},
				"east": {"uv": [12.25, 10.75, 10.75, 11], "rotation": 180, "texture": "#0"},
				"south": {"uv": [12.25, 10.75, 10.75, 11], "rotation": 180, "texture": "#0"},
				"west": {"uv": [12.25, 10.75, 10.75, 11], "rotation": 180, "texture": "#0"},
				"up": {"uv": [10.75, 11, 12.25, 10.75], "rotation": 270, "texture": "#0"},
				"down": {"uv": [10.75, 11, 12.25, 10.75], "rotation": 90, "texture": "#0"}
			}
		},
		{
			"name": "Right Arm Layer",
			"from": [-0.25032, 9.75, 11.75453],
			"to": [3.24968, 11.25, 13.50453],
			"rotation": {"angle": -22.5, "axis": "y", "origin": [-1.81621, 10.5, 13.10287]},
			"faces": {
				"north": {"uv": [12.25, 10.75, 10.75, 11], "rotation": 180, "texture": "#0"},
				"east": {"uv": [12.25, 10.75, 10.75, 11], "rotation": 180, "texture": "#0"},
				"south": {"uv": [12.25, 10.75, 10.75, 11], "rotation": 180, "texture": "#0"},
				"west": {"uv": [12.25, 10.75, 10.75, 11], "rotation": 180, "texture": "#0"},
				"up": {"uv": [10.75, 11, 12.25, 10.75], "rotation": 270, "texture": "#0"},
				"down": {"uv": [10.75, 11, 12.25, 10.75], "rotation": 90, "texture": "#0"}
			}
		},
		{
			"name": "Right Arm Layer",
			"from": [-3.51229, 9.75, 13.93411],
			"to": [-0.01229, 11.25, 15.68411],
			"rotation": {"angle": -45, "axis": "y", "origin": [-1.81621, 10.5, 13.10287]},
			"faces": {
				"north": {"uv": [12.25, 10.75, 10.75, 11], "rotation": 180, "texture": "#0"},
				"east": {"uv": [12.25, 10.75, 10.75, 11], "rotation": 180, "texture": "#0"},
				"south": {"uv": [12.25, 10.75, 10.75, 11], "rotation": 180, "texture": "#0"},
				"west": {"uv": [12.25, 10.75, 10.75, 11], "rotation": 180, "texture": "#0"},
				"up": {"uv": [10.75, 11, 12.25, 10.75], "rotation": 270, "texture": "#0"},
				"down": {"uv": [10.75, 11, 12.25, 10.75], "rotation": 90, "texture": "#0"}
			}
		},
		{
			"name": "Right Arm Layer",
			"from": [-5.081, 9.5, 9.11937],
			"to": [-2.831, 11.5, 12.61937],
			"rotation": {"angle": 22.5, "axis": "y", "origin": [-1.81621, 10.5, 13.10287]},
			"faces": {
				"north": {"uv": [12.25, 10.75, 10.75, 11], "rotation": 180, "texture": "#0"},
				"east": {"uv": [12.25, 10.75, 10.75, 11], "rotation": 180, "texture": "#0"},
				"south": {"uv": [12.25, 10.75, 10.75, 11], "rotation": 180, "texture": "#0"},
				"west": {"uv": [12.25, 10.75, 10.75, 11], "rotation": 180, "texture": "#0"},
				"up": {"uv": [10.75, 11, 12.25, 10.75], "texture": "#0"},
				"down": {"uv": [10.75, 11, 12.25, 10.75], "texture": "#0"}
			}
		},
		{
			"name": "Right Arm Layer",
			"from": [16.23324, 9.75, -2.179],
			"to": [17.98324, 11.25, 1.321],
			"rotation": {"angle": 45, "axis": "y", "origin": [16.81621, 10.5, -1.89713]},
			"faces": {
				"north": {"uv": [10.75, 10.75, 12.25, 11], "rotation": 180, "texture": "#0"},
				"east": {"uv": [10.75, 10.75, 12.25, 11], "rotation": 180, "texture": "#0"},
				"south": {"uv": [10.75, 10.75, 12.25, 11], "rotation": 180, "texture": "#0"},
				"west": {"uv": [10.75, 10.75, 12.25, 11], "rotation": 180, "texture": "#0"},
				"up": {"uv": [10.75, 10.75, 12.25, 11], "rotation": 180, "texture": "#0"},
				"down": {"uv": [10.75, 10.75, 12.25, 11], "rotation": 180, "texture": "#0"}
			}
		},
		{
			"name": "Right Arm Layer",
			"from": [13.59807, 9.5, -3.31416],
			"to": [17.09807, 11.5, -1.06416],
			"rotation": {"angle": -22.5, "axis": "y", "origin": [16.81621, 10.5, -1.89713]},
			"faces": {
				"north": {"uv": [10.75, 10.75, 12.25, 11], "rotation": 180, "texture": "#0"},
				"east": {"uv": [10.75, 10.75, 12.25, 11], "rotation": 180, "texture": "#0"},
				"south": {"uv": [10.75, 10.75, 12.25, 11], "rotation": 180, "texture": "#0"},
				"west": {"uv": [10.75, 10.75, 12.25, 11], "rotation": 180, "texture": "#0"},
				"up": {"uv": [12.25, 11, 10.75, 10.75], "rotation": 270, "texture": "#0"},
				"down": {"uv": [12.25, 11, 10.75, 10.75], "rotation": 90, "texture": "#0"}
			}
		},
		{
			"name": "Right Arm Layer",
			"from": [13.62734, 9.5, -2.86663],
			"to": [15.87734, 11.5, 0.63337],
			"rotation": {"angle": 45, "axis": "y", "origin": [17.75234, 10.5, -1.61663]},
			"faces": {
				"north": {"uv": [10.75, 10.75, 12.25, 11], "rotation": 180, "texture": "#0"},
				"east": {"uv": [10.75, 10.75, 12.25, 11], "rotation": 180, "texture": "#0"},
				"south": {"uv": [10.75, 10.75, 12.25, 11], "rotation": 180, "texture": "#0"},
				"west": {"uv": [10.75, 10.75, 12.25, 11], "rotation": 180, "texture": "#0"},
				"up": {"uv": [10.75, 10.75, 12.25, 11], "rotation": 180, "texture": "#0"},
				"down": {"uv": [10.75, 10.75, 12.25, 11], "rotation": 180, "texture": "#0"}
			}
		},
		{
			"name": "Right Arm Layer",
			"from": [16.77284, 9.75, 1.59749],
			"to": [18.52284, 11.25, 5.09749],
			"rotation": {"angle": 22.5, "axis": "y", "origin": [17.64784, 10.5, 3.34749]},
			"faces": {
				"north": {"uv": [10.75, 10.75, 12.25, 11], "rotation": 180, "texture": "#0"},
				"east": {"uv": [10.75, 10.75, 12.25, 11], "rotation": 180, "texture": "#0"},
				"south": {"uv": [10.75, 10.75, 12.25, 11], "rotation": 180, "texture": "#0"},
				"west": {"uv": [10.75, 10.75, 12.25, 11], "rotation": 180, "texture": "#0"},
				"up": {"uv": [10.75, 10.75, 12.25, 11], "rotation": 180, "texture": "#0"},
				"down": {"uv": [10.75, 10.75, 12.25, 11], "rotation": 180, "texture": "#0"}
			}
		},
		{
			"name": "Right Arm",
			"from": [12, 9, 1],
			"to": [16, 12, 7],
			"rotation": {"angle": 0, "axis": "z", "origin": [14, 11, 8]},
			"faces": {
				"north": {"uv": [11.75, 5, 12.5, 4], "rotation": 90, "texture": "#0"},
				"east": {"uv": [13.5, 6.5, 12.75, 5], "rotation": 90, "texture": "#0"},
				"south": {"uv": [11, 4, 11.75, 5], "rotation": 90, "texture": "#0"},
				"west": {"uv": [11.75, 6.5, 11, 5], "rotation": 270, "texture": "#0"},
				"up": {"uv": [10, 5, 11, 6.5], "rotation": 180, "texture": "#0"},
				"down": {"uv": [11.75, 5, 12.75, 6.5], "texture": "#0"}
			}
		},
		{
			"name": "Right Arm Layer",
			"from": [11.75, 8.75, 0.75],
			"to": [16.25, 12.25, 7.25],
			"rotation": {"angle": 0, "axis": "z", "origin": [14, 11, 8]},
			"faces": {
				"north": {"uv": [11.75, 9, 12.5, 8], "rotation": 90, "texture": "#0"},
				"east": {"uv": [13.5, 10.5, 12.75, 9], "rotation": 90, "texture": "#0"},
				"south": {"uv": [11, 8, 11.75, 9], "rotation": 90, "texture": "#0"},
				"west": {"uv": [11.75, 10.5, 11, 9], "rotation": 270, "texture": "#0"},
				"up": {"uv": [10, 9, 11, 10.5], "rotation": 180, "texture": "#0"},
				"down": {"uv": [11.75, 9, 12.75, 10.5], "texture": "#0"}
			}
		},
		{
			"from": [16, 2.25, 6.75],
			"to": [16, 15.25, 18.75],
			"rotation": {"angle": 45, "axis": "y", "origin": [16, 6.5, 15]},
			"faces": {
				"north": {"uv": [0, 0, 0, 6.5], "texture": "#1"},
				"east": {"uv": [12, 0, 6, 6.5], "texture": "#1"},
				"south": {"uv": [0, 0, 0, 6.5], "texture": "#1"},
				"west": {"uv": [5.75, 0.25, 0, 6.75], "texture": "#1"},
				"up": {"uv": [0, 6, 0, 0], "texture": "#1"},
				"down": {"uv": [0, 0, 0, 6], "texture": "#1"}
			}
		},
		{
			"from": [5.48008, 2.25, 9.01256],
			"to": [5.48008, 15.25, 21.01256],
			"rotation": {"angle": -22.5, "axis": "y", "origin": [5.48008, 8.75, 13.76256]},
			"faces": {
				"north": {"uv": [0, 0, 0, 6.5], "texture": "#1"},
				"east": {"uv": [0, 0.25, 5.75, 6.75], "texture": "#1"},
				"south": {"uv": [0, 0, 0, 6.5], "texture": "#1"},
				"west": {"uv": [6, 0, 12, 6.5], "texture": "#1"},
				"up": {"uv": [0, 6, 0, 0], "texture": "#1"},
				"down": {"uv": [0, 0, 0, 6], "texture": "#1"}
			}
		},
		{
			"from": [9.85403, 0.48882, 8.5],
			"to": [11.35403, 3.48882, 10.5],
			"rotation": {"angle": 45, "axis": "z", "origin": [10.75, 3.25, 9.5]},
			"faces": {
				"north": {"uv": [3.5, 0.75, 3, 1.25], "texture": "#0"},
				"east": {"uv": [3.5, 0.75, 3, 1.25], "texture": "#0"},
				"south": {"uv": [3.5, 0.75, 3, 1.25], "texture": "#0"},
				"west": {"uv": [3.5, 0.75, 3, 1.25], "texture": "#0"},
				"up": {"uv": [3.5, 0.75, 3, 1.25], "texture": "#0"},
				"down": {"uv": [3.5, 0.75, 3, 1.25], "texture": "#0"}
			}
		},
		{
			"from": [10.86471, -2.06984, 8.5],
			"to": [12.36471, 0.93016, 10.5],
			"rotation": {"angle": 22.5, "axis": "z", "origin": [10.75, 3.25, 9.5]},
			"faces": {
				"north": {"uv": [3.5, 0.75, 3, 1.25], "texture": "#0"},
				"east": {"uv": [3.5, 0.75, 3, 1.25], "texture": "#0"},
				"south": {"uv": [3.5, 0.75, 3, 1.25], "texture": "#0"},
				"west": {"uv": [3.5, 0.75, 3, 1.25], "texture": "#0"},
				"up": {"uv": [3.5, 0.75, 3, 1.25], "rotation": 180, "texture": "#0"},
				"down": {"uv": [3.5, 0.75, 3, 1.25], "rotation": 180, "texture": "#0"}
			}
		},
		{
			"from": [14.15347, -1.86993, 8.5],
			"to": [15.65347, 0.63007, 10.5],
			"rotation": {"angle": -22.5, "axis": "z", "origin": [10.75, 3.25, 9.5]},
			"faces": {
				"north": {"uv": [3, 1.25, 3.5, 0.75], "rotation": 180, "texture": "#0"},
				"east": {"uv": [3, 1.25, 3.5, 0.75], "rotation": 180, "texture": "#0"},
				"south": {"uv": [3, 1.25, 3.5, 0.75], "rotation": 180, "texture": "#0"},
				"west": {"uv": [3, 1.25, 3.5, 0.75], "rotation": 180, "texture": "#0"},
				"up": {"uv": [3, 1.25, 3.5, 0.75], "texture": "#0"},
				"down": {"uv": [3, 1.25, 3.5, 0.75], "texture": "#0"}
			}
		},
		{
			"from": [5.33731, 1.02689, 7.5],
			"to": [6.83731, 4.02689, 9],
			"rotation": {"angle": -45, "axis": "z", "origin": [5.75, 4.25, 9.5]},
			"faces": {
				"north": {"uv": [3, 0.75, 3.5, 1.25], "texture": "#0"},
				"east": {"uv": [3, 0.75, 3.5, 1.25], "texture": "#0"},
				"south": {"uv": [3, 0.75, 3.5, 1.25], "texture": "#0"},
				"west": {"uv": [3, 0.75, 3.5, 1.25], "texture": "#0"},
				"up": {"uv": [3, 0.75, 3.5, 1.25], "texture": "#0"},
				"down": {"uv": [3, 0.75, 3.5, 1.25], "texture": "#0"}
			}
		},
		{
			"from": [4.13529, -1.56984, 7.5],
			"to": [5.63529, 1.43016, 9],
			"rotation": {"angle": -22.5, "axis": "z", "origin": [5.75, 4.25, 9.5]},
			"faces": {
				"north": {"uv": [3, 0.75, 3.5, 1.25], "texture": "#0"},
				"east": {"uv": [3, 0.75, 3.5, 1.25], "texture": "#0"},
				"south": {"uv": [3, 0.75, 3.5, 1.25], "texture": "#0"},
				"west": {"uv": [3, 0.75, 3.5, 1.25], "texture": "#0"},
				"up": {"uv": [3, 0.75, 3.5, 1.25], "rotation": 180, "texture": "#0"},
				"down": {"uv": [3, 0.75, 3.5, 1.25], "rotation": 180, "texture": "#0"}
			}
		},
		{
			"from": [0.49298, -1.22348, 7.5],
			"to": [1.99298, 1.27652, 9],
			"rotation": {"angle": 22.5, "axis": "z", "origin": [5.75, 4.25, 9.5]},
			"faces": {
				"north": {"uv": [3, 0.75, 3.5, 1.25], "texture": "#0"},
				"east": {"uv": [3, 0.75, 3.5, 1.25], "texture": "#0"},
				"south": {"uv": [3, 0.75, 3.5, 1.25], "texture": "#0"},
				"west": {"uv": [3, 0.75, 3.5, 1.25], "texture": "#0"},
				"up": {"uv": [3, 0.75, 3.5, 1.25], "rotation": 180, "texture": "#0"},
				"down": {"uv": [3, 0.75, 3.5, 1.25], "rotation": 180, "texture": "#0"}
			}
		},
		{
			"from": [7.77901, 1.05541, 8.50289],
			"to": [9.27901, 4.05541, 10.00289],
			"rotation": {"angle": 22.5, "axis": "x", "origin": [7.75, 4.25, 9.5]},
			"faces": {
				"north": {"uv": [3, 0.75, 3.5, 1.25], "texture": "#0"},
				"east": {"uv": [3, 0.75, 3.5, 1.25], "texture": "#0"},
				"south": {"uv": [3, 0.75, 3.5, 1.25], "texture": "#0"},
				"west": {"uv": [3, 0.75, 3.5, 1.25], "texture": "#0"},
				"up": {"uv": [3, 0.75, 3.5, 1.25], "rotation": 90, "texture": "#0"},
				"down": {"uv": [3, 0.75, 3.5, 1.25], "rotation": 270, "texture": "#0"}
			}
		},
		{
			"from": [7.77901, -1.50897, 9.68713],
			"to": [9.27901, 1.49103, 11.18713],
			"rotation": {"angle": 45, "axis": "x", "origin": [7.75, 4.25, 9.5]},
			"faces": {
				"north": {"uv": [3, 0.75, 3.5, 1.25], "texture": "#0"},
				"east": {"uv": [3, 0.75, 3.5, 1.25], "texture": "#0"},
				"south": {"uv": [3, 0.75, 3.5, 1.25], "texture": "#0"},
				"west": {"uv": [3, 0.75, 3.5, 1.25], "texture": "#0"},
				"up": {"uv": [3, 0.75, 3.5, 1.25], "rotation": 270, "texture": "#0"},
				"down": {"uv": [3, 0.75, 3.5, 1.25], "rotation": 90, "texture": "#0"}
			}
		},
		{
			"from": [7.77901, -2.45453, 5.56012],
			"to": [9.27901, 0.04547, 7.06012],
			"rotation": {"angle": 0, "axis": "y", "origin": [7.75, 4.25, 9.5]},
			"faces": {
				"north": {"uv": [3, 0.75, 3.5, 1.25], "texture": "#0"},
				"east": {"uv": [3, 0.75, 3.5, 1.25], "texture": "#0"},
				"south": {"uv": [3, 0.75, 3.5, 1.25], "texture": "#0"},
				"west": {"uv": [3, 0.75, 3.5, 1.25], "texture": "#0"},
				"up": {"uv": [3, 0.75, 3.5, 1.25], "rotation": 270, "texture": "#0"},
				"down": {"uv": [3, 0.75, 3.5, 1.25], "rotation": 90, "texture": "#0"}
			}
		},
		{
			"from": [5.77901, 1.05541, 8.50289],
			"to": [7.27901, 4.05541, 10.00289],
			"rotation": {"angle": 22.5, "axis": "x", "origin": [7.75, 4.25, 9.5]},
			"faces": {
				"north": {"uv": [3, 0.75, 3.5, 1.25], "texture": "#0"},
				"east": {"uv": [3, 0.75, 3.5, 1.25], "texture": "#0"},
				"south": {"uv": [3, 0.75, 3.5, 1.25], "texture": "#0"},
				"west": {"uv": [3, 0.75, 3.5, 1.25], "texture": "#0"},
				"up": {"uv": [3, 0.75, 3.5, 1.25], "rotation": 90, "texture": "#0"},
				"down": {"uv": [3, 0.75, 3.5, 1.25], "rotation": 270, "texture": "#0"}
			}
		},
		{
			"from": [5.77901, -1.50897, 9.68713],
			"to": [7.27901, 1.49103, 11.18713],
			"rotation": {"angle": 45, "axis": "x", "origin": [7.75, 4.25, 9.5]},
			"faces": {
				"north": {"uv": [3, 0.75, 3.5, 1.25], "texture": "#0"},
				"east": {"uv": [3, 0.75, 3.5, 1.25], "texture": "#0"},
				"south": {"uv": [3, 0.75, 3.5, 1.25], "texture": "#0"},
				"west": {"uv": [3, 0.75, 3.5, 1.25], "texture": "#0"},
				"up": {"uv": [3, 0.75, 3.5, 1.25], "rotation": 270, "texture": "#0"},
				"down": {"uv": [3, 0.75, 3.5, 1.25], "rotation": 90, "texture": "#0"}
			}
		},
		{
			"from": [5.77901, -2.45453, 5.56012],
			"to": [7.27901, 0.04547, 7.06012],
			"rotation": {"angle": 0, "axis": "y", "origin": [7.75, 4.25, 9.5]},
			"faces": {
				"north": {"uv": [3, 0.75, 3.5, 1.25], "texture": "#0"},
				"east": {"uv": [3, 0.75, 3.5, 1.25], "texture": "#0"},
				"south": {"uv": [3, 0.75, 3.5, 1.25], "texture": "#0"},
				"west": {"uv": [3, 0.75, 3.5, 1.25], "texture": "#0"},
				"up": {"uv": [3, 0.75, 3.5, 1.25], "rotation": 270, "texture": "#0"},
				"down": {"uv": [3, 0.75, 3.5, 1.25], "rotation": 90, "texture": "#0"}
			}
		},
		{
			"from": [9.77901, 1.05541, 8.50289],
			"to": [11.27901, 4.05541, 10.00289],
			"rotation": {"angle": 22.5, "axis": "x", "origin": [7.75, 4.25, 9.5]},
			"faces": {
				"north": {"uv": [3, 0.75, 3.5, 1.25], "texture": "#0"},
				"east": {"uv": [3, 0.75, 3.5, 1.25], "texture": "#0"},
				"south": {"uv": [3, 0.75, 3.5, 1.25], "texture": "#0"},
				"west": {"uv": [3, 0.75, 3.5, 1.25], "texture": "#0"},
				"up": {"uv": [3, 0.75, 3.5, 1.25], "rotation": 90, "texture": "#0"},
				"down": {"uv": [3, 0.75, 3.5, 1.25], "rotation": 270, "texture": "#0"}
			}
		},
		{
			"from": [9.77901, -1.50897, 9.68713],
			"to": [11.27901, 1.49103, 11.18713],
			"rotation": {"angle": 45, "axis": "x", "origin": [7.75, 4.25, 9.5]},
			"faces": {
				"north": {"uv": [3, 0.75, 3.5, 1.25], "texture": "#0"},
				"east": {"uv": [3, 0.75, 3.5, 1.25], "texture": "#0"},
				"south": {"uv": [3, 0.75, 3.5, 1.25], "texture": "#0"},
				"west": {"uv": [3, 0.75, 3.5, 1.25], "texture": "#0"},
				"up": {"uv": [3, 0.75, 3.5, 1.25], "rotation": 270, "texture": "#0"},
				"down": {"uv": [3, 0.75, 3.5, 1.25], "rotation": 90, "texture": "#0"}
			}
		},
		{
			"from": [9.77901, -2.45453, 5.56012],
			"to": [11.27901, 0.04547, 7.06012],
			"rotation": {"angle": 0, "axis": "y", "origin": [7.75, 4.25, 9.5]},
			"faces": {
				"north": {"uv": [3, 0.75, 3.5, 1.25], "texture": "#0"},
				"east": {"uv": [3, 0.75, 3.5, 1.25], "texture": "#0"},
				"south": {"uv": [3, 0.75, 3.5, 1.25], "texture": "#0"},
				"west": {"uv": [3, 0.75, 3.5, 1.25], "texture": "#0"},
				"up": {"uv": [3, 0.75, 3.5, 1.25], "rotation": 270, "texture": "#0"},
				"down": {"uv": [3, 0.75, 3.5, 1.25], "rotation": 90, "texture": "#0"}
			}
		},
		{
			"from": [7.77901, 1.4381, 8.07323],
			"to": [9.27901, 4.4381, 9.57323],
			"rotation": {"angle": -22.5, "axis": "x", "origin": [7.75, 4.25, 9.5]},
			"faces": {
				"north": {"uv": [3.5, 0.75, 3, 1.25], "texture": "#0"},
				"east": {"uv": [3.5, 0.75, 3, 1.25], "texture": "#0"},
				"south": {"uv": [3.5, 0.75, 3, 1.25], "texture": "#0"},
				"west": {"uv": [3.5, 0.75, 3, 1.25], "texture": "#0"},
				"up": {"uv": [3.5, 0.75, 3, 1.25], "rotation": 90, "texture": "#0"},
				"down": {"uv": [3.5, 0.75, 3, 1.25], "rotation": 270, "texture": "#0"}
			}
		},
		{
			"from": [7.77901, -0.80186, 7.10576],
			"to": [9.27901, 2.19814, 8.60576],
			"rotation": {"angle": -45, "axis": "x", "origin": [7.75, 4.25, 9.5]},
			"faces": {
				"north": {"uv": [3.5, 0.75, 3, 1.25], "texture": "#0"},
				"east": {"uv": [3.5, 0.75, 3, 1.25], "texture": "#0"},
				"south": {"uv": [3.5, 0.75, 3, 1.25], "texture": "#0"},
				"west": {"uv": [3.5, 0.75, 3, 1.25], "texture": "#0"},
				"up": {"uv": [3.5, 0.75, 3, 1.25], "rotation": 270, "texture": "#0"},
				"down": {"uv": [3.5, 0.75, 3, 1.25], "rotation": 90, "texture": "#0"}
			}
		},
		{
			"from": [7.77901, -2.45453, 10.93988],
			"to": [9.27901, 0.04547, 12.43988],
			"rotation": {"angle": 0, "axis": "y", "origin": [7.75, 4.25, 9.5]},
			"faces": {
				"north": {"uv": [3.5, 0.75, 3, 1.25], "texture": "#0"},
				"east": {"uv": [3.5, 0.75, 3, 1.25], "texture": "#0"},
				"south": {"uv": [3.5, 0.75, 3, 1.25], "texture": "#0"},
				"west": {"uv": [3.5, 0.75, 3, 1.25], "texture": "#0"},
				"up": {"uv": [3.5, 0.75, 3, 1.25], "rotation": 270, "texture": "#0"},
				"down": {"uv": [3.5, 0.75, 3, 1.25], "rotation": 90, "texture": "#0"}
			}
		}
	],
	"display": {
		"head": {
			"translation": [1.5, -14.5, 0],
			"scale": [1.6, 1.6, 1.6]
		}
	},
	"groups": [
		{
			"name": "Head",
			"origin": [0, 24, 0],
			"color": 0,
			"children": [0, 1, 2, 3, 4, 5, 6, 7]
		},
		{
			"name": "Body",
			"origin": [0, 24, 0],
			"color": 0,
			"children": [8, 9]
		},
		{
			"name": "RightArm",
			"origin": [5, 22, 0],
			"color": 0,
			"children": [10, 11,
				{
					"name": "RightArm",
					"origin": [5, 22, 0],
					"color": 0,
					"children": [12, 13]
				}
			]
		},
		{
			"name": "RightLeg",
			"origin": [1.9, 12, 0],
			"color": 0,
			"children": []
		},
		{
			"name": "LeftLeg",
			"origin": [-1.9, 12, 0],
			"color": 0,
			"children": []
		},
		{
			"name": "LeftArm",
			"origin": [5, 22, 0],
			"color": 0,
			"children": [14, 15, 16, 17, 18, 19, 20, 21, 22, 23,
				{
					"name": "LeftArmo",
					"origin": [5, 22, 0],
					"color": 0,
					"children": [24, 25]
				}
			]
		}, 26, 27, 28, 29, 30, 31, 32, 33, 34, 35, 36, 37, 38, 39, 40, 41, 42, 43, 44, 45]
}