{
	"credit": "Made with Blockbench",
	"texture_size": [64, 64],
	"textures": {
		"0": "nw:stand/skins/sun",
		"particle": "nw:stand/skins/sun"
	},
	"elements": [
		{
			"from": [5.5, 5.5, 5.5],
			"to": [10.5, 10.5, 10.5],
			"faces": {
				"north": {"uv": [5.5, 0, 9, 3.5], "texture": "#0"},
				"east": {"uv": [5.5, 0, 9, 3.5], "texture": "#0"},
				"south": {"uv": [5.5, 0, 9, 3.5], "texture": "#0"},
				"west": {"uv": [5.5, 0, 9, 3.5], "texture": "#0"},
				"up": {"uv": [9, 0, 12.5, 3.5], "texture": "#0"},
				"down": {"uv": [9, 0, 12.5, 3.5], "texture": "#0"}
			}
		},
		{
			"from": [-9, 8, -9],
			"to": [25, 8, 25],
			"rotation": {"angle": 0, "axis": "y", "origin": [9, 8, 8]},
			"faces": {
				"north": {"uv": [5.5, 0, 0, 0], "rotation": 180, "texture": "#0"},
				"east": {"uv": [0, 0, 0, 5.5], "rotation": 90, "texture": "#0"},
				"south": {"uv": [5.5, 0, 0, 0], "texture": "#0"},
				"west": {"uv": [0, 0, 0, 5.5], "rotation": 270, "texture": "#0"},
				"up": {"uv": [0, 5.5, 5.5, 11], "texture": "#0"},
				"down": {"uv": [0, 5.5, 5.5, 11], "rotation": 180, "texture": "#0"}
			}
		}
	],
	"display": {
		"head": {
			"translation": [0, 68.5, 0],
			"scale": [4, 4, 4]
		}
	},
	"groups": [
		{
			"name": "sun",
			"origin": [8, 8, 8],
			"color": 0,
			"children": [0, 1]
		}
	]
}