{
	"credit": "Made with Blockbench",
	"textures": {
		"0": "block/cauldron_inner",
		"1": "block/cauldron_side",
		"2": "block/magenta_concrete",
		"3": "block/magenta_shulker_box",
		"particle": "block/cauldron_inner"
	},
	"elements": [
		{
			"from": [3, 1, 3],
			"to": [13, 2, 13],
			"rotation": {"angle": 0, "axis": "y", "origin": [13, 9, 16]},
			"faces": {
				"north": {"uv": [1, 0, 14, 1], "texture": "#0"},
				"east": {"uv": [1, 0, 14, 1], "texture": "#0"},
				"south": {"uv": [1, 0, 14, 1], "texture": "#0"},
				"west": {"uv": [1, 0, 14, 1], "texture": "#0"},
				"up": {"uv": [2, 2, 14, 14], "texture": "#0"},
				"down": {"uv": [2, 2, 14, 14], "texture": "#0"}
			}
		},
		{
			"from": [17, -3.2, 3],
			"to": [20, -2.2, 13],
			"rotation": {"angle": -45, "axis": "z", "origin": [20, 4.8, 16]},
			"faces": {
				"north": {"uv": [1, 0, 14, 1], "texture": "#0"},
				"east": {"uv": [1, 0, 14, 1], "texture": "#0"},
				"south": {"uv": [1, 0, 14, 1], "texture": "#0"},
				"west": {"uv": [1, 0, 14, 1], "texture": "#0"},
				"up": {"uv": [3, 10, 13, 14], "rotation": 270, "texture": "#1"},
				"down": {"uv": [3, 10, 13, 14], "rotation": 270, "texture": "#1"}
			}
		},
		{
			"from": [1.83604, -0.94264, 3],
			"to": [2.83604, 2.05736, 13],
			"rotation": {"angle": -45, "axis": "z", "origin": [2.33604, 0.55736, 8]},
			"faces": {
				"north": {"uv": [1, 0, 14, 1], "rotation": 90, "texture": "#0"},
				"east": {"uv": [3, 10, 13, 14], "texture": "#1"},
				"south": {"uv": [1, 0, 14, 1], "rotation": 270, "texture": "#0"},
				"west": {"uv": [3, 10, 13, 14], "texture": "#1"},
				"up": {"uv": [1, 0, 14, 1], "rotation": 270, "texture": "#0"},
				"down": {"uv": [1, 0, 14, 1], "rotation": 270, "texture": "#0"}
			}
		},
		{
			"from": [3, -10.7, 16.9],
			"to": [13, -7.7, 17.9],
			"rotation": {"angle": -45, "axis": "x", "origin": [8, -8.7, 3.9]},
			"faces": {
				"north": {"uv": [3, 10, 13, 14], "texture": "#1"},
				"east": {"uv": [1, 0, 14, 1], "rotation": 270, "texture": "#0"},
				"south": {"uv": [3, 10, 13, 14], "texture": "#1"},
				"west": {"uv": [1, 0, 14, 1], "rotation": 90, "texture": "#0"},
				"up": {"uv": [1, 0, 14, 1], "rotation": 180, "texture": "#0"},
				"down": {"uv": [1, 0, 14, 1], "texture": "#0"}
			}
		},
		{
			"from": [3, 8.4, 6.2],
			"to": [13, 11.4, 7.2],
			"rotation": {"angle": 45, "axis": "x", "origin": [8, 10.5, -6.8]},
			"faces": {
				"north": {"uv": [3, 10, 13, 14], "texture": "#1"},
				"east": {"uv": [1, 0, 14, 1], "rotation": 270, "texture": "#0"},
				"south": {"uv": [3, 10, 13, 14], "texture": "#1"},
				"west": {"uv": [1, 0, 14, 1], "rotation": 90, "texture": "#0"},
				"up": {"uv": [1, 0, 14, 1], "rotation": 180, "texture": "#0"},
				"down": {"uv": [1, 0, 14, 1], "texture": "#0"}
			}
		},
		{
			"from": [4, 1.1, 4],
			"to": [12, 2.1, 5],
			"rotation": {"angle": 0, "axis": "y", "origin": [11, 9.1, 12]},
			"faces": {
				"north": {"uv": [3, 0, 13, 1], "texture": "#2"},
				"east": {"uv": [3, 0, 4, 1], "texture": "#2"},
				"south": {"uv": [3, 0, 13, 1], "texture": "#2"},
				"west": {"uv": [3, 0, 4, 1], "texture": "#2"},
				"up": {"uv": [3, 0, 13, 1], "texture": "#2"},
				"down": {"uv": [3, 0, 13, 1], "texture": "#2"}
			}
		},
		{
			"from": [4, 1.1, 11],
			"to": [12, 2.1, 12],
			"rotation": {"angle": 0, "axis": "y", "origin": [11, 9.1, 19]},
			"faces": {
				"north": {"uv": [3, 0, 13, 1], "texture": "#2"},
				"east": {"uv": [3, 0, 4, 1], "texture": "#2"},
				"south": {"uv": [3, 0, 13, 1], "texture": "#2"},
				"west": {"uv": [3, 0, 4, 1], "texture": "#2"},
				"up": {"uv": [3, 0, 13, 1], "texture": "#2"},
				"down": {"uv": [3, 0, 13, 1], "texture": "#2"}
			}
		},
		{
			"from": [11, 1.1, 5],
			"to": [12, 2.1, 11],
			"rotation": {"angle": 0, "axis": "y", "origin": [4, 9.1, 12]},
			"faces": {
				"north": {"uv": [3, 0, 4, 1], "texture": "#2"},
				"east": {"uv": [3, 0, 13, 1], "texture": "#2"},
				"south": {"uv": [3, 0, 4, 1], "texture": "#2"},
				"west": {"uv": [3, 0, 13, 1], "texture": "#2"},
				"up": {"uv": [3, 0, 13, 1], "rotation": 90, "texture": "#2"},
				"down": {"uv": [3, 0, 13, 1], "rotation": 270, "texture": "#2"}
			}
		},
		{
			"from": [4, 1.1, 5],
			"to": [5, 2.1, 11],
			"rotation": {"angle": 0, "axis": "y", "origin": [-3, 9.1, 12]},
			"faces": {
				"north": {"uv": [3, 0, 4, 1], "texture": "#2"},
				"east": {"uv": [3, 0, 13, 1], "texture": "#2"},
				"south": {"uv": [3, 0, 4, 1], "texture": "#2"},
				"west": {"uv": [3, 0, 13, 1], "texture": "#2"},
				"up": {"uv": [3, 0, 13, 1], "rotation": 90, "texture": "#2"},
				"down": {"uv": [3, 0, 13, 1], "rotation": 270, "texture": "#2"}
			}
		},
		{
			"from": [6, 1.1, 7],
			"to": [7, 2.1, 9],
			"rotation": {"angle": 0, "axis": "y", "origin": [-1, 9.1, 12]},
			"faces": {
				"north": {"uv": [3, 0, 4, 1], "texture": "#2"},
				"east": {"uv": [3, 0, 13, 1], "texture": "#2"},
				"south": {"uv": [3, 0, 4, 1], "texture": "#2"},
				"west": {"uv": [3, 0, 13, 1], "texture": "#2"},
				"up": {"uv": [5, 6, 7, 7], "rotation": 90, "texture": "#3"},
				"down": {"uv": [3, 0, 13, 1], "rotation": 270, "texture": "#2"}
			}
		},
		{
			"from": [9, 1.1, 7],
			"to": [10, 2.1, 9],
			"rotation": {"angle": 0, "axis": "y", "origin": [2, 9.1, 12]},
			"faces": {
				"north": {"uv": [3, 0, 4, 1], "texture": "#2"},
				"east": {"uv": [3, 0, 13, 1], "texture": "#2"},
				"south": {"uv": [3, 0, 4, 1], "texture": "#2"},
				"west": {"uv": [3, 0, 13, 1], "texture": "#2"},
				"up": {"uv": [5, 6, 7, 7], "rotation": 90, "texture": "#3"},
				"down": {"uv": [3, 0, 13, 1], "rotation": 270, "texture": "#2"}
			}
		},
		{
			"from": [6, 1.1, 6],
			"to": [10, 2.1, 7],
			"rotation": {"angle": 0, "axis": "y", "origin": [12, 9.1, 14]},
			"faces": {
				"north": {"uv": [3, 0, 13, 1], "texture": "#2"},
				"east": {"uv": [3, 0, 4, 1], "texture": "#2"},
				"south": {"uv": [3, 0, 13, 1], "texture": "#2"},
				"west": {"uv": [3, 0, 4, 1], "texture": "#2"},
				"up": {"uv": [5, 6, 9, 7], "texture": "#3"},
				"down": {"uv": [3, 0, 13, 1], "texture": "#2"}
			}
		},
		{
			"from": [6, 1.1, 9],
			"to": [10, 2.1, 10],
			"rotation": {"angle": 0, "axis": "y", "origin": [12, 9.1, 17]},
			"faces": {
				"north": {"uv": [3, 0, 13, 1], "texture": "#2"},
				"east": {"uv": [3, 0, 4, 1], "texture": "#2"},
				"south": {"uv": [3, 0, 13, 1], "texture": "#2"},
				"west": {"uv": [3, 0, 4, 1], "texture": "#2"},
				"up": {"uv": [5, 6, 9, 7], "texture": "#3"},
				"down": {"uv": [3, 0, 13, 1], "texture": "#2"}
			}
		}
	],
	"display": {
		"thirdperson_righthand": {
			"rotation": [75, 45, 0],
			"translation": [0, 2.5, 2],
			"scale": [0.375, 0.375, 0.375]
		},
		"thirdperson_lefthand": {
			"rotation": [75, 45, 0],
			"translation": [0, 2.5, 0],
			"scale": [0.375, 0.375, 0.375]
		},
		"firstperson_righthand": {
			"rotation": [0, 45, 0],
			"translation": [0, 3.75, 0],
			"scale": [0.4, 0.4, 0.4]
		},
		"firstperson_lefthand": {
			"rotation": [0, 225, 0],
			"translation": [0, 3.75, 0],
			"scale": [0.4, 0.4, 0.4]
		},
		"ground": {
			"translation": [0, 3, 0]
		},
		"gui": {
			"rotation": [30, 225, 0],
			"scale": [0.625, 0.625, 0.625]
		},
		"fixed": {
			"scale": [0.5, 0.5, 0.5]
		}
	},
	"groups": [0, 1, 2, 3, 4,
		{
			"name": "Purple",
			"origin": [12, 9.1, 17],
			"children": [5, 6, 7, 8, 9, 10, 11, 12]
		}
	]
}