{
	"credit": "Made with Blockbench",
	"texture_size": [32, 32],
	"textures": {
		"0": "gun/ar15.50/ar15.50",
		"particle": "gun/ar15.50/ar15.50"
	},
	"elements": [
		{
			"from": [7.6, 6.5, 20.8],
			"to": [8.4, 9.2, 21],
			"rotation": {"angle": 0, "axis": "y", "origin": [0, 0, 5]},
			"faces": {
				"north": {"uv": [5.5, 5.5, 5.875, 6.875], "texture": "#0"},
				"east": {"uv": [8.5, 3.5, 8.625, 4.875], "texture": "#0"},
				"south": {"uv": [2, 6, 2.375, 7.375], "texture": "#0"},
				"west": {"uv": [8.5, 6.5, 8.625, 7.875], "texture": "#0"},
				"up": {"uv": [11.875, 10.625, 11.5, 10.5], "texture": "#0"},
				"down": {"uv": [11.375, 11.5, 11, 11.625], "texture": "#0"}
			}
		},
		{
			"from": [11.61505, 3.71496, 20.8],
			"to": [12.01505, 4.31496, 21],
			"rotation": {"angle": 22.5, "axis": "z", "origin": [4.01505, -4.68504, 5]},
			"faces": {
				"north": {"uv": [11.5, 0, 11.6875, 0.3125], "texture": "#0"},
				"east": {"uv": [9, 12, 9.125, 12.3125], "texture": "#0"},
				"south": {"uv": [11.5, 0.5, 11.6875, 0.8125], "texture": "#0"},
				"west": {"uv": [12, 9, 12.125, 9.3125], "texture": "#0"},
				"up": {"uv": [1.6875, 13.125, 1.5, 13], "texture": "#0"},
				"down": {"uv": [13.1875, 1.5, 13, 1.625], "texture": "#0"}
			}
		},
		{
			"from": [3.98495, 3.71496, 20.8],
			"to": [4.38495, 4.31496, 21],
			"rotation": {"angle": -22.5, "axis": "z", "origin": [11.98495, -4.68504, 5]},
			"faces": {
				"north": {"uv": [11.5, 1, 11.6875, 1.3125], "texture": "#0"},
				"east": {"uv": [9.5, 12, 9.625, 12.3125], "texture": "#0"},
				"south": {"uv": [11.5, 1.5, 11.6875, 1.8125], "texture": "#0"},
				"west": {"uv": [12, 9.5, 12.125, 9.8125], "texture": "#0"},
				"up": {"uv": [2.1875, 13.125, 2, 13], "texture": "#0"},
				"down": {"uv": [2.6875, 13, 2.5, 13.125], "texture": "#0"}
			}
		},
		{
			"from": [7.8, 6, 20.8],
			"to": [8.2, 6.1, 21],
			"rotation": {"angle": 0, "axis": "y", "origin": [0, -0.3, 5]},
			"faces": {
				"north": {"uv": [4, 14, 4.1875, 14.0625], "texture": "#0"},
				"east": {"uv": [14.5, 1, 14.625, 1.0625], "texture": "#0"},
				"south": {"uv": [14, 4, 14.1875, 4.0625], "texture": "#0"},
				"west": {"uv": [1.5, 14.5, 1.625, 14.5625], "texture": "#0"},
				"up": {"uv": [13.1875, 2.625, 13, 2.5], "texture": "#0"},
				"down": {"uv": [3.1875, 13, 3, 13.125], "texture": "#0"}
			}
		},
		{
			"from": [3.98495, 3.71496, 20.5],
			"to": [4.38495, 4.31496, 20.8],
			"rotation": {"angle": -22.5, "axis": "z", "origin": [11.98495, -4.68504, 4.8]},
			"faces": {
				"north": {"uv": [11.5, 2, 11.6875, 2.3125], "texture": "#0"},
				"east": {"uv": [10, 12, 10.125, 12.3125], "texture": "#0"},
				"south": {"uv": [2.5, 11.5, 2.6875, 11.8125], "texture": "#0"},
				"west": {"uv": [12, 10, 12.125, 10.3125], "texture": "#0"},
				"up": {"uv": [13.1875, 3.125, 13, 3], "texture": "#0"},
				"down": {"uv": [3.6875, 13, 3.5, 13.125], "texture": "#0"}
			}
		},
		{
			"from": [11.61505, 3.71496, 20.5],
			"to": [12.01505, 4.31496, 20.8],
			"rotation": {"angle": 22.5, "axis": "z", "origin": [4.01505, -4.68504, 4.8]},
			"faces": {
				"north": {"uv": [11.5, 2.5, 11.6875, 2.8125], "texture": "#0"},
				"east": {"uv": [10.5, 12, 10.625, 12.3125], "texture": "#0"},
				"south": {"uv": [3, 11.5, 3.1875, 11.8125], "texture": "#0"},
				"west": {"uv": [12, 10.5, 12.125, 10.8125], "texture": "#0"},
				"up": {"uv": [13.1875, 3.625, 13, 3.5], "texture": "#0"},
				"down": {"uv": [4.1875, 13, 4, 13.125], "texture": "#0"}
			}
		},
		{
			"from": [7.6, 6.5, 20.5],
			"to": [8.4, 9.2, 20.8],
			"rotation": {"angle": 0, "axis": "y", "origin": [0, 0, 4.8]},
			"faces": {
				"north": {"uv": [2.5, 6, 2.875, 7.375], "texture": "#0"},
				"east": {"uv": [7.5, 8.5, 7.625, 9.875], "texture": "#0"},
				"south": {"uv": [6, 3.5, 6.375, 4.875], "texture": "#0"},
				"west": {"uv": [8.5, 8, 8.625, 9.375], "texture": "#0"},
				"up": {"uv": [11.875, 11.125, 11.5, 11], "texture": "#0"},
				"down": {"uv": [11.875, 11.5, 11.5, 11.625], "texture": "#0"}
			}
		},
		{
			"from": [7.8, 6, 20.5],
			"to": [8.2, 6.1, 20.8],
			"rotation": {"angle": 0, "axis": "y", "origin": [0, -0.3, 4.8]},
			"faces": {
				"north": {"uv": [4.5, 14, 4.6875, 14.0625], "texture": "#0"},
				"east": {"uv": [14.5, 1.5, 14.625, 1.5625], "texture": "#0"},
				"south": {"uv": [14, 4.5, 14.1875, 4.5625], "texture": "#0"},
				"west": {"uv": [2, 14.5, 2.125, 14.5625], "texture": "#0"},
				"up": {"uv": [13.1875, 4.125, 13, 4], "texture": "#0"},
				"down": {"uv": [4.6875, 13, 4.5, 13.125], "texture": "#0"}
			}
		},
		{
			"from": [7.8, 19.12965, 18.40223],
			"to": [8.2, 19.42965, 20.80223],
			"rotation": {"angle": 45, "axis": "x", "origin": [0, 12.92965, 4.80223]},
			"faces": {
				"north": {"uv": [13, 4.5, 13.1875, 4.625], "texture": "#0"},
				"east": {"uv": [4.5, 9, 5.6875, 9.125], "texture": "#0"},
				"south": {"uv": [5, 13, 5.1875, 13.125], "texture": "#0"},
				"west": {"uv": [9, 5, 10.1875, 5.125], "texture": "#0"},
				"up": {"uv": [7.1875, 9.1875, 7, 8], "texture": "#0"},
				"down": {"uv": [8.1875, 7.5, 8, 8.6875], "texture": "#0"}
			}
		},
		{
			"from": [7.6, 8.5, 16.6],
			"to": [8.4, 9.1, 20.5],
			"rotation": {"angle": 0, "axis": "y", "origin": [0, 0, 4.7]},
			"faces": {
				"north": {"uv": [2.5, 9.5, 2.875, 9.8125], "texture": "#0"},
				"east": {"uv": [5.5, 1.5, 7.4375, 1.8125], "texture": "#0"},
				"south": {"uv": [3, 9.5, 3.375, 9.8125], "texture": "#0"},
				"west": {"uv": [5.5, 2, 7.4375, 2.3125], "texture": "#0"},
				"up": {"uv": [1.375, 6.9375, 1, 5], "texture": "#0"},
				"down": {"uv": [1.875, 5, 1.5, 6.9375], "texture": "#0"}
			}
		},
		{
			"from": [7.6, 7.3, 19.4],
			"to": [8.4, 7.8, 20.5],
			"rotation": {"angle": 0, "axis": "y", "origin": [0, 0, 4.7]},
			"faces": {
				"north": {"uv": [7, 10, 7.375, 10.25], "texture": "#0"},
				"east": {"uv": [6, 9, 6.5625, 9.25], "texture": "#0"},
				"south": {"uv": [7.5, 10, 7.875, 10.25], "texture": "#0"},
				"west": {"uv": [9, 6.5, 9.5625, 6.75], "texture": "#0"},
				"up": {"uv": [0.875, 9.0625, 0.5, 8.5], "texture": "#0"},
				"down": {"uv": [1.375, 8.5, 1, 9.0625], "texture": "#0"}
			}
		},
		{
			"from": [7.6, 7.5, 18.9],
			"to": [8.4, 7.8, 19.4],
			"rotation": {"angle": 0, "axis": "y", "origin": [0, 0, 5.2]},
			"faces": {
				"north": {"uv": [0, 12, 0.375, 12.125], "texture": "#0"},
				"east": {"uv": [12.5, 11.5, 12.75, 11.625], "texture": "#0"},
				"south": {"uv": [12, 0, 12.375, 0.125], "texture": "#0"},
				"west": {"uv": [12, 12.5, 12.25, 12.625], "texture": "#0"},
				"up": {"uv": [8.375, 10.25, 8, 10], "texture": "#0"},
				"down": {"uv": [8.875, 10, 8.5, 10.25], "texture": "#0"}
			}
		},
		{
			"from": [7.6, 13.90969, 17.27085],
			"to": [8.4, 14.20969, 17.77085],
			"rotation": {"angle": 22.5, "axis": "x", "origin": [0, 6.50969, 1.97085]},
			"faces": {
				"north": {"uv": [0.5, 12, 0.875, 12.125], "texture": "#0"},
				"east": {"uv": [12.5, 12, 12.75, 12.125], "texture": "#0"},
				"south": {"uv": [12, 0.5, 12.375, 0.625], "texture": "#0"},
				"west": {"uv": [12.5, 12.5, 12.75, 12.625], "texture": "#0"},
				"up": {"uv": [10.375, 8.75, 10, 8.5], "texture": "#0"},
				"down": {"uv": [10.375, 9, 10, 9.25], "texture": "#0"}
			}
		},
		{
			"from": [7.6, 9.1, 20],
			"to": [8.4, 9.2, 20.5],
			"rotation": {"angle": 0, "axis": "y", "origin": [0, 0, 4.7]},
			"faces": {
				"north": {"uv": [13, 5, 13.375, 5.0625], "texture": "#0"},
				"east": {"uv": [13.5, 12, 13.75, 12.0625], "texture": "#0"},
				"south": {"uv": [5.5, 13, 5.875, 13.0625], "texture": "#0"},
				"west": {"uv": [12.5, 13.5, 12.75, 13.5625], "texture": "#0"},
				"up": {"uv": [9.875, 10.25, 9.5, 10], "texture": "#0"},
				"down": {"uv": [10.375, 10, 10, 10.25], "texture": "#0"}
			}
		},
		{
			"from": [7.8, 7.8, 20.3],
			"to": [8.2, 8.5, 20.5],
			"rotation": {"angle": 0, "axis": "y", "origin": [0, 0, 4.8]},
			"faces": {
				"north": {"uv": [11, 3, 11.1875, 3.375], "texture": "#0"},
				"east": {"uv": [1, 12, 1.125, 12.375], "texture": "#0"},
				"south": {"uv": [3.5, 11, 3.6875, 11.375], "texture": "#0"},
				"west": {"uv": [12, 1, 12.125, 1.375], "texture": "#0"},
				"up": {"uv": [13.1875, 5.625, 13, 5.5], "texture": "#0"},
				"down": {"uv": [6.1875, 13, 6, 13.125], "texture": "#0"}
			}
		},
		{
			"from": [7.8, 8.1, 19.3],
			"to": [8.2, 8.5, 20.3],
			"rotation": {"angle": 0, "axis": "y", "origin": [0, 0, 4.8]},
			"faces": {
				"north": {"uv": [4, 12.5, 4.1875, 12.6875], "texture": "#0"},
				"east": {"uv": [0, 10.5, 0.5, 10.6875], "texture": "#0"},
				"south": {"uv": [12.5, 4, 12.6875, 4.1875], "texture": "#0"},
				"west": {"uv": [0.5, 10.5, 1, 10.6875], "texture": "#0"},
				"up": {"uv": [1.1875, 11, 1, 10.5], "texture": "#0"},
				"down": {"uv": [1.6875, 10.5, 1.5, 11], "texture": "#0"}
			}
		},
		{
			"from": [7.8, 7.8, 16.6],
			"to": [8.2, 8.5, 19.3],
			"rotation": {"angle": 0, "axis": "y", "origin": [0, 0, 4.8]},
			"faces": {
				"north": {"uv": [4, 11, 4.1875, 11.375], "texture": "#0"},
				"east": {"uv": [6, 5, 7.375, 5.375], "texture": "#0"},
				"south": {"uv": [11, 4, 11.1875, 4.375], "texture": "#0"},
				"west": {"uv": [6, 5.5, 7.375, 5.875], "texture": "#0"},
				"up": {"uv": [4.6875, 8.875, 4.5, 7.5], "texture": "#0"},
				"down": {"uv": [5.1875, 7.5, 5, 8.875], "texture": "#0"}
			}
		},
		{
			"from": [7.8, 7.4, 17.4],
			"to": [8.2, 7.8, 19],
			"rotation": {"angle": 0, "axis": "y", "origin": [0, 0, 4.8]},
			"faces": {
				"north": {"uv": [4.5, 12.5, 4.6875, 12.6875], "texture": "#0"},
				"east": {"uv": [9, 2.5, 9.8125, 2.6875], "texture": "#0"},
				"south": {"uv": [12.5, 4.5, 12.6875, 4.6875], "texture": "#0"},
				"west": {"uv": [3, 9, 3.8125, 9.1875], "texture": "#0"},
				"up": {"uv": [9.1875, 3.8125, 9, 3], "texture": "#0"},
				"down": {"uv": [9.1875, 4, 9, 4.8125], "texture": "#0"}
			}
		},
		{
			"from": [7.8, 13.3974, 14.74905],
			"to": [8.2, 13.7974, 15.64905],
			"rotation": {"angle": 22.5, "axis": "x", "origin": [0, 5.9974, 1.44905]},
			"faces": {
				"north": {"uv": [5, 12.5, 5.1875, 12.6875], "texture": "#0"},
				"east": {"uv": [10.5, 4, 10.9375, 4.1875], "texture": "#0"},
				"south": {"uv": [12.5, 5, 12.6875, 5.1875], "texture": "#0"},
				"west": {"uv": [4.5, 10.5, 4.9375, 10.6875], "texture": "#0"},
				"up": {"uv": [10.6875, 4.9375, 10.5, 4.5], "texture": "#0"},
				"down": {"uv": [5.1875, 10.5, 5, 10.9375], "texture": "#0"}
			}
		},
		{
			"from": [7.7, 8.5, 14.4],
			"to": [8.3, 9.1, 16.6],
			"rotation": {"angle": 0, "axis": "y", "origin": [0, 0, 4.8]},
			"faces": {
				"north": {"uv": [10, 4, 10.3125, 4.3125], "texture": "#0"},
				"east": {"uv": [7, 0.5, 8.125, 0.8125], "texture": "#0"},
				"south": {"uv": [10, 4.5, 10.3125, 4.8125], "texture": "#0"},
				"west": {"uv": [7, 1, 8.125, 1.3125], "texture": "#0"},
				"up": {"uv": [1.3125, 8.125, 1, 7], "texture": "#0"},
				"down": {"uv": [1.8125, 7, 1.5, 8.125], "texture": "#0"}
			}
		},
		{
			"from": [7.8, 8.1, 16.1],
			"to": [8.2, 8.5, 16.6],
			"rotation": {"angle": 0, "axis": "y", "origin": [0, 0, 4.8]},
			"faces": {
				"north": {"uv": [5.5, 12.5, 5.6875, 12.6875], "texture": "#0"},
				"east": {"uv": [1.5, 12, 1.75, 12.1875], "texture": "#0"},
				"south": {"uv": [12.5, 5.5, 12.6875, 5.6875], "texture": "#0"},
				"west": {"uv": [12, 1.5, 12.25, 1.6875], "texture": "#0"},
				"up": {"uv": [2.1875, 12.25, 2, 12], "texture": "#0"},
				"down": {"uv": [12.1875, 2, 12, 2.25], "texture": "#0"}
			}
		},
		{
			"from": [7.8, 18.8163, 13.22858],
			"to": [8.2, 19.2163, 13.82858],
			"rotation": {"angle": 45, "axis": "x", "origin": [0, 10.7163, 2.02858]},
			"faces": {
				"north": {"uv": [6, 12.5, 6.1875, 12.6875], "texture": "#0"},
				"east": {"uv": [11.5, 3, 11.8125, 3.1875], "texture": "#0"},
				"south": {"uv": [6.5, 12.5, 6.6875, 12.6875], "texture": "#0"},
				"west": {"uv": [3.5, 11.5, 3.8125, 11.6875], "texture": "#0"},
				"up": {"uv": [4.1875, 11.8125, 4, 11.5], "texture": "#0"},
				"down": {"uv": [11.6875, 4, 11.5, 4.3125], "texture": "#0"}
			}
		},
		{
			"from": [7.6, 7.9, 13.6],
			"to": [8.4, 9.1, 14.4],
			"rotation": {"angle": 0, "axis": "y", "origin": [0, 0, 4.8]},
			"faces": {
				"north": {"uv": [7.5, 7.5, 7.875, 8.125], "texture": "#0"},
				"east": {"uv": [8, 1.5, 8.375, 2.125], "texture": "#0"},
				"south": {"uv": [8, 3.5, 8.375, 4.125], "texture": "#0"},
				"west": {"uv": [8, 4.5, 8.375, 5.125], "texture": "#0"},
				"up": {"uv": [9.375, 7.375, 9, 7], "texture": "#0"},
				"down": {"uv": [9.375, 7.5, 9, 7.875], "texture": "#0"}
			}
		},
		{
			"from": [7.6, 7.9, 8.9],
			"to": [8.4, 8.3, 13.6],
			"rotation": {"angle": 0, "axis": "y", "origin": [0, 0, 4.8]},
			"faces": {
				"north": {"uv": [2.5, 11, 2.875, 11.1875], "texture": "#0"},
				"east": {"uv": [6.5, 2.5, 8.875, 2.6875], "texture": "#0"},
				"south": {"uv": [3, 11, 3.375, 11.1875], "texture": "#0"},
				"west": {"uv": [6.5, 3, 8.875, 3.1875], "texture": "#0"},
				"up": {"uv": [2.375, 5.875, 2, 3.5], "texture": "#0"},
				"down": {"uv": [2.875, 3.5, 2.5, 5.875], "texture": "#0"}
			}
		},
		{
			"from": [7.6, 8.3, 9.3],
			"to": [8.4, 8.6, 11.2],
			"rotation": {"angle": 0, "axis": "y", "origin": [0, 0, 4.8]},
			"faces": {
				"north": {"uv": [2.5, 12, 2.875, 12.125], "texture": "#0"},
				"east": {"uv": [9.5, 3, 10.4375, 3.125], "texture": "#0"},
				"south": {"uv": [12, 2.5, 12.375, 2.625], "texture": "#0"},
				"west": {"uv": [3.5, 9.5, 4.4375, 9.625], "texture": "#0"},
				"up": {"uv": [5.875, 7.9375, 5.5, 7], "texture": "#0"},
				"down": {"uv": [6.375, 7, 6, 7.9375], "texture": "#0"}
			}
		},
		{
			"from": [7.7, 8.3, 8.9],
			"to": [8.3, 9, 13.6],
			"rotation": {"angle": 0, "axis": "y", "origin": [0, 0, 4.8]},
			"faces": {
				"north": {"uv": [9.5, 3.5, 9.8125, 3.875], "texture": "#0"},
				"east": {"uv": [3, 1.5, 5.375, 1.875], "texture": "#0"},
				"south": {"uv": [9.5, 4, 9.8125, 4.375], "texture": "#0"},
				"west": {"uv": [3, 2, 5.375, 2.375], "texture": "#0"},
				"up": {"uv": [4.3125, 6.375, 4, 4], "texture": "#0"},
				"down": {"uv": [4.8125, 4, 4.5, 6.375], "texture": "#0"}
			}
		},
		{
			"from": [7.6, 7.3, 8.9],
			"to": [8.4, 7.9, 13.3],
			"rotation": {"angle": 0, "axis": "y", "origin": [0, 0, 4.8]},
			"faces": {
				"north": {"uv": [4.5, 9.5, 4.875, 9.8125], "texture": "#0"},
				"east": {"uv": [4, 2.5, 6.1875, 2.8125], "texture": "#0"},
				"south": {"uv": [9.5, 4.5, 9.875, 4.8125], "texture": "#0"},
				"west": {"uv": [4, 3, 6.1875, 3.3125], "texture": "#0"},
				"up": {"uv": [3.375, 6.1875, 3, 4], "texture": "#0"},
				"down": {"uv": [3.875, 4, 3.5, 6.1875], "texture": "#0"}
			}
		},
		{
			"from": [7.6, 6.4, 9.4],
			"to": [8.4, 7.3, 11],
			"rotation": {"angle": 0, "axis": "y", "origin": [0, 0, 4.8]},
			"faces": {
				"north": {"uv": [8, 0, 8.375, 0.4375], "texture": "#0"},
				"east": {"uv": [6.5, 4.5, 7.3125, 4.9375], "texture": "#0"},
				"south": {"uv": [8.5, 2, 8.875, 2.4375], "texture": "#0"},
				"west": {"uv": [7, 0, 7.8125, 0.4375], "texture": "#0"},
				"up": {"uv": [2.375, 8.3125, 2, 7.5], "texture": "#0"},
				"down": {"uv": [2.875, 7.5, 2.5, 8.3125], "texture": "#0"}
			}
		},
		{
			"from": [7.7, 4.1, 9.5],
			"to": [8.3, 7.1, 10.9],
			"rotation": {"angle": 0, "axis": "y", "origin": [0, 0, 4.8]},
			"faces": {
				"north": {"uv": [5, 6, 5.3125, 7.5], "texture": "#0"},
				"east": {"uv": [0, 0, 0.6875, 1.5], "texture": "#0"},
				"south": {"uv": [6.5, 0, 6.8125, 1.5], "texture": "#0"},
				"west": {"uv": [1, 0, 1.6875, 1.5], "texture": "#0"},
				"up": {"uv": [0.3125, 9.1875, 0, 8.5], "texture": "#0"},
				"down": {"uv": [8.8125, 0, 8.5, 0.6875], "texture": "#0"}
			}
		},
		{
			"from": [7.6, 6.39756, 19.72132],
			"to": [8.4, 6.89756, 20.62132],
			"rotation": {"angle": -45, "axis": "x", "origin": [0, -0.90244, 15.42132]},
			"faces": {
				"north": {"uv": [2, 10.5, 2.375, 10.75], "texture": "#0"},
				"east": {"uv": [10, 2, 10.4375, 2.25], "texture": "#0"},
				"south": {"uv": [10.5, 2, 10.875, 2.25], "texture": "#0"},
				"west": {"uv": [10, 2.5, 10.4375, 2.75], "texture": "#0"},
				"up": {"uv": [8.875, 5.4375, 8.5, 5], "texture": "#0"},
				"down": {"uv": [9.375, 0, 9, 0.4375], "texture": "#0"}
			}
		},
		{
			"from": [7.7, 6.6, 12.3],
			"to": [8.3, 7.3, 12.4],
			"rotation": {"angle": 0, "axis": "y", "origin": [0, 0, 4.7]},
			"faces": {
				"north": {"uv": [5, 9.5, 5.3125, 9.875], "texture": "#0"},
				"east": {"uv": [13, 6, 13.0625, 6.375], "texture": "#0"},
				"south": {"uv": [5.5, 9.5, 5.8125, 9.875], "texture": "#0"},
				"west": {"uv": [6.5, 13, 6.5625, 13.375], "texture": "#0"},
				"up": {"uv": [13.8125, 3.5625, 13.5, 3.5], "texture": "#0"},
				"down": {"uv": [4.3125, 13.5, 4, 13.5625], "texture": "#0"}
			}
		},
		{
			"from": [7.7, 6.6, 12.1],
			"to": [8.3, 6.7, 12.3],
			"rotation": {"angle": 0, "axis": "y", "origin": [0, 0, 4.7]},
			"faces": {
				"north": {"uv": [13.5, 4, 13.8125, 4.0625], "texture": "#0"},
				"east": {"uv": [14.5, 2, 14.625, 2.0625], "texture": "#0"},
				"south": {"uv": [4.5, 13.5, 4.8125, 13.5625], "texture": "#0"},
				"west": {"uv": [2.5, 14.5, 2.625, 14.5625], "texture": "#0"},
				"up": {"uv": [11.3125, 12.125, 11, 12], "texture": "#0"},
				"down": {"uv": [12.3125, 11, 12, 11.125], "texture": "#0"}
			}
		},
		{
			"from": [7.7, 4.27815, 15.22727],
			"to": [8.3, 4.37815, 15.52727],
			"rotation": {"angle": -22.5, "axis": "x", "origin": [0, -2.32185, 7.82727]},
			"faces": {
				"north": {"uv": [13.5, 4.5, 13.8125, 4.5625], "texture": "#0"},
				"east": {"uv": [14.5, 2.5, 14.625, 2.5625], "texture": "#0"},
				"south": {"uv": [5, 13.5, 5.3125, 13.5625], "texture": "#0"},
				"west": {"uv": [3, 14.5, 3.125, 14.5625], "texture": "#0"},
				"up": {"uv": [11.8125, 12.125, 11.5, 12], "texture": "#0"},
				"down": {"uv": [12.3125, 11.5, 12, 11.625], "texture": "#0"}
			}
		},
		{
			"from": [7.7, 1.07815, 17.72727],
			"to": [8.3, 1.47815, 17.82727],
			"rotation": {"angle": -45, "axis": "x", "origin": [0, -2.32185, 7.82727]},
			"faces": {
				"north": {"uv": [4.5, 11.5, 4.8125, 11.6875], "texture": "#0"},
				"east": {"uv": [5, 14, 5.0625, 14.1875], "texture": "#0"},
				"south": {"uv": [11.5, 4.5, 11.8125, 4.6875], "texture": "#0"},
				"west": {"uv": [14, 5, 14.0625, 5.1875], "texture": "#0"},
				"up": {"uv": [13.8125, 5.0625, 13.5, 5], "texture": "#0"},
				"down": {"uv": [5.8125, 13.5, 5.5, 13.5625], "texture": "#0"}
			}
		},
		{
			"from": [7.7, 4.27815, 7.87273],
			"to": [8.3, 4.37815, 8.17273],
			"rotation": {"angle": 22.5, "axis": "x", "origin": [0, -2.32185, 15.57273]},
			"faces": {
				"north": {"uv": [13.5, 5.5, 13.8125, 5.5625], "texture": "#0"},
				"east": {"uv": [14.5, 3, 14.625, 3.0625], "texture": "#0"},
				"south": {"uv": [6, 13.5, 6.3125, 13.5625], "texture": "#0"},
				"west": {"uv": [3.5, 14.5, 3.625, 14.5625], "texture": "#0"},
				"up": {"uv": [12.3125, 12.125, 12, 12], "texture": "#0"},
				"down": {"uv": [0.3125, 12.5, 0, 12.625], "texture": "#0"}
			}
		},
		{
			"from": [7.7, 6.6, 11.1],
			"to": [8.3, 6.7, 11.3],
			"rotation": {"angle": 0, "axis": "y", "origin": [0, 0, 18.7]},
			"faces": {
				"north": {"uv": [13.5, 6, 13.8125, 6.0625], "texture": "#0"},
				"east": {"uv": [14.5, 3.5, 14.625, 3.5625], "texture": "#0"},
				"south": {"uv": [6.5, 13.5, 6.8125, 13.5625], "texture": "#0"},
				"west": {"uv": [4, 14.5, 4.125, 14.5625], "texture": "#0"},
				"up": {"uv": [12.8125, 0.125, 12.5, 0], "texture": "#0"},
				"down": {"uv": [0.8125, 12.5, 0.5, 12.625], "texture": "#0"}
			}
		},
		{
			"from": [7.7, 6.6, 11],
			"to": [8.3, 7.3, 11.1],
			"rotation": {"angle": 0, "axis": "y", "origin": [0, 0, 18.7]},
			"faces": {
				"north": {"uv": [9.5, 5.5, 9.8125, 5.875], "texture": "#0"},
				"east": {"uv": [13, 6.5, 13.0625, 6.875], "texture": "#0"},
				"south": {"uv": [6, 9.5, 6.3125, 9.875], "texture": "#0"},
				"west": {"uv": [7, 13, 7.0625, 13.375], "texture": "#0"},
				"up": {"uv": [13.8125, 6.5625, 13.5, 6.5], "texture": "#0"},
				"down": {"uv": [7.3125, 13.5, 7, 13.5625], "texture": "#0"}
			}
		},
		{
			"from": [7.7, 1.07815, 5.57273],
			"to": [8.3, 1.47815, 5.67273],
			"rotation": {"angle": 45, "axis": "x", "origin": [0, -2.32185, 15.57273]},
			"faces": {
				"north": {"uv": [5, 11.5, 5.3125, 11.6875], "texture": "#0"},
				"east": {"uv": [5.5, 14, 5.5625, 14.1875], "texture": "#0"},
				"south": {"uv": [5.5, 11.5, 5.8125, 11.6875], "texture": "#0"},
				"west": {"uv": [14, 5.5, 14.0625, 5.6875], "texture": "#0"},
				"up": {"uv": [13.8125, 7.0625, 13.5, 7], "texture": "#0"},
				"down": {"uv": [7.8125, 13.5, 7.5, 13.5625], "texture": "#0"}
			}
		},
		{
			"from": [7.8, 6.6, 11.3],
			"to": [8.2, 6.7, 12.1],
			"rotation": {"angle": 0, "axis": "y", "origin": [0, 0, 4.7]},
			"faces": {
				"north": {"uv": [6, 14, 6.1875, 14.0625], "texture": "#0"},
				"east": {"uv": [13, 7, 13.375, 7.0625], "texture": "#0"},
				"south": {"uv": [14, 6, 14.1875, 6.0625], "texture": "#0"},
				"west": {"uv": [7.5, 13, 7.875, 13.0625], "texture": "#0"},
				"up": {"uv": [4.6875, 11.375, 4.5, 11], "texture": "#0"},
				"down": {"uv": [11.1875, 4.5, 11, 4.875], "texture": "#0"}
			}
		},
		{
			"from": [7.6, 6.6, 12.4],
			"to": [8.4, 7.3, 13.3],
			"rotation": {"angle": 0, "axis": "y", "origin": [0, 0, 4.8]},
			"faces": {
				"north": {"uv": [8, 9, 8.375, 9.375], "texture": "#0"},
				"east": {"uv": [9, 0.5, 9.4375, 0.875], "texture": "#0"},
				"south": {"uv": [9, 8, 9.375, 8.375], "texture": "#0"},
				"west": {"uv": [9, 1, 9.4375, 1.375], "texture": "#0"},
				"up": {"uv": [9.375, 1.9375, 9, 1.5], "texture": "#0"},
				"down": {"uv": [9.375, 2, 9, 2.4375], "texture": "#0"}
			}
		},
		{
			"from": [7.6, 2.50902, 15.97972],
			"to": [8.4, 4.30902, 16.77972],
			"rotation": {"angle": -22.5, "axis": "x", "origin": [0, -3.09098, 8.17972]},
			"faces": {
				"north": {"uv": [7, 6, 7.375, 6.875], "texture": "#0"},
				"east": {"uv": [6.5, 7, 6.875, 7.875], "texture": "#0"},
				"south": {"uv": [7, 7, 7.375, 7.875], "texture": "#0"},
				"west": {"uv": [0, 7.5, 0.375, 8.375], "texture": "#0"},
				"up": {"uv": [9.375, 8.875, 9, 8.5], "texture": "#0"},
				"down": {"uv": [9.375, 9, 9, 9.375], "texture": "#0"}
			}
		},
		{
			"from": [7.6, 2.50902, 15.77972],
			"to": [8.4, 2.70902, 15.97972],
			"rotation": {"angle": -22.5, "axis": "x", "origin": [0, -3.09098, 8.17972]},
			"faces": {
				"north": {"uv": [3, 12, 3.375, 12.125], "texture": "#0"},
				"east": {"uv": [13.5, 12.5, 13.625, 12.625], "texture": "#0"},
				"south": {"uv": [12, 3, 12.375, 3.125], "texture": "#0"},
				"west": {"uv": [13, 13.5, 13.125, 13.625], "texture": "#0"},
				"up": {"uv": [3.875, 12.125, 3.5, 12], "texture": "#0"},
				"down": {"uv": [12.375, 3.5, 12, 3.625], "texture": "#0"}
			}
		},
		{
			"from": [7.6, 3.40902, 15.87972],
			"to": [8.4, 3.60902, 15.97972],
			"rotation": {"angle": -22.5, "axis": "x", "origin": [0, -3.09098, 8.17972]},
			"faces": {
				"north": {"uv": [4, 12, 4.375, 12.125], "texture": "#0"},
				"east": {"uv": [14.5, 4, 14.5625, 4.125], "texture": "#0"},
				"south": {"uv": [12, 4, 12.375, 4.125], "texture": "#0"},
				"west": {"uv": [4.5, 14.5, 4.5625, 14.625], "texture": "#0"},
				"up": {"uv": [13.375, 7.5625, 13, 7.5], "texture": "#0"},
				"down": {"uv": [8.375, 13, 8, 13.0625], "texture": "#0"}
			}
		},
		{
			"from": [7.6, 1.62309, 20.0447],
			"to": [8.4, 2.82309, 20.8447],
			"rotation": {"angle": -45, "axis": "x", "origin": [0, -4.27691, 12.4447]},
			"faces": {
				"north": {"uv": [5.5, 8, 5.875, 8.625], "texture": "#0"},
				"east": {"uv": [6, 8, 6.375, 8.625], "texture": "#0"},
				"south": {"uv": [6.5, 8, 6.875, 8.625], "texture": "#0"},
				"west": {"uv": [8, 6.5, 8.375, 7.125], "texture": "#0"},
				"up": {"uv": [0.375, 9.875, 0, 9.5], "texture": "#0"},
				"down": {"uv": [9.875, 0, 9.5, 0.375], "texture": "#0"}
			}
		},
		{
			"from": [7.6, 2.50902, 16.77972],
			"to": [8.4, 2.90902, 17.17972],
			"rotation": {"angle": -22.5, "axis": "x", "origin": [0, -3.09098, 8.17972]},
			"faces": {
				"north": {"uv": [5, 11, 5.375, 11.1875], "texture": "#0"},
				"east": {"uv": [12.5, 6.5, 12.6875, 6.6875], "texture": "#0"},
				"south": {"uv": [5.5, 11, 5.875, 11.1875], "texture": "#0"},
				"west": {"uv": [12.5, 7, 12.6875, 7.1875], "texture": "#0"},
				"up": {"uv": [11.375, 5.6875, 11, 5.5], "texture": "#0"},
				"down": {"uv": [6.375, 11, 6, 11.1875], "texture": "#0"}
			}
		},
		{
			"from": [7.8, 9, 8.9],
			"to": [8.2, 9.6, 13.6],
			"rotation": {"angle": 0, "axis": "y", "origin": [0, 0, 4.8]},
			"faces": {
				"north": {"uv": [11.5, 5.5, 11.6875, 5.8125], "texture": "#0"},
				"east": {"uv": [4, 0.5, 6.375, 0.8125], "texture": "#0"},
				"south": {"uv": [6, 11.5, 6.1875, 11.8125], "texture": "#0"},
				"west": {"uv": [4, 1, 6.375, 1.3125], "texture": "#0"},
				"up": {"uv": [3.1875, 8.875, 3, 6.5], "texture": "#0"},
				"down": {"uv": [3.6875, 6.5, 3.5, 8.875], "texture": "#0"}
			}
		},
		{
			"from": [7.7, 9.4, 9],
			"to": [8.3, 9.7, 13],
			"rotation": {"angle": 0, "axis": "y", "origin": [0, 0, 4.8]},
			"faces": {
				"north": {"uv": [12.5, 0.5, 12.8125, 0.625], "texture": "#0"},
				"east": {"uv": [7.5, 5.5, 9.5, 5.625], "texture": "#0"},
				"south": {"uv": [1, 12.5, 1.3125, 12.625], "texture": "#0"},
				"west": {"uv": [7.5, 6, 9.5, 6.125], "texture": "#0"},
				"up": {"uv": [5.3125, 6, 5, 4], "texture": "#0"},
				"down": {"uv": [5.8125, 3.5, 5.5, 5.5], "texture": "#0"}
			}
		},
		{
			"from": [7.8, 9.7, 9],
			"to": [8.2, 10.2, 9.2],
			"rotation": {"angle": 0, "axis": "y", "origin": [0, 0, 4.8]},
			"faces": {
				"north": {"uv": [4.5, 12, 4.6875, 12.25], "texture": "#0"},
				"east": {"uv": [0, 13, 0.125, 13.25], "texture": "#0"},
				"south": {"uv": [12, 4.5, 12.1875, 4.75], "texture": "#0"},
				"west": {"uv": [13, 0, 13.125, 0.25], "texture": "#0"},
				"up": {"uv": [13.1875, 8.125, 13, 8], "texture": "#0"},
				"down": {"uv": [8.6875, 13, 8.5, 13.125], "texture": "#0"}
			}
		},
		{
			"from": [7.8, 9.7, 12.2],
			"to": [8.2, 10.3, 12.6],
			"rotation": {"angle": 0, "axis": "y", "origin": [0, 0, 4.8]},
			"faces": {
				"north": {"uv": [11.5, 6, 11.6875, 6.3125], "texture": "#0"},
				"east": {"uv": [6.5, 11.5, 6.6875, 11.8125], "texture": "#0"},
				"south": {"uv": [11.5, 6.5, 11.6875, 6.8125], "texture": "#0"},
				"west": {"uv": [7.5, 11.5, 7.6875, 11.8125], "texture": "#0"},
				"up": {"uv": [7.6875, 12.6875, 7.5, 12.5], "texture": "#0"},
				"down": {"uv": [8.1875, 12.5, 8, 12.6875], "texture": "#0"}
			}
		},
		{
			"from": [7.8, 10.2, 9],
			"to": [8.2, 10.3, 12.2],
			"rotation": {"angle": 0, "axis": "y", "origin": [0, 0, 4.8]},
			"faces": {
				"north": {"uv": [6.5, 14, 6.6875, 14.0625], "texture": "#0"},
				"east": {"uv": [10, 3.5, 11.625, 3.5625], "texture": "#0"},
				"south": {"uv": [14, 6.5, 14.1875, 6.5625], "texture": "#0"},
				"west": {"uv": [4, 10, 5.625, 10.0625], "texture": "#0"},
				"up": {"uv": [7.6875, 5.125, 7.5, 3.5], "texture": "#0"},
				"down": {"uv": [4.1875, 7.5, 4, 9.125], "texture": "#0"}
			}
		},
		{
			"from": [7.8, 10.3, 12.2],
			"to": [7.85, 10.7, 12.6],
			"rotation": {"angle": 0, "axis": "y", "origin": [0, 0, 4.8]},
			"faces": {
				"north": {"uv": [7, 14, 7.0625, 14.1875], "texture": "#0"},
				"east": {"uv": [12.5, 8, 12.6875, 8.1875], "texture": "#0"},
				"south": {"uv": [14, 7, 14.0625, 7.1875], "texture": "#0"},
				"west": {"uv": [12.5, 8.5, 12.6875, 8.6875], "texture": "#0"},
				"up": {"uv": [7.5625, 14.1875, 7.5, 14], "texture": "#0"},
				"down": {"uv": [14.0625, 7.5, 14, 7.6875], "texture": "#0"}
			}
		},
		{
			"from": [7.8, 10.3, 9.6],
			"to": [7.85, 10.4, 12.2],
			"rotation": {"angle": 0, "axis": "y", "origin": [0, 0, 4.8]},
			"faces": {
				"north": {"uv": [14.5, 8.5, 14.5625, 8.5625], "texture": "#0"},
				"east": {"uv": [10.5, 5, 11.8125, 5.0625], "texture": "#0"},
				"south": {"uv": [9, 14.5, 9.0625, 14.5625], "texture": "#0"},
				"west": {"uv": [5.5, 10.5, 6.8125, 10.5625], "texture": "#0"},
				"up": {"uv": [10.5625, 6.8125, 10.5, 5.5], "texture": "#0"},
				"down": {"uv": [7.0625, 10.5, 7, 11.8125], "texture": "#0"}
			}
		},
		{
			"from": [7.8, 10.4, 10.2],
			"to": [7.85, 10.5, 12.2],
			"rotation": {"angle": 0, "axis": "y", "origin": [0, 0, 4.8]},
			"faces": {
				"north": {"uv": [14.5, 9, 14.5625, 9.0625], "texture": "#0"},
				"east": {"uv": [11, 7.5, 12, 7.5625], "texture": "#0"},
				"south": {"uv": [9.5, 14.5, 9.5625, 14.5625], "texture": "#0"},
				"west": {"uv": [8, 11, 9, 11.0625], "texture": "#0"},
				"up": {"uv": [11.0625, 9, 11, 8], "texture": "#0"},
				"down": {"uv": [11.0625, 9, 11, 10], "texture": "#0"}
			}
		},
		{
			"from": [7.8, 10.5, 10.8],
			"to": [7.85, 10.6, 12.2],
			"rotation": {"angle": 0, "axis": "y", "origin": [0, 0, 4.8]},
			"faces": {
				"north": {"uv": [14.5, 9.5, 14.5625, 9.5625], "texture": "#0"},
				"east": {"uv": [6, 12, 6.6875, 12.0625], "texture": "#0"},
				"south": {"uv": [10, 14.5, 10.0625, 14.5625], "texture": "#0"},
				"west": {"uv": [12, 6, 12.6875, 6.0625], "texture": "#0"},
				"up": {"uv": [12.0625, 7.1875, 12, 6.5], "texture": "#0"},
				"down": {"uv": [7.0625, 12, 7, 12.6875], "texture": "#0"}
			}
		},
		{
			"from": [7.8, 10.6, 11.4],
			"to": [7.85, 10.7, 12.2],
			"rotation": {"angle": 0, "axis": "y", "origin": [0, 0, 4.8]},
			"faces": {
				"north": {"uv": [14.5, 10, 14.5625, 10.0625], "texture": "#0"},
				"east": {"uv": [13, 8.5, 13.375, 8.5625], "texture": "#0"},
				"south": {"uv": [10.5, 14.5, 10.5625, 14.5625], "texture": "#0"},
				"west": {"uv": [9, 13, 9.375, 13.0625], "texture": "#0"},
				"up": {"uv": [13.0625, 9.375, 13, 9], "texture": "#0"},
				"down": {"uv": [9.5625, 13, 9.5, 13.375], "texture": "#0"}
			}
		},
		{
			"from": [8.15, 10.6, 11.4],
			"to": [8.2, 10.7, 12.2],
			"rotation": {"angle": 0, "axis": "y", "origin": [16, 0, 4.8]},
			"faces": {
				"north": {"uv": [14.5, 10.5, 14.5625, 10.5625], "texture": "#0"},
				"east": {"uv": [13, 9.5, 13.375, 9.5625], "texture": "#0"},
				"south": {"uv": [11, 14.5, 11.0625, 14.5625], "texture": "#0"},
				"west": {"uv": [10, 13, 10.375, 13.0625], "texture": "#0"},
				"up": {"uv": [13.0625, 10.375, 13, 10], "texture": "#0"},
				"down": {"uv": [13.0625, 10.5, 13, 10.875], "texture": "#0"}
			}
		},
		{
			"from": [8.15, 10.5, 10.8],
			"to": [8.2, 10.6, 12.2],
			"rotation": {"angle": 0, "axis": "y", "origin": [16, 0, 4.8]},
			"faces": {
				"north": {"uv": [14.5, 11, 14.5625, 11.0625], "texture": "#0"},
				"east": {"uv": [7.5, 12, 8.1875, 12.0625], "texture": "#0"},
				"south": {"uv": [11.5, 14.5, 11.5625, 14.5625], "texture": "#0"},
				"west": {"uv": [12, 7.5, 12.6875, 7.5625], "texture": "#0"},
				"up": {"uv": [12.0625, 8.6875, 12, 8], "texture": "#0"},
				"down": {"uv": [8.5625, 12, 8.5, 12.6875], "texture": "#0"}
			}
		},
		{
			"from": [8.15, 10.4, 10.2],
			"to": [8.2, 10.5, 12.2],
			"rotation": {"angle": 0, "axis": "y", "origin": [16, 0, 4.8]},
			"faces": {
				"north": {"uv": [14.5, 11.5, 14.5625, 11.5625], "texture": "#0"},
				"east": {"uv": [9.5, 11, 10.5, 11.0625], "texture": "#0"},
				"south": {"uv": [12, 14.5, 12.0625, 14.5625], "texture": "#0"},
				"west": {"uv": [11, 10, 12, 10.0625], "texture": "#0"},
				"up": {"uv": [10.5625, 12, 10.5, 11], "texture": "#0"},
				"down": {"uv": [11.0625, 10.5, 11, 11.5], "texture": "#0"}
			}
		},
		{
			"from": [8.15, 10.3, 9.6],
			"to": [8.2, 10.4, 12.2],
			"rotation": {"angle": 0, "axis": "y", "origin": [16, 0, 4.8]},
			"faces": {
				"north": {"uv": [14.5, 12, 14.5625, 12.0625], "texture": "#0"},
				"east": {"uv": [10.5, 7, 11.8125, 7.0625], "texture": "#0"},
				"south": {"uv": [12.5, 14.5, 12.5625, 14.5625], "texture": "#0"},
				"west": {"uv": [7.5, 10.5, 8.8125, 10.5625], "texture": "#0"},
				"up": {"uv": [10.5625, 8.8125, 10.5, 7.5], "texture": "#0"},
				"down": {"uv": [9.0625, 10.5, 9, 11.8125], "texture": "#0"}
			}
		},
		{
			"from": [8.15, 10.3, 12.2],
			"to": [8.2, 10.7, 12.6],
			"rotation": {"angle": 0, "axis": "y", "origin": [16, 0, 4.8]},
			"faces": {
				"north": {"uv": [8, 14, 8.0625, 14.1875], "texture": "#0"},
				"east": {"uv": [9, 12.5, 9.1875, 12.6875], "texture": "#0"},
				"south": {"uv": [14, 8, 14.0625, 8.1875], "texture": "#0"},
				"west": {"uv": [12.5, 9, 12.6875, 9.1875], "texture": "#0"},
				"up": {"uv": [8.5625, 14.1875, 8.5, 14], "texture": "#0"},
				"down": {"uv": [14.0625, 8.5, 14, 8.6875], "texture": "#0"}
			}
		},
		{
			"from": [7.7, 9.8, 12.65],
			"to": [8.3, 9.95, 13.15],
			"rotation": {"angle": 0, "axis": "y", "origin": [0, 0, 4.8]},
			"faces": {
				"north": {"uv": [13.5, 7.5, 13.8125, 7.5625], "texture": "#0"},
				"east": {"uv": [13.5, 13, 13.75, 13.0625], "texture": "#0"},
				"south": {"uv": [8, 13.5, 8.3125, 13.5625], "texture": "#0"},
				"west": {"uv": [13.5, 13.5, 13.75, 13.5625], "texture": "#0"},
				"up": {"uv": [10.8125, 9.75, 10.5, 9.5], "texture": "#0"},
				"down": {"uv": [10.3125, 10.5, 10, 10.75], "texture": "#0"}
			}
		},
		{
			"from": [7.7, 10, 12.65],
			"to": [8.3, 10.15, 13.15],
			"rotation": {"angle": 0, "axis": "y", "origin": [0, 0, 4.8]},
			"faces": {
				"north": {"uv": [13.5, 8, 13.8125, 8.0625], "texture": "#0"},
				"east": {"uv": [0, 14, 0.25, 14.0625], "texture": "#0"},
				"south": {"uv": [8.5, 13.5, 8.8125, 13.5625], "texture": "#0"},
				"west": {"uv": [14, 0, 14.25, 0.0625], "texture": "#0"},
				"up": {"uv": [10.8125, 10.25, 10.5, 10], "texture": "#0"},
				"down": {"uv": [10.8125, 10.5, 10.5, 10.75], "texture": "#0"}
			}
		},
		{
			"from": [7.8, 9.9, 12.75],
			"to": [8.2, 10.15, 13.05],
			"rotation": {"angle": 0, "axis": "y", "origin": [0, 0, 4.8]},
			"faces": {
				"north": {"uv": [11, 13, 11.1875, 13.125], "texture": "#0"},
				"east": {"uv": [0.5, 14, 0.625, 14.125], "texture": "#0"},
				"south": {"uv": [13, 11, 13.1875, 11.125], "texture": "#0"},
				"west": {"uv": [14, 0.5, 14.125, 0.625], "texture": "#0"},
				"up": {"uv": [11.6875, 13.125, 11.5, 13], "texture": "#0"},
				"down": {"uv": [13.1875, 11.5, 13, 11.625], "texture": "#0"}
			}
		},
		{
			"from": [7.8, 9.6, 12.6],
			"to": [8.2, 9.8, 13.5],
			"rotation": {"angle": 0, "axis": "y", "origin": [0, 0, 4.8]},
			"faces": {
				"north": {"uv": [12, 13, 12.1875, 13.125], "texture": "#0"},
				"east": {"uv": [11.5, 9.5, 11.9375, 9.625], "texture": "#0"},
				"south": {"uv": [13, 12, 13.1875, 12.125], "texture": "#0"},
				"west": {"uv": [10, 11.5, 10.4375, 11.625], "texture": "#0"},
				"up": {"uv": [10.6875, 9.4375, 10.5, 9], "texture": "#0"},
				"down": {"uv": [9.6875, 10.5, 9.5, 10.9375], "texture": "#0"}
			}
		},
		{
			"from": [7.8, 9.8, 13.2],
			"to": [8.2, 10.2, 13.3],
			"rotation": {"angle": 0, "axis": "y", "origin": [0, 0, 4.8]},
			"faces": {
				"north": {"uv": [9.5, 12.5, 9.6875, 12.6875], "texture": "#0"},
				"east": {"uv": [9, 14, 9.0625, 14.1875], "texture": "#0"},
				"south": {"uv": [12.5, 9.5, 12.6875, 9.6875], "texture": "#0"},
				"west": {"uv": [14, 9, 14.0625, 9.1875], "texture": "#0"},
				"up": {"uv": [9.6875, 14.0625, 9.5, 14], "texture": "#0"},
				"down": {"uv": [14.1875, 9.5, 14, 9.5625], "texture": "#0"}
			}
		},
		{
			"from": [7.8, 9.8, 13.3],
			"to": [8.2, 10.04, 13.4],
			"rotation": {"angle": 0, "axis": "y", "origin": [0, 0, 4.8]},
			"faces": {
				"north": {"uv": [12.5, 13, 12.6875, 13.125], "texture": "#0"},
				"east": {"uv": [14.5, 4.5, 14.5625, 4.625], "texture": "#0"},
				"south": {"uv": [13, 12.5, 13.1875, 12.625], "texture": "#0"},
				"west": {"uv": [5, 14.5, 5.0625, 14.625], "texture": "#0"},
				"up": {"uv": [10.1875, 14.0625, 10, 14], "texture": "#0"},
				"down": {"uv": [14.1875, 10, 14, 10.0625], "texture": "#0"}
			}
		},
		{
			"from": [7.8, 5.38745, 10.81663],
			"to": [8.2, 5.83745, 10.91663],
			"rotation": {"angle": -22.5, "axis": "x", "origin": [0, 14.08745, 1.11663]},
			"faces": {
				"north": {"uv": [5, 12, 5.1875, 12.25], "texture": "#0"},
				"east": {"uv": [1, 14, 1.0625, 14.25], "texture": "#0"},
				"south": {"uv": [12, 5, 12.1875, 5.25], "texture": "#0"},
				"west": {"uv": [14, 1, 14.0625, 1.25], "texture": "#0"},
				"up": {"uv": [10.6875, 14.0625, 10.5, 14], "texture": "#0"},
				"down": {"uv": [14.1875, 10.5, 14, 10.5625], "texture": "#0"}
			}
		},
		{
			"from": [7.8, 10.15, 12.6],
			"to": [8.2, 10.2, 13.2],
			"rotation": {"angle": 0, "axis": "y", "origin": [0, 0, 4.8]},
			"faces": {
				"north": {"uv": [11, 14, 11.1875, 14.0625], "texture": "#0"},
				"east": {"uv": [13.5, 8.5, 13.8125, 8.5625], "texture": "#0"},
				"south": {"uv": [14, 11, 14.1875, 11.0625], "texture": "#0"},
				"west": {"uv": [9, 13.5, 9.3125, 13.5625], "texture": "#0"},
				"up": {"uv": [8.1875, 11.8125, 8, 11.5], "texture": "#0"},
				"down": {"uv": [11.6875, 8, 11.5, 8.3125], "texture": "#0"}
			}
		},
		{
			"from": [7.8, 10.4, 12.6],
			"to": [7.85, 10.6, 13.2],
			"rotation": {"angle": 0, "axis": "y", "origin": [0, 0, 4.8]},
			"faces": {
				"north": {"uv": [14.5, 5, 14.5625, 5.125], "texture": "#0"},
				"east": {"uv": [12.5, 1, 12.8125, 1.125], "texture": "#0"},
				"south": {"uv": [5.5, 14.5, 5.5625, 14.625], "texture": "#0"},
				"west": {"uv": [1.5, 12.5, 1.8125, 12.625], "texture": "#0"},
				"up": {"uv": [13.5625, 9.3125, 13.5, 9], "texture": "#0"},
				"down": {"uv": [9.5625, 13.5, 9.5, 13.8125], "texture": "#0"}
			}
		},
		{
			"from": [7.8, 10.6, 12.6],
			"to": [7.85, 10.7, 13],
			"rotation": {"angle": 0, "axis": "y", "origin": [0, 0, 4.8]},
			"faces": {
				"north": {"uv": [14.5, 12.5, 14.5625, 12.5625], "texture": "#0"},
				"east": {"uv": [11.5, 14, 11.6875, 14.0625], "texture": "#0"},
				"south": {"uv": [13, 14.5, 13.0625, 14.5625], "texture": "#0"},
				"west": {"uv": [14, 11.5, 14.1875, 11.5625], "texture": "#0"},
				"up": {"uv": [12.0625, 14.1875, 12, 14], "texture": "#0"},
				"down": {"uv": [14.0625, 12, 14, 12.1875], "texture": "#0"}
			}
		},
		{
			"from": [7.8, 10.7, 12.3],
			"to": [7.85, 10.8, 12.8],
			"rotation": {"angle": 0, "axis": "y", "origin": [0, 0, 4.8]},
			"faces": {
				"north": {"uv": [14.5, 13, 14.5625, 13.0625], "texture": "#0"},
				"east": {"uv": [1.5, 14, 1.75, 14.0625], "texture": "#0"},
				"south": {"uv": [13.5, 14.5, 13.5625, 14.5625], "texture": "#0"},
				"west": {"uv": [14, 1.5, 14.25, 1.5625], "texture": "#0"},
				"up": {"uv": [2.0625, 14.25, 2, 14], "texture": "#0"},
				"down": {"uv": [14.0625, 2, 14, 2.25], "texture": "#0"}
			}
		},
		{
			"from": [8.15, 10.6, 12.6],
			"to": [8.2, 10.7, 13],
			"rotation": {"angle": 0, "axis": "y", "origin": [16, 0, 4.8]},
			"faces": {
				"north": {"uv": [14.5, 13.5, 14.5625, 13.5625], "texture": "#0"},
				"east": {"uv": [12.5, 14, 12.6875, 14.0625], "texture": "#0"},
				"south": {"uv": [14, 14.5, 14.0625, 14.5625], "texture": "#0"},
				"west": {"uv": [14, 12.5, 14.1875, 12.5625], "texture": "#0"},
				"up": {"uv": [13.0625, 14.1875, 13, 14], "texture": "#0"},
				"down": {"uv": [14.0625, 13, 14, 13.1875], "texture": "#0"}
			}
		},
		{
			"from": [8.15, 10.4, 12.6],
			"to": [8.2, 10.6, 13.2],
			"rotation": {"angle": 0, "axis": "y", "origin": [16, 0, 4.8]},
			"faces": {
				"north": {"uv": [14.5, 5.5, 14.5625, 5.625], "texture": "#0"},
				"east": {"uv": [12.5, 1.5, 12.8125, 1.625], "texture": "#0"},
				"south": {"uv": [6, 14.5, 6.0625, 14.625], "texture": "#0"},
				"west": {"uv": [2, 12.5, 2.3125, 12.625], "texture": "#0"},
				"up": {"uv": [13.5625, 9.8125, 13.5, 9.5], "texture": "#0"},
				"down": {"uv": [10.0625, 13.5, 10, 13.8125], "texture": "#0"}
			}
		},
		{
			"from": [7.975, 10.4, 12.9],
			"to": [8.025, 10.5, 13.1],
			"rotation": {"angle": 0, "axis": "y", "origin": [16, 0, 4.8]},
			"faces": {
				"north": {"uv": [14.5, 14, 14.5625, 14.0625], "texture": "#0"},
				"east": {"uv": [14.5, 6, 14.625, 6.0625], "texture": "#0"},
				"south": {"uv": [14.5, 14.5, 14.5625, 14.5625], "texture": "#0"},
				"west": {"uv": [6.5, 14.5, 6.625, 14.5625], "texture": "#0"},
				"up": {"uv": [14.5625, 6.625, 14.5, 6.5], "texture": "#0"},
				"down": {"uv": [7.0625, 14.5, 7, 14.625], "texture": "#0"}
			}
		},
		{
			"from": [8.15, 10.7, 12.3],
			"to": [8.2, 10.8, 12.8],
			"rotation": {"angle": 0, "axis": "y", "origin": [16, 0, 4.8]},
			"faces": {
				"north": {"uv": [0, 15, 0.0625, 15.0625], "texture": "#0"},
				"east": {"uv": [2.5, 14, 2.75, 14.0625], "texture": "#0"},
				"south": {"uv": [15, 0, 15.0625, 0.0625], "texture": "#0"},
				"west": {"uv": [14, 2.5, 14.25, 2.5625], "texture": "#0"},
				"up": {"uv": [3.0625, 14.25, 3, 14], "texture": "#0"},
				"down": {"uv": [14.0625, 3, 14, 3.25], "texture": "#0"}
			}
		},
		{
			"from": [7.8, 10.25, 12.6],
			"to": [8.2, 10.4, 13.2],
			"rotation": {"angle": 0, "axis": "y", "origin": [0, 0, 4.8]},
			"faces": {
				"north": {"uv": [13.5, 14, 13.6875, 14.0625], "texture": "#0"},
				"east": {"uv": [13.5, 10, 13.8125, 10.0625], "texture": "#0"},
				"south": {"uv": [14, 13.5, 14.1875, 13.5625], "texture": "#0"},
				"west": {"uv": [10.5, 13.5, 10.8125, 13.5625], "texture": "#0"},
				"up": {"uv": [8.6875, 11.8125, 8.5, 11.5], "texture": "#0"},
				"down": {"uv": [11.6875, 8.5, 11.5, 8.8125], "texture": "#0"}
			}
		},
		{
			"from": [8.2, 10.3, 12.7],
			"to": [8.3, 10.6, 13],
			"rotation": {"angle": 0, "axis": "y", "origin": [0, 0, 4.8]},
			"faces": {
				"north": {"uv": [14.5, 7, 14.5625, 7.125], "texture": "#0"},
				"east": {"uv": [3.5, 14, 3.625, 14.125], "texture": "#0"},
				"south": {"uv": [7.5, 14.5, 7.5625, 14.625], "texture": "#0"},
				"west": {"uv": [14, 3.5, 14.125, 3.625], "texture": "#0"},
				"up": {"uv": [14.5625, 7.625, 14.5, 7.5], "texture": "#0"},
				"down": {"uv": [8.0625, 14.5, 8, 14.625], "texture": "#0"}
			}
		},
		{
			"from": [7.5, 8.2, 8.3],
			"to": [8.5, 9.2, 8.8],
			"rotation": {"angle": 0, "axis": "y", "origin": [0, 0, 4.8]},
			"faces": {
				"north": {"uv": [7.5, 6.5, 8, 7], "texture": "#0"},
				"east": {"uv": [1.5, 9.5, 1.75, 10], "texture": "#0"},
				"south": {"uv": [7.5, 7, 8, 7.5], "texture": "#0"},
				"west": {"uv": [9.5, 1.5, 9.75, 2], "texture": "#0"},
				"up": {"uv": [2.5, 9.75, 2, 9.5], "texture": "#0"},
				"down": {"uv": [10, 2, 9.5, 2.25], "texture": "#0"}
			}
		},
		{
			"from": [7.3, 8, 5.2],
			"to": [8.7, 9.4, 8.2],
			"rotation": {"angle": 0, "axis": "y", "origin": [0, 0, 4.8]},
			"faces": {
				"north": {"uv": [6, 6, 6.6875, 6.6875], "texture": "#0"},
				"east": {"uv": [0, 1.5, 1.5, 2.1875], "texture": "#0"},
				"south": {"uv": [0, 6.5, 0.6875, 7.1875], "texture": "#0"},
				"west": {"uv": [1.5, 1.5, 3, 2.1875], "texture": "#0"},
				"up": {"uv": [2.6875, 1.5, 2, 0], "texture": "#0"},
				"down": {"uv": [0.6875, 2.5, 0, 4], "texture": "#0"}
			}
		},
		{
			"from": [7.4, 8.1, 2.2],
			"to": [8.6, 9.3, 5.2],
			"rotation": {"angle": 0, "axis": "y", "origin": [0, 0, 4.8]},
			"faces": {
				"north": {"uv": [6.5, 3.5, 7.125, 4.125], "texture": "#0"},
				"east": {"uv": [1, 2.5, 2.5, 3.125], "texture": "#0"},
				"south": {"uv": [4, 6.5, 4.625, 7.125], "texture": "#0"},
				"west": {"uv": [2.5, 2.5, 4, 3.125], "texture": "#0"},
				"up": {"uv": [3.625, 1.5, 3, 0], "texture": "#0"},
				"down": {"uv": [1.625, 3.5, 1, 5], "texture": "#0"}
			}
		},
		{
			"from": [7.5, 8.4, 0.9],
			"to": [8.5, 8.8, 2.2],
			"rotation": {"angle": 0, "axis": "y", "origin": [0, 0, 4.8]},
			"faces": {
				"north": {"uv": [2.5, 10.5, 3, 10.6875], "texture": "#0"},
				"east": {"uv": [9.5, 6, 10.125, 6.1875], "texture": "#0"},
				"south": {"uv": [10.5, 2.5, 11, 2.6875], "texture": "#0"},
				"west": {"uv": [6.5, 9.5, 7.125, 9.6875], "texture": "#0"},
				"up": {"uv": [1, 8.125, 0.5, 7.5], "texture": "#0"},
				"down": {"uv": [8, 1.5, 7.5, 2.125], "texture": "#0"}
			}
		},
		{
			"from": [7.7, 8, 0.9],
			"to": [8.3, 8.4, 2.2],
			"rotation": {"angle": 0, "axis": "y", "origin": [0, 0, 4.8]},
			"faces": {
				"north": {"uv": [11.5, 9, 11.8125, 9.1875], "texture": "#0"},
				"east": {"uv": [9.5, 7, 10.125, 7.1875], "texture": "#0"},
				"south": {"uv": [9.5, 11.5, 9.8125, 11.6875], "texture": "#0"},
				"west": {"uv": [9.5, 7.5, 10.125, 7.6875], "texture": "#0"},
				"up": {"uv": [8.8125, 1.625, 8.5, 1], "texture": "#0"},
				"down": {"uv": [1.8125, 8.5, 1.5, 9.125], "texture": "#0"}
			}
		},
		{
			"from": [7.8, 8.8, 0.9],
			"to": [8.2, 9.2, 2.2],
			"rotation": {"angle": 0, "axis": "y", "origin": [0, 0, 4.8]},
			"faces": {
				"north": {"uv": [10, 12.5, 10.1875, 12.6875], "texture": "#0"},
				"east": {"uv": [8, 9.5, 8.625, 9.6875], "texture": "#0"},
				"south": {"uv": [12.5, 10, 12.6875, 10.1875], "texture": "#0"},
				"west": {"uv": [9.5, 8, 10.125, 8.1875], "texture": "#0"},
				"up": {"uv": [9.6875, 9.125, 9.5, 8.5], "texture": "#0"},
				"down": {"uv": [9.1875, 9.5, 9, 10.125], "texture": "#0"}
			}
		},
		{
			"from": [7.7, 9.2, 0.9],
			"to": [8.3, 9.3, 2.2],
			"rotation": {"angle": 0, "axis": "y", "origin": [0, 0, 4.8]},
			"faces": {
				"north": {"uv": [13.5, 10.5, 13.8125, 10.5625], "texture": "#0"},
				"east": {"uv": [12.5, 2, 13.125, 2.0625], "texture": "#0"},
				"south": {"uv": [11, 13.5, 11.3125, 13.5625], "texture": "#0"},
				"west": {"uv": [2.5, 12.5, 3.125, 12.5625], "texture": "#0"},
				"up": {"uv": [2.3125, 9.125, 2, 8.5], "texture": "#0"},
				"down": {"uv": [2.8125, 8.5, 2.5, 9.125], "texture": "#0"}
			}
		},
		{
			"from": [7.8, 9.3, 1],
			"to": [8.2, 10.3, 1.1],
			"rotation": {"angle": 0, "axis": "y", "origin": [0, 0, 4.8]},
			"faces": {
				"north": {"uv": [10.5, 3, 10.6875, 3.5], "texture": "#0"},
				"east": {"uv": [0.5, 13, 0.5625, 13.5], "texture": "#0"},
				"south": {"uv": [4, 10.5, 4.1875, 11], "texture": "#0"},
				"west": {"uv": [13, 0.5, 13.0625, 1], "texture": "#0"},
				"up": {"uv": [14.1875, 14.0625, 14, 14], "texture": "#0"},
				"down": {"uv": [0.1875, 14.5, 0, 14.5625], "texture": "#0"}
			}
		},
		{
			"from": [7.8, 11.39997, 4.95999],
			"to": [8.2, 12.49997, 5.05999],
			"rotation": {"angle": -22.5, "axis": "x", "origin": [0, 2.19997, 8.75999]},
			"faces": {
				"north": {"uv": [3, 10, 3.1875, 10.5625], "texture": "#0"},
				"east": {"uv": [10.5, 12.5, 10.5625, 13.0625], "texture": "#0"},
				"south": {"uv": [3.5, 10, 3.6875, 10.5625], "texture": "#0"},
				"west": {"uv": [12.5, 10.5, 12.5625, 11.0625], "texture": "#0"},
				"up": {"uv": [14.6875, 0.0625, 14.5, 0], "texture": "#0"},
				"down": {"uv": [0.6875, 14.5, 0.5, 14.5625], "texture": "#0"}
			}
		},
		{
			"from": [7.8, 9.8, 1.1],
			"to": [8.2, 10.3, 1.3],
			"rotation": {"angle": 0, "axis": "y", "origin": [0, 0, 4.8]},
			"faces": {
				"north": {"uv": [5.5, 12, 5.6875, 12.25], "texture": "#0"},
				"east": {"uv": [1, 13, 1.125, 13.25], "texture": "#0"},
				"south": {"uv": [12, 5.5, 12.1875, 5.75], "texture": "#0"},
				"west": {"uv": [13, 1, 13.125, 1.25], "texture": "#0"},
				"up": {"uv": [13.1875, 13.125, 13, 13], "texture": "#0"},
				"down": {"uv": [0.1875, 13.5, 0, 13.625], "texture": "#0"}
			}
		},
		{
			"from": [7.8, 10, 1.3],
			"to": [8.2, 10.3, 1.4],
			"rotation": {"angle": 0, "axis": "y", "origin": [0, 0, 4.8]},
			"faces": {
				"north": {"uv": [13.5, 0, 13.6875, 0.125], "texture": "#0"},
				"east": {"uv": [14.5, 8, 14.5625, 8.125], "texture": "#0"},
				"south": {"uv": [0.5, 13.5, 0.6875, 13.625], "texture": "#0"},
				"west": {"uv": [8.5, 14.5, 8.5625, 14.625], "texture": "#0"},
				"up": {"uv": [14.6875, 0.5625, 14.5, 0.5], "texture": "#0"},
				"down": {"uv": [1.1875, 14.5, 1, 14.5625], "texture": "#0"}
			}
		},
		{
			"from": [4.09842, 16.18787, 0.9],
			"to": [4.39842, 16.58787, 2.2],
			"rotation": {"angle": -45, "axis": "z", "origin": [-3.60158, 8.18787, 4.8]},
			"faces": {
				"north": {"uv": [13.5, 0.5, 13.625, 0.6875], "texture": "#0"},
				"east": {"uv": [9.5, 9.5, 10.125, 9.6875], "texture": "#0"},
				"south": {"uv": [1, 13.5, 1.125, 13.6875], "texture": "#0"},
				"west": {"uv": [0, 10, 0.625, 10.1875], "texture": "#0"},
				"up": {"uv": [0.125, 11.625, 0, 11], "texture": "#0"},
				"down": {"uv": [11.125, 0, 11, 0.625], "texture": "#0"}
			}
		},
		{
			"from": [4.60345, 0.68284, 0.9],
			"to": [4.90345, 1.08284, 2.2],
			"rotation": {"angle": 45, "axis": "z", "origin": [-3.09655, 9.08284, 4.8]},
			"faces": {
				"north": {"uv": [13.5, 1, 13.625, 1.1875], "texture": "#0"},
				"east": {"uv": [10, 0, 10.625, 0.1875], "texture": "#0"},
				"south": {"uv": [1.5, 13.5, 1.625, 13.6875], "texture": "#0"},
				"west": {"uv": [10, 0.5, 10.625, 0.6875], "texture": "#0"},
				"up": {"uv": [0.625, 11.625, 0.5, 11], "texture": "#0"},
				"down": {"uv": [1.125, 11, 1, 11.625], "texture": "#0"}
			}
		},
		{
			"from": [11.09655, 0.68284, 0.9],
			"to": [11.39655, 1.08284, 2.2],
			"rotation": {"angle": -45, "axis": "z", "origin": [19.09655, 9.08284, 4.8]},
			"faces": {
				"north": {"uv": [13.5, 1.5, 13.625, 1.6875], "texture": "#0"},
				"east": {"uv": [1, 10, 1.625, 10.1875], "texture": "#0"},
				"south": {"uv": [2, 13.5, 2.125, 13.6875], "texture": "#0"},
				"west": {"uv": [10, 1, 10.625, 1.1875], "texture": "#0"},
				"up": {"uv": [11.125, 1.625, 11, 1], "texture": "#0"},
				"down": {"uv": [1.625, 11, 1.5, 11.625], "texture": "#0"}
			}
		},
		{
			"from": [11.60158, 16.18787, 0.9],
			"to": [11.90158, 16.58787, 2.2],
			"rotation": {"angle": 45, "axis": "z", "origin": [19.60158, 8.18787, 4.8]},
			"faces": {
				"north": {"uv": [13.5, 2, 13.625, 2.1875], "texture": "#0"},
				"east": {"uv": [10, 1.5, 10.625, 1.6875], "texture": "#0"},
				"south": {"uv": [2.5, 13.5, 2.625, 13.6875], "texture": "#0"},
				"west": {"uv": [2, 10, 2.625, 10.1875], "texture": "#0"},
				"up": {"uv": [2.125, 11.625, 2, 11], "texture": "#0"},
				"down": {"uv": [11.125, 2, 11, 2.625], "texture": "#0"}
			}
		},
		{
			"from": [7.7, 8.4, 8.8],
			"to": [8.3, 9, 8.9],
			"rotation": {"angle": 0, "axis": "y", "origin": [0, 0, 4.8]},
			"faces": {
				"north": {"uv": [10, 5.5, 10.3125, 5.8125], "texture": "#0"},
				"east": {"uv": [13.5, 11, 13.5625, 11.3125], "texture": "#0"},
				"south": {"uv": [6, 10, 6.3125, 10.3125], "texture": "#0"},
				"west": {"uv": [11.5, 13.5, 11.5625, 13.8125], "texture": "#0"},
				"up": {"uv": [13.8125, 11.5625, 13.5, 11.5], "texture": "#0"},
				"down": {"uv": [12.3125, 13.5, 12, 13.5625], "texture": "#0"}
			}
		},
		{
			"from": [7.6, 8.3, 8.2],
			"to": [8.4, 9.1, 8.3],
			"rotation": {"angle": 0, "axis": "y", "origin": [0, 0, 4.8]},
			"faces": {
				"north": {"uv": [0.5, 9.5, 0.875, 9.875], "texture": "#0"},
				"east": {"uv": [13.5, 2.5, 13.5625, 2.875], "texture": "#0"},
				"south": {"uv": [9.5, 0.5, 9.875, 0.875], "texture": "#0"},
				"west": {"uv": [3, 13.5, 3.0625, 13.875], "texture": "#0"},
				"up": {"uv": [13.875, 3.0625, 13.5, 3], "texture": "#0"},
				"down": {"uv": [3.875, 13.5, 3.5, 13.5625], "texture": "#0"}
			}
		},
		{
			"from": [7.6, 8.3, -4.9],
			"to": [8.4, 9.1, -0.1],
			"rotation": {"angle": 0, "axis": "y", "origin": [0, 0, 4.8]},
			"faces": {
				"north": {"uv": [1, 9.5, 1.375, 9.875], "texture": "#0"},
				"east": {"uv": [3, 3.5, 5.375, 3.875], "texture": "#0"},
				"south": {"uv": [9.5, 1, 9.875, 1.375], "texture": "#0"},
				"west": {"uv": [4, 0, 6.375, 0.375], "texture": "#0"},
				"up": {"uv": [0.375, 6.375, 0, 4], "texture": "#0"},
				"down": {"uv": [0.875, 4, 0.5, 6.375], "texture": "#0"}
			}
		},
		{
			"from": [7.7, 8.4, -0.1],
			"to": [8.3, 9, 0.2],
			"rotation": {"angle": 0, "axis": "y", "origin": [0, 0, 4.8]},
			"faces": {
				"north": {"uv": [6.5, 10, 6.8125, 10.3125], "texture": "#0"},
				"east": {"uv": [12.5, 2.5, 12.625, 2.8125], "texture": "#0"},
				"south": {"uv": [10, 6.5, 10.3125, 6.8125], "texture": "#0"},
				"west": {"uv": [12.5, 3, 12.625, 3.3125], "texture": "#0"},
				"up": {"uv": [3.8125, 12.625, 3.5, 12.5], "texture": "#0"},
				"down": {"uv": [12.8125, 3.5, 12.5, 3.625], "texture": "#0"}
			}
		},
		{
			"from": [7.8, 8.5, 0.2],
			"to": [8.2, 8.9, 0.9],
			"rotation": {"angle": 0, "axis": "y", "origin": [0, 0, 4.8]},
			"faces": {
				"north": {"uv": [11, 12.5, 11.1875, 12.6875], "texture": "#0"},
				"east": {"uv": [11, 6, 11.375, 6.1875], "texture": "#0"},
				"south": {"uv": [11.5, 12.5, 11.6875, 12.6875], "texture": "#0"},
				"west": {"uv": [6.5, 11, 6.875, 11.1875], "texture": "#0"},
				"up": {"uv": [11.1875, 6.875, 11, 6.5], "texture": "#0"},
				"down": {"uv": [7.6875, 11, 7.5, 11.375], "texture": "#0"}
			}
		}
	],
	"display": {
		"thirdperson_righthand": {
			"translation": [0, 1.5, -1.75],
			"scale": [0.9, 0.9, 0.9]
		},
		"thirdperson_lefthand": {
			"scale": [0, 0, 0]
		},
		"firstperson_righthand": {
			"translation": [-3.53, 5.15, 1.75]
		},
		"firstperson_lefthand": {
			"rotation": [0, 442.75, 0],
			"translation": [-10.5, 8.5, 0]
		},
		"gui": {
			"rotation": [17.5, 55.25, 0],
			"scale": [0.8, 0.8, 0.8]
		}
	},
	"groups": [
		{
			"name": "ar15.50",
			"origin": [8, 8, 8],
			"color": 0,
			"children": [
				{
					"name": "wei",
					"origin": [8, 8, 8],
					"color": 0,
					"children": [0, 1, 2, 3, 4, 5, 6, 7, 8, 9, 10, 11, 12, 13, 14, 15, 16, 17, 18, 19, 20, 21]
				},
				{
					"name": "main",
					"origin": [8, 8, 8],
					"color": 0,
					"children": [22, 23, 24, 25, 26, 27, 28, 29,
						{
							"name": "group",
							"origin": [0, -0.90244, 15.42132],
							"color": 0,
							"children": [30, 31, 32, 33, 34, 35, 36, 37, 38]
						},
						{
							"name": "group",
							"origin": [0, -0.90244, 15.42132],
							"color": 0,
							"children": [39, 40, 41, 42, 43, 44]
						},
						{
							"name": "group",
							"origin": [8, 8, 8],
							"color": 0,
							"children": [45, 46, 47, 48, 49, 50, 51, 52, 53, 54, 55, 56, 57, 58, 59,
								{
									"name": "group",
									"origin": [0, 0, 4.8],
									"color": 0,
									"children": [60, 61, 62, 63, 64, 65, 66, 67, 68, 69, 70, 71, 72, 73, 74, 75, 76]
								}
							]
						}
					]
				},
				{
					"name": "head",
					"origin": [8, 8, 8],
					"color": 0,
					"children": [77, 78, 79,
						{
							"name": "group",
							"origin": [0, 0, 4.8],
							"color": 0,
							"children": [80, 81, 82, 83, 84, 85, 86, 87, 88, 89, 90, 91]
						}, 92, 93, 94, 95, 96]
				}
			]
		}
	]
}