{
	"credit": "Made with Blockbench",
	"textures": {
		"0": "gun/awp/awp",
		"1": "gun/awp/jing_1",
		"particle": "gun/awp/awp"
	},
	"elements": [
		{
			"from": [7.6, 2, 15.2],
			"to": [8.4, 4, 16],
			"faces": {
				"north": {"uv": [3.5, 2, 3.875, 3], "texture": "#0"},
				"east": {"uv": [4, 2, 4.375, 3], "texture": "#0"},
				"south": {"uv": [1.5, 4.5, 1.875, 5.5], "texture": "#0"},
				"west": {"uv": [4.5, 2, 4.875, 3], "texture": "#0"},
				"up": {"uv": [1.375, 7.375, 1, 7], "texture": "#0"},
				"down": {"uv": [7.375, 1, 7, 1.375], "texture": "#0"}
			}
		},
		{
			"from": [7.8, 3.9, 12.3],
			"to": [8.2, 4.1, 15.2],
			"faces": {
				"north": {"uv": [0, 9, 0.1875, 9.125], "texture": "#0"},
				"east": {"uv": [6, 4, 7.4375, 4.125], "texture": "#0"},
				"south": {"uv": [9, 0, 9.1875, 0.125], "texture": "#0"},
				"west": {"uv": [6, 5.5, 7.4375, 5.625], "texture": "#0"},
				"up": {"uv": [5.1875, 5.9375, 5, 4.5], "texture": "#0"},
				"down": {"uv": [1.6875, 5.5, 1.5, 6.9375], "texture": "#0"}
			}
		},
		{
			"from": [7.8, -5.64716, 19.35111],
			"to": [8.2, -5.44716, 19.65111],
			"rotation": {"angle": -45, "axis": "x", "origin": [0, -9.54716, 4.45111]},
			"faces": {
				"north": {"uv": [0.5, 9, 0.6875, 9.125], "texture": "#0"},
				"east": {"uv": [6.5, 9, 6.625, 9.125], "texture": "#0"},
				"south": {"uv": [9, 0.5, 9.1875, 0.625], "texture": "#0"},
				"west": {"uv": [9, 6.5, 9.125, 6.625], "texture": "#0"},
				"up": {"uv": [1.1875, 9.125, 1, 9], "texture": "#0"},
				"down": {"uv": [9.1875, 1, 9, 1.125], "texture": "#0"}
			}
		},
		{
			"from": [7.8, 13.29361, 22.32183],
			"to": [8.2, 13.49361, 22.62183],
			"rotation": {"angle": 45, "axis": "x", "origin": [0, 17.39361, 7.42183]},
			"faces": {
				"north": {"uv": [1.5, 9, 1.6875, 9.125], "texture": "#0"},
				"east": {"uv": [7, 9, 7.125, 9.125], "texture": "#0"},
				"south": {"uv": [9, 1.5, 9.1875, 1.625], "texture": "#0"},
				"west": {"uv": [9, 7, 9.125, 7.125], "texture": "#0"},
				"up": {"uv": [2.1875, 9.125, 2, 9], "texture": "#0"},
				"down": {"uv": [9.1875, 2, 9, 2.125], "texture": "#0"}
			}
		},
		{
			"from": [7.9, 1.7, 15.2],
			"to": [8.1, 2, 16],
			"faces": {
				"north": {"uv": [7.5, 9, 7.625, 9.125], "texture": "#0"},
				"east": {"uv": [8.5, 1, 8.875, 1.125], "texture": "#0"},
				"south": {"uv": [9, 7.5, 9.125, 7.625], "texture": "#0"},
				"west": {"uv": [1.5, 8.5, 1.875, 8.625], "texture": "#0"},
				"up": {"uv": [8.625, 1.875, 8.5, 1.5], "texture": "#0"},
				"down": {"uv": [2.125, 8.5, 2, 8.875], "texture": "#0"}
			}
		},
		{
			"from": [9.05822, 7.91335, 15.2],
			"to": [9.35822, 8.31335, 16],
			"rotation": {"angle": -45, "axis": "z", "origin": [1.25822, 6.31335, 0]},
			"faces": {
				"north": {"uv": [2.5, 9, 2.625, 9.1875], "texture": "#0"},
				"east": {"uv": [0.5, 8, 0.875, 8.1875], "texture": "#0"},
				"south": {"uv": [9, 2.5, 9.125, 2.6875], "texture": "#0"},
				"west": {"uv": [8, 0.5, 8.375, 0.6875], "texture": "#0"},
				"up": {"uv": [8.625, 2.375, 8.5, 2], "texture": "#0"},
				"down": {"uv": [2.625, 8.5, 2.5, 8.875], "texture": "#0"}
			}
		},
		{
			"from": [6.64178, 7.91335, 15.2],
			"to": [6.94178, 8.31335, 16],
			"rotation": {"angle": 45, "axis": "z", "origin": [14.74178, 6.31335, 0]},
			"faces": {
				"north": {"uv": [3, 9, 3.125, 9.1875], "texture": "#0"},
				"east": {"uv": [1, 8, 1.375, 8.1875], "texture": "#0"},
				"south": {"uv": [9, 3, 9.125, 3.1875], "texture": "#0"},
				"west": {"uv": [8, 1, 8.375, 1.1875], "texture": "#0"},
				"up": {"uv": [8.625, 2.875, 8.5, 2.5], "texture": "#0"},
				"down": {"uv": [3.125, 8.5, 3, 8.875], "texture": "#0"}
			}
		},
		{
			"from": [7.7, 2.6, 12.3],
			"to": [8.3, 3.9, 15.2],
			"faces": {
				"north": {"uv": [2, 6, 2.3125, 6.625], "texture": "#0"},
				"east": {"uv": [2, 1, 3.4375, 1.625], "texture": "#0"},
				"south": {"uv": [6, 2, 6.3125, 2.625], "texture": "#0"},
				"west": {"uv": [2, 2, 3.4375, 2.625], "texture": "#0"},
				"up": {"uv": [3.3125, 5.4375, 3, 4], "texture": "#0"},
				"down": {"uv": [3.8125, 4, 3.5, 5.4375], "texture": "#0"}
			}
		},
		{
			"from": [7.8, 2.6, 11.3],
			"to": [8.2, 3.5, 12.3],
			"faces": {
				"north": {"uv": [4, 7.5, 4.1875, 7.9375], "texture": "#0"},
				"east": {"uv": [5.5, 4, 6, 4.4375], "texture": "#0"},
				"south": {"uv": [7.5, 4, 7.6875, 4.4375], "texture": "#0"},
				"west": {"uv": [4.5, 5.5, 5, 5.9375], "texture": "#0"},
				"up": {"uv": [3.1875, 8, 3, 7.5], "texture": "#0"},
				"down": {"uv": [7.6875, 3, 7.5, 3.5], "texture": "#0"}
			}
		},
		{
			"from": [7.8, 2.2, 9.7],
			"to": [8.2, 2.8, 11.6],
			"faces": {
				"north": {"uv": [4, 8, 4.1875, 8.3125], "texture": "#0"},
				"east": {"uv": [5, 2, 5.9375, 2.3125], "texture": "#0"},
				"south": {"uv": [8, 4, 8.1875, 4.3125], "texture": "#0"},
				"west": {"uv": [5, 2.5, 5.9375, 2.8125], "texture": "#0"},
				"up": {"uv": [4.6875, 6.9375, 4.5, 6], "texture": "#0"},
				"down": {"uv": [5.1875, 6, 5, 6.9375], "texture": "#0"}
			}
		},
		{
			"from": [7.8, 1.01973, 6.35544],
			"to": [8.2, 1.81973, 6.55544],
			"rotation": {"angle": -22.5, "axis": "x", "origin": [0, 11.61973, 4.45544]},
			"faces": {
				"north": {"uv": [1.5, 8, 1.6875, 8.375], "texture": "#0"},
				"east": {"uv": [8.5, 3, 8.625, 3.375], "texture": "#0"},
				"south": {"uv": [8, 1.5, 8.1875, 1.875], "texture": "#0"},
				"west": {"uv": [3.5, 8.5, 3.625, 8.875], "texture": "#0"},
				"up": {"uv": [3.6875, 9.125, 3.5, 9], "texture": "#0"},
				"down": {"uv": [9.1875, 3.5, 9, 3.625], "texture": "#0"}
			}
		},
		{
			"from": [7.8, 1.83883, 18.55183],
			"to": [8.2, 2.53883, 18.95183],
			"rotation": {"angle": 45, "axis": "x", "origin": [0, 11.63883, 15.85183]},
			"faces": {
				"north": {"uv": [2, 8, 2.1875, 8.375], "texture": "#0"},
				"east": {"uv": [8, 2, 8.1875, 2.375], "texture": "#0"},
				"south": {"uv": [2.5, 8, 2.6875, 8.375], "texture": "#0"},
				"west": {"uv": [8, 2.5, 8.1875, 2.875], "texture": "#0"},
				"up": {"uv": [8.6875, 6.1875, 8.5, 6], "texture": "#0"},
				"down": {"uv": [6.6875, 8.5, 6.5, 8.6875], "texture": "#0"}
			}
		},
		{
			"from": [7.8, -2.77452, 4.85614],
			"to": [8.2, -2.17452, 5.05614],
			"rotation": {"angle": -45, "axis": "x", "origin": [-0.1, 8.02548, 0.95614]},
			"faces": {
				"north": {"uv": [4.5, 8, 4.6875, 8.3125], "texture": "#0"},
				"east": {"uv": [8.5, 5, 8.625, 5.3125], "texture": "#0"},
				"south": {"uv": [8, 4.5, 8.1875, 4.8125], "texture": "#0"},
				"west": {"uv": [5.5, 8.5, 5.625, 8.8125], "texture": "#0"},
				"up": {"uv": [4.1875, 9.125, 4, 9], "texture": "#0"},
				"down": {"uv": [9.1875, 4, 9, 4.125], "texture": "#0"}
			}
		},
		{
			"from": [7.8, 11.17452, 10.65614],
			"to": [8.2, 11.47452, 10.75614],
			"rotation": {"angle": 45, "axis": "x", "origin": [-0.1, 7.97452, 0.95614]},
			"faces": {
				"north": {"uv": [4.5, 9, 4.6875, 9.125], "texture": "#0"},
				"east": {"uv": [9.5, 1, 9.5625, 1.125], "texture": "#0"},
				"south": {"uv": [9, 4.5, 9.1875, 4.625], "texture": "#0"},
				"west": {"uv": [1.5, 9.5, 1.5625, 9.625], "texture": "#0"},
				"up": {"uv": [8.6875, 9.0625, 8.5, 9], "texture": "#0"},
				"down": {"uv": [9.1875, 8.5, 9, 8.5625], "texture": "#0"}
			}
		},
		{
			"from": [7.8, 2.8, 9.7],
			"to": [8.2, 3.5, 10.2],
			"faces": {
				"north": {"uv": [3, 8, 3.1875, 8.375], "texture": "#0"},
				"east": {"uv": [3.5, 7.5, 3.75, 7.875], "texture": "#0"},
				"south": {"uv": [8, 3, 8.1875, 3.375], "texture": "#0"},
				"west": {"uv": [7.5, 3.5, 7.75, 3.875], "texture": "#0"},
				"up": {"uv": [8.6875, 3.75, 8.5, 3.5], "texture": "#0"},
				"down": {"uv": [4.1875, 8.5, 4, 8.75], "texture": "#0"}
			}
		},
		{
			"from": [7.8, 2.1, 9.7],
			"to": [8.2, 2.2, 10.2],
			"faces": {
				"north": {"uv": [9, 9, 9.1875, 9.0625], "texture": "#0"},
				"east": {"uv": [8, 9, 8.25, 9.0625], "texture": "#0"},
				"south": {"uv": [0, 9.5, 0.1875, 9.5625], "texture": "#0"},
				"west": {"uv": [9, 8, 9.25, 8.0625], "texture": "#0"},
				"up": {"uv": [8.6875, 4.25, 8.5, 4], "texture": "#0"},
				"down": {"uv": [4.6875, 8.5, 4.5, 8.75], "texture": "#0"}
			}
		},
		{
			"from": [7.8, 0.32433, 6.95942],
			"to": [8.2, 0.72433, 7.85942],
			"rotation": {"angle": -22.5, "axis": "x", "origin": [0, 12.62433, 4.35942]},
			"faces": {
				"north": {"uv": [8.5, 6.5, 8.6875, 6.6875], "texture": "#0"},
				"east": {"uv": [7.5, 4.5, 7.9375, 4.6875], "texture": "#0"},
				"south": {"uv": [7, 8.5, 7.1875, 8.6875], "texture": "#0"},
				"west": {"uv": [5, 7.5, 5.4375, 7.6875], "texture": "#0"},
				"up": {"uv": [7.6875, 5.4375, 7.5, 5], "texture": "#0"},
				"down": {"uv": [5.6875, 7.5, 5.5, 7.9375], "texture": "#0"}
			}
		},
		{
			"from": [7.7, 3.5, 9.7],
			"to": [8.3, 3.9, 12.3],
			"faces": {
				"north": {"uv": [5, 8, 5.3125, 8.1875], "texture": "#0"},
				"east": {"uv": [5.5, 3, 6.8125, 3.1875], "texture": "#0"},
				"south": {"uv": [8, 5, 8.3125, 5.1875], "texture": "#0"},
				"west": {"uv": [5.5, 3.5, 6.8125, 3.6875], "texture": "#0"},
				"up": {"uv": [4.3125, 4.8125, 4, 3.5], "texture": "#0"},
				"down": {"uv": [1.3125, 4.5, 1, 5.8125], "texture": "#0"}
			}
		},
		{
			"from": [7.7, 2, 14.1],
			"to": [8.3, 2.6, 15.2],
			"faces": {
				"north": {"uv": [7.5, 0, 7.8125, 0.3125], "texture": "#0"},
				"east": {"uv": [6, 6, 6.5625, 6.3125], "texture": "#0"},
				"south": {"uv": [7.5, 0.5, 7.8125, 0.8125], "texture": "#0"},
				"west": {"uv": [6.5, 1.5, 7.0625, 1.8125], "texture": "#0"},
				"up": {"uv": [6.8125, 2.5625, 6.5, 2], "texture": "#0"},
				"down": {"uv": [2.8125, 6.5, 2.5, 7.0625], "texture": "#0"}
			}
		},
		{
			"from": [7.7, -3.26619, 2.33776],
			"to": [8.3, -2.16619, 2.83776],
			"rotation": {"angle": -45, "axis": "x", "origin": [0, 11.93381, 0.13776]},
			"faces": {
				"north": {"uv": [3, 6.5, 3.3125, 7.0625], "texture": "#0"},
				"east": {"uv": [1.5, 7, 1.75, 7.5625], "texture": "#0"},
				"south": {"uv": [3.5, 6.5, 3.8125, 7.0625], "texture": "#0"},
				"west": {"uv": [2, 7, 2.25, 7.5625], "texture": "#0"},
				"up": {"uv": [7.3125, 7.75, 7, 7.5], "texture": "#0"},
				"down": {"uv": [7.8125, 7.5, 7.5, 7.75], "texture": "#0"}
			}
		},
		{
			"from": [7.7, 3.5, 2.7],
			"to": [8.3, 3.9, 9.7],
			"faces": {
				"north": {"uv": [5.5, 8, 5.8125, 8.1875], "texture": "#0"},
				"east": {"uv": [2, 3, 5.5, 3.1875], "texture": "#0"},
				"south": {"uv": [8, 5.5, 8.3125, 5.6875], "texture": "#0"},
				"west": {"uv": [3.5, 1, 7, 1.1875], "texture": "#0"},
				"up": {"uv": [1.3125, 4.5, 1, 1], "texture": "#0"},
				"down": {"uv": [1.8125, 1, 1.5, 4.5], "texture": "#0"}
			}
		},
		{
			"from": [7.7, 3.9, 7.9],
			"to": [8.3, 4.5, 9.3],
			"faces": {
				"north": {"uv": [1, 7.5, 1.3125, 7.8125], "texture": "#0"},
				"east": {"uv": [5.5, 4.5, 6.1875, 4.8125], "texture": "#0"},
				"south": {"uv": [7.5, 1, 7.8125, 1.3125], "texture": "#0"},
				"west": {"uv": [5.5, 5, 6.1875, 5.3125], "texture": "#0"},
				"up": {"uv": [5.8125, 6.1875, 5.5, 5.5], "texture": "#0"},
				"down": {"uv": [1.3125, 6, 1, 6.6875], "texture": "#0"}
			}
		},
		{
			"from": [7.7, 3.9, 6],
			"to": [8.3, 4.3, 7.9],
			"faces": {
				"north": {"uv": [6, 8, 6.3125, 8.1875], "texture": "#0"},
				"east": {"uv": [6.5, 4.5, 7.4375, 4.6875], "texture": "#0"},
				"south": {"uv": [8, 6, 8.3125, 6.1875], "texture": "#0"},
				"west": {"uv": [6.5, 5, 7.4375, 5.1875], "texture": "#0"},
				"up": {"uv": [5.3125, 4.4375, 5, 3.5], "texture": "#0"},
				"down": {"uv": [4.3125, 5, 4, 5.9375], "texture": "#0"}
			}
		},
		{
			"from": [7.8, 4.3, -6.3],
			"to": [8.2, 4.7, 8.7],
			"faces": {
				"north": {"uv": [8.5, 7, 8.6875, 7.1875], "texture": "#0"},
				"east": {"uv": [0, 0, 6.75, 0.1875], "texture": "#0"},
				"south": {"uv": [7.5, 8.5, 7.6875, 8.6875], "texture": "#0"},
				"west": {"uv": [0, 0.5, 6.75, 0.6875], "texture": "#0"},
				"up": {"uv": [0.1875, 7.75, 0, 1], "texture": "#0"},
				"down": {"uv": [0.6875, 1, 0.5, 7.75], "texture": "#0"}
			}
		},
		{
			"from": [7.7, 4.2, -5.6],
			"to": [8.3, 4.8, -5.2],
			"faces": {
				"north": {"uv": [7.5, 1.5, 7.8125, 1.8125], "texture": "#0"},
				"east": {"uv": [6.5, 8, 6.6875, 8.3125], "texture": "#0"},
				"south": {"uv": [7.5, 2, 7.8125, 2.3125], "texture": "#0"},
				"west": {"uv": [8, 6.5, 8.1875, 6.8125], "texture": "#0"},
				"up": {"uv": [7.3125, 8.1875, 7, 8], "texture": "#0"},
				"down": {"uv": [8.3125, 7, 8, 7.1875], "texture": "#0"}
			}
		},
		{
			"from": [7.8, 4.3, 8.7],
			"to": [8.2, 4.6, 9.2],
			"faces": {
				"north": {"uv": [5, 9, 5.1875, 9.125], "texture": "#0"},
				"east": {"uv": [8.5, 7.5, 8.75, 7.625], "texture": "#0"},
				"south": {"uv": [9, 5, 9.1875, 5.125], "texture": "#0"},
				"west": {"uv": [8, 8.5, 8.25, 8.625], "texture": "#0"},
				"up": {"uv": [8.6875, 4.75, 8.5, 4.5], "texture": "#0"},
				"down": {"uv": [5.1875, 8.5, 5, 8.75], "texture": "#0"}
			}
		},
		{
			"from": [7.7, 3.9, 2.7],
			"to": [8.3, 4.5, 6],
			"faces": {
				"north": {"uv": [2.5, 7.5, 2.8125, 7.8125], "texture": "#0"},
				"east": {"uv": [3.5, 1.5, 5.125, 1.8125], "texture": "#0"},
				"south": {"uv": [7.5, 2.5, 7.8125, 2.8125], "texture": "#0"},
				"west": {"uv": [2, 3.5, 3.625, 3.8125], "texture": "#0"},
				"up": {"uv": [2.3125, 5.625, 2, 4], "texture": "#0"},
				"down": {"uv": [2.8125, 4, 2.5, 5.625], "texture": "#0"}
			}
		},
		{
			"from": [7.8, 3.7, 1.6],
			"to": [8.2, 4.3, 2.7],
			"faces": {
				"north": {"uv": [7.5, 8, 7.6875, 8.3125], "texture": "#0"},
				"east": {"uv": [5.5, 6.5, 6.0625, 6.8125], "texture": "#0"},
				"south": {"uv": [8, 7.5, 8.1875, 7.8125], "texture": "#0"},
				"west": {"uv": [6.5, 6.5, 7.0625, 6.8125], "texture": "#0"},
				"up": {"uv": [6.1875, 7.5625, 6, 7], "texture": "#0"},
				"down": {"uv": [6.6875, 7, 6.5, 7.5625], "texture": "#0"}
			}
		},
		{
			"from": [7.7, 3.1, 6.7],
			"to": [8.3, 3.5, 8.7],
			"faces": {
				"north": {"uv": [8, 8, 8.3125, 8.1875], "texture": "#0"},
				"east": {"uv": [2.5, 6, 3.5, 6.1875], "texture": "#0"},
				"south": {"uv": [0, 8.5, 0.3125, 8.6875], "texture": "#0"},
				"west": {"uv": [3.5, 6, 4.5, 6.1875], "texture": "#0"},
				"up": {"uv": [4.8125, 4.5, 4.5, 3.5], "texture": "#0"},
				"down": {"uv": [4.8125, 4.5, 4.5, 5.5], "texture": "#0"}
			}
		},
		{
			"from": [7.7, 6.66532, 5.07593],
			"to": [8.3, 7.06532, 6.17593],
			"rotation": {"angle": 22.5, "axis": "x", "origin": [0, 3.56532, -2.52407]},
			"faces": {
				"north": {"uv": [8.5, 0, 8.8125, 0.1875], "texture": "#0"},
				"east": {"uv": [7, 6, 7.5625, 6.1875], "texture": "#0"},
				"south": {"uv": [0.5, 8.5, 0.8125, 8.6875], "texture": "#0"},
				"west": {"uv": [7, 7, 7.5625, 7.1875], "texture": "#0"},
				"up": {"uv": [4.3125, 7.0625, 4, 6.5], "texture": "#0"},
				"down": {"uv": [7.3125, 0, 7, 0.5625], "texture": "#0"}
			}
		},
		{
			"from": [7.7, 11.66532, 5.37593],
			"to": [8.3, 12.16532, 6.27593],
			"rotation": {"angle": 45, "axis": "x", "origin": [0, 3.56532, -1.92407]},
			"faces": {
				"north": {"uv": [0, 8, 0.3125, 8.25], "texture": "#0"},
				"east": {"uv": [5, 7, 5.4375, 7.25], "texture": "#0"},
				"south": {"uv": [8, 0, 8.3125, 0.25], "texture": "#0"},
				"west": {"uv": [5.5, 7, 5.9375, 7.25], "texture": "#0"},
				"up": {"uv": [7.3125, 2.4375, 7, 2], "texture": "#0"},
				"down": {"uv": [7.3125, 2.5, 7, 2.9375], "texture": "#0"}
			}
		},
		{
			"from": [7.8, 2.9, 8.8],
			"to": [8.2, 3, 9.7],
			"faces": {
				"north": {"uv": [9.5, 0, 9.6875, 0.0625], "texture": "#0"},
				"east": {"uv": [8.5, 8, 8.9375, 8.0625], "texture": "#0"},
				"south": {"uv": [0.5, 9.5, 0.6875, 9.5625], "texture": "#0"},
				"west": {"uv": [8.5, 8.5, 8.9375, 8.5625], "texture": "#0"},
				"up": {"uv": [7.6875, 5.9375, 7.5, 5.5], "texture": "#0"},
				"down": {"uv": [7.6875, 6.5, 7.5, 6.9375], "texture": "#0"}
			}
		},
		{
			"from": [7.8, 2.9, 8.7],
			"to": [8.2, 3.5, 8.8],
			"faces": {
				"north": {"uv": [8.5, 0.5, 8.6875, 0.8125], "texture": "#0"},
				"east": {"uv": [5.5, 9, 5.5625, 9.3125], "texture": "#0"},
				"south": {"uv": [1, 8.5, 1.1875, 8.8125], "texture": "#0"},
				"west": {"uv": [9, 5.5, 9.0625, 5.8125], "texture": "#0"},
				"up": {"uv": [9.6875, 0.5625, 9.5, 0.5], "texture": "#0"},
				"down": {"uv": [1.1875, 9.5, 1, 9.5625], "texture": "#0"}
			}
		},
		{
			"from": [7.9, 6.5, 7.3],
			"to": [8.1, 7.1, 7.4],
			"rotation": {"angle": 22.5, "axis": "x", "origin": [0, 0, 0]},
			"faces": {
				"north": {"uv": [8.5, 5.5, 8.625, 5.8125], "texture": "#0"},
				"east": {"uv": [6, 9, 6.0625, 9.3125], "texture": "#0"},
				"south": {"uv": [6, 8.5, 6.125, 8.8125], "texture": "#0"},
				"west": {"uv": [9, 6, 9.0625, 6.3125], "texture": "#0"},
				"up": {"uv": [9.625, 1.5625, 9.5, 1.5], "texture": "#0"},
				"down": {"uv": [2.125, 9.5, 2, 9.5625], "texture": "#0"}
			}
		},
		{
			"from": [7.8, 2.7, 7],
			"to": [8.2, 3.6, 8.4],
			"faces": {
				"north": {"uv": [3.5, 8, 3.6875, 8.375], "texture": "#0"},
				"east": {"uv": [5.5, 1.5, 6.1875, 1.875], "texture": "#0"},
				"south": {"uv": [8, 3.5, 8.1875, 3.875], "texture": "#0"},
				"west": {"uv": [3, 5.5, 3.6875, 5.875], "texture": "#0"},
				"up": {"uv": [7.1875, 3.6875, 7, 3], "texture": "#0"},
				"down": {"uv": [4.6875, 7, 4.5, 7.6875], "texture": "#0"}
			}
		},
		{
			"from": [7.8, 4.7, 7.8],
			"to": [8.2, 5.3, 8.1],
			"faces": {
				"north": {"uv": [4, 6, 4.375, 6.625], "texture": "#1"},
				"east": {"uv": [13, 1, 13.25, 1.625], "texture": "#1"},
				"south": {"uv": [6, 4, 6.375, 4.625], "texture": "#1"},
				"west": {"uv": [4, 13, 4.25, 13.625], "texture": "#1"},
				"up": {"uv": [6.375, 13.25, 6, 13], "texture": "#1"},
				"down": {"uv": [13.375, 6, 13, 6.25], "texture": "#1"}
			}
		},
		{
			"from": [7.8, 4.7, 5.8],
			"to": [8.2, 5.3, 6.1],
			"faces": {
				"north": {"uv": [5, 6, 5.375, 6.625], "texture": "#1"},
				"east": {"uv": [5, 13, 5.25, 13.625], "texture": "#1"},
				"south": {"uv": [6, 5, 6.375, 5.625], "texture": "#1"},
				"west": {"uv": [13, 5, 13.25, 5.625], "texture": "#1"},
				"up": {"uv": [7.375, 13.25, 7, 13], "texture": "#1"},
				"down": {"uv": [13.375, 7, 13, 7.25], "texture": "#1"}
			}
		},
		{
			"from": [7.6, 5.2, 7.8],
			"to": [8.4, 6, 8.1],
			"faces": {
				"north": {"uv": [0, 6, 0.75, 6.75], "texture": "#1"},
				"east": {"uv": [6, 6, 6.25, 6.75], "texture": "#1"},
				"south": {"uv": [6, 0, 6.75, 0.75], "texture": "#1"},
				"west": {"uv": [0, 7, 0.25, 7.75], "texture": "#1"},
				"up": {"uv": [7.75, 0.25, 7, 0], "texture": "#1"},
				"down": {"uv": [1.75, 7, 1, 7.25], "texture": "#1"}
			}
		},
		{
			"from": [7.6, 5.2, 5.8],
			"to": [8.4, 6, 6.1],
			"faces": {
				"north": {"uv": [1, 6, 1.75, 6.75], "texture": "#1"},
				"east": {"uv": [7, 1, 7.25, 1.75], "texture": "#1"},
				"south": {"uv": [6, 1, 6.75, 1.75], "texture": "#1"},
				"west": {"uv": [2, 7, 2.25, 7.75], "texture": "#1"},
				"up": {"uv": [7.75, 2.25, 7, 2], "texture": "#1"},
				"down": {"uv": [3.75, 7, 3, 7.25], "texture": "#1"}
			}
		},
		{
			"from": [7.7, 5.3, 5.4],
			"to": [8.3, 5.9, 8.5],
			"faces": {
				"north": {"uv": [3, 6, 3.625, 6.625], "texture": "#1"},
				"east": {"uv": [0, 0, 3.125, 0.625], "texture": "#1"},
				"south": {"uv": [6, 3, 6.625, 3.625], "texture": "#1"},
				"west": {"uv": [0, 1, 3.125, 1.625], "texture": "#1"},
				"up": {"uv": [0.625, 5.125, 0, 2], "texture": "#1"},
				"down": {"uv": [1.625, 2, 1, 5.125], "texture": "#1"}
			}
		},
		{
			"from": [7.6, 5.2, 8.5],
			"to": [8.4, 6, 10],
			"faces": {
				"north": {"uv": [2, 6, 2.75, 6.75], "texture": "#1"},
				"east": {"uv": [2, 2, 3.5, 2.75], "texture": "#1"},
				"south": {"uv": [6, 2, 6.75, 2.75], "texture": "#1"},
				"west": {"uv": [2, 3, 3.5, 3.75], "texture": "#1"},
				"up": {"uv": [4.75, 1.5, 4, 0], "texture": "#1"},
				"down": {"uv": [2.75, 4, 2, 5.5], "texture": "#1"}
			}
		},
		{
			"from": [7.6, 5.2, 4.4],
			"to": [8.5, 6, 5.4],
			"faces": {
				"north": {"uv": [5, 4, 5.875, 4.75], "texture": "#1"},
				"east": {"uv": [5, 3, 6, 3.75], "texture": "#1"},
				"south": {"uv": [5, 5, 5.875, 5.75], "texture": "#1"},
				"west": {"uv": [4, 5, 5, 5.75], "texture": "#1"},
				"up": {"uv": [4.875, 4, 4, 3], "texture": "#1"},
				"down": {"uv": [4.875, 4, 4, 5], "texture": "#1"}
			}
		},
		{
			"from": [7.5, 5.1, 3.5],
			"to": [8.5, 6.1, 4.4],
			"faces": {
				"north": {"uv": [4, 2, 5, 3], "texture": "#1"},
				"east": {"uv": [5, 0, 5.875, 1], "texture": "#1"},
				"south": {"uv": [3, 4, 4, 5], "texture": "#1"},
				"west": {"uv": [5, 1, 5.875, 2], "texture": "#1"},
				"up": {"uv": [6, 2.875, 5, 2], "texture": "#1"},
				"down": {"uv": [4, 5, 3, 5.875], "texture": "#1"}
			}
		},
		{
			"from": [7.93, 6.04617, 3.5],
			"to": [8.07, 6.09617, 4],
			"rotation": {"angle": 0, "axis": "y", "origin": [8.1, 5.14617, -7.5]},
			"faces": {
				"north": {"uv": [8, 13, 8.125, 13.125], "texture": "#1"},
				"east": {"uv": [7, 3, 8.5, 3.125], "texture": "#1"},
				"south": {"uv": [13, 8, 13.125, 8.125], "texture": "#1"},
				"west": {"uv": [4, 7, 5.5, 7.125], "texture": "#1"},
				"up": {"uv": [7.125, 5.5, 7, 4], "texture": "#1"},
				"down": {"uv": [6.125, 7, 6, 8.5], "texture": "#1"}
			}
		},
		{
			"from": [8.15127, 6.12997, 3.5],
			"to": [8.29127, 6.17997, 4],
			"rotation": {"angle": 22.5, "axis": "z", "origin": [8.32127, 5.22997, -7.5]},
			"faces": {
				"north": {"uv": [13, 9, 13.125, 9.125], "texture": "#1"},
				"east": {"uv": [7, 6, 8.5, 6.125], "texture": "#1"},
				"south": {"uv": [13, 10, 13.125, 10.125], "texture": "#1"},
				"west": {"uv": [7, 7, 8.5, 7.125], "texture": "#1"},
				"up": {"uv": [0.125, 9.5, 0, 8], "texture": "#1"},
				"down": {"uv": [8.125, 0, 8, 1.5], "texture": "#1"}
			}
		},
		{
			"from": [7.54362, 5.22206, 3.5],
			"to": [7.59362, 5.36206, 4],
			"rotation": {"angle": -45, "axis": "z", "origin": [8.49362, 5.39206, -7.5]},
			"faces": {
				"north": {"uv": [11, 13, 11.125, 13.125], "texture": "#1"},
				"east": {"uv": [1, 8, 2.5, 8.125], "texture": "#1"},
				"south": {"uv": [12, 13, 12.125, 13.125], "texture": "#1"},
				"west": {"uv": [8, 2, 9.5, 2.125], "texture": "#1"},
				"up": {"uv": [3.125, 9.5, 3, 8], "texture": "#1"},
				"down": {"uv": [4.125, 8, 4, 9.5], "texture": "#1"}
			}
		},
		{
			"from": [7.64083, 5.43777, 3.5],
			"to": [7.69083, 5.57777, 4],
			"rotation": {"angle": -22.5, "axis": "z", "origin": [8.59083, 5.60777, -7.5]},
			"faces": {
				"north": {"uv": [13, 13, 13.125, 13.125], "texture": "#1"},
				"east": {"uv": [8, 4, 9.5, 4.125], "texture": "#1"},
				"south": {"uv": [1, 14, 1.125, 14.125], "texture": "#1"},
				"west": {"uv": [8, 5, 9.5, 5.125], "texture": "#1"},
				"up": {"uv": [5.125, 9.5, 5, 8], "texture": "#1"},
				"down": {"uv": [7.125, 8, 7, 9.5], "texture": "#1"}
			}
		},
		{
			"from": [7.64809, 5.67426, 3.5],
			"to": [7.69809, 5.81426, 4],
			"rotation": {"angle": 0, "axis": "z", "origin": [8.59809, 5.84426, -7.5]},
			"faces": {
				"north": {"uv": [14, 1, 14.125, 1.125], "texture": "#1"},
				"east": {"uv": [8, 8, 9.5, 8.125], "texture": "#1"},
				"south": {"uv": [2, 14, 2.125, 14.125], "texture": "#1"},
				"west": {"uv": [9, 0, 10.5, 0.125], "texture": "#1"},
				"up": {"uv": [1.125, 10.5, 1, 9], "texture": "#1"},
				"down": {"uv": [2.125, 9, 2, 10.5], "texture": "#1"}
			}
		},
		{
			"from": [7.56429, 5.89552, 3.5],
			"to": [7.61429, 6.03552, 4],
			"rotation": {"angle": 22.5, "axis": "z", "origin": [8.51429, 6.06552, -7.5]},
			"faces": {
				"north": {"uv": [14, 2, 14.125, 2.125], "texture": "#1"},
				"east": {"uv": [9, 1, 10.5, 1.125], "texture": "#1"},
				"south": {"uv": [14, 3, 14.125, 3.125], "texture": "#1"},
				"west": {"uv": [9, 3, 10.5, 3.125], "texture": "#1"},
				"up": {"uv": [6.125, 10.5, 6, 9], "texture": "#1"},
				"down": {"uv": [9.125, 6, 9, 7.5], "texture": "#1"}
			}
		},
		{
			"from": [7.4022, 6.06788, 3.5],
			"to": [7.4522, 6.20788, 4],
			"rotation": {"angle": 45, "axis": "z", "origin": [8.3522, 6.23788, -7.5]},
			"faces": {
				"north": {"uv": [4, 14, 4.125, 14.125], "texture": "#1"},
				"east": {"uv": [8, 9, 9.5, 9.125], "texture": "#1"},
				"south": {"uv": [14, 4, 14.125, 4.125], "texture": "#1"},
				"west": {"uv": [10, 2, 11.5, 2.125], "texture": "#1"},
				"up": {"uv": [0.125, 11.5, 0, 10], "texture": "#1"},
				"down": {"uv": [3.125, 10, 3, 11.5], "texture": "#1"}
			}
		},
		{
			"from": [8.16649, 5.38509, 3.5],
			"to": [8.30649, 5.43509, 4],
			"rotation": {"angle": -22.5, "axis": "z", "origin": [8.13649, 6.33509, -7.5]},
			"faces": {
				"north": {"uv": [5, 14, 5.125, 14.125], "texture": "#1"},
				"east": {"uv": [4, 10, 5.5, 10.125], "texture": "#1"},
				"south": {"uv": [14, 5, 14.125, 5.125], "texture": "#1"},
				"west": {"uv": [10, 4, 11.5, 4.125], "texture": "#1"},
				"up": {"uv": [10.125, 6.5, 10, 5], "texture": "#1"},
				"down": {"uv": [7.125, 10, 7, 11.5], "texture": "#1"}
			}
		},
		{
			"from": [7.69351, 5.38509, 3.5],
			"to": [7.83351, 5.43509, 4],
			"rotation": {"angle": 22.5, "axis": "z", "origin": [7.86351, 6.33509, -7.5]},
			"faces": {
				"north": {"uv": [6, 14, 6.125, 14.125], "texture": "#1"},
				"east": {"uv": [10, 7, 11.5, 7.125], "texture": "#1"},
				"south": {"uv": [14, 6, 14.125, 6.125], "texture": "#1"},
				"west": {"uv": [8, 10, 9.5, 10.125], "texture": "#1"},
				"up": {"uv": [10.125, 9.5, 10, 8], "texture": "#1"},
				"down": {"uv": [10.125, 10, 10, 11.5], "texture": "#1"}
			}
		},
		{
			"from": [8.5478, 6.06788, 3.5],
			"to": [8.5978, 6.20788, 4],
			"rotation": {"angle": -45, "axis": "z", "origin": [7.6478, 6.23788, -7.5]},
			"faces": {
				"north": {"uv": [7, 14, 7.125, 14.125], "texture": "#1"},
				"east": {"uv": [11, 0, 12.5, 0.125], "texture": "#1"},
				"south": {"uv": [14, 7, 14.125, 7.125], "texture": "#1"},
				"west": {"uv": [1, 11, 2.5, 11.125], "texture": "#1"},
				"up": {"uv": [4.125, 12.5, 4, 11], "texture": "#1"},
				"down": {"uv": [5.125, 11, 5, 12.5], "texture": "#1"}
			}
		},
		{
			"from": [8.38571, 5.89552, 3.5],
			"to": [8.43571, 6.03552, 4],
			"rotation": {"angle": -22.5, "axis": "z", "origin": [7.48571, 6.06552, -7.5]},
			"faces": {
				"north": {"uv": [8, 14, 8.125, 14.125], "texture": "#1"},
				"east": {"uv": [11, 1, 12.5, 1.125], "texture": "#1"},
				"south": {"uv": [14, 8, 14.125, 8.125], "texture": "#1"},
				"west": {"uv": [11, 3, 12.5, 3.125], "texture": "#1"},
				"up": {"uv": [11.125, 6.5, 11, 5], "texture": "#1"},
				"down": {"uv": [6.125, 11, 6, 12.5], "texture": "#1"}
			}
		},
		{
			"from": [8.30191, 5.67426, 3.5],
			"to": [8.35191, 5.81426, 4],
			"rotation": {"angle": 0, "axis": "y", "origin": [7.40191, 5.84426, -7.5]},
			"faces": {
				"north": {"uv": [9, 14, 9.125, 14.125], "texture": "#1"},
				"east": {"uv": [8, 11, 9.5, 11.125], "texture": "#1"},
				"south": {"uv": [14, 9, 14.125, 9.125], "texture": "#1"},
				"west": {"uv": [11, 8, 12.5, 8.125], "texture": "#1"},
				"up": {"uv": [11.125, 10.5, 11, 9], "texture": "#1"},
				"down": {"uv": [11.125, 11, 11, 12.5], "texture": "#1"}
			}
		},
		{
			"from": [8.30917, 5.43777, 3.5],
			"to": [8.35917, 5.57777, 4],
			"rotation": {"angle": 22.5, "axis": "z", "origin": [7.40917, 5.60777, -7.5]},
			"faces": {
				"north": {"uv": [10, 14, 10.125, 14.125], "texture": "#1"},
				"east": {"uv": [0, 12, 1.5, 12.125], "texture": "#1"},
				"south": {"uv": [14, 10, 14.125, 10.125], "texture": "#1"},
				"west": {"uv": [2, 12, 3.5, 12.125], "texture": "#1"},
				"up": {"uv": [12.125, 5.5, 12, 4], "texture": "#1"},
				"down": {"uv": [12.125, 6, 12, 7.5], "texture": "#1"}
			}
		},
		{
			"from": [8.40638, 5.22206, 3.5],
			"to": [8.45638, 5.36206, 4],
			"rotation": {"angle": 45, "axis": "z", "origin": [7.50638, 5.39206, -7.5]},
			"faces": {
				"north": {"uv": [11, 14, 11.125, 14.125], "texture": "#1"},
				"east": {"uv": [12, 2, 13.5, 2.125], "texture": "#1"},
				"south": {"uv": [14, 11, 14.125, 11.125], "texture": "#1"},
				"west": {"uv": [7, 12, 8.5, 12.125], "texture": "#1"},
				"up": {"uv": [9.125, 13.5, 9, 12], "texture": "#1"},
				"down": {"uv": [12.125, 9, 12, 10.5], "texture": "#1"}
			}
		},
		{
			"from": [7.70873, 6.12997, 3.5],
			"to": [7.84873, 6.17997, 4],
			"rotation": {"angle": -22.5, "axis": "z", "origin": [7.67873, 5.22997, -7.5]},
			"faces": {
				"north": {"uv": [12, 14, 12.125, 14.125], "texture": "#1"},
				"east": {"uv": [12, 11, 13.5, 11.125], "texture": "#1"},
				"south": {"uv": [14, 12, 14.125, 12.125], "texture": "#1"},
				"west": {"uv": [12, 12, 13.5, 12.125], "texture": "#1"},
				"up": {"uv": [10.125, 13.5, 10, 12], "texture": "#1"},
				"down": {"uv": [0.125, 13, 0, 14.5], "texture": "#1"}
			}
		},
		{
			"from": [7.93, 5.39234, 3.5],
			"to": [8.07, 5.44234, 4],
			"rotation": {"angle": 0, "axis": "y", "origin": [8.1, 4.49234, -7.5]},
			"faces": {
				"north": {"uv": [13, 14, 13.125, 14.125], "texture": "#1"},
				"east": {"uv": [13, 0, 14.5, 0.125], "texture": "#1"},
				"south": {"uv": [14, 13, 14.125, 13.125], "texture": "#1"},
				"west": {"uv": [1, 13, 2.5, 13.125], "texture": "#1"},
				"up": {"uv": [3.125, 14.5, 3, 13], "texture": "#1"},
				"down": {"uv": [13.125, 3, 13, 4.5], "texture": "#1"}
			}
		}
	],
	"display": {
		"thirdperson_righthand": {
			"translation": [0, 5.75, -1.25],
			"scale": [1.2, 1.2, 1.2]
		},
		"thirdperson_lefthand": {
			"scale": [0, 0, 0]
		},
		"firstperson_righthand": {
			"translation": [-9.02, 15, 22.3],
			"scale": [3, 3, 3]
		},
		"firstperson_lefthand": {
			"rotation": [0, 84, 0],
			"translation": [-7.25, 12.5, 0]
		},
		"gui": {
			"rotation": [30, 51.5, 0],
			"translation": [2.25, 3.5, 0]
		}
	},
	"groups": [
		{
			"name": "awp",
			"origin": [8, 8, 8],
			"color": 0,
			"children": [
				{
					"name": "wei",
					"origin": [8, 8, 8],
					"color": 0,
					"children": [0, 1, 2, 3, 4, 5, 6, 7, 8, 9, 10, 11, 12, 13, 14, 15, 16, 17, 18, 19]
				},
				{
					"name": "main",
					"origin": [8, 8, 8],
					"color": 0,
					"children": [20, 21, 22, 23, 24, 25, 26, 27, 28, 29, 30, 31, 32, 33, 34]
				}
			]
		},
		{
			"name": "jing",
			"origin": [8, 8, 8],
			"color": 0,
			"children": [35, 36, 37, 38, 39, 40, 41, 42,
				{
					"name": "group",
					"origin": [8, 8, 8],
					"color": 0,
					"children": [43, 44, 45, 46, 47, 48, 49, 50, 51, 52, 53, 54, 55, 56, 57, 58]
				}
			]
		}
	]
}