{
	"credit": "Made with Blockbench",
	"texture_size": [32, 32],
	"textures": {
		"0": "gun/bishou/bishou_win",
		"particle": "gun/bishou/bishou_win"
	},
	"elements": [
		{
			"from": [7, 0, 7],
			"to": [9, 0.5, 9],
			"faces": {
				"north": {"uv": [0, 7, 1, 7.25], "texture": "#0"},
				"east": {"uv": [7, 2.5, 8, 2.75], "texture": "#0"},
				"south": {"uv": [7, 3, 8, 3.25], "texture": "#0"},
				"west": {"uv": [7, 5, 8, 5.25], "texture": "#0"},
				"up": {"uv": [6, 2, 5, 1], "texture": "#0"},
				"down": {"uv": [6, 2, 5, 3], "texture": "#0"}
			}
		},
		{
			"from": [7.1, 0, 7.1],
			"to": [8.9, 5.5, 8.9],
			"faces": {
				"north": {"uv": [3, 0, 4, 2.75], "texture": "#0"},
				"east": {"uv": [3, 3, 4, 5.75], "texture": "#0"},
				"south": {"uv": [0, 4, 1, 6.75], "texture": "#0"},
				"west": {"uv": [4, 0, 5, 2.75], "texture": "#0"},
				"up": {"uv": [2, 6.5, 1, 5.5], "texture": "#0"},
				"down": {"uv": [3, 5.5, 2, 6.5], "texture": "#0"}
			}
		},
		{
			"from": [6, 5.5, 7],
			"to": [10, 6, 9],
			"faces": {
				"north": {"uv": [6.5, 4.5, 8.5, 4.75], "texture": "#0"},
				"east": {"uv": [7, 5.5, 8, 5.75], "texture": "#0"},
				"south": {"uv": [7, 0, 9, 0.25], "texture": "#0"},
				"west": {"uv": [6, 7, 7, 7.25], "texture": "#0"},
				"up": {"uv": [6, 5.5, 4, 4.5], "texture": "#0"},
				"down": {"uv": [7, 0, 5, 1], "texture": "#0"}
			}
		},
		{
			"from": [6.6, 5.5, 7.8],
			"to": [9.4, 8.4, 8.2],
			"faces": {
				"north": {"uv": [1, 4, 2.5, 5.5], "texture": "#0"},
				"east": {"uv": [2.5, 4, 2.75, 5.5], "texture": "#0"},
				"south": {"uv": [4, 3, 5.5, 4.5], "texture": "#0"},
				"west": {"uv": [5.5, 3, 5.75, 4.5], "texture": "#0"},
				"up": {"uv": [8.5, 0.75, 7, 0.5], "texture": "#0"},
				"down": {"uv": [8.5, 1, 7, 1.25], "texture": "#0"}
			}
		},
		{
			"from": [6.6, 8.4, 7.8],
			"to": [9.2, 16.3, 8.2],
			"faces": {
				"north": {"uv": [0, 0, 1.25, 4], "texture": "#0"},
				"east": {"uv": [4, 5.5, 4.25, 9.5], "texture": "#0"},
				"south": {"uv": [1.5, 0, 2.75, 4], "texture": "#0"},
				"west": {"uv": [4.5, 5.5, 4.75, 9.5], "texture": "#0"},
				"up": {"uv": [8.25, 1.75, 7, 1.5], "texture": "#0"},
				"down": {"uv": [8.25, 2, 7, 2.25], "texture": "#0"}
			}
		},
		{
			"from": [6.13066, 8.4, 17.17279],
			"to": [6.33066, 16.3, 17.37279],
			"rotation": {"angle": 45, "axis": "y", "origin": [-3.46934, 0, 9.07279]},
			"faces": {
				"north": {"uv": [5, 5.5, 5.25, 9.5], "texture": "#0"},
				"east": {"uv": [5.5, 5.5, 5.75, 9.5], "texture": "#0"},
				"south": {"uv": [6, 1, 6.25, 5], "texture": "#0"},
				"west": {"uv": [3, 6, 3.25, 10], "texture": "#0"},
				"up": {"uv": [8.25, 3.75, 8, 3.5], "texture": "#0"},
				"down": {"uv": [8.25, 4, 8, 4.25], "texture": "#0"}
			}
		},
		{
			"from": [13.6629, 13.64709, 7.8],
			"to": [14.3629, 18.74709, 8.2],
			"rotation": {"angle": 22.5, "axis": "z", "origin": [5.0629, 2.24709, 0]},
			"faces": {
				"north": {"uv": [3.5, 6, 3.75, 8.5], "texture": "#0"},
				"east": {"uv": [1, 6.5, 1.25, 9], "texture": "#0"},
				"south": {"uv": [6.5, 1, 6.75, 3.5], "texture": "#0"},
				"west": {"uv": [1.5, 6.5, 1.75, 9], "texture": "#0"},
				"up": {"uv": [8.25, 5.25, 8, 5], "texture": "#0"},
				"down": {"uv": [8.25, 5.5, 8, 5.75], "texture": "#0"}
			}
		},
		{
			"from": [6.6, 16.3, 7.8],
			"to": [8.6, 17.8, 8.2],
			"faces": {
				"north": {"uv": [6, 5, 7, 5.75], "texture": "#0"},
				"east": {"uv": [2.5, 7.5, 2.75, 8.25], "texture": "#0"},
				"south": {"uv": [6, 6, 7, 6.75], "texture": "#0"},
				"west": {"uv": [7.5, 3.5, 7.75, 4.25], "texture": "#0"},
				"up": {"uv": [8, 6.25, 7, 6], "texture": "#0"},
				"down": {"uv": [8, 6.5, 7, 6.75], "texture": "#0"}
			}
		},
		{
			"from": [6.6, 17.8, 7.8],
			"to": [8, 19.3, 8.2],
			"faces": {
				"north": {"uv": [2, 6.5, 2.75, 7.25], "texture": "#0"},
				"east": {"uv": [6, 7.5, 6.25, 8.25], "texture": "#0"},
				"south": {"uv": [6.5, 3.5, 7.25, 4.25], "texture": "#0"},
				"west": {"uv": [6.5, 7.5, 6.75, 8.25], "texture": "#0"},
				"up": {"uv": [8.25, 7.25, 7.5, 7], "texture": "#0"},
				"down": {"uv": [8.25, 7.5, 7.5, 7.75], "texture": "#0"}
			}
		},
		{
			"from": [6.6, 19.3, 7.8],
			"to": [7.3, 20.8, 8.2],
			"faces": {
				"north": {"uv": [7, 7, 7.25, 7.75], "texture": "#0"},
				"east": {"uv": [0, 7.5, 0.25, 8.25], "texture": "#0"},
				"south": {"uv": [0.5, 7.5, 0.75, 8.25], "texture": "#0"},
				"west": {"uv": [2, 7.5, 2.25, 8.25], "texture": "#0"},
				"up": {"uv": [8.25, 2.75, 8, 2.5], "texture": "#0"},
				"down": {"uv": [8.25, 3, 8, 3.25], "texture": "#0"}
			}
		}
	],
	"display": {
		"thirdperson_righthand": {
			"rotation": [5, 78.25, -1.75],
			"translation": [0, 2, 0.5],
			"scale": [0.5, 0.5, 0.5]
		},
		"thirdperson_lefthand": {
			"scale": [0, 0, 0]
		},
		"firstperson_righthand": {
			"rotation": [-33.75, 103.5, 0],
			"translation": [0.25, 1.5, 0],
			"scale": [0.5, 0.5, 0.5]
		},
		"firstperson_lefthand": {
			"rotation": [0, -1, 33],
			"translation": [-7.25, 4.75, -9]
		},
		"ground": {
			"rotation": [0, 0, -38.75],
			"scale": [0.5, 0.5, 0.5]
		},
		"gui": {
			"rotation": [0, 154, -42.75],
			"translation": [0.5, -1.25, -80],
			"scale": [0.8, 0.8, 0.8]
		}
	}
}