{
	"credit": "Made with Blockbench",
	"texture_size": [64, 64],
	"textures": {
		"0": "gun/fmg9/fmg9",
		"particle": "gun/fmg9/fmg9"
	},
	"elements": [
		{
			"from": [7.3, 3.2, 20.8],
			"to": [8.7, 7.6, 21],
			"rotation": {"angle": 0, "axis": "y", "origin": [0, 0, 5]},
			"faces": {
				"north": {"uv": [4.75, 3.5, 5.125, 4.625], "texture": "#0"},
				"east": {"uv": [3, 7.5, 3.0625, 8.625], "texture": "#0"},
				"south": {"uv": [3.75, 4.75, 4.125, 5.875], "texture": "#0"},
				"west": {"uv": [5.5, 7.5, 5.5625, 8.625], "texture": "#0"},
				"up": {"uv": [8.875, 8.3125, 8.5, 8.25], "texture": "#0"},
				"down": {"uv": [8.875, 8.5, 8.5, 8.5625], "texture": "#0"}
			}
		},
		{
			"from": [7.3, -2.60281, 23.22729],
			"to": [8.7, -0.10281, 23.42729],
			"rotation": {"angle": -22.5, "axis": "x", "origin": [0, -5.80281, 7.42729]},
			"faces": {
				"north": {"uv": [5.5, 0, 5.875, 0.625], "texture": "#0"},
				"east": {"uv": [0.5, 8.5, 0.5625, 9.125], "texture": "#0"},
				"south": {"uv": [5.5, 0.75, 5.875, 1.375], "texture": "#0"},
				"west": {"uv": [8.5, 0.5, 8.5625, 1.125], "texture": "#0"},
				"up": {"uv": [9.125, 0.5625, 8.75, 0.5], "texture": "#0"},
				"down": {"uv": [1.125, 8.75, 0.75, 8.8125], "texture": "#0"}
			}
		},
		{
			"from": [7.3, 5.3, 10],
			"to": [8.7, 7.6, 20.8],
			"rotation": {"angle": 0, "axis": "y", "origin": [0, 0, 6.2]},
			"faces": {
				"north": {"uv": [1, 5.75, 1.375, 6.3125], "texture": "#0"},
				"east": {"uv": [0, 1.5, 2.6875, 2.0625], "texture": "#0"},
				"south": {"uv": [1.5, 5.75, 1.875, 6.3125], "texture": "#0"},
				"west": {"uv": [0, 2.25, 2.6875, 2.8125], "texture": "#0"},
				"up": {"uv": [0.875, 5.6875, 0.5, 3], "texture": "#0"},
				"down": {"uv": [1.375, 3, 1, 5.6875], "texture": "#0"}
			}
		},
		{
			"from": [5.37416, 15.69497, 10],
			"to": [5.67416, 15.89497, 21],
			"rotation": {"angle": -45, "axis": "z", "origin": [-2.82584, 8.09497, 6.2]},
			"faces": {
				"north": {"uv": [6.75, 9, 6.8125, 9.0625], "texture": "#0"},
				"east": {"uv": [5.75, 4.75, 8.5, 4.8125], "texture": "#0"},
				"south": {"uv": [7, 9, 7.0625, 9.0625], "texture": "#0"},
				"west": {"uv": [5.75, 5, 8.5, 5.0625], "texture": "#0"},
				"up": {"uv": [6.0625, 2.75, 6, 0], "texture": "#0"},
				"down": {"uv": [0.3125, 6, 0.25, 8.75], "texture": "#0"}
			}
		},
		{
			"from": [10.32584, 15.69497, 10],
			"to": [10.62584, 15.89497, 21],
			"rotation": {"angle": 45, "axis": "z", "origin": [18.82584, 8.09497, 6.2]},
			"faces": {
				"north": {"uv": [7.25, 9, 7.3125, 9.0625], "texture": "#0"},
				"east": {"uv": [6, 2.75, 8.75, 2.8125], "texture": "#0"},
				"south": {"uv": [9, 7.25, 9.0625, 7.3125], "texture": "#0"},
				"west": {"uv": [6, 5.5, 8.75, 5.5625], "texture": "#0"},
				"up": {"uv": [2.5625, 8.75, 2.5, 6], "texture": "#0"},
				"down": {"uv": [2.8125, 6, 2.75, 8.75], "texture": "#0"}
			}
		},
		{
			"from": [7.3, 4.9, 20.1],
			"to": [8.7, 5.3, 20.8],
			"rotation": {"angle": 0, "axis": "y", "origin": [0, 0, 6.2]},
			"faces": {
				"north": {"uv": [8, 0.5, 8.375, 0.625], "texture": "#0"},
				"east": {"uv": [0.25, 8.75, 0.4375, 8.875], "texture": "#0"},
				"south": {"uv": [8, 0.75, 8.375, 0.875], "texture": "#0"},
				"west": {"uv": [8.75, 0.75, 8.9375, 0.875], "texture": "#0"},
				"up": {"uv": [6.125, 7.6875, 5.75, 7.5], "texture": "#0"},
				"down": {"uv": [6.625, 7.5, 6.25, 7.6875], "texture": "#0"}
			}
		},
		{
			"from": [7.3, 4.5, 20.3],
			"to": [8.7, 4.9, 20.8],
			"rotation": {"angle": 0, "axis": "y", "origin": [0, 0, 5]},
			"faces": {
				"north": {"uv": [4.5, 8, 4.875, 8.125], "texture": "#0"},
				"east": {"uv": [8.75, 7.25, 8.875, 7.375], "texture": "#0"},
				"south": {"uv": [5, 8, 5.375, 8.125], "texture": "#0"},
				"west": {"uv": [8.75, 7.5, 8.875, 7.625], "texture": "#0"},
				"up": {"uv": [6.125, 8.125, 5.75, 8], "texture": "#0"},
				"down": {"uv": [6.625, 8, 6.25, 8.125], "texture": "#0"}
			}
		},
		{
			"from": [7.3, 4.2, 20.4],
			"to": [8.7, 4.5, 20.8],
			"rotation": {"angle": 0, "axis": "y", "origin": [0, 0, 5]},
			"faces": {
				"north": {"uv": [8.75, 1, 9.125, 1.0625], "texture": "#0"},
				"east": {"uv": [4.5, 9, 4.625, 9.0625], "texture": "#0"},
				"south": {"uv": [8.75, 1.5, 9.125, 1.5625], "texture": "#0"},
				"west": {"uv": [4.75, 9, 4.875, 9.0625], "texture": "#0"},
				"up": {"uv": [7.625, 8.125, 7.25, 8], "texture": "#0"},
				"down": {"uv": [8.375, 7.5, 8, 7.625], "texture": "#0"}
			}
		},
		{
			"from": [7.3, 3.7, 20.6],
			"to": [8.7, 4.2, 20.8],
			"rotation": {"angle": 0, "axis": "y", "origin": [0, 0, 5]},
			"faces": {
				"north": {"uv": [7.75, 8, 8.125, 8.125], "texture": "#0"},
				"east": {"uv": [5, 9, 5.0625, 9.125], "texture": "#0"},
				"south": {"uv": [8.25, 2.5, 8.625, 2.625], "texture": "#0"},
				"west": {"uv": [5.25, 9, 5.3125, 9.125], "texture": "#0"},
				"up": {"uv": [2.125, 8.8125, 1.75, 8.75], "texture": "#0"},
				"down": {"uv": [9.125, 1.75, 8.75, 1.8125], "texture": "#0"}
			}
		},
		{
			"from": [7.3, 7.8, 10],
			"to": [8.7, 8.1, 15.3],
			"rotation": {"angle": 0, "axis": "y", "origin": [0, 0, 6.2]},
			"faces": {
				"north": {"uv": [2.25, 8.75, 2.625, 8.8125], "texture": "#0"},
				"east": {"uv": [7.25, 5.25, 8.5625, 5.3125], "texture": "#0"},
				"south": {"uv": [8.75, 2.5, 9.125, 2.5625], "texture": "#0"},
				"west": {"uv": [5.5, 7.25, 6.8125, 7.3125], "texture": "#0"},
				"up": {"uv": [4.875, 3.3125, 4.5, 2], "texture": "#0"},
				"down": {"uv": [3.125, 4.5, 2.75, 5.8125], "texture": "#0"}
			}
		},
		{
			"from": [7.3, 8.1, 10],
			"to": [8.7, 8.2, 14.5],
			"rotation": {"angle": 0, "axis": "y", "origin": [0, 0, 6.2]},
			"faces": {
				"north": {"uv": [2.75, 8.75, 3.125, 8.8125], "texture": "#0"},
				"east": {"uv": [6.75, 7.5, 7.875, 7.5625], "texture": "#0"},
				"south": {"uv": [8.75, 2.75, 9.125, 2.8125], "texture": "#0"},
				"west": {"uv": [7.5, 7, 8.625, 7.0625], "texture": "#0"},
				"up": {"uv": [5.125, 5.875, 4.75, 4.75], "texture": "#0"},
				"down": {"uv": [5.375, 0, 5, 1.125], "texture": "#0"}
			}
		},
		{
			"from": [7.3, 8.2, 10],
			"to": [8.7, 8.3, 13.7],
			"rotation": {"angle": 0, "axis": "y", "origin": [0, 0, 6.2]},
			"faces": {
				"north": {"uv": [3.25, 8.75, 3.625, 8.8125], "texture": "#0"},
				"east": {"uv": [4.5, 7.75, 5.4375, 7.8125], "texture": "#0"},
				"south": {"uv": [8.75, 3.25, 9.125, 3.3125], "texture": "#0"},
				"west": {"uv": [5.75, 7.75, 6.6875, 7.8125], "texture": "#0"},
				"up": {"uv": [5.375, 2.1875, 5, 1.25], "texture": "#0"},
				"down": {"uv": [5.375, 2.25, 5, 3.1875], "texture": "#0"}
			}
		},
		{
			"from": [7.3, 8.3, 10],
			"to": [8.7, 8.4, 12.6],
			"rotation": {"angle": 0, "axis": "y", "origin": [0, 0, 6.2]},
			"faces": {
				"north": {"uv": [8.75, 3.5, 9.125, 3.5625], "texture": "#0"},
				"east": {"uv": [0.75, 8.5, 1.375, 8.5625], "texture": "#0"},
				"south": {"uv": [3.75, 8.75, 4.125, 8.8125], "texture": "#0"},
				"west": {"uv": [8.5, 1.25, 9.125, 1.3125], "texture": "#0"},
				"up": {"uv": [5.875, 2.125, 5.5, 1.5], "texture": "#0"},
				"down": {"uv": [5.875, 2.25, 5.5, 2.875], "texture": "#0"}
			}
		},
		{
			"from": [7.3, 5.3, -1.3],
			"to": [8.7, 7.6, 10],
			"rotation": {"angle": 0, "axis": "y", "origin": [0, 0, -6]},
			"faces": {
				"north": {"uv": [5.5, 5.5, 5.875, 6.0625], "texture": "#0"},
				"east": {"uv": [0, 0, 2.8125, 0.5625], "texture": "#0"},
				"south": {"uv": [0.5, 5.75, 0.875, 6.3125], "texture": "#0"},
				"west": {"uv": [0, 0.75, 2.8125, 1.3125], "texture": "#0"},
				"up": {"uv": [3.125, 4.3125, 2.75, 1.5], "texture": "#0"},
				"down": {"uv": [0.375, 3, 0, 5.8125], "texture": "#0"}
			}
		},
		{
			"from": [7.5, 7.6, -1.3],
			"to": [8.5, 7.8, 10],
			"rotation": {"angle": 0, "axis": "y", "origin": [0, 0, -6]},
			"faces": {
				"north": {"uv": [7.75, 8.75, 8, 8.8125], "texture": "#0"},
				"east": {"uv": [5.75, 3.25, 8.5625, 3.3125], "texture": "#0"},
				"south": {"uv": [8.75, 7.75, 9, 7.8125], "texture": "#0"},
				"west": {"uv": [5.75, 3.5, 8.5625, 3.5625], "texture": "#0"},
				"up": {"uv": [2.75, 5.8125, 2.5, 3], "texture": "#0"},
				"down": {"uv": [3.5, 0, 3.25, 2.8125], "texture": "#0"}
			}
		},
		{
			"from": [7.5, 7.6, 10],
			"to": [8.5, 7.8, 21],
			"rotation": {"angle": 0, "axis": "y", "origin": [0, 0, -6]},
			"faces": {
				"north": {"uv": [8, 8.75, 8.25, 8.8125], "texture": "#0"},
				"east": {"uv": [6, 5.75, 8.75, 5.8125], "texture": "#0"},
				"south": {"uv": [8.25, 8.75, 8.5, 8.8125], "texture": "#0"},
				"west": {"uv": [6, 6, 8.75, 6.0625], "texture": "#0"},
				"up": {"uv": [3.5, 5.75, 3.25, 3], "texture": "#0"},
				"down": {"uv": [3.75, 0, 3.5, 2.75], "texture": "#0"}
			}
		},
		{
			"from": [5.37416, 15.69497, -1.3],
			"to": [5.67416, 15.89497, 10],
			"rotation": {"angle": -45, "axis": "z", "origin": [-2.82584, 8.09497, -6]},
			"faces": {
				"north": {"uv": [7.5, 9, 7.5625, 9.0625], "texture": "#0"},
				"east": {"uv": [5.75, 3.75, 8.5625, 3.8125], "texture": "#0"},
				"south": {"uv": [9, 7.5, 9.0625, 7.5625], "texture": "#0"},
				"west": {"uv": [5.75, 4, 8.5625, 4.0625], "texture": "#0"},
				"up": {"uv": [2.0625, 8.5625, 2, 5.75], "texture": "#0"},
				"down": {"uv": [2.3125, 5.75, 2.25, 8.5625], "texture": "#0"}
			}
		},
		{
			"from": [10.32584, 15.69497, -1.3],
			"to": [10.62584, 15.89497, 10],
			"rotation": {"angle": 45, "axis": "z", "origin": [18.82584, 8.09497, -6]},
			"faces": {
				"north": {"uv": [7.75, 9, 7.8125, 9.0625], "texture": "#0"},
				"east": {"uv": [5.75, 4.25, 8.5625, 4.3125], "texture": "#0"},
				"south": {"uv": [9, 7.75, 9.0625, 7.8125], "texture": "#0"},
				"west": {"uv": [5.75, 4.5, 8.5625, 4.5625], "texture": "#0"},
				"up": {"uv": [3.3125, 8.5625, 3.25, 5.75], "texture": "#0"},
				"down": {"uv": [0.0625, 6, 0, 8.8125], "texture": "#0"}
			}
		},
		{
			"from": [7.4, -3.7, 7.7],
			"to": [8.6, 0.2, 9.7],
			"rotation": {"angle": -22.5, "axis": "x", "origin": [0, 0, -6]},
			"faces": {
				"north": {"uv": [5.25, 3.25, 5.5625, 4.25], "texture": "#0"},
				"east": {"uv": [4.25, 0, 4.75, 1], "texture": "#0"},
				"south": {"uv": [5.25, 4.25, 5.5625, 5.25], "texture": "#0"},
				"west": {"uv": [4.5, 1, 5, 2], "texture": "#0"},
				"up": {"uv": [5.0625, 6.5, 4.75, 6], "texture": "#0"},
				"down": {"uv": [6.5625, 0.5, 6.25, 1], "texture": "#0"}
			}
		},
		{
			"from": [7.4, 9.8, 5.5],
			"to": [8.6, 11, 6.3],
			"rotation": {"angle": 22.5, "axis": "x", "origin": [0, 0, -6]},
			"faces": {
				"north": {"uv": [4.5, 6.75, 4.8125, 7.0625], "texture": "#0"},
				"east": {"uv": [6.75, 7.75, 6.9375, 8.0625], "texture": "#0"},
				"south": {"uv": [5.5, 6.75, 5.8125, 7.0625], "texture": "#0"},
				"west": {"uv": [7, 7.75, 7.1875, 8.0625], "texture": "#0"},
				"up": {"uv": [7.5625, 7.9375, 7.25, 7.75], "texture": "#0"},
				"down": {"uv": [8.0625, 7.75, 7.75, 7.9375], "texture": "#0"}
			}
		},
		{
			"from": [7.5, -8.1, 7.9],
			"to": [8.5, -2.3, 9.5],
			"rotation": {"angle": -22.5, "axis": "x", "origin": [0, 0, -6]},
			"faces": {
				"north": {"uv": [3, 0, 3.25, 1.4375], "texture": "#0"},
				"east": {"uv": [4, 1.75, 4.375, 3.1875], "texture": "#0"},
				"south": {"uv": [4.25, 4.75, 4.5, 6.1875], "texture": "#0"},
				"west": {"uv": [4, 3.25, 4.375, 4.6875], "texture": "#0"},
				"up": {"uv": [5.25, 7.125, 5, 6.75], "texture": "#0"},
				"down": {"uv": [3.25, 7, 3, 7.375], "texture": "#0"}
			}
		},
		{
			"from": [7.5, -1.4, 6.8],
			"to": [8.5, -1.1, 7.7],
			"rotation": {"angle": -22.5, "axis": "x", "origin": [0, 0, -6]},
			"faces": {
				"north": {"uv": [8.5, 8.75, 8.75, 8.8125], "texture": "#0"},
				"east": {"uv": [8.75, 8.75, 9, 8.8125], "texture": "#0"},
				"south": {"uv": [0, 9, 0.25, 9.0625], "texture": "#0"},
				"west": {"uv": [9, 0, 9.25, 0.0625], "texture": "#0"},
				"up": {"uv": [4.5, 1.75, 4.25, 1.5], "texture": "#0"},
				"down": {"uv": [4, 4.5, 3.75, 4.75], "texture": "#0"}
			}
		},
		{
			"from": [7.5, 3.60492, 4.56141],
			"to": [8.5, 3.90492, 6.36141],
			"rotation": {"angle": 0, "axis": "x", "origin": [0, 5.00492, -7.33859]},
			"faces": {
				"north": {"uv": [0.25, 9, 0.5, 9.0625], "texture": "#0"},
				"east": {"uv": [8, 8.5, 8.4375, 8.5625], "texture": "#0"},
				"south": {"uv": [9, 0.25, 9.25, 0.3125], "texture": "#0"},
				"west": {"uv": [8.5, 8, 8.9375, 8.0625], "texture": "#0"},
				"up": {"uv": [6.75, 6.9375, 6.5, 6.5], "texture": "#0"},
				"down": {"uv": [7, 0.5, 6.75, 0.9375], "texture": "#0"}
			}
		},
		{
			"from": [7.5, 12.88223, 9.164],
			"to": [8.5, 13.18223, 9.564],
			"rotation": {"angle": 45, "axis": "x", "origin": [0, 14.28223, -4.136]},
			"faces": {
				"north": {"uv": [0.75, 9, 1, 9.0625], "texture": "#0"},
				"east": {"uv": [5.5, 9, 5.625, 9.0625], "texture": "#0"},
				"south": {"uv": [9, 0.75, 9.25, 0.8125], "texture": "#0"},
				"west": {"uv": [5.75, 9, 5.875, 9.0625], "texture": "#0"},
				"up": {"uv": [4.5, 8.625, 4.25, 8.5], "texture": "#0"},
				"down": {"uv": [4.75, 8.5, 4.5, 8.625], "texture": "#0"}
			}
		},
		{
			"from": [7.3, 3.9, 4.4],
			"to": [8.7, 5.3, 4.5],
			"rotation": {"angle": 0, "axis": "y", "origin": [0, 0, -6]},
			"faces": {
				"north": {"uv": [6.25, 1, 6.625, 1.375], "texture": "#0"},
				"east": {"uv": [1.25, 8.75, 1.3125, 9.125], "texture": "#0"},
				"south": {"uv": [6.25, 1.5, 6.625, 1.875], "texture": "#0"},
				"west": {"uv": [8.75, 3.75, 8.8125, 4.125], "texture": "#0"},
				"up": {"uv": [4.625, 8.8125, 4.25, 8.75], "texture": "#0"},
				"down": {"uv": [9.125, 4.25, 8.75, 4.3125], "texture": "#0"}
			}
		},
		{
			"from": [7.8, 4.30492, 5.76141],
			"to": [8.2, 5.30492, 6.06141],
			"rotation": {"angle": 0, "axis": "y", "origin": [0, 5.00492, -7.33859]},
			"faces": {
				"north": {"uv": [8.5, 4.75, 8.625, 5], "texture": "#0"},
				"east": {"uv": [1, 9, 1.0625, 9.25], "texture": "#0"},
				"south": {"uv": [8.5, 5, 8.625, 5.25], "texture": "#0"},
				"west": {"uv": [1.5, 9, 1.5625, 9.25], "texture": "#0"},
				"up": {"uv": [6.125, 9.0625, 6, 9], "texture": "#0"},
				"down": {"uv": [6.375, 9, 6.25, 9.0625], "texture": "#0"}
			}
		},
		{
			"from": [7.3, 4.4, -0.9],
			"to": [8.7, 5.3, -0.7],
			"rotation": {"angle": 0, "axis": "y", "origin": [0, 0, -6]},
			"faces": {
				"north": {"uv": [6.5, 7, 6.875, 7.25], "texture": "#0"},
				"east": {"uv": [1.75, 9, 1.8125, 9.25], "texture": "#0"},
				"south": {"uv": [7, 7, 7.375, 7.25], "texture": "#0"},
				"west": {"uv": [2, 9, 2.0625, 9.25], "texture": "#0"},
				"up": {"uv": [9.125, 4.5625, 8.75, 4.5], "texture": "#0"},
				"down": {"uv": [5.125, 8.75, 4.75, 8.8125], "texture": "#0"}
			}
		},
		{
			"from": [7.3, 4.8, -1.1],
			"to": [8.7, 5.3, -0.9],
			"rotation": {"angle": 0, "axis": "y", "origin": [0, 0, -6]},
			"faces": {
				"north": {"uv": [3.75, 8.25, 4.125, 8.375], "texture": "#0"},
				"east": {"uv": [9, 6.25, 9.0625, 6.375], "texture": "#0"},
				"south": {"uv": [4.25, 8.25, 4.625, 8.375], "texture": "#0"},
				"west": {"uv": [6.5, 9, 6.5625, 9.125], "texture": "#0"},
				"up": {"uv": [9.125, 4.8125, 8.75, 4.75], "texture": "#0"},
				"down": {"uv": [9.125, 5, 8.75, 5.0625], "texture": "#0"}
			}
		},
		{
			"from": [7.3, 2.79002, 1.10882],
			"to": [8.7, 3.79002, 1.30882],
			"rotation": {"angle": -22.5, "axis": "x", "origin": [0, -1.50998, -3.89118]},
			"faces": {
				"north": {"uv": [7.25, 3, 7.625, 3.25], "texture": "#0"},
				"east": {"uv": [9, 2, 9.0625, 2.25], "texture": "#0"},
				"south": {"uv": [3.75, 7.25, 4.125, 7.5], "texture": "#0"},
				"west": {"uv": [2.25, 9, 2.3125, 9.25], "texture": "#0"},
				"up": {"uv": [5.625, 8.8125, 5.25, 8.75], "texture": "#0"},
				"down": {"uv": [9.125, 5.25, 8.75, 5.3125], "texture": "#0"}
			}
		},
		{
			"from": [7.5, 0.19002, 2.60882],
			"to": [8.5, 3.79002, 3.30882],
			"rotation": {"angle": -22.5, "axis": "x", "origin": [0, -1.50998, -3.89118]},
			"faces": {
				"north": {"uv": [3.75, 1.75, 4, 2.625], "texture": "#0"},
				"east": {"uv": [3, 6, 3.1875, 6.875], "texture": "#0"},
				"south": {"uv": [4.75, 0, 5, 0.875], "texture": "#0"},
				"west": {"uv": [3.75, 6, 3.9375, 6.875], "texture": "#0"},
				"up": {"uv": [5.25, 3.4375, 5, 3.25], "texture": "#0"},
				"down": {"uv": [4, 7, 3.75, 7.1875], "texture": "#0"}
			}
		},
		{
			"from": [7.7, 3.9, 1.1],
			"to": [8.3, 5.3, 1.5],
			"rotation": {"angle": 0, "axis": "y", "origin": [0, 0, -6]},
			"faces": {
				"north": {"uv": [4.75, 8.25, 4.875, 8.625], "texture": "#0"},
				"east": {"uv": [5, 8.25, 5.125, 8.625], "texture": "#0"},
				"south": {"uv": [5.25, 8.25, 5.375, 8.625], "texture": "#0"},
				"west": {"uv": [5.75, 8.25, 5.875, 8.625], "texture": "#0"},
				"up": {"uv": [9.125, 2.375, 9, 2.25], "texture": "#0"},
				"down": {"uv": [2.625, 9, 2.5, 9.125], "texture": "#0"}
			}
		},
		{
			"from": [7.3, 7.8, 0.6],
			"to": [8.7, 8.2, 7.5],
			"rotation": {"angle": 0, "axis": "y", "origin": [0, 0, -6]},
			"faces": {
				"north": {"uv": [6, 8.25, 6.375, 8.375], "texture": "#0"},
				"east": {"uv": [5.5, 3, 7.25, 3.125], "texture": "#0"},
				"south": {"uv": [6.5, 8.25, 6.875, 8.375], "texture": "#0"},
				"west": {"uv": [5.5, 5.25, 7.25, 5.375], "texture": "#0"},
				"up": {"uv": [3.875, 4.5, 3.5, 2.75], "texture": "#0"},
				"down": {"uv": [4.125, 0, 3.75, 1.75], "texture": "#0"}
			}
		},
		{
			"from": [7.4, 7.8, -1.3],
			"to": [8.6, 8, 8.9],
			"rotation": {"angle": 0, "axis": "y", "origin": [0, 0, -6]},
			"faces": {
				"north": {"uv": [8.75, 5.75, 9.0625, 5.8125], "texture": "#0"},
				"east": {"uv": [6.25, 0, 8.8125, 0.0625], "texture": "#0"},
				"south": {"uv": [8.75, 6, 9.0625, 6.0625], "texture": "#0"},
				"west": {"uv": [6.25, 0.25, 8.8125, 0.3125], "texture": "#0"},
				"up": {"uv": [1.8125, 5.5625, 1.5, 3], "texture": "#0"},
				"down": {"uv": [2.3125, 3, 2, 5.5625], "texture": "#0"}
			}
		},
		{
			"from": [7.4, 8, -1.3],
			"to": [8.6, 8.1, -0.3],
			"rotation": {"angle": 0, "axis": "y", "origin": [0, 0, -6]},
			"faces": {
				"north": {"uv": [6.25, 8.75, 6.5625, 8.8125], "texture": "#0"},
				"east": {"uv": [2.75, 9, 3, 9.0625], "texture": "#0"},
				"south": {"uv": [8.75, 6.5, 9.0625, 6.5625], "texture": "#0"},
				"west": {"uv": [3, 9, 3.25, 9.0625], "texture": "#0"},
				"up": {"uv": [7.3125, 7.5, 7, 7.25], "texture": "#0"},
				"down": {"uv": [7.8125, 0.5, 7.5, 0.75], "texture": "#0"}
			}
		},
		{
			"from": [7.4, 8, 0.1],
			"to": [8.6, 8.1, 1.1],
			"rotation": {"angle": 0, "axis": "y", "origin": [0, 0, -6]},
			"faces": {
				"north": {"uv": [6.75, 8.75, 7.0625, 8.8125], "texture": "#0"},
				"east": {"uv": [9, 3, 9.25, 3.0625], "texture": "#0"},
				"south": {"uv": [8.75, 6.75, 9.0625, 6.8125], "texture": "#0"},
				"west": {"uv": [3.25, 9, 3.5, 9.0625], "texture": "#0"},
				"up": {"uv": [7.8125, 1, 7.5, 0.75], "texture": "#0"},
				"down": {"uv": [4.0625, 7.5, 3.75, 7.75], "texture": "#0"}
			}
		},
		{
			"from": [7.4, 8, 7.3],
			"to": [8.6, 8.1, 8.9],
			"rotation": {"angle": 0, "axis": "y", "origin": [0, 0, -6]},
			"faces": {
				"north": {"uv": [8.75, 7, 9.0625, 7.0625], "texture": "#0"},
				"east": {"uv": [8.75, 5.5, 9.125, 5.5625], "texture": "#0"},
				"south": {"uv": [7.25, 8.75, 7.5625, 8.8125], "texture": "#0"},
				"west": {"uv": [5.75, 8.75, 6.125, 8.8125], "texture": "#0"},
				"up": {"uv": [5.8125, 6.625, 5.5, 6.25], "texture": "#0"},
				"down": {"uv": [6.3125, 6.25, 6, 6.625], "texture": "#0"}
			}
		},
		{
			"from": [7.5, 8.2, 0.6],
			"to": [8.5, 8.4, 7.5],
			"rotation": {"angle": 0, "axis": "y", "origin": [0, 0, -6]},
			"faces": {
				"north": {"uv": [3.5, 9, 3.75, 9.0625], "texture": "#0"},
				"east": {"uv": [6.75, 1, 8.5, 1.0625], "texture": "#0"},
				"south": {"uv": [3.75, 9, 4, 9.0625], "texture": "#0"},
				"west": {"uv": [6.75, 1.25, 8.5, 1.3125], "texture": "#0"},
				"up": {"uv": [3.75, 6.25, 3.5, 4.5], "texture": "#0"},
				"down": {"uv": [4.75, 3.5, 4.5, 5.25], "texture": "#0"}
			}
		},
		{
			"from": [5.37416, 16.29497, 0.6],
			"to": [5.67416, 16.49497, 7.5],
			"rotation": {"angle": -45, "axis": "z", "origin": [-2.82584, 8.69497, -6]},
			"faces": {
				"north": {"uv": [8, 9, 8.0625, 9.0625], "texture": "#0"},
				"east": {"uv": [6.75, 1.5, 8.5, 1.5625], "texture": "#0"},
				"south": {"uv": [9, 8, 9.0625, 8.0625], "texture": "#0"},
				"west": {"uv": [6.75, 1.75, 8.5, 1.8125], "texture": "#0"},
				"up": {"uv": [1.3125, 8.5, 1.25, 6.75], "texture": "#0"},
				"down": {"uv": [1.5625, 6.75, 1.5, 8.5], "texture": "#0"}
			}
		},
		{
			"from": [10.32584, 16.29497, 0.6],
			"to": [10.62584, 16.49497, 7.5],
			"rotation": {"angle": 45, "axis": "z", "origin": [18.82584, 8.69497, -6]},
			"faces": {
				"north": {"uv": [8.25, 9, 8.3125, 9.0625], "texture": "#0"},
				"east": {"uv": [6.75, 6.5, 8.5, 6.5625], "texture": "#0"},
				"south": {"uv": [9, 8.25, 9.0625, 8.3125], "texture": "#0"},
				"west": {"uv": [6.75, 6.75, 8.5, 6.8125], "texture": "#0"},
				"up": {"uv": [1.8125, 8.5, 1.75, 6.75], "texture": "#0"},
				"down": {"uv": [3.5625, 6.75, 3.5, 8.5], "texture": "#0"}
			}
		},
		{
			"from": [7.5, 8.4, 0.6],
			"to": [8.5, 9.8, 1.1],
			"rotation": {"angle": 0, "axis": "y", "origin": [0, 0, -6]},
			"faces": {
				"north": {"uv": [4.5, 7.25, 4.75, 7.625], "texture": "#0"},
				"east": {"uv": [7, 8.25, 7.125, 8.625], "texture": "#0"},
				"south": {"uv": [4.75, 7.25, 5, 7.625], "texture": "#0"},
				"west": {"uv": [7.25, 8.25, 7.375, 8.625], "texture": "#0"},
				"up": {"uv": [6.25, 8.625, 6, 8.5], "texture": "#0"},
				"down": {"uv": [6.5, 8.5, 6.25, 8.625], "texture": "#0"}
			}
		},
		{
			"from": [7.5, 9.6, 1.1],
			"to": [8.5, 9.8, 5.6],
			"rotation": {"angle": 0, "axis": "y", "origin": [0, 0, -6]},
			"faces": {
				"north": {"uv": [9, 3.75, 9.25, 3.8125], "texture": "#0"},
				"east": {"uv": [7.5, 7.25, 8.625, 7.3125], "texture": "#0"},
				"south": {"uv": [4, 9, 4.25, 9.0625], "texture": "#0"},
				"west": {"uv": [7.75, 3, 8.875, 3.0625], "texture": "#0"},
				"up": {"uv": [4.75, 6.375, 4.5, 5.25], "texture": "#0"},
				"down": {"uv": [5.5, 5.25, 5.25, 6.375], "texture": "#0"}
			}
		},
		{
			"from": [7.5, 9.6, -1.5],
			"to": [8.5, 9.8, 0.6],
			"rotation": {"angle": 0, "axis": "y", "origin": [0, 0, -6]},
			"faces": {
				"north": {"uv": [9, 4, 9.25, 4.0625], "texture": "#0"},
				"east": {"uv": [8.5, 6.25, 9, 6.3125], "texture": "#0"},
				"south": {"uv": [4.25, 9, 4.5, 9.0625], "texture": "#0"},
				"west": {"uv": [6.5, 8.5, 7, 8.5625], "texture": "#0"},
				"up": {"uv": [4.5, 1.5, 4.25, 1], "texture": "#0"},
				"down": {"uv": [4.25, 6, 4, 6.5], "texture": "#0"}
			}
		},
		{
			"from": [7.5, 8.4, 5.6],
			"to": [8.5, 9.8, 6.1],
			"rotation": {"angle": 0, "axis": "y", "origin": [0, 0, -6]},
			"faces": {
				"north": {"uv": [5, 7.25, 5.25, 7.625], "texture": "#0"},
				"east": {"uv": [7.5, 8.25, 7.625, 8.625], "texture": "#0"},
				"south": {"uv": [5.25, 7.25, 5.5, 7.625], "texture": "#0"},
				"west": {"uv": [7.75, 8.25, 7.875, 8.625], "texture": "#0"},
				"up": {"uv": [8.75, 6.625, 8.5, 6.5], "texture": "#0"},
				"down": {"uv": [8.75, 6.75, 8.5, 6.875], "texture": "#0"}
			}
		},
		{
			"from": [7.5, 8.4, 6.1],
			"to": [8.5, 9.1, 6.8],
			"rotation": {"angle": 0, "axis": "y", "origin": [0, 0, -6]},
			"faces": {
				"north": {"uv": [8.25, 7.75, 8.5, 7.9375], "texture": "#0"},
				"east": {"uv": [1.75, 8.5, 1.9375, 8.6875], "texture": "#0"},
				"south": {"uv": [8, 8.25, 8.25, 8.4375], "texture": "#0"},
				"west": {"uv": [3.5, 8.5, 3.6875, 8.6875], "texture": "#0"},
				"up": {"uv": [8.5, 8.1875, 8.25, 8], "texture": "#0"},
				"down": {"uv": [8.5, 8.25, 8.25, 8.4375], "texture": "#0"}
			}
		},
		{
			"from": [7.5, 5.83984, 15.01924],
			"to": [8.5, 7.83984, 15.51924],
			"rotation": {"angle": -45, "axis": "x", "origin": [0, -2.56016, 8.41924]},
			"faces": {
				"north": {"uv": [6.25, 2, 6.5, 2.5], "texture": "#0"},
				"east": {"uv": [3.75, 7.75, 3.875, 8.25], "texture": "#0"},
				"south": {"uv": [3.5, 6.25, 3.75, 6.75], "texture": "#0"},
				"west": {"uv": [4, 7.75, 4.125, 8.25], "texture": "#0"},
				"up": {"uv": [8.75, 7.625, 8.5, 7.5], "texture": "#0"},
				"down": {"uv": [8.75, 7.75, 8.5, 7.875], "texture": "#0"}
			}
		},
		{
			"from": [7.5, 9.8, -1.5],
			"to": [7.6, 10, 6.1],
			"rotation": {"angle": 0, "axis": "y", "origin": [0, 0, -6]},
			"faces": {
				"north": {"uv": [8.5, 9, 8.5625, 9.0625], "texture": "#0"},
				"east": {"uv": [6.25, 2.5, 8.125, 2.5625], "texture": "#0"},
				"south": {"uv": [9, 8.5, 9.0625, 8.5625], "texture": "#0"},
				"west": {"uv": [6.5, 2, 8.375, 2.0625], "texture": "#0"},
				"up": {"uv": [4.3125, 8.125, 4.25, 6.25], "texture": "#0"},
				"down": {"uv": [0.5625, 6.5, 0.5, 8.375], "texture": "#0"}
			}
		},
		{
			"from": [8.4, 9.8, -1.5],
			"to": [8.5, 10, 6.1],
			"rotation": {"angle": 0, "axis": "y", "origin": [16, 0, -6]},
			"faces": {
				"north": {"uv": [8.75, 9, 8.8125, 9.0625], "texture": "#0"},
				"east": {"uv": [6.5, 2.25, 8.375, 2.3125], "texture": "#0"},
				"south": {"uv": [9, 8.75, 9.0625, 8.8125], "texture": "#0"},
				"west": {"uv": [6.5, 6.25, 8.375, 6.3125], "texture": "#0"},
				"up": {"uv": [0.8125, 8.375, 0.75, 6.5], "texture": "#0"},
				"down": {"uv": [1.0625, 6.5, 1, 8.375], "texture": "#0"}
			}
		},
		{
			"from": [8.1, 9.8, 5.7],
			"to": [8.4, 10, 5.9],
			"rotation": {"angle": 0, "axis": "y", "origin": [16, 0, -6]},
			"faces": {
				"north": {"uv": [9, 9, 9.0625, 9.0625], "texture": "#0"},
				"east": {"uv": [0, 9.25, 0.0625, 9.3125], "texture": "#0"},
				"south": {"uv": [9.25, 0, 9.3125, 0.0625], "texture": "#0"},
				"west": {"uv": [0.25, 9.25, 0.3125, 9.3125], "texture": "#0"},
				"up": {"uv": [9.3125, 0.3125, 9.25, 0.25], "texture": "#0"},
				"down": {"uv": [0.5625, 9.25, 0.5, 9.3125], "texture": "#0"}
			}
		},
		{
			"from": [7.6, 9.8, 5.7],
			"to": [7.9, 10, 5.9],
			"rotation": {"angle": 0, "axis": "y", "origin": [0, 0, -6]},
			"faces": {
				"north": {"uv": [9.25, 0.5, 9.3125, 0.5625], "texture": "#0"},
				"east": {"uv": [0.75, 9.25, 0.8125, 9.3125], "texture": "#0"},
				"south": {"uv": [9.25, 0.75, 9.3125, 0.8125], "texture": "#0"},
				"west": {"uv": [1, 9.25, 1.0625, 9.3125], "texture": "#0"},
				"up": {"uv": [9.3125, 1.0625, 9.25, 1], "texture": "#0"},
				"down": {"uv": [1.3125, 9.25, 1.25, 9.3125], "texture": "#0"}
			}
		},
		{
			"from": [7.4, 6.1, -1.9],
			"to": [8.6, 7.3, -1.3],
			"rotation": {"angle": 0, "axis": "y", "origin": [0, 0, -6]},
			"faces": {
				"north": {"uv": [6, 6.75, 6.3125, 7.0625], "texture": "#0"},
				"east": {"uv": [1.5, 8.5, 1.625, 8.8125], "texture": "#0"},
				"south": {"uv": [7, 0.5, 7.3125, 0.8125], "texture": "#0"},
				"west": {"uv": [8.5, 1.5, 8.625, 1.8125], "texture": "#0"},
				"up": {"uv": [8.8125, 2.125, 8.5, 2], "texture": "#0"},
				"down": {"uv": [8.8125, 2.25, 8.5, 2.375], "texture": "#0"}
			}
		},
		{
			"from": [7.6, 6.3, -4.3],
			"to": [8.4, 7.1, -1.9],
			"rotation": {"angle": 0, "axis": "y", "origin": [0, 0, -6]},
			"faces": {
				"north": {"uv": [3.75, 8.5, 3.9375, 8.6875], "texture": "#0"},
				"east": {"uv": [1.25, 6.5, 1.875, 6.6875], "texture": "#0"},
				"south": {"uv": [4, 8.5, 4.1875, 8.6875], "texture": "#0"},
				"west": {"uv": [4.5, 6.5, 5.125, 6.6875], "texture": "#0"},
				"up": {"uv": [4.1875, 7.125, 4, 6.5], "texture": "#0"},
				"down": {"uv": [5.4375, 6.5, 5.25, 7.125], "texture": "#0"}
			}
		}
	],
	"display": {
		"thirdperson_righthand": {
			"translation": [0, 1.75, 1.25],
			"scale": [0.5, 0.5, 0.5]
		},
		"firstperson_righthand": {
			"translation": [0, 4.75, 2.75],
			"scale": [0.8, 0.8, 0.8]
		},
		"firstperson_lefthand": {
			"rotation": [0, 95.5, 0],
			"translation": [-10.25, 12.25, -6]
		},
		"ground": {
			"scale": [0.5, 0.5, 0.5]
		},
		"gui": {
			"rotation": [28.25, 55.5, 0],
			"translation": [-0.25, 1.75, 0],
			"scale": [0.6, 0.6, 0.6]
		}
	},
	"groups": [
		{
			"name": "fmg9",
			"origin": [8, 8, 8],
			"color": 0,
			"children": [
				{
					"name": "wei",
					"origin": [8, 8, 8],
					"color": 0,
					"children": [0, 1, 2, 3, 4, 5, 6, 7, 8, 9, 10, 11, 12]
				},
				{
					"name": "main",
					"origin": [8, 8, 8],
					"color": 0,
					"children": [13, 14, 15, 16, 17,
						{
							"name": "group",
							"origin": [18.82584, 8.09497, -6],
							"color": 0,
							"children": [18, 19, 20, 21, 22, 23, 24, 25, 26, 27, 28, 29, 30]
						},
						{
							"name": "group",
							"origin": [8, 8, 8],
							"color": 0,
							"children": [31, 32, 33, 34, 35, 36, 37, 38, 39, 40, 41, 42, 43, 44, 45, 46, 47, 48]
						}
					]
				},
				{
					"name": "head",
					"origin": [8, 8, 8],
					"color": 0,
					"children": [49, 50]
				}
			]
		}
	]
}