{
	"credit": "Made with Blockbench",
	"texture_size": [64, 64],
	"textures": {
		"0": "nw:stand/base/silver_chariot",
		"1": "nw:stand/base/anubis_sword",
		"2": "nw:stand/evo/anubis"
	},
	"elements": [
		{
			"name": "Head",
			"from": [4, 12.5, 8.75],
			"to": [12, 20.5, 16.75],
			"rotation": {"angle": 22.5, "axis": "x", "origin": [8, 11, 12]},
			"faces": {
				"north": {"uv": [2, 2, 4, 4], "texture": "#2"},
				"east": {"uv": [0, 2, 2, 4], "texture": "#2"},
				"south": {"uv": [6, 2, 8, 4], "texture": "#2"},
				"west": {"uv": [4, 2, 6, 4], "texture": "#2"},
				"up": {"uv": [4, 2, 2, 0], "texture": "#2"},
				"down": {"uv": [6, 0, 4, 2], "texture": "#2"}
			}
		},
		{
			"name": "Hat Layer",
			"from": [3.5, 12, 8.25],
			"to": [12.5, 21, 17.25],
			"rotation": {"angle": 22.5, "axis": "x", "origin": [8, 11, 12]},
			"faces": {
				"north": {"uv": [10, 2, 12, 4], "texture": "#2"},
				"east": {"uv": [8, 2, 10, 4], "texture": "#2"},
				"south": {"uv": [14, 2, 16, 4], "texture": "#2"},
				"west": {"uv": [12, 2, 14, 4], "texture": "#2"},
				"up": {"uv": [12, 2, 10, 0], "texture": "#2"},
				"down": {"uv": [14, 0, 12, 2], "texture": "#2"}
			}
		},
		{
			"name": "Body",
			"from": [4, 1, 6],
			"to": [12, 13, 10],
			"rotation": {"angle": 22.5, "axis": "x", "origin": [8, 0, 8]},
			"faces": {
				"north": {"uv": [5, 5, 7, 8], "texture": "#2"},
				"east": {"uv": [4, 5, 5, 8], "texture": "#2"},
				"south": {"uv": [8, 5, 10, 8], "texture": "#2"},
				"west": {"uv": [7, 5, 8, 8], "texture": "#2"},
				"up": {"uv": [7, 5, 5, 4], "texture": "#2"},
				"down": {"uv": [9, 4, 7, 5], "texture": "#2"}
			}
		},
		{
			"name": "Body Layer",
			"from": [3.75, 0.75, 5.75],
			"to": [12.25, 13.25, 10.25],
			"rotation": {"angle": 22.5, "axis": "x", "origin": [8, 0, 8]},
			"faces": {
				"north": {"uv": [5, 9, 7, 12], "texture": "#2"},
				"east": {"uv": [4, 9, 5, 12], "texture": "#2"},
				"south": {"uv": [8, 9, 10, 12], "texture": "#2"},
				"west": {"uv": [7, 9, 8, 12], "texture": "#2"},
				"up": {"uv": [7, 9, 5, 8], "texture": "#2"},
				"down": {"uv": [9, 8, 7, 9], "texture": "#2"}
			}
		},
		{
			"name": "Right Arm",
			"from": [12, -0.14805, 8.77164],
			"to": [15, 5.85195, 12.77164],
			"rotation": {"angle": -45, "axis": "x", "origin": [13, 11, 11]},
			"faces": {
				"north": {"uv": [11, 6.75, 11.75, 8], "texture": "#2"},
				"east": {"uv": [10, 6.5, 11, 8], "texture": "#2"},
				"south": {"uv": [12.75, 6.75, 13.5, 8], "texture": "#2"},
				"west": {"uv": [11.75, 6.75, 12.75, 8], "texture": "#2"},
				"up": {"uv": [11.75, 5, 11, 4], "texture": "#2"},
				"down": {"uv": [12.5, 4, 11.75, 5], "texture": "#2"}
			}
		},
		{
			"name": "Right Arm Layer",
			"from": [11.75, -0.39805, 8.52164],
			"to": [15.25, 6.10195, 13.02164],
			"rotation": {"angle": -45, "axis": "x", "origin": [13, 11, 11]},
			"faces": {
				"north": {"uv": [11, 10.5, 11.75, 12], "texture": "#2"},
				"east": {"uv": [10, 10.5, 11, 12], "texture": "#2"},
				"south": {"uv": [12.75, 10.5, 13.5, 12], "texture": "#2"},
				"west": {"uv": [11.75, 10.5, 12.75, 12], "texture": "#2"},
				"up": {"uv": [11.75, 9, 11, 8], "texture": "#2"},
				"down": {"uv": [12.5, 8, 11.75, 9], "texture": "#2"}
			}
		},
		{
			"name": "Right Arm",
			"from": [12, 5.85195, 8.77164],
			"to": [15, 11.85195, 12.77164],
			"rotation": {"angle": -45, "axis": "x", "origin": [13, 11, 11]},
			"faces": {
				"north": {"uv": [11, 5, 11.75, 6.5], "texture": "#2"},
				"east": {"uv": [10, 5, 11, 6.5], "texture": "#2"},
				"south": {"uv": [12.75, 5, 13.5, 6.5], "texture": "#2"},
				"west": {"uv": [11.75, 5, 12.75, 6.5], "texture": "#2"},
				"up": {"uv": [11.75, 5, 11, 4], "texture": "#2"},
				"down": {"uv": [12.5, 4, 11.75, 5], "texture": "#2"}
			}
		},
		{
			"name": "Right Arm Layer",
			"from": [11.75, 5.60195, 8.52164],
			"to": [15.25, 12.10195, 13.02164],
			"rotation": {"angle": -45, "axis": "x", "origin": [13, 11, 11]},
			"faces": {
				"north": {"uv": [11, 9, 11.75, 10.5], "texture": "#2"},
				"east": {"uv": [10, 9, 11, 10.5], "texture": "#2"},
				"south": {"uv": [12.75, 9, 13.5, 10.5], "texture": "#2"},
				"west": {"uv": [11.75, 9, 12.75, 10.5], "texture": "#2"},
				"up": {"uv": [11.75, 9, 11, 8], "texture": "#2"},
				"down": {"uv": [12.5, 8, 11.75, 9], "texture": "#2"}
			}
		},
		{
			"name": "Right Leg",
			"from": [7.9, -11, 6],
			"to": [11.9, 1, 10],
			"rotation": {"angle": -22.5, "axis": "x", "origin": [8, 1, 8]},
			"faces": {
				"north": {"uv": [1, 5, 2, 8], "texture": "#2"},
				"east": {"uv": [0, 5, 1, 8], "texture": "#2"},
				"south": {"uv": [3, 5, 4, 8], "texture": "#2"},
				"west": {"uv": [2, 5, 3, 8], "texture": "#2"},
				"up": {"uv": [2, 5, 1, 4], "texture": "#2"},
				"down": {"uv": [3, 4, 2, 5], "texture": "#2"}
			}
		},
		{
			"name": "Right Leg Layer",
			"from": [7.65, -11.25, 5.75],
			"to": [12.15, 1.25, 10.25],
			"rotation": {"angle": -22.5, "axis": "x", "origin": [8, 1, 8]},
			"faces": {
				"north": {"uv": [1, 9, 2, 12], "texture": "#2"},
				"east": {"uv": [0, 9, 1, 12], "texture": "#2"},
				"south": {"uv": [3, 9, 4, 12], "texture": "#2"},
				"west": {"uv": [2, 9, 3, 12], "texture": "#2"},
				"up": {"uv": [2, 9, 1, 8], "texture": "#2"},
				"down": {"uv": [3, 8, 2, 9], "texture": "#2"}
			}
		},
		{
			"name": "Left Leg",
			"from": [4.1, -11, 6],
			"to": [8.1, 1, 10],
			"rotation": {"angle": 0, "axis": "z", "origin": [8, 1, 8]},
			"faces": {
				"north": {"uv": [5, 13, 6, 16], "texture": "#2"},
				"east": {"uv": [4, 13, 5, 16], "texture": "#2"},
				"south": {"uv": [7, 13, 8, 16], "texture": "#2"},
				"west": {"uv": [6, 13, 7, 16], "texture": "#2"},
				"up": {"uv": [6, 13, 5, 12], "texture": "#2"},
				"down": {"uv": [7, 12, 6, 13], "texture": "#2"}
			}
		},
		{
			"name": "Left Leg Layer",
			"from": [3.85, -11.25, 5.75],
			"to": [8.35, 1.25, 10.25],
			"rotation": {"angle": 0, "axis": "z", "origin": [8, 1, 8]},
			"faces": {
				"north": {"uv": [1, 13, 2, 16], "texture": "#2"},
				"east": {"uv": [0, 13, 1, 16], "texture": "#2"},
				"south": {"uv": [3, 13, 4, 16], "texture": "#2"},
				"west": {"uv": [2, 13, 3, 16], "texture": "#2"},
				"up": {"uv": [2, 13, 1, 12], "texture": "#2"},
				"down": {"uv": [3, 12, 2, 13], "texture": "#2"}
			}
		},
		{
			"from": [-0.25, 8.75, -0.5],
			"to": [4.75, 13.75, 0.5],
			"rotation": {"angle": 22.5, "axis": "x", "origin": [3, 11, 11]},
			"faces": {
				"north": {"uv": [0, 0, 1.25, 1.25], "texture": "#0"},
				"east": {"uv": [0, 0, 0.25, 1.25], "texture": "#0"},
				"south": {"uv": [0, 0, 1.25, 1.25], "texture": "#0"},
				"west": {"uv": [0, 0, 0.25, 1.25], "texture": "#0"},
				"up": {"uv": [0, 0, 1.25, 0.25], "texture": "#0"},
				"down": {"uv": [0, 0, 1.25, 0.25], "texture": "#0"}
			}
		},
		{
			"from": [1.75, 10.5, -15.5],
			"to": [2.75, 11.5, 1.5],
			"rotation": {"angle": 22.5, "axis": "x", "origin": [3, 11, 11]},
			"faces": {
				"north": {"uv": [6, 2.75, 6.25, 3], "texture": "#0"},
				"east": {"uv": [9.5, 13, 9.75, 16], "rotation": 270, "texture": "#0"},
				"south": {"uv": [0, 0, 0.25, 0.25], "texture": "#0"},
				"west": {"uv": [9.5, 13, 9.75, 16], "rotation": 90, "texture": "#0"},
				"up": {"uv": [9.5, 11.75, 9.75, 16], "texture": "#0"},
				"down": {"uv": [9.25, 11.75, 9.5, 16], "texture": "#0"}
			}
		},
		{
			"name": "Right Arm",
			"from": [1, 9.22836, -0.14805],
			"to": [4, 13.22836, 5.85195],
			"rotation": {"angle": 22.5, "axis": "x", "origin": [3, 11, 11]},
			"faces": {
				"north": {"uv": [11.75, 4, 12.5, 5], "rotation": 180, "texture": "#2"},
				"east": {"uv": [11.75, 8, 12.75, 6.75], "rotation": 90, "texture": "#2"},
				"south": {"uv": [11, 5, 11.75, 4], "texture": "#2"},
				"west": {"uv": [10, 8, 11, 6.5], "rotation": 270, "texture": "#2"},
				"up": {"uv": [11.75, 6.75, 11, 8], "rotation": 180, "texture": "#2"},
				"down": {"uv": [13.5, 6.75, 12.75, 8], "texture": "#2"}
			}
		},
		{
			"name": "Right Arm Layer",
			"from": [0.75, 8.97836, -0.39805],
			"to": [4.25, 13.47836, 6.10195],
			"rotation": {"angle": 22.5, "axis": "x", "origin": [3, 11, 11]},
			"faces": {
				"north": {"uv": [11.75, 8, 12.5, 9], "rotation": 180, "texture": "#2"},
				"east": {"uv": [11.75, 12, 12.75, 10.5], "rotation": 90, "texture": "#2"},
				"south": {"uv": [11, 9, 11.75, 8], "texture": "#2"},
				"west": {"uv": [10, 12, 11, 10.5], "rotation": 270, "texture": "#2"},
				"up": {"uv": [11.75, 10.5, 11, 12], "rotation": 180, "texture": "#2"},
				"down": {"uv": [13.5, 10.5, 12.75, 12], "texture": "#2"}
			}
		},
		{
			"name": "Right Arm",
			"from": [1, 9.22836, 5.85195],
			"to": [4, 13.22836, 11.85195],
			"rotation": {"angle": 22.5, "axis": "x", "origin": [3, 11, 11]},
			"faces": {
				"north": {"uv": [11.75, 4, 12.5, 5], "rotation": 180, "texture": "#2"},
				"east": {"uv": [11.75, 6.5, 12.75, 5], "rotation": 90, "texture": "#2"},
				"south": {"uv": [11, 5, 11.75, 4], "texture": "#2"},
				"west": {"uv": [10, 6.5, 11, 5], "rotation": 270, "texture": "#2"},
				"up": {"uv": [11.75, 5, 11, 6.5], "rotation": 180, "texture": "#2"},
				"down": {"uv": [13.5, 5, 12.75, 6.5], "texture": "#2"}
			}
		},
		{
			"name": "Right Arm Layer",
			"from": [0.75, 8.97836, 5.60195],
			"to": [4.25, 13.47836, 12.10195],
			"rotation": {"angle": 22.5, "axis": "x", "origin": [3, 11, 11]},
			"faces": {
				"north": {"uv": [11.75, 8, 12.5, 9], "rotation": 180, "texture": "#2"},
				"east": {"uv": [11.75, 10.5, 12.75, 9], "rotation": 90, "texture": "#2"},
				"south": {"uv": [11, 9, 11.75, 8], "texture": "#2"},
				"west": {"uv": [10, 10.5, 11, 9], "rotation": 270, "texture": "#2"},
				"up": {"uv": [11.75, 9, 11, 10.5], "rotation": 180, "texture": "#2"},
				"down": {"uv": [13.5, 9, 12.75, 10.5], "texture": "#2"}
			}
		},
		{
			"name": "anubis_cyber_5",
			"from": [13.3, -2.7, 24.2],
			"to": [14.1, -1.5, 25],
			"rotation": {"angle": 0, "axis": "x", "origin": [13.7, 19.2, 7.4]},
			"faces": {
				"north": {"uv": [11.2, 4, 12, 7.2], "rotation": 180, "texture": "#1"},
				"east": {"uv": [11.2, 5.6, 12, 7.2], "rotation": 180, "texture": "#1"},
				"south": {"uv": [11.2, 4, 12, 7.2], "rotation": 180, "texture": "#1"},
				"west": {"uv": [11.2, 7.2, 12, 4], "texture": "#1"},
				"up": {"uv": [11.2, 6.4, 12, 7.2], "rotation": 90, "texture": "#1"},
				"down": {"uv": [12, 4, 11.2, 4.8], "rotation": 90, "texture": "#1"}
			}
		},
		{
			"name": "anubis_cyber_6",
			"from": [13.3, -3.15, 23.4],
			"to": [14.1, -0.7, 24.2],
			"rotation": {"angle": 0, "axis": "x", "origin": [13.7, 19.2, 7.4]},
			"faces": {
				"north": {"uv": [10.4, 4.8, 11.2, 8], "rotation": 180, "texture": "#1"},
				"east": {"uv": [10.4, 5.6, 11.2, 8], "rotation": 180, "texture": "#1"},
				"south": {"uv": [10.4, 4.8, 11.2, 8], "rotation": 180, "texture": "#1"},
				"west": {"uv": [10.4, 8, 11.2, 4.8], "texture": "#1"},
				"up": {"uv": [10.4, 7.2, 11.2, 8], "rotation": 90, "texture": "#1"},
				"down": {"uv": [11.2, 4.8, 10.4, 5.6], "rotation": 90, "texture": "#1"}
			}
		},
		{
			"name": "anubis_cyber_7",
			"from": [13.3, -3.1, 22.6],
			"to": [14.1, 0.1, 23.4],
			"rotation": {"angle": 0, "axis": "x", "origin": [13.7, 19.2, 7.4]},
			"faces": {
				"north": {"uv": [9.6, 5.6, 10.4, 8.8], "rotation": 180, "texture": "#1"},
				"east": {"uv": [9.6, 5.6, 10.4, 8.8], "rotation": 180, "texture": "#1"},
				"south": {"uv": [9.6, 5.6, 10.4, 8.8], "rotation": 180, "texture": "#1"},
				"west": {"uv": [9.6, 8.8, 10.4, 5.6], "texture": "#1"},
				"up": {"uv": [9.6, 8, 10.4, 8.8], "rotation": 90, "texture": "#1"},
				"down": {"uv": [10.4, 5.6, 9.6, 6.4], "rotation": 90, "texture": "#1"}
			}
		},
		{
			"name": "anubis_cyber_8",
			"from": [13.3, -2.3, 21.8],
			"to": [14.1, 0.9, 22.6],
			"rotation": {"angle": 0, "axis": "x", "origin": [13.7, 19.2, 7.4]},
			"faces": {
				"north": {"uv": [8.8, 6.4, 9.6, 9.6], "rotation": 180, "texture": "#1"},
				"east": {"uv": [8.8, 6.4, 9.6, 9.6], "rotation": 180, "texture": "#1"},
				"south": {"uv": [8.8, 6.4, 9.6, 9.6], "rotation": 180, "texture": "#1"},
				"west": {"uv": [8.8, 9.6, 9.6, 6.4], "texture": "#1"},
				"up": {"uv": [8.8, 8.8, 9.6, 9.6], "rotation": 90, "texture": "#1"},
				"down": {"uv": [9.6, 6.4, 8.8, 7.2], "rotation": 90, "texture": "#1"}
			}
		},
		{
			"name": "anubis_cyber_9",
			"from": [13.3, -1.5, 17.8],
			"to": [14.1, 4.1, 18.6],
			"rotation": {"angle": 0, "axis": "x", "origin": [13.7, 19.2, 7.4]},
			"faces": {
				"north": {"uv": [4.8, 7.2, 5.6, 12.8], "rotation": 180, "texture": "#1"},
				"east": {"uv": [4.8, 7.2, 5.6, 12.8], "rotation": 180, "texture": "#1"},
				"south": {"uv": [4.8, 7.2, 5.6, 12.8], "rotation": 180, "texture": "#1"},
				"west": {"uv": [4.8, 12.8, 5.6, 7.2], "texture": "#1"},
				"up": {"uv": [4.8, 12, 5.6, 12.8], "rotation": 90, "texture": "#1"},
				"down": {"uv": [5.6, 7.2, 4.8, 8], "rotation": 90, "texture": "#1"}
			}
		},
		{
			"name": "anubis_cyber_10",
			"from": [13.3, -1.5, 21],
			"to": [14.1, 5.7, 21.8],
			"rotation": {"angle": 0, "axis": "x", "origin": [13.7, 19.2, 7.4]},
			"faces": {
				"north": {"uv": [8, 7.2, 8.8, 14.4], "rotation": 180, "texture": "#1"},
				"east": {"uv": [8, 7.2, 8.8, 14.4], "rotation": 180, "texture": "#1"},
				"south": {"uv": [8, 7.2, 8.8, 14.4], "rotation": 180, "texture": "#1"},
				"west": {"uv": [8, 14.4, 8.8, 7.2], "texture": "#1"},
				"up": {"uv": [8, 13.6, 8.8, 14.4], "rotation": 90, "texture": "#1"},
				"down": {"uv": [8.8, 7.2, 8, 8], "rotation": 90, "texture": "#1"}
			}
		},
		{
			"name": "anubis_cyber_11",
			"from": [13.3, -0.7, 15.4],
			"to": [14.1, 0.1, 17.8],
			"rotation": {"angle": 0, "axis": "x", "origin": [13.7, 19.2, 7.4]},
			"faces": {
				"north": {"uv": [2.4, 8, 3.2, 8.8], "rotation": 180, "texture": "#1"},
				"east": {"uv": [2.4, 8, 4.8, 8.8], "rotation": 180, "texture": "#1"},
				"south": {"uv": [4, 8, 4.8, 8.8], "rotation": 180, "texture": "#1"},
				"west": {"uv": [2.4, 8.8, 4.8, 8], "texture": "#1"},
				"up": {"uv": [2.4, 8, 4.8, 8.8], "rotation": 90, "texture": "#1"},
				"down": {"uv": [4.8, 8, 2.4, 8.8], "rotation": 90, "texture": "#1"}
			}
		},
		{
			"name": "anubis_cyber_12",
			"from": [13.3, -0.7, 18.6],
			"to": [14.1, 3.3, 19.4],
			"rotation": {"angle": 0, "axis": "x", "origin": [13.7, 19.2, 7.4]},
			"faces": {
				"north": {"uv": [5.6, 8, 6.4, 12], "rotation": 180, "texture": "#1"},
				"east": {"uv": [5.6, 8, 6.4, 12], "rotation": 180, "texture": "#1"},
				"south": {"uv": [5.6, 8, 6.4, 12], "rotation": 180, "texture": "#1"},
				"west": {"uv": [5.6, 12, 6.4, 8], "texture": "#1"},
				"up": {"uv": [5.6, 11.2, 6.4, 12], "rotation": 90, "texture": "#1"},
				"down": {"uv": [6.4, 8, 5.6, 8.8], "rotation": 90, "texture": "#1"}
			}
		},
		{
			"name": "anubis_cyber_13",
			"from": [13.3, -0.7, 20.2],
			"to": [14.1, 4.1, 21],
			"rotation": {"angle": 0, "axis": "x", "origin": [13.7, 19.2, 7.4]},
			"faces": {
				"north": {"uv": [7.2, 8, 8, 12.8], "rotation": 180, "texture": "#1"},
				"east": {"uv": [7.2, 8, 8, 12.8], "rotation": 180, "texture": "#1"},
				"south": {"uv": [7.2, 8, 8, 12.8], "rotation": 180, "texture": "#1"},
				"west": {"uv": [7.2, 12.8, 8, 8], "texture": "#1"},
				"up": {"uv": [7.2, 12, 8, 12.8], "rotation": 90, "texture": "#1"},
				"down": {"uv": [8, 8, 7.2, 8.8], "rotation": 90, "texture": "#1"}
			}
		},
		{
			"name": "anubis_cyber_14",
			"from": [13.3, 0.1, 17],
			"to": [14.1, 0.9, 17.8],
			"rotation": {"angle": 0, "axis": "x", "origin": [13.7, 19.2, 7.4]},
			"faces": {
				"north": {"uv": [4, 8.8, 4.8, 9.6], "rotation": 180, "texture": "#1"},
				"east": {"uv": [4, 8.8, 4.8, 9.6], "rotation": 180, "texture": "#1"},
				"south": {"uv": [4, 8.8, 4.8, 9.6], "rotation": 180, "texture": "#1"},
				"west": {"uv": [4, 9.6, 4.8, 8.8], "texture": "#1"},
				"up": {"uv": [4, 8.8, 4.8, 9.6], "rotation": 90, "texture": "#1"},
				"down": {"uv": [4.8, 8.8, 4, 9.6], "rotation": 90, "texture": "#1"}
			}
		},
		{
			"name": "anubis_cyber_15",
			"from": [13.3, 0.1, 19.4],
			"to": [14.1, 3.3, 20.2],
			"rotation": {"angle": 0, "axis": "x", "origin": [13.7, 19.2, 7.4]},
			"faces": {
				"north": {"uv": [6.4, 8.8, 7.2, 12], "rotation": 180, "texture": "#1"},
				"east": {"uv": [6.4, 8.8, 7.2, 12], "rotation": 180, "texture": "#1"},
				"south": {"uv": [6.4, 8.8, 7.2, 12], "rotation": 180, "texture": "#1"},
				"west": {"uv": [6.4, 12, 7.2, 8.8], "texture": "#1"},
				"up": {"uv": [6.4, 11.2, 7.2, 12], "rotation": 90, "texture": "#1"},
				"down": {"uv": [7.2, 8.8, 6.4, 9.6], "rotation": 90, "texture": "#1"}
			}
		},
		{
			"name": "anubis_cyber_16",
			"from": [13.3, 2.5, 17],
			"to": [14.1, 4.9, 17.8],
			"rotation": {"angle": 0, "axis": "x", "origin": [13.7, 19.2, 7.4]},
			"faces": {
				"north": {"uv": [4, 11.2, 4.8, 13.6], "rotation": 180, "texture": "#1"},
				"east": {"uv": [4, 11.2, 4.8, 13.6], "rotation": 180, "texture": "#1"},
				"south": {"uv": [4, 11.2, 4.8, 13.6], "rotation": 180, "texture": "#1"},
				"west": {"uv": [4, 13.6, 4.8, 11.2], "texture": "#1"},
				"up": {"uv": [4, 12.8, 4.8, 13.6], "rotation": 90, "texture": "#1"},
				"down": {"uv": [4.8, 11.2, 4, 12], "rotation": 90, "texture": "#1"}
			}
		},
		{
			"name": "anubis_cyber_17",
			"from": [13.3, 2.5, 21.8],
			"to": [14.1, 3.3, 22.6],
			"rotation": {"angle": 0, "axis": "x", "origin": [13.7, 19.2, 7.4]},
			"faces": {
				"north": {"uv": [8.8, 11.2, 9.6, 12], "rotation": 180, "texture": "#1"},
				"east": {"uv": [8.8, 11.2, 9.6, 12], "rotation": 180, "texture": "#1"},
				"south": {"uv": [8.8, 11.2, 9.6, 12], "rotation": 180, "texture": "#1"},
				"west": {"uv": [8.8, 12, 9.6, 11.2], "texture": "#1"},
				"up": {"uv": [8.8, 11.2, 9.6, 12], "rotation": 90, "texture": "#1"},
				"down": {"uv": [9.6, 11.2, 8.8, 12], "rotation": 90, "texture": "#1"}
			}
		},
		{
			"name": "anubis_cyber_18",
			"from": [13.3, 3.3, 16.2],
			"to": [14.1, 5.7, 17],
			"rotation": {"angle": 0, "axis": "x", "origin": [13.7, 19.2, 7.4]},
			"faces": {
				"north": {"uv": [3.2, 12, 4, 14.4], "rotation": 180, "texture": "#1"},
				"east": {"uv": [3.2, 12, 4, 14.4], "rotation": 180, "texture": "#1"},
				"south": {"uv": [3.2, 12, 4, 14.4], "rotation": 180, "texture": "#1"},
				"west": {"uv": [3.2, 14.4, 4, 12], "texture": "#1"},
				"up": {"uv": [3.2, 13.6, 4, 14.4], "rotation": 90, "texture": "#1"},
				"down": {"uv": [4, 12, 3.2, 12.8], "rotation": 90, "texture": "#1"}
			}
		},
		{
			"name": "anubis_cyber_19",
			"from": [13.3, 4.1, 15.4],
			"to": [14.1, 6.5, 16.2],
			"rotation": {"angle": 0, "axis": "x", "origin": [13.7, 19.2, 7.4]},
			"faces": {
				"north": {"uv": [2.4, 12.8, 3.2, 15.2], "rotation": 180, "texture": "#1"},
				"east": {"uv": [2.4, 12.8, 3.2, 15.2], "rotation": 180, "texture": "#1"},
				"south": {"uv": [2.4, 12.8, 3.2, 15.2], "rotation": 180, "texture": "#1"},
				"west": {"uv": [2.4, 15.2, 3.2, 12.8], "texture": "#1"},
				"up": {"uv": [2.4, 14.4, 3.2, 15.2], "rotation": 90, "texture": "#1"},
				"down": {"uv": [3.2, 12.8, 2.4, 13.6], "rotation": 90, "texture": "#1"}
			}
		},
		{
			"name": "anubis_cyber_20",
			"from": [13.3, 4.9, 14.6],
			"to": [14.1, 7.3, 15.4],
			"rotation": {"angle": 0, "axis": "x", "origin": [13.7, 19.2, 7.4]},
			"faces": {
				"north": {"uv": [1.6, 13.6, 2.4, 16], "rotation": 180, "texture": "#1"},
				"east": {"uv": [1.6, 13.6, 2.4, 16], "rotation": 180, "texture": "#1"},
				"south": {"uv": [1.6, 13.6, 2.4, 16], "rotation": 180, "texture": "#1"},
				"west": {"uv": [1.6, 16, 2.4, 13.6], "texture": "#1"},
				"up": {"uv": [1.6, 15.2, 2.4, 16], "rotation": 90, "texture": "#1"},
				"down": {"uv": [2.4, 13.6, 1.6, 14.4], "rotation": 90, "texture": "#1"}
			}
		},
		{
			"name": "anubis_cyber_21",
			"from": [13.3, 5.7, 13.8],
			"to": [14.1, 7.3, 14.6],
			"rotation": {"angle": 0, "axis": "x", "origin": [13.7, 19.2, 7.4]},
			"faces": {
				"north": {"uv": [0.8, 14.4, 1.6, 16], "rotation": 180, "texture": "#1"},
				"east": {"uv": [0.8, 14.4, 1.6, 16], "rotation": 180, "texture": "#1"},
				"south": {"uv": [0.8, 14.4, 1.6, 16], "rotation": 180, "texture": "#1"},
				"west": {"uv": [0.8, 16, 1.6, 14.4], "texture": "#1"},
				"up": {"uv": [0.8, 15.2, 1.6, 16], "rotation": 90, "texture": "#1"},
				"down": {"uv": [1.6, 14.4, 0.8, 15.2], "rotation": 90, "texture": "#1"}
			}
		}
	],
	"display": {
		"thirdperson_righthand": {
			"rotation": [100.5, 0, -90.79],
			"translation": [5, 3.75, 2.25],
			"scale": [0.8, 0.8, 0.8]
		},
		"thirdperson_lefthand": {
			"rotation": [100.5, 0, 90],
			"translation": [-7, 2.75, 2.25],
			"scale": [0.8, 0.8, 0.8]
		},
		"firstperson_righthand": {
			"rotation": [57.49, -8.36, -100.18],
			"translation": [5.75, 4, 0.75],
			"scale": [0.7, 0.7, 0.7]
		},
		"firstperson_lefthand": {
			"rotation": [57.49, -8.36, 100],
			"translation": [-4.75, 4, 0.75],
			"scale": [0.7, 0.7, 0.7]
		},
		"ground": {
			"translation": [0, 7.25, 0],
			"scale": [0.8, 0.8, 0.8]
		},
		"gui": {
			"rotation": [90, -45, 0],
			"translation": [0, 0, 7.5]
		},
		"head": {
			"translation": [-0.5, -14.5, -6.5],
			"scale": [1.6, 1.6, 1.6]
		},
		"fixed": {
			"rotation": [90, 45, 0],
			"translation": [0, 0, 7.5]
		}
	},
	"groups": [
		{
			"name": "Head",
			"origin": [0, 24, 0],
			"color": 0,
			"children": [0, 1]
		},
		{
			"name": "Body",
			"origin": [0, 24, 0],
			"color": 0,
			"children": [2, 3]
		},
		{
			"name": "RightArm",
			"origin": [5, 22, 0],
			"color": 0,
			"children": [
				4,
				5,
				{
					"name": "RightArm",
					"origin": [5, 22, 0],
					"color": 0,
					"children": [6, 7]
				}
			]
		},
		{
			"name": "RightLeg",
			"origin": [1.9, 12, 0],
			"color": 0,
			"children": [8, 9]
		},
		{
			"name": "LeftLeg",
			"origin": [-1.9, 12, 0],
			"color": 0,
			"children": [10, 11]
		},
		12,
		13,
		{
			"name": "RightArm",
			"origin": [5, 22, 0],
			"color": 0,
			"children": [
				14,
				15,
				{
					"name": "RightArm",
					"origin": [5, 22, 0],
					"color": 0,
					"children": [16, 17]
				}
			]
		},
		{
			"name": "broken_anubis",
			"origin": [8, 8, 8],
			"color": 0,
			"children": [
				{
					"name": "anubis_cyber",
					"origin": [8, 8, 8],
					"color": 0,
					"children": [18, 19, 20, 21, 22, 23, 24, 25, 26, 27, 28, 29, 30, 31, 32, 33, 34]
				}
			]
		}
	]
}