{
	"credit": "Made with Blockbench",
	"textures": {
		"0": "block/anvil",
		"particle": "block/anvil"
	},
	"elements": [
		{
			"from": [7.2, 0.2, 1],
			"to": [8.8, 1.8, 16],
			"rotation": {"angle": 0, "axis": "y", "origin": [15, 8, 9]},
			"faces": {
				"north": {"uv": [1, 1, 2.6, 2.6], "texture": "#0"},
				"east": {"uv": [0, 0, 15, 1.6], "texture": "#0"},
				"south": {"uv": [4, 1, 5.6, 2.6], "texture": "#0"},
				"west": {"uv": [0, 0, 15, 1.6], "texture": "#0"},
				"up": {"uv": [0, 0, 1.6, 15], "texture": "#0"},
				"down": {"uv": [0, 0, 1.6, 15], "texture": "#0"}
			}
		},
		{
			"from": [8.8, 0.4, 3.9],
			"to": [11.75, 1.6, 5.1],
			"rotation": {"angle": 0, "axis": "y", "origin": [8, 1, 4.5]},
			"faces": {
				"north": {"uv": [0, 0, 4.949, 2.199], "texture": "#0"},
				"east": {"uv": [0, 0, 1.949, 2.199], "texture": "#0"},
				"south": {"uv": [0, 0, 4.949, 2.199], "texture": "#0"},
				"west": {"uv": [0, 0, 4.949, 2.199], "texture": "#0"},
				"up": {"uv": [9, 0, 14, 2], "texture": "#0"},
				"down": {"uv": [9, 0, 14, 2], "texture": "#0"}
			}
		}
	],
	"display": {
		"thirdperson_righthand": {
			"rotation": [90, -180, -180],
			"translation": [0, 4.75, -5.25]
		},
		"thirdperson_lefthand": {
			"rotation": [90, -180, 0],
			"translation": [0, 4.75, 8.75]
		},
		"firstperson_righthand": {
			"rotation": [45, -180, -180],
			"translation": [0, 0.25, -7]
		},
		"firstperson_lefthand": {
			"rotation": [45, -180, 0],
			"translation": [0, 11, 2.75]
		},
		"ground": {
			"translation": [0, 6.5, 0],
			"scale": [1.25, 1.25, 1.25]
		},
		"gui": {
			"rotation": [30, 225, 0],
			"translation": [0, 5.25, 0]
		},
		"head": {
			"translation": [0, 18, -2],
			"scale": [1.5, 1.5, 1.5]
		},
		"fixed": {
			"rotation": [90, 0, 0],
			"translation": [0, 1, 13.5],
			"scale": [2, 2, 2]
		}
	}
}