{
	"credit": "Made with Blockbench",
	"textures": {
		"1": "block/black_shulker_box",
		"particle": "block/black_concrete"
	},
	"elements": [
		{
			"from": [7.4, 0.4, 0],
			"to": [8.6, 1.6, 5],
			"rotation": {"angle": 0, "axis": "y", "origin": [16, 8, 8]},
			"faces": {
				"north": {"uv": [6, 0, 8, 2], "rotation": 90, "texture": "#1"},
				"east": {"uv": [5, 0, 15, 2], "rotation": 180, "texture": "#1"},
				"south": {"uv": [6, 0, 8, 2], "rotation": 90, "texture": "#1"},
				"west": {"uv": [5, 0, 15, 2], "texture": "#1"},
				"up": {"uv": [5, 0, 15, 2], "rotation": 90, "texture": "#1"},
				"down": {"uv": [5, 0, 15, 2], "rotation": 90, "texture": "#1"}
			}
		},
		{
			"from": [7.6, 0.6, 5],
			"to": [8.4, 1.4, 10],
			"rotation": {"angle": 0, "axis": "y", "origin": [16, 8, 13]},
			"faces": {
				"north": {"uv": [6, 5, 6.8, 6], "texture": "#1"},
				"east": {"uv": [6, 5, 10.8, 6], "texture": "#1"},
				"south": {"uv": [6, 5, 6.8, 6], "texture": "#1"},
				"west": {"uv": [6, 5, 10.8, 6], "texture": "#1"},
				"up": {"uv": [6, 5, 6.8, 10], "texture": "#1"},
				"down": {"uv": [6, 5, 6.8, 10], "texture": "#1"}
			}
		},
		{
			"from": [7.7, 0.7, 10],
			"to": [8.3, 1.3, 15],
			"rotation": {"angle": 0, "axis": "y", "origin": [16, 8, 16]},
			"faces": {
				"north": {"uv": [5, 6, 6.6, 7], "texture": "#1"},
				"east": {"uv": [5, 6, 10.6, 7], "texture": "#1"},
				"south": {"uv": [5, 6, 6.6, 7], "texture": "#1"},
				"west": {"uv": [5, 6, 10.6, 7], "texture": "#1"},
				"up": {"uv": [6, 3, 7.6, 9], "texture": "#1"},
				"down": {"uv": [6, 3, 7.6, 9], "texture": "#1"}
			}
		},
		{
			"from": [7.6, 0.6, 15],
			"to": [8.4, 1.4, 15.3],
			"rotation": {"angle": 0, "axis": "y", "origin": [16, 8, 21]},
			"faces": {
				"north": {"uv": [5, 6, 6.6, 7], "texture": "#1"},
				"east": {"uv": [5, 6, 6.6, 7], "texture": "#1"},
				"south": {"uv": [5, 6, 6.6, 7], "texture": "#1"},
				"west": {"uv": [5, 6, 6.6, 7], "texture": "#1"},
				"up": {"uv": [5, 6, 6.6, 7], "texture": "#1"},
				"down": {"uv": [5, 6, 6.6, 7], "texture": "#1"}
			}
		}
	],
	"display": {
		"thirdperson_righthand": {
			"rotation": [-88, 0, 0],
			"translation": [0, 7, -6.75],
			"scale": [1.2, 1.2, 1.2]
		},
		"thirdperson_lefthand": {
			"rotation": [-88, 0, 0],
			"translation": [0, 7, -6.75],
			"scale": [1.2, 1.2, 1.2]
		},
		"firstperson_righthand": {
			"rotation": [-97, 0, 0],
			"translation": [0, 5, -6.75],
			"scale": [1.1, 1.1, 1.1]
		},
		"firstperson_lefthand": {
			"rotation": [-97, 0, 0],
			"translation": [0, 5, -6.75],
			"scale": [1.1, 1.1, 1.1]
		},
		"ground": {
			"translation": [0, 6, 0],
			"scale": [1.25, 1.25, 1.25]
		},
		"gui": {
			"rotation": [30, 225, 0],
			"translation": [0, 6, 0],
			"scale": [1.1, 1.1, 1.1]
		},
		"head": {
			"translation": [0, 16, -0.5],
			"scale": [1.25, 1.25, 1.25]
		},
		"fixed": {
			"rotation": [90, 0, 0],
			"translation": [0, -0.5, 13.75],
			"scale": [2, 2, 2]
		}
	}
}