{
	"credit": "Made with Blockbench",
	"textures": {
		"1": "block/black_concrete",
		"particle": "block/black_concrete"
	},
	"elements": [
		{
			"from": [4, 2.7, 4],
			"to": [12, 3.6, 12],
			"rotation": {"angle": 0, "axis": "y", "origin": [12, 10.7, 12]},
			"faces": {
				"north": {"uv": [0, 0, 8, 0.9], "texture": "#1"},
				"east": {"uv": [0, 0, 8, 0.9], "texture": "#1"},
				"south": {"uv": [0, 0, 8, 0.9], "texture": "#1"},
				"west": {"uv": [0, 0, 8, 0.9], "texture": "#1"},
				"up": {"uv": [0, 0, 8, 8], "texture": "#1"},
				"down": {"uv": [0, 0, 8, 8], "texture": "#1"}
			}
		},
		{
			"from": [3.7, 0.6, 3.7],
			"to": [12.3, 2.9, 12.3],
			"rotation": {"angle": 0, "axis": "y", "origin": [12, 9.7, 12]},
			"faces": {
				"north": {"uv": [0, 0, 8.6, 2.3], "texture": "#1"},
				"east": {"uv": [0, 0, 8.6, 2.3], "texture": "#1"},
				"south": {"uv": [0, 0, 8.6, 2.3], "texture": "#1"},
				"west": {"uv": [0, 0, 8.6, 2.3], "texture": "#1"},
				"up": {"uv": [0, 0, 8.6, 8.6], "texture": "#1"},
				"down": {"uv": [0, 0, 8.6, 8.6], "texture": "#1"}
			}
		},
		{
			"from": [3.3, 0.1, 3.2],
			"to": [12.7, 2.2, 12.7],
			"rotation": {"angle": 0, "axis": "y", "origin": [12, 9.7, 12]},
			"faces": {
				"north": {"uv": [0, 0, 9.4, 2.1], "texture": "#1"},
				"east": {"uv": [0, 0, 9.5, 2.1], "texture": "#1"},
				"south": {"uv": [0, 0, 9.4, 2.1], "texture": "#1"},
				"west": {"uv": [0, 0, 9.5, 2.1], "texture": "#1"},
				"up": {"uv": [0, 0, 9.4, 9.5], "texture": "#1"},
				"down": {"uv": [0, 0, 9.4, 9.5], "texture": "#1"}
			}
		},
		{
			"from": [4.8, 3.6, 4.8],
			"to": [11.2, 4.4, 11.2],
			"rotation": {"angle": 0, "axis": "y", "origin": [12, 11.6, 12]},
			"faces": {
				"north": {"uv": [0, 0, 6.4, 0.8], "texture": "#1"},
				"east": {"uv": [0, 0, 6.4, 0.8], "texture": "#1"},
				"south": {"uv": [0, 0, 6.4, 0.8], "texture": "#1"},
				"west": {"uv": [0, 0, 6.4, 0.8], "texture": "#1"},
				"up": {"uv": [0, 0, 6.4, 6.4], "texture": "#1"},
				"down": {"uv": [0, 0, 6.4, 6.4], "texture": "#1"}
			}
		},
		{
			"from": [6, 4.4, 6],
			"to": [10, 5.2, 10],
			"rotation": {"angle": 0, "axis": "y", "origin": [12, 12.4, 12]},
			"faces": {
				"north": {"uv": [0, 0, 4, 0.8], "texture": "#1"},
				"east": {"uv": [0, 0, 4, 0.8], "texture": "#1"},
				"south": {"uv": [0, 0, 4, 0.8], "texture": "#1"},
				"west": {"uv": [0, 0, 4, 0.8], "texture": "#1"},
				"up": {"uv": [0, 0, 4, 4], "texture": "#1"},
				"down": {"uv": [0, 0, 4, 4], "texture": "#1"}
			}
		},
		{
			"from": [7, 5.2, 7],
			"to": [9, 5.9, 9],
			"rotation": {"angle": 0, "axis": "y", "origin": [12, 13.2, 12]},
			"faces": {
				"north": {"uv": [0, 0, 2, 0.7], "texture": "#1"},
				"east": {"uv": [0, 0, 2, 0.7], "texture": "#1"},
				"south": {"uv": [0, 0, 2, 0.7], "texture": "#1"},
				"west": {"uv": [0, 0, 2, 0.7], "texture": "#1"},
				"up": {"uv": [0, 0, 2, 2], "texture": "#1"},
				"down": {"uv": [0, 0, 2, 2], "texture": "#1"}
			}
		}
	],
	"display": {
		"thirdperson_righthand": {
			"rotation": [75, 45, 0],
			"translation": [0, 2.5, 1.75],
			"scale": [0.375, 0.375, 0.375]
		},
		"thirdperson_lefthand": {
			"rotation": [75, 45, 0],
			"translation": [0, 2.5, 1.75],
			"scale": [0.375, 0.375, 0.375]
		},
		"firstperson_righthand": {
			"rotation": [0, 45, 0],
			"translation": [0, 3.75, 0],
			"scale": [0.4, 0.4, 0.4]
		},
		"firstperson_lefthand": {
			"rotation": [0, 225, 0],
			"translation": [0, 3.75, 0],
			"scale": [0.4, 0.4, 0.4]
		},
		"ground": {
			"translation": [0, 6.75, 0],
			"scale": [1.25, 1.25, 1.25]
		},
		"gui": {
			"rotation": [30, 225, 0],
			"translation": [0, 3.25, 0],
			"scale": [0.625, 0.71, 0.625]
		},
		"head": {
			"translation": [0, 15, 0],
			"scale": [1.6, 1.6, 1.6]
		},
		"fixed": {
			"rotation": [-90, 0, 0],
			"translation": [0, 0, -21],
			"scale": [2.75, 2.75, 2.75]
		}
	},
	"groups": [
		{
			"name": "Beanie",
			"origin": [12, 18.5, 12],
			"children": [0, 1, 2, 3, 4, 5]
		}
	]
}