{
	"credit": "Made with Blockbench",
	"textures": {
		"0": "block/anvil",
		"particle": "block/anvil"
	},
	"elements": [
		{
			"from": [2, 6, 6],
			"to": [14, 7, 10],
			"rotation": {"angle": 0, "axis": "y", "origin": [12, 14, 15]},
			"faces": {
				"north": {"uv": [0, 0, 15, 2], "texture": "#0"},
				"east": {"uv": [3, 5, 12, 7], "texture": "#0"},
				"south": {"uv": [0, 0, 15, 2], "texture": "#0"},
				"west": {"uv": [3, 5, 12, 7], "texture": "#0"},
				"up": {"uv": [0, 0, 16, 8], "texture": "#0"},
				"down": {"uv": [0, 0, 16, 10], "texture": "#0"}
			}
		},
		{
			"from": [2, 0, 7.5],
			"to": [14, 1, 8.5],
			"rotation": {"angle": 0, "axis": "y", "origin": [12, 8, 15.5]},
			"faces": {
				"north": {"uv": [0, 0, 15, 2], "texture": "#0"},
				"east": {"uv": [0, 0, 1, 1], "texture": "#0"},
				"south": {"uv": [0, 0, 15, 2], "texture": "#0"},
				"west": {"uv": [0, 0, 1, 1], "texture": "#0"},
				"up": {"uv": [0, 0, 15, 2], "texture": "#0"},
				"down": {"uv": [0, 0, 15, 2], "texture": "#0"}
			}
		},
		{
			"from": [6, 0.2, 6],
			"to": [10, 1.2, 10],
			"rotation": {"angle": 0, "axis": "y", "origin": [12, 8.2, 15]},
			"faces": {
				"north": {"uv": [4, 0, 14, 2], "texture": "#0"},
				"east": {"uv": [4, 0, 14, 2], "texture": "#0"},
				"south": {"uv": [4, 0, 14, 2], "texture": "#0"},
				"west": {"uv": [4, 0, 14, 2], "texture": "#0"},
				"up": {"uv": [3, 1, 11, 9], "texture": "#0"},
				"down": {"uv": [3, 1, 11, 9], "texture": "#0"}
			}
		},
		{
			"from": [1, 0, 6],
			"to": [2, 7, 7],
			"rotation": {"angle": 0, "axis": "y", "origin": [9, 3, 0]},
			"faces": {
				"north": {"uv": [6, 2, 16, 0], "rotation": 270, "texture": "#0"},
				"east": {"uv": [0, 2, 12, 0], "rotation": 90, "texture": "#0"},
				"south": {"uv": [6, 2, 16, 0], "rotation": 270, "texture": "#0"},
				"west": {"uv": [0, 2, 12, 0], "rotation": 90, "texture": "#0"},
				"up": {"uv": [2, 0, 0, 4], "texture": "#0"},
				"down": {"uv": [1, 0, 0, 1], "rotation": 180, "texture": "#0"}
			}
		},
		{
			"from": [14, 0, 6],
			"to": [15, 7, 7],
			"rotation": {"angle": 0, "axis": "y", "origin": [7, 3, 0]},
			"faces": {
				"north": {"uv": [6, 0, 16, 2], "rotation": 270, "texture": "#0"},
				"east": {"uv": [0, 0, 12, 2], "rotation": 90, "texture": "#0"},
				"south": {"uv": [6, 0, 16, 2], "rotation": 270, "texture": "#0"},
				"west": {"uv": [0, 0, 12, 2], "rotation": 90, "texture": "#0"},
				"up": {"uv": [0, 0, 2, 4], "texture": "#0"},
				"down": {"uv": [0, 0, 1, 1], "rotation": 180, "texture": "#0"}
			}
		},
		{
			"from": [14, 0, 9],
			"to": [15, 7, 10],
			"rotation": {"angle": 0, "axis": "y", "origin": [7, 3, 16]},
			"faces": {
				"north": {"uv": [6, 2, 16, 0], "rotation": 270, "texture": "#0"},
				"east": {"uv": [0, 2, 12, 0], "rotation": 90, "texture": "#0"},
				"south": {"uv": [6, 2, 16, 0], "rotation": 270, "texture": "#0"},
				"west": {"uv": [0, 2, 12, 0], "rotation": 90, "texture": "#0"},
				"up": {"uv": [0, 4, 2, 0], "texture": "#0"},
				"down": {"uv": [0, 1, 1, 0], "rotation": 180, "texture": "#0"}
			}
		},
		{
			"from": [1, 0, 9],
			"to": [2, 7, 10],
			"rotation": {"angle": 0, "axis": "y", "origin": [9, 3, 16]},
			"faces": {
				"north": {"uv": [6, 0, 16, 2], "rotation": 270, "texture": "#0"},
				"east": {"uv": [0, 0, 12, 2], "rotation": 90, "texture": "#0"},
				"south": {"uv": [6, 0, 16, 2], "rotation": 270, "texture": "#0"},
				"west": {"uv": [0, 0, 12, 2], "rotation": 90, "texture": "#0"},
				"up": {"uv": [2, 4, 0, 0], "texture": "#0"},
				"down": {"uv": [1, 1, 0, 0], "rotation": 180, "texture": "#0"}
			}
		},
		{
			"from": [1, 0, 7],
			"to": [2, 1, 9],
			"rotation": {"angle": 0, "axis": "y", "origin": [9, 3, 16]},
			"faces": {
				"north": {"uv": [6, 0, 16, 2], "rotation": 270, "texture": "#0"},
				"east": {"uv": [0, 4, 2, 0], "rotation": 90, "texture": "#0"},
				"south": {"uv": [6, 0, 16, 2], "rotation": 270, "texture": "#0"},
				"west": {"uv": [0, 0, 2, 4], "rotation": 90, "texture": "#0"},
				"up": {"uv": [2, 4, 0, 0], "texture": "#0"},
				"down": {"uv": [1, 1, 0, 0], "rotation": 180, "texture": "#0"}
			}
		},
		{
			"from": [14, 0, 7],
			"to": [15, 1, 9],
			"rotation": {"angle": 0, "axis": "y", "origin": [7, 3, 16]},
			"faces": {
				"north": {"uv": [6, 2, 16, 0], "rotation": 270, "texture": "#0"},
				"east": {"uv": [0, 4, 2, 0], "rotation": 90, "texture": "#0"},
				"south": {"uv": [6, 2, 16, 0], "rotation": 270, "texture": "#0"},
				"west": {"uv": [0, 4, 2, 0], "rotation": 90, "texture": "#0"},
				"up": {"uv": [0, 4, 2, 0], "texture": "#0"},
				"down": {"uv": [0, 1, 1, 0], "rotation": 180, "texture": "#0"}
			}
		}
	],
	"display": {
		"thirdperson_righthand": {
			"rotation": [75, 0, 0],
			"translation": [0, 1, 2.25],
			"scale": [0.375, 0.375, 0.375]
		},
		"thirdperson_lefthand": {
			"rotation": [75, 0, 0],
			"translation": [0, 1, 2.25],
			"scale": [0.375, 0.375, 0.375]
		},
		"firstperson_righthand": {
			"rotation": [0, 45, 0],
			"translation": [-0.25, 3.5, 0],
			"scale": [0.4, 0.4, 0.4]
		},
		"firstperson_lefthand": {
			"rotation": [0, 45, 0],
			"translation": [-0.25, 3.5, 0],
			"scale": [0.4, 0.4, 0.4]
		},
		"ground": {
			"translation": [0, 3, 0],
			"scale": [0.8, 0.8, 0.8]
		},
		"gui": {
			"rotation": [30, 225, 0],
			"translation": [0, 3, 0],
			"scale": [0.7, 0.7, 0.7]
		},
		"head": {
			"translation": [0, -32.9, 0],
			"scale": [1.3, 1.3, 1.3]
		},
		"fixed": {
			"rotation": [-90, 0, 0],
			"translation": [0, 0, -14.25],
			"scale": [2, 2, 2]
		}
	}
}