{
	"credit": "Made with Blockbench",
	"textures": {
		"0": "block/anvil",
		"particle": "block/anvil"
	},
	"elements": [
		{
			"from": [2, 0, 1],
			"to": [14, 1, 2],
			"rotation": {"angle": 0, "axis": "y", "origin": [12, 8, 9]},
			"faces": {
				"north": {"uv": [0, 0, 15, 2], "texture": "#0"},
				"east": {"uv": [0, 0, 1, 1], "texture": "#0"},
				"south": {"uv": [0, 0, 15, 2], "texture": "#0"},
				"west": {"uv": [0, 0, 1, 1], "texture": "#0"},
				"up": {"uv": [0, 0, 15, 2], "texture": "#0"},
				"down": {"uv": [0, 0, 15, 2], "texture": "#0"}
			}
		},
		{
			"from": [13, 1, 1],
			"to": [15, 3, 2],
			"rotation": {"angle": 0, "axis": "y", "origin": [13, 9, 9]},
			"faces": {
				"north": {"uv": [0, 0, 5, 4], "texture": "#0"},
				"east": {"uv": [0, 0, 2, 3], "texture": "#0"},
				"south": {"uv": [11, 0, 16, 4], "texture": "#0"},
				"west": {"uv": [0, 0, 2, 3], "texture": "#0"},
				"up": {"uv": [10, 0, 16, 2], "texture": "#0"},
				"down": {"uv": [5, 0, 11, 2], "texture": "#0"}
			}
		},
		{
			"from": [1, 1, 1],
			"to": [3, 3, 2],
			"rotation": {"angle": 0, "axis": "y", "origin": [3, 9, 9]},
			"faces": {
				"north": {"uv": [5, 0, 0, 4], "texture": "#0"},
				"east": {"uv": [2, 0, 0, 3], "texture": "#0"},
				"south": {"uv": [16, 0, 11, 4], "texture": "#0"},
				"west": {"uv": [2, 0, 0, 3], "texture": "#0"},
				"up": {"uv": [16, 0, 10, 2], "texture": "#0"},
				"down": {"uv": [11, 0, 5, 2], "texture": "#0"}
			}
		},
		{
			"from": [11, 1, 14],
			"to": [13, 3, 15],
			"rotation": {"angle": 0, "axis": "y", "origin": [11, 9, 22]},
			"faces": {
				"north": {"uv": [6, 0, 11, 4], "texture": "#0"},
				"east": {"uv": [6, 0, 8, 3], "texture": "#0"},
				"south": {"uv": [7, 0, 12, 4], "texture": "#0"},
				"west": {"uv": [6, 0, 8, 3], "texture": "#0"},
				"up": {"uv": [6, 0, 12, 2], "texture": "#0"},
				"down": {"uv": [6, 0, 12, 2], "texture": "#0"}
			}
		},
		{
			"from": [7, 1, 14],
			"to": [9, 3, 15],
			"rotation": {"angle": 0, "axis": "y", "origin": [7, 9, 22]},
			"faces": {
				"north": {"uv": [6, 0, 11, 4], "texture": "#0"},
				"east": {"uv": [6, 0, 8, 3], "texture": "#0"},
				"south": {"uv": [7, 0, 12, 4], "texture": "#0"},
				"west": {"uv": [6, 0, 8, 3], "texture": "#0"},
				"up": {"uv": [6, 0, 12, 2], "texture": "#0"},
				"down": {"uv": [6, 0, 12, 2], "texture": "#0"}
			}
		},
		{
			"from": [3, 1, 14],
			"to": [5, 3, 15],
			"rotation": {"angle": 0, "axis": "y", "origin": [3, 9, 22]},
			"faces": {
				"north": {"uv": [6, 0, 11, 4], "texture": "#0"},
				"east": {"uv": [6, 0, 8, 3], "texture": "#0"},
				"south": {"uv": [7, 0, 12, 4], "texture": "#0"},
				"west": {"uv": [6, 0, 8, 3], "texture": "#0"},
				"up": {"uv": [6, 0, 12, 2], "texture": "#0"},
				"down": {"uv": [6, 0, 12, 2], "texture": "#0"}
			}
		},
		{
			"from": [5, 1, 1],
			"to": [7, 3, 2],
			"rotation": {"angle": 0, "axis": "y", "origin": [5, 9, 9]},
			"faces": {
				"north": {"uv": [6, 0, 11, 4], "texture": "#0"},
				"east": {"uv": [6, 0, 8, 3], "texture": "#0"},
				"south": {"uv": [7, 0, 12, 4], "texture": "#0"},
				"west": {"uv": [6, 0, 8, 3], "texture": "#0"},
				"up": {"uv": [6, 0, 12, 2], "texture": "#0"},
				"down": {"uv": [6, 0, 12, 2], "texture": "#0"}
			}
		},
		{
			"from": [9, 1, 1],
			"to": [11, 3, 2],
			"rotation": {"angle": 0, "axis": "y", "origin": [9, 9, 9]},
			"faces": {
				"north": {"uv": [6, 0, 11, 4], "texture": "#0"},
				"east": {"uv": [6, 0, 8, 3], "texture": "#0"},
				"south": {"uv": [7, 0, 12, 4], "texture": "#0"},
				"west": {"uv": [6, 0, 8, 3], "texture": "#0"},
				"up": {"uv": [6, 0, 12, 2], "texture": "#0"},
				"down": {"uv": [6, 0, 12, 2], "texture": "#0"}
			}
		},
		{
			"from": [2, 0, 14],
			"to": [14, 1, 15],
			"rotation": {"angle": 0, "axis": "y", "origin": [12, 8, 22]},
			"faces": {
				"north": {"uv": [0, 0, 15, 2], "texture": "#0"},
				"east": {"uv": [0, 0, 1, 1], "texture": "#0"},
				"south": {"uv": [0, 0, 15, 2], "texture": "#0"},
				"west": {"uv": [0, 0, 1, 1], "texture": "#0"},
				"up": {"uv": [0, 0, 15, 2], "texture": "#0"},
				"down": {"uv": [0, 0, 15, 2], "texture": "#0"}
			}
		},
		{
			"from": [2, 0, 7.5],
			"to": [14, 1, 8.5],
			"rotation": {"angle": 0, "axis": "y", "origin": [12, 8, 15.5]},
			"faces": {
				"north": {"uv": [0, 0, 15, 2], "texture": "#0"},
				"east": {"uv": [0, 0, 1, 1], "texture": "#0"},
				"south": {"uv": [0, 0, 15, 2], "texture": "#0"},
				"west": {"uv": [0, 0, 1, 1], "texture": "#0"},
				"up": {"uv": [0, 0, 15, 2], "texture": "#0"},
				"down": {"uv": [0, 0, 15, 2], "texture": "#0"}
			}
		},
		{
			"from": [6, 0.2, 6],
			"to": [10, 1.2, 10],
			"rotation": {"angle": 0, "axis": "y", "origin": [12, 8.2, 15]},
			"faces": {
				"north": {"uv": [4, 0, 14, 2], "texture": "#0"},
				"east": {"uv": [4, 0, 14, 2], "texture": "#0"},
				"south": {"uv": [4, 0, 14, 2], "texture": "#0"},
				"west": {"uv": [4, 0, 14, 2], "texture": "#0"},
				"up": {"uv": [3, 1, 11, 9], "texture": "#0"},
				"down": {"uv": [3, 1, 11, 9], "texture": "#0"}
			}
		},
		{
			"from": [14, 0, 1],
			"to": [15, 1, 15],
			"rotation": {"angle": 0, "axis": "y", "origin": [7, 8, 11]},
			"faces": {
				"north": {"uv": [0, 0, 1, 1], "texture": "#0"},
				"east": {"uv": [0, 0, 15, 2], "texture": "#0"},
				"south": {"uv": [0, 0, 1, 1], "texture": "#0"},
				"west": {"uv": [0, 0, 15, 2], "texture": "#0"},
				"up": {"uv": [0, 0, 15, 2], "rotation": 90, "texture": "#0"},
				"down": {"uv": [0, 0, 15, 2], "rotation": 270, "texture": "#0"}
			}
		},
		{
			"from": [1, 0, 1],
			"to": [2, 1, 15],
			"rotation": {"angle": 0, "axis": "y", "origin": [-6, 8, 11]},
			"faces": {
				"north": {"uv": [0, 0, 1, 1], "texture": "#0"},
				"east": {"uv": [0, 0, 15, 2], "texture": "#0"},
				"south": {"uv": [0, 0, 1, 1], "texture": "#0"},
				"west": {"uv": [0, 0, 15, 2], "texture": "#0"},
				"up": {"uv": [0, 0, 15, 2], "rotation": 90, "texture": "#0"},
				"down": {"uv": [0, 0, 15, 2], "rotation": 270, "texture": "#0"}
			}
		}
	],
	"display": {
		"thirdperson_righthand": {
			"rotation": [75, 0, 0],
			"translation": [0, 3.25, 2.25],
			"scale": [0.375, 0.375, 0.375]
		},
		"thirdperson_lefthand": {
			"rotation": [75, 0, 0],
			"translation": [0, 3.25, 2.25],
			"scale": [0.375, 0.375, 0.375]
		},
		"firstperson_righthand": {
			"rotation": [0, 45, 0],
			"translation": [-0.25, 3.5, 0],
			"scale": [0.4, 0.4, 0.4]
		},
		"firstperson_lefthand": {
			"rotation": [0, 45, 0],
			"translation": [-0.25, 3.5, 0],
			"scale": [0.4, 0.4, 0.4]
		},
		"ground": {
			"translation": [0, 3, 0],
			"scale": [0.8, 0.8, 0.8]
		},
		"gui": {
			"rotation": [30, 225, 0],
			"translation": [0, 3.5, 0],
			"scale": [0.7, 0.7, 0.7]
		},
		"head": {
			"translation": [0, -32.9, 0],
			"scale": [1.3, 1.3, 1.3]
		},
		"fixed": {
			"rotation": [-90, 0, 0],
			"translation": [0, 0, -14.25],
			"scale": [2, 2, 2]
		}
	}
}