{
	"credit": "Made with Blockbench",
	"textures": {
		"0": "block/gold_block",
		"particle": "block/gold_block"
	},
	"elements": [
		{
			"name": "Cube",
			"from": [10.575, 16, 1.01371],
			"to": [11.575, 17, 15.01371],
			"rotation": {"angle": 0, "axis": "x", "origin": [11.075, 9, 12]},
			"faces": {
				"north": {"uv": [0, 0, 15, 1], "rotation": 90, "texture": "#0"},
				"east": {"uv": [0, 0, 15, 1], "texture": "#0"},
				"south": {"uv": [0, 0, 15, 1], "rotation": 90, "texture": "#0"},
				"west": {"uv": [0, 0, 15, 1], "texture": "#0"},
				"up": {"uv": [0, 0, 15, 1], "rotation": 90, "texture": "#0"},
				"down": {"uv": [0, 0, 15, 1], "rotation": 90, "texture": "#0"}
			}
		},
		{
			"name": "Cube",
			"from": [5.175, 16.5, 5.31371],
			"to": [10.575, 17.3, 10.71371],
			"rotation": {"angle": 0, "axis": "x", "origin": [4.675, 10, 12]},
			"faces": {
				"north": {"uv": [0, 0, 1, 1], "rotation": 270, "texture": "#0"},
				"east": {"uv": [0, 0, 1, 1], "rotation": 270, "texture": "#0"},
				"south": {"uv": [0, 0, 1, 1], "rotation": 90, "texture": "#0"},
				"west": {"uv": [0, 0, 1, 1], "rotation": 270, "texture": "#0"},
				"up": {"uv": [6, 6, 13, 13], "rotation": 90, "texture": "#0"},
				"down": {"uv": [6, 6, 13, 13], "rotation": 90, "texture": "#0"}
			}
		},
		{
			"name": "Cube",
			"from": [4.175, 16, 1.01371],
			"to": [5.175, 17, 15.01371],
			"rotation": {"angle": 0, "axis": "x", "origin": [4.675, 9, 12]},
			"faces": {
				"north": {"uv": [0, 0, 15, 1], "rotation": 90, "texture": "#0"},
				"east": {"uv": [0, 0, 15, 1], "texture": "#0"},
				"south": {"uv": [0, 0, 15, 1], "rotation": 90, "texture": "#0"},
				"west": {"uv": [0, 0, 15, 1], "texture": "#0"},
				"up": {"uv": [0, 0, 15, 1], "rotation": 90, "texture": "#0"},
				"down": {"uv": [0, 0, 15, 1], "rotation": 90, "texture": "#0"}
			}
		},
		{
			"name": "Cube",
			"from": [0.98871, 16, 10.7],
			"to": [14.98871, 17, 11.7],
			"rotation": {"angle": 0, "axis": "y", "origin": [11.975, 9, 11.2]},
			"faces": {
				"north": {"uv": [0, 0, 15, 1], "texture": "#0"},
				"east": {"uv": [0, 0, 15, 1], "texture": "#0"},
				"south": {"uv": [0, 0, 15, 1], "texture": "#0"},
				"west": {"uv": [0, 0, 15, 1], "texture": "#0"},
				"up": {"uv": [0, 0, 15, 1], "texture": "#0"},
				"down": {"uv": [0, 0, 15, 1], "texture": "#0"}
			}
		},
		{
			"name": "Cube",
			"from": [0.98871, 16, 4.3],
			"to": [14.98871, 17, 5.3],
			"rotation": {"angle": 0, "axis": "y", "origin": [11.975, 9, 4.8]},
			"faces": {
				"north": {"uv": [0, 0, 15, 1], "texture": "#0"},
				"east": {"uv": [0, 0, 15, 1], "texture": "#0"},
				"south": {"uv": [0, 0, 15, 1], "texture": "#0"},
				"west": {"uv": [0, 0, 15, 1], "texture": "#0"},
				"up": {"uv": [0, 0, 15, 1], "texture": "#0"},
				"down": {"uv": [0, 0, 15, 1], "texture": "#0"}
			}
		},
		{
			"name": "octagon",
			"from": [4.68629, 16, 0],
			"to": [11.31371, 17, 1],
			"rotation": {"angle": 45, "axis": "y", "origin": [8, 16.5, 8]},
			"faces": {
				"north": {"uv": [0, 0, 15, 1], "texture": "#0"},
				"east": {"uv": [0, 0, 15, 1], "texture": "#0"},
				"south": {"uv": [0, 0, 15, 1], "texture": "#0"},
				"west": {"uv": [0, 0, 15, 1], "texture": "#0"},
				"up": {"uv": [0, 0, 15, 1], "texture": "#0"},
				"down": {"uv": [0, 0, 15, 1], "texture": "#0"}
			}
		},
		{
			"name": "octagon",
			"from": [4.68629, 16, 0],
			"to": [11.31371, 17, 1],
			"rotation": {"angle": 0, "axis": "y", "origin": [8, 16.5, 8]},
			"faces": {
				"north": {"uv": [0, 0, 15, 1], "texture": "#0"},
				"east": {"uv": [0, 0, 15, 1], "texture": "#0"},
				"south": {"uv": [0, 0, 15, 1], "texture": "#0"},
				"west": {"uv": [0, 0, 15, 1], "texture": "#0"},
				"up": {"uv": [0, 0, 15, 1], "texture": "#0"},
				"down": {"uv": [0, 0, 15, 1], "texture": "#0"}
			}
		},
		{
			"name": "octagon",
			"from": [4.68629, 16, 15],
			"to": [11.31371, 17, 16],
			"rotation": {"angle": 45, "axis": "y", "origin": [8, 16.5, 8]},
			"faces": {
				"north": {"uv": [0, 0, 15, 1], "texture": "#0"},
				"east": {"uv": [0, 0, 1, 1], "texture": "#missing"},
				"south": {"uv": [0, 0, 15, 1], "texture": "#0"},
				"west": {"uv": [0, 0, 1, 1], "texture": "#missing"},
				"up": {"uv": [0, 0, 15, 1], "texture": "#0"},
				"down": {"uv": [0, 0, 15, 1], "texture": "#0"}
			}
		},
		{
			"name": "octagon",
			"from": [4.68629, 16, 15],
			"to": [11.31371, 17, 16],
			"rotation": {"angle": 0, "axis": "y", "origin": [8, 16.5, 8]},
			"faces": {
				"north": {"uv": [0, 0, 15, 1], "texture": "#0"},
				"east": {"uv": [0, 0, 15, 1], "texture": "#0"},
				"south": {"uv": [0, 0, 15, 1], "texture": "#0"},
				"west": {"uv": [0, 0, 15, 1], "texture": "#0"},
				"up": {"uv": [0, 0, 15, 1], "texture": "#0"},
				"down": {"uv": [0, 0, 15, 1], "texture": "#0"}
			}
		},
		{
			"name": "octagon",
			"from": [0, 16, 4.68629],
			"to": [1, 17, 11.31371],
			"rotation": {"angle": 45, "axis": "y", "origin": [8, 16.5, 8]},
			"faces": {
				"north": {"uv": [0, 0, 1, 1], "texture": "#missing"},
				"east": {"uv": [0, 0, 15, 1], "texture": "#0"},
				"south": {"uv": [0, 0, 1, 1], "texture": "#missing"},
				"west": {"uv": [0, 0, 15, 1], "texture": "#0"},
				"up": {"uv": [0, 0, 15, 1], "rotation": 90, "texture": "#0"},
				"down": {"uv": [0, 0, 15, 1], "rotation": 90, "texture": "#0"}
			}
		},
		{
			"name": "octagon",
			"from": [0, 16, 4.68629],
			"to": [1, 17, 11.31371],
			"rotation": {"angle": 0, "axis": "y", "origin": [8, 16.5, 8]},
			"faces": {
				"north": {"uv": [0, 0, 1, 1], "texture": "#missing"},
				"east": {"uv": [0, 0, 15, 1], "texture": "#0"},
				"south": {"uv": [0, 0, 1, 1], "texture": "#missing"},
				"west": {"uv": [0, 0, 15, 1], "texture": "#0"},
				"up": {"uv": [0, 0, 15, 1], "rotation": 90, "texture": "#0"},
				"down": {"uv": [0, 0, 15, 1], "rotation": 90, "texture": "#0"}
			}
		},
		{
			"name": "octagon",
			"from": [15, 16, 4.68629],
			"to": [16, 17, 11.31371],
			"rotation": {"angle": 45, "axis": "y", "origin": [8, 16.5, 8]},
			"faces": {
				"north": {"uv": [0, 0, 15, 1], "texture": "#0"},
				"east": {"uv": [0, 0, 15, 1], "texture": "#0"},
				"south": {"uv": [0, 0, 15, 1], "texture": "#0"},
				"west": {"uv": [0, 0, 15, 1], "texture": "#0"},
				"up": {"uv": [0, 0, 15, 1], "rotation": 90, "texture": "#0"},
				"down": {"uv": [0, 0, 15, 1], "rotation": 90, "texture": "#0"}
			}
		},
		{
			"name": "octagon",
			"from": [15, 16, 4.68629],
			"to": [16, 17, 11.31371],
			"rotation": {"angle": 0, "axis": "y", "origin": [8, 16.5, 8]},
			"faces": {
				"north": {"uv": [0, 0, 15, 1], "rotation": 90, "texture": "#0"},
				"east": {"uv": [0, 0, 15, 1], "texture": "#0"},
				"south": {"uv": [0, 0, 15, 1], "rotation": 90, "texture": "#0"},
				"west": {"uv": [0, 0, 15, 1], "texture": "#0"},
				"up": {"uv": [0, 0, 15, 1], "rotation": 90, "texture": "#0"},
				"down": {"uv": [0, 0, 15, 1], "rotation": 90, "texture": "#0"}
			}
		},
		{
			"name": "Cube",
			"from": [9.5, 0.98629, 13],
			"to": [10.5, 16.18629, 14],
			"rotation": {"angle": 45, "axis": "y", "origin": [10, 3.5, 6]},
			"faces": {
				"north": {"uv": [0, 14, 15, 15], "rotation": 90, "texture": "#0"},
				"east": {"uv": [0, 14, 15, 15], "rotation": 90, "texture": "#0"},
				"south": {"uv": [0, 14, 15, 15], "rotation": 90, "texture": "#0"},
				"west": {"uv": [0, 14, 15, 15], "rotation": 90, "texture": "#0"},
				"up": {"uv": [0, 14, 15, 15], "rotation": 90, "texture": "#0"},
				"down": {"uv": [0, 14, 15, 15], "rotation": 90, "texture": "#0"}
			}
		},
		{
			"name": "Cube",
			"from": [5.5, 0.98629, 17],
			"to": [6.5, 16.18629, 18],
			"rotation": {"angle": 45, "axis": "y", "origin": [6, 3.5, 10]},
			"faces": {
				"north": {"uv": [0, 14, 15, 15], "rotation": 90, "texture": "#0"},
				"east": {"uv": [0, 14, 15, 15], "rotation": 90, "texture": "#0"},
				"south": {"uv": [0, 14, 15, 15], "rotation": 90, "texture": "#0"},
				"west": {"uv": [0, 14, 15, 15], "rotation": 90, "texture": "#0"},
				"up": {"uv": [0, 14, 15, 15], "rotation": 90, "texture": "#0"},
				"down": {"uv": [0, 14, 15, 15], "rotation": 90, "texture": "#0"}
			}
		},
		{
			"name": "Cube",
			"from": [-1.1, 0.98629, 17],
			"to": [-0.1, 16.18629, 18],
			"rotation": {"angle": 45, "axis": "y", "origin": [-0.6, 3.5, 10]},
			"faces": {
				"north": {"uv": [0, 14, 15, 15], "rotation": 90, "texture": "#0"},
				"east": {"uv": [0, 14, 15, 15], "rotation": 90, "texture": "#0"},
				"south": {"uv": [0, 14, 15, 15], "rotation": 90, "texture": "#0"},
				"west": {"uv": [0, 14, 15, 15], "rotation": 90, "texture": "#0"},
				"up": {"uv": [0, 14, 15, 15], "rotation": 90, "texture": "#0"},
				"down": {"uv": [0, 14, 15, 15], "rotation": 90, "texture": "#0"}
			}
		},
		{
			"name": "Cube",
			"from": [-5.1, 0.98629, 13],
			"to": [-4.1, 16.18629, 14],
			"rotation": {"angle": 45, "axis": "y", "origin": [-4.6, 3.5, 6]},
			"faces": {
				"north": {"uv": [0, 14, 15, 15], "rotation": 90, "texture": "#0"},
				"east": {"uv": [0, 14, 15, 15], "rotation": 90, "texture": "#0"},
				"south": {"uv": [0, 14, 15, 15], "rotation": 90, "texture": "#0"},
				"west": {"uv": [0, 14, 15, 15], "rotation": 90, "texture": "#0"},
				"up": {"uv": [0, 14, 15, 15], "rotation": 90, "texture": "#0"},
				"down": {"uv": [0, 14, 15, 15], "rotation": 90, "texture": "#0"}
			}
		},
		{
			"name": "Cube",
			"from": [-5.1, 0.98629, 6.4],
			"to": [-4.1, 16.18629, 7.4],
			"rotation": {"angle": 45, "axis": "y", "origin": [-4.6, 3.5, -0.6]},
			"faces": {
				"north": {"uv": [0, 14, 15, 15], "rotation": 90, "texture": "#0"},
				"east": {"uv": [0, 14, 15, 15], "rotation": 90, "texture": "#0"},
				"south": {"uv": [0, 14, 15, 15], "rotation": 90, "texture": "#0"},
				"west": {"uv": [0, 14, 15, 15], "rotation": 90, "texture": "#0"},
				"up": {"uv": [0, 14, 15, 15], "rotation": 90, "texture": "#0"},
				"down": {"uv": [0, 14, 15, 15], "rotation": 90, "texture": "#0"}
			}
		},
		{
			"name": "Cube",
			"from": [-1.1, 0.98629, 2.4],
			"to": [-0.1, 16.18629, 3.4],
			"rotation": {"angle": 45, "axis": "y", "origin": [-0.6, 3.5, -4.6]},
			"faces": {
				"north": {"uv": [0, 14, 15, 15], "rotation": 90, "texture": "#0"},
				"east": {"uv": [0, 14, 15, 15], "rotation": 90, "texture": "#0"},
				"south": {"uv": [0, 14, 15, 15], "rotation": 90, "texture": "#0"},
				"west": {"uv": [0, 14, 15, 15], "rotation": 90, "texture": "#0"},
				"up": {"uv": [0, 14, 15, 15], "rotation": 90, "texture": "#0"},
				"down": {"uv": [0, 14, 15, 15], "rotation": 90, "texture": "#0"}
			}
		},
		{
			"name": "Cube",
			"from": [5.5, 0.98629, 2.4],
			"to": [6.5, 16.18629, 3.4],
			"rotation": {"angle": 45, "axis": "y", "origin": [6, 3.5, -4.6]},
			"faces": {
				"north": {"uv": [0, 14, 15, 15], "rotation": 90, "texture": "#0"},
				"east": {"uv": [0, 14, 15, 15], "rotation": 90, "texture": "#0"},
				"south": {"uv": [0, 14, 15, 15], "rotation": 90, "texture": "#0"},
				"west": {"uv": [0, 14, 15, 15], "rotation": 90, "texture": "#0"},
				"up": {"uv": [0, 14, 15, 15], "rotation": 90, "texture": "#0"},
				"down": {"uv": [0, 14, 15, 15], "rotation": 90, "texture": "#0"}
			}
		},
		{
			"name": "Cube",
			"from": [9.5, 0.98629, 6.4],
			"to": [10.5, 16.18629, 7.4],
			"rotation": {"angle": 45, "axis": "y", "origin": [10, 3.5, -0.6]},
			"faces": {
				"north": {"uv": [0, 14, 15, 15], "rotation": 90, "texture": "#0"},
				"east": {"uv": [0, 14, 15, 15], "rotation": 90, "texture": "#0"},
				"south": {"uv": [0, 14, 15, 15], "rotation": 90, "texture": "#0"},
				"west": {"uv": [0, 14, 15, 15], "rotation": 90, "texture": "#0"},
				"up": {"uv": [0, 14, 15, 15], "rotation": 90, "texture": "#0"},
				"down": {"uv": [0, 14, 15, 15], "rotation": 90, "texture": "#0"}
			}
		},
		{
			"name": "octagon",
			"from": [4.68629, 0, 0],
			"to": [11.31371, 1, 1],
			"rotation": {"angle": 45, "axis": "y", "origin": [8, 0.5, 8]},
			"faces": {
				"north": {"uv": [0, 0, 15, 1], "texture": "#0"},
				"east": {"uv": [0, 0, 15, 1], "texture": "#0"},
				"south": {"uv": [0, 0, 15, 1], "texture": "#0"},
				"west": {"uv": [0, 0, 15, 1], "texture": "#0"},
				"up": {"uv": [0, 0, 15, 1], "texture": "#0"},
				"down": {"uv": [0, 0, 15, 1], "texture": "#0"}
			}
		},
		{
			"name": "octagon",
			"from": [4.68629, 0, 0],
			"to": [11.31371, 1, 1],
			"rotation": {"angle": 0, "axis": "y", "origin": [8, 0.5, 8]},
			"faces": {
				"north": {"uv": [0, 0, 15, 1], "texture": "#0"},
				"east": {"uv": [0, 0, 15, 1], "texture": "#0"},
				"south": {"uv": [0, 0, 15, 1], "texture": "#0"},
				"west": {"uv": [0, 0, 15, 1], "texture": "#0"},
				"up": {"uv": [0, 0, 15, 1], "texture": "#0"},
				"down": {"uv": [0, 0, 15, 1], "texture": "#0"}
			}
		},
		{
			"name": "octagon",
			"from": [4.68629, 0, 15],
			"to": [11.31371, 1, 16],
			"rotation": {"angle": 45, "axis": "y", "origin": [8, 0.5, 8]},
			"faces": {
				"north": {"uv": [0, 0, 15, 1], "texture": "#0"},
				"east": {"uv": [0, 0, 1, 1], "texture": "#missing"},
				"south": {"uv": [0, 0, 15, 1], "texture": "#0"},
				"west": {"uv": [0, 0, 1, 1], "texture": "#missing"},
				"up": {"uv": [0, 0, 15, 1], "texture": "#0"},
				"down": {"uv": [0, 0, 15, 1], "texture": "#0"}
			}
		},
		{
			"name": "octagon",
			"from": [4.68629, 0, 15],
			"to": [11.31371, 1, 16],
			"rotation": {"angle": 0, "axis": "y", "origin": [8, 0.5, 8]},
			"faces": {
				"north": {"uv": [0, 0, 15, 1], "texture": "#0"},
				"east": {"uv": [0, 0, 15, 1], "texture": "#0"},
				"south": {"uv": [0, 0, 15, 1], "texture": "#0"},
				"west": {"uv": [0, 0, 15, 1], "texture": "#0"},
				"up": {"uv": [0, 0, 15, 1], "texture": "#0"},
				"down": {"uv": [0, 0, 15, 1], "texture": "#0"}
			}
		},
		{
			"name": "octagon",
			"from": [0, 0, 4.68629],
			"to": [1, 1, 11.31371],
			"rotation": {"angle": 45, "axis": "y", "origin": [8, 0.5, 8]},
			"faces": {
				"north": {"uv": [0, 0, 1, 1], "texture": "#missing"},
				"east": {"uv": [0, 0, 15, 1], "texture": "#0"},
				"south": {"uv": [0, 0, 1, 1], "texture": "#missing"},
				"west": {"uv": [0, 0, 15, 1], "texture": "#0"},
				"up": {"uv": [0, 0, 15, 1], "rotation": 90, "texture": "#0"},
				"down": {"uv": [0, 0, 15, 1], "rotation": 90, "texture": "#0"}
			}
		},
		{
			"name": "octagon",
			"from": [0, 0, 4.68629],
			"to": [1, 1, 11.31371],
			"rotation": {"angle": 0, "axis": "y", "origin": [8, 0.5, 8]},
			"faces": {
				"north": {"uv": [0, 0, 1, 1], "texture": "#missing"},
				"east": {"uv": [0, 0, 15, 1], "texture": "#0"},
				"south": {"uv": [0, 0, 1, 1], "texture": "#missing"},
				"west": {"uv": [0, 0, 15, 1], "texture": "#0"},
				"up": {"uv": [0, 0, 15, 1], "rotation": 90, "texture": "#0"},
				"down": {"uv": [0, 0, 15, 1], "rotation": 90, "texture": "#0"}
			}
		},
		{
			"name": "octagon",
			"from": [15, 0, 4.68629],
			"to": [16, 1, 11.31371],
			"rotation": {"angle": 45, "axis": "y", "origin": [8, 0.5, 8]},
			"faces": {
				"north": {"uv": [0, 0, 15, 1], "texture": "#0"},
				"east": {"uv": [0, 0, 15, 1], "texture": "#0"},
				"south": {"uv": [0, 0, 15, 1], "texture": "#0"},
				"west": {"uv": [0, 0, 15, 1], "texture": "#0"},
				"up": {"uv": [0, 0, 15, 1], "rotation": 90, "texture": "#0"},
				"down": {"uv": [0, 0, 15, 1], "rotation": 90, "texture": "#0"}
			}
		},
		{
			"name": "octagon",
			"from": [15, 0, 4.68629],
			"to": [16, 1, 11.31371],
			"rotation": {"angle": 0, "axis": "y", "origin": [8, 0.5, 8]},
			"faces": {
				"north": {"uv": [0, 0, 15, 1], "rotation": 90, "texture": "#0"},
				"east": {"uv": [0, 0, 15, 1], "texture": "#0"},
				"south": {"uv": [0, 0, 15, 1], "rotation": 90, "texture": "#0"},
				"west": {"uv": [0, 0, 15, 1], "texture": "#0"},
				"up": {"uv": [0, 0, 15, 1], "rotation": 90, "texture": "#0"},
				"down": {"uv": [0, 0, 15, 1], "rotation": 90, "texture": "#0"}
			}
		}
	],
	"display": {
		"thirdperson_righthand": {
			"rotation": [75, 45, 0],
			"translation": [0, 2.5, 0],
			"scale": [0.375, 0.375, 0.375]
		},
		"thirdperson_lefthand": {
			"rotation": [75, 45, 0],
			"translation": [0, 2.5, 0],
			"scale": [0.375, 0.375, 0.375]
		},
		"firstperson_righthand": {
			"rotation": [0, 45, 0],
			"scale": [0.4, 0.4, 0.4]
		},
		"firstperson_lefthand": {
			"rotation": [0, 225, 0],
			"scale": [0.4, 0.4, 0.4]
		},
		"ground": {
			"translation": [0, 3, 0],
			"scale": [0.7, 0.7, 0.7]
		},
		"gui": {
			"rotation": [30, 126, 0],
			"translation": [0, -0.25, 0],
			"scale": [0.5, 0.5, 0.5]
		},
		"head": {
			"rotation": [0, -172, 0],
			"translation": [0, -31, 0],
			"scale": [1.5, 1.53, 1.5]
		},
		"fixed": {
			"rotation": [-90, 0, 0],
			"translation": [0, 0, -13.25],
			"scale": [1.9, 1.9, 1.9]
		}
	},
	"groups": [0, 1, 2, 3, 4,
		{
			"name": "octagon",
			"origin": [8, 8, 8],
			"children": [5, 6, 7, 8, 9, 10, 11, 12]
		},
		{
			"name": "Walls",
			"origin": [10, 3.5, -0.6],
			"children": [13, 14, 15, 16, 17, 18, 19, 20]
		},
		{
			"name": "octagon",
			"origin": [8, 8, 8],
			"children": [21, 22, 23, 24, 25, 26, 27, 28]
		}
	]
}