{
	"credit": "Made with Blockbench",
	"textures": {
		"0": "item/ender_pearl1",
		"1": "block/quartz_block_side",
		"particle": "item/ender_pearl1"
	},
	"elements": [
		{
			"from": [7.5, 1.2, 7.5],
			"to": [8.5, 7.9, 8.5],
			"rotation": {"angle": 0, "axis": "y", "origin": [15, 8, 14.9]},
			"faces": {
				"north": {"uv": [3, 1, 8, 11], "texture": "#1"},
				"east": {"uv": [3, 1, 5, 11], "texture": "#1"},
				"south": {"uv": [3, 1, 8, 11], "texture": "#1"},
				"west": {"uv": [3, 1, 5, 11], "texture": "#1"},
				"up": {"uv": [0, 0, 1.6, 0.8], "texture": "#1"},
				"down": {"uv": [0, 0, 1.6, 0.8], "texture": "#1"}
			}
		},
		{
			"name": "ender_pearl1_0",
			"from": [7.5476, 8.7984, 7.8492],
			"to": [8.4524, 12.7192, 8.1508],
			"rotation": {"angle": 0, "axis": "y", "origin": [7.8492, 10.608, 5.738]},
			"faces": {
				"north": {"uv": [7, 2, 10, 15], "rotation": 180, "texture": "#0"},
				"east": {"uv": [9, 2, 10, 15], "rotation": 180, "texture": "#0"},
				"south": {"uv": [7, 15, 10, 2], "texture": "#0"},
				"west": {"uv": [7, 2, 8, 15], "rotation": 180, "texture": "#0"},
				"up": {"uv": [7, 14, 10, 15], "texture": "#0"},
				"down": {"uv": [10, 2, 7, 3], "rotation": 180, "texture": "#0"}
			}
		},
		{
			"name": "ender_pearl1_1",
			"from": [6.9444, 9.1, 7.8492],
			"to": [7.5476, 12.4176, 8.1508],
			"rotation": {"angle": 0, "axis": "y", "origin": [7.8492, 10.608, 5.738]},
			"faces": {
				"north": {"uv": [5, 3, 7, 14], "rotation": 180, "texture": "#0"},
				"east": {"uv": [6, 3, 7, 14], "rotation": 180, "texture": "#0"},
				"south": {"uv": [5, 14, 7, 3], "texture": "#0"},
				"west": {"uv": [5, 3, 6, 14], "rotation": 180, "texture": "#0"},
				"up": {"uv": [5, 13, 7, 14], "texture": "#0"},
				"down": {"uv": [7, 3, 5, 4], "rotation": 180, "texture": "#0"}
			}
		},
		{
			"name": "ender_pearl1_2",
			"from": [8.4524, 9.1, 7.8492],
			"to": [9.0556, 12.4176, 8.1508],
			"rotation": {"angle": 0, "axis": "y", "origin": [7.8492, 10.608, 5.738]},
			"faces": {
				"north": {"uv": [10, 3, 12, 14], "rotation": 180, "texture": "#0"},
				"east": {"uv": [11, 3, 12, 14], "rotation": 180, "texture": "#0"},
				"south": {"uv": [10, 14, 12, 3], "texture": "#0"},
				"west": {"uv": [10, 3, 11, 14], "rotation": 180, "texture": "#0"},
				"up": {"uv": [10, 13, 12, 14], "texture": "#0"},
				"down": {"uv": [12, 3, 10, 4], "rotation": 180, "texture": "#0"}
			}
		},
		{
			"name": "ender_pearl1_3",
			"from": [6.6428, 9.4016, 7.8492],
			"to": [6.9444, 12.116, 8.1508],
			"rotation": {"angle": 0, "axis": "y", "origin": [7.8492, 10.608, 5.738]},
			"faces": {
				"north": {"uv": [4, 4, 5, 13], "rotation": 180, "texture": "#0"},
				"east": {"uv": [4, 4, 5, 13], "rotation": 180, "texture": "#0"},
				"south": {"uv": [4, 13, 5, 4], "texture": "#0"},
				"west": {"uv": [4, 4, 5, 13], "rotation": 180, "texture": "#0"},
				"up": {"uv": [4, 12, 5, 13], "texture": "#0"},
				"down": {"uv": [5, 4, 4, 5], "rotation": 180, "texture": "#0"}
			}
		},
		{
			"name": "ender_pearl1_4",
			"from": [9.0556, 9.4016, 7.8492],
			"to": [9.3572, 12.116, 8.1508],
			"rotation": {"angle": 0, "axis": "y", "origin": [7.8492, 10.608, 5.738]},
			"faces": {
				"north": {"uv": [12, 4, 13, 13], "rotation": 180, "texture": "#0"},
				"east": {"uv": [12, 4, 13, 13], "rotation": 180, "texture": "#0"},
				"south": {"uv": [12, 13, 13, 4], "texture": "#0"},
				"west": {"uv": [12, 4, 13, 13], "rotation": 180, "texture": "#0"},
				"up": {"uv": [12, 12, 13, 13], "texture": "#0"},
				"down": {"uv": [13, 4, 12, 5], "rotation": 180, "texture": "#0"}
			}
		},
		{
			"name": "ender_pearl1_5",
			"from": [6.3412, 9.7032, 7.8492],
			"to": [6.6428, 11.8144, 8.1508],
			"rotation": {"angle": 0, "axis": "y", "origin": [7.8492, 10.608, 5.738]},
			"faces": {
				"north": {"uv": [3, 5, 4, 12], "rotation": 180, "texture": "#0"},
				"east": {"uv": [3, 5, 4, 12], "rotation": 180, "texture": "#0"},
				"south": {"uv": [3, 12, 4, 5], "texture": "#0"},
				"west": {"uv": [3, 5, 4, 12], "rotation": 180, "texture": "#0"},
				"up": {"uv": [3, 11, 4, 12], "texture": "#0"},
				"down": {"uv": [4, 5, 3, 6], "rotation": 180, "texture": "#0"}
			}
		},
		{
			"name": "ender_pearl1_6",
			"from": [9.3572, 9.7032, 7.8492],
			"to": [9.6588, 11.8144, 8.1508],
			"rotation": {"angle": 0, "axis": "y", "origin": [7.8492, 10.608, 5.738]},
			"faces": {
				"north": {"uv": [13, 5, 14, 12], "rotation": 180, "texture": "#0"},
				"east": {"uv": [13, 5, 14, 12], "rotation": 180, "texture": "#0"},
				"south": {"uv": [13, 12, 14, 5], "texture": "#0"},
				"west": {"uv": [13, 5, 14, 12], "rotation": 180, "texture": "#0"},
				"up": {"uv": [13, 11, 14, 12], "texture": "#0"},
				"down": {"uv": [14, 5, 13, 6], "rotation": 180, "texture": "#0"}
			}
		},
		{
			"name": "ender_pearl1_7",
			"from": [6.0396, 10.3064, 7.8492],
			"to": [6.3412, 11.2112, 8.1508],
			"rotation": {"angle": 0, "axis": "y", "origin": [7.8492, 10.608, 5.738]},
			"faces": {
				"north": {"uv": [2, 7, 3, 10], "rotation": 180, "texture": "#0"},
				"east": {"uv": [2, 7, 3, 10], "rotation": 180, "texture": "#0"},
				"south": {"uv": [2, 10, 3, 7], "texture": "#0"},
				"west": {"uv": [2, 7, 3, 10], "rotation": 180, "texture": "#0"},
				"up": {"uv": [2, 9, 3, 10], "texture": "#0"},
				"down": {"uv": [3, 7, 2, 8], "rotation": 180, "texture": "#0"}
			}
		},
		{
			"name": "ender_pearl1_8",
			"from": [9.6588, 10.3064, 7.8492],
			"to": [9.9604, 11.2112, 8.1508],
			"rotation": {"angle": 0, "axis": "y", "origin": [7.8492, 10.608, 5.738]},
			"faces": {
				"north": {"uv": [14, 7, 15, 10], "rotation": 180, "texture": "#0"},
				"east": {"uv": [14, 7, 15, 10], "rotation": 180, "texture": "#0"},
				"south": {"uv": [14, 10, 15, 7], "texture": "#0"},
				"west": {"uv": [14, 7, 15, 10], "rotation": 180, "texture": "#0"},
				"up": {"uv": [14, 9, 15, 10], "texture": "#0"},
				"down": {"uv": [15, 7, 14, 8], "rotation": 180, "texture": "#0"}
			}
		},
		{
			"from": [5.2986, 8.4136, 7.825],
			"to": [5.4986, 8.5636, 8.175],
			"rotation": {"angle": -45, "axis": "z", "origin": [6.2986, 8.4886, 8]},
			"faces": {
				"north": {"uv": [8, 1, 3, 3], "texture": "#1"},
				"east": {"uv": [8, 1, 3, 3], "texture": "#1"},
				"south": {"uv": [8, 1, 3, 3], "texture": "#1"},
				"west": {"uv": [8, 1, 3, 3], "texture": "#1"},
				"up": {"uv": [1.6, 0, 0, 0.8], "texture": "#1"},
				"down": {"uv": [1.6, 0, 0, 0.8], "texture": "#1"}
			}
		},
		{
			"from": [5.4986, 8.3636, 7.75],
			"to": [5.7986, 8.6136, 8.25],
			"rotation": {"angle": -45, "axis": "z", "origin": [6.2986, 8.4886, 8]},
			"faces": {
				"north": {"uv": [8, 1, 3, 3], "texture": "#1"},
				"east": {"uv": [8, 1, 3, 3], "texture": "#1"},
				"south": {"uv": [8, 1, 3, 3], "texture": "#1"},
				"west": {"uv": [8, 1, 3, 3], "texture": "#1"},
				"up": {"uv": [1.6, 0, 0, 0.8], "texture": "#1"},
				"down": {"uv": [1.6, 0, 0, 0.8], "texture": "#1"}
			}
		},
		{
			"from": [5.7986, 8.3386, 7.7],
			"to": [6.7986, 8.6386, 8.3],
			"rotation": {"angle": -45, "axis": "z", "origin": [6.2986, 8.4886, 8]},
			"faces": {
				"north": {"uv": [8, 1, 3, 3], "texture": "#1"},
				"east": {"uv": [8, 1, 3, 3], "texture": "#1"},
				"south": {"uv": [8, 1, 3, 3], "texture": "#1"},
				"west": {"uv": [8, 1, 3, 3], "texture": "#1"},
				"up": {"uv": [1.6, 0, 0, 0.8], "texture": "#1"},
				"down": {"uv": [1.6, 0, 0, 0.8], "texture": "#1"}
			}
		},
		{
			"from": [7.41595, 10.40204, 7.7],
			"to": [8.51595, 10.70204, 8.3],
			"rotation": {"angle": -22.5, "axis": "z", "origin": [1.01595, 11.40204, 15]},
			"faces": {
				"north": {"uv": [8, 1, 3, 3], "texture": "#1"},
				"east": {"uv": [8, 1, 3, 3], "texture": "#1"},
				"south": {"uv": [8, 1, 3, 3], "texture": "#1"},
				"west": {"uv": [8, 1, 3, 3], "texture": "#1"},
				"up": {"uv": [1.6, 0, 0, 0.8], "texture": "#1"},
				"down": {"uv": [1.6, 0, 0, 0.8], "texture": "#1"}
			}
		},
		{
			"from": [7.58405, 10.40204, 7.7],
			"to": [8.58405, 10.70204, 8.3],
			"rotation": {"angle": 22.5, "axis": "z", "origin": [14.98405, 11.40204, 15]},
			"faces": {
				"north": {"uv": [3, 1, 8, 3], "texture": "#1"},
				"east": {"uv": [3, 1, 8, 3], "texture": "#1"},
				"south": {"uv": [3, 1, 8, 3], "texture": "#1"},
				"west": {"uv": [3, 1, 8, 3], "texture": "#1"},
				"up": {"uv": [0, 0, 1.6, 0.8], "texture": "#1"},
				"down": {"uv": [0, 0, 1.6, 0.8], "texture": "#1"}
			}
		},
		{
			"from": [9.2014, 8.3386, 7.7],
			"to": [10.2014, 8.6386, 8.3],
			"rotation": {"angle": 45, "axis": "z", "origin": [9.7014, 8.4886, 8]},
			"faces": {
				"north": {"uv": [3, 1, 8, 3], "texture": "#1"},
				"east": {"uv": [3, 1, 8, 3], "texture": "#1"},
				"south": {"uv": [3, 1, 8, 3], "texture": "#1"},
				"west": {"uv": [3, 1, 8, 3], "texture": "#1"},
				"up": {"uv": [0, 0, 1.6, 0.8], "texture": "#1"},
				"down": {"uv": [0, 0, 1.6, 0.8], "texture": "#1"}
			}
		},
		{
			"from": [10.2014, 8.3636, 7.75],
			"to": [10.5014, 8.6136, 8.25],
			"rotation": {"angle": 45, "axis": "z", "origin": [9.7014, 8.4886, 8]},
			"faces": {
				"north": {"uv": [3, 1, 8, 3], "texture": "#1"},
				"east": {"uv": [3, 1, 8, 3], "texture": "#1"},
				"south": {"uv": [3, 1, 8, 3], "texture": "#1"},
				"west": {"uv": [3, 1, 8, 3], "texture": "#1"},
				"up": {"uv": [0, 0, 1.6, 0.8], "texture": "#1"},
				"down": {"uv": [0, 0, 1.6, 0.8], "texture": "#1"}
			}
		},
		{
			"from": [10.5014, 8.4136, 7.825],
			"to": [10.7014, 8.5636, 8.175],
			"rotation": {"angle": 45, "axis": "z", "origin": [9.7014, 8.4886, 8]},
			"faces": {
				"north": {"uv": [3, 1, 8, 3], "texture": "#1"},
				"east": {"uv": [3, 1, 8, 3], "texture": "#1"},
				"south": {"uv": [3, 1, 8, 3], "texture": "#1"},
				"west": {"uv": [3, 1, 8, 3], "texture": "#1"},
				"up": {"uv": [0, 0, 1.6, 0.8], "texture": "#1"},
				"down": {"uv": [0, 0, 1.6, 0.8], "texture": "#1"}
			}
		},
		{
			"from": [7.4, 7.5, 7.4],
			"to": [8.6, 8, 8.6],
			"rotation": {"angle": 0, "axis": "y", "origin": [15, 15.5, 14.9]},
			"faces": {
				"north": {"uv": [3, 1, 12, 5], "texture": "#1"},
				"east": {"uv": [3, 1, 12, 5], "texture": "#1"},
				"south": {"uv": [3, 1, 12, 5], "texture": "#1"},
				"west": {"uv": [3, 1, 12, 5], "texture": "#1"},
				"up": {"uv": [6, 4, 12, 10], "texture": "#1"},
				"down": {"uv": [0, 0, 1.6, 0.8], "texture": "#1"}
			}
		},
		{
			"from": [7.45, 6.9, 7.45],
			"to": [8.55, 7.5, 8.55],
			"rotation": {"angle": 0, "axis": "y", "origin": [15, 14.9, 14.9]},
			"faces": {
				"north": {"uv": [3, 1, 12, 5], "texture": "#1"},
				"east": {"uv": [3, 1, 12, 5], "texture": "#1"},
				"south": {"uv": [3, 1, 12, 5], "texture": "#1"},
				"west": {"uv": [3, 1, 12, 5], "texture": "#1"},
				"up": {"uv": [6, 4, 12, 10], "texture": "#1"},
				"down": {"uv": [0, 0, 1.6, 0.8], "texture": "#1"}
			}
		},
		{
			"from": [7.425, 0.5, 7.425],
			"to": [8.575, 1, 8.575],
			"rotation": {"angle": 0, "axis": "y", "origin": [15, 8.5, 14.9]},
			"faces": {
				"north": {"uv": [3, 1, 12, 5], "texture": "#1"},
				"east": {"uv": [3, 1, 12, 5], "texture": "#1"},
				"south": {"uv": [3, 1, 12, 5], "texture": "#1"},
				"west": {"uv": [3, 1, 12, 5], "texture": "#1"},
				"up": {"uv": [6, 4, 12, 10], "texture": "#1"},
				"down": {"uv": [0, 0, 1.6, 0.8], "texture": "#1"}
			}
		},
		{
			"from": [7.45, 1, 7.45],
			"to": [8.55, 1.5, 8.55],
			"rotation": {"angle": 0, "axis": "y", "origin": [15, 9, 14.9]},
			"faces": {
				"north": {"uv": [3, 1, 12, 5], "texture": "#1"},
				"east": {"uv": [3, 1, 12, 5], "texture": "#1"},
				"south": {"uv": [3, 1, 12, 5], "texture": "#1"},
				"west": {"uv": [3, 1, 12, 5], "texture": "#1"},
				"up": {"uv": [6, 4, 12, 10], "texture": "#1"},
				"down": {"uv": [0, 0, 1.6, 0.8], "texture": "#1"}
			}
		},
		{
			"from": [7.5, 0.5, 7.5],
			"to": [8.5, 0.7, 8.5],
			"rotation": {"angle": 0, "axis": "y", "origin": [15, 7.9, 14.9]},
			"faces": {
				"north": {"uv": [3, 1, 11, 4], "texture": "#1"},
				"east": {"uv": [3, 1, 11, 4], "texture": "#1"},
				"south": {"uv": [3, 1, 11, 4], "texture": "#1"},
				"west": {"uv": [3, 1, 11, 4], "texture": "#1"},
				"up": {"uv": [3, 5, 11, 12], "texture": "#1"},
				"down": {"uv": [3, 5, 11, 12], "texture": "#1"}
			}
		},
		{
			"from": [7.475, 0, 7.475],
			"to": [8.525, 0.2, 8.525],
			"rotation": {"angle": 0, "axis": "y", "origin": [15, 7.4, 14.9]},
			"faces": {
				"north": {"uv": [3, 1, 11, 4], "texture": "#1"},
				"east": {"uv": [3, 1, 11, 4], "texture": "#1"},
				"south": {"uv": [3, 1, 11, 4], "texture": "#1"},
				"west": {"uv": [3, 1, 11, 4], "texture": "#1"},
				"up": {"uv": [3, 5, 11, 12], "texture": "#1"},
				"down": {"uv": [3, 5, 11, 12], "texture": "#1"}
			}
		},
		{
			"from": [7.6, -0.1, 7.6],
			"to": [8.4, 0.1, 8.4],
			"rotation": {"angle": 0, "axis": "y", "origin": [15, 7.3, 14.9]},
			"faces": {
				"north": {"uv": [3, 1, 11, 4], "texture": "#1"},
				"east": {"uv": [3, 1, 11, 4], "texture": "#1"},
				"south": {"uv": [3, 1, 11, 4], "texture": "#1"},
				"west": {"uv": [3, 1, 11, 4], "texture": "#1"},
				"up": {"uv": [3, 5, 11, 12], "texture": "#1"},
				"down": {"uv": [3, 5, 11, 12], "texture": "#1"}
			}
		},
		{
			"from": [7.4, 0.2, 7.4],
			"to": [8.6, 0.5, 8.6],
			"rotation": {"angle": 0, "axis": "y", "origin": [15, 7.7, 14.9]},
			"faces": {
				"north": {"uv": [3, 1, 12, 5], "texture": "#1"},
				"east": {"uv": [3, 1, 12, 5], "texture": "#1"},
				"south": {"uv": [3, 1, 12, 5], "texture": "#1"},
				"west": {"uv": [3, 1, 12, 5], "texture": "#1"},
				"up": {"uv": [6, 4, 12, 10], "texture": "#1"},
				"down": {"uv": [0, 0, 1.6, 0.8], "texture": "#1"}
			}
		}
	],
	"display": {
		"thirdperson_righthand": {
			"scale": [0, 0, 0]
		},
		"thirdperson_lefthand": {
			"scale": [0, 0, 0]
		},
		"firstperson_righthand": {
			"rotation": [0, -90, 12],
			"translation": [1.13, 5.7, 0.13],
			"scale": [1.2, 1.2, 1.2]
		},
		"firstperson_lefthand": {
			"rotation": [0, -90, 12],
			"translation": [1.13, 5.7, 0.13],
			"scale": [1.2, 1.2, 1.2]
		},
		"ground": {
			"translation": [0, 7.5, 0],
			"scale": [1.3, 1.3, 1.3]
		},
		"gui": {
			"rotation": [30, 131, 0],
			"translation": [0, 1.75, 0],
			"scale": [1.2, 1.2, 1.2]
		}
	},
	"groups": [0,
		{
			"name": "ender_pearl1",
			"origin": [8, 8, 8],
			"children": [1, 2, 3, 4, 5, 6, 7, 8, 9]
		},
		{
			"name": "group",
			"origin": [9.7014, 7.4886, 8],
			"children": [10, 11, 12, 13, 14, 15, 16, 17]
		},
		{
			"name": "group",
			"origin": [15, 13.9, 14.9],
			"children": [18, 19]
		},
		{
			"name": "group",
			"origin": [15, 7.7, 14.9],
			"children": [20, 21, 22, 23, 24, 25]
		}
	]
}