{
	"credit": "Made with Blockbench",
	"textures": {
		"0": "block/anvil",
		"1": "item/green_overlay_blank",
		"2": "item/green_overlay_1",
		"particle": "block/anvil"
	},
	"elements": [
		{
			"from": [2.8, -2.3, 8],
			"to": [4, 7.3, 8.6],
			"rotation": {"angle": 0, "axis": "y", "origin": [11, 8, 16]},
			"faces": {
				"north": {"uv": [1, 1, 5, 15], "texture": "#0"},
				"east": {"uv": [0, 2, 2, 13], "texture": "#0"},
				"south": {"uv": [1, 1, 5, 15], "texture": "#0"},
				"west": {"uv": [0, 2, 2, 13], "texture": "#0"},
				"up": {"uv": [2, 3, 5, 5], "texture": "#0"},
				"down": {"uv": [2, 3, 5, 5], "texture": "#0"}
			}
		},
		{
			"from": [14, -0.1, 8.2],
			"to": [14.3, 7.1, 8.4],
			"rotation": {"angle": 0, "axis": "y", "origin": [22.2, 8, 16]},
			"faces": {
				"north": {"uv": [1, 1, 2, 15], "texture": "#0"},
				"east": {"uv": [0, 2, 2, 13], "texture": "#0"},
				"south": {"uv": [1, 1, 2, 15], "texture": "#0"},
				"west": {"uv": [0, 2, 2, 13], "texture": "#0"},
				"up": {"uv": [2, 3, 5, 5], "texture": "#0"},
				"down": {"uv": [2, 3, 5, 5], "texture": "#0"}
			}
		},
		{
			"from": [4, 0, 8.2],
			"to": [14, 7, 8.4],
			"rotation": {"angle": 0, "axis": "y", "origin": [12, 8, 16]},
			"faces": {
				"north": {"uv": [0, 0, 15.59167, 16], "texture": "#2"},
				"east": {"uv": [0, 2, 2, 13], "texture": "#1"},
				"south": {"uv": [0, 0, 15.59167, 16], "texture": "#2"},
				"west": {"uv": [0, 2, 2, 13], "texture": "#1"},
				"up": {"uv": [2, 3, 5, 5], "texture": "#1"},
				"down": {"uv": [2, 3, 5, 5], "texture": "#1"}
			}
		}
	],
	"display": {
		"thirdperson_righthand": {
			"scale": [0, 0, 0]
		},
		"thirdperson_lefthand": {
			"scale": [0, 0, 0]
		},
		"firstperson_righthand": {
			"rotation": [0, -180, 0],
			"translation": [-7.5, 16.5, 0],
			"scale": [1.8, 1.8, 1.8]
		},
		"firstperson_lefthand": {
			"translation": [-7.5, 16.5, 0],
			"scale": [1.8, 1.8, 1.8]
		},
		"gui": {
			"rotation": [-2, -180, 0],
			"translation": [0.5, 4.75, 0]
		}
	}
}