{
	"credit": "Made with Blockbench",
	"textures": {
		"0": "item/green_overlay_blank",
		"1": "block/anvil",
		"particle": "item/green_overlay_blank"
	},
	"elements": [
		{
			"from": [0, 17.5, 17.9],
			"to": [5, 21, 18],
			"rotation": {"angle": 0, "axis": "y", "origin": [12, 23.5, 25]},
			"faces": {
				"north": {"uv": [0, 0, 5, 3.5], "texture": "#0"},
				"east": {"uv": [0, 0, 0.1, 3.5], "texture": "#0"},
				"south": {"uv": [0, 0, 5, 3.5], "texture": "#0"},
				"west": {"uv": [0, 0, 0.1, 3.5], "texture": "#0"},
				"up": {"uv": [0, 0, 5, 0.1], "texture": "#0"},
				"down": {"uv": [0, 0, 5, 0.1], "texture": "#0"}
			}
		},
		{
			"from": [-0.3, 17.2, 17.9],
			"to": [0, 21.3, 18],
			"rotation": {"angle": 0, "axis": "y", "origin": [5, 24.5, 25]},
			"faces": {
				"north": {"uv": [1, 0, 3, 16], "texture": "#1"},
				"east": {"uv": [0, 0, 0.1, 9], "texture": "#1"},
				"south": {"uv": [1, 0, 3, 16], "texture": "#1"},
				"west": {"uv": [0, 0, 0.1, 9], "texture": "#1"},
				"up": {"uv": [0, 0, 1, 0.1], "texture": "#1"},
				"down": {"uv": [0, 0, 1, 0.1], "texture": "#1"}
			}
		},
		{
			"from": [0, 21, 17.9],
			"to": [4.9, 21.3, 18],
			"rotation": {"angle": 0, "axis": "z", "origin": [-3.8, 26.3, 25]},
			"faces": {
				"north": {"uv": [1, 0, 3, 16], "rotation": 90, "texture": "#1"},
				"east": {"uv": [0, 0, 1, 0.1], "rotation": 270, "texture": "#1"},
				"south": {"uv": [1, 0, 3, 16], "rotation": 270, "texture": "#1"},
				"west": {"uv": [0, 0, 1, 0.1], "rotation": 270, "texture": "#1"},
				"up": {"uv": [0, 0, 0.1, 9], "rotation": 270, "texture": "#1"},
				"down": {"uv": [0, 0, 0.1, 9], "rotation": 270, "texture": "#1"}
			}
		},
		{
			"from": [0, 17.2, 17.9],
			"to": [4.9, 17.5, 18],
			"rotation": {"angle": 0, "axis": "z", "origin": [-3.8, 22.5, 25]},
			"faces": {
				"north": {"uv": [1, 0, 3, 16], "rotation": 90, "texture": "#1"},
				"east": {"uv": [0, 0, 1, 0.1], "rotation": 270, "texture": "#1"},
				"south": {"uv": [1, 0, 3, 16], "rotation": 270, "texture": "#1"},
				"west": {"uv": [0, 0, 1, 0.1], "rotation": 270, "texture": "#1"},
				"up": {"uv": [0, 0, 0.1, 9], "rotation": 270, "texture": "#1"},
				"down": {"uv": [0, 0, 0.1, 9], "rotation": 270, "texture": "#1"}
			}
		}
	],
	"display": {
		"firstperson_righthand": {
			"translation": [0.25, -3, -2.5]
		}
	}
}