{
	"credit": "Made with Blockbench",
	"textures": {
		"0": "block/gold_block",
		"1": "block/bone_block_side",
		"2": "block/black_concrete",
		"particle": "block/gold_block"
	},
	"elements": [
		{
			"from": [6.35, 0, 6.35],
			"to": [9.65, 0.4, 9.65],
			"rotation": {"angle": 0, "axis": "y", "origin": [16.35, 8, 15.65]},
			"faces": {
				"north": {"uv": [3, 4, 14, 6], "texture": "#0"},
				"east": {"uv": [3, 10, 14, 12], "texture": "#0"},
				"south": {"uv": [3, 6, 14, 8], "texture": "#0"},
				"west": {"uv": [3, 9, 14, 11], "texture": "#0"},
				"up": {"uv": [5, 5, 12, 12], "texture": "#0"},
				"down": {"uv": [5, 5, 12, 12], "texture": "#0"}
			}
		},
		{
			"from": [6.8, 0.4, 6.8],
			"to": [9.2, 0.6, 9.2],
			"rotation": {"angle": 0, "axis": "y", "origin": [16.5, 8.4, 15.5]},
			"faces": {
				"north": {"uv": [0, 0, 2.4, 0.2], "texture": "#0"},
				"east": {"uv": [0, 0, 2.4, 0.2], "texture": "#0"},
				"south": {"uv": [0, 0, 2.4, 0.2], "texture": "#0"},
				"west": {"uv": [0, 0, 2.4, 0.2], "texture": "#0"},
				"up": {"uv": [5, 5, 10, 10], "texture": "#0"},
				"down": {"uv": [0, 0, 2.4, 2.4], "texture": "#0"}
			}
		},
		{
			"from": [7.5, 0.6, 7.5],
			"to": [8.5, 3.6, 8.5],
			"rotation": {"angle": 0, "axis": "y", "origin": [16.6, 9.4, 15]},
			"faces": {
				"north": {"uv": [3, 4, 6, 12], "texture": "#0"},
				"east": {"uv": [10, 4, 13, 12], "texture": "#0"},
				"south": {"uv": [4, 2, 7, 10], "texture": "#0"},
				"west": {"uv": [6, 4, 9, 12], "texture": "#0"},
				"up": {"uv": [0, 0, 1, 1], "texture": "#0"},
				"down": {"uv": [0, 0, 1, 1], "texture": "#0"}
			}
		},
		{
			"from": [7.65, 3.6, 7.65],
			"to": [8.35, 7.3, 8.35],
			"rotation": {"angle": 0, "axis": "y", "origin": [16.25, 12.4, 15.15]},
			"faces": {
				"north": {"uv": [9, 2, 11, 14], "texture": "#0"},
				"east": {"uv": [6, 2, 8, 14], "texture": "#0"},
				"south": {"uv": [8, 2, 10, 14], "texture": "#0"},
				"west": {"uv": [10, 2, 12, 14], "texture": "#0"},
				"up": {"uv": [0, 0, 0.7, 0.7], "texture": "#0"},
				"down": {"uv": [0, 0, 0.7, 0.7], "texture": "#0"}
			}
		},
		{
			"from": [5.55, 4.6, 7.65],
			"to": [7.95, 5.3, 8.35],
			"rotation": {"angle": -22.5, "axis": "z", "origin": [6.7, 4.95, 8]},
			"faces": {
				"north": {"uv": [4, 4, 6, 12], "rotation": 90, "texture": "#0"},
				"east": {"uv": [6, 4, 8, 12], "rotation": 90, "texture": "#0"},
				"south": {"uv": [8, 4, 10, 12], "rotation": 90, "texture": "#0"},
				"west": {"uv": [10, 4, 12, 12], "rotation": 90, "texture": "#0"},
				"up": {"uv": [5, 5, 7, 13], "rotation": 90, "texture": "#0"},
				"down": {"uv": [5, 4, 7, 12], "rotation": 90, "texture": "#0"}
			}
		},
		{
			"from": [8.05, 4.6, 7.65],
			"to": [10.45, 5.3, 8.35],
			"rotation": {"angle": 22.5, "axis": "z", "origin": [9.3, 4.95, 8]},
			"faces": {
				"north": {"uv": [5, 12, 7, 4], "rotation": 270, "texture": "#0"},
				"east": {"uv": [10, 12, 12, 4], "texture": "#0"},
				"south": {"uv": [5, 13, 7, 5], "rotation": 90, "texture": "#0"},
				"west": {"uv": [6, 12, 8, 4], "rotation": 180, "texture": "#0"},
				"up": {"uv": [4, 12, 6, 4], "rotation": 270, "texture": "#0"},
				"down": {"uv": [8, 12, 10, 4], "rotation": 90, "texture": "#0"}
			}
		},
		{
			"from": [5.5036, 5.06673, 7.65],
			"to": [6.2036, 6.76673, 8.35],
			"rotation": {"angle": 0, "axis": "z", "origin": [5.8536, 6.21673, 8]},
			"faces": {
				"north": {"uv": [8, 7, 10, 12], "rotation": 180, "texture": "#0"},
				"east": {"uv": [3, 6, 5, 11], "rotation": 180, "texture": "#0"},
				"south": {"uv": [6, 5, 8, 10], "rotation": 180, "texture": "#0"},
				"west": {"uv": [10, 6, 12, 11], "rotation": 180, "texture": "#0"},
				"up": {"uv": [0, 0, 0.7, 0.7], "rotation": 180, "texture": "#0"},
				"down": {"uv": [0, 0, 0.7, 0.7], "rotation": 180, "texture": "#0"}
			}
		},
		{
			"from": [9.7964, 5.06673, 7.65],
			"to": [10.4964, 6.76673, 8.35],
			"rotation": {"angle": 0, "axis": "y", "origin": [10.1464, 6.21673, 8]},
			"faces": {
				"north": {"uv": [12, 6, 10, 11], "rotation": 180, "texture": "#0"},
				"east": {"uv": [8, 5, 6, 10], "rotation": 180, "texture": "#0"},
				"south": {"uv": [5, 6, 3, 11], "rotation": 180, "texture": "#0"},
				"west": {"uv": [10, 7, 8, 12], "rotation": 180, "texture": "#0"},
				"up": {"uv": [0.7, 0, 0, 0.7], "rotation": 90, "texture": "#0"},
				"down": {"uv": [0.7, 0, 0, 0.7], "rotation": 270, "texture": "#0"}
			}
		},
		{
			"from": [5.6, 6.8, 7.75],
			"to": [6.1, 8.6, 8.25],
			"rotation": {"angle": 0, "axis": "y", "origin": [14.15, 15.6, 15.25]},
			"faces": {
				"north": {"uv": [5, 1, 8, 14], "texture": "#1"},
				"east": {"uv": [5, 1, 8, 14], "texture": "#1"},
				"south": {"uv": [5, 1, 8, 14], "texture": "#1"},
				"west": {"uv": [5, 1, 8, 14], "texture": "#1"},
				"up": {"uv": [0, 0, 0.5, 0.5], "texture": "#1"},
				"down": {"uv": [0, 0, 0.5, 0.5], "texture": "#1"}
			}
		},
		{
			"from": [7.75, 7.6, 7.75],
			"to": [8.25, 9.4, 8.25],
			"rotation": {"angle": 0, "axis": "y", "origin": [16.3, 16.4, 15.25]},
			"faces": {
				"north": {"uv": [5, 1, 8, 14], "texture": "#1"},
				"east": {"uv": [5, 1, 8, 14], "texture": "#1"},
				"south": {"uv": [5, 1, 8, 14], "texture": "#1"},
				"west": {"uv": [5, 1, 8, 14], "texture": "#1"},
				"up": {"uv": [0, 0, 0.5, 0.5], "texture": "#1"},
				"down": {"uv": [0, 0, 0.5, 0.5], "texture": "#1"}
			}
		},
		{
			"from": [9.9, 6.8, 7.75],
			"to": [10.4, 8.6, 8.25],
			"rotation": {"angle": 0, "axis": "y", "origin": [1.85, 15.6, 15.25]},
			"faces": {
				"north": {"uv": [8, 1, 5, 14], "texture": "#1"},
				"east": {"uv": [8, 1, 5, 14], "texture": "#1"},
				"south": {"uv": [8, 1, 5, 14], "texture": "#1"},
				"west": {"uv": [8, 1, 5, 14], "texture": "#1"},
				"up": {"uv": [0.5, 0, 0, 0.5], "texture": "#1"},
				"down": {"uv": [0.5, 0, 0, 0.5], "texture": "#1"}
			}
		},
		{
			"from": [5.8, 8.6, 7.95],
			"to": [5.9, 8.8, 8.05],
			"rotation": {"angle": 0, "axis": "y", "origin": [14.55, 17.4, 15.45]},
			"faces": {
				"north": {"uv": [0, 0, 0.1, 0.2], "texture": "#2"},
				"east": {"uv": [0, 0, 0.1, 0.2], "texture": "#2"},
				"south": {"uv": [0, 0, 0.1, 0.2], "texture": "#2"},
				"west": {"uv": [0, 0, 0.1, 0.2], "texture": "#2"},
				"up": {"uv": [0, 0, 0.1, 0.1], "texture": "#2"},
				"down": {"uv": [0, 0, 0.1, 0.1], "texture": "#2"}
			}
		},
		{
			"from": [7.95, 9.4, 7.95],
			"to": [8.05, 9.6, 8.05],
			"rotation": {"angle": 0, "axis": "y", "origin": [16.7, 18.2, 15.45]},
			"faces": {
				"north": {"uv": [0, 0, 0.1, 0.2], "texture": "#2"},
				"east": {"uv": [0, 0, 0.1, 0.2], "texture": "#2"},
				"south": {"uv": [0, 0, 0.1, 0.2], "texture": "#2"},
				"west": {"uv": [0, 0, 0.1, 0.2], "texture": "#2"},
				"up": {"uv": [0, 0, 0.1, 0.1], "texture": "#2"},
				"down": {"uv": [0, 0, 0.1, 0.1], "texture": "#2"}
			}
		},
		{
			"from": [10.1, 8.6, 7.95],
			"to": [10.2, 8.8, 8.05],
			"rotation": {"angle": 0, "axis": "y", "origin": [1.45, 17.4, 15.45]},
			"faces": {
				"north": {"uv": [0.1, 0, 0.2, 0.2], "texture": "#2"},
				"east": {"uv": [0.1, 0, 0.2, 0.2], "texture": "#2"},
				"south": {"uv": [0.1, 0, 0.2, 0.2], "texture": "#2"},
				"west": {"uv": [0.1, 0, 0.2, 0.2], "texture": "#2"},
				"up": {"uv": [0.1, 0, 0.2, 0.1], "texture": "#2"},
				"down": {"uv": [0.1, 0, 0.2, 0.1], "texture": "#2"}
			}
		},
		{
			"from": [5.35, 6.5, 7.5],
			"to": [6.35, 6.7, 8.5],
			"rotation": {"angle": 0, "axis": "y", "origin": [14.4, 11.6, 15.3]},
			"faces": {
				"north": {"uv": [0, 0, 1, 0.2], "texture": "#0"},
				"east": {"uv": [0, 0, 1, 0.2], "texture": "#0"},
				"south": {"uv": [0, 0, 1, 0.2], "texture": "#0"},
				"west": {"uv": [0, 0, 1, 0.2], "texture": "#0"},
				"up": {"uv": [0, 0, 1, 1], "texture": "#0"},
				"down": {"uv": [6, 6, 9, 9], "texture": "#0"}
			}
		},
		{
			"from": [7.5, 7.3, 7.5],
			"to": [8.5, 7.5, 8.5],
			"rotation": {"angle": 0, "axis": "y", "origin": [16.55, 12.4, 15.3]},
			"faces": {
				"north": {"uv": [0, 0, 1, 0.2], "texture": "#0"},
				"east": {"uv": [0, 0, 1, 0.2], "texture": "#0"},
				"south": {"uv": [0, 0, 1, 0.2], "texture": "#0"},
				"west": {"uv": [0, 0, 1, 0.2], "texture": "#0"},
				"up": {"uv": [0, 0, 1, 1], "texture": "#0"},
				"down": {"uv": [6, 6, 9, 9], "texture": "#0"}
			}
		},
		{
			"from": [9.65, 6.5, 7.5],
			"to": [10.65, 6.7, 8.5],
			"rotation": {"angle": 0, "axis": "y", "origin": [1.6, 11.6, 15.3]},
			"faces": {
				"north": {"uv": [1, 0, 0, 0.2], "texture": "#0"},
				"east": {"uv": [1, 0, 0, 0.2], "texture": "#0"},
				"south": {"uv": [1, 0, 0, 0.2], "texture": "#0"},
				"west": {"uv": [1, 0, 0, 0.2], "texture": "#0"},
				"up": {"uv": [1, 0, 0, 1], "texture": "#0"},
				"down": {"uv": [9, 6, 6, 9], "texture": "#0"}
			}
		},
		{
			"from": [5.2, 6.7, 7.35],
			"to": [6.5, 6.9, 8.65],
			"rotation": {"angle": 0, "axis": "y", "origin": [14.4, 11.8, 15.45]},
			"faces": {
				"north": {"uv": [0, 0, 1.3, 0.2], "texture": "#0"},
				"east": {"uv": [0, 0, 1.3, 0.2], "texture": "#0"},
				"south": {"uv": [0, 0, 1.3, 0.2], "texture": "#0"},
				"west": {"uv": [0, 0, 1.3, 0.2], "texture": "#0"},
				"up": {"uv": [8, 4, 12, 8], "texture": "#0"},
				"down": {"uv": [4, 7, 8, 11], "texture": "#0"}
			}
		},
		{
			"from": [7.35, 7.5, 7.35],
			"to": [8.65, 7.7, 8.65],
			"rotation": {"angle": 0, "axis": "y", "origin": [8, 7.6, 8]},
			"faces": {
				"north": {"uv": [0, 0, 1.3, 0.2], "texture": "#0"},
				"east": {"uv": [0, 0, 1.3, 0.2], "texture": "#0"},
				"south": {"uv": [0, 0, 1.3, 0.2], "texture": "#0"},
				"west": {"uv": [0, 0, 1.3, 0.2], "texture": "#0"},
				"up": {"uv": [8, 4, 12, 8], "rotation": 90, "texture": "#0"},
				"down": {"uv": [4, 7, 8, 11], "rotation": 270, "texture": "#0"}
			}
		},
		{
			"from": [9.5, 6.7, 7.35],
			"to": [10.8, 6.9, 8.65],
			"rotation": {"angle": 0, "axis": "y", "origin": [10.15, 6.8, 8]},
			"faces": {
				"north": {"uv": [1.3, 0, 0, 0.2], "texture": "#0"},
				"east": {"uv": [1.3, 0, 0, 0.2], "texture": "#0"},
				"south": {"uv": [1.3, 0, 0, 0.2], "texture": "#0"},
				"west": {"uv": [1.3, 0, 0, 0.2], "texture": "#0"},
				"up": {"uv": [12, 4, 8, 8], "rotation": 90, "texture": "#0"},
				"down": {"uv": [8, 7, 4, 11], "rotation": 270, "texture": "#0"}
			}
		}
	],
	"display": {
		"thirdperson_righthand": {
			"rotation": [56, 0, 0],
			"translation": [0, 3.75, 6],
			"scale": [1.4, 1.4, 1.4]
		},
		"thirdperson_lefthand": {
			"rotation": [56, 0, 0],
			"translation": [0, 3.75, 6],
			"scale": [1.4, 1.4, 1.4]
		},
		"firstperson_righthand": {
			"translation": [0, 6.25, 0],
			"scale": [1.4, 1.4, 1.4]
		},
		"firstperson_lefthand": {
			"translation": [0, 6.25, 0],
			"scale": [1.4, 1.4, 1.4]
		},
		"ground": {
			"translation": [0, 11, 0],
			"scale": [1.8, 1.8, 1.8]
		},
		"gui": {
			"rotation": [30, 225, 0],
			"translation": [0, 4, 0],
			"scale": [1.2, 1.2, 1.2]
		},
		"head": {
			"translation": [0, -19.2, 0],
			"scale": [3, 3, 3]
		},
		"fixed": {
			"rotation": [-90, 0, 0],
			"translation": [0, 0, -31.75],
			"scale": [4, 4, 4]
		}
	}
}