{
  "parent": "minecraft:item/handheld_rod",
  "textures": {
    "layer0": "minecraft:item/carrot_on_a_stick"
  },
	
	"overrides":[
	{"predicate":{"custom_model_data":1}, "model": "item/laser_base"},
	{"predicate":{"custom_model_data":2}, "model": "item/barrier"},
	{"predicate":{"custom_model_data":3}, "model": "item/check"},
	{"predicate":{"custom_model_data":4}, "model": "item/left"},
	{"predicate":{"custom_model_data":5}, "model": "item/right"},
	{"predicate":{"custom_model_data":6}, "model": "item/torch_base"},
	{"predicate":{"custom_model_data":7}, "model": "item/torch_lit"},
	{"predicate":{"custom_model_data":8}, "model": "item/smoke_bomb"},
	{"predicate":{"custom_model_data":9}, "model": "item/emp"},
	{"predicate":{"custom_model_data":10}, "model": "item/barbed_wire"},
	{"predicate":{"custom_model_data":11}, "model": "item/smoke_bomb2"},
	{"predicate":{"custom_model_data":12}, "model": "item/nails"},
	{"predicate":{"custom_model_data":13}, "model": "item/first_aid_kit"},
	{"predicate":{"custom_model_data":14}, "model": "item/bear_trap_open"},
	{"predicate":{"custom_model_data":15}, "model": "item/bear_trap_closed"},
	{"predicate":{"custom_model_data":16}, "model": "item/security_camera"},
	{"predicate":{"custom_model_data":17}, "model": "item/camera_switcher_1"},
	{"predicate":{"custom_model_data":18}, "model": "item/camera_switcher_2"},
	{"predicate":{"custom_model_data":19}, "model": "item/swap"},
	{"predicate":{"custom_model_data":20}, "model": "item/blink"},
	{"predicate":{"custom_model_data":21}, "model": "item/speed_syringe"},
	{"predicate":{"custom_model_data":22}, "model": "item/gust"},
	{"predicate":{"custom_model_data":23}, "model": "item/fire_rune"},
	{"predicate":{"custom_model_data":24}, "model": "item/fire_rune_used"},
	{"predicate":{"custom_model_data":25}, "model": "item/poison_rune"},
	{"predicate":{"custom_model_data":26}, "model": "item/poison_rune_used"},
	{"predicate":{"custom_model_data":27}, "model": "item/ice_rune"},
	{"predicate":{"custom_model_data":28}, "model": "item/ice_rune_used"},
	{"predicate":{"custom_model_data":29}, "model": "item/light_rune"},
	{"predicate":{"custom_model_data":30}, "model": "item/light_rune_used"},
	{"predicate":{"custom_model_data":31}, "model": "item/auto_spectate_on"},
	{"predicate":{"custom_model_data":32}, "model": "item/auto_spectate_off"},
	{"predicate":{"custom_model_data":33}, "model": "item/new_player"}


	
	]
}