{
	"credit": "Made with Blockbench",
	"textures": {
		"0": "block/gold_block",
		"2": "block/emerald_block",
		"particle": "block/gold_block"
	},
	"elements": [
		{
			"from": [4, 0, 3],
			"to": [13, 3, 4],
			"rotation": {"angle": 0, "axis": "y", "origin": [19, 8, 11]},
			"faces": {
				"north": {"uv": [0, 0, 10, 3], "texture": "#0"},
				"east": {"uv": [0, 0, 1, 3], "texture": "#0"},
				"south": {"uv": [0, 0, 10, 3], "texture": "#0"},
				"west": {"uv": [0, 0, 1, 3], "texture": "#0"},
				"up": {"uv": [0, 0, 10, 1], "texture": "#0"},
				"down": {"uv": [0, 0, 10, 1], "texture": "#0"}
			}
		},
		{
			"from": [5, 3, 3],
			"to": [11, 4, 4],
			"rotation": {"angle": 0, "axis": "y", "origin": [19, 11, 11]},
			"faces": {
				"north": {"uv": [0, 0, 3, 1], "texture": "#0"},
				"east": {"uv": [0, 0, 1, 1], "texture": "#0"},
				"south": {"uv": [0, 0, 4, 1], "texture": "#0"},
				"west": {"uv": [0, 0, 1, 1], "texture": "#0"},
				"up": {"uv": [0, 0, 6, 1], "texture": "#0"},
				"down": {"uv": [0, 0, 6, 1], "texture": "#0"}
			}
		},
		{
			"from": [6, 4, 3],
			"to": [10, 5, 4],
			"rotation": {"angle": 0, "axis": "y", "origin": [19, 12, 11]},
			"faces": {
				"north": {"uv": [0, 0, 4, 1], "texture": "#0"},
				"east": {"uv": [0, 0, 1, 1], "texture": "#0"},
				"south": {"uv": [0, 0, 4, 1], "texture": "#0"},
				"west": {"uv": [0, 0, 1, 1], "texture": "#0"},
				"up": {"uv": [0, 0, 4, 1], "texture": "#0"},
				"down": {"uv": [0, 0, 4, 1], "texture": "#0"}
			}
		},
		{
			"from": [7, 5, 3],
			"to": [9, 6, 4],
			"rotation": {"angle": 0, "axis": "y", "origin": [19, 13, 11]},
			"faces": {
				"north": {"uv": [0, 0, 2, 1], "texture": "#0"},
				"east": {"uv": [0, 0, 1, 1], "texture": "#0"},
				"south": {"uv": [0, 0, 2, 1], "texture": "#0"},
				"west": {"uv": [0, 0, 1, 1], "texture": "#0"},
				"up": {"uv": [0, 0, 2, 1], "texture": "#0"},
				"down": {"uv": [0, 0, 2, 1], "texture": "#0"}
			}
		},
		{
			"from": [3, 3, 3],
			"to": [4, 4, 4],
			"rotation": {"angle": 0, "axis": "y", "origin": [14, 11, 11]},
			"faces": {
				"north": {"uv": [0, 0, 1, 1], "texture": "#0"},
				"east": {"uv": [0, 0, 1, 1], "texture": "#0"},
				"south": {"uv": [0, 0, 1, 1], "texture": "#0"},
				"west": {"uv": [0, 0, 1, 1], "texture": "#0"},
				"up": {"uv": [0, 0, 1, 1], "texture": "#0"},
				"down": {"uv": [0, 0, 1, 1], "texture": "#0"}
			}
		},
		{
			"from": [12, 3, 3],
			"to": [13, 4, 4],
			"rotation": {"angle": 0, "axis": "y", "origin": [2, 11, 11]},
			"faces": {
				"north": {"uv": [1, 0, 0, 1], "texture": "#0"},
				"east": {"uv": [1, 0, 0, 1], "texture": "#0"},
				"south": {"uv": [1, 0, 0, 1], "texture": "#0"},
				"west": {"uv": [1, 0, 0, 1], "texture": "#0"},
				"up": {"uv": [1, 0, 0, 1], "texture": "#0"},
				"down": {"uv": [1, 0, 0, 1], "texture": "#0"}
			}
		},
		{
			"from": [3, 3, 5],
			"to": [4, 4, 6],
			"rotation": {"angle": 0, "axis": "y", "origin": [14, 11, 13]},
			"faces": {
				"north": {"uv": [0, 0, 1, 1], "texture": "#0"},
				"east": {"uv": [0, 0, 1, 1], "texture": "#0"},
				"south": {"uv": [0, 0, 1, 1], "texture": "#0"},
				"west": {"uv": [0, 0, 1, 1], "texture": "#0"},
				"up": {"uv": [0, 0, 1, 1], "texture": "#0"},
				"down": {"uv": [0, 0, 1, 1], "texture": "#0"}
			}
		},
		{
			"from": [12, 3, 5],
			"to": [13, 4, 6],
			"rotation": {"angle": 0, "axis": "y", "origin": [2, 11, 13]},
			"faces": {
				"north": {"uv": [1, 0, 0, 1], "texture": "#0"},
				"east": {"uv": [1, 0, 0, 1], "texture": "#0"},
				"south": {"uv": [1, 0, 0, 1], "texture": "#0"},
				"west": {"uv": [1, 0, 0, 1], "texture": "#0"},
				"up": {"uv": [1, 0, 0, 1], "texture": "#0"},
				"down": {"uv": [1, 0, 0, 1], "texture": "#0"}
			}
		},
		{
			"from": [10, 3, 12],
			"to": [11, 4, 13],
			"rotation": {"angle": 0, "axis": "y", "origin": [8, 3.5, 12.5]},
			"faces": {
				"north": {"uv": [1, 0, 2, 1], "texture": "#0"},
				"east": {"uv": [1, 0, 2, 1], "texture": "#0"},
				"south": {"uv": [1, 0, 2, 1], "texture": "#0"},
				"west": {"uv": [1, 0, 2, 1], "texture": "#0"},
				"up": {"uv": [0, 1, 1, 2], "rotation": 270, "texture": "#0"},
				"down": {"uv": [0, 1, 1, 2], "rotation": 90, "texture": "#0"}
			}
		},
		{
			"from": [3, 3, 10],
			"to": [4, 4, 11],
			"rotation": {"angle": 0, "axis": "y", "origin": [14, 11, 18]},
			"faces": {
				"north": {"uv": [0, 0, 1, 1], "texture": "#0"},
				"east": {"uv": [0, 0, 1, 1], "texture": "#0"},
				"south": {"uv": [0, 0, 1, 1], "texture": "#0"},
				"west": {"uv": [0, 0, 1, 1], "texture": "#0"},
				"up": {"uv": [0, 0, 1, 1], "texture": "#0"},
				"down": {"uv": [0, 0, 1, 1], "texture": "#0"}
			}
		},
		{
			"from": [12, 3, 10],
			"to": [13, 4, 11],
			"rotation": {"angle": 0, "axis": "y", "origin": [2, 11, 18]},
			"faces": {
				"north": {"uv": [1, 0, 0, 1], "texture": "#0"},
				"east": {"uv": [1, 0, 0, 1], "texture": "#0"},
				"south": {"uv": [1, 0, 0, 1], "texture": "#0"},
				"west": {"uv": [1, 0, 0, 1], "texture": "#0"},
				"up": {"uv": [1, 0, 0, 1], "texture": "#0"},
				"down": {"uv": [1, 0, 0, 1], "texture": "#0"}
			}
		},
		{
			"from": [5, 3, 12],
			"to": [6, 4, 13],
			"rotation": {"angle": 0, "axis": "y", "origin": [8, 3.5, 12.5]},
			"faces": {
				"north": {"uv": [1, 0, 2, 1], "texture": "#0"},
				"east": {"uv": [1, 0, 2, 1], "texture": "#0"},
				"south": {"uv": [1, 0, 2, 1], "texture": "#0"},
				"west": {"uv": [1, 0, 2, 1], "texture": "#0"},
				"up": {"uv": [0, 1, 1, 2], "rotation": 270, "texture": "#0"},
				"down": {"uv": [0, 1, 1, 2], "rotation": 90, "texture": "#0"}
			}
		},
		{
			"from": [3, 3, 7],
			"to": [4, 4, 9],
			"rotation": {"angle": 0, "axis": "y", "origin": [14, 11, 15]},
			"faces": {
				"north": {"uv": [0, 0, 1, 1], "texture": "#0"},
				"east": {"uv": [0, 0, 2, 1], "texture": "#0"},
				"south": {"uv": [0, 0, 1, 1], "texture": "#0"},
				"west": {"uv": [0, 0, 2, 1], "texture": "#0"},
				"up": {"uv": [0, 0, 1, 2], "texture": "#0"},
				"down": {"uv": [0, 0, 1, 2], "texture": "#0"}
			}
		},
		{
			"from": [12, 3, 7],
			"to": [13, 4, 9],
			"rotation": {"angle": 0, "axis": "y", "origin": [2, 11, 15]},
			"faces": {
				"north": {"uv": [1, 0, 0, 1], "texture": "#0"},
				"east": {"uv": [2, 0, 0, 1], "texture": "#0"},
				"south": {"uv": [1, 0, 0, 1], "texture": "#0"},
				"west": {"uv": [2, 0, 0, 1], "texture": "#0"},
				"up": {"uv": [1, 0, 0, 2], "texture": "#0"},
				"down": {"uv": [1, 0, 0, 2], "texture": "#0"}
			}
		},
		{
			"from": [7, 3, 12],
			"to": [9, 4, 13],
			"rotation": {"angle": 0, "axis": "y", "origin": [8, 3.5, 12.5]},
			"faces": {
				"north": {"uv": [2, 0, 4, 1], "texture": "#0"},
				"east": {"uv": [1, 0, 2, 1], "texture": "#0"},
				"south": {"uv": [2, 0, 4, 1], "texture": "#0"},
				"west": {"uv": [1, 0, 2, 1], "texture": "#0"},
				"up": {"uv": [0, 2, 1, 4], "rotation": 270, "texture": "#0"},
				"down": {"uv": [0, 2, 1, 4], "rotation": 90, "texture": "#0"}
			}
		},
		{
			"from": [3, 3, 12],
			"to": [4, 4, 13],
			"rotation": {"angle": 0, "axis": "y", "origin": [14, 11, 19]},
			"faces": {
				"north": {"uv": [0, 0, 1, 1], "texture": "#0"},
				"east": {"uv": [0, 0, 1, 1], "texture": "#0"},
				"south": {"uv": [0, 0, 1, 1], "texture": "#0"},
				"west": {"uv": [0, 0, 1, 1], "texture": "#0"},
				"up": {"uv": [0, 0, 1, 1], "texture": "#0"},
				"down": {"uv": [0, 0, 1, 1], "texture": "#0"}
			}
		},
		{
			"from": [12, 3, 12],
			"to": [13, 4, 13],
			"rotation": {"angle": 0, "axis": "y", "origin": [2, 11, 19]},
			"faces": {
				"north": {"uv": [1, 0, 0, 1], "texture": "#0"},
				"east": {"uv": [1, 0, 0, 1], "texture": "#0"},
				"south": {"uv": [1, 0, 0, 1], "texture": "#0"},
				"west": {"uv": [1, 0, 0, 1], "texture": "#0"},
				"up": {"uv": [1, 0, 0, 1], "texture": "#0"},
				"down": {"uv": [1, 0, 0, 1], "texture": "#0"}
			}
		},
		{
			"from": [3, 0, 12],
			"to": [12, 3, 13],
			"rotation": {"angle": 0, "axis": "y", "origin": [19, 8, 20]},
			"faces": {
				"north": {"uv": [0, 0, 10, 3], "texture": "#0"},
				"east": {"uv": [0, 0, 1, 3], "texture": "#0"},
				"south": {"uv": [0, 0, 10, 3], "texture": "#0"},
				"west": {"uv": [0, 0, 1, 3], "texture": "#0"},
				"up": {"uv": [0, 0, 10, 1], "texture": "#0"},
				"down": {"uv": [0, 0, 10, 1], "texture": "#0"}
			}
		},
		{
			"from": [3, 0, 3],
			"to": [4, 3, 12],
			"rotation": {"angle": 0, "axis": "y", "origin": [3.5, 0.5, 8]},
			"faces": {
				"north": {"uv": [0, 0, 1, 3], "texture": "#0"},
				"east": {"uv": [0, 0, 8, 3], "texture": "#0"},
				"south": {"uv": [0, 0, 1, 3], "texture": "#0"},
				"west": {"uv": [0, 0, 8, 3], "texture": "#0"},
				"up": {"uv": [0, 0, 8, 1], "rotation": 270, "texture": "#0"},
				"down": {"uv": [0, 0, 8, 1], "rotation": 90, "texture": "#0"}
			}
		},
		{
			"from": [12, 0, 4],
			"to": [13, 3, 13],
			"rotation": {"angle": 0, "axis": "y", "origin": [12.5, 0.5, 8]},
			"faces": {
				"north": {"uv": [0, 0, 1, 3], "texture": "#0"},
				"east": {"uv": [0, 0, 9, 3], "texture": "#0"},
				"south": {"uv": [0, 0, 1, 3], "texture": "#0"},
				"west": {"uv": [0, 0, 9, 3], "texture": "#0"},
				"up": {"uv": [0, 0, 9, 1], "rotation": 270, "texture": "#0"},
				"down": {"uv": [0, 0, 9, 1], "rotation": 90, "texture": "#0"}
			}
		},
		{
			"from": [7, 2.5, 2.7],
			"to": [9, 4.5, 3],
			"rotation": {"angle": 0, "axis": "y", "origin": [16, 10.5, 10.7]},
			"faces": {
				"north": {"uv": [6, 6, 8, 8], "rotation": 180, "texture": "#2"},
				"east": {"uv": [6, 8, 8, 10], "texture": "#2"},
				"south": {"uv": [6, 8, 8, 10], "texture": "#2"},
				"west": {"uv": [6, 8, 8, 10], "texture": "#2"},
				"up": {"uv": [6, 8, 8, 10], "texture": "#2"},
				"down": {"uv": [6, 8, 8, 10], "texture": "#2"}
			}
		}
	],
	"display": {
		"thirdperson_righthand": {
			"rotation": [56.5, 0, 0],
			"translation": [0, 7, 3]
		},
		"thirdperson_lefthand": {
			"rotation": [56.5, 0, 0],
			"translation": [0, 7, 3]
		},
		"firstperson_righthand": {
			"translation": [-0.5, 6.25, 0]
		},
		"firstperson_lefthand": {
			"translation": [-0.5, 6.25, 0]
		},
		"ground": {
			"translation": [0, 4.75, 0]
		},
		"gui": {
			"rotation": [30, 225, 0],
			"translation": [0, 3.75, 0],
			"scale": [0.825, 0.825, 0.825]
		},
		"head": {
			"translation": [0, -29.61, 0],
			"scale": [1.7, 1.7, 1.7]
		},
		"fixed": {
			"rotation": [-90, 0, 0],
			"translation": [0, 0, -18],
			"scale": [2.5, 2.5, 2.5]
		}
	}
}