{
  "parent": "minecraft:item/handheld",
  "textures": {
    "layer0": "minecraft:item/diamond_hoe"
  },
	
	"overrides":[
	{"predicate":{"custom_model_data":1}, "model": "item/teleporter"},
	{"predicate":{"custom_model_data":2}, "model": "item/beanie"},
	{"predicate":{"custom_model_data":3}, "model": "item/police_cap"},
	{"predicate":{"custom_model_data":4}, "model": "item/flashlight"},
	{"predicate":{"custom_model_data":5}, "model": "item/safe1"},
	{"predicate":{"custom_model_data":6}, "model": "item/candelabra"},
	{"predicate":{"custom_model_data":7}, "model": "item/statue1"},
	{"predicate":{"custom_model_data":8}, "model": "item/statue2"},
	{"predicate":{"custom_model_data":9}, "model": "item/statue3"},
	{"predicate":{"custom_model_data":10}, "model": "item/statue4"},
	{"predicate":{"custom_model_data":11}, "model": "item/vase1"},
	{"predicate":{"custom_model_data":12}, "model": "item/crown"},
	{"predicate":{"custom_model_data":13}, "model": "item/crown_wearable"},
	{"predicate":{"custom_model_data":14}, "model": "item/vent"},
	{"predicate":{"custom_model_data":15}, "model": "item/toilet"},
	{"predicate":{"custom_model_data":16}, "model": "item/laptop"},
	{"predicate":{"custom_model_data":17}, "model": "item/bird_cage"},
	{"predicate":{"custom_model_data":18}, "model": "item/snow_globe"},
	{"predicate":{"custom_model_data":19}, "model": "item/dumbbell"},
	{"predicate":{"custom_model_data":20}, "model": "item/aidantee"},
	{"predicate":{"custom_model_data":21}, "model": "item/themclionsheep"},
	{"predicate":{"custom_model_data":22}, "model": "item/colegold88"},
	{"predicate":{"custom_model_data":23}, "model": "item/mistermonster100"},
	{"predicate":{"custom_model_data":24}, "model": "item/quabaso"},
	{"predicate":{"custom_model_data":25}, "model": "item/animalgirl144"},
	{"predicate":{"custom_model_data":26}, "model": "item/hedwig1011"},
	{"predicate":{"custom_model_data":27}, "model": "item/omple"},
	{"predicate":{"custom_model_data":28}, "model": "item/adamgamerxrx"},
	{"predicate":{"custom_model_data":29}, "model": "item/temperz87"},
	{"predicate":{"custom_model_data":30}, "model": "item/vent_stone"},
	{"predicate":{"custom_model_data":31}, "model": "item/vent_stone_2"},
	{"predicate":{"custom_model_data":32}, "model": "item/vent_stone_bricks"},
	{"predicate":{"custom_model_data":33}, "model": "item/icon"}
	
	]
}