{
	"credit": "Made with Blockbench",
	"textures": {
		"0": "block/gold_block",
		"1": "block/yellow_wool",
		"particle": "block/gold_block"
	},
	"elements": [
		{
			"from": [11.6, 0, 6],
			"to": [13.1, 4, 10],
			"rotation": {"angle": 0, "axis": "y", "origin": [5.1, 8, 14]},
			"faces": {
				"north": {"uv": [12, 7, 9, 14], "texture": "#0"},
				"east": {"uv": [9, 5, 3, 11], "texture": "#0"},
				"south": {"uv": [9, 3, 6, 10], "texture": "#0"},
				"west": {"uv": [13, 3, 7, 9], "texture": "#0"},
				"up": {"uv": [9, 3, 6, 10], "texture": "#0"},
				"down": {"uv": [9, 3, 6, 10], "texture": "#0"}
			}
		},
		{
			"from": [2.9, 0, 6],
			"to": [4.4, 4, 10],
			"rotation": {"angle": 0, "axis": "y", "origin": [10.9, 8, 14]},
			"faces": {
				"north": {"uv": [9, 7, 12, 14], "texture": "#0"},
				"east": {"uv": [7, 3, 13, 9], "texture": "#0"},
				"south": {"uv": [6, 3, 9, 10], "texture": "#0"},
				"west": {"uv": [3, 5, 9, 11], "texture": "#0"},
				"up": {"uv": [6, 3, 9, 10], "texture": "#0"},
				"down": {"uv": [6, 3, 9, 10], "texture": "#0"}
			}
		},
		{
			"from": [2.6, 0.3, 6.3],
			"to": [2.9, 3.7, 9.7],
			"rotation": {"angle": 0, "axis": "y", "origin": [10.6, 8, 14]},
			"faces": {
				"north": {"uv": [9, 7, 10, 14], "texture": "#0"},
				"east": {"uv": [7, 3, 13, 9], "texture": "#0"},
				"south": {"uv": [9, 7, 10, 14], "texture": "#0"},
				"west": {"uv": [3, 5, 9, 11], "texture": "#0"},
				"up": {"uv": [9, 7, 10, 14], "texture": "#0"},
				"down": {"uv": [9, 7, 10, 14], "texture": "#0"}
			}
		},
		{
			"from": [13.1, 0.3, 6.3],
			"to": [13.4, 3.7, 9.7],
			"rotation": {"angle": 0, "axis": "y", "origin": [5.4, 8, 14]},
			"faces": {
				"north": {"uv": [10, 7, 9, 14], "texture": "#0"},
				"east": {"uv": [9, 5, 3, 11], "texture": "#0"},
				"south": {"uv": [10, 7, 9, 14], "texture": "#0"},
				"west": {"uv": [13, 3, 7, 9], "texture": "#0"},
				"up": {"uv": [10, 7, 9, 14], "texture": "#0"},
				"down": {"uv": [10, 7, 9, 14], "texture": "#0"}
			}
		},
		{
			"from": [3.9, 1.5, 7.5],
			"to": [12.1, 2.5, 8.5],
			"rotation": {"angle": 0, "axis": "y", "origin": [10.9, 8, 14]},
			"faces": {
				"north": {"uv": [0, 6, 16, 8], "texture": "#1"},
				"east": {"uv": [0, 6, 16, 8], "texture": "#1"},
				"south": {"uv": [0, 6, 16, 8], "texture": "#1"},
				"west": {"uv": [0, 6, 16, 8], "texture": "#1"},
				"up": {"uv": [0, 6, 16, 8], "texture": "#1"},
				"down": {"uv": [0, 6, 16, 8], "texture": "#1"}
			}
		}
	],
	"display": {
		"thirdperson_righthand": {
			"translation": [0, 5, 1.5]
		},
		"thirdperson_lefthand": {
			"translation": [0, 5, 1.5]
		},
		"firstperson_righthand": {
			"translation": [-0.75, 6.75, 0]
		},
		"firstperson_lefthand": {
			"translation": [-0.75, 6.75, 0]
		},
		"ground": {
			"translation": [0, 5, 0]
		},
		"gui": {
			"rotation": [30, 225, 0],
			"translation": [0, 6.75, 0],
			"scale": [1.3, 1.3, 1.3]
		},
		"head": {
			"translation": [0, -30.45, 0],
			"scale": [1.6, 1.6, 1.6]
		}
	}
}