{
	"credit": "Made with Blockbench",
	"textures": {
		"0": "block/blue_concrete",
		"1": "block/white_concrete",
		"2": "block/yellow_concrete",
		"3": "block/gray_concrete",
		"4": "block/daylight_detector_inverted_top",
		"particle": "block/blue_concrete"
	},
	"elements": [
		{
			"from": [7.3, 1, 7.3],
			"to": [8.7, 5, 8.7],
			"rotation": {"angle": 0, "axis": "y", "origin": [8, 3, 8]},
			"faces": {
				"north": {"uv": [0, 0, 9, 12], "texture": "#0"},
				"east": {"uv": [0, 0, 9, 12], "texture": "#0"},
				"south": {"uv": [0, 0, 9, 12], "texture": "#0"},
				"west": {"uv": [0, 0, 9, 12], "texture": "#0"},
				"up": {"uv": [0, 0, 9, 12], "texture": "#0"},
				"down": {"uv": [0, 0, 9, 12], "texture": "#0"}
			}
		},
		{
			"from": [7.275, 1.8, 7.275],
			"to": [8.725, 2.7, 8.725],
			"rotation": {"angle": 0, "axis": "y", "origin": [8.075, 3, 7.975]},
			"faces": {
				"north": {"uv": [0, 0, 7, 6], "texture": "#1"},
				"east": {"uv": [0, 0, 7, 6], "texture": "#1"},
				"south": {"uv": [0, 0, 7, 6], "texture": "#1"},
				"west": {"uv": [0, 0, 7, 6], "texture": "#1"},
				"up": {"uv": [0, 0, 7, 6], "texture": "#1"},
				"down": {"uv": [0, 0, 7, 6], "texture": "#1"}
			}
		},
		{
			"from": [7.275, 2.7, 7.275],
			"to": [8.725, 2.9, 8.725],
			"rotation": {"angle": 0, "axis": "y", "origin": [8.075, 3.7, 7.975]},
			"faces": {
				"north": {"uv": [0, 0, 15, 2], "texture": "#2"},
				"east": {"uv": [0, 0, 15, 2], "texture": "#2"},
				"south": {"uv": [0, 0, 15, 2], "texture": "#2"},
				"west": {"uv": [0, 0, 15, 2], "texture": "#2"},
				"up": {"uv": [0, 0, 5, 6], "texture": "#2"},
				"down": {"uv": [0, 0, 5, 6], "texture": "#2"}
			}
		},
		{
			"from": [7.2, 0, 7.2],
			"to": [8.8, 1, 8.8],
			"rotation": {"angle": 0, "axis": "y", "origin": [15, 4, 15]},
			"faces": {
				"north": {"uv": [0, 0, 13, 8], "texture": "#3"},
				"east": {"uv": [0, 0, 13, 8], "texture": "#3"},
				"south": {"uv": [0, 0, 13, 8], "texture": "#3"},
				"west": {"uv": [0, 0, 13, 8], "texture": "#3"},
				"up": {"uv": [0, 0, 12, 9], "texture": "#3"},
				"down": {"uv": [0, 0, 12, 9], "texture": "#3"}
			}
		},
		{
			"from": [7.3, 5.5, 7.3],
			"to": [8.7, 6.3, 8.7],
			"rotation": {"angle": 0, "axis": "y", "origin": [15, 9, 15]},
			"faces": {
				"north": {"uv": [0, 0, 13, 8], "texture": "#3"},
				"east": {"uv": [0, 0, 13, 8], "texture": "#3"},
				"south": {"uv": [0, 0, 13, 8], "texture": "#3"},
				"west": {"uv": [0, 0, 13, 8], "texture": "#3"},
				"up": {"uv": [0, 0, 12, 9], "texture": "#3"},
				"down": {"uv": [0, 0, 12, 9], "texture": "#3"}
			}
		},
		{
			"from": [7.2, 4.1, 7.2],
			"to": [8.8, 5.5, 8.8],
			"rotation": {"angle": 0, "axis": "y", "origin": [8, 4.8, 8]},
			"faces": {
				"north": {"uv": [0, 0, 13, 10], "texture": "#3"},
				"east": {"uv": [0, 0, 13, 10], "texture": "#3"},
				"south": {"uv": [0, 0, 13, 10], "texture": "#3"},
				"west": {"uv": [0, 0, 13, 10], "texture": "#3"},
				"up": {"uv": [0, 0, 13, 10], "texture": "#3"},
				"down": {"uv": [0, 0, 13, 10], "texture": "#3"}
			}
		},
		{
			"from": [7.4, 5.6, 7.28],
			"to": [8.6, 6.2, 7.38],
			"rotation": {"angle": 0, "axis": "y", "origin": [15, 9, 15]},
			"faces": {
				"north": {"uv": [1, 1, 15, 10], "texture": "#4"},
				"east": {"uv": [0, 0, 13, 8], "texture": "#3"},
				"south": {"uv": [0, 0, 13, 8], "texture": "#3"},
				"west": {"uv": [0, 0, 13, 8], "texture": "#3"},
				"up": {"uv": [0, 0, 13, 8], "texture": "#3"},
				"down": {"uv": [0, 0, 13, 8], "texture": "#3"}
			}
		}
	],
	"display": {
		"thirdperson_righthand": {
			"scale": [0, 0, 0]
		},
		"thirdperson_lefthand": {
			"scale": [0, 0, 0]
		},
		"firstperson_righthand": {
			"rotation": [0, 107, 0],
			"translation": [0, 7.25, 0],
			"scale": [1.2, 1.2, 1.2]
		},
		"firstperson_lefthand": {
			"rotation": [0, 107, 0],
			"translation": [0, 7.25, 0],
			"scale": [1.2, 1.2, 1.2]
		},
		"ground": {
			"translation": [0, 6, 0],
			"scale": [1.2, 1.2, 1.2]
		},
		"gui": {
			"rotation": [30, 225, 0],
			"translation": [0, 5.5, 0],
			"scale": [1.4, 1.4, 1.4]
		},
		"head": {
			"translation": [0, 14.25, 0]
		}
	}
}