{
	"credit": "Made with Blockbench",
	"textures": {
		"0": "block/white_concrete",
		"1": "block/red_concrete",
		"2": "block/iron_block",
		"2_0": "item/glass_bottle1",
		"2_1": "item/light_gray_stained_glass1",
		"2_2": "item/potion_overlay_red",
		"particle": "item/glass_bottle1"
	},
	"elements": [
		{
			"from": [3.5, 0, 5],
			"to": [12.5, 1, 11],
			"rotation": {"angle": 0, "axis": "y", "origin": [12.5, 8, 18]},
			"faces": {
				"north": {"uv": [0, 4, 16, 8], "texture": "#0"},
				"east": {"uv": [0, 4, 16, 8], "texture": "#0"},
				"south": {"uv": [0, 4, 16, 8], "texture": "#0"},
				"west": {"uv": [0, 4, 16, 8], "texture": "#0"},
				"up": {"uv": [0, 3, 16, 12], "texture": "#0"},
				"down": {"uv": [0, 3, 16, 12], "texture": "#0"}
			}
		},
		{
			"from": [3.5, 2.80866, 9.96194],
			"to": [12.5, 7.80866, 10.96194],
			"rotation": {"angle": 22.5, "axis": "x", "origin": [8, 2.80866, 10.46194]},
			"faces": {
				"north": {"uv": [0, 0, 16, 11], "rotation": 180, "texture": "#0"},
				"east": {"uv": [0, 0, 16, 3], "rotation": 90, "texture": "#0"},
				"south": {"uv": [0, 0, 16, 11], "rotation": 180, "texture": "#0"},
				"west": {"uv": [0, 0, 16, 3], "rotation": 90, "texture": "#0"},
				"up": {"uv": [0, 0, 4, 14], "rotation": 90, "texture": "#0"},
				"down": {"uv": [0, 0, 4, 14], "rotation": 90, "texture": "#0"}
			}
		},
		{
			"from": [3.5, 1, 5],
			"to": [12.5, 3, 6],
			"rotation": {"angle": 0, "axis": "y", "origin": [12.5, 9, 18]},
			"faces": {
				"north": {"uv": [0, 4, 16, 9], "texture": "#0"},
				"east": {"uv": [0, 4, 4, 11], "texture": "#0"},
				"south": {"uv": [0, 4, 16, 9], "texture": "#0"},
				"west": {"uv": [0, 4, 4, 11], "texture": "#0"},
				"up": {"uv": [0, 0, 16, 4], "texture": "#0"},
				"down": {"uv": [0, 0, 16, 4], "texture": "#0"}
			}
		},
		{
			"from": [7.4, 1.4, 4.7],
			"to": [8.6, 2.775, 5.7],
			"rotation": {"angle": 0, "axis": "y", "origin": [12.5, 9, 18]},
			"faces": {
				"north": {"uv": [3, 3, 10, 12], "texture": "#2"},
				"east": {"uv": [5, 0, 9, 1], "texture": "#2"},
				"south": {"uv": [5, 0, 9, 1], "texture": "#2"},
				"west": {"uv": [5, 0, 9, 1], "texture": "#2"},
				"up": {"uv": [5, 0, 9, 1], "texture": "#2"},
				"down": {"uv": [5, 0, 9, 1], "texture": "#2"}
			}
		},
		{
			"from": [7.4, 7.2875, 12.1125],
			"to": [8.6, 7.4875, 12.7875],
			"rotation": {"angle": 22.5, "axis": "x", "origin": [8, 8.2875, 12.8]},
			"faces": {
				"north": {"uv": [5, 0, 9, 1], "rotation": 180, "texture": "#2"},
				"east": {"uv": [5, 0, 9, 1], "rotation": 270, "texture": "#2"},
				"south": {"uv": [5, 0, 9, 1], "texture": "#2"},
				"west": {"uv": [5, 0, 9, 1], "rotation": 90, "texture": "#2"},
				"up": {"uv": [3, 3, 10, 7], "rotation": 180, "texture": "#2"},
				"down": {"uv": [5, 0, 9, 1], "texture": "#2"}
			}
		},
		{
			"from": [3.5, 1, 10],
			"to": [12.5, 3, 11],
			"rotation": {"angle": 0, "axis": "y", "origin": [12.5, 9, 23]},
			"faces": {
				"north": {"uv": [0, 4, 16, 9], "texture": "#0"},
				"east": {"uv": [0, 4, 4, 11], "texture": "#0"},
				"south": {"uv": [0, 4, 16, 9], "texture": "#0"},
				"west": {"uv": [0, 4, 4, 11], "texture": "#0"},
				"up": {"uv": [0, 0, 16, 4], "texture": "#0"},
				"down": {"uv": [0, 0, 16, 4], "texture": "#0"}
			}
		},
		{
			"from": [3.5, 1, 6],
			"to": [4.5, 3, 10],
			"rotation": {"angle": 0, "axis": "y", "origin": [12.5, 9, 21]},
			"faces": {
				"north": {"uv": [0, 0, 1, 2], "texture": "#0"},
				"east": {"uv": [0, 4, 16, 13], "texture": "#0"},
				"south": {"uv": [0, 0, 1, 2], "texture": "#0"},
				"west": {"uv": [0, 0, 4, 2], "texture": "#0"},
				"up": {"uv": [0, 0, 3, 7], "texture": "#0"},
				"down": {"uv": [0, 0, 3, 7], "texture": "#0"}
			}
		},
		{
			"from": [11.5, 1, 6],
			"to": [12.5, 3, 10],
			"rotation": {"angle": 0, "axis": "y", "origin": [20.5, 9, 21]},
			"faces": {
				"north": {"uv": [0, 0, 1, 2], "texture": "#0"},
				"east": {"uv": [0, 4, 16, 13], "texture": "#0"},
				"south": {"uv": [0, 0, 1, 2], "texture": "#0"},
				"west": {"uv": [0, 0, 4, 2], "texture": "#0"},
				"up": {"uv": [0, 0, 1, 4], "texture": "#0"},
				"down": {"uv": [0, 0, 1, 4], "texture": "#0"}
			}
		},
		{
			"from": [7.5, 4.10866, 9.93694],
			"to": [8.5, 6.70866, 10.98694],
			"rotation": {"angle": 22.5, "axis": "x", "origin": [9, 2.80866, 10.46194]},
			"faces": {
				"north": {"uv": [0, 0, 9, 6], "rotation": 180, "texture": "#1"},
				"east": {"uv": [0, 4, 16, 13], "rotation": 270, "texture": "#1"},
				"south": {"uv": [0, 0, 9, 6], "texture": "#1"},
				"west": {"uv": [0, 0, 6, 1], "rotation": 90, "texture": "#1"},
				"up": {"uv": [0, 0, 9, 1], "rotation": 180, "texture": "#1"},
				"down": {"uv": [0, 0, 9, 1], "texture": "#1"}
			}
		},
		{
			"from": [6.8, 4.90866, 9.93694],
			"to": [9.2, 5.90866, 10.98694],
			"rotation": {"angle": 22.5, "axis": "x", "origin": [9, 2.80866, 10.46194]},
			"faces": {
				"north": {"uv": [0, 0, 9, 6], "rotation": 180, "texture": "#1"},
				"east": {"uv": [0, 4, 16, 13], "rotation": 270, "texture": "#1"},
				"south": {"uv": [0, 0, 9, 6], "texture": "#1"},
				"west": {"uv": [0, 0, 6, 1], "rotation": 90, "texture": "#1"},
				"up": {"uv": [0, 0, 9, 1], "rotation": 180, "texture": "#1"},
				"down": {"uv": [0, 0, 9, 1], "texture": "#1"}
			}
		},
		{
			"from": [9.46, 1.008, 8.36],
			"to": [10.54, 1.188, 9.44],
			"rotation": {"angle": 0, "axis": "y", "origin": [10.76, 8.108, 11.16]},
			"faces": {
				"north": {"uv": [7, 6, 8, 7], "texture": "#2_1"},
				"east": {"uv": [7, 6, 8, 7], "texture": "#2_1"},
				"south": {"uv": [7, 6, 8, 7], "texture": "#2_1"},
				"west": {"uv": [7, 6, 8, 7], "texture": "#2_1"},
				"up": {"uv": [7, 6, 8, 7], "texture": "#2_1"},
				"down": {"uv": [7, 6, 8, 7], "texture": "#2_1"}
			}
		},
		{
			"from": [9.46, 1.008, 6.56],
			"to": [10.54, 1.188, 7.64],
			"rotation": {"angle": 0, "axis": "y", "origin": [10.76, 8.108, 11.16]},
			"faces": {
				"north": {"uv": [7, 6, 8, 7], "texture": "#2_1"},
				"east": {"uv": [7, 6, 8, 7], "texture": "#2_1"},
				"south": {"uv": [7, 6, 8, 7], "texture": "#2_1"},
				"west": {"uv": [7, 6, 8, 7], "texture": "#2_1"},
				"up": {"uv": [7, 6, 8, 7], "texture": "#2_1"},
				"down": {"uv": [7, 6, 8, 7], "texture": "#2_1"}
			}
		},
		{
			"from": [9.46, 1.188, 8.36],
			"to": [10.54, 2.196, 9.44],
			"rotation": {"angle": 0, "axis": "y", "origin": [10.76, 8.288, 11.16]},
			"faces": {
				"north": {"uv": [2, 7, 9, 13], "texture": "#2_2"},
				"east": {"uv": [2, 7, 9, 13], "texture": "#2_2"},
				"south": {"uv": [2, 7, 9, 13], "texture": "#2_2"},
				"west": {"uv": [2, 7, 9, 13], "texture": "#2_2"},
				"up": {"uv": [2, 7, 9, 13], "texture": "#2_2"},
				"down": {"uv": [2, 7, 9, 13], "texture": "#2_2"}
			}
		},
		{
			"from": [9.46, 1.188, 6.56],
			"to": [10.54, 2.196, 7.64],
			"rotation": {"angle": 0, "axis": "y", "origin": [10.76, 8.288, 11.16]},
			"faces": {
				"north": {"uv": [2, 7, 9, 13], "texture": "#2_2"},
				"east": {"uv": [2, 7, 9, 13], "texture": "#2_2"},
				"south": {"uv": [2, 7, 9, 13], "texture": "#2_2"},
				"west": {"uv": [2, 7, 9, 13], "texture": "#2_2"},
				"up": {"uv": [2, 7, 9, 13], "texture": "#2_2"},
				"down": {"uv": [2, 7, 9, 13], "texture": "#2_2"}
			}
		},
		{
			"from": [9.46, 2.268, 8.36],
			"to": [10.54, 2.52, 9.44],
			"rotation": {"angle": 0, "axis": "y", "origin": [10.76, 9.548, 11.16]},
			"faces": {
				"north": {"uv": [7, 6, 8, 7], "texture": "#2_1"},
				"east": {"uv": [7, 6, 8, 7], "texture": "#2_1"},
				"south": {"uv": [7, 6, 8, 7], "texture": "#2_1"},
				"west": {"uv": [7, 6, 8, 7], "texture": "#2_1"},
				"up": {"uv": [7, 6, 8, 7], "texture": "#2_1"},
				"down": {"uv": [7, 6, 8, 7], "texture": "#2_1"}
			}
		},
		{
			"from": [9.46, 2.268, 6.56],
			"to": [10.54, 2.52, 7.64],
			"rotation": {"angle": 0, "axis": "y", "origin": [10.76, 9.548, 11.16]},
			"faces": {
				"north": {"uv": [7, 6, 8, 7], "texture": "#2_1"},
				"east": {"uv": [7, 6, 8, 7], "texture": "#2_1"},
				"south": {"uv": [7, 6, 8, 7], "texture": "#2_1"},
				"west": {"uv": [7, 6, 8, 7], "texture": "#2_1"},
				"up": {"uv": [7, 6, 8, 7], "texture": "#2_1"},
				"down": {"uv": [7, 6, 8, 7], "texture": "#2_1"}
			}
		},
		{
			"from": [9.64, 3.204, 8.54],
			"to": [10, 3.564, 9.26],
			"rotation": {"angle": 0, "axis": "y", "origin": [10.58, 10.484, 10.98]},
			"faces": {
				"north": {"uv": [7, 2, 8, 3], "texture": "#2_0"},
				"east": {"uv": [7, 2, 8, 3], "texture": "#2_0"},
				"south": {"uv": [7, 2, 8, 3], "texture": "#2_0"},
				"west": {"uv": [7, 2, 8, 3], "texture": "#2_0"},
				"up": {"uv": [7, 2, 8, 3], "texture": "#2_0"},
				"down": {"uv": [7, 2, 8, 3], "texture": "#2_0"}
			}
		},
		{
			"from": [9.64, 3.204, 6.74],
			"to": [10, 3.564, 7.46],
			"rotation": {"angle": 0, "axis": "y", "origin": [10.58, 10.484, 10.98]},
			"faces": {
				"north": {"uv": [7, 2, 8, 3], "texture": "#2_0"},
				"east": {"uv": [7, 2, 8, 3], "texture": "#2_0"},
				"south": {"uv": [7, 2, 8, 3], "texture": "#2_0"},
				"west": {"uv": [7, 2, 8, 3], "texture": "#2_0"},
				"up": {"uv": [7, 2, 8, 3], "texture": "#2_0"},
				"down": {"uv": [7, 2, 8, 3], "texture": "#2_0"}
			}
		},
		{
			"from": [10, 3.204, 8.54],
			"to": [10.36, 3.564, 9.26],
			"rotation": {"angle": 0, "axis": "y", "origin": [10.94, 10.484, 10.98]},
			"faces": {
				"north": {"uv": [8, 2, 9, 3], "texture": "#2_0"},
				"east": {"uv": [8, 2, 10, 3], "rotation": 180, "texture": "#2_0"},
				"south": {"uv": [9, 2, 10, 3], "texture": "#2_0"},
				"west": {"uv": [9, 2, 10, 3], "texture": "#2_0"},
				"up": {"uv": [8, 2, 10, 3], "rotation": 90, "texture": "#2_0"},
				"down": {"uv": [9, 2, 10, 3], "texture": "#2_0"}
			}
		},
		{
			"from": [10, 3.204, 6.74],
			"to": [10.36, 3.564, 7.46],
			"rotation": {"angle": 0, "axis": "y", "origin": [10.94, 10.484, 10.98]},
			"faces": {
				"north": {"uv": [8, 2, 9, 3], "texture": "#2_0"},
				"east": {"uv": [8, 2, 10, 3], "rotation": 180, "texture": "#2_0"},
				"south": {"uv": [9, 2, 10, 3], "texture": "#2_0"},
				"west": {"uv": [9, 2, 10, 3], "texture": "#2_0"},
				"up": {"uv": [8, 2, 10, 3], "rotation": 90, "texture": "#2_0"},
				"down": {"uv": [9, 2, 10, 3], "texture": "#2_0"}
			}
		},
		{
			"from": [9.676, 2.52, 8.576],
			"to": [10.324, 3.06, 9.224],
			"rotation": {"angle": 0, "axis": "y", "origin": [10.688, 9.8, 10.368]},
			"faces": {
				"north": {"uv": [7, 6, 8, 7], "texture": "#2_1"},
				"east": {"uv": [7, 6, 8, 7], "texture": "#2_1"},
				"south": {"uv": [7, 6, 8, 7], "texture": "#2_1"},
				"west": {"uv": [7, 6, 8, 7], "texture": "#2_1"},
				"up": {"uv": [7, 6, 8, 7], "texture": "#2_1"},
				"down": {"uv": [7, 6, 8, 7], "texture": "#2_1"}
			}
		},
		{
			"from": [9.676, 2.52, 6.776],
			"to": [10.324, 3.06, 7.424],
			"rotation": {"angle": 0, "axis": "y", "origin": [10.688, 9.8, 10.368]},
			"faces": {
				"north": {"uv": [7, 6, 8, 7], "texture": "#2_1"},
				"east": {"uv": [7, 6, 8, 7], "texture": "#2_1"},
				"south": {"uv": [7, 6, 8, 7], "texture": "#2_1"},
				"west": {"uv": [7, 6, 8, 7], "texture": "#2_1"},
				"up": {"uv": [7, 6, 8, 7], "texture": "#2_1"},
				"down": {"uv": [7, 6, 8, 7], "texture": "#2_1"}
			}
		},
		{
			"from": [9.604, 3.06, 8.504],
			"to": [10.396, 3.312, 9.296],
			"rotation": {"angle": 0, "axis": "y", "origin": [10.688, 9.8, 10.368]},
			"faces": {
				"north": {"uv": [7, 6, 8, 7], "texture": "#2_1"},
				"east": {"uv": [7, 6, 8, 7], "texture": "#2_1"},
				"south": {"uv": [7, 6, 8, 7], "texture": "#2_1"},
				"west": {"uv": [7, 6, 8, 7], "texture": "#2_1"},
				"up": {"uv": [7, 6, 8, 7], "texture": "#2_1"},
				"down": {"uv": [7, 6, 8, 7], "texture": "#2_1"}
			}
		},
		{
			"from": [9.604, 3.06, 6.704],
			"to": [10.396, 3.312, 7.496],
			"rotation": {"angle": 0, "axis": "y", "origin": [10.688, 9.8, 10.368]},
			"faces": {
				"north": {"uv": [7, 6, 8, 7], "texture": "#2_1"},
				"east": {"uv": [7, 6, 8, 7], "texture": "#2_1"},
				"south": {"uv": [7, 6, 8, 7], "texture": "#2_1"},
				"west": {"uv": [7, 6, 8, 7], "texture": "#2_1"},
				"up": {"uv": [7, 6, 8, 7], "texture": "#2_1"},
				"down": {"uv": [7, 6, 8, 7], "texture": "#2_1"}
			}
		},
		{
			"from": [9.28, 1.188, 8.36],
			"to": [9.46, 2.268, 9.44],
			"rotation": {"angle": 0, "axis": "y", "origin": [9.68, 3.068, 11.16]},
			"faces": {
				"north": {"uv": [7, 6, 8, 7], "texture": "#2_1"},
				"east": {"uv": [7, 6, 8, 7], "texture": "#2_1"},
				"south": {"uv": [7, 6, 8, 7], "texture": "#2_1"},
				"west": {"uv": [7, 6, 8, 7], "texture": "#2_1"},
				"up": {"uv": [7, 6, 8, 7], "texture": "#2_1"},
				"down": {"uv": [7, 6, 8, 7], "texture": "#2_1"}
			}
		},
		{
			"from": [9.28, 1.188, 6.56],
			"to": [9.46, 2.268, 7.64],
			"rotation": {"angle": 0, "axis": "y", "origin": [9.68, 3.068, 11.16]},
			"faces": {
				"north": {"uv": [7, 6, 8, 7], "texture": "#2_1"},
				"east": {"uv": [7, 6, 8, 7], "texture": "#2_1"},
				"south": {"uv": [7, 6, 8, 7], "texture": "#2_1"},
				"west": {"uv": [7, 6, 8, 7], "texture": "#2_1"},
				"up": {"uv": [7, 6, 8, 7], "texture": "#2_1"},
				"down": {"uv": [7, 6, 8, 7], "texture": "#2_1"}
			}
		},
		{
			"from": [10.54, 1.188, 8.36],
			"to": [10.72, 2.268, 9.44],
			"rotation": {"angle": 0, "axis": "y", "origin": [11.12, 3.068, 11.16]},
			"faces": {
				"north": {"uv": [7, 6, 8, 7], "texture": "#2_1"},
				"east": {"uv": [7, 6, 8, 7], "texture": "#2_1"},
				"south": {"uv": [7, 6, 8, 7], "texture": "#2_1"},
				"west": {"uv": [7, 6, 8, 7], "texture": "#2_1"},
				"up": {"uv": [7, 6, 8, 7], "texture": "#2_1"},
				"down": {"uv": [7, 6, 8, 7], "texture": "#2_1"}
			}
		},
		{
			"from": [10.54, 1.188, 6.56],
			"to": [10.72, 2.268, 7.64],
			"rotation": {"angle": 0, "axis": "y", "origin": [11.12, 3.068, 11.16]},
			"faces": {
				"north": {"uv": [7, 6, 8, 7], "texture": "#2_1"},
				"east": {"uv": [7, 6, 8, 7], "texture": "#2_1"},
				"south": {"uv": [7, 6, 8, 7], "texture": "#2_1"},
				"west": {"uv": [7, 6, 8, 7], "texture": "#2_1"},
				"up": {"uv": [7, 6, 8, 7], "texture": "#2_1"},
				"down": {"uv": [7, 6, 8, 7], "texture": "#2_1"}
			}
		},
		{
			"from": [9.46, 1.188, 9.44],
			"to": [10.54, 2.268, 9.62],
			"rotation": {"angle": 0, "axis": "y", "origin": [10.76, 3.068, 6.12]},
			"faces": {
				"north": {"uv": [7, 6, 8, 7], "texture": "#2_1"},
				"east": {"uv": [7, 6, 8, 7], "texture": "#2_1"},
				"south": {"uv": [7, 6, 8, 7], "texture": "#2_1"},
				"west": {"uv": [7, 6, 8, 7], "texture": "#2_1"},
				"up": {"uv": [7, 6, 8, 7], "texture": "#2_1"},
				"down": {"uv": [7, 6, 8, 7], "texture": "#2_1"}
			}
		},
		{
			"from": [9.46, 1.188, 7.64],
			"to": [10.54, 2.268, 7.82],
			"rotation": {"angle": 0, "axis": "y", "origin": [10.76, 3.068, 6.12]},
			"faces": {
				"north": {"uv": [7, 6, 8, 7], "texture": "#2_1"},
				"east": {"uv": [7, 6, 8, 7], "texture": "#2_1"},
				"south": {"uv": [7, 6, 8, 7], "texture": "#2_1"},
				"west": {"uv": [7, 6, 8, 7], "texture": "#2_1"},
				"up": {"uv": [7, 6, 8, 7], "texture": "#2_1"},
				"down": {"uv": [7, 6, 8, 7], "texture": "#2_1"}
			}
		},
		{
			"from": [9.46, 1.188, 8.18],
			"to": [10.54, 2.268, 8.36],
			"rotation": {"angle": 0, "axis": "y", "origin": [10.76, 3.068, 4.68]},
			"faces": {
				"north": {"uv": [7, 6, 8, 7], "texture": "#2_1"},
				"east": {"uv": [7, 6, 8, 7], "texture": "#2_1"},
				"south": {"uv": [7, 6, 8, 7], "texture": "#2_1"},
				"west": {"uv": [7, 6, 8, 7], "texture": "#2_1"},
				"up": {"uv": [7, 6, 8, 7], "texture": "#2_1"},
				"down": {"uv": [7, 6, 8, 7], "texture": "#2_1"}
			}
		},
		{
			"from": [9.46, 1.188, 6.38],
			"to": [10.54, 2.268, 6.56],
			"rotation": {"angle": 0, "axis": "y", "origin": [10.76, 3.068, 4.68]},
			"faces": {
				"north": {"uv": [7, 6, 8, 7], "texture": "#2_1"},
				"east": {"uv": [7, 6, 8, 7], "texture": "#2_1"},
				"south": {"uv": [7, 6, 8, 7], "texture": "#2_1"},
				"west": {"uv": [7, 6, 8, 7], "texture": "#2_1"},
				"up": {"uv": [7, 6, 8, 7], "texture": "#2_1"},
				"down": {"uv": [7, 6, 8, 7], "texture": "#2_1"}
			}
		},
		{
			"from": [7.46, 1.008, 8.36],
			"to": [8.54, 1.188, 9.44],
			"rotation": {"angle": 0, "axis": "y", "origin": [10.76, 8.108, 11.16]},
			"faces": {
				"north": {"uv": [7, 6, 8, 7], "texture": "#2_1"},
				"east": {"uv": [7, 6, 8, 7], "texture": "#2_1"},
				"south": {"uv": [7, 6, 8, 7], "texture": "#2_1"},
				"west": {"uv": [7, 6, 8, 7], "texture": "#2_1"},
				"up": {"uv": [7, 6, 8, 7], "texture": "#2_1"},
				"down": {"uv": [7, 6, 8, 7], "texture": "#2_1"}
			}
		},
		{
			"from": [7.46, 1.008, 6.56],
			"to": [8.54, 1.188, 7.64],
			"rotation": {"angle": 0, "axis": "y", "origin": [10.76, 8.108, 11.16]},
			"faces": {
				"north": {"uv": [7, 6, 8, 7], "texture": "#2_1"},
				"east": {"uv": [7, 6, 8, 7], "texture": "#2_1"},
				"south": {"uv": [7, 6, 8, 7], "texture": "#2_1"},
				"west": {"uv": [7, 6, 8, 7], "texture": "#2_1"},
				"up": {"uv": [7, 6, 8, 7], "texture": "#2_1"},
				"down": {"uv": [7, 6, 8, 7], "texture": "#2_1"}
			}
		},
		{
			"from": [7.46, 1.188, 8.36],
			"to": [8.54, 2.196, 9.44],
			"rotation": {"angle": 0, "axis": "y", "origin": [10.76, 8.288, 11.16]},
			"faces": {
				"north": {"uv": [2, 7, 9, 13], "texture": "#2_2"},
				"east": {"uv": [2, 7, 9, 13], "texture": "#2_2"},
				"south": {"uv": [2, 7, 9, 13], "texture": "#2_2"},
				"west": {"uv": [2, 7, 9, 13], "texture": "#2_2"},
				"up": {"uv": [2, 7, 9, 13], "texture": "#2_2"},
				"down": {"uv": [2, 7, 9, 13], "texture": "#2_2"}
			}
		},
		{
			"from": [7.46, 1.188, 6.56],
			"to": [8.54, 2.196, 7.64],
			"rotation": {"angle": 0, "axis": "y", "origin": [10.76, 8.288, 11.16]},
			"faces": {
				"north": {"uv": [2, 7, 9, 13], "texture": "#2_2"},
				"east": {"uv": [2, 7, 9, 13], "texture": "#2_2"},
				"south": {"uv": [2, 7, 9, 13], "texture": "#2_2"},
				"west": {"uv": [2, 7, 9, 13], "texture": "#2_2"},
				"up": {"uv": [2, 7, 9, 13], "texture": "#2_2"},
				"down": {"uv": [2, 7, 9, 13], "texture": "#2_2"}
			}
		},
		{
			"from": [7.46, 2.268, 8.36],
			"to": [8.54, 2.52, 9.44],
			"rotation": {"angle": 0, "axis": "y", "origin": [10.76, 9.548, 11.16]},
			"faces": {
				"north": {"uv": [7, 6, 8, 7], "texture": "#2_1"},
				"east": {"uv": [7, 6, 8, 7], "texture": "#2_1"},
				"south": {"uv": [7, 6, 8, 7], "texture": "#2_1"},
				"west": {"uv": [7, 6, 8, 7], "texture": "#2_1"},
				"up": {"uv": [7, 6, 8, 7], "texture": "#2_1"},
				"down": {"uv": [7, 6, 8, 7], "texture": "#2_1"}
			}
		},
		{
			"from": [7.46, 2.268, 6.56],
			"to": [8.54, 2.52, 7.64],
			"rotation": {"angle": 0, "axis": "y", "origin": [10.76, 9.548, 11.16]},
			"faces": {
				"north": {"uv": [7, 6, 8, 7], "texture": "#2_1"},
				"east": {"uv": [7, 6, 8, 7], "texture": "#2_1"},
				"south": {"uv": [7, 6, 8, 7], "texture": "#2_1"},
				"west": {"uv": [7, 6, 8, 7], "texture": "#2_1"},
				"up": {"uv": [7, 6, 8, 7], "texture": "#2_1"},
				"down": {"uv": [7, 6, 8, 7], "texture": "#2_1"}
			}
		},
		{
			"from": [7.64, 3.204, 8.54],
			"to": [8, 3.564, 9.26],
			"rotation": {"angle": 0, "axis": "y", "origin": [10.58, 10.484, 10.98]},
			"faces": {
				"north": {"uv": [7, 2, 8, 3], "texture": "#2_0"},
				"east": {"uv": [7, 2, 8, 3], "texture": "#2_0"},
				"south": {"uv": [7, 2, 8, 3], "texture": "#2_0"},
				"west": {"uv": [7, 2, 8, 3], "texture": "#2_0"},
				"up": {"uv": [7, 2, 8, 3], "texture": "#2_0"},
				"down": {"uv": [7, 2, 8, 3], "texture": "#2_0"}
			}
		},
		{
			"from": [7.64, 3.204, 6.74],
			"to": [8, 3.564, 7.46],
			"rotation": {"angle": 0, "axis": "y", "origin": [10.58, 10.484, 10.98]},
			"faces": {
				"north": {"uv": [7, 2, 8, 3], "texture": "#2_0"},
				"east": {"uv": [7, 2, 8, 3], "texture": "#2_0"},
				"south": {"uv": [7, 2, 8, 3], "texture": "#2_0"},
				"west": {"uv": [7, 2, 8, 3], "texture": "#2_0"},
				"up": {"uv": [7, 2, 8, 3], "texture": "#2_0"},
				"down": {"uv": [7, 2, 8, 3], "texture": "#2_0"}
			}
		},
		{
			"from": [8, 3.204, 8.54],
			"to": [8.36, 3.564, 9.26],
			"rotation": {"angle": 0, "axis": "y", "origin": [10.94, 10.484, 10.98]},
			"faces": {
				"north": {"uv": [8, 2, 9, 3], "texture": "#2_0"},
				"east": {"uv": [8, 2, 10, 3], "rotation": 180, "texture": "#2_0"},
				"south": {"uv": [9, 2, 10, 3], "texture": "#2_0"},
				"west": {"uv": [9, 2, 10, 3], "texture": "#2_0"},
				"up": {"uv": [8, 2, 10, 3], "rotation": 90, "texture": "#2_0"},
				"down": {"uv": [9, 2, 10, 3], "texture": "#2_0"}
			}
		},
		{
			"from": [8, 3.204, 6.74],
			"to": [8.36, 3.564, 7.46],
			"rotation": {"angle": 0, "axis": "y", "origin": [10.94, 10.484, 10.98]},
			"faces": {
				"north": {"uv": [8, 2, 9, 3], "texture": "#2_0"},
				"east": {"uv": [8, 2, 10, 3], "rotation": 180, "texture": "#2_0"},
				"south": {"uv": [9, 2, 10, 3], "texture": "#2_0"},
				"west": {"uv": [9, 2, 10, 3], "texture": "#2_0"},
				"up": {"uv": [8, 2, 10, 3], "rotation": 90, "texture": "#2_0"},
				"down": {"uv": [9, 2, 10, 3], "texture": "#2_0"}
			}
		},
		{
			"from": [7.676, 2.52, 8.576],
			"to": [8.324, 3.06, 9.224],
			"rotation": {"angle": 0, "axis": "y", "origin": [10.688, 9.8, 10.368]},
			"faces": {
				"north": {"uv": [7, 6, 8, 7], "texture": "#2_1"},
				"east": {"uv": [7, 6, 8, 7], "texture": "#2_1"},
				"south": {"uv": [7, 6, 8, 7], "texture": "#2_1"},
				"west": {"uv": [7, 6, 8, 7], "texture": "#2_1"},
				"up": {"uv": [7, 6, 8, 7], "texture": "#2_1"},
				"down": {"uv": [7, 6, 8, 7], "texture": "#2_1"}
			}
		},
		{
			"from": [7.676, 2.52, 6.776],
			"to": [8.324, 3.06, 7.424],
			"rotation": {"angle": 0, "axis": "y", "origin": [10.688, 9.8, 10.368]},
			"faces": {
				"north": {"uv": [7, 6, 8, 7], "texture": "#2_1"},
				"east": {"uv": [7, 6, 8, 7], "texture": "#2_1"},
				"south": {"uv": [7, 6, 8, 7], "texture": "#2_1"},
				"west": {"uv": [7, 6, 8, 7], "texture": "#2_1"},
				"up": {"uv": [7, 6, 8, 7], "texture": "#2_1"},
				"down": {"uv": [7, 6, 8, 7], "texture": "#2_1"}
			}
		},
		{
			"from": [7.604, 3.06, 8.504],
			"to": [8.396, 3.312, 9.296],
			"rotation": {"angle": 0, "axis": "y", "origin": [10.688, 9.8, 10.368]},
			"faces": {
				"north": {"uv": [7, 6, 8, 7], "texture": "#2_1"},
				"east": {"uv": [7, 6, 8, 7], "texture": "#2_1"},
				"south": {"uv": [7, 6, 8, 7], "texture": "#2_1"},
				"west": {"uv": [7, 6, 8, 7], "texture": "#2_1"},
				"up": {"uv": [7, 6, 8, 7], "texture": "#2_1"},
				"down": {"uv": [7, 6, 8, 7], "texture": "#2_1"}
			}
		},
		{
			"from": [7.604, 3.06, 6.704],
			"to": [8.396, 3.312, 7.496],
			"rotation": {"angle": 0, "axis": "y", "origin": [10.688, 9.8, 10.368]},
			"faces": {
				"north": {"uv": [7, 6, 8, 7], "texture": "#2_1"},
				"east": {"uv": [7, 6, 8, 7], "texture": "#2_1"},
				"south": {"uv": [7, 6, 8, 7], "texture": "#2_1"},
				"west": {"uv": [7, 6, 8, 7], "texture": "#2_1"},
				"up": {"uv": [7, 6, 8, 7], "texture": "#2_1"},
				"down": {"uv": [7, 6, 8, 7], "texture": "#2_1"}
			}
		},
		{
			"from": [7.28, 1.188, 8.36],
			"to": [7.46, 2.268, 9.44],
			"rotation": {"angle": 0, "axis": "y", "origin": [9.68, 3.068, 11.16]},
			"faces": {
				"north": {"uv": [7, 6, 8, 7], "texture": "#2_1"},
				"east": {"uv": [7, 6, 8, 7], "texture": "#2_1"},
				"south": {"uv": [7, 6, 8, 7], "texture": "#2_1"},
				"west": {"uv": [7, 6, 8, 7], "texture": "#2_1"},
				"up": {"uv": [7, 6, 8, 7], "texture": "#2_1"},
				"down": {"uv": [7, 6, 8, 7], "texture": "#2_1"}
			}
		},
		{
			"from": [7.28, 1.188, 6.56],
			"to": [7.46, 2.268, 7.64],
			"rotation": {"angle": 0, "axis": "y", "origin": [9.68, 3.068, 11.16]},
			"faces": {
				"north": {"uv": [7, 6, 8, 7], "texture": "#2_1"},
				"east": {"uv": [7, 6, 8, 7], "texture": "#2_1"},
				"south": {"uv": [7, 6, 8, 7], "texture": "#2_1"},
				"west": {"uv": [7, 6, 8, 7], "texture": "#2_1"},
				"up": {"uv": [7, 6, 8, 7], "texture": "#2_1"},
				"down": {"uv": [7, 6, 8, 7], "texture": "#2_1"}
			}
		},
		{
			"from": [8.54, 1.188, 8.36],
			"to": [8.72, 2.268, 9.44],
			"rotation": {"angle": 0, "axis": "y", "origin": [11.12, 3.068, 11.16]},
			"faces": {
				"north": {"uv": [7, 6, 8, 7], "texture": "#2_1"},
				"east": {"uv": [7, 6, 8, 7], "texture": "#2_1"},
				"south": {"uv": [7, 6, 8, 7], "texture": "#2_1"},
				"west": {"uv": [7, 6, 8, 7], "texture": "#2_1"},
				"up": {"uv": [7, 6, 8, 7], "texture": "#2_1"},
				"down": {"uv": [7, 6, 8, 7], "texture": "#2_1"}
			}
		},
		{
			"from": [8.54, 1.188, 6.56],
			"to": [8.72, 2.268, 7.64],
			"rotation": {"angle": 0, "axis": "y", "origin": [11.12, 3.068, 11.16]},
			"faces": {
				"north": {"uv": [7, 6, 8, 7], "texture": "#2_1"},
				"east": {"uv": [7, 6, 8, 7], "texture": "#2_1"},
				"south": {"uv": [7, 6, 8, 7], "texture": "#2_1"},
				"west": {"uv": [7, 6, 8, 7], "texture": "#2_1"},
				"up": {"uv": [7, 6, 8, 7], "texture": "#2_1"},
				"down": {"uv": [7, 6, 8, 7], "texture": "#2_1"}
			}
		},
		{
			"from": [7.46, 1.188, 9.44],
			"to": [8.54, 2.268, 9.62],
			"rotation": {"angle": 0, "axis": "y", "origin": [10.76, 3.068, 6.12]},
			"faces": {
				"north": {"uv": [7, 6, 8, 7], "texture": "#2_1"},
				"east": {"uv": [7, 6, 8, 7], "texture": "#2_1"},
				"south": {"uv": [7, 6, 8, 7], "texture": "#2_1"},
				"west": {"uv": [7, 6, 8, 7], "texture": "#2_1"},
				"up": {"uv": [7, 6, 8, 7], "texture": "#2_1"},
				"down": {"uv": [7, 6, 8, 7], "texture": "#2_1"}
			}
		},
		{
			"from": [7.46, 1.188, 7.64],
			"to": [8.54, 2.268, 7.82],
			"rotation": {"angle": 0, "axis": "y", "origin": [10.76, 3.068, 6.12]},
			"faces": {
				"north": {"uv": [7, 6, 8, 7], "texture": "#2_1"},
				"east": {"uv": [7, 6, 8, 7], "texture": "#2_1"},
				"south": {"uv": [7, 6, 8, 7], "texture": "#2_1"},
				"west": {"uv": [7, 6, 8, 7], "texture": "#2_1"},
				"up": {"uv": [7, 6, 8, 7], "texture": "#2_1"},
				"down": {"uv": [7, 6, 8, 7], "texture": "#2_1"}
			}
		},
		{
			"from": [7.46, 1.188, 8.18],
			"to": [8.54, 2.268, 8.36],
			"rotation": {"angle": 0, "axis": "y", "origin": [10.76, 3.068, 4.68]},
			"faces": {
				"north": {"uv": [7, 6, 8, 7], "texture": "#2_1"},
				"east": {"uv": [7, 6, 8, 7], "texture": "#2_1"},
				"south": {"uv": [7, 6, 8, 7], "texture": "#2_1"},
				"west": {"uv": [7, 6, 8, 7], "texture": "#2_1"},
				"up": {"uv": [7, 6, 8, 7], "texture": "#2_1"},
				"down": {"uv": [7, 6, 8, 7], "texture": "#2_1"}
			}
		},
		{
			"from": [7.46, 1.188, 6.38],
			"to": [8.54, 2.268, 6.56],
			"rotation": {"angle": 0, "axis": "y", "origin": [10.76, 3.068, 4.68]},
			"faces": {
				"north": {"uv": [7, 6, 8, 7], "texture": "#2_1"},
				"east": {"uv": [7, 6, 8, 7], "texture": "#2_1"},
				"south": {"uv": [7, 6, 8, 7], "texture": "#2_1"},
				"west": {"uv": [7, 6, 8, 7], "texture": "#2_1"},
				"up": {"uv": [7, 6, 8, 7], "texture": "#2_1"},
				"down": {"uv": [7, 6, 8, 7], "texture": "#2_1"}
			}
		},
		{
			"from": [5.46, 1.008, 8.36],
			"to": [6.54, 1.188, 9.44],
			"rotation": {"angle": 0, "axis": "y", "origin": [10.76, 8.108, 11.16]},
			"faces": {
				"north": {"uv": [7, 6, 8, 7], "texture": "#2_1"},
				"east": {"uv": [7, 6, 8, 7], "texture": "#2_1"},
				"south": {"uv": [7, 6, 8, 7], "texture": "#2_1"},
				"west": {"uv": [7, 6, 8, 7], "texture": "#2_1"},
				"up": {"uv": [7, 6, 8, 7], "texture": "#2_1"},
				"down": {"uv": [7, 6, 8, 7], "texture": "#2_1"}
			}
		},
		{
			"from": [5.46, 1.008, 6.56],
			"to": [6.54, 1.188, 7.64],
			"rotation": {"angle": 0, "axis": "y", "origin": [10.76, 8.108, 11.16]},
			"faces": {
				"north": {"uv": [7, 6, 8, 7], "texture": "#2_1"},
				"east": {"uv": [7, 6, 8, 7], "texture": "#2_1"},
				"south": {"uv": [7, 6, 8, 7], "texture": "#2_1"},
				"west": {"uv": [7, 6, 8, 7], "texture": "#2_1"},
				"up": {"uv": [7, 6, 8, 7], "texture": "#2_1"},
				"down": {"uv": [7, 6, 8, 7], "texture": "#2_1"}
			}
		},
		{
			"from": [5.46, 1.188, 8.36],
			"to": [6.54, 2.196, 9.44],
			"rotation": {"angle": 0, "axis": "y", "origin": [10.76, 8.288, 11.16]},
			"faces": {
				"north": {"uv": [2, 7, 9, 13], "texture": "#2_2"},
				"east": {"uv": [2, 7, 9, 13], "texture": "#2_2"},
				"south": {"uv": [2, 7, 9, 13], "texture": "#2_2"},
				"west": {"uv": [2, 7, 9, 13], "texture": "#2_2"},
				"up": {"uv": [2, 7, 9, 13], "texture": "#2_2"},
				"down": {"uv": [2, 7, 9, 13], "texture": "#2_2"}
			}
		},
		{
			"from": [5.46, 1.188, 6.56],
			"to": [6.54, 2.196, 7.64],
			"rotation": {"angle": 0, "axis": "y", "origin": [10.76, 8.288, 11.16]},
			"faces": {
				"north": {"uv": [2, 7, 9, 13], "texture": "#2_2"},
				"east": {"uv": [2, 7, 9, 13], "texture": "#2_2"},
				"south": {"uv": [2, 7, 9, 13], "texture": "#2_2"},
				"west": {"uv": [2, 7, 9, 13], "texture": "#2_2"},
				"up": {"uv": [2, 7, 9, 13], "texture": "#2_2"},
				"down": {"uv": [2, 7, 9, 13], "texture": "#2_2"}
			}
		},
		{
			"from": [5.46, 2.268, 8.36],
			"to": [6.54, 2.52, 9.44],
			"rotation": {"angle": 0, "axis": "y", "origin": [10.76, 9.548, 11.16]},
			"faces": {
				"north": {"uv": [7, 6, 8, 7], "texture": "#2_1"},
				"east": {"uv": [7, 6, 8, 7], "texture": "#2_1"},
				"south": {"uv": [7, 6, 8, 7], "texture": "#2_1"},
				"west": {"uv": [7, 6, 8, 7], "texture": "#2_1"},
				"up": {"uv": [7, 6, 8, 7], "texture": "#2_1"},
				"down": {"uv": [7, 6, 8, 7], "texture": "#2_1"}
			}
		},
		{
			"from": [5.46, 2.268, 6.56],
			"to": [6.54, 2.52, 7.64],
			"rotation": {"angle": 0, "axis": "y", "origin": [10.76, 9.548, 11.16]},
			"faces": {
				"north": {"uv": [7, 6, 8, 7], "texture": "#2_1"},
				"east": {"uv": [7, 6, 8, 7], "texture": "#2_1"},
				"south": {"uv": [7, 6, 8, 7], "texture": "#2_1"},
				"west": {"uv": [7, 6, 8, 7], "texture": "#2_1"},
				"up": {"uv": [7, 6, 8, 7], "texture": "#2_1"},
				"down": {"uv": [7, 6, 8, 7], "texture": "#2_1"}
			}
		},
		{
			"from": [5.64, 3.204, 8.54],
			"to": [6, 3.564, 9.26],
			"rotation": {"angle": 0, "axis": "y", "origin": [10.58, 10.484, 10.98]},
			"faces": {
				"north": {"uv": [7, 2, 8, 3], "texture": "#2_0"},
				"east": {"uv": [7, 2, 8, 3], "texture": "#2_0"},
				"south": {"uv": [7, 2, 8, 3], "texture": "#2_0"},
				"west": {"uv": [7, 2, 8, 3], "texture": "#2_0"},
				"up": {"uv": [7, 2, 8, 3], "texture": "#2_0"},
				"down": {"uv": [7, 2, 8, 3], "texture": "#2_0"}
			}
		},
		{
			"from": [5.64, 3.204, 6.74],
			"to": [6, 3.564, 7.46],
			"rotation": {"angle": 0, "axis": "y", "origin": [10.58, 10.484, 10.98]},
			"faces": {
				"north": {"uv": [7, 2, 8, 3], "texture": "#2_0"},
				"east": {"uv": [7, 2, 8, 3], "texture": "#2_0"},
				"south": {"uv": [7, 2, 8, 3], "texture": "#2_0"},
				"west": {"uv": [7, 2, 8, 3], "texture": "#2_0"},
				"up": {"uv": [7, 2, 8, 3], "texture": "#2_0"},
				"down": {"uv": [7, 2, 8, 3], "texture": "#2_0"}
			}
		},
		{
			"from": [6, 3.204, 8.54],
			"to": [6.36, 3.564, 9.26],
			"rotation": {"angle": 0, "axis": "y", "origin": [10.94, 10.484, 10.98]},
			"faces": {
				"north": {"uv": [8, 2, 9, 3], "texture": "#2_0"},
				"east": {"uv": [8, 2, 10, 3], "rotation": 180, "texture": "#2_0"},
				"south": {"uv": [9, 2, 10, 3], "texture": "#2_0"},
				"west": {"uv": [9, 2, 10, 3], "texture": "#2_0"},
				"up": {"uv": [8, 2, 10, 3], "rotation": 90, "texture": "#2_0"},
				"down": {"uv": [9, 2, 10, 3], "texture": "#2_0"}
			}
		},
		{
			"from": [6, 3.204, 6.74],
			"to": [6.36, 3.564, 7.46],
			"rotation": {"angle": 0, "axis": "y", "origin": [10.94, 10.484, 10.98]},
			"faces": {
				"north": {"uv": [8, 2, 9, 3], "texture": "#2_0"},
				"east": {"uv": [8, 2, 10, 3], "rotation": 180, "texture": "#2_0"},
				"south": {"uv": [9, 2, 10, 3], "texture": "#2_0"},
				"west": {"uv": [9, 2, 10, 3], "texture": "#2_0"},
				"up": {"uv": [8, 2, 10, 3], "rotation": 90, "texture": "#2_0"},
				"down": {"uv": [9, 2, 10, 3], "texture": "#2_0"}
			}
		},
		{
			"from": [5.676, 2.52, 8.576],
			"to": [6.324, 3.06, 9.224],
			"rotation": {"angle": 0, "axis": "y", "origin": [10.688, 9.8, 10.368]},
			"faces": {
				"north": {"uv": [7, 6, 8, 7], "texture": "#2_1"},
				"east": {"uv": [7, 6, 8, 7], "texture": "#2_1"},
				"south": {"uv": [7, 6, 8, 7], "texture": "#2_1"},
				"west": {"uv": [7, 6, 8, 7], "texture": "#2_1"},
				"up": {"uv": [7, 6, 8, 7], "texture": "#2_1"},
				"down": {"uv": [7, 6, 8, 7], "texture": "#2_1"}
			}
		},
		{
			"from": [5.676, 2.52, 6.776],
			"to": [6.324, 3.06, 7.424],
			"rotation": {"angle": 0, "axis": "y", "origin": [10.688, 9.8, 10.368]},
			"faces": {
				"north": {"uv": [7, 6, 8, 7], "texture": "#2_1"},
				"east": {"uv": [7, 6, 8, 7], "texture": "#2_1"},
				"south": {"uv": [7, 6, 8, 7], "texture": "#2_1"},
				"west": {"uv": [7, 6, 8, 7], "texture": "#2_1"},
				"up": {"uv": [7, 6, 8, 7], "texture": "#2_1"},
				"down": {"uv": [7, 6, 8, 7], "texture": "#2_1"}
			}
		},
		{
			"from": [5.604, 3.06, 8.504],
			"to": [6.396, 3.312, 9.296],
			"rotation": {"angle": 0, "axis": "y", "origin": [10.688, 9.8, 10.368]},
			"faces": {
				"north": {"uv": [7, 6, 8, 7], "texture": "#2_1"},
				"east": {"uv": [7, 6, 8, 7], "texture": "#2_1"},
				"south": {"uv": [7, 6, 8, 7], "texture": "#2_1"},
				"west": {"uv": [7, 6, 8, 7], "texture": "#2_1"},
				"up": {"uv": [7, 6, 8, 7], "texture": "#2_1"},
				"down": {"uv": [7, 6, 8, 7], "texture": "#2_1"}
			}
		},
		{
			"from": [5.604, 3.06, 6.704],
			"to": [6.396, 3.312, 7.496],
			"rotation": {"angle": 0, "axis": "y", "origin": [10.688, 9.8, 10.368]},
			"faces": {
				"north": {"uv": [7, 6, 8, 7], "texture": "#2_1"},
				"east": {"uv": [7, 6, 8, 7], "texture": "#2_1"},
				"south": {"uv": [7, 6, 8, 7], "texture": "#2_1"},
				"west": {"uv": [7, 6, 8, 7], "texture": "#2_1"},
				"up": {"uv": [7, 6, 8, 7], "texture": "#2_1"},
				"down": {"uv": [7, 6, 8, 7], "texture": "#2_1"}
			}
		},
		{
			"from": [5.28, 1.188, 8.36],
			"to": [5.46, 2.268, 9.44],
			"rotation": {"angle": 0, "axis": "y", "origin": [9.68, 3.068, 11.16]},
			"faces": {
				"north": {"uv": [7, 6, 8, 7], "texture": "#2_1"},
				"east": {"uv": [7, 6, 8, 7], "texture": "#2_1"},
				"south": {"uv": [7, 6, 8, 7], "texture": "#2_1"},
				"west": {"uv": [7, 6, 8, 7], "texture": "#2_1"},
				"up": {"uv": [7, 6, 8, 7], "texture": "#2_1"},
				"down": {"uv": [7, 6, 8, 7], "texture": "#2_1"}
			}
		},
		{
			"from": [5.28, 1.188, 6.56],
			"to": [5.46, 2.268, 7.64],
			"rotation": {"angle": 0, "axis": "y", "origin": [9.68, 3.068, 11.16]},
			"faces": {
				"north": {"uv": [7, 6, 8, 7], "texture": "#2_1"},
				"east": {"uv": [7, 6, 8, 7], "texture": "#2_1"},
				"south": {"uv": [7, 6, 8, 7], "texture": "#2_1"},
				"west": {"uv": [7, 6, 8, 7], "texture": "#2_1"},
				"up": {"uv": [7, 6, 8, 7], "texture": "#2_1"},
				"down": {"uv": [7, 6, 8, 7], "texture": "#2_1"}
			}
		},
		{
			"from": [6.54, 1.188, 8.36],
			"to": [6.72, 2.268, 9.44],
			"rotation": {"angle": 0, "axis": "y", "origin": [11.12, 3.068, 11.16]},
			"faces": {
				"north": {"uv": [7, 6, 8, 7], "texture": "#2_1"},
				"east": {"uv": [7, 6, 8, 7], "texture": "#2_1"},
				"south": {"uv": [7, 6, 8, 7], "texture": "#2_1"},
				"west": {"uv": [7, 6, 8, 7], "texture": "#2_1"},
				"up": {"uv": [7, 6, 8, 7], "texture": "#2_1"},
				"down": {"uv": [7, 6, 8, 7], "texture": "#2_1"}
			}
		},
		{
			"from": [6.54, 1.188, 6.56],
			"to": [6.72, 2.268, 7.64],
			"rotation": {"angle": 0, "axis": "y", "origin": [11.12, 3.068, 11.16]},
			"faces": {
				"north": {"uv": [7, 6, 8, 7], "texture": "#2_1"},
				"east": {"uv": [7, 6, 8, 7], "texture": "#2_1"},
				"south": {"uv": [7, 6, 8, 7], "texture": "#2_1"},
				"west": {"uv": [7, 6, 8, 7], "texture": "#2_1"},
				"up": {"uv": [7, 6, 8, 7], "texture": "#2_1"},
				"down": {"uv": [7, 6, 8, 7], "texture": "#2_1"}
			}
		},
		{
			"from": [5.46, 1.188, 9.44],
			"to": [6.54, 2.268, 9.62],
			"rotation": {"angle": 0, "axis": "y", "origin": [10.76, 3.068, 6.12]},
			"faces": {
				"north": {"uv": [7, 6, 8, 7], "texture": "#2_1"},
				"east": {"uv": [7, 6, 8, 7], "texture": "#2_1"},
				"south": {"uv": [7, 6, 8, 7], "texture": "#2_1"},
				"west": {"uv": [7, 6, 8, 7], "texture": "#2_1"},
				"up": {"uv": [7, 6, 8, 7], "texture": "#2_1"},
				"down": {"uv": [7, 6, 8, 7], "texture": "#2_1"}
			}
		},
		{
			"from": [5.46, 1.188, 7.64],
			"to": [6.54, 2.268, 7.82],
			"rotation": {"angle": 0, "axis": "y", "origin": [10.76, 3.068, 6.12]},
			"faces": {
				"north": {"uv": [7, 6, 8, 7], "texture": "#2_1"},
				"east": {"uv": [7, 6, 8, 7], "texture": "#2_1"},
				"south": {"uv": [7, 6, 8, 7], "texture": "#2_1"},
				"west": {"uv": [7, 6, 8, 7], "texture": "#2_1"},
				"up": {"uv": [7, 6, 8, 7], "texture": "#2_1"},
				"down": {"uv": [7, 6, 8, 7], "texture": "#2_1"}
			}
		},
		{
			"from": [5.46, 1.188, 8.18],
			"to": [6.54, 2.268, 8.36],
			"rotation": {"angle": 0, "axis": "y", "origin": [10.76, 3.068, 4.68]},
			"faces": {
				"north": {"uv": [7, 6, 8, 7], "texture": "#2_1"},
				"east": {"uv": [7, 6, 8, 7], "texture": "#2_1"},
				"south": {"uv": [7, 6, 8, 7], "texture": "#2_1"},
				"west": {"uv": [7, 6, 8, 7], "texture": "#2_1"},
				"up": {"uv": [7, 6, 8, 7], "texture": "#2_1"},
				"down": {"uv": [7, 6, 8, 7], "texture": "#2_1"}
			}
		},
		{
			"from": [5.46, 1.188, 6.38],
			"to": [6.54, 2.268, 6.56],
			"rotation": {"angle": 0, "axis": "y", "origin": [10.76, 3.068, 4.68]},
			"faces": {
				"north": {"uv": [7, 6, 8, 7], "texture": "#2_1"},
				"east": {"uv": [7, 6, 8, 7], "texture": "#2_1"},
				"south": {"uv": [7, 6, 8, 7], "texture": "#2_1"},
				"west": {"uv": [7, 6, 8, 7], "texture": "#2_1"},
				"up": {"uv": [7, 6, 8, 7], "texture": "#2_1"},
				"down": {"uv": [7, 6, 8, 7], "texture": "#2_1"}
			}
		}
	],
	"display": {
		"thirdperson_righthand": {
			"scale": [0, 0, 0]
		},
		"thirdperson_lefthand": {
			"scale": [0, 0, 0]
		},
		"firstperson_righthand": {
			"rotation": [0, 129, 0],
			"translation": [-2, 6.25, -0.5]
		},
		"firstperson_lefthand": {
			"rotation": [0, 129, 0],
			"translation": [-2, 6.25, -0.5]
		},
		"ground": {
			"translation": [0, 4.5, 0]
		},
		"gui": {
			"rotation": [30, 132, 0],
			"translation": [-0.75, 3.25, 0]
		},
		"head": {
			"translation": [0, -25.25, 0],
			"scale": [2.25, 2.25, 2.25]
		},
		"fixed": {
			"rotation": [0, 90, 0]
		}
	},
	"groups": [0, 1, 2, 3, 4, 5, 6, 7,
		{
			"name": "group",
			"origin": [9, 2.80866, 10.46194],
			"children": [8, 9]
		},
		{
			"name": "potion",
			"origin": [8, 8, 8],
			"children": [10, 11, 12, 13, 14, 15, 16, 17, 18, 19, 20, 21, 22, 23, 24, 25, 26, 27, 28, 29, 30, 31]
		},
		{
			"name": "potion",
			"origin": [8, 8, 8],
			"children": [32, 33, 34, 35, 36, 37, 38, 39, 40, 41, 42, 43, 44, 45, 46, 47, 48, 49, 50, 51, 52, 53]
		},
		{
			"name": "potion",
			"origin": [8, 8, 8],
			"children": [54, 55, 56, 57, 58, 59, 60, 61, 62, 63, 64, 65, 66, 67, 68, 69, 70, 71, 72, 73, 74, 75]
		}
	]
}