{
	"credit": "Made with Blockbench",
	"textures": {
		"0": "block/anvil",
		"1": "block/bell_bottom",
		"particle": "block/anvil"
	},
	"elements": [
		{
			"from": [7, 0, 1.7],
			"to": [9, 2, 11.7],
			"rotation": {"angle": 0, "axis": "y", "origin": [8, 1, 8.37]},
			"faces": {
				"north": {"uv": [0, 0, 2, 2], "texture": "#0"},
				"east": {"uv": [0, 0, 10, 2], "texture": "#0"},
				"south": {"uv": [0, 0, 2, 2], "texture": "#0"},
				"west": {"uv": [0, 0, 10, 2], "texture": "#0"},
				"up": {"uv": [0, 0, 2, 10], "texture": "#0"},
				"down": {"uv": [0, 0, 2, 10], "texture": "#0"}
			}
		},
		{
			"from": [7.2, 0.2, 13.71],
			"to": [8.8, 1.8, 14.71],
			"rotation": {"angle": 0, "axis": "y", "origin": [8, 1, 8.37]},
			"faces": {
				"north": {"uv": [0, 0, 2, 2], "texture": "#0"},
				"east": {"uv": [0, 0, 1, 2], "texture": "#0"},
				"south": {"uv": [3, 3, 5, 5], "texture": "#1"},
				"west": {"uv": [0, 0, 1, 2], "texture": "#0"},
				"up": {"uv": [0, 0, 2, 1], "texture": "#0"},
				"down": {"uv": [0, 0, 2, 1], "texture": "#0"}
			}
		},
		{
			"from": [6.8, -0.2, 11.7],
			"to": [9.2, 2.2, 14.7],
			"rotation": {"angle": 0, "axis": "y", "origin": [8, 1, 8.37]},
			"faces": {
				"north": {"uv": [0, 0, 4, 3], "texture": "#0"},
				"east": {"uv": [0, 0, 3, 2], "texture": "#0"},
				"south": {"uv": [0, 0, 4, 3], "texture": "#0"},
				"west": {"uv": [0, 0, 3, 2], "texture": "#0"},
				"up": {"uv": [0, 0, 2, 3], "texture": "#0"},
				"down": {"uv": [0, 0, 2, 3], "texture": "#0"}
			}
		}
	],
	"display": {
		"thirdperson_righthand": {
			"rotation": [88, -180, 0],
			"translation": [0, 2.25, 8.5]
		},
		"thirdperson_lefthand": {
			"rotation": [88, -180, 0],
			"translation": [0, 0, 8.5]
		},
		"firstperson_righthand": {
			"rotation": [12, -180, 0],
			"translation": [0, 8.75, 0]
		},
		"firstperson_lefthand": {
			"rotation": [12, -180, 0],
			"translation": [0, 8.75, 0]
		},
		"ground": {
			"translation": [0, 6, 0]
		},
		"gui": {
			"rotation": [30, 225, 0],
			"translation": [0, 7, 0],
			"scale": [1.25, 1.25, 1.25]
		},
		"head": {
			"rotation": [0, -180, 0],
			"translation": [0, 18, -1.5],
			"scale": [1.5, 1.5, 1.5]
		},
		"fixed": {
			"rotation": [90, 0, 0],
			"translation": [0, 0, 13],
			"scale": [2, 2, 2]
		}
	},
	"groups": [
		{
			"name": "Flashlight",
			"origin": [9, 0.5, 7],
			"children": [0, 1, 2]
		}
	]
}