{
	"credit": "Made with Blockbench",
	"textures": {
		"2": "block/gold_bar2",
		"particle": "block/gold_block"
	},
	"elements": [
		{
			"from": [6.09684, 0.43874, 3.81718],
			"to": [9.911, 1.46186, 12.18282],
			"rotation": {"angle": 0, "axis": "y", "origin": [16.76578, 11.88514, 13.68384]},
			"faces": {
				"north": {"uv": [14, 10, 16, 14], "rotation": 90, "texture": "#2"},
				"east": {"uv": [12, 0, 16, 16], "rotation": 90, "texture": "#2"},
				"south": {"uv": [14, 10, 16, 14], "rotation": 90, "texture": "#2"},
				"west": {"uv": [12, 0, 16, 16], "rotation": 90, "texture": "#2"},
				"up": {"uv": [0, 0, 6, 16], "texture": "#2"},
				"down": {"uv": [0, 0, 6, 16], "texture": "#2"}
			}
		},
		{
			"from": [6.56888, 1.43736, 3.81845],
			"to": [9.42754, 2.72998, 12.18324],
			"rotation": {"angle": 0, "axis": "y", "origin": [17.52528, 12.88376, 13.63917]},
			"faces": {
				"north": {"uv": [12, 11, 15, 14], "rotation": 90, "texture": "#2"},
				"east": {"uv": [12, 0, 16, 16], "rotation": 90, "texture": "#2"},
				"south": {"uv": [12, 11, 15, 14], "rotation": 90, "texture": "#2"},
				"west": {"uv": [12, 0, 16, 16], "rotation": 90, "texture": "#2"},
				"up": {"uv": [0, 0, 6, 16], "texture": "#2"},
				"down": {"uv": [0, 0, 6, 16], "texture": "#2"}
			}
		},
		{
			"from": [6.47088, 1.46186, 3.81887],
			"to": [9.52554, 1.67648, 12.18282],
			"rotation": {"angle": 0, "axis": "y", "origin": [17.52528, 12.90826, 13.66024]},
			"faces": {
				"north": {"uv": [14, 13, 15, 14], "rotation": 90, "texture": "#2"},
				"east": {"uv": [12, 0, 16, 16], "rotation": 90, "texture": "#2"},
				"south": {"uv": [14, 13, 15, 14], "rotation": 90, "texture": "#2"},
				"west": {"uv": [12, 0, 16, 16], "rotation": 90, "texture": "#2"},
				"up": {"uv": [0, 0, 6, 16], "texture": "#2"},
				"down": {"uv": [0, 0, 6, 16], "texture": "#2"}
			}
		},
		{
			"from": [11.02601, 2.56379, 3.81634],
			"to": [11.45917, 4.86091, 12.18366],
			"rotation": {"angle": -22.5, "axis": "z", "origin": [3.44277, 14.99019, 13.66024]},
			"faces": {
				"north": {"uv": [12, 15, 16, 16], "rotation": 90, "texture": "#2"},
				"east": {"uv": [12, 16, 16, 0], "rotation": 90, "texture": "#2"},
				"south": {"uv": [12, 15, 16, 16], "rotation": 90, "texture": "#2"},
				"west": {"uv": [12, 16, 16, 0], "rotation": 90, "texture": "#2"},
				"up": {"uv": [12, 15, 16, 16], "rotation": 90, "texture": "#2"},
				"down": {"uv": [12, 15, 16, 16], "rotation": 90, "texture": "#2"}
			}
		},
		{
			"from": [4.54083, 2.56379, 3.81634],
			"to": [4.97399, 4.86091, 12.18366],
			"rotation": {"angle": 22.5, "axis": "z", "origin": [12.55723, 14.99019, 13.66024]},
			"faces": {
				"north": {"uv": [12, 15, 16, 16], "rotation": 90, "texture": "#2"},
				"east": {"uv": [12, 0, 16, 16], "rotation": 90, "texture": "#2"},
				"south": {"uv": [12, 15, 16, 16], "rotation": 90, "texture": "#2"},
				"west": {"uv": [12, 0, 16, 16], "rotation": 90, "texture": "#2"},
				"up": {"uv": [12, 15, 16, 16], "rotation": 90, "texture": "#2"},
				"down": {"uv": [12, 15, 16, 16], "rotation": 90, "texture": "#2"}
			}
		}
	],
	"display": {
		"thirdperson_righthand": {
			"rotation": [89, 0, 0],
			"translation": [0.25, -0.75, 6.25]
		},
		"thirdperson_lefthand": {
			"rotation": [89, 0, 0],
			"translation": [0.25, -0.75, 6.25]
		},
		"firstperson_righthand": {
			"rotation": [51, 0, 0],
			"translation": [-1.75, 5.5, 5.75],
			"scale": [1.2, 1.2, 1.2]
		},
		"firstperson_lefthand": {
			"rotation": [51, 0, 0],
			"translation": [-1.75, 5.5, 5.75],
			"scale": [1.2, 1.2, 1.2]
		},
		"ground": {
			"translation": [0, 4.25, 0]
		},
		"gui": {
			"rotation": [30, 225, 0],
			"translation": [0, 4.5, 0],
			"scale": [1, 0.9, 1]
		},
		"head": {
			"translation": [0, -31.13, 0],
			"scale": [1.6, 1.6, 1.6]
		},
		"fixed": {
			"rotation": [-90, 0, 0],
			"translation": [0, 0, -14],
			"scale": [2, 2, 2]
		}
	}
}