{
	"credit": "Made with Blockbench",
	"textures": {
		"2": "block/gold_bar2",
		"particle": "block/gold_block"
	},
	"elements": [
		{
			"from": [6.65, 0, 4.6],
			"to": [9.35, 1.4, 11.4],
			"rotation": {"angle": 0, "axis": "y", "origin": [14.65, 8, 12.6]},
			"faces": {
				"north": {"uv": [12, 7, 16, 16], "rotation": 90, "texture": "#2"},
				"east": {"uv": [12, 0, 16, 16], "rotation": 90, "texture": "#2"},
				"south": {"uv": [12, 7, 16, 16], "rotation": 90, "texture": "#2"},
				"west": {"uv": [12, 0, 16, 16], "rotation": 90, "texture": "#2"},
				"up": {"uv": [0, 0, 6, 16], "texture": "#2"},
				"down": {"uv": [0, 0, 6, 16], "texture": "#2"}
			}
		}
	],
	"display": {
		"thirdperson_righthand": {
			"rotation": [96, 0, 0],
			"translation": [0, -2, 7.5]
		},
		"thirdperson_lefthand": {
			"rotation": [96, 0, 0],
			"translation": [0, -2, 7.5]
		},
		"firstperson_righthand": {
			"rotation": [38, 0, 0],
			"translation": [-1.75, 8, 7.25],
			"scale": [1.2, 1.2, 1.2]
		},
		"firstperson_lefthand": {
			"rotation": [38, 0, 0],
			"translation": [-1.75, 8, 7.25],
			"scale": [1.2, 1.2, 1.2]
		},
		"ground": {
			"translation": [0, 4.75, 0]
		},
		"gui": {
			"rotation": [30, 225, 0],
			"translation": [0, 10, 0],
			"scale": [1.7, 1.7, 1.7]
		},
		"head": {
			"translation": [0, -30.43, 0],
			"scale": [1.6, 1.6, 1.6]
		},
		"fixed": {
			"rotation": [-90, 0, 0],
			"translation": [0, 0, -14.5],
			"scale": [2, 2, 2]
		}
	}
}