{
	"credit": "Made with Blockbench",
	"textures": {
		"0": "block/anvil",
		"1": "block/daylight_detector_top",
		"2": "block/cauldron_inner",
		"3": "block/iron_block",
		"4": "block/hopper_top",
		"particle": "block/anvil"
	},
	"elements": [
		{
			"from": [8.7, 4, 8.59375],
			"to": [8.9, 4.4, 9.09375],
			"rotation": {"angle": 0, "axis": "x", "origin": [9.8, 5.5, 9.49375]},
			"faces": {
				"north": {"uv": [5, 5, 6, 7], "rotation": 180, "texture": "#0"},
				"east": {"uv": [5, 12, 7, 14], "rotation": 180, "texture": "#0"},
				"south": {"uv": [5, 5, 6, 7], "rotation": 180, "texture": "#0"},
				"west": {"uv": [5, 12, 7, 14], "rotation": 180, "texture": "#0"},
				"up": {"uv": [5, 0, 6, 2], "rotation": 180, "texture": "#0"},
				"down": {"uv": [5, 0, 6, 2], "rotation": 180, "texture": "#0"}
			}
		},
		{
			"from": [7.10005, 0.6, 2.89375],
			"to": [8.89995, 4, 4.11875],
			"rotation": {"angle": 22.5, "axis": "x", "origin": [7.85005, 1.5, 3.39375]},
			"faces": {
				"north": {"uv": [2, 6, 6, 14], "texture": "#0"},
				"east": {"uv": [0, 0, 3, 6], "texture": "#0"},
				"south": {"uv": [0, 0, 1.8, 3.4], "texture": "#0"},
				"west": {"uv": [0, 0, 3, 6], "texture": "#0"},
				"up": {"uv": [3, 3, 7, 6], "texture": "#0"},
				"down": {"uv": [3, 3, 7, 6], "texture": "#0"}
			}
		},
		{
			"from": [7.1, 2, 3.89375],
			"to": [8.9, 4, 9.09375],
			"rotation": {"angle": 0, "axis": "x", "origin": [8.1, 3.5, 6.69375]},
			"faces": {
				"north": {"uv": [0, 5, 4, 16], "rotation": 180, "texture": "#0"},
				"east": {"uv": [4, 6, 15, 11], "rotation": 180, "texture": "#0"},
				"south": {"uv": [4, 6, 9, 11], "rotation": 180, "texture": "#0"},
				"west": {"uv": [4, 6, 15, 11], "rotation": 180, "texture": "#0"},
				"up": {"uv": [0, 5, 4, 16], "rotation": 180, "texture": "#0"},
				"down": {"uv": [5, 4, 9, 15], "rotation": 180, "texture": "#0"}
			}
		},
		{
			"from": [7.4, 2.3, 8.91875],
			"to": [8.6, 3.7, 9.11875],
			"rotation": {"angle": 0, "axis": "x", "origin": [8.1, 3.5, 6.51875]},
			"faces": {
				"north": {"uv": [7, 5, 11, 10], "rotation": 180, "texture": "#2"},
				"east": {"uv": [7, 5, 11, 10], "rotation": 180, "texture": "#2"},
				"south": {"uv": [8, 8, 10, 10], "texture": "#2"},
				"west": {"uv": [7, 5, 11, 10], "rotation": 180, "texture": "#2"},
				"up": {"uv": [7, 5, 11, 10], "rotation": 180, "texture": "#2"},
				"down": {"uv": [7, 5, 11, 10], "rotation": 180, "texture": "#2"}
			}
		},
		{
			"from": [7.1005, 3.875, 4.84375],
			"to": [8.8995, 4.175, 7.69375],
			"rotation": {"angle": 0, "axis": "x", "origin": [8.1005, 5.375, 6.84375]},
			"faces": {
				"north": {"uv": [5, 12, 6, 16], "rotation": 270, "texture": "#0"},
				"east": {"uv": [4, 10, 5, 16], "rotation": 270, "texture": "#0"},
				"south": {"uv": [4, 10, 5, 16], "rotation": 270, "texture": "#0"},
				"west": {"uv": [4, 10, 5, 16], "rotation": 270, "texture": "#0"},
				"up": {"uv": [5, 0, 16, 16], "rotation": 180, "texture": "#1"},
				"down": {"uv": [5, 0, 16, 16], "rotation": 180, "texture": "#1"}
			}
		},
		{
			"from": [8.7, 2.276, 7.075],
			"to": [9, 3.776, 8.575],
			"rotation": {"angle": 0, "axis": "z", "origin": [10.2, 3.075, 9.075]},
			"faces": {
				"north": {"uv": [5, 12, 6, 16], "rotation": 180, "texture": "#0"},
				"east": {"uv": [0, 0, 16, 16], "rotation": 270, "texture": "#4"},
				"south": {"uv": [4, 10, 5, 16], "texture": "#0"},
				"west": {"uv": [5, 0, 16, 16], "rotation": 270, "texture": "#1"},
				"up": {"uv": [4, 10, 5, 16], "texture": "#0"},
				"down": {"uv": [4, 10, 5, 16], "texture": "#0"}
			}
		},
		{
			"from": [7, 2.276, 7.075],
			"to": [7.3, 3.776, 8.575],
			"rotation": {"angle": 0, "axis": "z", "origin": [8.5, 3.075, 9.075]},
			"faces": {
				"north": {"uv": [5, 12, 6, 16], "rotation": 180, "texture": "#0"},
				"east": {"uv": [0, 0, 16, 16], "rotation": 270, "texture": "#4"},
				"south": {"uv": [4, 10, 5, 16], "texture": "#0"},
				"west": {"uv": [0, 0, 16, 16], "rotation": 270, "texture": "#4"},
				"up": {"uv": [4, 10, 5, 16], "texture": "#0"},
				"down": {"uv": [4, 10, 5, 16], "texture": "#0"}
			}
		},
		{
			"from": [7.1, 4, 8.59375],
			"to": [7.3, 4.4, 9.09375],
			"rotation": {"angle": 0, "axis": "x", "origin": [8.1, 5.5, 9.49375]},
			"faces": {
				"north": {"uv": [5, 5, 6, 7], "rotation": 180, "texture": "#0"},
				"east": {"uv": [5, 12, 7, 14], "rotation": 180, "texture": "#0"},
				"south": {"uv": [5, 5, 6, 7], "rotation": 180, "texture": "#0"},
				"west": {"uv": [5, 12, 7, 14], "rotation": 180, "texture": "#0"},
				"up": {"uv": [5, 0, 6, 2], "rotation": 180, "texture": "#0"},
				"down": {"uv": [5, 0, 6, 2], "rotation": 180, "texture": "#0"}
			}
		},
		{
			"from": [7.7, 2.7, 8.9],
			"to": [8.3, 3.3, 11.6],
			"rotation": {"angle": 0, "axis": "y", "origin": [15.7, 10.7, 15.8]},
			"faces": {
				"north": {"uv": [0, 0, 0.6, 0.6], "texture": "#3"},
				"east": {"uv": [4, 1, 10, 2], "texture": "#3"},
				"south": {"uv": [0, 0, 0.6, 0.6], "texture": "#3"},
				"west": {"uv": [4, 1, 10, 2], "texture": "#3"},
				"up": {"uv": [4, 1, 9, 2], "rotation": 90, "texture": "#3"},
				"down": {"uv": [4, 1, 9, 2], "rotation": 90, "texture": "#3"}
			}
		},
		{
			"from": [8.10931, 2.7, 10.59069],
			"to": [10.10931, 3.3, 11.19069],
			"rotation": {"angle": 22.5, "axis": "y", "origin": [9.20931, 3, 10.89069]},
			"faces": {
				"north": {"uv": [5, 7, 6, 10], "rotation": 270, "texture": "#3"},
				"east": {"uv": [5, 2, 6, 3], "texture": "#3"},
				"south": {"uv": [5, 7, 6, 10], "rotation": 270, "texture": "#3"},
				"west": {"uv": [0, 0, 0.6, 0.6], "texture": "#3"},
				"up": {"uv": [5, 2, 6, 3], "texture": "#3"},
				"down": {"uv": [5, 7, 6, 10], "rotation": 270, "texture": "#3"}
			}
		},
		{
			"from": [5.89069, 2.7, 10.59069],
			"to": [7.89069, 3.3, 11.19069],
			"rotation": {"angle": -22.5, "axis": "y", "origin": [6.79069, 3, 10.89069]},
			"faces": {
				"north": {"uv": [5, 7, 6, 10], "rotation": 90, "texture": "#3"},
				"east": {"uv": [5, 7, 6, 8], "texture": "#3"},
				"south": {"uv": [5, 7, 6, 10], "rotation": 270, "texture": "#3"},
				"west": {"uv": [5, 7, 6, 8], "texture": "#3"},
				"up": {"uv": [5, 7, 6, 10], "rotation": 270, "texture": "#3"},
				"down": {"uv": [5, 7, 6, 10], "rotation": 270, "texture": "#3"}
			}
		},
		{
			"from": [7.7, 3, 10.3],
			"to": [8.3, 5, 10.9],
			"rotation": {"angle": -22.5, "axis": "x", "origin": [8, 4.9, 10.6]},
			"faces": {
				"north": {"uv": [5, 7, 6, 10], "texture": "#3"},
				"east": {"uv": [5, 7, 6, 10], "texture": "#3"},
				"south": {"uv": [5, 7, 6, 10], "texture": "#3"},
				"west": {"uv": [5, 7, 6, 10], "texture": "#3"},
				"up": {"uv": [3, 2, 4, 3], "rotation": 90, "texture": "#3"},
				"down": {"uv": [7, 2, 8, 3], "rotation": 90, "texture": "#3"}
			}
		},
		{
			"from": [7.7, 0.95, 10.3],
			"to": [8.3, 2.95, 10.9],
			"rotation": {"angle": 22.5, "axis": "x", "origin": [8, 1.05, 10.6]},
			"faces": {
				"north": {"uv": [5, 7, 6, 10], "rotation": 180, "texture": "#3"},
				"east": {"uv": [5, 7, 6, 10], "rotation": 180, "texture": "#3"},
				"south": {"uv": [5, 7, 6, 10], "rotation": 180, "texture": "#3"},
				"west": {"uv": [5, 7, 6, 10], "rotation": 180, "texture": "#3"},
				"up": {"uv": [5, 1, 6, 2], "rotation": 90, "texture": "#3"},
				"down": {"uv": [5, 1, 6, 2], "rotation": 90, "texture": "#3"}
			}
		},
		{
			"from": [7.65, 2.65, 11.6],
			"to": [8.35, 3.35, 12.1],
			"rotation": {"angle": 0, "axis": "y", "origin": [15.7, 10.7, 19.6]},
			"faces": {
				"north": {"uv": [0, 0, 0.7, 0.7], "texture": "#3"},
				"east": {"uv": [0, 0, 0.5, 0.7], "texture": "#3"},
				"south": {"uv": [0, 0, 0.7, 0.7], "texture": "#3"},
				"west": {"uv": [0, 0, 0.5, 0.7], "texture": "#3"},
				"up": {"uv": [0, 0, 0.7, 0.5], "texture": "#3"},
				"down": {"uv": [0, 0, 0.7, 0.5], "texture": "#3"}
			}
		}
	],
	"display": {
		"thirdperson_righthand": {
			"scale": [0, 0, 0]
		},
		"thirdperson_lefthand": {
			"scale": [0, 0, 0]
		},
		"firstperson_righthand": {
			"rotation": [7, 175, 0],
			"translation": [-2.25, 10, 0.5],
			"scale": [1.3, 1.3, 1.3]
		},
		"firstperson_lefthand": {
			"rotation": [7, 175, 0],
			"translation": [-2.25, 10, 0.5],
			"scale": [1.3, 1.3, 1.3]
		},
		"ground": {
			"translation": [0, 4.25, 0]
		},
		"gui": {
			"rotation": [30, 225, 0],
			"translation": [-0.75, 7.75, 0],
			"scale": [1.6, 1.6, 1.6]
		}
	},
	"groups": [
		{
			"name": "group",
			"origin": [8.1, 5.5, 12.49375],
			"children": [0, 1, 2, 3, 4, 5, 6, 7]
		},
		{
			"name": "group",
			"origin": [15.7, 10.7, 20.8],
			"children": [8, 9, 10, 11, 12, 13]
		}
	]
}