{
	"credit": "Made with Blockbench",
	"textures": {
		"0": "block/barrel_side",
		"1": "block/spruce_planks",
		"2": "block/barrel_top_open",
		"particle": "block/barrel_side"
	},
	"elements": [
		{
			"from": [3.9, 5.15, 6.7],
			"to": [7.1, 7.75, 9.3],
			"rotation": {"angle": -45, "axis": "z", "origin": [2.4, 4.1, 8]},
			"faces": {
				"north": {"uv": [1, 1, 12, 10], "rotation": 180, "texture": "#1"},
				"east": {"uv": [1, 2, 12, 11], "rotation": 90, "texture": "#1"},
				"south": {"uv": [1, 1, 12, 10], "rotation": 180, "texture": "#1"},
				"west": {"uv": [1, 1, 12, 10], "rotation": 180, "texture": "#1"},
				"up": {"uv": [1, 1, 12, 10], "rotation": 180, "texture": "#1"},
				"down": {"uv": [1, 1, 12, 10], "rotation": 180, "texture": "#1"}
			}
		},
		{
			"from": [6.23863, 0.85216, 6.2554],
			"to": [10.53303, 4.34136, 9.7446],
			"rotation": {"angle": -22.5, "axis": "z", "origin": [8.29583, 2.26676, 8]},
			"faces": {
				"north": {"uv": [1, 1, 12, 10], "rotation": 180, "texture": "#1"},
				"east": {"uv": [1, 1, 12, 10], "rotation": 180, "texture": "#1"},
				"south": {"uv": [1, 1, 12, 10], "rotation": 180, "texture": "#1"},
				"west": {"uv": [1, 1, 12, 10], "rotation": 180, "texture": "#1"},
				"up": {"uv": [1, 1, 12, 10], "rotation": 180, "texture": "#1"},
				"down": {"uv": [1, 1, 12, 10], "rotation": 180, "texture": "#1"}
			}
		},
		{
			"from": [9.8394, -0.14042, 5.87996],
			"to": [15.05796, 4.09965, 10.12004],
			"rotation": {"angle": 0, "axis": "z", "origin": [13.13468, 5.16657, 8]},
			"faces": {
				"north": {"uv": [2, 6, 13, 16], "rotation": 270, "texture": "#0"},
				"east": {"uv": [2, 2, 14, 14], "rotation": 180, "texture": "#2"},
				"south": {"uv": [2, 6, 13, 16], "rotation": 90, "texture": "#0"},
				"west": {"uv": [2, 5, 13, 11], "rotation": 90, "texture": "#0"},
				"up": {"uv": [2, 6, 13, 16], "rotation": 90, "texture": "#0"},
				"down": {"uv": [2, 6, 13, 16], "rotation": 90, "texture": "#0"}
			}
		},
		{
			"from": [3.6617, 3.8617, 7],
			"to": [5.6617, 6.8617, 9],
			"rotation": {"angle": 22.5, "axis": "z", "origin": [4.0617, 5.7617, 8]},
			"faces": {
				"north": {"uv": [1, 1, 12, 10], "rotation": 90, "texture": "#1"},
				"east": {"uv": [1, 1, 12, 10], "rotation": 90, "texture": "#1"},
				"south": {"uv": [1, 1, 12, 10], "rotation": 90, "texture": "#1"},
				"west": {"uv": [1, 1, 12, 10], "rotation": 90, "texture": "#1"},
				"up": {"uv": [0, 0, 16, 16], "rotation": 90, "texture": "#2"},
				"down": {"uv": [1, 1, 12, 10], "rotation": 90, "texture": "#1"}
			}
		}
	],
	"display": {
		"thirdperson_righthand": {
			"scale": [0, 0, 0]
		},
		"thirdperson_lefthand": {
			"scale": [0, 0, 0]
		},
		"firstperson_righthand": {
			"rotation": [0, 75, 34],
			"translation": [-1, 5, 0]
		},
		"firstperson_lefthand": {
			"rotation": [0, -113, -34],
			"translation": [-1, 5, 0]
		},
		"ground": {
			"translation": [0, 5, 0]
		},
		"gui": {
			"rotation": [30, 225, 0],
			"translation": [1, 4.5, 0]
		}
	}
}