{
	"credit": "Made with Blockbench",
	"textures": {
		"1": "block/anvil",
		"2": "item/magic_cube",
		"3": "item/ritual_circle_no_glow",
		"particle": "block/anvil"
	},
	"elements": [
		{
			"from": [5, 0, 5],
			"to": [11, 16, 11],
			"rotation": {"angle": 0, "axis": "y", "origin": [10.5, 0.5, 6.5]},
			"faces": {
				"north": {"uv": [1, 0, 7, 16], "texture": "#1"},
				"east": {"uv": [1, 0, 7, 16], "texture": "#1"},
				"south": {"uv": [1, 0, 7, 16], "texture": "#1"},
				"west": {"uv": [1, 0, 7, 16], "texture": "#1"},
				"up": {"uv": [10, 9, 16, 14], "texture": "#1"},
				"down": {"uv": [10, 9, 16, 14], "texture": "#1"}
			}
		},
		{
			"from": [6.5, 24, 6.5],
			"to": [9.5, 27, 9.5],
			"rotation": {"angle": -45, "axis": "x", "origin": [8, 25.5, 8]},
			"faces": {
				"north": {"uv": [0, 0, 16, 16], "texture": "#2"},
				"east": {"uv": [0, 0, 16, 16], "texture": "#2"},
				"south": {"uv": [0, 0, 16, 16], "texture": "#2"},
				"west": {"uv": [0, 0, 16, 16], "texture": "#2"},
				"up": {"uv": [0, 0, 16, 16], "texture": "#2"},
				"down": {"uv": [0, 0, 16, 16], "texture": "#2"}
			}
		},
		{
			"from": [4, 15.375, 4],
			"to": [12, 16.375, 12],
			"rotation": {"angle": 0, "axis": "y", "origin": [8, 15.875, 8]},
			"faces": {
				"north": {"uv": [2, 0, 10, 1], "texture": "#1"},
				"east": {"uv": [2, 0, 10, 1], "texture": "#1"},
				"south": {"uv": [2, 0, 10, 1], "texture": "#1"},
				"west": {"uv": [2, 0, 10, 1], "texture": "#1"},
				"up": {"uv": [9, 9, 14, 14], "texture": "#1"},
				"down": {"uv": [9, 9, 14, 14], "texture": "#1"}
			}
		},
		{
			"from": [4, 0, 4],
			"to": [12, 1, 12],
			"rotation": {"angle": 0, "axis": "y", "origin": [8, 0.5, 8]},
			"faces": {
				"north": {"uv": [2, 0, 10, 1], "texture": "#1"},
				"east": {"uv": [2, 0, 10, 1], "texture": "#1"},
				"south": {"uv": [2, 0, 10, 1], "texture": "#1"},
				"west": {"uv": [2, 0, 10, 1], "texture": "#1"},
				"up": {"uv": [9, 9, 14, 14], "texture": "#1"},
				"down": {"uv": [9, 9, 14, 14], "texture": "#1"}
			}
		},
		{
			"from": [7.5, 15.8, 3.7],
			"to": [8.5, 17.8, 4.7],
			"rotation": {"angle": -45, "axis": "x", "origin": [8, 16.3, 4.2]},
			"faces": {
				"north": {"uv": [0, 0, 1, 2], "texture": "#1"},
				"east": {"uv": [0, 0, 1, 2], "texture": "#1"},
				"south": {"uv": [0, 0, 1, 2], "texture": "#1"},
				"west": {"uv": [0, 0, 1, 2], "texture": "#1"},
				"up": {"uv": [0, 0, 1, 1], "texture": "#1"},
				"down": {"uv": [0, 0, 1, 1], "texture": "#1"}
			}
		},
		{
			"from": [7.5, 17.16039, 2.55638],
			"to": [8.5, 19.16039, 3.55638],
			"rotation": {"angle": -22.5, "axis": "x", "origin": [8, 17.66039, 3.05638]},
			"faces": {
				"north": {"uv": [0, 0, 1, 2], "texture": "#1"},
				"east": {"uv": [0, 0, 1, 2], "texture": "#1"},
				"south": {"uv": [0, 0, 1, 2], "texture": "#1"},
				"west": {"uv": [0, 0, 1, 2], "texture": "#1"},
				"up": {"uv": [0, 0, 1, 1], "texture": "#1"},
				"down": {"uv": [0, 0, 1, 1], "texture": "#1"}
			}
		},
		{
			"from": [7.5, 18.85487, 2.02042],
			"to": [8.5, 20.85487, 3.02042],
			"rotation": {"angle": 0, "axis": "x", "origin": [8, 19.35487, 2.52042]},
			"faces": {
				"north": {"uv": [0, 0, 1, 2], "texture": "#1"},
				"east": {"uv": [0, 0, 1, 2], "texture": "#1"},
				"south": {"uv": [0, 0, 1, 2], "texture": "#1"},
				"west": {"uv": [0, 0, 1, 2], "texture": "#1"},
				"up": {"uv": [0, 0, 1, 1], "texture": "#1"},
				"down": {"uv": [0, 0, 1, 1], "texture": "#1"}
			}
		},
		{
			"from": [7.5, 20.62546, 2.1737],
			"to": [8.5, 22.62546, 3.1737],
			"rotation": {"angle": 22.5, "axis": "x", "origin": [8, 21.12546, 2.6737]},
			"faces": {
				"north": {"uv": [0, 0, 1, 2], "texture": "#1"},
				"east": {"uv": [0, 0, 1, 2], "texture": "#1"},
				"south": {"uv": [0, 0, 1, 2], "texture": "#1"},
				"west": {"uv": [0, 0, 1, 2], "texture": "#1"},
				"up": {"uv": [0, 0, 1, 1], "texture": "#1"},
				"down": {"uv": [0, 0, 1, 1], "texture": "#1"}
			}
		},
		{
			"from": [7.5, 22.20262, 2.99289],
			"to": [8.5, 24.20262, 3.99289],
			"rotation": {"angle": 45, "axis": "x", "origin": [8, 22.70262, 3.49289]},
			"faces": {
				"north": {"uv": [0, 0, 1, 2], "texture": "#1"},
				"east": {"uv": [0, 0, 1, 2], "texture": "#1"},
				"south": {"uv": [0, 0, 1, 2], "texture": "#1"},
				"west": {"uv": [0, 0, 1, 2], "texture": "#1"},
				"up": {"uv": [0, 0, 1, 1], "texture": "#1"},
				"down": {"uv": [0, 0, 1, 1], "texture": "#1"}
			}
		},
		{
			"from": [7.5, 15.8, 11.3],
			"to": [8.5, 17.8, 12.3],
			"rotation": {"angle": 45, "axis": "x", "origin": [8, 16.3, 11.8]},
			"faces": {
				"north": {"uv": [1, 0, 0, 2], "texture": "#1"},
				"east": {"uv": [1, 0, 0, 2], "texture": "#1"},
				"south": {"uv": [1, 0, 0, 2], "texture": "#1"},
				"west": {"uv": [1, 0, 0, 2], "texture": "#1"},
				"up": {"uv": [0, 1, 1, 0], "texture": "#1"},
				"down": {"uv": [0, 1, 1, 0], "texture": "#1"}
			}
		},
		{
			"from": [7.5, 17.16039, 12.44362],
			"to": [8.5, 19.16039, 13.44362],
			"rotation": {"angle": 22.5, "axis": "x", "origin": [8, 17.66039, 12.94362]},
			"faces": {
				"north": {"uv": [1, 0, 0, 2], "texture": "#1"},
				"east": {"uv": [1, 0, 0, 2], "texture": "#1"},
				"south": {"uv": [1, 0, 0, 2], "texture": "#1"},
				"west": {"uv": [1, 0, 0, 2], "texture": "#1"},
				"up": {"uv": [0, 1, 1, 0], "texture": "#1"},
				"down": {"uv": [0, 1, 1, 0], "texture": "#1"}
			}
		},
		{
			"from": [7.5, 18.85487, 12.97958],
			"to": [8.5, 20.85487, 13.97958],
			"rotation": {"angle": 0, "axis": "x", "origin": [8, 19.35487, 13.47958]},
			"faces": {
				"north": {"uv": [1, 0, 0, 2], "texture": "#1"},
				"east": {"uv": [1, 0, 0, 2], "texture": "#1"},
				"south": {"uv": [1, 0, 0, 2], "texture": "#1"},
				"west": {"uv": [1, 0, 0, 2], "texture": "#1"},
				"up": {"uv": [0, 1, 1, 0], "texture": "#1"},
				"down": {"uv": [0, 1, 1, 0], "texture": "#1"}
			}
		},
		{
			"from": [7.5, 20.62546, 12.8263],
			"to": [8.5, 22.62546, 13.8263],
			"rotation": {"angle": -22.5, "axis": "x", "origin": [8, 21.12546, 13.3263]},
			"faces": {
				"north": {"uv": [1, 0, 0, 2], "texture": "#1"},
				"east": {"uv": [1, 0, 0, 2], "texture": "#1"},
				"south": {"uv": [1, 0, 0, 2], "texture": "#1"},
				"west": {"uv": [1, 0, 0, 2], "texture": "#1"},
				"up": {"uv": [0, 1, 1, 0], "texture": "#1"},
				"down": {"uv": [0, 1, 1, 0], "texture": "#1"}
			}
		},
		{
			"from": [7.5, 22.20262, 12.00711],
			"to": [8.5, 24.20262, 13.00711],
			"rotation": {"angle": -45, "axis": "x", "origin": [8, 22.70262, 12.50711]},
			"faces": {
				"north": {"uv": [1, 0, 0, 2], "texture": "#1"},
				"east": {"uv": [1, 0, 0, 2], "texture": "#1"},
				"south": {"uv": [1, 0, 0, 2], "texture": "#1"},
				"west": {"uv": [1, 0, 0, 2], "texture": "#1"},
				"up": {"uv": [0, 1, 1, 0], "texture": "#1"},
				"down": {"uv": [0, 1, 1, 0], "texture": "#1"}
			}
		},
		{
			"from": [3.70055, 15.8, 7.5],
			"to": [4.70055, 17.8, 8.5],
			"rotation": {"angle": 45, "axis": "z", "origin": [4.20055, 16.3, 8]},
			"faces": {
				"north": {"uv": [1, 0, 2, 2], "texture": "#1"},
				"east": {"uv": [1, 0, 2, 2], "texture": "#1"},
				"south": {"uv": [1, 0, 2, 2], "texture": "#1"},
				"west": {"uv": [1, 0, 2, 2], "texture": "#1"},
				"up": {"uv": [0, 1, 1, 2], "rotation": 90, "texture": "#1"},
				"down": {"uv": [0, 1, 1, 2], "rotation": 270, "texture": "#1"}
			}
		},
		{
			"from": [2.55694, 17.16039, 7.5],
			"to": [3.55694, 19.16039, 8.5],
			"rotation": {"angle": 22.5, "axis": "z", "origin": [3.05694, 17.66039, 8]},
			"faces": {
				"north": {"uv": [1, 0, 2, 2], "texture": "#1"},
				"east": {"uv": [1, 0, 2, 2], "texture": "#1"},
				"south": {"uv": [1, 0, 2, 2], "texture": "#1"},
				"west": {"uv": [1, 0, 2, 2], "texture": "#1"},
				"up": {"uv": [0, 1, 1, 2], "rotation": 90, "texture": "#1"},
				"down": {"uv": [0, 1, 1, 2], "rotation": 270, "texture": "#1"}
			}
		},
		{
			"from": [2.02097, 18.85487, 7.5],
			"to": [3.02097, 20.85487, 8.5],
			"rotation": {"angle": 0, "axis": "x", "origin": [2.52097, 19.35487, 8]},
			"faces": {
				"north": {"uv": [1, 0, 2, 2], "texture": "#1"},
				"east": {"uv": [1, 0, 2, 2], "texture": "#1"},
				"south": {"uv": [1, 0, 2, 2], "texture": "#1"},
				"west": {"uv": [1, 0, 2, 2], "texture": "#1"},
				"up": {"uv": [0, 1, 1, 2], "rotation": 90, "texture": "#1"},
				"down": {"uv": [0, 1, 1, 2], "rotation": 270, "texture": "#1"}
			}
		},
		{
			"from": [2.17425, 20.62546, 7.5],
			"to": [3.17425, 22.62546, 8.5],
			"rotation": {"angle": -22.5, "axis": "z", "origin": [2.67425, 21.12546, 8]},
			"faces": {
				"north": {"uv": [1, 0, 2, 2], "texture": "#1"},
				"east": {"uv": [1, 0, 2, 2], "texture": "#1"},
				"south": {"uv": [1, 0, 2, 2], "texture": "#1"},
				"west": {"uv": [1, 0, 2, 2], "texture": "#1"},
				"up": {"uv": [0, 1, 1, 2], "rotation": 90, "texture": "#1"},
				"down": {"uv": [0, 1, 1, 2], "rotation": 270, "texture": "#1"}
			}
		},
		{
			"from": [2.99345, 22.20262, 7.5],
			"to": [3.99345, 24.20262, 8.5],
			"rotation": {"angle": -45, "axis": "z", "origin": [3.49345, 22.70262, 8]},
			"faces": {
				"north": {"uv": [1, 0, 2, 2], "texture": "#1"},
				"east": {"uv": [1, 0, 2, 2], "texture": "#1"},
				"south": {"uv": [1, 0, 2, 2], "texture": "#1"},
				"west": {"uv": [1, 0, 2, 2], "texture": "#1"},
				"up": {"uv": [0, 1, 1, 2], "rotation": 90, "texture": "#1"},
				"down": {"uv": [0, 1, 1, 2], "rotation": 270, "texture": "#1"}
			}
		},
		{
			"from": [11.29945, 15.8, 7.5],
			"to": [12.29945, 17.8, 8.5],
			"rotation": {"angle": -45, "axis": "z", "origin": [11.79945, 16.3, 8]},
			"faces": {
				"north": {"uv": [2, 0, 1, 2], "texture": "#1"},
				"east": {"uv": [2, 0, 1, 2], "texture": "#1"},
				"south": {"uv": [2, 0, 1, 2], "texture": "#1"},
				"west": {"uv": [2, 0, 1, 2], "texture": "#1"},
				"up": {"uv": [0, 2, 1, 1], "rotation": 90, "texture": "#1"},
				"down": {"uv": [0, 2, 1, 1], "rotation": 270, "texture": "#1"}
			}
		},
		{
			"from": [12.44306, 17.16039, 7.5],
			"to": [13.44306, 19.16039, 8.5],
			"rotation": {"angle": -22.5, "axis": "z", "origin": [12.94306, 17.66039, 8]},
			"faces": {
				"north": {"uv": [2, 0, 1, 2], "texture": "#1"},
				"east": {"uv": [2, 0, 1, 2], "texture": "#1"},
				"south": {"uv": [2, 0, 1, 2], "texture": "#1"},
				"west": {"uv": [2, 0, 1, 2], "texture": "#1"},
				"up": {"uv": [0, 2, 1, 1], "rotation": 90, "texture": "#1"},
				"down": {"uv": [0, 2, 1, 1], "rotation": 270, "texture": "#1"}
			}
		},
		{
			"from": [12.97903, 18.85487, 7.5],
			"to": [13.97903, 20.85487, 8.5],
			"rotation": {"angle": 0, "axis": "x", "origin": [13.47903, 19.35487, 8]},
			"faces": {
				"north": {"uv": [2, 0, 1, 2], "texture": "#1"},
				"east": {"uv": [2, 0, 1, 2], "texture": "#1"},
				"south": {"uv": [2, 0, 1, 2], "texture": "#1"},
				"west": {"uv": [2, 0, 1, 2], "texture": "#1"},
				"up": {"uv": [0, 2, 1, 1], "rotation": 90, "texture": "#1"},
				"down": {"uv": [0, 2, 1, 1], "rotation": 270, "texture": "#1"}
			}
		},
		{
			"from": [12.82575, 20.62546, 7.5],
			"to": [13.82575, 22.62546, 8.5],
			"rotation": {"angle": 22.5, "axis": "z", "origin": [13.32575, 21.12546, 8]},
			"faces": {
				"north": {"uv": [2, 0, 1, 2], "texture": "#1"},
				"east": {"uv": [2, 0, 1, 2], "texture": "#1"},
				"south": {"uv": [2, 0, 1, 2], "texture": "#1"},
				"west": {"uv": [2, 0, 1, 2], "texture": "#1"},
				"up": {"uv": [0, 2, 1, 1], "rotation": 90, "texture": "#1"},
				"down": {"uv": [0, 2, 1, 1], "rotation": 270, "texture": "#1"}
			}
		},
		{
			"from": [12.00655, 22.20262, 7.5],
			"to": [13.00655, 24.20262, 8.5],
			"rotation": {"angle": 45, "axis": "z", "origin": [12.50655, 22.70262, 8]},
			"faces": {
				"north": {"uv": [2, 0, 1, 2], "texture": "#1"},
				"east": {"uv": [2, 0, 1, 2], "texture": "#1"},
				"south": {"uv": [2, 0, 1, 2], "texture": "#1"},
				"west": {"uv": [2, 0, 1, 2], "texture": "#1"},
				"up": {"uv": [0, 2, 1, 1], "rotation": 90, "texture": "#1"},
				"down": {"uv": [0, 2, 1, 1], "rotation": 270, "texture": "#1"}
			}
		},
		{
			"from": [-16, 0.125, -16],
			"to": [32, 0.125, 32],
			"rotation": {"angle": 0, "axis": "y", "origin": [8, 8.125, 8]},
			"faces": {
				"up": {"uv": [0, 0, 16, 16], "texture": "#3"}
			}
		}
	],
	"display": {
		"thirdperson_righthand": {
			"scale": [0, 0, 0]
		},
		"thirdperson_lefthand": {
			"scale": [0, 0, 0]
		},
		"firstperson_righthand": {
			"rotation": [-35, 7, 0],
			"scale": [0.4, 0.4, 0.4]
		},
		"firstperson_lefthand": {
			"rotation": [-35, 7, 0],
			"scale": [0.4, 0.4, 0.4]
		},
		"ground": {
			"translation": [0, 2.5, 0],
			"scale": [0.7, 0.7, 0.7]
		},
		"gui": {
			"rotation": [0, 58, 0],
			"translation": [0, -2.75, 0],
			"scale": [0.5, 0.5, 0.5]
		},
		"head": {
			"translation": [0, -30.4, 0],
			"scale": [1.6, 1.6, 1.6]
		},
		"fixed": {
			"rotation": [-90, 0, 0],
			"translation": [0, 0, -24],
			"scale": [3.2, 3.2, 3.2]
		}
	},
	"groups": [0, 1, 2, 3,
		{
			"name": "group",
			"origin": [8, 23.84624, 4.85328],
			"children": [4, 5, 6, 7, 8]
		},
		{
			"name": "group",
			"origin": [8, 23.84624, 4.85328],
			"children": [9, 10, 11, 12, 13]
		},
		{
			"name": "group",
			"origin": [8, 23.84624, 4.85328],
			"children": [14, 15, 16, 17, 18]
		},
		{
			"name": "group",
			"origin": [8, 23.84624, 4.85328],
			"children": [19, 20, 21, 22, 23]
		}, 24]
}