{
	"credit": "Made with Blockbench",
	"textures": {
		"0": "item/icon",
		"particle": "item/icon"
	},
	"elements": [
		{
			"from": [-8, 0, -8],
			"to": [24, 0.1, 24],
			"rotation": {"angle": 0, "axis": "y", "origin": [3, 0, -8]},
			"faces": {
				"up": {"uv": [0, 0, 16, 16], "texture": "#0"},
				"down": {"uv": [0, 0, 16, 16], "rotation": 180, "texture": "#0"}
			}
		}
	],
	"display": {
		"gui": {
			"rotation": [90, 0, 0],
			"scale": [0.5, 0.5, 0.5]
		},
		"head": {
			"rotation": [90, 0, 0],
			"translation": [0, -41, 8],
			"scale": [1.5, 1.5, 1.5]
		}
	}
}