{
	"credit": "Made with Blockbench",
	"textures": {
		"0": "block/minecraft_os",
		"1": "block/anvil",
		"2": "block/iron_block",
		"3": "block/grass_block_side",
		"particle": "block/minecraft_os"
	},
	"elements": [
		{
			"from": [2, 0, 3.5],
			"to": [14, 0.3, 12.5],
			"rotation": {"angle": 0, "axis": "y", "origin": [10, 8, 13.5]},
			"faces": {
				"north": {"uv": [0, 0, 12, 0.3], "texture": "#1"},
				"east": {"uv": [0, 0, 9, 0.3], "texture": "#1"},
				"south": {"uv": [0, 0, 12, 0.3], "texture": "#1"},
				"west": {"uv": [0, 0, 9, 0.3], "texture": "#1"},
				"up": {"uv": [0, 0, 12, 9], "texture": "#1"},
				"down": {"uv": [0, 0, 12, 9], "texture": "#1"}
			}
		},
		{
			"from": [6, 0.001, 4],
			"to": [10, 0.301, 6],
			"rotation": {"angle": 0, "axis": "y", "origin": [10, 8, 13]},
			"faces": {
				"north": {"uv": [0, 0, 4, 0.3], "texture": "#2"},
				"east": {"uv": [0, 0, 2, 0.3], "texture": "#2"},
				"south": {"uv": [0, 0, 4, 0.3], "texture": "#2"},
				"west": {"uv": [0, 0, 2, 0.3], "texture": "#2"},
				"up": {"uv": [1, 0, 5, 2], "texture": "#2"},
				"down": {"uv": [0, 0, 4, 2], "texture": "#2"}
			}
		},
		{
			"from": [12.625, 0.001, 10.5],
			"to": [13.375, 0.301, 11.25],
			"rotation": {"angle": 0, "axis": "y", "origin": [13.625, 8, 18.5]},
			"faces": {
				"north": {"uv": [0, 0, 0.75, 0.3], "texture": "#2"},
				"east": {"uv": [0, 0, 0.75, 0.3], "texture": "#2"},
				"south": {"uv": [0, 0, 0.75, 0.3], "texture": "#2"},
				"west": {"uv": [0, 0, 0.75, 0.3], "texture": "#2"},
				"up": {"uv": [0, 0, 0.75, 0.75], "texture": "#2"},
				"down": {"uv": [0, 0, 0.75, 0.75], "texture": "#2"}
			}
		},
		{
			"from": [12.625, 0.001, 9.5],
			"to": [13.375, 0.301, 10.25],
			"rotation": {"angle": 0, "axis": "y", "origin": [13.625, 8, 17.5]},
			"faces": {
				"north": {"uv": [0, 0, 0.75, 0.3], "texture": "#2"},
				"east": {"uv": [0, 0, 0.75, 0.3], "texture": "#2"},
				"south": {"uv": [0, 0, 0.75, 0.3], "texture": "#2"},
				"west": {"uv": [0, 0, 0.75, 0.3], "texture": "#2"},
				"up": {"uv": [0, 0, 0.75, 0.75], "texture": "#2"},
				"down": {"uv": [0, 0, 0.75, 0.75], "texture": "#2"}
			}
		},
		{
			"from": [12.625, 0.001, 8.5],
			"to": [13.375, 0.301, 9.25],
			"rotation": {"angle": 0, "axis": "y", "origin": [13.625, 8, 16.5]},
			"faces": {
				"north": {"uv": [0, 0, 0.75, 0.3], "texture": "#2"},
				"east": {"uv": [0, 0, 0.75, 0.3], "texture": "#2"},
				"south": {"uv": [0, 0, 0.75, 0.3], "texture": "#2"},
				"west": {"uv": [0, 0, 0.75, 0.3], "texture": "#2"},
				"up": {"uv": [0, 0, 0.75, 0.75], "texture": "#2"},
				"down": {"uv": [0, 0, 0.75, 0.75], "texture": "#2"}
			}
		},
		{
			"from": [12.625, 0.001, 7.5],
			"to": [13.375, 0.301, 8.25],
			"rotation": {"angle": 0, "axis": "y", "origin": [13.625, 8, 15.5]},
			"faces": {
				"north": {"uv": [0, 0, 0.75, 0.3], "texture": "#2"},
				"east": {"uv": [0, 0, 0.75, 0.3], "texture": "#2"},
				"south": {"uv": [0, 0, 0.75, 0.3], "texture": "#2"},
				"west": {"uv": [0, 0, 0.75, 0.3], "texture": "#2"},
				"up": {"uv": [0, 0, 0.75, 0.75], "texture": "#2"},
				"down": {"uv": [0, 0, 0.75, 0.75], "texture": "#2"}
			}
		},
		{
			"from": [12.625, 0.001, 6.5],
			"to": [13.375, 0.301, 7.25],
			"rotation": {"angle": 0, "axis": "y", "origin": [13.625, 8, 14.5]},
			"faces": {
				"north": {"uv": [0, 0, 0.75, 0.3], "texture": "#2"},
				"east": {"uv": [0, 0, 0.75, 0.3], "texture": "#2"},
				"south": {"uv": [0, 0, 0.75, 0.3], "texture": "#2"},
				"west": {"uv": [0, 0, 0.75, 0.3], "texture": "#2"},
				"up": {"uv": [0, 0, 0.75, 0.75], "texture": "#2"},
				"down": {"uv": [0, 0, 0.75, 0.75], "texture": "#2"}
			}
		},
		{
			"from": [12.625, 0.001, 11.5],
			"to": [13.375, 0.301, 11.85],
			"rotation": {"angle": 0, "axis": "y", "origin": [13.625, 8, 19.1]},
			"faces": {
				"north": {"uv": [0, 0, 0.75, 0.3], "texture": "#2"},
				"east": {"uv": [0, 0, 0.35, 0.3], "texture": "#2"},
				"south": {"uv": [0, 0, 0.75, 0.3], "texture": "#2"},
				"west": {"uv": [0, 0, 0.35, 0.3], "texture": "#2"},
				"up": {"uv": [0, 0, 0.75, 0.35], "texture": "#2"},
				"down": {"uv": [0, 0, 0.75, 0.35], "texture": "#2"}
			}
		},
		{
			"from": [11.625, 0.001, 10.5],
			"to": [12.375, 0.301, 11.25],
			"rotation": {"angle": 0, "axis": "y", "origin": [12.625, 8, 18.5]},
			"faces": {
				"north": {"uv": [0, 0, 0.75, 0.3], "texture": "#2"},
				"east": {"uv": [0, 0, 0.75, 0.3], "texture": "#2"},
				"south": {"uv": [0, 0, 0.75, 0.3], "texture": "#2"},
				"west": {"uv": [0, 0, 0.75, 0.3], "texture": "#2"},
				"up": {"uv": [0, 0, 0.75, 0.75], "texture": "#2"},
				"down": {"uv": [0, 0, 0.75, 0.75], "texture": "#2"}
			}
		},
		{
			"from": [11.625, 0.001, 9.5],
			"to": [12.375, 0.301, 10.25],
			"rotation": {"angle": 0, "axis": "y", "origin": [12.625, 8, 17.5]},
			"faces": {
				"north": {"uv": [0, 0, 0.75, 0.3], "texture": "#2"},
				"east": {"uv": [0, 0, 0.75, 0.3], "texture": "#2"},
				"south": {"uv": [0, 0, 0.75, 0.3], "texture": "#2"},
				"west": {"uv": [0, 0, 0.75, 0.3], "texture": "#2"},
				"up": {"uv": [0, 0, 0.75, 0.75], "texture": "#2"},
				"down": {"uv": [0, 0, 0.75, 0.75], "texture": "#2"}
			}
		},
		{
			"from": [11.625, 0.001, 8.5],
			"to": [12.375, 0.301, 9.25],
			"rotation": {"angle": 0, "axis": "y", "origin": [12.625, 8, 16.5]},
			"faces": {
				"north": {"uv": [0, 0, 0.75, 0.3], "texture": "#2"},
				"east": {"uv": [0, 0, 0.75, 0.3], "texture": "#2"},
				"south": {"uv": [0, 0, 0.75, 0.3], "texture": "#2"},
				"west": {"uv": [0, 0, 0.75, 0.3], "texture": "#2"},
				"up": {"uv": [0, 0, 0.75, 0.75], "texture": "#2"},
				"down": {"uv": [0, 0, 0.75, 0.75], "texture": "#2"}
			}
		},
		{
			"from": [11.625, 0.001, 7.5],
			"to": [12.375, 0.301, 8.25],
			"rotation": {"angle": 0, "axis": "y", "origin": [12.625, 8, 15.5]},
			"faces": {
				"north": {"uv": [0, 0, 0.75, 0.3], "texture": "#2"},
				"east": {"uv": [0, 0, 0.75, 0.3], "texture": "#2"},
				"south": {"uv": [0, 0, 0.75, 0.3], "texture": "#2"},
				"west": {"uv": [0, 0, 0.75, 0.3], "texture": "#2"},
				"up": {"uv": [0, 0, 0.75, 0.75], "texture": "#2"},
				"down": {"uv": [0, 0, 0.75, 0.75], "texture": "#2"}
			}
		},
		{
			"from": [11.625, 0.001, 6.5],
			"to": [12.375, 0.301, 7.25],
			"rotation": {"angle": 0, "axis": "y", "origin": [12.625, 8, 14.5]},
			"faces": {
				"north": {"uv": [0, 0, 0.75, 0.3], "texture": "#2"},
				"east": {"uv": [0, 0, 0.75, 0.3], "texture": "#2"},
				"south": {"uv": [0, 0, 0.75, 0.3], "texture": "#2"},
				"west": {"uv": [0, 0, 0.75, 0.3], "texture": "#2"},
				"up": {"uv": [0, 0, 0.75, 0.75], "texture": "#2"},
				"down": {"uv": [0, 0, 0.75, 0.75], "texture": "#2"}
			}
		},
		{
			"from": [11.625, 0.001, 11.5],
			"to": [12.375, 0.301, 11.85],
			"rotation": {"angle": 0, "axis": "y", "origin": [12.625, 8, 19.1]},
			"faces": {
				"north": {"uv": [0, 0, 0.75, 0.3], "texture": "#2"},
				"east": {"uv": [0, 0, 0.35, 0.3], "texture": "#2"},
				"south": {"uv": [0, 0, 0.75, 0.3], "texture": "#2"},
				"west": {"uv": [0, 0, 0.35, 0.3], "texture": "#2"},
				"up": {"uv": [0, 0, 0.75, 0.35], "texture": "#2"},
				"down": {"uv": [0, 0, 0.75, 0.35], "texture": "#2"}
			}
		},
		{
			"from": [10.625, 0.001, 10.5],
			"to": [11.375, 0.301, 11.25],
			"rotation": {"angle": 0, "axis": "y", "origin": [11.625, 8, 18.5]},
			"faces": {
				"north": {"uv": [0, 0, 0.75, 0.3], "texture": "#2"},
				"east": {"uv": [0, 0, 0.75, 0.3], "texture": "#2"},
				"south": {"uv": [0, 0, 0.75, 0.3], "texture": "#2"},
				"west": {"uv": [0, 0, 0.75, 0.3], "texture": "#2"},
				"up": {"uv": [0, 0, 0.75, 0.75], "texture": "#2"},
				"down": {"uv": [0, 0, 0.75, 0.75], "texture": "#2"}
			}
		},
		{
			"from": [10.625, 0.001, 9.5],
			"to": [11.375, 0.301, 10.25],
			"rotation": {"angle": 0, "axis": "y", "origin": [11.625, 8, 17.5]},
			"faces": {
				"north": {"uv": [0, 0, 0.75, 0.3], "texture": "#2"},
				"east": {"uv": [0, 0, 0.75, 0.3], "texture": "#2"},
				"south": {"uv": [0, 0, 0.75, 0.3], "texture": "#2"},
				"west": {"uv": [0, 0, 0.75, 0.3], "texture": "#2"},
				"up": {"uv": [0, 0, 0.75, 0.75], "texture": "#2"},
				"down": {"uv": [0, 0, 0.75, 0.75], "texture": "#2"}
			}
		},
		{
			"from": [10.625, 0.001, 8.5],
			"to": [11.375, 0.301, 9.25],
			"rotation": {"angle": 0, "axis": "y", "origin": [11.625, 8, 16.5]},
			"faces": {
				"north": {"uv": [0, 0, 0.75, 0.3], "texture": "#2"},
				"east": {"uv": [0, 0, 0.75, 0.3], "texture": "#2"},
				"south": {"uv": [0, 0, 0.75, 0.3], "texture": "#2"},
				"west": {"uv": [0, 0, 0.75, 0.3], "texture": "#2"},
				"up": {"uv": [0, 0, 0.75, 0.75], "texture": "#2"},
				"down": {"uv": [0, 0, 0.75, 0.75], "texture": "#2"}
			}
		},
		{
			"from": [10.625, 0.001, 7.5],
			"to": [11.375, 0.301, 8.25],
			"rotation": {"angle": 0, "axis": "y", "origin": [11.625, 8, 15.5]},
			"faces": {
				"north": {"uv": [0, 0, 0.75, 0.3], "texture": "#2"},
				"east": {"uv": [0, 0, 0.75, 0.3], "texture": "#2"},
				"south": {"uv": [0, 0, 0.75, 0.3], "texture": "#2"},
				"west": {"uv": [0, 0, 0.75, 0.3], "texture": "#2"},
				"up": {"uv": [0, 0, 0.75, 0.75], "texture": "#2"},
				"down": {"uv": [0, 0, 0.75, 0.75], "texture": "#2"}
			}
		},
		{
			"from": [10.625, 0.001, 6.5],
			"to": [11.375, 0.301, 7.25],
			"rotation": {"angle": 0, "axis": "y", "origin": [11.625, 8, 14.5]},
			"faces": {
				"north": {"uv": [0, 0, 0.75, 0.3], "texture": "#2"},
				"east": {"uv": [0, 0, 0.75, 0.3], "texture": "#2"},
				"south": {"uv": [0, 0, 0.75, 0.3], "texture": "#2"},
				"west": {"uv": [0, 0, 0.75, 0.3], "texture": "#2"},
				"up": {"uv": [0, 0, 0.75, 0.75], "texture": "#2"},
				"down": {"uv": [0, 0, 0.75, 0.75], "texture": "#2"}
			}
		},
		{
			"from": [10.625, 0.001, 11.5],
			"to": [11.375, 0.301, 11.85],
			"rotation": {"angle": 0, "axis": "y", "origin": [11.625, 8, 19.1]},
			"faces": {
				"north": {"uv": [0, 0, 0.75, 0.3], "texture": "#2"},
				"east": {"uv": [0, 0, 0.35, 0.3], "texture": "#2"},
				"south": {"uv": [0, 0, 0.75, 0.3], "texture": "#2"},
				"west": {"uv": [0, 0, 0.35, 0.3], "texture": "#2"},
				"up": {"uv": [0, 0, 0.75, 0.35], "texture": "#2"},
				"down": {"uv": [0, 0, 0.75, 0.35], "texture": "#2"}
			}
		},
		{
			"from": [9.625, 0.001, 10.5],
			"to": [10.375, 0.301, 11.25],
			"rotation": {"angle": 0, "axis": "y", "origin": [10.625, 8, 18.5]},
			"faces": {
				"north": {"uv": [0, 0, 0.75, 0.3], "texture": "#2"},
				"east": {"uv": [0, 0, 0.75, 0.3], "texture": "#2"},
				"south": {"uv": [0, 0, 0.75, 0.3], "texture": "#2"},
				"west": {"uv": [0, 0, 0.75, 0.3], "texture": "#2"},
				"up": {"uv": [0, 0, 0.75, 0.75], "texture": "#2"},
				"down": {"uv": [0, 0, 0.75, 0.75], "texture": "#2"}
			}
		},
		{
			"from": [9.625, 0.001, 9.5],
			"to": [10.375, 0.301, 10.25],
			"rotation": {"angle": 0, "axis": "y", "origin": [10.625, 8, 17.5]},
			"faces": {
				"north": {"uv": [0, 0, 0.75, 0.3], "texture": "#2"},
				"east": {"uv": [0, 0, 0.75, 0.3], "texture": "#2"},
				"south": {"uv": [0, 0, 0.75, 0.3], "texture": "#2"},
				"west": {"uv": [0, 0, 0.75, 0.3], "texture": "#2"},
				"up": {"uv": [0, 0, 0.75, 0.75], "texture": "#2"},
				"down": {"uv": [0, 0, 0.75, 0.75], "texture": "#2"}
			}
		},
		{
			"from": [9.625, 0.001, 8.5],
			"to": [10.375, 0.301, 9.25],
			"rotation": {"angle": 0, "axis": "y", "origin": [10.625, 8, 16.5]},
			"faces": {
				"north": {"uv": [0, 0, 0.75, 0.3], "texture": "#2"},
				"east": {"uv": [0, 0, 0.75, 0.3], "texture": "#2"},
				"south": {"uv": [0, 0, 0.75, 0.3], "texture": "#2"},
				"west": {"uv": [0, 0, 0.75, 0.3], "texture": "#2"},
				"up": {"uv": [0, 0, 0.75, 0.75], "texture": "#2"},
				"down": {"uv": [0, 0, 0.75, 0.75], "texture": "#2"}
			}
		},
		{
			"from": [9.625, 0.001, 7.5],
			"to": [10.375, 0.301, 8.25],
			"rotation": {"angle": 0, "axis": "y", "origin": [10.625, 8, 15.5]},
			"faces": {
				"north": {"uv": [0, 0, 0.75, 0.3], "texture": "#2"},
				"east": {"uv": [0, 0, 0.75, 0.3], "texture": "#2"},
				"south": {"uv": [0, 0, 0.75, 0.3], "texture": "#2"},
				"west": {"uv": [0, 0, 0.75, 0.3], "texture": "#2"},
				"up": {"uv": [0, 0, 0.75, 0.75], "texture": "#2"},
				"down": {"uv": [0, 0, 0.75, 0.75], "texture": "#2"}
			}
		},
		{
			"from": [9.625, 0.001, 6.5],
			"to": [10.375, 0.301, 7.25],
			"rotation": {"angle": 0, "axis": "y", "origin": [10.625, 8, 14.5]},
			"faces": {
				"north": {"uv": [0, 0, 0.75, 0.3], "texture": "#2"},
				"east": {"uv": [0, 0, 0.75, 0.3], "texture": "#2"},
				"south": {"uv": [0, 0, 0.75, 0.3], "texture": "#2"},
				"west": {"uv": [0, 0, 0.75, 0.3], "texture": "#2"},
				"up": {"uv": [0, 0, 0.75, 0.75], "texture": "#2"},
				"down": {"uv": [0, 0, 0.75, 0.75], "texture": "#2"}
			}
		},
		{
			"from": [9.625, 0.001, 11.5],
			"to": [10.375, 0.301, 11.85],
			"rotation": {"angle": 0, "axis": "y", "origin": [10.625, 8, 19.1]},
			"faces": {
				"north": {"uv": [0, 0, 0.75, 0.3], "texture": "#2"},
				"east": {"uv": [0, 0, 0.35, 0.3], "texture": "#2"},
				"south": {"uv": [0, 0, 0.75, 0.3], "texture": "#2"},
				"west": {"uv": [0, 0, 0.35, 0.3], "texture": "#2"},
				"up": {"uv": [0, 0, 0.75, 0.35], "texture": "#2"},
				"down": {"uv": [0, 0, 0.75, 0.35], "texture": "#2"}
			}
		},
		{
			"from": [8.625, 0.001, 10.5],
			"to": [9.375, 0.301, 11.25],
			"rotation": {"angle": 0, "axis": "y", "origin": [9.625, 8, 18.5]},
			"faces": {
				"north": {"uv": [0, 0, 0.75, 0.3], "texture": "#2"},
				"east": {"uv": [0, 0, 0.75, 0.3], "texture": "#2"},
				"south": {"uv": [0, 0, 0.75, 0.3], "texture": "#2"},
				"west": {"uv": [0, 0, 0.75, 0.3], "texture": "#2"},
				"up": {"uv": [0, 0, 0.75, 0.75], "texture": "#2"},
				"down": {"uv": [0, 0, 0.75, 0.75], "texture": "#2"}
			}
		},
		{
			"from": [8.625, 0.001, 9.5],
			"to": [9.375, 0.301, 10.25],
			"rotation": {"angle": 0, "axis": "y", "origin": [9.625, 8, 17.5]},
			"faces": {
				"north": {"uv": [0, 0, 0.75, 0.3], "texture": "#2"},
				"east": {"uv": [0, 0, 0.75, 0.3], "texture": "#2"},
				"south": {"uv": [0, 0, 0.75, 0.3], "texture": "#2"},
				"west": {"uv": [0, 0, 0.75, 0.3], "texture": "#2"},
				"up": {"uv": [0, 0, 0.75, 0.75], "texture": "#2"},
				"down": {"uv": [0, 0, 0.75, 0.75], "texture": "#2"}
			}
		},
		{
			"from": [8.625, 0.001, 8.5],
			"to": [9.375, 0.301, 9.25],
			"rotation": {"angle": 0, "axis": "y", "origin": [9.625, 8, 16.5]},
			"faces": {
				"north": {"uv": [0, 0, 0.75, 0.3], "texture": "#2"},
				"east": {"uv": [0, 0, 0.75, 0.3], "texture": "#2"},
				"south": {"uv": [0, 0, 0.75, 0.3], "texture": "#2"},
				"west": {"uv": [0, 0, 0.75, 0.3], "texture": "#2"},
				"up": {"uv": [0, 0, 0.75, 0.75], "texture": "#2"},
				"down": {"uv": [0, 0, 0.75, 0.75], "texture": "#2"}
			}
		},
		{
			"from": [8.625, 0.001, 7.5],
			"to": [9.375, 0.301, 8.25],
			"rotation": {"angle": 0, "axis": "y", "origin": [9.625, 8, 15.5]},
			"faces": {
				"north": {"uv": [0, 0, 0.75, 0.3], "texture": "#2"},
				"east": {"uv": [0, 0, 0.75, 0.3], "texture": "#2"},
				"south": {"uv": [0, 0, 0.75, 0.3], "texture": "#2"},
				"west": {"uv": [0, 0, 0.75, 0.3], "texture": "#2"},
				"up": {"uv": [0, 0, 0.75, 0.75], "texture": "#2"},
				"down": {"uv": [0, 0, 0.75, 0.75], "texture": "#2"}
			}
		},
		{
			"from": [8.625, 0.001, 6.5],
			"to": [9.375, 0.301, 7.25],
			"rotation": {"angle": 0, "axis": "y", "origin": [9.625, 8, 14.5]},
			"faces": {
				"north": {"uv": [0, 0, 0.75, 0.3], "texture": "#2"},
				"east": {"uv": [0, 0, 0.75, 0.3], "texture": "#2"},
				"south": {"uv": [0, 0, 0.75, 0.3], "texture": "#2"},
				"west": {"uv": [0, 0, 0.75, 0.3], "texture": "#2"},
				"up": {"uv": [0, 0, 0.75, 0.75], "texture": "#2"},
				"down": {"uv": [0, 0, 0.75, 0.75], "texture": "#2"}
			}
		},
		{
			"from": [8.625, 0.001, 11.5],
			"to": [9.375, 0.301, 11.85],
			"rotation": {"angle": 0, "axis": "y", "origin": [9.625, 8, 19.1]},
			"faces": {
				"north": {"uv": [0, 0, 0.75, 0.3], "texture": "#2"},
				"east": {"uv": [0, 0, 0.35, 0.3], "texture": "#2"},
				"south": {"uv": [0, 0, 0.75, 0.3], "texture": "#2"},
				"west": {"uv": [0, 0, 0.35, 0.3], "texture": "#2"},
				"up": {"uv": [0, 0, 0.75, 0.35], "texture": "#2"},
				"down": {"uv": [0, 0, 0.75, 0.35], "texture": "#2"}
			}
		},
		{
			"from": [7.625, 0.001, 10.5],
			"to": [8.375, 0.301, 11.25],
			"rotation": {"angle": 0, "axis": "y", "origin": [8.625, 8, 18.5]},
			"faces": {
				"north": {"uv": [0, 0, 0.75, 0.3], "texture": "#2"},
				"east": {"uv": [0, 0, 0.75, 0.3], "texture": "#2"},
				"south": {"uv": [0, 0, 0.75, 0.3], "texture": "#2"},
				"west": {"uv": [0, 0, 0.75, 0.3], "texture": "#2"},
				"up": {"uv": [0, 0, 0.75, 0.75], "texture": "#2"},
				"down": {"uv": [0, 0, 0.75, 0.75], "texture": "#2"}
			}
		},
		{
			"from": [7.625, 0.001, 9.5],
			"to": [8.375, 0.301, 10.25],
			"rotation": {"angle": 0, "axis": "y", "origin": [8.625, 8, 17.5]},
			"faces": {
				"north": {"uv": [0, 0, 0.75, 0.3], "texture": "#2"},
				"east": {"uv": [0, 0, 0.75, 0.3], "texture": "#2"},
				"south": {"uv": [0, 0, 0.75, 0.3], "texture": "#2"},
				"west": {"uv": [0, 0, 0.75, 0.3], "texture": "#2"},
				"up": {"uv": [0, 0, 0.75, 0.75], "texture": "#2"},
				"down": {"uv": [0, 0, 0.75, 0.75], "texture": "#2"}
			}
		},
		{
			"from": [7.625, 0.001, 8.5],
			"to": [8.375, 0.301, 9.25],
			"rotation": {"angle": 0, "axis": "y", "origin": [8.625, 8, 16.5]},
			"faces": {
				"north": {"uv": [0, 0, 0.75, 0.3], "texture": "#2"},
				"east": {"uv": [0, 0, 0.75, 0.3], "texture": "#2"},
				"south": {"uv": [0, 0, 0.75, 0.3], "texture": "#2"},
				"west": {"uv": [0, 0, 0.75, 0.3], "texture": "#2"},
				"up": {"uv": [0, 0, 0.75, 0.75], "texture": "#2"},
				"down": {"uv": [0, 0, 0.75, 0.75], "texture": "#2"}
			}
		},
		{
			"from": [7.625, 0.001, 7.5],
			"to": [8.375, 0.301, 8.25],
			"rotation": {"angle": 0, "axis": "y", "origin": [8.625, 8, 15.5]},
			"faces": {
				"north": {"uv": [0, 0, 0.75, 0.3], "texture": "#2"},
				"east": {"uv": [0, 0, 0.75, 0.3], "texture": "#2"},
				"south": {"uv": [0, 0, 0.75, 0.3], "texture": "#2"},
				"west": {"uv": [0, 0, 0.75, 0.3], "texture": "#2"},
				"up": {"uv": [0, 0, 0.75, 0.75], "texture": "#2"},
				"down": {"uv": [0, 0, 0.75, 0.75], "texture": "#2"}
			}
		},
		{
			"from": [7.625, 0.001, 6.5],
			"to": [8.375, 0.301, 7.25],
			"rotation": {"angle": 0, "axis": "y", "origin": [8.625, 8, 14.5]},
			"faces": {
				"north": {"uv": [0, 0, 0.75, 0.3], "texture": "#2"},
				"east": {"uv": [0, 0, 0.75, 0.3], "texture": "#2"},
				"south": {"uv": [0, 0, 0.75, 0.3], "texture": "#2"},
				"west": {"uv": [0, 0, 0.75, 0.3], "texture": "#2"},
				"up": {"uv": [0, 0, 0.75, 0.75], "texture": "#2"},
				"down": {"uv": [0, 0, 0.75, 0.75], "texture": "#2"}
			}
		},
		{
			"from": [7.625, 0.001, 11.5],
			"to": [8.375, 0.301, 11.85],
			"rotation": {"angle": 0, "axis": "y", "origin": [8.625, 8, 19.1]},
			"faces": {
				"north": {"uv": [0, 0, 0.75, 0.3], "texture": "#2"},
				"east": {"uv": [0, 0, 0.35, 0.3], "texture": "#2"},
				"south": {"uv": [0, 0, 0.75, 0.3], "texture": "#2"},
				"west": {"uv": [0, 0, 0.35, 0.3], "texture": "#2"},
				"up": {"uv": [0, 0, 0.75, 0.35], "texture": "#2"},
				"down": {"uv": [0, 0, 0.75, 0.35], "texture": "#2"}
			}
		},
		{
			"from": [6.625, 0.001, 10.5],
			"to": [7.375, 0.301, 11.25],
			"rotation": {"angle": 0, "axis": "y", "origin": [7.625, 8, 18.5]},
			"faces": {
				"north": {"uv": [0, 0, 0.75, 0.3], "texture": "#2"},
				"east": {"uv": [0, 0, 0.75, 0.3], "texture": "#2"},
				"south": {"uv": [0, 0, 0.75, 0.3], "texture": "#2"},
				"west": {"uv": [0, 0, 0.75, 0.3], "texture": "#2"},
				"up": {"uv": [0, 0, 0.75, 0.75], "texture": "#2"},
				"down": {"uv": [0, 0, 0.75, 0.75], "texture": "#2"}
			}
		},
		{
			"from": [6.625, 0.001, 9.5],
			"to": [7.375, 0.301, 10.25],
			"rotation": {"angle": 0, "axis": "y", "origin": [7.625, 8, 17.5]},
			"faces": {
				"north": {"uv": [0, 0, 0.75, 0.3], "texture": "#2"},
				"east": {"uv": [0, 0, 0.75, 0.3], "texture": "#2"},
				"south": {"uv": [0, 0, 0.75, 0.3], "texture": "#2"},
				"west": {"uv": [0, 0, 0.75, 0.3], "texture": "#2"},
				"up": {"uv": [0, 0, 0.75, 0.75], "texture": "#2"},
				"down": {"uv": [0, 0, 0.75, 0.75], "texture": "#2"}
			}
		},
		{
			"from": [6.625, 0.001, 8.5],
			"to": [7.375, 0.301, 9.25],
			"rotation": {"angle": 0, "axis": "y", "origin": [7.625, 8, 16.5]},
			"faces": {
				"north": {"uv": [0, 0, 0.75, 0.3], "texture": "#2"},
				"east": {"uv": [0, 0, 0.75, 0.3], "texture": "#2"},
				"south": {"uv": [0, 0, 0.75, 0.3], "texture": "#2"},
				"west": {"uv": [0, 0, 0.75, 0.3], "texture": "#2"},
				"up": {"uv": [0, 0, 0.75, 0.75], "texture": "#2"},
				"down": {"uv": [0, 0, 0.75, 0.75], "texture": "#2"}
			}
		},
		{
			"from": [6.625, 0.001, 7.5],
			"to": [7.375, 0.301, 8.25],
			"rotation": {"angle": 0, "axis": "y", "origin": [7.625, 8, 15.5]},
			"faces": {
				"north": {"uv": [0, 0, 0.75, 0.3], "texture": "#2"},
				"east": {"uv": [0, 0, 0.75, 0.3], "texture": "#2"},
				"south": {"uv": [0, 0, 0.75, 0.3], "texture": "#2"},
				"west": {"uv": [0, 0, 0.75, 0.3], "texture": "#2"},
				"up": {"uv": [0, 0, 0.75, 0.75], "texture": "#2"},
				"down": {"uv": [0, 0, 0.75, 0.75], "texture": "#2"}
			}
		},
		{
			"from": [6.625, 0.001, 6.5],
			"to": [7.375, 0.301, 7.25],
			"rotation": {"angle": 0, "axis": "y", "origin": [7.625, 8, 14.5]},
			"faces": {
				"north": {"uv": [0, 0, 0.75, 0.3], "texture": "#2"},
				"east": {"uv": [0, 0, 0.75, 0.3], "texture": "#2"},
				"south": {"uv": [0, 0, 0.75, 0.3], "texture": "#2"},
				"west": {"uv": [0, 0, 0.75, 0.3], "texture": "#2"},
				"up": {"uv": [0, 0, 0.75, 0.75], "texture": "#2"},
				"down": {"uv": [0, 0, 0.75, 0.75], "texture": "#2"}
			}
		},
		{
			"from": [6.625, 0.001, 11.5],
			"to": [7.375, 0.301, 11.85],
			"rotation": {"angle": 0, "axis": "y", "origin": [7.625, 8, 19.1]},
			"faces": {
				"north": {"uv": [0, 0, 0.75, 0.3], "texture": "#2"},
				"east": {"uv": [0, 0, 0.35, 0.3], "texture": "#2"},
				"south": {"uv": [0, 0, 0.75, 0.3], "texture": "#2"},
				"west": {"uv": [0, 0, 0.35, 0.3], "texture": "#2"},
				"up": {"uv": [0, 0, 0.75, 0.35], "texture": "#2"},
				"down": {"uv": [0, 0, 0.75, 0.35], "texture": "#2"}
			}
		},
		{
			"from": [5.625, 0.001, 10.5],
			"to": [6.375, 0.301, 11.25],
			"rotation": {"angle": 0, "axis": "y", "origin": [6.625, 8, 18.5]},
			"faces": {
				"north": {"uv": [0, 0, 0.75, 0.3], "texture": "#2"},
				"east": {"uv": [0, 0, 0.75, 0.3], "texture": "#2"},
				"south": {"uv": [0, 0, 0.75, 0.3], "texture": "#2"},
				"west": {"uv": [0, 0, 0.75, 0.3], "texture": "#2"},
				"up": {"uv": [0, 0, 0.75, 0.75], "texture": "#2"},
				"down": {"uv": [0, 0, 0.75, 0.75], "texture": "#2"}
			}
		},
		{
			"from": [5.625, 0.001, 9.5],
			"to": [6.375, 0.301, 10.25],
			"rotation": {"angle": 0, "axis": "y", "origin": [6.625, 8, 17.5]},
			"faces": {
				"north": {"uv": [0, 0, 0.75, 0.3], "texture": "#2"},
				"east": {"uv": [0, 0, 0.75, 0.3], "texture": "#2"},
				"south": {"uv": [0, 0, 0.75, 0.3], "texture": "#2"},
				"west": {"uv": [0, 0, 0.75, 0.3], "texture": "#2"},
				"up": {"uv": [0, 0, 0.75, 0.75], "texture": "#2"},
				"down": {"uv": [0, 0, 0.75, 0.75], "texture": "#2"}
			}
		},
		{
			"from": [5.625, 0.001, 8.5],
			"to": [6.375, 0.301, 9.25],
			"rotation": {"angle": 0, "axis": "y", "origin": [6.625, 8, 16.5]},
			"faces": {
				"north": {"uv": [0, 0, 0.75, 0.3], "texture": "#2"},
				"east": {"uv": [0, 0, 0.75, 0.3], "texture": "#2"},
				"south": {"uv": [0, 0, 0.75, 0.3], "texture": "#2"},
				"west": {"uv": [0, 0, 0.75, 0.3], "texture": "#2"},
				"up": {"uv": [0, 0, 0.75, 0.75], "texture": "#2"},
				"down": {"uv": [0, 0, 0.75, 0.75], "texture": "#2"}
			}
		},
		{
			"from": [5.625, 0.001, 7.5],
			"to": [6.375, 0.301, 8.25],
			"rotation": {"angle": 0, "axis": "y", "origin": [6.625, 8, 15.5]},
			"faces": {
				"north": {"uv": [0, 0, 0.75, 0.3], "texture": "#2"},
				"east": {"uv": [0, 0, 0.75, 0.3], "texture": "#2"},
				"south": {"uv": [0, 0, 0.75, 0.3], "texture": "#2"},
				"west": {"uv": [0, 0, 0.75, 0.3], "texture": "#2"},
				"up": {"uv": [0, 0, 0.75, 0.75], "texture": "#2"},
				"down": {"uv": [0, 0, 0.75, 0.75], "texture": "#2"}
			}
		},
		{
			"from": [5.625, 0.001, 6.5],
			"to": [6.375, 0.301, 7.25],
			"rotation": {"angle": 0, "axis": "y", "origin": [6.625, 8, 14.5]},
			"faces": {
				"north": {"uv": [0, 0, 0.75, 0.3], "texture": "#2"},
				"east": {"uv": [0, 0, 0.75, 0.3], "texture": "#2"},
				"south": {"uv": [0, 0, 0.75, 0.3], "texture": "#2"},
				"west": {"uv": [0, 0, 0.75, 0.3], "texture": "#2"},
				"up": {"uv": [0, 0, 0.75, 0.75], "texture": "#2"},
				"down": {"uv": [0, 0, 0.75, 0.75], "texture": "#2"}
			}
		},
		{
			"from": [5.625, 0.001, 11.5],
			"to": [6.375, 0.301, 11.85],
			"rotation": {"angle": 0, "axis": "y", "origin": [6.625, 8, 19.1]},
			"faces": {
				"north": {"uv": [0, 0, 0.75, 0.3], "texture": "#2"},
				"east": {"uv": [0, 0, 0.35, 0.3], "texture": "#2"},
				"south": {"uv": [0, 0, 0.75, 0.3], "texture": "#2"},
				"west": {"uv": [0, 0, 0.35, 0.3], "texture": "#2"},
				"up": {"uv": [0, 0, 0.75, 0.35], "texture": "#2"},
				"down": {"uv": [0, 0, 0.75, 0.35], "texture": "#2"}
			}
		},
		{
			"from": [4.625, 0.001, 10.5],
			"to": [5.375, 0.301, 11.25],
			"rotation": {"angle": 0, "axis": "y", "origin": [5.625, 8, 18.5]},
			"faces": {
				"north": {"uv": [0, 0, 0.75, 0.3], "texture": "#2"},
				"east": {"uv": [0, 0, 0.75, 0.3], "texture": "#2"},
				"south": {"uv": [0, 0, 0.75, 0.3], "texture": "#2"},
				"west": {"uv": [0, 0, 0.75, 0.3], "texture": "#2"},
				"up": {"uv": [0, 0, 0.75, 0.75], "texture": "#2"},
				"down": {"uv": [0, 0, 0.75, 0.75], "texture": "#2"}
			}
		},
		{
			"from": [4.625, 0.001, 9.5],
			"to": [5.375, 0.301, 10.25],
			"rotation": {"angle": 0, "axis": "y", "origin": [5.625, 8, 17.5]},
			"faces": {
				"north": {"uv": [0, 0, 0.75, 0.3], "texture": "#2"},
				"east": {"uv": [0, 0, 0.75, 0.3], "texture": "#2"},
				"south": {"uv": [0, 0, 0.75, 0.3], "texture": "#2"},
				"west": {"uv": [0, 0, 0.75, 0.3], "texture": "#2"},
				"up": {"uv": [0, 0, 0.75, 0.75], "texture": "#2"},
				"down": {"uv": [0, 0, 0.75, 0.75], "texture": "#2"}
			}
		},
		{
			"from": [4.625, 0.001, 8.5],
			"to": [5.375, 0.301, 9.25],
			"rotation": {"angle": 0, "axis": "y", "origin": [5.625, 8, 16.5]},
			"faces": {
				"north": {"uv": [0, 0, 0.75, 0.3], "texture": "#2"},
				"east": {"uv": [0, 0, 0.75, 0.3], "texture": "#2"},
				"south": {"uv": [0, 0, 0.75, 0.3], "texture": "#2"},
				"west": {"uv": [0, 0, 0.75, 0.3], "texture": "#2"},
				"up": {"uv": [0, 0, 0.75, 0.75], "texture": "#2"},
				"down": {"uv": [0, 0, 0.75, 0.75], "texture": "#2"}
			}
		},
		{
			"from": [4.625, 0.001, 7.5],
			"to": [5.375, 0.301, 8.25],
			"rotation": {"angle": 0, "axis": "y", "origin": [5.625, 8, 15.5]},
			"faces": {
				"north": {"uv": [0, 0, 0.75, 0.3], "texture": "#2"},
				"east": {"uv": [0, 0, 0.75, 0.3], "texture": "#2"},
				"south": {"uv": [0, 0, 0.75, 0.3], "texture": "#2"},
				"west": {"uv": [0, 0, 0.75, 0.3], "texture": "#2"},
				"up": {"uv": [0, 0, 0.75, 0.75], "texture": "#2"},
				"down": {"uv": [0, 0, 0.75, 0.75], "texture": "#2"}
			}
		},
		{
			"from": [4.625, 0.001, 6.5],
			"to": [5.375, 0.301, 7.25],
			"rotation": {"angle": 0, "axis": "y", "origin": [5.625, 8, 14.5]},
			"faces": {
				"north": {"uv": [0, 0, 0.75, 0.3], "texture": "#2"},
				"east": {"uv": [0, 0, 0.75, 0.3], "texture": "#2"},
				"south": {"uv": [0, 0, 0.75, 0.3], "texture": "#2"},
				"west": {"uv": [0, 0, 0.75, 0.3], "texture": "#2"},
				"up": {"uv": [0, 0, 0.75, 0.75], "texture": "#2"},
				"down": {"uv": [0, 0, 0.75, 0.75], "texture": "#2"}
			}
		},
		{
			"from": [4.625, 0.001, 11.5],
			"to": [5.375, 0.301, 11.85],
			"rotation": {"angle": 0, "axis": "y", "origin": [5.625, 8, 19.1]},
			"faces": {
				"north": {"uv": [0, 0, 0.75, 0.3], "texture": "#2"},
				"east": {"uv": [0, 0, 0.35, 0.3], "texture": "#2"},
				"south": {"uv": [0, 0, 0.75, 0.3], "texture": "#2"},
				"west": {"uv": [0, 0, 0.35, 0.3], "texture": "#2"},
				"up": {"uv": [0, 0, 0.75, 0.35], "texture": "#2"},
				"down": {"uv": [0, 0, 0.75, 0.35], "texture": "#2"}
			}
		},
		{
			"from": [3.625, 0.001, 10.5],
			"to": [4.375, 0.301, 11.25],
			"rotation": {"angle": 0, "axis": "y", "origin": [4.625, 8, 18.5]},
			"faces": {
				"north": {"uv": [0, 0, 0.75, 0.3], "texture": "#2"},
				"east": {"uv": [0, 0, 0.75, 0.3], "texture": "#2"},
				"south": {"uv": [0, 0, 0.75, 0.3], "texture": "#2"},
				"west": {"uv": [0, 0, 0.75, 0.3], "texture": "#2"},
				"up": {"uv": [0, 0, 0.75, 0.75], "texture": "#2"},
				"down": {"uv": [0, 0, 0.75, 0.75], "texture": "#2"}
			}
		},
		{
			"from": [3.625, 0.001, 9.5],
			"to": [4.375, 0.301, 10.25],
			"rotation": {"angle": 0, "axis": "y", "origin": [4.625, 8, 17.5]},
			"faces": {
				"north": {"uv": [0, 0, 0.75, 0.3], "texture": "#2"},
				"east": {"uv": [0, 0, 0.75, 0.3], "texture": "#2"},
				"south": {"uv": [0, 0, 0.75, 0.3], "texture": "#2"},
				"west": {"uv": [0, 0, 0.75, 0.3], "texture": "#2"},
				"up": {"uv": [0, 0, 0.75, 0.75], "texture": "#2"},
				"down": {"uv": [0, 0, 0.75, 0.75], "texture": "#2"}
			}
		},
		{
			"from": [3.625, 0.001, 8.5],
			"to": [4.375, 0.301, 9.25],
			"rotation": {"angle": 0, "axis": "y", "origin": [4.625, 8, 16.5]},
			"faces": {
				"north": {"uv": [0, 0, 0.75, 0.3], "texture": "#2"},
				"east": {"uv": [0, 0, 0.75, 0.3], "texture": "#2"},
				"south": {"uv": [0, 0, 0.75, 0.3], "texture": "#2"},
				"west": {"uv": [0, 0, 0.75, 0.3], "texture": "#2"},
				"up": {"uv": [0, 0, 0.75, 0.75], "texture": "#2"},
				"down": {"uv": [0, 0, 0.75, 0.75], "texture": "#2"}
			}
		},
		{
			"from": [3.625, 0.001, 7.5],
			"to": [4.375, 0.301, 8.25],
			"rotation": {"angle": 0, "axis": "y", "origin": [4.625, 8, 15.5]},
			"faces": {
				"north": {"uv": [0, 0, 0.75, 0.3], "texture": "#2"},
				"east": {"uv": [0, 0, 0.75, 0.3], "texture": "#2"},
				"south": {"uv": [0, 0, 0.75, 0.3], "texture": "#2"},
				"west": {"uv": [0, 0, 0.75, 0.3], "texture": "#2"},
				"up": {"uv": [0, 0, 0.75, 0.75], "texture": "#2"},
				"down": {"uv": [0, 0, 0.75, 0.75], "texture": "#2"}
			}
		},
		{
			"from": [3.625, 0.001, 6.5],
			"to": [4.375, 0.301, 7.25],
			"rotation": {"angle": 0, "axis": "y", "origin": [4.625, 8, 14.5]},
			"faces": {
				"north": {"uv": [0, 0, 0.75, 0.3], "texture": "#2"},
				"east": {"uv": [0, 0, 0.75, 0.3], "texture": "#2"},
				"south": {"uv": [0, 0, 0.75, 0.3], "texture": "#2"},
				"west": {"uv": [0, 0, 0.75, 0.3], "texture": "#2"},
				"up": {"uv": [0, 0, 0.75, 0.75], "texture": "#2"},
				"down": {"uv": [0, 0, 0.75, 0.75], "texture": "#2"}
			}
		},
		{
			"from": [3.625, 0.001, 11.5],
			"to": [4.375, 0.301, 11.85],
			"rotation": {"angle": 0, "axis": "y", "origin": [4.625, 8, 19.1]},
			"faces": {
				"north": {"uv": [0, 0, 0.75, 0.3], "texture": "#2"},
				"east": {"uv": [0, 0, 0.35, 0.3], "texture": "#2"},
				"south": {"uv": [0, 0, 0.75, 0.3], "texture": "#2"},
				"west": {"uv": [0, 0, 0.35, 0.3], "texture": "#2"},
				"up": {"uv": [0, 0, 0.75, 0.35], "texture": "#2"},
				"down": {"uv": [0, 0, 0.75, 0.35], "texture": "#2"}
			}
		},
		{
			"from": [2.625, 0.001, 10.5],
			"to": [3.375, 0.301, 11.25],
			"rotation": {"angle": 0, "axis": "y", "origin": [3.625, 8, 18.5]},
			"faces": {
				"north": {"uv": [0, 0, 0.75, 0.3], "texture": "#2"},
				"east": {"uv": [0, 0, 0.75, 0.3], "texture": "#2"},
				"south": {"uv": [0, 0, 0.75, 0.3], "texture": "#2"},
				"west": {"uv": [0, 0, 0.75, 0.3], "texture": "#2"},
				"up": {"uv": [0, 0, 0.75, 0.75], "texture": "#2"},
				"down": {"uv": [0, 0, 0.75, 0.75], "texture": "#2"}
			}
		},
		{
			"from": [2.625, 0.001, 9.5],
			"to": [3.375, 0.301, 10.25],
			"rotation": {"angle": 0, "axis": "y", "origin": [3.625, 8, 17.5]},
			"faces": {
				"north": {"uv": [0, 0, 0.75, 0.3], "texture": "#2"},
				"east": {"uv": [0, 0, 0.75, 0.3], "texture": "#2"},
				"south": {"uv": [0, 0, 0.75, 0.3], "texture": "#2"},
				"west": {"uv": [0, 0, 0.75, 0.3], "texture": "#2"},
				"up": {"uv": [0, 0, 0.75, 0.75], "texture": "#2"},
				"down": {"uv": [0, 0, 0.75, 0.75], "texture": "#2"}
			}
		},
		{
			"from": [2.625, 0.001, 8.5],
			"to": [3.375, 0.301, 9.25],
			"rotation": {"angle": 0, "axis": "y", "origin": [3.625, 8, 16.5]},
			"faces": {
				"north": {"uv": [0, 0, 0.75, 0.3], "texture": "#2"},
				"east": {"uv": [0, 0, 0.75, 0.3], "texture": "#2"},
				"south": {"uv": [0, 0, 0.75, 0.3], "texture": "#2"},
				"west": {"uv": [0, 0, 0.75, 0.3], "texture": "#2"},
				"up": {"uv": [0, 0, 0.75, 0.75], "texture": "#2"},
				"down": {"uv": [0, 0, 0.75, 0.75], "texture": "#2"}
			}
		},
		{
			"from": [2.625, 0.001, 7.5],
			"to": [3.375, 0.301, 8.25],
			"rotation": {"angle": 0, "axis": "y", "origin": [3.625, 8, 15.5]},
			"faces": {
				"north": {"uv": [0, 0, 0.75, 0.3], "texture": "#2"},
				"east": {"uv": [0, 0, 0.75, 0.3], "texture": "#2"},
				"south": {"uv": [0, 0, 0.75, 0.3], "texture": "#2"},
				"west": {"uv": [0, 0, 0.75, 0.3], "texture": "#2"},
				"up": {"uv": [0, 0, 0.75, 0.75], "texture": "#2"},
				"down": {"uv": [0, 0, 0.75, 0.75], "texture": "#2"}
			}
		},
		{
			"from": [2.625, 0.001, 6.5],
			"to": [3.375, 0.301, 7.25],
			"rotation": {"angle": 0, "axis": "y", "origin": [3.625, 8, 14.5]},
			"faces": {
				"north": {"uv": [0, 0, 0.75, 0.3], "texture": "#2"},
				"east": {"uv": [0, 0, 0.75, 0.3], "texture": "#2"},
				"south": {"uv": [0, 0, 0.75, 0.3], "texture": "#2"},
				"west": {"uv": [0, 0, 0.75, 0.3], "texture": "#2"},
				"up": {"uv": [0, 0, 0.75, 0.75], "texture": "#2"},
				"down": {"uv": [0, 0, 0.75, 0.75], "texture": "#2"}
			}
		},
		{
			"from": [2.625, 0.001, 11.5],
			"to": [3.375, 0.301, 11.85],
			"rotation": {"angle": 0, "axis": "y", "origin": [3.625, 8, 19.1]},
			"faces": {
				"north": {"uv": [0, 0, 0.75, 0.3], "texture": "#2"},
				"east": {"uv": [0, 0, 0.35, 0.3], "texture": "#2"},
				"south": {"uv": [0, 0, 0.75, 0.3], "texture": "#2"},
				"west": {"uv": [0, 0, 0.35, 0.3], "texture": "#2"},
				"up": {"uv": [0, 0, 0.75, 0.35], "texture": "#2"},
				"down": {"uv": [0, 0, 0.75, 0.35], "texture": "#2"}
			}
		},
		{
			"from": [2, -2.7, 11.5],
			"to": [14, 6.3, 11.8],
			"rotation": {"angle": 22.5, "axis": "x", "origin": [10, -3.7, 19.5]},
			"faces": {
				"north": {"uv": [0, 0.0625, 16, 16], "texture": "#1"},
				"east": {"uv": [0, 0, 9, 0.3], "rotation": 270, "texture": "#1"},
				"south": {"uv": [0, 0, 12, 9], "texture": "#1"},
				"west": {"uv": [0, 0, 9, 0.3], "rotation": 90, "texture": "#1"},
				"up": {"uv": [0, 0, 12, 0.3], "rotation": 180, "texture": "#1"},
				"down": {"uv": [0, 0, 12, 0.3], "texture": "#1"}
			}
		},
		{
			"from": [2.1, -2.5, 11.49],
			"to": [13.9, 6.1, 11.79],
			"rotation": {"angle": 22.5, "axis": "x", "origin": [9.9, -3.7, 19.5]},
			"faces": {
				"north": {"uv": [0, 0.0625, 16, 16], "texture": "#0"},
				"east": {"uv": [0, 0, 16, 1], "texture": "#1"},
				"south": {"uv": [0, 0, 16, 1], "texture": "#1"},
				"west": {"uv": [0, 0, 16, 1], "texture": "#1"},
				"up": {"uv": [0, 0, 16, 1], "texture": "#1"},
				"down": {"uv": [0, 0, 16, 1], "texture": "#1"}
			}
		},
		{
			"name": "grass_block_side_0",
			"from": [7.04, 3, 14.38],
			"to": [8.96, 4.92, 14.5],
			"rotation": {"angle": 22.5, "axis": "x", "origin": [8, 3.96, 15.34]},
			"faces": {
				"north": {"uv": [0, 16, 16, 0], "rotation": 180, "texture": "#3"},
				"east": {"uv": [15, 0, 16, 16], "texture": "#3"},
				"south": {"uv": [0, 0, 16, 16], "texture": "#3"},
				"west": {"uv": [0, 0, 1, 16], "texture": "#3"},
				"up": {"uv": [16, 0, 0, 1], "rotation": 180, "texture": "#3"},
				"down": {"uv": [0, 15, 16, 16], "texture": "#3"}
			}
		}
	],
	"display": {
		"thirdperson_righthand": {
			"rotation": [69, -180, 0],
			"translation": [-6, 6.5, 7]
		},
		"thirdperson_lefthand": {
			"rotation": [69, -180, 0],
			"translation": [-6, 6.5, 7]
		},
		"firstperson_righthand": {
			"rotation": [25, -180, 0],
			"translation": [-9, 9, 7]
		},
		"firstperson_lefthand": {
			"rotation": [25, -180, 0],
			"translation": [-9, 9, 7]
		},
		"ground": {
			"translation": [0, 4.75, 0]
		},
		"gui": {
			"rotation": [30, 225, 0],
			"translation": [1, 1.75, 0],
			"scale": [0.725, 0.725, 0.725]
		},
		"head": {
			"translation": [0, -28.81, -3.5],
			"scale": [1.8, 1.8, 1.8]
		},
		"fixed": {
			"rotation": [-90, 0, 0],
			"translation": [0, -5, -16.75],
			"scale": [2.3, 2.3, 2.3]
		}
	},
	"groups": [0, 1, 2, 3, 4, 5, 6, 7, 8, 9, 10, 11, 12, 13, 14, 15, 16, 17, 18, 19, 20, 21, 22, 23, 24, 25, 26, 27, 28, 29, 30, 31, 32, 33, 34, 35, 36, 37, 38, 39, 40, 41, 42, 43, 44, 45, 46, 47, 48, 49, 50, 51, 52, 53, 54, 55, 56, 57, 58, 59, 60, 61, 62, 63, 64, 65, 66, 67, 68, 69,
		{
			"name": "grass_block_side",
			"origin": [8, 8, 8],
			"children": [70]
		}
	]
}