{
	"credit": "Made with Blockbench",
	"textures": {
		"1": "block/anvil",
		"2": "block/black_concrete",
		"particle": "block/anvil"
	},
	"elements": [
		{
			"from": [7.7, 3, 7.2],
			"to": [9, 5.7, 8],
			"rotation": {"angle": 0, "axis": "y", "origin": [16, 11, 15]},
			"faces": {
				"north": {"uv": [0, 0, 4, 7], "texture": "#1"},
				"east": {"uv": [6, 5, 12, 12], "texture": "#1"},
				"south": {"uv": [0, 0, 4, 7], "texture": "#1"},
				"west": {"uv": [6, 1, 12, 8], "texture": "#1"},
				"up": {"uv": [11, 5, 16, 8], "texture": "#1"},
				"down": {"uv": [11, 5, 16, 8], "texture": "#1"}
			}
		},
		{
			"from": [7.3, 5.7, 7],
			"to": [9.4, 7.7, 8],
			"rotation": {"angle": 0, "axis": "y", "origin": [16, 13.7, 15]},
			"faces": {
				"north": {"uv": [9, 6, 15, 12], "texture": "#1"},
				"east": {"uv": [8, 7, 12, 12], "texture": "#1"},
				"south": {"uv": [4, 4, 10, 10], "texture": "#1"},
				"west": {"uv": [5, 7, 9, 12], "texture": "#1"},
				"up": {"uv": [5, 4, 11, 7], "texture": "#1"},
				"down": {"uv": [3, 7, 9, 10], "texture": "#1"}
			}
		},
		{
			"from": [7.9, 6.3, 6.9],
			"to": [8.8, 7.1, 7.9],
			"rotation": {"angle": 0, "axis": "y", "origin": [16, 13.7, 14.9]},
			"faces": {
				"north": {"uv": [5, 4, 9, 8], "texture": "#2"},
				"east": {"uv": [5, 4, 9, 8], "texture": "#2"},
				"south": {"uv": [5, 4, 9, 8], "texture": "#2"},
				"west": {"uv": [5, 4, 9, 8], "texture": "#2"},
				"up": {"uv": [5, 4, 9, 8], "texture": "#2"},
				"down": {"uv": [5, 4, 9, 8], "texture": "#2"}
			}
		}
	],
	"display": {
		"thirdperson_righthand": {
			"rotation": [2, -180, 0],
			"translation": [0.4, 4.25, 0.75]
		},
		"thirdperson_lefthand": {
			"rotation": [2, -180, 0],
			"translation": [-0.35, 4.25, 0.75]
		},
		"firstperson_righthand": {
			"rotation": [-15, -180, 0],
			"translation": [0.5, 7.5, -3.25],
			"scale": [2, 2, 2]
		},
		"firstperson_lefthand": {
			"rotation": [-15, -180, 0],
			"translation": [0.5, 7.5, -3.25],
			"scale": [2, 2, 2]
		},
		"ground": {
			"translation": [0, 7, 0],
			"scale": [2, 2, 2]
		},
		"gui": {
			"rotation": [30, 225, 0],
			"translation": [0, 4.5, 0],
			"scale": [2, 2, 2]
		},
		"head": {
			"translation": [-1, -39, 0.25],
			"scale": [3, 3, 3]
		},
		"fixed": {
			"translation": [-1.25, 10.5, 0],
			"scale": [4, 4, 4]
		}
	}
}