{
	"credit": "Made with Blockbench",
	"textures": {
		"0": "block/stone",
		"particle": "block/stone"
	},
	"elements": [
		{
			"from": [12.5714, -0.02184, 2.0054],
			"to": [14.3526, 0.3344, 3.7866],
			"rotation": {"angle": 0, "axis": "y", "origin": [13.462, 0.86876, 2.896]},
			"faces": {
				"north": {"uv": [0, 0, 1, 0.2], "texture": "#0"},
				"east": {"uv": [0, 0, 1, 0.2], "texture": "#0"},
				"south": {"uv": [0, 0, 1, 0.2], "texture": "#0"},
				"west": {"uv": [0, 0, 1, 0.2], "texture": "#0"},
				"up": {"uv": [0, 0, 1, 1], "texture": "#0"},
				"down": {"uv": [0, 0, 1, 1], "texture": "#0"}
			}
		},
		{
			"from": [13.10576, 0.3344, 2.53976],
			"to": [13.81824, 3.80774, 3.25224],
			"rotation": {"angle": 0, "axis": "y", "origin": [13.462, 1.225, 2.896]},
			"faces": {
				"north": {"uv": [0, 0, 0.6, 0.2], "texture": "#0"},
				"east": {"uv": [0, 0, 0.6, 0.2], "texture": "#0"},
				"south": {"uv": [0, 0, 0.6, 0.2], "texture": "#0"},
				"west": {"uv": [0, 0, 0.6, 0.2], "texture": "#0"},
				"up": {"uv": [0, 0, 0.6, 0.6], "texture": "#0"},
				"down": {"uv": [0, 0, 0.6, 0.6], "texture": "#0"}
			}
		},
		{
			"from": [1.4282, -0.02184, 2.5554],
			"to": [3.2094, 0.3344, 4.3366],
			"rotation": {"angle": 0, "axis": "y", "origin": [2.3188, 0.86876, 3.446]},
			"faces": {
				"north": {"uv": [0, 0, 1, 0.2], "texture": "#0"},
				"east": {"uv": [0, 0, 1, 0.2], "texture": "#0"},
				"south": {"uv": [0, 0, 1, 0.2], "texture": "#0"},
				"west": {"uv": [0, 0, 1, 0.2], "texture": "#0"},
				"up": {"uv": [0, 0, 1, 1], "texture": "#0"},
				"down": {"uv": [0, 0, 1, 1], "texture": "#0"}
			}
		},
		{
			"from": [1.96256, 0.3344, 3.08976],
			"to": [2.67504, 3.80774, 3.80224],
			"rotation": {"angle": 0, "axis": "y", "origin": [2.3188, 1.225, 3.446]},
			"faces": {
				"north": {"uv": [0, 0, 0.6, 0.2], "texture": "#0"},
				"east": {"uv": [0, 0, 0.6, 0.2], "texture": "#0"},
				"south": {"uv": [0, 0, 0.6, 0.2], "texture": "#0"},
				"west": {"uv": [0, 0, 0.6, 0.2], "texture": "#0"},
				"up": {"uv": [0, 0, 0.6, 0.6], "texture": "#0"},
				"down": {"uv": [0, 0, 0.6, 0.6], "texture": "#0"}
			}
		},
		{
			"from": [8.1218, -0.02184, 3.347],
			"to": [9.903, 0.3344, 5.1282],
			"rotation": {"angle": 0, "axis": "y", "origin": [9.0124, 0.86876, 4.2376]},
			"faces": {
				"north": {"uv": [0, 0, 1, 0.2], "texture": "#0"},
				"east": {"uv": [0, 0, 1, 0.2], "texture": "#0"},
				"south": {"uv": [0, 0, 1, 0.2], "texture": "#0"},
				"west": {"uv": [0, 0, 1, 0.2], "texture": "#0"},
				"up": {"uv": [0, 0, 1, 1], "texture": "#0"},
				"down": {"uv": [0, 0, 1, 1], "texture": "#0"}
			}
		},
		{
			"from": [8.65616, 0.3344, 3.88136],
			"to": [9.36864, 3.80774, 4.59384],
			"rotation": {"angle": 0, "axis": "y", "origin": [9.0124, 1.225, 4.2376]},
			"faces": {
				"north": {"uv": [0, 0, 0.6, 0.2], "texture": "#0"},
				"east": {"uv": [0, 0, 0.6, 0.2], "texture": "#0"},
				"south": {"uv": [0, 0, 0.6, 0.2], "texture": "#0"},
				"west": {"uv": [0, 0, 0.6, 0.2], "texture": "#0"},
				"up": {"uv": [0, 0, 0.6, 0.6], "texture": "#0"},
				"down": {"uv": [0, 0, 0.6, 0.6], "texture": "#0"}
			}
		},
		{
			"from": [4.0334, -0.02184, 6.947],
			"to": [5.8146, 0.3344, 8.7282],
			"rotation": {"angle": 0, "axis": "y", "origin": [4.924, 0.86876, 7.8376]},
			"faces": {
				"north": {"uv": [0, 0, 1, 0.2], "texture": "#0"},
				"east": {"uv": [0, 0, 1, 0.2], "texture": "#0"},
				"south": {"uv": [0, 0, 1, 0.2], "texture": "#0"},
				"west": {"uv": [0, 0, 1, 0.2], "texture": "#0"},
				"up": {"uv": [0, 0, 1, 1], "texture": "#0"},
				"down": {"uv": [0, 0, 1, 1], "texture": "#0"}
			}
		},
		{
			"from": [4.56776, 0.3344, 7.48136],
			"to": [5.28024, 3.80774, 8.19384],
			"rotation": {"angle": 0, "axis": "y", "origin": [4.924, 1.225, 7.8376]},
			"faces": {
				"north": {"uv": [0, 0, 0.6, 0.2], "texture": "#0"},
				"east": {"uv": [0, 0, 0.6, 0.2], "texture": "#0"},
				"south": {"uv": [0, 0, 0.6, 0.2], "texture": "#0"},
				"west": {"uv": [0, 0, 0.6, 0.2], "texture": "#0"},
				"up": {"uv": [0, 0, 0.6, 0.6], "texture": "#0"},
				"down": {"uv": [0, 0, 0.6, 0.6], "texture": "#0"}
			}
		},
		{
			"from": [1.1442, -0.02184, 11.6098],
			"to": [2.9254, 0.3344, 13.391],
			"rotation": {"angle": 0, "axis": "y", "origin": [2.0348, 0.86876, 12.5004]},
			"faces": {
				"north": {"uv": [0, 0, 1, 0.2], "texture": "#0"},
				"east": {"uv": [0, 0, 1, 0.2], "texture": "#0"},
				"south": {"uv": [0, 0, 1, 0.2], "texture": "#0"},
				"west": {"uv": [0, 0, 1, 0.2], "texture": "#0"},
				"up": {"uv": [0, 0, 1, 1], "texture": "#0"},
				"down": {"uv": [0, 0, 1, 1], "texture": "#0"}
			}
		},
		{
			"from": [1.67856, 0.3344, 12.14416],
			"to": [2.39104, 3.80774, 12.85664],
			"rotation": {"angle": 0, "axis": "y", "origin": [2.0348, 1.225, 12.5004]},
			"faces": {
				"north": {"uv": [0, 0, 0.6, 0.2], "texture": "#0"},
				"east": {"uv": [0, 0, 0.6, 0.2], "texture": "#0"},
				"south": {"uv": [0, 0, 0.6, 0.2], "texture": "#0"},
				"west": {"uv": [0, 0, 0.6, 0.2], "texture": "#0"},
				"up": {"uv": [0, 0, 0.6, 0.6], "texture": "#0"},
				"down": {"uv": [0, 0, 0.6, 0.6], "texture": "#0"}
			}
		},
		{
			"from": [12.9526, -0.02184, 12.1718],
			"to": [14.7338, 0.3344, 13.953],
			"rotation": {"angle": 0, "axis": "y", "origin": [13.8432, 0.86876, 13.0624]},
			"faces": {
				"north": {"uv": [0, 0, 1, 0.2], "texture": "#0"},
				"east": {"uv": [0, 0, 1, 0.2], "texture": "#0"},
				"south": {"uv": [0, 0, 1, 0.2], "texture": "#0"},
				"west": {"uv": [0, 0, 1, 0.2], "texture": "#0"},
				"up": {"uv": [0, 0, 1, 1], "texture": "#0"},
				"down": {"uv": [0, 0, 1, 1], "texture": "#0"}
			}
		},
		{
			"from": [13.48696, 0.3344, 12.70616],
			"to": [14.19944, 3.80774, 13.41864],
			"rotation": {"angle": 0, "axis": "y", "origin": [13.8432, 1.225, 13.0624]},
			"faces": {
				"north": {"uv": [0, 0, 0.6, 0.2], "texture": "#0"},
				"east": {"uv": [0, 0, 0.6, 0.2], "texture": "#0"},
				"south": {"uv": [0, 0, 0.6, 0.2], "texture": "#0"},
				"west": {"uv": [0, 0, 0.6, 0.2], "texture": "#0"},
				"up": {"uv": [0, 0, 0.6, 0.6], "texture": "#0"},
				"down": {"uv": [0, 0, 0.6, 0.6], "texture": "#0"}
			}
		},
		{
			"from": [6.585, -0.02184, 11.2846],
			"to": [8.3662, 0.3344, 13.0658],
			"rotation": {"angle": 0, "axis": "y", "origin": [7.4756, 0.86876, 12.1752]},
			"faces": {
				"north": {"uv": [0, 0, 1, 0.2], "texture": "#0"},
				"east": {"uv": [0, 0, 1, 0.2], "texture": "#0"},
				"south": {"uv": [0, 0, 1, 0.2], "texture": "#0"},
				"west": {"uv": [0, 0, 1, 0.2], "texture": "#0"},
				"up": {"uv": [0, 0, 1, 1], "texture": "#0"},
				"down": {"uv": [0, 0, 1, 1], "texture": "#0"}
			}
		},
		{
			"from": [7.11936, 0.3344, 11.81896],
			"to": [7.83184, 3.80774, 12.53144],
			"rotation": {"angle": 0, "axis": "y", "origin": [7.4756, 1.225, 12.1752]},
			"faces": {
				"north": {"uv": [0, 0, 0.6, 0.2], "texture": "#0"},
				"east": {"uv": [0, 0, 0.6, 0.2], "texture": "#0"},
				"south": {"uv": [0, 0, 0.6, 0.2], "texture": "#0"},
				"west": {"uv": [0, 0, 0.6, 0.2], "texture": "#0"},
				"up": {"uv": [0, 0, 0.6, 0.6], "texture": "#0"},
				"down": {"uv": [0, 0, 0.6, 0.6], "texture": "#0"}
			}
		},
		{
			"from": [10.9738, -0.02184, 7.0938],
			"to": [12.755, 0.3344, 8.875],
			"rotation": {"angle": 0, "axis": "y", "origin": [11.8644, 0.86876, 7.9844]},
			"faces": {
				"north": {"uv": [0, 0, 1, 0.2], "texture": "#0"},
				"east": {"uv": [0, 0, 1, 0.2], "texture": "#0"},
				"south": {"uv": [0, 0, 1, 0.2], "texture": "#0"},
				"west": {"uv": [0, 0, 1, 0.2], "texture": "#0"},
				"up": {"uv": [0, 0, 1, 1], "texture": "#0"},
				"down": {"uv": [0, 0, 1, 1], "texture": "#0"}
			}
		},
		{
			"from": [11.50816, 0.3344, 7.62816],
			"to": [12.22064, 3.80774, 8.34064],
			"rotation": {"angle": 0, "axis": "y", "origin": [11.8644, 1.225, 7.9844]},
			"faces": {
				"north": {"uv": [0, 0, 0.6, 0.2], "texture": "#0"},
				"east": {"uv": [0, 0, 0.6, 0.2], "texture": "#0"},
				"south": {"uv": [0, 0, 0.6, 0.2], "texture": "#0"},
				"west": {"uv": [0, 0, 0.6, 0.2], "texture": "#0"},
				"up": {"uv": [0, 0, 0.6, 0.6], "texture": "#0"},
				"down": {"uv": [0, 0, 0.6, 0.6], "texture": "#0"}
			}
		}
	],
	"display": {
		"thirdperson_righthand": {
			"rotation": [75, 45, 0],
			"translation": [0, 2.5, 2.5],
			"scale": [0.375, 0.375, 0.375]
		},
		"thirdperson_lefthand": {
			"rotation": [75, 45, 0],
			"translation": [0, 2.5, 2.5],
			"scale": [0.375, 0.375, 0.375]
		},
		"firstperson_righthand": {
			"rotation": [0, 45, 0],
			"translation": [0, 3.75, 0],
			"scale": [0.4, 0.4, 0.4]
		},
		"firstperson_lefthand": {
			"rotation": [0, 45, 0],
			"translation": [0, 3.75, 0],
			"scale": [0.4, 0.4, 0.4]
		},
		"ground": {
			"translation": [0, 4.25, 0],
			"scale": [0.7, 0.7, 0.7]
		},
		"gui": {
			"rotation": [30, -59, 0],
			"translation": [0, 3.75, 0],
			"scale": [0.8, 0.8, 0.8]
		},
		"head": {
			"translation": [0, -32.05, 0],
			"scale": [1.4, 1.4, 1.4]
		}
	},
	"groups": [
		{
			"name": "Nail",
			"origin": [8.5, 0.7, 6.5],
			"children": [0, 1]
		},
		{
			"name": "Nail",
			"origin": [8.5, 0.7, 6.5],
			"children": [2, 3]
		},
		{
			"name": "Nail",
			"origin": [8.5, 0.7, 6.5],
			"children": [4, 5]
		},
		{
			"name": "Nail",
			"origin": [8.5, 0.7, 6.5],
			"children": [6, 7]
		},
		{
			"name": "Nail",
			"origin": [8.5, 0.7, 6.5],
			"children": [8, 9]
		},
		{
			"name": "Nail",
			"origin": [8.5, 0.7, 6.5],
			"children": [10, 11]
		},
		{
			"name": "Nail",
			"origin": [8.5, 0.7, 6.5],
			"children": [12, 13]
		},
		{
			"name": "Nail",
			"origin": [8.5, 0.7, 6.5],
			"children": [14, 15]
		}
	]
}