{
	"credit": "Made with Blockbench",
	"textures": {
		"0": "item/poison_rune_used",
		"particle": "item/poison_rune_used"
	},
	"elements": [
		{
			"name": "poison_rune_0",
			"from": [7, 0, 2],
			"to": [8, 0.9, 3],
			"faces": {
				"north": {"uv": [8, 2, 7, 3], "texture": "#0"},
				"east": {"uv": [7, 2, 8, 3], "rotation": 90, "texture": "#0"},
				"south": {"uv": [7, 2, 8, 3], "texture": "#0"},
				"west": {"uv": [7, 2, 8, 3], "rotation": 270, "texture": "#0"},
				"up": {"uv": [7, 2, 8, 3], "texture": "#0"},
				"down": {"uv": [7, 3, 8, 2], "texture": "#0"}
			}
		},
		{
			"name": "poison_rune_1",
			"from": [8, 0, 2],
			"to": [9, 1, 3],
			"faces": {
				"north": {"uv": [9, 2, 8, 3], "texture": "#0"},
				"east": {"uv": [8, 2, 9, 3], "rotation": 90, "texture": "#0"},
				"south": {"uv": [8, 2, 9, 3], "texture": "#0"},
				"west": {"uv": [8, 2, 9, 3], "rotation": 270, "texture": "#0"},
				"up": {"uv": [8, 2, 9, 3], "texture": "#0"},
				"down": {"uv": [8, 3, 9, 2], "texture": "#0"}
			}
		},
		{
			"name": "poison_rune_2",
			"from": [9, 0, 2],
			"to": [10, 1.1, 3],
			"faces": {
				"north": {"uv": [10, 2, 9, 3], "texture": "#0"},
				"east": {"uv": [9, 2, 10, 3], "rotation": 90, "texture": "#0"},
				"south": {"uv": [9, 2, 10, 3], "texture": "#0"},
				"west": {"uv": [9, 2, 10, 3], "rotation": 270, "texture": "#0"},
				"up": {"uv": [9, 2, 10, 3], "texture": "#0"},
				"down": {"uv": [9, 3, 10, 2], "texture": "#0"}
			}
		},
		{
			"name": "poison_rune_3",
			"from": [10, 0, 2],
			"to": [11, 1, 3],
			"faces": {
				"north": {"uv": [11, 2, 10, 3], "texture": "#0"},
				"east": {"uv": [10, 2, 11, 3], "rotation": 90, "texture": "#0"},
				"south": {"uv": [10, 2, 11, 3], "texture": "#0"},
				"west": {"uv": [10, 2, 11, 3], "rotation": 270, "texture": "#0"},
				"up": {"uv": [10, 2, 11, 3], "texture": "#0"},
				"down": {"uv": [10, 3, 11, 2], "texture": "#0"}
			}
		},
		{
			"name": "poison_rune_4",
			"from": [5, 0, 3],
			"to": [6, 0.9, 4],
			"faces": {
				"north": {"uv": [6, 3, 5, 4], "texture": "#0"},
				"east": {"uv": [5, 3, 6, 4], "rotation": 90, "texture": "#0"},
				"south": {"uv": [5, 3, 6, 4], "texture": "#0"},
				"west": {"uv": [5, 3, 6, 4], "rotation": 270, "texture": "#0"},
				"up": {"uv": [5, 3, 6, 4], "texture": "#0"},
				"down": {"uv": [5, 4, 6, 3], "texture": "#0"}
			}
		},
		{
			"name": "poison_rune_5",
			"from": [6, 0, 3],
			"to": [7, 1, 4],
			"faces": {
				"north": {"uv": [7, 3, 6, 4], "texture": "#0"},
				"east": {"uv": [6, 3, 7, 4], "rotation": 90, "texture": "#0"},
				"south": {"uv": [6, 3, 7, 4], "texture": "#0"},
				"west": {"uv": [6, 3, 7, 4], "rotation": 270, "texture": "#0"},
				"up": {"uv": [6, 3, 7, 4], "texture": "#0"},
				"down": {"uv": [6, 4, 7, 3], "texture": "#0"}
			}
		},
		{
			"name": "poison_rune_6",
			"from": [7, 0, 3],
			"to": [8, 1.1, 4],
			"faces": {
				"north": {"uv": [8, 3, 7, 4], "texture": "#0"},
				"east": {"uv": [7, 3, 8, 4], "rotation": 90, "texture": "#0"},
				"south": {"uv": [7, 3, 8, 4], "texture": "#0"},
				"west": {"uv": [7, 3, 8, 4], "rotation": 270, "texture": "#0"},
				"up": {"uv": [7, 3, 8, 4], "texture": "#0"},
				"down": {"uv": [7, 4, 8, 3], "texture": "#0"}
			}
		},
		{
			"name": "poison_rune_7",
			"from": [8, 0, 3],
			"to": [9, 0.9, 4],
			"faces": {
				"north": {"uv": [9, 3, 8, 4], "texture": "#0"},
				"east": {"uv": [8, 3, 9, 4], "rotation": 90, "texture": "#0"},
				"south": {"uv": [8, 3, 9, 4], "texture": "#0"},
				"west": {"uv": [8, 3, 9, 4], "rotation": 270, "texture": "#0"},
				"up": {"uv": [8, 3, 9, 4], "texture": "#0"},
				"down": {"uv": [8, 4, 9, 3], "texture": "#0"}
			}
		},
		{
			"name": "poison_rune_8",
			"from": [9, 0, 3],
			"to": [10, 1, 4],
			"faces": {
				"north": {"uv": [10, 3, 9, 4], "texture": "#0"},
				"east": {"uv": [9, 3, 10, 4], "rotation": 90, "texture": "#0"},
				"south": {"uv": [9, 3, 10, 4], "texture": "#0"},
				"west": {"uv": [9, 3, 10, 4], "rotation": 270, "texture": "#0"},
				"up": {"uv": [9, 3, 10, 4], "texture": "#0"},
				"down": {"uv": [9, 4, 10, 3], "texture": "#0"}
			}
		},
		{
			"name": "poison_rune_9",
			"from": [10, 0, 3],
			"to": [11, 1.1, 4],
			"faces": {
				"north": {"uv": [11, 3, 10, 4], "texture": "#0"},
				"east": {"uv": [10, 3, 11, 4], "rotation": 90, "texture": "#0"},
				"south": {"uv": [10, 3, 11, 4], "texture": "#0"},
				"west": {"uv": [10, 3, 11, 4], "rotation": 270, "texture": "#0"},
				"up": {"uv": [10, 3, 11, 4], "texture": "#0"},
				"down": {"uv": [10, 4, 11, 3], "texture": "#0"}
			}
		},
		{
			"name": "poison_rune_10",
			"from": [11, 0, 3],
			"to": [12, 0.9, 4],
			"faces": {
				"north": {"uv": [12, 3, 11, 4], "texture": "#0"},
				"east": {"uv": [11, 3, 12, 4], "rotation": 90, "texture": "#0"},
				"south": {"uv": [11, 3, 12, 4], "texture": "#0"},
				"west": {"uv": [11, 3, 12, 4], "rotation": 270, "texture": "#0"},
				"up": {"uv": [11, 3, 12, 4], "texture": "#0"},
				"down": {"uv": [11, 4, 12, 3], "texture": "#0"}
			}
		},
		{
			"name": "poison_rune_11",
			"from": [12, 0, 3],
			"to": [13, 1, 4],
			"faces": {
				"north": {"uv": [13, 3, 12, 4], "texture": "#0"},
				"east": {"uv": [12, 3, 13, 4], "rotation": 90, "texture": "#0"},
				"south": {"uv": [12, 3, 13, 4], "texture": "#0"},
				"west": {"uv": [12, 3, 13, 4], "rotation": 270, "texture": "#0"},
				"up": {"uv": [12, 3, 13, 4], "texture": "#0"},
				"down": {"uv": [12, 4, 13, 3], "texture": "#0"}
			}
		},
		{
			"name": "poison_rune_12",
			"from": [4, 0, 4],
			"to": [5, 1.1, 5],
			"faces": {
				"north": {"uv": [5, 4, 4, 5], "texture": "#0"},
				"east": {"uv": [4, 4, 5, 5], "rotation": 90, "texture": "#0"},
				"south": {"uv": [4, 4, 5, 5], "texture": "#0"},
				"west": {"uv": [4, 4, 5, 5], "rotation": 270, "texture": "#0"},
				"up": {"uv": [4, 4, 5, 5], "texture": "#0"},
				"down": {"uv": [4, 5, 5, 4], "texture": "#0"}
			}
		},
		{
			"name": "poison_rune_13",
			"from": [5, 0, 4],
			"to": [6, 1, 5],
			"faces": {
				"north": {"uv": [6, 4, 5, 5], "texture": "#0"},
				"east": {"uv": [5, 4, 6, 5], "rotation": 90, "texture": "#0"},
				"south": {"uv": [5, 4, 6, 5], "texture": "#0"},
				"west": {"uv": [5, 4, 6, 5], "rotation": 270, "texture": "#0"},
				"up": {"uv": [5, 4, 6, 5], "texture": "#0"},
				"down": {"uv": [5, 5, 6, 4], "texture": "#0"}
			}
		},
		{
			"name": "poison_rune_14",
			"from": [6, 0, 4],
			"to": [7, 1, 5],
			"faces": {
				"north": {"uv": [7, 4, 6, 5], "texture": "#0"},
				"east": {"uv": [6, 4, 7, 5], "rotation": 90, "texture": "#0"},
				"south": {"uv": [6, 4, 7, 5], "texture": "#0"},
				"west": {"uv": [6, 4, 7, 5], "rotation": 270, "texture": "#0"},
				"up": {"uv": [6, 4, 7, 5], "texture": "#0"},
				"down": {"uv": [6, 5, 7, 4], "texture": "#0"}
			}
		},
		{
			"name": "poison_rune_15",
			"from": [7, 0, 4],
			"to": [8, 1, 5],
			"faces": {
				"north": {"uv": [8, 4, 7, 5], "texture": "#0"},
				"east": {"uv": [7, 4, 8, 5], "rotation": 90, "texture": "#0"},
				"south": {"uv": [7, 4, 8, 5], "texture": "#0"},
				"west": {"uv": [7, 4, 8, 5], "rotation": 270, "texture": "#0"},
				"up": {"uv": [7, 4, 8, 5], "texture": "#0"},
				"down": {"uv": [7, 5, 8, 4], "texture": "#0"}
			}
		},
		{
			"name": "poison_rune_16",
			"from": [8, 0, 4],
			"to": [9, 1.2, 5],
			"faces": {
				"north": {"uv": [9, 4, 8, 5], "texture": "#0"},
				"east": {"uv": [8, 4, 9, 5], "rotation": 90, "texture": "#0"},
				"south": {"uv": [8, 4, 9, 5], "texture": "#0"},
				"west": {"uv": [8, 4, 9, 5], "rotation": 270, "texture": "#0"},
				"up": {"uv": [8, 4, 9, 5], "texture": "#0"},
				"down": {"uv": [8, 5, 9, 4], "texture": "#0"}
			}
		},
		{
			"name": "poison_rune_17",
			"from": [9, 0, 4],
			"to": [10, 1.1, 5],
			"faces": {
				"north": {"uv": [10, 4, 9, 5], "texture": "#0"},
				"east": {"uv": [9, 4, 10, 5], "rotation": 90, "texture": "#0"},
				"south": {"uv": [9, 4, 10, 5], "texture": "#0"},
				"west": {"uv": [9, 4, 10, 5], "rotation": 270, "texture": "#0"},
				"up": {"uv": [9, 4, 10, 5], "texture": "#0"},
				"down": {"uv": [9, 5, 10, 4], "texture": "#0"}
			}
		},
		{
			"name": "poison_rune_18",
			"from": [10, 0, 4],
			"to": [11, 0.7, 5],
			"faces": {
				"north": {"uv": [11, 4, 10, 5], "texture": "#0"},
				"east": {"uv": [10, 4, 11, 5], "rotation": 90, "texture": "#0"},
				"south": {"uv": [10, 4, 11, 5], "texture": "#0"},
				"west": {"uv": [10, 4, 11, 5], "rotation": 270, "texture": "#0"},
				"up": {"uv": [10, 4, 11, 5], "texture": "#0"},
				"down": {"uv": [10, 5, 11, 4], "texture": "#0"}
			}
		},
		{
			"name": "poison_rune_19",
			"from": [11, 0, 4],
			"to": [12, 1, 5],
			"faces": {
				"north": {"uv": [12, 4, 11, 5], "texture": "#0"},
				"east": {"uv": [11, 4, 12, 5], "rotation": 90, "texture": "#0"},
				"south": {"uv": [11, 4, 12, 5], "texture": "#0"},
				"west": {"uv": [11, 4, 12, 5], "rotation": 270, "texture": "#0"},
				"up": {"uv": [11, 4, 12, 5], "texture": "#0"},
				"down": {"uv": [11, 5, 12, 4], "texture": "#0"}
			}
		},
		{
			"name": "poison_rune_20",
			"from": [12, 0, 4],
			"to": [13, 1, 5],
			"faces": {
				"north": {"uv": [13, 4, 12, 5], "texture": "#0"},
				"east": {"uv": [12, 4, 13, 5], "rotation": 90, "texture": "#0"},
				"south": {"uv": [12, 4, 13, 5], "texture": "#0"},
				"west": {"uv": [12, 4, 13, 5], "rotation": 270, "texture": "#0"},
				"up": {"uv": [12, 4, 13, 5], "texture": "#0"},
				"down": {"uv": [12, 5, 13, 4], "texture": "#0"}
			}
		},
		{
			"name": "poison_rune_21",
			"from": [13, 0, 4],
			"to": [14, 1.1, 5],
			"faces": {
				"north": {"uv": [14, 4, 13, 5], "texture": "#0"},
				"east": {"uv": [13, 4, 14, 5], "rotation": 90, "texture": "#0"},
				"south": {"uv": [13, 4, 14, 5], "texture": "#0"},
				"west": {"uv": [13, 4, 14, 5], "rotation": 270, "texture": "#0"},
				"up": {"uv": [13, 4, 14, 5], "texture": "#0"},
				"down": {"uv": [13, 5, 14, 4], "texture": "#0"}
			}
		},
		{
			"name": "poison_rune_22",
			"from": [3, 0, 5],
			"to": [4, 1, 6],
			"faces": {
				"north": {"uv": [4, 5, 3, 6], "texture": "#0"},
				"east": {"uv": [3, 5, 4, 6], "rotation": 90, "texture": "#0"},
				"south": {"uv": [3, 5, 4, 6], "texture": "#0"},
				"west": {"uv": [3, 5, 4, 6], "rotation": 270, "texture": "#0"},
				"up": {"uv": [3, 5, 4, 6], "texture": "#0"},
				"down": {"uv": [3, 6, 4, 5], "texture": "#0"}
			}
		},
		{
			"name": "poison_rune_23",
			"from": [4, 0, 5],
			"to": [5, 1.2, 6],
			"faces": {
				"north": {"uv": [5, 5, 4, 6], "texture": "#0"},
				"east": {"uv": [4, 5, 5, 6], "rotation": 90, "texture": "#0"},
				"south": {"uv": [4, 5, 5, 6], "texture": "#0"},
				"west": {"uv": [4, 5, 5, 6], "rotation": 270, "texture": "#0"},
				"up": {"uv": [4, 5, 5, 6], "texture": "#0"},
				"down": {"uv": [4, 6, 5, 5], "texture": "#0"}
			}
		},
		{
			"name": "poison_rune_24",
			"from": [5, 0, 5],
			"to": [6, 1.1, 6],
			"faces": {
				"north": {"uv": [6, 5, 5, 6], "texture": "#0"},
				"east": {"uv": [5, 5, 6, 6], "rotation": 90, "texture": "#0"},
				"south": {"uv": [5, 5, 6, 6], "texture": "#0"},
				"west": {"uv": [5, 5, 6, 6], "rotation": 270, "texture": "#0"},
				"up": {"uv": [5, 5, 6, 6], "texture": "#0"},
				"down": {"uv": [5, 6, 6, 5], "texture": "#0"}
			}
		},
		{
			"name": "poison_rune_25",
			"from": [6, 0, 5],
			"to": [7, 1.2, 6],
			"faces": {
				"north": {"uv": [7, 5, 6, 6], "texture": "#0"},
				"east": {"uv": [6, 5, 7, 6], "rotation": 90, "texture": "#0"},
				"south": {"uv": [6, 5, 7, 6], "texture": "#0"},
				"west": {"uv": [6, 5, 7, 6], "rotation": 270, "texture": "#0"},
				"up": {"uv": [6, 5, 7, 6], "texture": "#0"},
				"down": {"uv": [6, 6, 7, 5], "texture": "#0"}
			}
		},
		{
			"name": "poison_rune_26",
			"from": [7, 0, 5],
			"to": [8, 1.1, 6],
			"faces": {
				"north": {"uv": [8, 5, 7, 6], "texture": "#0"},
				"east": {"uv": [7, 5, 8, 6], "rotation": 90, "texture": "#0"},
				"south": {"uv": [7, 5, 8, 6], "texture": "#0"},
				"west": {"uv": [7, 5, 8, 6], "rotation": 270, "texture": "#0"},
				"up": {"uv": [7, 5, 8, 6], "texture": "#0"},
				"down": {"uv": [7, 6, 8, 5], "texture": "#0"}
			}
		},
		{
			"name": "poison_rune_27",
			"from": [8, 0, 5],
			"to": [9, 1.1, 6],
			"faces": {
				"north": {"uv": [9, 5, 8, 6], "texture": "#0"},
				"east": {"uv": [8, 5, 9, 6], "rotation": 90, "texture": "#0"},
				"south": {"uv": [8, 5, 9, 6], "texture": "#0"},
				"west": {"uv": [8, 5, 9, 6], "rotation": 270, "texture": "#0"},
				"up": {"uv": [8, 5, 9, 6], "texture": "#0"},
				"down": {"uv": [8, 6, 9, 5], "texture": "#0"}
			}
		},
		{
			"name": "poison_rune_28",
			"from": [9, 0, 5],
			"to": [10, 0.8, 6],
			"faces": {
				"north": {"uv": [10, 5, 9, 6], "texture": "#0"},
				"east": {"uv": [9, 5, 10, 6], "rotation": 90, "texture": "#0"},
				"south": {"uv": [9, 5, 10, 6], "texture": "#0"},
				"west": {"uv": [9, 5, 10, 6], "rotation": 270, "texture": "#0"},
				"up": {"uv": [9, 5, 10, 6], "texture": "#0"},
				"down": {"uv": [9, 6, 10, 5], "texture": "#0"}
			}
		},
		{
			"name": "poison_rune_29",
			"from": [10, 0, 5],
			"to": [11, 0.9, 6],
			"faces": {
				"north": {"uv": [11, 5, 10, 6], "texture": "#0"},
				"east": {"uv": [10, 5, 11, 6], "rotation": 90, "texture": "#0"},
				"south": {"uv": [10, 5, 11, 6], "texture": "#0"},
				"west": {"uv": [10, 5, 11, 6], "rotation": 270, "texture": "#0"},
				"up": {"uv": [10, 5, 11, 6], "texture": "#0"},
				"down": {"uv": [10, 6, 11, 5], "texture": "#0"}
			}
		},
		{
			"name": "poison_rune_30",
			"from": [11, 0, 5],
			"to": [12, 0.8, 6],
			"faces": {
				"north": {"uv": [12, 5, 11, 6], "texture": "#0"},
				"east": {"uv": [11, 5, 12, 6], "rotation": 90, "texture": "#0"},
				"south": {"uv": [11, 5, 12, 6], "texture": "#0"},
				"west": {"uv": [11, 5, 12, 6], "rotation": 270, "texture": "#0"},
				"up": {"uv": [11, 5, 12, 6], "texture": "#0"},
				"down": {"uv": [11, 6, 12, 5], "texture": "#0"}
			}
		},
		{
			"name": "poison_rune_31",
			"from": [12, 0, 5],
			"to": [13, 1.1, 6],
			"faces": {
				"north": {"uv": [13, 5, 12, 6], "texture": "#0"},
				"east": {"uv": [12, 5, 13, 6], "rotation": 90, "texture": "#0"},
				"south": {"uv": [12, 5, 13, 6], "texture": "#0"},
				"west": {"uv": [12, 5, 13, 6], "rotation": 270, "texture": "#0"},
				"up": {"uv": [12, 5, 13, 6], "texture": "#0"},
				"down": {"uv": [12, 6, 13, 5], "texture": "#0"}
			}
		},
		{
			"name": "poison_rune_32",
			"from": [13, 0, 5],
			"to": [14, 1, 6],
			"faces": {
				"north": {"uv": [14, 5, 13, 6], "texture": "#0"},
				"east": {"uv": [13, 5, 14, 6], "rotation": 90, "texture": "#0"},
				"south": {"uv": [13, 5, 14, 6], "texture": "#0"},
				"west": {"uv": [13, 5, 14, 6], "rotation": 270, "texture": "#0"},
				"up": {"uv": [13, 5, 14, 6], "texture": "#0"},
				"down": {"uv": [13, 6, 14, 5], "texture": "#0"}
			}
		},
		{
			"name": "poison_rune_33",
			"from": [3, 0, 6],
			"to": [4, 0.9, 7],
			"faces": {
				"north": {"uv": [4, 6, 3, 7], "texture": "#0"},
				"east": {"uv": [3, 6, 4, 7], "rotation": 90, "texture": "#0"},
				"south": {"uv": [3, 6, 4, 7], "texture": "#0"},
				"west": {"uv": [3, 6, 4, 7], "rotation": 270, "texture": "#0"},
				"up": {"uv": [3, 6, 4, 7], "texture": "#0"},
				"down": {"uv": [3, 7, 4, 6], "texture": "#0"}
			}
		},
		{
			"name": "poison_rune_34",
			"from": [4, 0, 6],
			"to": [5, 1.1, 7],
			"faces": {
				"north": {"uv": [5, 6, 4, 7], "texture": "#0"},
				"east": {"uv": [4, 6, 5, 7], "rotation": 90, "texture": "#0"},
				"south": {"uv": [4, 6, 5, 7], "texture": "#0"},
				"west": {"uv": [4, 6, 5, 7], "rotation": 270, "texture": "#0"},
				"up": {"uv": [4, 6, 5, 7], "texture": "#0"},
				"down": {"uv": [4, 7, 5, 6], "texture": "#0"}
			}
		},
		{
			"name": "poison_rune_35",
			"from": [5, 0, 6],
			"to": [6, 1, 7],
			"faces": {
				"north": {"uv": [6, 6, 5, 7], "texture": "#0"},
				"east": {"uv": [5, 6, 6, 7], "rotation": 90, "texture": "#0"},
				"south": {"uv": [5, 6, 6, 7], "texture": "#0"},
				"west": {"uv": [5, 6, 6, 7], "rotation": 270, "texture": "#0"},
				"up": {"uv": [5, 6, 6, 7], "texture": "#0"},
				"down": {"uv": [5, 7, 6, 6], "texture": "#0"}
			}
		},
		{
			"name": "poison_rune_36",
			"from": [6, 0, 6],
			"to": [7, 1.1, 7],
			"faces": {
				"north": {"uv": [7, 6, 6, 7], "texture": "#0"},
				"east": {"uv": [6, 6, 7, 7], "rotation": 90, "texture": "#0"},
				"south": {"uv": [6, 6, 7, 7], "texture": "#0"},
				"west": {"uv": [6, 6, 7, 7], "rotation": 270, "texture": "#0"},
				"up": {"uv": [6, 6, 7, 7], "texture": "#0"},
				"down": {"uv": [6, 7, 7, 6], "texture": "#0"}
			}
		},
		{
			"name": "poison_rune_37",
			"from": [7, 0, 6],
			"to": [8, 1.1, 7],
			"faces": {
				"north": {"uv": [8, 6, 7, 7], "texture": "#0"},
				"east": {"uv": [7, 6, 8, 7], "rotation": 90, "texture": "#0"},
				"south": {"uv": [7, 6, 8, 7], "texture": "#0"},
				"west": {"uv": [7, 6, 8, 7], "rotation": 270, "texture": "#0"},
				"up": {"uv": [7, 6, 8, 7], "texture": "#0"},
				"down": {"uv": [7, 7, 8, 6], "texture": "#0"}
			}
		},
		{
			"name": "poison_rune_38",
			"from": [8, 0, 6],
			"to": [9, 0.9, 7],
			"faces": {
				"north": {"uv": [9, 6, 8, 7], "texture": "#0"},
				"east": {"uv": [8, 6, 9, 7], "rotation": 90, "texture": "#0"},
				"south": {"uv": [8, 6, 9, 7], "texture": "#0"},
				"west": {"uv": [8, 6, 9, 7], "rotation": 270, "texture": "#0"},
				"up": {"uv": [8, 6, 9, 7], "texture": "#0"},
				"down": {"uv": [8, 7, 9, 6], "texture": "#0"}
			}
		},
		{
			"name": "poison_rune_39",
			"from": [9, 0, 6],
			"to": [10, 0.7, 7],
			"faces": {
				"north": {"uv": [10, 6, 9, 7], "texture": "#0"},
				"east": {"uv": [9, 6, 10, 7], "rotation": 90, "texture": "#0"},
				"south": {"uv": [9, 6, 10, 7], "texture": "#0"},
				"west": {"uv": [9, 6, 10, 7], "rotation": 270, "texture": "#0"},
				"up": {"uv": [9, 6, 10, 7], "texture": "#0"},
				"down": {"uv": [9, 7, 10, 6], "texture": "#0"}
			}
		},
		{
			"name": "poison_rune_40",
			"from": [10, 0, 6],
			"to": [11, 1, 7],
			"faces": {
				"north": {"uv": [11, 6, 10, 7], "texture": "#0"},
				"east": {"uv": [10, 6, 11, 7], "rotation": 90, "texture": "#0"},
				"south": {"uv": [10, 6, 11, 7], "texture": "#0"},
				"west": {"uv": [10, 6, 11, 7], "rotation": 270, "texture": "#0"},
				"up": {"uv": [10, 6, 11, 7], "texture": "#0"},
				"down": {"uv": [10, 7, 11, 6], "texture": "#0"}
			}
		},
		{
			"name": "poison_rune_41",
			"from": [11, 0, 6],
			"to": [12, 0.7, 7],
			"faces": {
				"north": {"uv": [12, 6, 11, 7], "texture": "#0"},
				"east": {"uv": [11, 6, 12, 7], "rotation": 90, "texture": "#0"},
				"south": {"uv": [11, 6, 12, 7], "texture": "#0"},
				"west": {"uv": [11, 6, 12, 7], "rotation": 270, "texture": "#0"},
				"up": {"uv": [11, 6, 12, 7], "texture": "#0"},
				"down": {"uv": [11, 7, 12, 6], "texture": "#0"}
			}
		},
		{
			"name": "poison_rune_42",
			"from": [12, 0, 6],
			"to": [13, 1, 7],
			"faces": {
				"north": {"uv": [13, 6, 12, 7], "texture": "#0"},
				"east": {"uv": [12, 6, 13, 7], "rotation": 90, "texture": "#0"},
				"south": {"uv": [12, 6, 13, 7], "texture": "#0"},
				"west": {"uv": [12, 6, 13, 7], "rotation": 270, "texture": "#0"},
				"up": {"uv": [12, 6, 13, 7], "texture": "#0"},
				"down": {"uv": [12, 7, 13, 6], "texture": "#0"}
			}
		},
		{
			"name": "poison_rune_43",
			"from": [13, 0, 6],
			"to": [14, 1.1, 7],
			"faces": {
				"north": {"uv": [14, 6, 13, 7], "texture": "#0"},
				"east": {"uv": [13, 6, 14, 7], "rotation": 90, "texture": "#0"},
				"south": {"uv": [13, 6, 14, 7], "texture": "#0"},
				"west": {"uv": [13, 6, 14, 7], "rotation": 270, "texture": "#0"},
				"up": {"uv": [13, 6, 14, 7], "texture": "#0"},
				"down": {"uv": [13, 7, 14, 6], "texture": "#0"}
			}
		},
		{
			"name": "poison_rune_44",
			"from": [4, 0, 7],
			"to": [5, 1, 8],
			"faces": {
				"north": {"uv": [5, 7, 4, 8], "texture": "#0"},
				"east": {"uv": [4, 7, 5, 8], "rotation": 90, "texture": "#0"},
				"south": {"uv": [4, 7, 5, 8], "texture": "#0"},
				"west": {"uv": [4, 7, 5, 8], "rotation": 270, "texture": "#0"},
				"up": {"uv": [4, 7, 5, 8], "texture": "#0"},
				"down": {"uv": [4, 8, 5, 7], "texture": "#0"}
			}
		},
		{
			"name": "poison_rune_45",
			"from": [5, 0, 7],
			"to": [6, 0.7, 8],
			"faces": {
				"north": {"uv": [6, 7, 5, 8], "texture": "#0"},
				"east": {"uv": [5, 7, 6, 8], "rotation": 90, "texture": "#0"},
				"south": {"uv": [5, 7, 6, 8], "texture": "#0"},
				"west": {"uv": [5, 7, 6, 8], "rotation": 270, "texture": "#0"},
				"up": {"uv": [5, 7, 6, 8], "texture": "#0"},
				"down": {"uv": [5, 8, 6, 7], "texture": "#0"}
			}
		},
		{
			"name": "poison_rune_46",
			"from": [6, 0, 7],
			"to": [7, 0.6, 8],
			"faces": {
				"north": {"uv": [7, 7, 6, 8], "texture": "#0"},
				"east": {"uv": [6, 7, 7, 8], "rotation": 90, "texture": "#0"},
				"south": {"uv": [6, 7, 7, 8], "texture": "#0"},
				"west": {"uv": [6, 7, 7, 8], "rotation": 270, "texture": "#0"},
				"up": {"uv": [6, 7, 7, 8], "texture": "#0"},
				"down": {"uv": [6, 8, 7, 7], "texture": "#0"}
			}
		},
		{
			"name": "poison_rune_47",
			"from": [7, 0, 7],
			"to": [8, 1, 8],
			"faces": {
				"north": {"uv": [8, 7, 7, 8], "texture": "#0"},
				"east": {"uv": [7, 7, 8, 8], "rotation": 90, "texture": "#0"},
				"south": {"uv": [7, 7, 8, 8], "texture": "#0"},
				"west": {"uv": [7, 7, 8, 8], "rotation": 270, "texture": "#0"},
				"up": {"uv": [7, 7, 8, 8], "texture": "#0"},
				"down": {"uv": [7, 8, 8, 7], "texture": "#0"}
			}
		},
		{
			"name": "poison_rune_48",
			"from": [8, 0, 7],
			"to": [9, 0.7, 8],
			"faces": {
				"north": {"uv": [9, 7, 8, 8], "texture": "#0"},
				"east": {"uv": [8, 7, 9, 8], "rotation": 90, "texture": "#0"},
				"south": {"uv": [8, 7, 9, 8], "texture": "#0"},
				"west": {"uv": [8, 7, 9, 8], "rotation": 270, "texture": "#0"},
				"up": {"uv": [8, 7, 9, 8], "texture": "#0"},
				"down": {"uv": [8, 8, 9, 7], "texture": "#0"}
			}
		},
		{
			"name": "poison_rune_49",
			"from": [9, 0, 7],
			"to": [10, 0.8, 8],
			"faces": {
				"north": {"uv": [10, 7, 9, 8], "texture": "#0"},
				"east": {"uv": [9, 7, 10, 8], "rotation": 90, "texture": "#0"},
				"south": {"uv": [9, 7, 10, 8], "texture": "#0"},
				"west": {"uv": [9, 7, 10, 8], "rotation": 270, "texture": "#0"},
				"up": {"uv": [9, 7, 10, 8], "texture": "#0"},
				"down": {"uv": [9, 8, 10, 7], "texture": "#0"}
			}
		},
		{
			"name": "poison_rune_50",
			"from": [10, 0, 7],
			"to": [11, 1, 8],
			"faces": {
				"north": {"uv": [11, 7, 10, 8], "texture": "#0"},
				"east": {"uv": [10, 7, 11, 8], "rotation": 90, "texture": "#0"},
				"south": {"uv": [10, 7, 11, 8], "texture": "#0"},
				"west": {"uv": [10, 7, 11, 8], "rotation": 270, "texture": "#0"},
				"up": {"uv": [10, 7, 11, 8], "texture": "#0"},
				"down": {"uv": [10, 8, 11, 7], "texture": "#0"}
			}
		},
		{
			"name": "poison_rune_51",
			"from": [11, 0, 7],
			"to": [12, 0.6, 8],
			"faces": {
				"north": {"uv": [12, 7, 11, 8], "texture": "#0"},
				"east": {"uv": [11, 7, 12, 8], "rotation": 90, "texture": "#0"},
				"south": {"uv": [11, 7, 12, 8], "texture": "#0"},
				"west": {"uv": [11, 7, 12, 8], "rotation": 270, "texture": "#0"},
				"up": {"uv": [11, 7, 12, 8], "texture": "#0"},
				"down": {"uv": [11, 8, 12, 7], "texture": "#0"}
			}
		},
		{
			"name": "poison_rune_52",
			"from": [12, 0, 7],
			"to": [13, 1.1, 8],
			"faces": {
				"north": {"uv": [13, 7, 12, 8], "texture": "#0"},
				"east": {"uv": [12, 7, 13, 8], "rotation": 90, "texture": "#0"},
				"south": {"uv": [12, 7, 13, 8], "texture": "#0"},
				"west": {"uv": [12, 7, 13, 8], "rotation": 270, "texture": "#0"},
				"up": {"uv": [12, 7, 13, 8], "texture": "#0"},
				"down": {"uv": [12, 8, 13, 7], "texture": "#0"}
			}
		},
		{
			"name": "poison_rune_53",
			"from": [13, 0, 7],
			"to": [14, 1, 8],
			"faces": {
				"north": {"uv": [14, 7, 13, 8], "texture": "#0"},
				"east": {"uv": [13, 7, 14, 8], "rotation": 90, "texture": "#0"},
				"south": {"uv": [13, 7, 14, 8], "texture": "#0"},
				"west": {"uv": [13, 7, 14, 8], "rotation": 270, "texture": "#0"},
				"up": {"uv": [13, 7, 14, 8], "texture": "#0"},
				"down": {"uv": [13, 8, 14, 7], "texture": "#0"}
			}
		},
		{
			"name": "poison_rune_54",
			"from": [4, 0, 8],
			"to": [5, 1.1, 9],
			"faces": {
				"north": {"uv": [5, 8, 4, 9], "texture": "#0"},
				"east": {"uv": [4, 8, 5, 9], "rotation": 90, "texture": "#0"},
				"south": {"uv": [4, 8, 5, 9], "texture": "#0"},
				"west": {"uv": [4, 8, 5, 9], "rotation": 270, "texture": "#0"},
				"up": {"uv": [4, 8, 5, 9], "texture": "#0"},
				"down": {"uv": [4, 9, 5, 8], "texture": "#0"}
			}
		},
		{
			"name": "poison_rune_55",
			"from": [5, 0, 8],
			"to": [6, 0.9, 9],
			"faces": {
				"north": {"uv": [6, 8, 5, 9], "texture": "#0"},
				"east": {"uv": [5, 8, 6, 9], "rotation": 90, "texture": "#0"},
				"south": {"uv": [5, 8, 6, 9], "texture": "#0"},
				"west": {"uv": [5, 8, 6, 9], "rotation": 270, "texture": "#0"},
				"up": {"uv": [5, 8, 6, 9], "texture": "#0"},
				"down": {"uv": [5, 9, 6, 8], "texture": "#0"}
			}
		},
		{
			"name": "poison_rune_56",
			"from": [6, 0, 8],
			"to": [7, 0.7, 9],
			"faces": {
				"north": {"uv": [7, 8, 6, 9], "texture": "#0"},
				"east": {"uv": [6, 8, 7, 9], "rotation": 90, "texture": "#0"},
				"south": {"uv": [6, 8, 7, 9], "texture": "#0"},
				"west": {"uv": [6, 8, 7, 9], "rotation": 270, "texture": "#0"},
				"up": {"uv": [6, 8, 7, 9], "texture": "#0"},
				"down": {"uv": [6, 9, 7, 8], "texture": "#0"}
			}
		},
		{
			"name": "poison_rune_57",
			"from": [7, 0, 8],
			"to": [8, 0.9, 9],
			"faces": {
				"north": {"uv": [8, 8, 7, 9], "texture": "#0"},
				"east": {"uv": [7, 8, 8, 9], "rotation": 90, "texture": "#0"},
				"south": {"uv": [7, 8, 8, 9], "texture": "#0"},
				"west": {"uv": [7, 8, 8, 9], "rotation": 270, "texture": "#0"},
				"up": {"uv": [7, 8, 8, 9], "texture": "#0"},
				"down": {"uv": [7, 9, 8, 8], "texture": "#0"}
			}
		},
		{
			"name": "poison_rune_58",
			"from": [8, 0, 8],
			"to": [9, 0.6, 9],
			"faces": {
				"north": {"uv": [9, 8, 8, 9], "texture": "#0"},
				"east": {"uv": [8, 8, 9, 9], "rotation": 90, "texture": "#0"},
				"south": {"uv": [8, 8, 9, 9], "texture": "#0"},
				"west": {"uv": [8, 8, 9, 9], "rotation": 270, "texture": "#0"},
				"up": {"uv": [8, 8, 9, 9], "texture": "#0"},
				"down": {"uv": [8, 9, 9, 8], "texture": "#0"}
			}
		},
		{
			"name": "poison_rune_59",
			"from": [9, 0, 8],
			"to": [10, 1, 9],
			"faces": {
				"north": {"uv": [10, 8, 9, 9], "texture": "#0"},
				"east": {"uv": [9, 8, 10, 9], "rotation": 90, "texture": "#0"},
				"south": {"uv": [9, 8, 10, 9], "texture": "#0"},
				"west": {"uv": [9, 8, 10, 9], "rotation": 270, "texture": "#0"},
				"up": {"uv": [9, 8, 10, 9], "texture": "#0"},
				"down": {"uv": [9, 9, 10, 8], "texture": "#0"}
			}
		},
		{
			"name": "poison_rune_60",
			"from": [10, 0, 8],
			"to": [11, 1.1, 9],
			"faces": {
				"north": {"uv": [11, 8, 10, 9], "texture": "#0"},
				"east": {"uv": [10, 8, 11, 9], "rotation": 90, "texture": "#0"},
				"south": {"uv": [10, 8, 11, 9], "texture": "#0"},
				"west": {"uv": [10, 8, 11, 9], "rotation": 270, "texture": "#0"},
				"up": {"uv": [10, 8, 11, 9], "texture": "#0"},
				"down": {"uv": [10, 9, 11, 8], "texture": "#0"}
			}
		},
		{
			"name": "poison_rune_61",
			"from": [11, 0, 8],
			"to": [12, 0.7, 9],
			"faces": {
				"north": {"uv": [12, 8, 11, 9], "texture": "#0"},
				"east": {"uv": [11, 8, 12, 9], "rotation": 90, "texture": "#0"},
				"south": {"uv": [11, 8, 12, 9], "texture": "#0"},
				"west": {"uv": [11, 8, 12, 9], "rotation": 270, "texture": "#0"},
				"up": {"uv": [11, 8, 12, 9], "texture": "#0"},
				"down": {"uv": [11, 9, 12, 8], "texture": "#0"}
			}
		},
		{
			"name": "poison_rune_62",
			"from": [12, 0, 8],
			"to": [13, 1, 9],
			"faces": {
				"north": {"uv": [13, 8, 12, 9], "texture": "#0"},
				"east": {"uv": [12, 8, 13, 9], "rotation": 90, "texture": "#0"},
				"south": {"uv": [12, 8, 13, 9], "texture": "#0"},
				"west": {"uv": [12, 8, 13, 9], "rotation": 270, "texture": "#0"},
				"up": {"uv": [12, 8, 13, 9], "texture": "#0"},
				"down": {"uv": [12, 9, 13, 8], "texture": "#0"}
			}
		},
		{
			"name": "poison_rune_63",
			"from": [13, 0, 8],
			"to": [14, 1, 9],
			"faces": {
				"north": {"uv": [14, 8, 13, 9], "texture": "#0"},
				"east": {"uv": [13, 8, 14, 9], "rotation": 90, "texture": "#0"},
				"south": {"uv": [13, 8, 14, 9], "texture": "#0"},
				"west": {"uv": [13, 8, 14, 9], "rotation": 270, "texture": "#0"},
				"up": {"uv": [13, 8, 14, 9], "texture": "#0"},
				"down": {"uv": [13, 9, 14, 8], "texture": "#0"}
			}
		},
		{
			"name": "poison_rune_64",
			"from": [4, 0, 9],
			"to": [5, 1, 10],
			"faces": {
				"north": {"uv": [5, 9, 4, 10], "texture": "#0"},
				"east": {"uv": [4, 9, 5, 10], "rotation": 90, "texture": "#0"},
				"south": {"uv": [4, 9, 5, 10], "texture": "#0"},
				"west": {"uv": [4, 9, 5, 10], "rotation": 270, "texture": "#0"},
				"up": {"uv": [4, 9, 5, 10], "texture": "#0"},
				"down": {"uv": [4, 10, 5, 9], "texture": "#0"}
			}
		},
		{
			"name": "poison_rune_65",
			"from": [5, 0, 9],
			"to": [6, 1.1, 10],
			"faces": {
				"north": {"uv": [6, 9, 5, 10], "texture": "#0"},
				"east": {"uv": [5, 9, 6, 10], "rotation": 90, "texture": "#0"},
				"south": {"uv": [5, 9, 6, 10], "texture": "#0"},
				"west": {"uv": [5, 9, 6, 10], "rotation": 270, "texture": "#0"},
				"up": {"uv": [5, 9, 6, 10], "texture": "#0"},
				"down": {"uv": [5, 10, 6, 9], "texture": "#0"}
			}
		},
		{
			"name": "poison_rune_66",
			"from": [6, 0, 9],
			"to": [7, 0.8, 10],
			"faces": {
				"north": {"uv": [7, 9, 6, 10], "texture": "#0"},
				"east": {"uv": [6, 9, 7, 10], "rotation": 90, "texture": "#0"},
				"south": {"uv": [6, 9, 7, 10], "texture": "#0"},
				"west": {"uv": [6, 9, 7, 10], "rotation": 270, "texture": "#0"},
				"up": {"uv": [6, 9, 7, 10], "texture": "#0"},
				"down": {"uv": [6, 10, 7, 9], "texture": "#0"}
			}
		},
		{
			"name": "poison_rune_67",
			"from": [7, 0, 9],
			"to": [8, 0.7, 10],
			"faces": {
				"north": {"uv": [8, 9, 7, 10], "texture": "#0"},
				"east": {"uv": [7, 9, 8, 10], "rotation": 90, "texture": "#0"},
				"south": {"uv": [7, 9, 8, 10], "texture": "#0"},
				"west": {"uv": [7, 9, 8, 10], "rotation": 270, "texture": "#0"},
				"up": {"uv": [7, 9, 8, 10], "texture": "#0"},
				"down": {"uv": [7, 10, 8, 9], "texture": "#0"}
			}
		},
		{
			"name": "poison_rune_68",
			"from": [8, 0, 9],
			"to": [9, 0.5, 10],
			"faces": {
				"north": {"uv": [9, 9, 8, 10], "texture": "#0"},
				"east": {"uv": [8, 9, 9, 10], "rotation": 90, "texture": "#0"},
				"south": {"uv": [8, 9, 9, 10], "texture": "#0"},
				"west": {"uv": [8, 9, 9, 10], "rotation": 270, "texture": "#0"},
				"up": {"uv": [8, 9, 9, 10], "texture": "#0"},
				"down": {"uv": [8, 10, 9, 9], "texture": "#0"}
			}
		},
		{
			"name": "poison_rune_69",
			"from": [9, 0, 9],
			"to": [10, 1.2, 10],
			"faces": {
				"north": {"uv": [10, 9, 9, 10], "texture": "#0"},
				"east": {"uv": [9, 9, 10, 10], "rotation": 90, "texture": "#0"},
				"south": {"uv": [9, 9, 10, 10], "texture": "#0"},
				"west": {"uv": [9, 9, 10, 10], "rotation": 270, "texture": "#0"},
				"up": {"uv": [9, 9, 10, 10], "texture": "#0"},
				"down": {"uv": [9, 10, 10, 9], "texture": "#0"}
			}
		},
		{
			"name": "poison_rune_70",
			"from": [10, 0, 9],
			"to": [11, 1, 10],
			"faces": {
				"north": {"uv": [11, 9, 10, 10], "texture": "#0"},
				"east": {"uv": [10, 9, 11, 10], "rotation": 90, "texture": "#0"},
				"south": {"uv": [10, 9, 11, 10], "texture": "#0"},
				"west": {"uv": [10, 9, 11, 10], "rotation": 270, "texture": "#0"},
				"up": {"uv": [10, 9, 11, 10], "texture": "#0"},
				"down": {"uv": [10, 10, 11, 9], "texture": "#0"}
			}
		},
		{
			"name": "poison_rune_71",
			"from": [11, 0, 9],
			"to": [12, 1, 10],
			"faces": {
				"north": {"uv": [12, 9, 11, 10], "texture": "#0"},
				"east": {"uv": [11, 9, 12, 10], "rotation": 90, "texture": "#0"},
				"south": {"uv": [11, 9, 12, 10], "texture": "#0"},
				"west": {"uv": [11, 9, 12, 10], "rotation": 270, "texture": "#0"},
				"up": {"uv": [11, 9, 12, 10], "texture": "#0"},
				"down": {"uv": [11, 10, 12, 9], "texture": "#0"}
			}
		},
		{
			"name": "poison_rune_72",
			"from": [12, 0, 9],
			"to": [13, 1.1, 10],
			"faces": {
				"north": {"uv": [13, 9, 12, 10], "texture": "#0"},
				"east": {"uv": [12, 9, 13, 10], "rotation": 90, "texture": "#0"},
				"south": {"uv": [12, 9, 13, 10], "texture": "#0"},
				"west": {"uv": [12, 9, 13, 10], "rotation": 270, "texture": "#0"},
				"up": {"uv": [12, 9, 13, 10], "texture": "#0"},
				"down": {"uv": [12, 10, 13, 9], "texture": "#0"}
			}
		},
		{
			"name": "poison_rune_73",
			"from": [5, 0, 10],
			"to": [6, 0.9, 11],
			"faces": {
				"north": {"uv": [6, 10, 5, 11], "texture": "#0"},
				"east": {"uv": [5, 10, 6, 11], "rotation": 90, "texture": "#0"},
				"south": {"uv": [5, 10, 6, 11], "texture": "#0"},
				"west": {"uv": [5, 10, 6, 11], "rotation": 270, "texture": "#0"},
				"up": {"uv": [5, 10, 6, 11], "texture": "#0"},
				"down": {"uv": [5, 11, 6, 10], "texture": "#0"}
			}
		},
		{
			"name": "poison_rune_74",
			"from": [6, 0, 10],
			"to": [7, 1.1, 11],
			"faces": {
				"north": {"uv": [7, 10, 6, 11], "texture": "#0"},
				"east": {"uv": [6, 10, 7, 11], "rotation": 90, "texture": "#0"},
				"south": {"uv": [6, 10, 7, 11], "texture": "#0"},
				"west": {"uv": [6, 10, 7, 11], "rotation": 270, "texture": "#0"},
				"up": {"uv": [6, 10, 7, 11], "texture": "#0"},
				"down": {"uv": [6, 11, 7, 10], "texture": "#0"}
			}
		},
		{
			"name": "poison_rune_75",
			"from": [7, 0, 10],
			"to": [8, 0.8, 11],
			"faces": {
				"north": {"uv": [8, 10, 7, 11], "texture": "#0"},
				"east": {"uv": [7, 10, 8, 11], "rotation": 90, "texture": "#0"},
				"south": {"uv": [7, 10, 8, 11], "texture": "#0"},
				"west": {"uv": [7, 10, 8, 11], "rotation": 270, "texture": "#0"},
				"up": {"uv": [7, 10, 8, 11], "texture": "#0"},
				"down": {"uv": [7, 11, 8, 10], "texture": "#0"}
			}
		},
		{
			"name": "poison_rune_76",
			"from": [8, 0, 10],
			"to": [9, 1, 11],
			"faces": {
				"north": {"uv": [9, 10, 8, 11], "texture": "#0"},
				"east": {"uv": [8, 10, 9, 11], "rotation": 90, "texture": "#0"},
				"south": {"uv": [8, 10, 9, 11], "texture": "#0"},
				"west": {"uv": [8, 10, 9, 11], "rotation": 270, "texture": "#0"},
				"up": {"uv": [8, 10, 9, 11], "texture": "#0"},
				"down": {"uv": [8, 11, 9, 10], "texture": "#0"}
			}
		},
		{
			"name": "poison_rune_77",
			"from": [9, 0, 10],
			"to": [10, 1.1, 11],
			"faces": {
				"north": {"uv": [10, 10, 9, 11], "texture": "#0"},
				"east": {"uv": [9, 10, 10, 11], "rotation": 90, "texture": "#0"},
				"south": {"uv": [9, 10, 10, 11], "texture": "#0"},
				"west": {"uv": [9, 10, 10, 11], "rotation": 270, "texture": "#0"},
				"up": {"uv": [9, 10, 10, 11], "texture": "#0"},
				"down": {"uv": [9, 11, 10, 10], "texture": "#0"}
			}
		},
		{
			"name": "poison_rune_78",
			"from": [10, 0, 10],
			"to": [11, 1.1, 11],
			"faces": {
				"north": {"uv": [11, 10, 10, 11], "texture": "#0"},
				"east": {"uv": [10, 10, 11, 11], "rotation": 90, "texture": "#0"},
				"south": {"uv": [10, 10, 11, 11], "texture": "#0"},
				"west": {"uv": [10, 10, 11, 11], "rotation": 270, "texture": "#0"},
				"up": {"uv": [10, 10, 11, 11], "texture": "#0"},
				"down": {"uv": [10, 11, 11, 10], "texture": "#0"}
			}
		},
		{
			"name": "poison_rune_79",
			"from": [11, 0, 10],
			"to": [12, 1, 11],
			"faces": {
				"north": {"uv": [12, 10, 11, 11], "texture": "#0"},
				"east": {"uv": [11, 10, 12, 11], "rotation": 90, "texture": "#0"},
				"south": {"uv": [11, 10, 12, 11], "texture": "#0"},
				"west": {"uv": [11, 10, 12, 11], "rotation": 270, "texture": "#0"},
				"up": {"uv": [11, 10, 12, 11], "texture": "#0"},
				"down": {"uv": [11, 11, 12, 10], "texture": "#0"}
			}
		},
		{
			"name": "poison_rune_80",
			"from": [6, 0, 11],
			"to": [7, 1, 12],
			"faces": {
				"north": {"uv": [7, 11, 6, 12], "texture": "#0"},
				"east": {"uv": [6, 11, 7, 12], "rotation": 90, "texture": "#0"},
				"south": {"uv": [6, 11, 7, 12], "texture": "#0"},
				"west": {"uv": [6, 11, 7, 12], "rotation": 270, "texture": "#0"},
				"up": {"uv": [6, 11, 7, 12], "texture": "#0"},
				"down": {"uv": [6, 12, 7, 11], "texture": "#0"}
			}
		},
		{
			"name": "poison_rune_81",
			"from": [7, 0, 11],
			"to": [8, 1.1, 12],
			"faces": {
				"north": {"uv": [8, 11, 7, 12], "texture": "#0"},
				"east": {"uv": [7, 11, 8, 12], "rotation": 90, "texture": "#0"},
				"south": {"uv": [7, 11, 8, 12], "texture": "#0"},
				"west": {"uv": [7, 11, 8, 12], "rotation": 270, "texture": "#0"},
				"up": {"uv": [7, 11, 8, 12], "texture": "#0"},
				"down": {"uv": [7, 12, 8, 11], "texture": "#0"}
			}
		},
		{
			"name": "poison_rune_82",
			"from": [8, 0, 11],
			"to": [9, 1.2, 12],
			"faces": {
				"north": {"uv": [9, 11, 8, 12], "texture": "#0"},
				"east": {"uv": [8, 11, 9, 12], "rotation": 90, "texture": "#0"},
				"south": {"uv": [8, 11, 9, 12], "texture": "#0"},
				"west": {"uv": [8, 11, 9, 12], "rotation": 270, "texture": "#0"},
				"up": {"uv": [8, 11, 9, 12], "texture": "#0"},
				"down": {"uv": [8, 12, 9, 11], "texture": "#0"}
			}
		},
		{
			"name": "poison_rune_83",
			"from": [9, 0, 11],
			"to": [10, 1.1, 12],
			"faces": {
				"north": {"uv": [10, 11, 9, 12], "texture": "#0"},
				"east": {"uv": [9, 11, 10, 12], "rotation": 90, "texture": "#0"},
				"south": {"uv": [9, 11, 10, 12], "texture": "#0"},
				"west": {"uv": [9, 11, 10, 12], "rotation": 270, "texture": "#0"},
				"up": {"uv": [9, 11, 10, 12], "texture": "#0"},
				"down": {"uv": [9, 12, 10, 11], "texture": "#0"}
			}
		},
		{
			"name": "poison_rune_84",
			"from": [10, 0, 11],
			"to": [11, 1, 12],
			"faces": {
				"north": {"uv": [11, 11, 10, 12], "texture": "#0"},
				"east": {"uv": [10, 11, 11, 12], "rotation": 90, "texture": "#0"},
				"south": {"uv": [10, 11, 11, 12], "texture": "#0"},
				"west": {"uv": [10, 11, 11, 12], "rotation": 270, "texture": "#0"},
				"up": {"uv": [10, 11, 11, 12], "texture": "#0"},
				"down": {"uv": [10, 12, 11, 11], "texture": "#0"}
			}
		},
		{
			"name": "poison_rune_85",
			"from": [11, 0, 11],
			"to": [12, 1.1, 12],
			"faces": {
				"north": {"uv": [12, 11, 11, 12], "texture": "#0"},
				"east": {"uv": [11, 11, 12, 12], "rotation": 90, "texture": "#0"},
				"south": {"uv": [11, 11, 12, 12], "texture": "#0"},
				"west": {"uv": [11, 11, 12, 12], "rotation": 270, "texture": "#0"},
				"up": {"uv": [11, 11, 12, 12], "texture": "#0"},
				"down": {"uv": [11, 12, 12, 11], "texture": "#0"}
			}
		},
		{
			"name": "poison_rune_86",
			"from": [6, 0, 12],
			"to": [7, 1, 13],
			"faces": {
				"north": {"uv": [7, 12, 6, 13], "texture": "#0"},
				"east": {"uv": [6, 12, 7, 13], "rotation": 90, "texture": "#0"},
				"south": {"uv": [6, 12, 7, 13], "texture": "#0"},
				"west": {"uv": [6, 12, 7, 13], "rotation": 270, "texture": "#0"},
				"up": {"uv": [6, 12, 7, 13], "texture": "#0"},
				"down": {"uv": [6, 13, 7, 12], "texture": "#0"}
			}
		},
		{
			"name": "poison_rune_87",
			"from": [7, 0, 12],
			"to": [8, 1.1, 13],
			"faces": {
				"north": {"uv": [8, 12, 7, 13], "texture": "#0"},
				"east": {"uv": [7, 12, 8, 13], "rotation": 90, "texture": "#0"},
				"south": {"uv": [7, 12, 8, 13], "texture": "#0"},
				"west": {"uv": [7, 12, 8, 13], "rotation": 270, "texture": "#0"},
				"up": {"uv": [7, 12, 8, 13], "texture": "#0"},
				"down": {"uv": [7, 13, 8, 12], "texture": "#0"}
			}
		},
		{
			"name": "poison_rune_88",
			"from": [8, 0, 12],
			"to": [9, 1.1, 13],
			"faces": {
				"north": {"uv": [9, 12, 8, 13], "texture": "#0"},
				"east": {"uv": [8, 12, 9, 13], "rotation": 90, "texture": "#0"},
				"south": {"uv": [8, 12, 9, 13], "texture": "#0"},
				"west": {"uv": [8, 12, 9, 13], "rotation": 270, "texture": "#0"},
				"up": {"uv": [8, 12, 9, 13], "texture": "#0"},
				"down": {"uv": [8, 13, 9, 12], "texture": "#0"}
			}
		},
		{
			"name": "poison_rune_89",
			"from": [9, 0, 12],
			"to": [10, 1, 13],
			"faces": {
				"north": {"uv": [10, 12, 9, 13], "texture": "#0"},
				"east": {"uv": [9, 12, 10, 13], "rotation": 90, "texture": "#0"},
				"south": {"uv": [9, 12, 10, 13], "texture": "#0"},
				"west": {"uv": [9, 12, 10, 13], "rotation": 270, "texture": "#0"},
				"up": {"uv": [9, 12, 10, 13], "texture": "#0"},
				"down": {"uv": [9, 13, 10, 12], "texture": "#0"}
			}
		},
		{
			"name": "poison_rune_90",
			"from": [10, 0, 12],
			"to": [11, 1, 13],
			"faces": {
				"north": {"uv": [11, 12, 10, 13], "texture": "#0"},
				"east": {"uv": [10, 12, 11, 13], "rotation": 90, "texture": "#0"},
				"south": {"uv": [10, 12, 11, 13], "texture": "#0"},
				"west": {"uv": [10, 12, 11, 13], "rotation": 270, "texture": "#0"},
				"up": {"uv": [10, 12, 11, 13], "texture": "#0"},
				"down": {"uv": [10, 13, 11, 12], "texture": "#0"}
			}
		},
		{
			"name": "poison_rune_91",
			"from": [7, 0, 13],
			"to": [8, 0.9, 14],
			"faces": {
				"north": {"uv": [8, 13, 7, 14], "texture": "#0"},
				"east": {"uv": [7, 13, 8, 14], "rotation": 90, "texture": "#0"},
				"south": {"uv": [7, 13, 8, 14], "texture": "#0"},
				"west": {"uv": [7, 13, 8, 14], "rotation": 270, "texture": "#0"},
				"up": {"uv": [7, 13, 8, 14], "texture": "#0"},
				"down": {"uv": [7, 14, 8, 13], "texture": "#0"}
			}
		},
		{
			"name": "poison_rune_92",
			"from": [8, 0, 13],
			"to": [9, 1.1, 14],
			"faces": {
				"north": {"uv": [9, 13, 8, 14], "texture": "#0"},
				"east": {"uv": [8, 13, 9, 14], "rotation": 90, "texture": "#0"},
				"south": {"uv": [8, 13, 9, 14], "texture": "#0"},
				"west": {"uv": [8, 13, 9, 14], "rotation": 270, "texture": "#0"},
				"up": {"uv": [8, 13, 9, 14], "texture": "#0"},
				"down": {"uv": [8, 14, 9, 13], "texture": "#0"}
			}
		},
		{
			"name": "poison_rune_93",
			"from": [9, 0, 13],
			"to": [10, 1, 14],
			"faces": {
				"north": {"uv": [10, 13, 9, 14], "texture": "#0"},
				"east": {"uv": [9, 13, 10, 14], "rotation": 90, "texture": "#0"},
				"south": {"uv": [9, 13, 10, 14], "texture": "#0"},
				"west": {"uv": [9, 13, 10, 14], "rotation": 270, "texture": "#0"},
				"up": {"uv": [9, 13, 10, 14], "texture": "#0"},
				"down": {"uv": [9, 14, 10, 13], "texture": "#0"}
			}
		},
		{
			"name": "poison_rune_94",
			"from": [10, 0, 13],
			"to": [11, 0.9, 14],
			"faces": {
				"north": {"uv": [11, 13, 10, 14], "texture": "#0"},
				"east": {"uv": [10, 13, 11, 14], "rotation": 90, "texture": "#0"},
				"south": {"uv": [10, 13, 11, 14], "texture": "#0"},
				"west": {"uv": [10, 13, 11, 14], "rotation": 270, "texture": "#0"},
				"up": {"uv": [10, 13, 11, 14], "texture": "#0"},
				"down": {"uv": [10, 14, 11, 13], "texture": "#0"}
			}
		}
	],
	"gui_light": "front",
	"display": {
		"thirdperson_righthand": {
			"rotation": [159, 1, -180],
			"translation": [0, 3.5, -1],
			"scale": [0.5, 0.5, 0.5]
		},
		"thirdperson_lefthand": {
			"rotation": [159, 1, -180],
			"translation": [0, 3.75, -1],
			"scale": [0.5, 0.5, 0.5]
		},
		"firstperson_righthand": {
			"rotation": [58, -2, 16],
			"translation": [-1, 3.75, 2.5],
			"scale": [0.4, 0.4, 0.4]
		},
		"firstperson_lefthand": {
			"rotation": [58, -2, 16],
			"translation": [-1, 3.75, 2.5],
			"scale": [0.4, 0.4, 0.4]
		},
		"ground": {
			"translation": [0, 0.25, 0],
			"scale": [0.5, 0.5, 0.5]
		},
		"gui": {
			"rotation": [90, 0, 0],
			"translation": [-0.75, 0, 0]
		},
		"head": {
			"translation": [0, -37, 0],
			"scale": [0.8, 0.8, 0.8]
		},
		"fixed": {
			"rotation": [-90, -180, 0],
			"translation": [0, 0, -7.5]
		}
	},
	"groups": [
		{
			"name": "poison_rune",
			"origin": [8, 8, 8],
			"children": [0, 1, 2, 3, 4, 5, 6, 7, 8, 9, 10, 11, 12, 13, 14, 15, 16, 17, 18, 19, 20, 21, 22, 23, 24, 25, 26, 27, 28, 29, 30, 31, 32, 33, 34, 35, 36, 37, 38, 39, 40, 41, 42, 43, 44, 45, 46, 47, 48, 49, 50, 51, 52, 53, 54, 55, 56, 57, 58, 59, 60, 61, 62, 63, 64, 65, 66, 67, 68, 69, 70, 71, 72, 73, 74, 75, 76, 77, 78, 79, 80, 81, 82, 83, 84, 85, 86, 87, 88, 89, 90, 91, 92, 93, 94]
		}
	]
}