{
	"credit": "Made with Blockbench",
	"texture_size": [64, 64],
	"textures": {
		"1": "block/black_concrete",
		"2": "block/lapis_block",
		"3": "block/gold_block",
		"particle": "block/lapis_block"
	},
	"elements": [
		{
			"from": [3.6, 0.4, 3.6],
			"to": [12.4, 2.1, 12.4],
			"rotation": {"angle": 0, "axis": "y", "origin": [8, 1.6, 8]},
			"faces": {
				"north": {"uv": [0, 0, 16, 2], "texture": "#1"},
				"east": {"uv": [0, 0, 16, 2], "texture": "#1"},
				"south": {"uv": [0, 0, 16, 2], "texture": "#1"},
				"west": {"uv": [0, 0, 16, 2], "texture": "#1"},
				"up": {"uv": [0, 0, 16, 16], "texture": "#1"},
				"down": {"uv": [0, 0, 16, 16], "texture": "#1"}
			}
		},
		{
			"from": [3.7, 2.1, 3.7],
			"to": [12.3, 5, 12.3],
			"rotation": {"angle": 0, "axis": "y", "origin": [14, 10.1, 16]},
			"faces": {
				"north": {"uv": [1, 2, 16, 7.25], "texture": "#2"},
				"east": {"uv": [1, 2, 16, 7.25], "texture": "#2"},
				"south": {"uv": [1, 2, 16, 7.25], "texture": "#2"},
				"west": {"uv": [1, 2, 16, 7.25], "texture": "#2"},
				"up": {"uv": [1, 1, 15, 15], "texture": "#2"},
				"down": {"uv": [1, 1, 15, 15], "texture": "#2"}
			}
		},
		{
			"from": [4.7, 0.47997, 0.6],
			"to": [11.3, 0.77997, 3.6],
			"rotation": {"angle": 0, "axis": "z", "origin": [7.98336, 0.01554, 2.1]},
			"faces": {
				"north": {"uv": [0, 0, 15.75, 0.69675], "texture": "#1"},
				"east": {"uv": [0, 0, 15.75, 0.69675], "texture": "#1"},
				"south": {"uv": [0, 0, 15.75, 0.69675], "texture": "#1"},
				"west": {"uv": [0, 0, 15.75, 0.69675], "texture": "#1"},
				"up": {"uv": [0, 0, 10.75, 5.69675], "texture": "#1"},
				"down": {"uv": [0, 0, 10.75, 5.69675], "texture": "#1"}
			}
		},
		{
			"from": [6.9, 1.5, 3],
			"to": [9.1, 3.6, 4.8],
			"rotation": {"angle": 0, "axis": "y", "origin": [15.2, 9.5, 11]},
			"faces": {
				"north": {"uv": [8, 5, 12.5, 9.5], "texture": "#3"},
				"east": {"uv": [8, 5, 12.5, 9.5], "texture": "#3"},
				"south": {"uv": [8, 5, 12.5, 9.5], "texture": "#3"},
				"west": {"uv": [8, 5, 12.5, 9.5], "texture": "#3"},
				"up": {"uv": [8, 5, 12.5, 9.5], "texture": "#3"},
				"down": {"uv": [8, 5, 12.5, 9.5], "texture": "#3"}
			}
		}
	],
	"display": {
		"thirdperson_righthand": {
			"rotation": [75, 45, 0],
			"translation": [0, 2.5, 1.75],
			"scale": [0.375, 0.375, 0.375]
		},
		"thirdperson_lefthand": {
			"rotation": [75, 45, 0],
			"translation": [0, 2.5, 1.75],
			"scale": [0.375, 0.375, 0.375]
		},
		"firstperson_righthand": {
			"rotation": [0, 90, 0],
			"translation": [0, 3, 0],
			"scale": [0.4, 0.4, 0.4]
		},
		"firstperson_lefthand": {
			"rotation": [0, 90, 0],
			"translation": [0, 3, 0],
			"scale": [0.4, 0.4, 0.4]
		},
		"ground": {
			"translation": [0, 6.25, 0],
			"scale": [1.25, 1.25, 1.25]
		},
		"gui": {
			"rotation": [30, 225, 0],
			"translation": [0, 3, 0],
			"scale": [0.75, 0.75, 0.75]
		},
		"head": {
			"translation": [0, 13.25, 0],
			"scale": [1.6, 1.6, 1.6]
		},
		"fixed": {
			"rotation": [-90, 0, 0],
			"translation": [0, 0, -23],
			"scale": [3, 3, 3]
		}
	},
	"groups": [
		{
			"name": "group",
			"origin": [15.2, 16.4, 11],
			"children": [0, 1, 2, 3]
		}
	]
}