{
	"credit": "Made with Blockbench",
	"textures": {
		"0": "block/anvil",
		"1": "block/gray_concrete",
		"3": "block/iron_block",
		"particle": "block/anvil"
	},
	"elements": [
		{
			"from": [1, 0, 6],
			"to": [15, 9, 14],
			"rotation": {"angle": 0, "axis": "y", "origin": [16, 8, 15]},
			"faces": {
				"north": {"uv": [0, 0, 16, 12], "texture": "#0"},
				"east": {"uv": [0, 0, 12, 14], "texture": "#0"},
				"south": {"uv": [0, 0, 16, 12], "texture": "#0"},
				"west": {"uv": [0, 0, 12, 14], "texture": "#0"},
				"up": {"uv": [0, 0, 15, 11], "texture": "#0"},
				"down": {"uv": [0, 0, 15, 11], "texture": "#0"}
			}
		},
		{
			"from": [1, 8, 5],
			"to": [15, 9, 6],
			"rotation": {"angle": 0, "axis": "y", "origin": [16, 8, 14]},
			"faces": {
				"north": {"uv": [0, 0, 15, 2], "texture": "#0"},
				"east": {"uv": [0, 12, 2, 14], "texture": "#0"},
				"south": {"uv": [0, 0, 15, 2], "texture": "#0"},
				"west": {"uv": [0, 14, 2, 16], "texture": "#0"},
				"up": {"uv": [0, 2, 15, 4], "texture": "#0"},
				"down": {"uv": [0, 7, 15, 9], "texture": "#0"}
			}
		},
		{
			"from": [1, 0, 5],
			"to": [15, 1, 6],
			"rotation": {"angle": 0, "axis": "y", "origin": [16, 0, 14]},
			"faces": {
				"north": {"uv": [0, 6, 15, 8], "texture": "#0"},
				"east": {"uv": [0, 11, 2, 13], "texture": "#0"},
				"south": {"uv": [0, 0, 15, 2], "texture": "#0"},
				"west": {"uv": [0, 14, 2, 16], "texture": "#0"},
				"up": {"uv": [0, 0, 15, 2], "texture": "#0"},
				"down": {"uv": [0, 12, 15, 14], "texture": "#0"}
			}
		},
		{
			"from": [1, 1, 5],
			"to": [2, 8, 6],
			"rotation": {"angle": 0, "axis": "z", "origin": [1.5, 4.5, 5.5]},
			"faces": {
				"north": {"uv": [0, 0, 15, 2], "rotation": 90, "texture": "#0"},
				"east": {"uv": [1, 4, 16, 6], "rotation": 90, "texture": "#0"},
				"south": {"uv": [0, 0, 15, 2], "rotation": 90, "texture": "#0"},
				"west": {"uv": [0, 12, 15, 14], "rotation": 90, "texture": "#0"},
				"up": {"uv": [0, 0, 1, 1], "rotation": 270, "texture": "#0"},
				"down": {"uv": [0, 0, 1, 1], "rotation": 270, "texture": "#0"}
			}
		},
		{
			"from": [14, 1, 5],
			"to": [15, 8, 6],
			"rotation": {"angle": 0, "axis": "z", "origin": [14.5, 4.5, 5.5]},
			"faces": {
				"north": {"uv": [1, 10, 16, 12], "rotation": 90, "texture": "#0"},
				"east": {"uv": [12, 1, 14, 13], "texture": "#0"},
				"south": {"uv": [0, 0, 15, 2], "rotation": 90, "texture": "#0"},
				"west": {"uv": [0, 5, 15, 7], "rotation": 90, "texture": "#0"},
				"up": {"uv": [0, 0, 1, 1], "rotation": 270, "texture": "#0"},
				"down": {"uv": [0, 0, 1, 1], "rotation": 270, "texture": "#0"}
			}
		},
		{
			"from": [4.5, 2, 5.5],
			"to": [12.4, 7, 6],
			"rotation": {"angle": 0, "axis": "y", "origin": [19.4, 11, 13]},
			"faces": {
				"north": {"uv": [2, 2, 15, 11], "texture": "#1"},
				"east": {"uv": [0, 0, 0.5, 5], "texture": "#1"},
				"south": {"uv": [0, 0, 7.9, 5], "texture": "#1"},
				"west": {"uv": [0, 0, 0.5, 5], "texture": "#1"},
				"up": {"uv": [0, 0, 7.9, 0.5], "texture": "#1"},
				"down": {"uv": [0, 0, 7.9, 0.5], "texture": "#1"}
			}
		},
		{
			"from": [5, 2.5, 5.25],
			"to": [8, 6.5, 5.3],
			"rotation": {"angle": 0, "axis": "y", "origin": [14, 11, 13.3]},
			"faces": {
				"north": {"uv": [0, 0, 3, 4], "texture": "#0"},
				"east": {"uv": [0, 0, 0.2, 4], "texture": "#0"},
				"south": {"uv": [0, 0, 2.8, 4], "texture": "#0"},
				"west": {"uv": [0, 0, 0.2, 4], "texture": "#0"},
				"up": {"uv": [0, 0, 2.8, 0.2], "texture": "#0"},
				"down": {"uv": [0, 0, 2.8, 0.2], "texture": "#0"}
			}
		},
		{
			"from": [9.35, 3.5, 4.95],
			"to": [11.35, 5.5, 5.3],
			"rotation": {"angle": 0, "axis": "y", "origin": [17.35, 11, 13.3]},
			"faces": {
				"north": {"uv": [4, 3, 11, 10], "texture": "#3"},
				"east": {"uv": [0, 0, 0.2, 4], "texture": "#3"},
				"south": {"uv": [0, 0, 2.8, 4], "texture": "#3"},
				"west": {"uv": [0, 0, 0.2, 4], "texture": "#3"},
				"up": {"uv": [0, 0, 2.8, 0.2], "texture": "#3"},
				"down": {"uv": [0, 0, 2.8, 0.2], "texture": "#3"}
			}
		},
		{
			"from": [7.2, 2.7, 5.2],
			"to": [7.8, 3.3, 5.3],
			"rotation": {"angle": 0, "axis": "y", "origin": [15, 10.5, 13.2]},
			"faces": {
				"north": {"uv": [0, 0, 1, 1], "texture": "#3"},
				"east": {"uv": [0, 0, 1, 1], "texture": "#3"},
				"south": {"uv": [0, 0, 1, 1], "texture": "#3"},
				"west": {"uv": [0, 0, 1, 1], "texture": "#3"},
				"up": {"uv": [0, 0, 1, 1], "texture": "#3"},
				"down": {"uv": [0, 0, 1, 1], "texture": "#3"}
			}
		},
		{
			"from": [6.2, 2.7, 5.2],
			"to": [6.8, 3.3, 5.3],
			"rotation": {"angle": 0, "axis": "y", "origin": [14, 10.5, 13.2]},
			"faces": {
				"north": {"uv": [0, 0, 1, 1], "texture": "#3"},
				"east": {"uv": [0, 0, 1, 1], "texture": "#3"},
				"south": {"uv": [0, 0, 1, 1], "texture": "#3"},
				"west": {"uv": [0, 0, 1, 1], "texture": "#3"},
				"up": {"uv": [0, 0, 1, 1], "texture": "#3"},
				"down": {"uv": [0, 0, 1, 1], "texture": "#3"}
			}
		},
		{
			"from": [5.2, 2.7, 5.2],
			"to": [5.8, 3.3, 5.3],
			"rotation": {"angle": 0, "axis": "y", "origin": [13, 10.5, 13.2]},
			"faces": {
				"north": {"uv": [0, 0, 1, 1], "texture": "#3"},
				"east": {"uv": [0, 0, 1, 1], "texture": "#3"},
				"south": {"uv": [0, 0, 1, 1], "texture": "#3"},
				"west": {"uv": [0, 0, 1, 1], "texture": "#3"},
				"up": {"uv": [0, 0, 1, 1], "texture": "#3"},
				"down": {"uv": [0, 0, 1, 1], "texture": "#3"}
			}
		},
		{
			"from": [5.2, 3.7, 5.2],
			"to": [5.8, 4.3, 5.3],
			"rotation": {"angle": 0, "axis": "y", "origin": [13, 11.5, 13.2]},
			"faces": {
				"north": {"uv": [0, 0, 1, 1], "texture": "#3"},
				"east": {"uv": [0, 0, 1, 1], "texture": "#3"},
				"south": {"uv": [0, 0, 1, 1], "texture": "#3"},
				"west": {"uv": [0, 0, 1, 1], "texture": "#3"},
				"up": {"uv": [0, 0, 1, 1], "texture": "#3"},
				"down": {"uv": [0, 0, 1, 1], "texture": "#3"}
			}
		},
		{
			"from": [5.2, 4.7, 5.2],
			"to": [5.8, 5.3, 5.3],
			"rotation": {"angle": 0, "axis": "y", "origin": [13, 12.5, 13.2]},
			"faces": {
				"north": {"uv": [0, 0, 1, 1], "texture": "#3"},
				"east": {"uv": [0, 0, 1, 1], "texture": "#3"},
				"south": {"uv": [0, 0, 1, 1], "texture": "#3"},
				"west": {"uv": [0, 0, 1, 1], "texture": "#3"},
				"up": {"uv": [0, 0, 1, 1], "texture": "#3"},
				"down": {"uv": [0, 0, 1, 1], "texture": "#3"}
			}
		},
		{
			"from": [5.2, 5.7, 5.2],
			"to": [5.8, 6.3, 5.3],
			"rotation": {"angle": 0, "axis": "y", "origin": [13, 13.5, 13.2]},
			"faces": {
				"north": {"uv": [0, 0, 1, 1], "texture": "#3"},
				"east": {"uv": [0, 0, 1, 1], "texture": "#3"},
				"south": {"uv": [0, 0, 1, 1], "texture": "#3"},
				"west": {"uv": [0, 0, 1, 1], "texture": "#3"},
				"up": {"uv": [0, 0, 1, 1], "texture": "#3"},
				"down": {"uv": [0, 0, 1, 1], "texture": "#3"}
			}
		},
		{
			"from": [6.2, 5.7, 5.2],
			"to": [6.8, 6.3, 5.3],
			"rotation": {"angle": 0, "axis": "y", "origin": [14, 13.5, 13.2]},
			"faces": {
				"north": {"uv": [0, 0, 1, 1], "texture": "#3"},
				"east": {"uv": [0, 0, 1, 1], "texture": "#3"},
				"south": {"uv": [0, 0, 1, 1], "texture": "#3"},
				"west": {"uv": [0, 0, 1, 1], "texture": "#3"},
				"up": {"uv": [0, 0, 1, 1], "texture": "#3"},
				"down": {"uv": [0, 0, 1, 1], "texture": "#3"}
			}
		},
		{
			"from": [6.2, 4.7, 5.2],
			"to": [6.8, 5.3, 5.3],
			"rotation": {"angle": 0, "axis": "y", "origin": [14, 12.5, 13.2]},
			"faces": {
				"north": {"uv": [0, 0, 1, 1], "texture": "#3"},
				"east": {"uv": [0, 0, 1, 1], "texture": "#3"},
				"south": {"uv": [0, 0, 1, 1], "texture": "#3"},
				"west": {"uv": [0, 0, 1, 1], "texture": "#3"},
				"up": {"uv": [0, 0, 1, 1], "texture": "#3"},
				"down": {"uv": [0, 0, 1, 1], "texture": "#3"}
			}
		},
		{
			"from": [6.2, 3.7, 5.2],
			"to": [6.8, 4.3, 5.3],
			"rotation": {"angle": 0, "axis": "y", "origin": [14, 11.5, 13.2]},
			"faces": {
				"north": {"uv": [0, 0, 1, 1], "texture": "#3"},
				"east": {"uv": [0, 0, 1, 1], "texture": "#3"},
				"south": {"uv": [0, 0, 1, 1], "texture": "#3"},
				"west": {"uv": [0, 0, 1, 1], "texture": "#3"},
				"up": {"uv": [0, 0, 1, 1], "texture": "#3"},
				"down": {"uv": [0, 0, 1, 1], "texture": "#3"}
			}
		},
		{
			"from": [7.2, 3.7, 5.2],
			"to": [7.8, 4.3, 5.3],
			"rotation": {"angle": 0, "axis": "y", "origin": [15, 11.5, 13.2]},
			"faces": {
				"north": {"uv": [0, 0, 1, 1], "texture": "#3"},
				"east": {"uv": [0, 0, 1, 1], "texture": "#3"},
				"south": {"uv": [0, 0, 1, 1], "texture": "#3"},
				"west": {"uv": [0, 0, 1, 1], "texture": "#3"},
				"up": {"uv": [0, 0, 1, 1], "texture": "#3"},
				"down": {"uv": [0, 0, 1, 1], "texture": "#3"}
			}
		},
		{
			"from": [7.2, 4.7, 5.2],
			"to": [7.8, 5.3, 5.3],
			"rotation": {"angle": 0, "axis": "y", "origin": [15, 12.5, 13.2]},
			"faces": {
				"north": {"uv": [0, 0, 1, 1], "texture": "#3"},
				"east": {"uv": [0, 0, 1, 1], "texture": "#3"},
				"south": {"uv": [0, 0, 1, 1], "texture": "#3"},
				"west": {"uv": [0, 0, 1, 1], "texture": "#3"},
				"up": {"uv": [0, 0, 1, 1], "texture": "#3"},
				"down": {"uv": [0, 0, 1, 1], "texture": "#3"}
			}
		},
		{
			"from": [7.2, 5.7, 5.2],
			"to": [7.8, 6.3, 5.3],
			"rotation": {"angle": 0, "axis": "y", "origin": [15, 13.5, 13.2]},
			"faces": {
				"north": {"uv": [0, 0, 1, 1], "texture": "#3"},
				"east": {"uv": [0, 0, 1, 1], "texture": "#3"},
				"south": {"uv": [0, 0, 1, 1], "texture": "#3"},
				"west": {"uv": [0, 0, 1, 1], "texture": "#3"},
				"up": {"uv": [0, 0, 1, 1], "texture": "#3"},
				"down": {"uv": [0, 0, 1, 1], "texture": "#3"}
			}
		}
	],
	"display": {
		"thirdperson_righthand": {
			"rotation": [69, 0, 0],
			"translation": [-6, 5, 1.5],
			"scale": [0.8, 0.8, 0.8]
		},
		"thirdperson_lefthand": {
			"rotation": [69, 0, 0],
			"translation": [-6, 5, 1.5],
			"scale": [0.8, 0.8, 0.8]
		},
		"firstperson_righthand": {
			"rotation": [15, 0, 0],
			"translation": [-9.25, 6.5, 2],
			"scale": [0.8, 0.8, 0.8]
		},
		"firstperson_lefthand": {
			"rotation": [15, 0, 0],
			"translation": [-9.25, 6.5, 2],
			"scale": [0.8, 0.8, 0.8]
		},
		"ground": {
			"translation": [0, 4.5, 0]
		},
		"gui": {
			"rotation": [30, 225, 0],
			"translation": [0, 1.75, 0],
			"scale": [0.7, 0.7, 0.7]
		},
		"head": {
			"translation": [0, -32.8, -1.5],
			"scale": [1.3, 1.3, 1.3]
		},
		"fixed": {
			"rotation": [-90, 0, 0],
			"translation": [0, -5.75, -14.75],
			"scale": [2.1, 2.1, 2.1]
		}
	},
	"groups": [0, 1, 2, 3, 4, 5, 6, 7,
		{
			"name": "Keypad",
			"origin": [15, 10.5, 13.2],
			"children": [8, 9, 10, 11, 12, 13, 14, 15, 16, 17, 18, 19]
		}
	]
}