{
	"credit": "Made with Blockbench",
	"textures": {
		"1": "block/anvil",
		"3": "block/cauldron_top",
		"4": "block/black_concrete",
		"5": "block/daylight_detector_inverted_top",
		"particle": "block/cauldron_top"
	},
	"elements": [
		{
			"from": [6.82639, 8.15, 6.40833],
			"to": [9.20139, 9.95, 6.68333],
			"rotation": {"angle": -22.5, "axis": "x", "origin": [15.65139, 15.8, 10.40833]},
			"faces": {
				"north": {"uv": [0, 0, 16, 16], "texture": "#3"},
				"east": {"uv": [6, 7, 7, 12], "texture": "#1"},
				"south": {"uv": [4, 4, 10, 11], "texture": "#1"},
				"west": {"uv": [6, 7, 7, 12], "texture": "#1"},
				"up": {"uv": [6, 7, 11, 8], "texture": "#1"},
				"down": {"uv": [6, 7, 11, 8], "texture": "#1"}
			}
		},
		{
			"from": [6.95139, 7.8, 2.40833],
			"to": [9.05139, 9.8, 6.48333],
			"rotation": {"angle": -22.5, "axis": "x", "origin": [15.65139, 15.8, 10.40833]},
			"faces": {
				"north": {"uv": [0, 0, 16, 16], "texture": "#3"},
				"east": {"uv": [6, 7, 15, 12], "texture": "#1"},
				"south": {"uv": [4, 4, 10, 10], "texture": "#1"},
				"west": {"uv": [6, 7, 15, 12], "texture": "#1"},
				"up": {"uv": [6, 7, 15, 12], "texture": "#1"},
				"down": {"uv": [6, 7, 12, 15], "texture": "#1"}
			}
		},
		{
			"from": [8.90139, 8.05, 1.93333],
			"to": [9.20139, 9.85, 6.38333],
			"rotation": {"angle": -22.5, "axis": "x", "origin": [15.80139, 16.05, 10.08333]},
			"faces": {
				"north": {"uv": [6, 7, 8, 14], "texture": "#1"},
				"east": {"uv": [6, 7, 15, 12], "texture": "#1"},
				"south": {"uv": [6, 7, 8, 14], "texture": "#1"},
				"west": {"uv": [6, 7, 15, 12], "texture": "#1"},
				"up": {"uv": [4, 0, 3, 7], "texture": "#1"},
				"down": {"uv": [1, 0, 0, 7], "texture": "#1"}
			}
		},
		{
			"from": [6.80139, 8.05, 1.93333],
			"to": [7.10139, 9.85, 6.38333],
			"rotation": {"angle": -22.5, "axis": "x", "origin": [0.20139, 16.05, 10.08333]},
			"faces": {
				"north": {"uv": [8, 7, 6, 14], "texture": "#1"},
				"east": {"uv": [15, 7, 6, 12], "texture": "#1"},
				"south": {"uv": [8, 7, 6, 14], "texture": "#1"},
				"west": {"uv": [15, 7, 6, 12], "texture": "#1"},
				"up": {"uv": [13, 4, 12, 11], "texture": "#1"},
				"down": {"uv": [1, 0, 0, 7], "texture": "#1"}
			}
		},
		{
			"from": [7.10139, 9.525, 1.78333],
			"to": [8.90139, 9.825, 6.23333],
			"rotation": {"angle": -22.5, "axis": "x", "origin": [15.10139, 16.425, 9.93333]},
			"faces": {
				"north": {"uv": [8, 7, 6, 14], "rotation": 270, "texture": "#1"},
				"east": {"uv": [8, 7, 6, 14], "rotation": 90, "texture": "#1"},
				"south": {"uv": [8, 7, 6, 14], "rotation": 90, "texture": "#1"},
				"west": {"uv": [8, 7, 6, 14], "rotation": 90, "texture": "#1"},
				"up": {"uv": [15, 7, 6, 12], "rotation": 90, "texture": "#1"},
				"down": {"uv": [15, 7, 6, 12], "rotation": 90, "texture": "#1"}
			}
		},
		{
			"from": [7.00139, 7.9, 2.48333],
			"to": [8.95139, 9.9, 3.48333],
			"rotation": {"angle": -22.5, "axis": "x", "origin": [15.65139, 15.8, 10.48333]},
			"faces": {
				"north": {"uv": [5, 4, 9, 8], "texture": "#4"},
				"east": {"uv": [5, 4, 9, 8], "texture": "#4"},
				"south": {"uv": [5, 4, 9, 8], "texture": "#4"},
				"west": {"uv": [5, 4, 9, 8], "texture": "#4"},
				"up": {"uv": [5, 4, 9, 8], "texture": "#4"},
				"down": {"uv": [5, 4, 9, 8], "texture": "#4"}
			}
		},
		{
			"from": [7.65139, 8.4, 2.48333],
			"to": [8.35139, 9.1, 3.28333],
			"rotation": {"angle": -22.5, "axis": "x", "origin": [15.65139, 15.7, 10.28333]},
			"faces": {
				"north": {"uv": [6, 6, 10, 10], "texture": "#5"},
				"east": {"uv": [5, 4, 6, 8], "texture": "#1"},
				"south": {"uv": [5, 4, 6, 8], "texture": "#1"},
				"west": {"uv": [5, 4, 6, 8], "texture": "#1"},
				"up": {"uv": [5, 4, 6, 8], "texture": "#1"},
				"down": {"uv": [5, 4, 6, 8], "texture": "#1"}
			}
		},
		{
			"from": [7.70069, 7, 7.7],
			"to": [8.30069, 13, 8.3],
			"rotation": {"angle": 0, "axis": "y", "origin": [15.40069, 8, 15.6]},
			"faces": {
				"north": {"uv": [0, 0, 3, 16], "texture": "#1"},
				"east": {"uv": [0, 0, 3, 16], "texture": "#1"},
				"south": {"uv": [0, 0, 3, 16], "texture": "#1"},
				"west": {"uv": [0, 0, 3, 16], "texture": "#1"},
				"up": {"uv": [0, 0, 0.6, 0.6], "texture": "#1"},
				"down": {"uv": [0, 0, 0.6, 0.6], "texture": "#1"}
			}
		},
		{
			"from": [7.69931, 13, 7.7],
			"to": [8.29931, 17, 8.3],
			"rotation": {"angle": 0, "axis": "y", "origin": [15.39931, 14, 15.6]},
			"faces": {
				"north": {"uv": [0, 0, 3, 13], "texture": "#1"},
				"east": {"uv": [0, 0, 3, 13], "texture": "#1"},
				"south": {"uv": [0, 0, 3, 13], "texture": "#1"},
				"west": {"uv": [0, 0, 3, 13], "texture": "#1"},
				"up": {"uv": [0, 0, 0.6, 0.6], "texture": "#1"},
				"down": {"uv": [0, 0, 0.6, 0.6], "texture": "#1"}
			}
		}
	],
	"display": {
		"thirdperson_righthand": {
			"rotation": [-180, -180, 0],
			"translation": [0.4, 4.25, 0.75]
		},
		"thirdperson_lefthand": {
			"rotation": [-180, -180, 0],
			"translation": [0.4, 4.25, 0.75]
		},
		"firstperson_righthand": {
			"rotation": [-142, 175, -180],
			"translation": [0.5, 0.75, -3.25],
			"scale": [2, 2, 2]
		},
		"firstperson_lefthand": {
			"rotation": [-142, 175, -180],
			"translation": [0.5, 0.75, -3.25],
			"scale": [2, 2, 2]
		},
		"ground": {
			"translation": [0, 2.5, 0],
			"scale": [2, 2, 2]
		},
		"gui": {
			"rotation": [8, 145, -3],
			"translation": [-0.75, -3.75, 0],
			"scale": [1.2, 1.2, 1.2]
		},
		"head": {
			"translation": [0, -38.25, 0],
			"scale": [3, 3, 3]
		},
		"fixed": {
			"rotation": [-90, 0, 0],
			"translation": [-1.25, 0.25, 57],
			"scale": [4, 4, 4]
		}
	}
}