{
	"credit": "Made with Blockbench",
	"textures": {
		"0": "block/green_concrete",
		"1": "block/cyan_terracotta",
		"2": "block/white_concrete",
		"particle": "block/green_concrete"
	},
	"elements": [
		{
			"from": [7, 0, 7],
			"to": [9, 4, 9],
			"rotation": {"angle": 0, "axis": "y", "origin": [16, 8, 15]},
			"faces": {
				"north": {"uv": [0, 0, 5, 10], "texture": "#0"},
				"east": {"uv": [0, 0, 5, 10], "texture": "#0"},
				"south": {"uv": [0, 0, 5, 10], "texture": "#0"},
				"west": {"uv": [0, 0, 5, 10], "texture": "#0"},
				"up": {"uv": [0, 0, 5, 5], "texture": "#0"},
				"down": {"uv": [0, 0, 5, 5], "texture": "#0"}
			}
		},
		{
			"from": [6.975, 1, 6.975],
			"to": [9.025, 2, 9.025],
			"rotation": {"angle": 0, "axis": "y", "origin": [16, 8, 15]},
			"faces": {
				"north": {"uv": [0, 0, 2.05, 1], "texture": "#2"},
				"east": {"uv": [0, 0, 2.05, 1], "texture": "#2"},
				"south": {"uv": [0, 0, 2.05, 1], "texture": "#2"},
				"west": {"uv": [0, 0, 2.05, 1], "texture": "#2"},
				"up": {"uv": [0, 0, 2.05, 2.05], "texture": "#2"},
				"down": {"uv": [0, 0, 2.05, 2.05], "texture": "#2"}
			}
		},
		{
			"from": [7.4, 4, 7.4],
			"to": [8.6, 4.5, 8.6],
			"rotation": {"angle": 0, "axis": "y", "origin": [16, 12, 15]},
			"faces": {
				"north": {"uv": [0, 0, 10, 4], "texture": "#1"},
				"east": {"uv": [0, 0, 10, 4], "texture": "#1"},
				"south": {"uv": [0, 0, 10, 4], "texture": "#1"},
				"west": {"uv": [0, 0, 10, 4], "texture": "#1"},
				"up": {"uv": [0, 0, 5, 6], "texture": "#1"},
				"down": {"uv": [0, 0, 5, 6], "texture": "#1"}
			}
		},
		{
			"from": [7.3, 4.5, 7.3],
			"to": [8.7, 5.3, 8.7],
			"rotation": {"angle": 0, "axis": "y", "origin": [16, 12.5, 15]},
			"faces": {
				"north": {"uv": [0, 0, 8, 5], "texture": "#1"},
				"east": {"uv": [0, 0, 8, 5], "texture": "#1"},
				"south": {"uv": [0, 0, 8, 5], "texture": "#1"},
				"west": {"uv": [0, 0, 8, 5], "texture": "#1"},
				"up": {"uv": [0, 0, 6, 8], "texture": "#1"},
				"down": {"uv": [0, 0, 6, 8], "texture": "#1"}
			}
		},
		{
			"from": [6.4, 4.7, 7.7],
			"to": [7.4, 5.1, 8.3],
			"rotation": {"angle": 22.5, "axis": "z", "origin": [7.1, 4.9, 8]},
			"faces": {
				"north": {"uv": [0, 0, 10, 3], "texture": "#1"},
				"east": {"uv": [0, 0, 10, 3], "texture": "#1"},
				"south": {"uv": [0, 0, 10, 3], "texture": "#1"},
				"west": {"uv": [0, 0, 10, 3], "texture": "#1"},
				"up": {"uv": [0, 0, 9, 6], "texture": "#1"},
				"down": {"uv": [0, 0, 9, 6], "texture": "#1"}
			}
		},
		{
			"from": [6.37675, 0.7169, 7.7],
			"to": [6.77675, 4.8169, 8.3],
			"rotation": {"angle": 0, "axis": "y", "origin": [6.72675, 4.2169, 8]},
			"faces": {
				"north": {"uv": [0, 4, 16, 8], "rotation": 270, "texture": "#1"},
				"east": {"uv": [0, 0, 15, 6], "rotation": 270, "texture": "#1"},
				"south": {"uv": [0, 4, 16, 8], "rotation": 270, "texture": "#1"},
				"west": {"uv": [0, 0, 15, 6], "rotation": 270, "texture": "#1"},
				"up": {"uv": [5, 6, 9, 10], "rotation": 270, "texture": "#1"},
				"down": {"uv": [5, 6, 12, 8], "rotation": 270, "texture": "#1"}
			}
		}
	],
	"display": {
		"thirdperson_righthand": {
			"rotation": [53, 28, 0],
			"translation": [0.25, 4, 5.75],
			"scale": [0, 0, 0]
		},
		"thirdperson_lefthand": {
			"rotation": [53, 28, 0],
			"translation": [0.25, 4, 5.75],
			"scale": [0, 0, 0]
		},
		"firstperson_righthand": {
			"rotation": [0, 21, 0],
			"translation": [0, 10.5, 0],
			"scale": [1.5, 1.5, 1.5]
		},
		"firstperson_lefthand": {
			"rotation": [0, -145, 0],
			"translation": [0, 10.5, 0],
			"scale": [1.5, 1.5, 1.5]
		},
		"ground": {
			"translation": [0, 4.5, 0]
		},
		"gui": {
			"rotation": [30, 45, 0],
			"translation": [0, 9.5, 0],
			"scale": [2, 2, 2]
		},
		"head": {
			"translation": [0, 22.25, 0],
			"scale": [2, 2, 2]
		},
		"fixed": {
			"translation": [0, 16, 0],
			"scale": [3, 3, 3]
		}
	}
}