{
	"credit": "Made with Blockbench",
	"textures": {
		"0": "block/coal_block",
		"1": "block/white_wool",
		"2": "block/anvil",
		"3": "item/torch_lit",
		"particle": "block/coal_block"
	},
	"elements": [
		{
			"from": [6.5, 0, 6.5],
			"to": [9.5, 3, 9.5],
			"rotation": {"angle": 0, "axis": "y", "origin": [14.5, 8, 14.5]},
			"faces": {
				"north": {"uv": [5, 8, 12, 15], "texture": "#0"},
				"east": {"uv": [5, 4, 12, 11], "rotation": 180, "texture": "#0"},
				"south": {"uv": [8, 6, 15, 13], "texture": "#0"},
				"west": {"uv": [5, 4, 12, 11], "texture": "#0"},
				"up": {"uv": [5, 4, 12, 11], "texture": "#0"},
				"down": {"uv": [5, 4, 12, 11], "texture": "#0"}
			}
		},
		{
			"from": [7.2, 3, 7.2],
			"to": [8.8, 3.4, 8.8],
			"rotation": {"angle": 0, "axis": "y", "origin": [14.5, 11, 14.5]},
			"faces": {
				"north": {"uv": [3, 1, 7, 2], "texture": "#0"},
				"east": {"uv": [3, 1, 7, 2], "texture": "#0"},
				"south": {"uv": [3, 1, 7, 2], "texture": "#0"},
				"west": {"uv": [3, 1, 7, 2], "texture": "#0"},
				"up": {"uv": [5, 3, 9, 6], "texture": "#0"},
				"down": {"uv": [3, 1, 7, 4], "texture": "#0"}
			}
		},
		{
			"from": [7.85, 3, 7.85],
			"to": [8.15, 4.3, 8.15],
			"rotation": {"angle": 0, "axis": "y", "origin": [15.75, 11, 15.55]},
			"faces": {
				"north": {"uv": [0, 0, 1, 4], "texture": "#1"},
				"east": {"uv": [0, 0, 1, 4], "texture": "#1"},
				"south": {"uv": [0, 0, 1, 4], "texture": "#1"},
				"west": {"uv": [0, 0, 1, 4], "texture": "#1"},
				"up": {"uv": [0, 0, 1, 1], "texture": "#1"},
				"down": {"uv": [0, 0, 1, 1], "texture": "#1"}
			}
		},
		{
			"from": [7.55, 4.3, 7.85],
			"to": [7.85, 5, 8.15],
			"rotation": {"angle": 0, "axis": "y", "origin": [15.45, 12.3, 15.55]},
			"faces": {
				"north": {"uv": [0, 0, 1, 3], "texture": "#1"},
				"east": {"uv": [0, 0, 1, 3], "texture": "#1"},
				"south": {"uv": [0, 0, 1, 3], "texture": "#1"},
				"west": {"uv": [0, 0, 1, 3], "texture": "#1"},
				"up": {"uv": [0, 0, 1, 1], "texture": "#1"},
				"down": {"uv": [0, 0, 1, 1], "texture": "#1"}
			}
		},
		{
			"from": [7.15, 5, 7.85],
			"to": [7.55, 5.3, 8.15],
			"rotation": {"angle": 0, "axis": "y", "origin": [15.15, 13, 15.55]},
			"faces": {
				"north": {"uv": [0, 0, 2, 1], "texture": "#1"},
				"east": {"uv": [0, 0, 1, 1], "texture": "#1"},
				"south": {"uv": [0, 0, 2, 1], "texture": "#1"},
				"west": {"uv": [0, 0, 1, 1], "texture": "#1"},
				"up": {"uv": [0, 0, 1, 1], "texture": "#1"},
				"down": {"uv": [0, 0, 1, 1], "texture": "#1"}
			}
		},
		{
			"from": [6.5, 1.3, 9.5],
			"to": [9.5, 1.8, 9.55],
			"rotation": {"angle": 0, "axis": "y", "origin": [15.5, 9.3, 17.35]},
			"faces": {
				"north": {"uv": [0, 0, 3, 0.5], "texture": "#2"},
				"east": {"uv": [0, 0, 0.05, 0.5], "texture": "#2"},
				"south": {"uv": [0, 0, 7, 1], "texture": "#2"},
				"west": {"uv": [0, 0, 0.05, 0.5], "texture": "#2"},
				"up": {"uv": [0, 0, 3, 0.05], "texture": "#2"},
				"down": {"uv": [0, 0, 3, 0.05], "texture": "#2"}
			}
		},
		{
			"from": [9.5, 1.3, 6.45],
			"to": [9.55, 1.8, 9.55],
			"rotation": {"angle": 0, "axis": "y", "origin": [1.7, 9.3, 15.5]},
			"faces": {
				"north": {"uv": [0, 0, 0.05, 0.5], "texture": "#2"},
				"east": {"uv": [0, 0, 7, 1], "rotation": 180, "texture": "#2"},
				"south": {"uv": [7, 0, 9, 1], "texture": "#2"},
				"west": {"uv": [0, 0, 3.1, 0.5], "texture": "#2"},
				"up": {"uv": [0, 0, 3.1, 0.05], "rotation": 90, "texture": "#2"},
				"down": {"uv": [0, 0, 3.1, 0.05], "rotation": 270, "texture": "#2"}
			}
		},
		{
			"from": [6.45, 1.3, 6.45],
			"to": [6.5, 1.8, 9.55],
			"rotation": {"angle": 0, "axis": "y", "origin": [-1.35, 9.3, 15.5]},
			"faces": {
				"north": {"uv": [7, 0, 8, 1], "texture": "#2"},
				"east": {"uv": [0, 0, 3.1, 0.5], "texture": "#2"},
				"south": {"uv": [0, 0, 0.05, 0.5], "texture": "#2"},
				"west": {"uv": [0, 0, 7, 1], "rotation": 180, "texture": "#2"},
				"up": {"uv": [0, 0, 3.1, 0.05], "rotation": 90, "texture": "#2"},
				"down": {"uv": [0, 0, 3.1, 0.05], "rotation": 270, "texture": "#2"}
			}
		},
		{
			"from": [6.5, 1.3, 6.45],
			"to": [9.5, 1.8, 6.5],
			"rotation": {"angle": 0, "axis": "y", "origin": [15.5, 9.3, 14.3]},
			"faces": {
				"north": {"uv": [0, 0, 7, 1], "texture": "#2"},
				"east": {"uv": [0, 0, 0.05, 0.5], "texture": "#2"},
				"south": {"uv": [0, 0, 3, 0.5], "texture": "#2"},
				"west": {"uv": [0, 0, 0.05, 0.5], "texture": "#2"},
				"up": {"uv": [0, 0, 3, 0.05], "texture": "#2"},
				"down": {"uv": [0, 0, 3, 0.05], "texture": "#2"}
			}
		},
		{
			"from": [6.64495, 5.273, 8.03674],
			"to": [7.80495, 6.433, 8.03674],
			"rotation": {"angle": 45, "axis": "y", "origin": [7.22495, 5.853, 8.03674]},
			"faces": {
				"north": {"uv": [5, 1, 12, 8], "texture": "#3"},
				"east": {"uv": [5, 1, 12, 8], "texture": "#3"},
				"south": {"uv": [5, 1, 12, 8], "texture": "#3"},
				"west": {"uv": [5, 1, 12, 8], "texture": "#3"}
			}
		}
	],
	"display": {
		"thirdperson_righthand": {
			"scale": [0, 0, 0]
		},
		"thirdperson_lefthand": {
			"scale": [0, 0, 0]
		},
		"firstperson_righthand": {
			"rotation": [0, 91, 0],
			"translation": [0, 9.75, 0],
			"scale": [1.3, 1.3, 1.3]
		},
		"firstperson_lefthand": {
			"rotation": [0, -180, 0],
			"translation": [0, 9.75, 0],
			"scale": [1.3, 1.3, 1.3]
		},
		"ground": {
			"translation": [0, 6.75, 0],
			"scale": [1.3, 1.3, 1.3]
		},
		"gui": {
			"rotation": [30, 140, 0],
			"translation": [0, 10.25, 0],
			"scale": [2, 2, 2]
		},
		"head": {
			"translation": [0, -19.5, 0],
			"scale": [3, 3, 3]
		},
		"fixed": {
			"rotation": [-90, 0, 0],
			"translation": [0, 0, -30.75],
			"scale": [4, 4, 4]
		}
	}
}