{
	"credit": "Made with Blockbench",
	"textures": {
		"0": "block/glass",
		"1": "block/dark_oak_planks",
		"2": "block/snow",
		"3": "block/pumpkin_side",
		"4": "block/carved_pumpkin",
		"5": "block/pumpkin_top",
		"6": "item/stick1",
		"particle": "block/glass"
	},
	"elements": [
		{
			"name": "Snow Base",
			"from": [5.55, 2, 5.525],
			"to": [10.5, 2.6, 10.475],
			"rotation": {"angle": 0, "axis": "y", "origin": [17.5, 10, 13.525]},
			"faces": {
				"north": {"uv": [0, 0, 16, 2], "texture": "#2"},
				"east": {"uv": [0, 0, 16, 2], "texture": "#2"},
				"south": {"uv": [0, 0, 16, 2], "texture": "#2"},
				"west": {"uv": [0, 0, 16, 2], "texture": "#2"},
				"up": {"uv": [0, 0, 16, 16], "texture": "#2"},
				"down": {"uv": [0, 0, 16, 16], "texture": "#2"}
			}
		},
		{
			"name": "Base",
			"from": [4.5, 1, 4.5],
			"to": [11.5, 2, 11.5],
			"rotation": {"angle": 0, "axis": "y", "origin": [13.5, 5, 15.5]},
			"faces": {
				"north": {"uv": [0, 0, 16, 3], "texture": "#1"},
				"east": {"uv": [0, 0, 16, 3], "texture": "#1"},
				"south": {"uv": [0, 0, 16, 3], "texture": "#1"},
				"west": {"uv": [0, 0, 16, 3], "texture": "#1"},
				"up": {"uv": [0, 0, 16, 16], "texture": "#1"},
				"down": {"uv": [0, 0, 16, 16], "texture": "#1"}
			}
		},
		{
			"from": [5.5, 2, 10.5],
			"to": [10.5, 7, 10.5],
			"rotation": {"angle": 0, "axis": "y", "origin": [13.5, 10, 15.5]},
			"faces": {
				"north": {"uv": [0, 0, 16, 16], "texture": "#0"},
				"east": {"uv": [0, 0, 16, 16], "texture": "#0"},
				"south": {"uv": [0, 0, 16, 16], "texture": "#0"},
				"west": {"uv": [0, 0, 16, 16], "texture": "#0"},
				"up": {"uv": [0, 0, 16, 16], "texture": "#0"},
				"down": {"uv": [0, 0, 16, 16], "texture": "#0"}
			}
		},
		{
			"from": [5.5, 2, 5.5],
			"to": [10.5, 7, 5.5],
			"rotation": {"angle": 0, "axis": "y", "origin": [13.5, 10, 10.5]},
			"faces": {
				"north": {"uv": [0, 0, 16, 16], "texture": "#0"},
				"east": {"uv": [0, 0, 16, 16], "texture": "#0"},
				"south": {"uv": [0, 0, 16, 16], "texture": "#0"},
				"west": {"uv": [0, 0, 16, 16], "texture": "#0"},
				"up": {"uv": [0, 0, 16, 16], "texture": "#0"},
				"down": {"uv": [0, 0, 16, 16], "texture": "#0"}
			}
		},
		{
			"from": [5.5, 7, 5.5],
			"to": [10.5, 7, 10.5],
			"rotation": {"angle": 0, "axis": "x", "origin": [13.5, 2, 13.5]},
			"faces": {
				"north": {"uv": [0, 0, 16, 16], "rotation": 180, "texture": "#0"},
				"east": {"uv": [0, 0, 16, 16], "rotation": 270, "texture": "#0"},
				"south": {"uv": [0, 0, 16, 16], "texture": "#0"},
				"west": {"uv": [0, 0, 16, 16], "rotation": 90, "texture": "#0"},
				"up": {"uv": [0, 0, 16, 16], "rotation": 180, "texture": "#0"},
				"down": {"uv": [0, 0, 16, 16], "texture": "#0"}
			}
		},
		{
			"from": [10.5, 2, 5.5],
			"to": [10.5, 7, 10.5],
			"rotation": {"angle": 0, "axis": "y", "origin": [5.5, 10, 13.5]},
			"faces": {
				"north": {"uv": [0, 0, 16, 16], "texture": "#0"},
				"east": {"uv": [0, 0, 16, 16], "texture": "#0"},
				"south": {"uv": [0, 0, 16, 16], "texture": "#0"},
				"west": {"uv": [0, 0, 16, 16], "texture": "#0"},
				"up": {"uv": [0, 0, 16, 16], "rotation": 90, "texture": "#0"},
				"down": {"uv": [0, 0, 16, 16], "rotation": 270, "texture": "#0"}
			}
		},
		{
			"from": [5.5, 2, 5.5],
			"to": [5.5, 7, 10.5],
			"rotation": {"angle": 0, "axis": "y", "origin": [0.5, 10, 13.5]},
			"faces": {
				"north": {"uv": [0, 0, 16, 16], "texture": "#0"},
				"east": {"uv": [0, 0, 16, 16], "texture": "#0"},
				"south": {"uv": [0, 0, 16, 16], "texture": "#0"},
				"west": {"uv": [0, 0, 16, 16], "texture": "#0"},
				"up": {"uv": [0, 0, 16, 16], "rotation": 90, "texture": "#0"},
				"down": {"uv": [0, 0, 16, 16], "rotation": 270, "texture": "#0"}
			}
		},
		{
			"from": [7.298, 2.418, 7.298],
			"to": [8.702, 3.822, 8.702],
			"rotation": {"angle": 0, "axis": "y", "origin": [18.53, 13.65, 18.53]},
			"faces": {
				"north": {"uv": [0, 0, 16, 16], "texture": "#2"},
				"east": {"uv": [0, 0, 16, 16], "texture": "#2"},
				"south": {"uv": [0, 0, 16, 16], "texture": "#2"},
				"west": {"uv": [0, 0, 16, 16], "texture": "#2"},
				"up": {"uv": [0, 0, 16, 16], "texture": "#2"},
				"down": {"uv": [0, 0, 16, 16], "texture": "#2"}
			}
		},
		{
			"from": [7.45581, 3.76951, 7.45581],
			"to": [8.54419, 4.85789, 8.54419],
			"rotation": {"angle": 0, "axis": "y", "origin": [16.16286, 12.47656, 16.16286]},
			"faces": {
				"north": {"uv": [0, 0, 16, 16], "texture": "#2"},
				"east": {"uv": [0, 0, 16, 16], "texture": "#2"},
				"south": {"uv": [0, 0, 16, 16], "texture": "#2"},
				"west": {"uv": [0, 0, 16, 16], "texture": "#2"},
				"up": {"uv": [0, 0, 16, 16], "texture": "#2"},
				"down": {"uv": [0, 0, 16, 16], "texture": "#2"}
			}
		},
		{
			"from": [7.532, 4.8169, 7.532],
			"to": [8.468, 5.75291, 8.468],
			"rotation": {"angle": 0, "axis": "y", "origin": [15.02006, 12.30496, 15.02006]},
			"faces": {
				"north": {"uv": [0, 0, 16, 16], "texture": "#4"},
				"east": {"uv": [0, 0, 16, 16], "texture": "#3"},
				"south": {"uv": [0, 0, 16, 16], "texture": "#3"},
				"west": {"uv": [0, 0, 16, 16], "texture": "#3"},
				"up": {"uv": [0, 0, 16, 16], "texture": "#5"},
				"down": {"uv": [0, 0, 16, 16], "texture": "#5"}
			}
		},
		{
			"name": "stick_1",
			"from": [6.71231, 3.7032, 7.9676],
			"to": [6.84191, 3.8328, 8.0324],
			"rotation": {"angle": 0, "axis": "x", "origin": [7.16591, 4.092, 8.486]},
			"faces": {
				"north": {"uv": [15, 2, 13, 4], "rotation": 180, "texture": "#6"},
				"east": {"uv": [14, 4, 13, 2], "texture": "#6"},
				"south": {"uv": [15, 4, 13, 2], "texture": "#6"},
				"west": {"uv": [15, 4, 14, 2], "texture": "#6"},
				"up": {"uv": [15, 4, 13, 3], "texture": "#6"},
				"down": {"uv": [13, 3, 15, 2], "rotation": 180, "texture": "#6"}
			}
		},
		{
			"name": "stick_2",
			"from": [6.84191, 3.768, 7.9676],
			"to": [6.90671, 3.9624, 8.0324],
			"rotation": {"angle": 0, "axis": "x", "origin": [7.16591, 4.092, 8.486]},
			"faces": {
				"north": {"uv": [13, 3, 12, 6], "rotation": 180, "texture": "#6"},
				"east": {"uv": [13, 6, 12, 3], "texture": "#6"},
				"south": {"uv": [13, 6, 12, 3], "texture": "#6"},
				"west": {"uv": [13, 6, 12, 3], "texture": "#6"},
				"up": {"uv": [13, 6, 12, 5], "texture": "#6"},
				"down": {"uv": [12, 4, 13, 3], "rotation": 180, "texture": "#6"}
			}
		},
		{
			"name": "stick_3",
			"from": [6.90671, 3.8328, 7.9676],
			"to": [6.97151, 4.0272, 8.0324],
			"rotation": {"angle": 0, "axis": "x", "origin": [7.16591, 4.092, 8.486]},
			"faces": {
				"north": {"uv": [12, 4, 11, 7], "rotation": 180, "texture": "#6"},
				"east": {"uv": [12, 7, 11, 4], "texture": "#6"},
				"south": {"uv": [12, 7, 11, 4], "texture": "#6"},
				"west": {"uv": [12, 7, 11, 4], "texture": "#6"},
				"up": {"uv": [12, 7, 11, 6], "texture": "#6"},
				"down": {"uv": [11, 5, 12, 4], "rotation": 180, "texture": "#6"}
			}
		},
		{
			"name": "stick_4",
			"from": [6.77711, 3.8328, 7.9676],
			"to": [6.84191, 3.8976, 8.0324],
			"rotation": {"angle": 0, "axis": "x", "origin": [7.16591, 4.092, 8.486]},
			"faces": {
				"north": {"uv": [14, 4, 13, 5], "rotation": 180, "texture": "#6"},
				"east": {"uv": [14, 5, 13, 4], "texture": "#6"},
				"south": {"uv": [14, 5, 13, 4], "texture": "#6"},
				"west": {"uv": [14, 5, 13, 4], "texture": "#6"},
				"up": {"uv": [14, 5, 13, 4], "texture": "#6"},
				"down": {"uv": [13, 5, 14, 4], "rotation": 180, "texture": "#6"}
			}
		},
		{
			"name": "stick_5",
			"from": [6.97151, 3.8976, 7.9676],
			"to": [7.03631, 4.092, 8.0324],
			"rotation": {"angle": 0, "axis": "x", "origin": [7.16591, 4.092, 8.486]},
			"faces": {
				"north": {"uv": [11, 5, 10, 8], "rotation": 180, "texture": "#6"},
				"east": {"uv": [11, 8, 10, 5], "texture": "#6"},
				"south": {"uv": [11, 8, 10, 5], "texture": "#6"},
				"west": {"uv": [11, 8, 10, 5], "texture": "#6"},
				"up": {"uv": [11, 8, 10, 7], "texture": "#6"},
				"down": {"uv": [10, 6, 11, 5], "rotation": 180, "texture": "#6"}
			}
		},
		{
			"name": "stick_6",
			"from": [7.03631, 3.9624, 7.9676],
			"to": [7.10111, 4.1568, 8.0324],
			"rotation": {"angle": 0, "axis": "x", "origin": [7.16591, 4.092, 8.486]},
			"faces": {
				"north": {"uv": [10, 6, 9, 9], "rotation": 180, "texture": "#6"},
				"east": {"uv": [10, 9, 9, 6], "texture": "#6"},
				"south": {"uv": [10, 9, 9, 6], "texture": "#6"},
				"west": {"uv": [10, 9, 9, 6], "texture": "#6"},
				"up": {"uv": [10, 9, 9, 8], "texture": "#6"},
				"down": {"uv": [9, 7, 10, 6], "rotation": 180, "texture": "#6"}
			}
		},
		{
			"name": "stick_7",
			"from": [7.10111, 4.0272, 7.9676],
			"to": [7.16591, 4.2216, 8.0324],
			"rotation": {"angle": 0, "axis": "x", "origin": [7.16591, 4.092, 8.486]},
			"faces": {
				"north": {"uv": [9, 7, 8, 10], "rotation": 180, "texture": "#6"},
				"east": {"uv": [9, 10, 8, 7], "texture": "#6"},
				"south": {"uv": [9, 10, 8, 7], "texture": "#6"},
				"west": {"uv": [9, 10, 8, 7], "texture": "#6"},
				"up": {"uv": [9, 10, 8, 9], "texture": "#6"},
				"down": {"uv": [8, 8, 9, 7], "rotation": 180, "texture": "#6"}
			}
		},
		{
			"name": "stick_8",
			"from": [7.16591, 4.092, 7.9676],
			"to": [7.23071, 4.2864, 8.0324],
			"rotation": {"angle": 0, "axis": "x", "origin": [7.16591, 4.092, 8.486]},
			"faces": {
				"north": {"uv": [8, 8, 7, 11], "rotation": 180, "texture": "#6"},
				"east": {"uv": [8, 11, 7, 8], "texture": "#6"},
				"south": {"uv": [8, 11, 7, 8], "texture": "#6"},
				"west": {"uv": [8, 11, 7, 8], "texture": "#6"},
				"up": {"uv": [8, 11, 7, 10], "texture": "#6"},
				"down": {"uv": [7, 9, 8, 8], "rotation": 180, "texture": "#6"}
			}
		},
		{
			"name": "stick_9",
			"from": [7.23071, 4.1568, 7.9676],
			"to": [7.29551, 4.3512, 8.0324],
			"rotation": {"angle": 0, "axis": "x", "origin": [7.16591, 4.092, 8.486]},
			"faces": {
				"north": {"uv": [7, 9, 6, 12], "rotation": 180, "texture": "#6"},
				"east": {"uv": [7, 12, 6, 9], "texture": "#6"},
				"south": {"uv": [7, 12, 6, 9], "texture": "#6"},
				"west": {"uv": [7, 12, 6, 9], "texture": "#6"},
				"up": {"uv": [7, 12, 6, 11], "texture": "#6"},
				"down": {"uv": [6, 10, 7, 9], "rotation": 180, "texture": "#6"}
			}
		},
		{
			"name": "stick_10",
			"from": [7.29551, 4.2216, 7.9676],
			"to": [7.36031, 4.416, 8.0324],
			"rotation": {"angle": 0, "axis": "x", "origin": [7.16591, 4.092, 8.486]},
			"faces": {
				"north": {"uv": [6, 10, 5, 13], "rotation": 180, "texture": "#6"},
				"east": {"uv": [6, 13, 5, 10], "texture": "#6"},
				"south": {"uv": [6, 13, 5, 10], "texture": "#6"},
				"west": {"uv": [6, 13, 5, 10], "texture": "#6"},
				"up": {"uv": [6, 13, 5, 12], "texture": "#6"},
				"down": {"uv": [5, 11, 6, 10], "rotation": 180, "texture": "#6"}
			}
		},
		{
			"name": "stick_11",
			"from": [7.36031, 4.2864, 7.9676],
			"to": [7.42511, 4.4808, 8.0324],
			"rotation": {"angle": 0, "axis": "x", "origin": [7.16591, 4.092, 8.486]},
			"faces": {
				"north": {"uv": [5, 11, 4, 14], "rotation": 180, "texture": "#6"},
				"east": {"uv": [5, 14, 4, 11], "texture": "#6"},
				"south": {"uv": [5, 14, 4, 11], "texture": "#6"},
				"west": {"uv": [5, 14, 4, 11], "texture": "#6"},
				"up": {"uv": [5, 14, 4, 13], "texture": "#6"},
				"down": {"uv": [4, 12, 5, 11], "rotation": 180, "texture": "#6"}
			}
		},
		{
			"name": "stick_12",
			"from": [7.42511, 4.3512, 7.9676],
			"to": [7.48991, 4.5456, 8.0324],
			"rotation": {"angle": 0, "axis": "x", "origin": [7.16591, 4.092, 8.486]},
			"faces": {
				"north": {"uv": [4, 12, 3, 15], "rotation": 180, "texture": "#6"},
				"east": {"uv": [4, 15, 3, 12], "texture": "#6"},
				"south": {"uv": [4, 15, 3, 12], "texture": "#6"},
				"west": {"uv": [4, 15, 3, 12], "texture": "#6"},
				"up": {"uv": [4, 15, 3, 14], "texture": "#6"},
				"down": {"uv": [3, 13, 4, 12], "rotation": 180, "texture": "#6"}
			}
		},
		{
			"name": "stick_13",
			"from": [7.48991, 4.416, 7.9676],
			"to": [7.55471, 4.5456, 8.0324],
			"rotation": {"angle": 0, "axis": "x", "origin": [7.16591, 4.092, 8.486]},
			"faces": {
				"north": {"uv": [3, 13, 2, 15], "rotation": 180, "texture": "#6"},
				"east": {"uv": [3, 15, 2, 13], "texture": "#6"},
				"south": {"uv": [3, 15, 2, 13], "texture": "#6"},
				"west": {"uv": [3, 15, 2, 13], "texture": "#6"},
				"up": {"uv": [3, 15, 2, 14], "texture": "#6"},
				"down": {"uv": [2, 14, 3, 13], "rotation": 180, "texture": "#6"}
			}
		},
		{
			"name": "stick_0",
			"from": [9.15809, 5.1072, 7.9676],
			"to": [9.28769, 5.2368, 8.0324],
			"rotation": {"angle": 0, "axis": "x", "origin": [8.83409, 4.848, 8.486]},
			"faces": {
				"north": {"uv": [13, 4, 15, 2], "rotation": 180, "texture": "#6"},
				"east": {"uv": [14, 2, 15, 4], "texture": "#6"},
				"south": {"uv": [13, 2, 15, 4], "texture": "#6"},
				"west": {"uv": [13, 2, 14, 4], "texture": "#6"},
				"up": {"uv": [15, 2, 13, 3], "rotation": 180, "texture": "#6"},
				"down": {"uv": [13, 3, 15, 4], "texture": "#6"}
			}
		},
		{
			"name": "stick_1",
			"from": [9.09329, 4.9776, 7.9676],
			"to": [9.15809, 5.172, 8.0324],
			"rotation": {"angle": 0, "axis": "x", "origin": [8.83409, 4.848, 8.486]},
			"faces": {
				"north": {"uv": [12, 6, 13, 3], "rotation": 180, "texture": "#6"},
				"east": {"uv": [12, 3, 13, 6], "texture": "#6"},
				"south": {"uv": [12, 3, 13, 6], "texture": "#6"},
				"west": {"uv": [12, 3, 13, 6], "texture": "#6"},
				"up": {"uv": [13, 3, 12, 4], "rotation": 180, "texture": "#6"},
				"down": {"uv": [12, 5, 13, 6], "texture": "#6"}
			}
		},
		{
			"name": "stick_2",
			"from": [9.02849, 4.9128, 7.9676],
			"to": [9.09329, 5.1072, 8.0324],
			"rotation": {"angle": 0, "axis": "x", "origin": [8.83409, 4.848, 8.486]},
			"faces": {
				"north": {"uv": [11, 7, 12, 4], "rotation": 180, "texture": "#6"},
				"east": {"uv": [11, 4, 12, 7], "texture": "#6"},
				"south": {"uv": [11, 4, 12, 7], "texture": "#6"},
				"west": {"uv": [11, 4, 12, 7], "texture": "#6"},
				"up": {"uv": [12, 4, 11, 5], "rotation": 180, "texture": "#6"},
				"down": {"uv": [11, 6, 12, 7], "texture": "#6"}
			}
		},
		{
			"name": "stick_3",
			"from": [9.15809, 5.0424, 7.9676],
			"to": [9.22289, 5.1072, 8.0324],
			"rotation": {"angle": 0, "axis": "x", "origin": [8.83409, 4.848, 8.486]},
			"faces": {
				"north": {"uv": [13, 5, 14, 4], "rotation": 180, "texture": "#6"},
				"east": {"uv": [13, 4, 14, 5], "texture": "#6"},
				"south": {"uv": [13, 4, 14, 5], "texture": "#6"},
				"west": {"uv": [13, 4, 14, 5], "texture": "#6"},
				"up": {"uv": [14, 4, 13, 5], "rotation": 180, "texture": "#6"},
				"down": {"uv": [13, 4, 14, 5], "texture": "#6"}
			}
		},
		{
			"name": "stick_4",
			"from": [8.96369, 4.848, 7.9676],
			"to": [9.02849, 5.0424, 8.0324],
			"rotation": {"angle": 0, "axis": "x", "origin": [8.83409, 4.848, 8.486]},
			"faces": {
				"north": {"uv": [10, 8, 11, 5], "rotation": 180, "texture": "#6"},
				"east": {"uv": [10, 5, 11, 8], "texture": "#6"},
				"south": {"uv": [10, 5, 11, 8], "texture": "#6"},
				"west": {"uv": [10, 5, 11, 8], "texture": "#6"},
				"up": {"uv": [11, 5, 10, 6], "rotation": 180, "texture": "#6"},
				"down": {"uv": [10, 7, 11, 8], "texture": "#6"}
			}
		},
		{
			"name": "stick_5",
			"from": [8.89889, 4.7832, 7.9676],
			"to": [8.96369, 4.9776, 8.0324],
			"rotation": {"angle": 0, "axis": "x", "origin": [8.83409, 4.848, 8.486]},
			"faces": {
				"north": {"uv": [9, 9, 10, 6], "rotation": 180, "texture": "#6"},
				"east": {"uv": [9, 6, 10, 9], "texture": "#6"},
				"south": {"uv": [9, 6, 10, 9], "texture": "#6"},
				"west": {"uv": [9, 6, 10, 9], "texture": "#6"},
				"up": {"uv": [10, 6, 9, 7], "rotation": 180, "texture": "#6"},
				"down": {"uv": [9, 8, 10, 9], "texture": "#6"}
			}
		},
		{
			"name": "stick_6",
			"from": [8.83409, 4.7184, 7.9676],
			"to": [8.89889, 4.9128, 8.0324],
			"rotation": {"angle": 0, "axis": "x", "origin": [8.83409, 4.848, 8.486]},
			"faces": {
				"north": {"uv": [8, 10, 9, 7], "rotation": 180, "texture": "#6"},
				"east": {"uv": [8, 7, 9, 10], "texture": "#6"},
				"south": {"uv": [8, 7, 9, 10], "texture": "#6"},
				"west": {"uv": [8, 7, 9, 10], "texture": "#6"},
				"up": {"uv": [9, 7, 8, 8], "rotation": 180, "texture": "#6"},
				"down": {"uv": [8, 9, 9, 10], "texture": "#6"}
			}
		},
		{
			"name": "stick_7",
			"from": [8.76929, 4.6536, 7.9676],
			"to": [8.83409, 4.848, 8.0324],
			"rotation": {"angle": 0, "axis": "x", "origin": [8.83409, 4.848, 8.486]},
			"faces": {
				"north": {"uv": [7, 11, 8, 8], "rotation": 180, "texture": "#6"},
				"east": {"uv": [7, 8, 8, 11], "texture": "#6"},
				"south": {"uv": [7, 8, 8, 11], "texture": "#6"},
				"west": {"uv": [7, 8, 8, 11], "texture": "#6"},
				"up": {"uv": [8, 8, 7, 9], "rotation": 180, "texture": "#6"},
				"down": {"uv": [7, 10, 8, 11], "texture": "#6"}
			}
		},
		{
			"name": "stick_8",
			"from": [8.70449, 4.5888, 7.9676],
			"to": [8.76929, 4.7832, 8.0324],
			"rotation": {"angle": 0, "axis": "x", "origin": [8.83409, 4.848, 8.486]},
			"faces": {
				"north": {"uv": [6, 12, 7, 9], "rotation": 180, "texture": "#6"},
				"east": {"uv": [6, 9, 7, 12], "texture": "#6"},
				"south": {"uv": [6, 9, 7, 12], "texture": "#6"},
				"west": {"uv": [6, 9, 7, 12], "texture": "#6"},
				"up": {"uv": [7, 9, 6, 10], "rotation": 180, "texture": "#6"},
				"down": {"uv": [6, 11, 7, 12], "texture": "#6"}
			}
		},
		{
			"name": "stick_9",
			"from": [8.63969, 4.524, 7.9676],
			"to": [8.70449, 4.7184, 8.0324],
			"rotation": {"angle": 0, "axis": "x", "origin": [8.83409, 4.848, 8.486]},
			"faces": {
				"north": {"uv": [5, 13, 6, 10], "rotation": 180, "texture": "#6"},
				"east": {"uv": [5, 10, 6, 13], "texture": "#6"},
				"south": {"uv": [5, 10, 6, 13], "texture": "#6"},
				"west": {"uv": [5, 10, 6, 13], "texture": "#6"},
				"up": {"uv": [6, 10, 5, 11], "rotation": 180, "texture": "#6"},
				"down": {"uv": [5, 12, 6, 13], "texture": "#6"}
			}
		},
		{
			"name": "stick_10",
			"from": [8.57489, 4.4592, 7.9676],
			"to": [8.63969, 4.6536, 8.0324],
			"rotation": {"angle": 0, "axis": "x", "origin": [8.83409, 4.848, 8.486]},
			"faces": {
				"north": {"uv": [4, 14, 5, 11], "rotation": 180, "texture": "#6"},
				"east": {"uv": [4, 11, 5, 14], "texture": "#6"},
				"south": {"uv": [4, 11, 5, 14], "texture": "#6"},
				"west": {"uv": [4, 11, 5, 14], "texture": "#6"},
				"up": {"uv": [5, 11, 4, 12], "rotation": 180, "texture": "#6"},
				"down": {"uv": [4, 13, 5, 14], "texture": "#6"}
			}
		},
		{
			"name": "stick_11",
			"from": [8.51009, 4.3944, 7.9676],
			"to": [8.57489, 4.5888, 8.0324],
			"rotation": {"angle": 0, "axis": "x", "origin": [8.83409, 4.848, 8.486]},
			"faces": {
				"north": {"uv": [3, 15, 4, 12], "rotation": 180, "texture": "#6"},
				"east": {"uv": [3, 12, 4, 15], "texture": "#6"},
				"south": {"uv": [3, 12, 4, 15], "texture": "#6"},
				"west": {"uv": [3, 12, 4, 15], "texture": "#6"},
				"up": {"uv": [4, 12, 3, 13], "rotation": 180, "texture": "#6"},
				"down": {"uv": [3, 14, 4, 15], "texture": "#6"}
			}
		},
		{
			"name": "stick_12",
			"from": [8.44529, 4.3944, 7.9676],
			"to": [8.51009, 4.524, 8.0324],
			"rotation": {"angle": 0, "axis": "x", "origin": [8.83409, 4.848, 8.486]},
			"faces": {
				"north": {"uv": [2, 15, 3, 13], "rotation": 180, "texture": "#6"},
				"east": {"uv": [2, 13, 3, 15], "texture": "#6"},
				"south": {"uv": [2, 13, 3, 15], "texture": "#6"},
				"west": {"uv": [2, 13, 3, 15], "texture": "#6"},
				"up": {"uv": [3, 13, 2, 14], "rotation": 180, "texture": "#6"},
				"down": {"uv": [2, 14, 3, 15], "texture": "#6"}
			}
		}
	],
	"display": {
		"thirdperson_righthand": {
			"rotation": [75, 45, 0],
			"translation": [0, 1, 1.25],
			"scale": [0.375, 0.375, 0.375]
		},
		"thirdperson_lefthand": {
			"rotation": [75, 45, 0],
			"translation": [0, 1, 1.25],
			"scale": [0.375, 0.375, 0.375]
		},
		"firstperson_righthand": {
			"rotation": [12, 0, 0],
			"translation": [-1, 7, 0.5]
		},
		"firstperson_lefthand": {
			"rotation": [12, 0, 0],
			"translation": [-1, 7, 0.5]
		},
		"ground": {
			"translation": [0, 3.75, 0]
		},
		"gui": {
			"rotation": [30, 225, 0],
			"translation": [0, 3.5, 0]
		},
		"head": {
			"translation": [0, -31.5, 0],
			"scale": [1.7, 1.7, 1.7]
		},
		"fixed": {
			"rotation": [-90, 0, 0],
			"translation": [0, 0, -11.25],
			"scale": [1.8, 1.8, 1.8]
		}
	},
	"groups": [0, 1,
		{
			"name": "Glass",
			"origin": [0.5, 10, 13.5],
			"children": [2, 3, 4, 5, 6]
		},
		{
			"name": "Snowman",
			"origin": [17.75, 12.65, 17.75],
			"children": [7, 8, 9,
				{
					"name": "stick",
					"origin": [8, 8, 8],
					"children": [10, 11, 12, 13, 14, 15, 16, 17, 18, 19, 20, 21, 22]
				},
				{
					"name": "stick",
					"origin": [8, 8, 8],
					"children": [23, 24, 25, 26, 27, 28, 29, 30, 31, 32, 33, 34, 35]
				}
			]
		}
	]
}