{
	"credit": "Made with Blockbench",
	"textures": {
		"0": "block/light_gray_stained_glass",
		"1": "block/iron_block",
		"2": "block/light_blue_stained_glass",
		"3": "block/white_concrete",
		"4": "block/black_concrete",
		"particle": "block/light_gray_stained_glass"
	},
	"elements": [
		{
			"from": [7.49792, 1.7, 8.4],
			"to": [8.49792, 5, 8.5],
			"rotation": {"angle": 0, "axis": "y", "origin": [15.49792, 8, 15.5]},
			"faces": {
				"north": {"uv": [8, 5, 9, 12], "texture": "#0"},
				"east": {"uv": [8, 5, 9, 12], "texture": "#0"},
				"south": {"uv": [15, 1, 9, 15], "rotation": 180, "texture": "#0"},
				"west": {"uv": [8, 5, 9, 12], "texture": "#0"},
				"up": {"uv": [8, 5, 9, 12], "texture": "#0"},
				"down": {"uv": [8, 5, 9, 12], "texture": "#0"}
			}
		},
		{
			"from": [7.49792, 1.7, 7.5],
			"to": [8.49792, 5, 7.6],
			"rotation": {"angle": 0, "axis": "y", "origin": [7.99792, 3.35, 7.55]},
			"faces": {
				"north": {"uv": [7, 1, 1, 15], "texture": "#0"},
				"east": {"uv": [9, 5, 8, 12], "texture": "#0"},
				"south": {"uv": [9, 5, 8, 12], "texture": "#0"},
				"west": {"uv": [9, 5, 8, 12], "texture": "#0"},
				"up": {"uv": [8, 12, 9, 5], "texture": "#0"},
				"down": {"uv": [8, 12, 9, 5], "texture": "#0"}
			}
		},
		{
			"from": [8.39792, 1.7, 7.6],
			"to": [8.49792, 5, 8.4],
			"rotation": {"angle": 0, "axis": "y", "origin": [8.44792, 3.35, 8]},
			"faces": {
				"north": {"uv": [9, 5, 8, 12], "texture": "#0"},
				"east": {"uv": [15, 1, 9, 15], "texture": "#0"},
				"south": {"uv": [9, 5, 8, 12], "texture": "#0"},
				"west": {"uv": [9, 5, 8, 12], "texture": "#0"},
				"up": {"uv": [8, 12, 9, 5], "rotation": 90, "texture": "#0"},
				"down": {"uv": [8, 12, 9, 5], "rotation": 270, "texture": "#0"}
			}
		},
		{
			"from": [7.50208, 1.7, 7.6],
			"to": [7.60208, 5, 8.4],
			"rotation": {"angle": 0, "axis": "y", "origin": [7.55208, 3.35, 8]},
			"faces": {
				"north": {"uv": [8, 5, 9, 12], "texture": "#0"},
				"east": {"uv": [8, 5, 9, 12], "texture": "#0"},
				"south": {"uv": [8, 5, 9, 12], "texture": "#0"},
				"west": {"uv": [7, 1, 1, 15], "rotation": 180, "texture": "#0"},
				"up": {"uv": [8, 5, 9, 12], "rotation": 90, "texture": "#0"},
				"down": {"uv": [8, 5, 9, 12], "rotation": 270, "texture": "#0"}
			}
		},
		{
			"name": "Speed",
			"from": [7.59792, 1.7, 7.6],
			"to": [8.39792, 4.1, 8.4],
			"rotation": {"angle": 0, "axis": "y", "origin": [15.49792, 8, 15.5]},
			"faces": {
				"north": {"uv": [12, 13, 13, 14], "texture": "#2"},
				"east": {"uv": [12, 13, 13, 14], "texture": "#2"},
				"south": {"uv": [12, 13, 13, 14], "texture": "#2"},
				"west": {"uv": [12, 13, 13, 14], "texture": "#2"},
				"up": {"uv": [12, 13, 13, 14], "texture": "#2"},
				"down": {"uv": [12, 13, 13, 14], "texture": "#2"}
			}
		},
		{
			"name": "Pusher",
			"from": [7.59792, 4.1, 7.6],
			"to": [8.39792, 4.3, 8.4],
			"rotation": {"angle": 0, "axis": "y", "origin": [15.49792, 10.4, 15.5]},
			"faces": {
				"north": {"uv": [12, 13, 13, 14], "texture": "#4"},
				"east": {"uv": [12, 13, 13, 14], "texture": "#4"},
				"south": {"uv": [12, 13, 13, 14], "texture": "#4"},
				"west": {"uv": [12, 13, 13, 14], "texture": "#4"},
				"up": {"uv": [12, 13, 13, 14], "texture": "#4"},
				"down": {"uv": [12, 13, 13, 14], "texture": "#4"}
			}
		},
		{
			"name": "Pusher",
			"from": [7.79792, 4.3, 7.8],
			"to": [8.19792, 5, 8.2],
			"rotation": {"angle": 0, "axis": "y", "origin": [15.49792, 10.6, 15.5]},
			"faces": {
				"north": {"uv": [10, 7, 13, 14], "texture": "#1"},
				"east": {"uv": [10, 7, 13, 14], "texture": "#1"},
				"south": {"uv": [10, 7, 13, 14], "texture": "#1"},
				"west": {"uv": [10, 7, 13, 14], "texture": "#1"},
				"up": {"uv": [12, 13, 13, 14], "texture": "#1"},
				"down": {"uv": [12, 13, 13, 14], "texture": "#1"}
			}
		},
		{
			"from": [6.89792, 5, 7.4],
			"to": [9.09792, 5.15, 8.6],
			"rotation": {"angle": 0, "axis": "y", "origin": [15.49792, 13, 15.5]},
			"faces": {
				"north": {"uv": [3, 7, 13, 9], "texture": "#1"},
				"east": {"uv": [8, 5, 15, 7], "texture": "#1"},
				"south": {"uv": [3, 7, 13, 9], "texture": "#1"},
				"west": {"uv": [6, 7, 13, 9], "texture": "#1"},
				"up": {"uv": [2, 5, 15, 11], "texture": "#1"},
				"down": {"uv": [2, 5, 15, 11], "texture": "#1"}
			}
		},
		{
			"from": [7.19792, 7.1, 7.5],
			"to": [8.79792, 7.2, 8.5],
			"rotation": {"angle": 0, "axis": "y", "origin": [15.49792, 15.1, 15.5]},
			"faces": {
				"north": {"uv": [8, 5, 14, 6], "texture": "#1"},
				"east": {"uv": [8, 5, 14, 6], "texture": "#1"},
				"south": {"uv": [8, 5, 14, 6], "texture": "#1"},
				"west": {"uv": [8, 5, 14, 6], "texture": "#1"},
				"up": {"uv": [4, 5, 12, 12], "texture": "#1"},
				"down": {"uv": [4, 5, 12, 12], "texture": "#1"}
			}
		},
		{
			"from": [7.44792, 1.4, 7.4],
			"to": [8.54792, 1.7, 8.6],
			"rotation": {"angle": 0, "axis": "y", "origin": [15.49792, 9.4, 15.5]},
			"faces": {
				"north": {"uv": [4, 6, 12, 8], "texture": "#1"},
				"east": {"uv": [2, 11, 10, 13], "texture": "#1"},
				"south": {"uv": [2, 8, 10, 10], "texture": "#1"},
				"west": {"uv": [6, 3, 14, 5], "texture": "#1"},
				"up": {"uv": [8, 5, 9, 12], "texture": "#1"},
				"down": {"uv": [2, 9, 8, 15], "texture": "#1"}
			}
		},
		{
			"from": [7.54792, 1.3, 7.5],
			"to": [8.44792, 1.4, 8.5],
			"rotation": {"angle": 0, "axis": "y", "origin": [15.49792, 9.1, 15.5]},
			"faces": {
				"north": {"uv": [7, 5, 13, 6], "texture": "#1"},
				"east": {"uv": [7, 5, 13, 6], "texture": "#1"},
				"south": {"uv": [7, 5, 13, 6], "texture": "#1"},
				"west": {"uv": [7, 5, 13, 6], "texture": "#1"},
				"up": {"uv": [8, 5, 9, 12], "texture": "#1"},
				"down": {"uv": [3, 6, 8, 11], "texture": "#1"}
			}
		},
		{
			"from": [7.64792, 1.2, 7.6],
			"to": [8.34792, 1.3, 8.4],
			"rotation": {"angle": 0, "axis": "y", "origin": [15.49792, 9, 15.5]},
			"faces": {
				"north": {"uv": [8, 5, 13, 6], "texture": "#1"},
				"east": {"uv": [8, 5, 13, 6], "texture": "#1"},
				"south": {"uv": [8, 5, 13, 6], "texture": "#1"},
				"west": {"uv": [8, 5, 13, 6], "texture": "#1"},
				"up": {"uv": [8, 5, 9, 12], "texture": "#1"},
				"down": {"uv": [8, 5, 12, 9], "texture": "#1"}
			}
		},
		{
			"from": [7.95, 0.2, 7.95],
			"to": [8.05, 1.2, 8.05],
			"rotation": {"angle": 0, "axis": "y", "origin": [15.55, 8.9, 15.5]},
			"faces": {
				"north": {"uv": [8, 5, 9, 12], "texture": "#3"},
				"east": {"uv": [8, 5, 9, 12], "texture": "#3"},
				"south": {"uv": [8, 5, 9, 12], "texture": "#3"},
				"west": {"uv": [8, 5, 9, 12], "texture": "#3"},
				"up": {"uv": [8, 5, 9, 12], "texture": "#3"},
				"down": {"uv": [8, 5, 9, 12], "texture": "#3"}
			}
		},
		{
			"from": [7.64792, 5.1, 7.65],
			"to": [8.37292, 7.1, 8.35],
			"rotation": {"angle": 0, "axis": "y", "origin": [15.49792, 13.3, 15.5]},
			"faces": {
				"north": {"uv": [6, 6, 11, 15], "texture": "#1"},
				"east": {"uv": [4, 5, 9, 14], "texture": "#1"},
				"south": {"uv": [9, 5, 14, 14], "texture": "#1"},
				"west": {"uv": [8, 1, 13, 10], "texture": "#1"},
				"up": {"uv": [8, 5, 9, 12], "texture": "#1"},
				"down": {"uv": [8, 5, 9, 12], "texture": "#1"}
			}
		}
	],
	"display": {
		"thirdperson_righthand": {
			"scale": [0, 0, 0]
		},
		"thirdperson_lefthand": {
			"scale": [0, 0, 0]
		},
		"firstperson_righthand": {
			"rotation": [0, -90, 25],
			"translation": [-1, 8.45, -2.87],
			"scale": [1.5, 1.5, 1.5]
		},
		"firstperson_lefthand": {
			"rotation": [0, -90, 25],
			"translation": [-1, 8.45, -2.87],
			"scale": [1.5, 1.5, 1.5]
		},
		"ground": {
			"translation": [0, 4.25, 0]
		},
		"gui": {
			"rotation": [30, 225, 0],
			"translation": [0, 6.25, 0],
			"scale": [1.8, 1.8, 1.8]
		}
	}
}