{
	"credit": "Made with Blockbench",
	"textures": {
		"0": "item/glass_bottle1",
		"1": "item/light_gray_stained_glass1",
		"2": "item/potion_overlay1",
		"particle": "item/light_gray_stained_glass1"
	},
	"elements": [
		{
			"from": [6.5, 0.8, 6.5],
			"to": [9.5, 1.3, 9.5],
			"rotation": {"angle": 0, "axis": "y", "origin": [16.5, 8.3, 16.5]},
			"faces": {
				"north": {"uv": [7, 6, 8, 7], "texture": "#1"},
				"east": {"uv": [7, 6, 8, 7], "texture": "#1"},
				"south": {"uv": [7, 6, 8, 7], "texture": "#1"},
				"west": {"uv": [7, 6, 8, 7], "texture": "#1"},
				"up": {"uv": [7, 6, 8, 7], "texture": "#1"},
				"down": {"uv": [7, 6, 8, 7], "texture": "#1"}
			}
		},
		{
			"from": [6.5, 1.3, 6.5],
			"to": [9.5, 4.1, 9.5],
			"rotation": {"angle": 0, "axis": "y", "origin": [16.5, 8.8, 16.5]},
			"faces": {
				"north": {"uv": [2, 7, 9, 13], "texture": "#2","tintindex":0},
				"east": {"uv": [2, 7, 9, 13], "texture": "#2","tintindex":0},
				"south": {"uv": [2, 7, 9, 13], "texture": "#2","tintindex":0},
				"west": {"uv": [2, 7, 9, 13], "texture": "#2","tintindex":0},
				"up": {"uv": [2, 7, 9, 13], "texture": "#2","tintindex":0},
				"down": {"uv": [2, 7, 9, 13], "texture": "#2","tintindex":0}
			}
		},
		{
			"from": [6.5, 4.3, 6.5],
			"to": [9.5, 5, 9.5],
			"rotation": {"angle": 0, "axis": "y", "origin": [16.5, 12.3, 16.5]},
			"faces": {
				"north": {"uv": [7, 6, 8, 7], "texture": "#1"},
				"east": {"uv": [7, 6, 8, 7], "texture": "#1"},
				"south": {"uv": [7, 6, 8, 7], "texture": "#1"},
				"west": {"uv": [7, 6, 8, 7], "texture": "#1"},
				"up": {"uv": [7, 6, 8, 7], "texture": "#1"},
				"down": {"uv": [7, 6, 8, 7], "texture": "#1"}
			}
		},
		{
			"from": [7.5, 6, 5.5],
			"to": [8.5, 7, 7.5],
			"rotation": {"angle": 0, "axis": "y", "origin": [16.5, 14, 14.5]},
			"faces": {
				"north": {"uv": [7, 2, 8, 3], "texture": "#0"},
				"east": {"uv": [7, 2, 8, 3], "texture": "#0"},
				"south": {"uv": [7, 2, 8, 3], "texture": "#0"},
				"west": {"uv": [7, 2, 8, 3], "texture": "#0"},
				"up": {"uv": [7, 2, 8, 3], "texture": "#0"},
				"down": {"uv": [7, 2, 8, 3], "texture": "#0"}
			}
		},
		{
			"from": [7.5, 5, 5.5],
			"to": [8.5, 6, 6.5],
			"rotation": {"angle": 0, "axis": "y", "origin": [16.5, 13, 13.5]},
			"faces": {
				"north": {"uv": [9, 2, 10, 3], "texture": "#0"},
				"east": {"uv": [9, 2, 10, 3], "texture": "#0"},
				"south": {"uv": [9, 2, 10, 3], "texture": "#0"},
				"west": {"uv": [9, 2, 10, 3], "texture": "#0"},
				"up": {"uv": [9, 2, 10, 3], "texture": "#0"},
				"down": {"uv": [9, 2, 10, 3], "texture": "#0"}
			}
		},
		{
			"from": [6.7, 5, 6.5],
			"to": [9.3, 6, 8.5],
			"rotation": {"angle": 0, "axis": "y", "origin": [16.5, 13, 14.5]},
			"faces": {
				"north": {"uv": [7, 6, 8, 7], "texture": "#1"},
				"east": {"uv": [7, 6, 8, 7], "texture": "#1"},
				"south": {"uv": [7, 6, 8, 7], "texture": "#1"},
				"west": {"uv": [7, 6, 8, 7], "texture": "#1"},
				"up": {"uv": [7, 6, 8, 7], "texture": "#1"},
				"down": {"uv": [7, 6, 8, 7], "texture": "#1"}
			}
		},
		{
			"from": [6, 1.3, 6.5],
			"to": [6.5, 4.3, 9.5],
			"rotation": {"angle": 0, "axis": "z", "origin": [13.5, -5.7, 16.5]},
			"faces": {
				"north": {"uv": [7, 6, 8, 7], "texture": "#1"},
				"east": {"uv": [7, 6, 8, 7], "texture": "#1"},
				"south": {"uv": [7, 6, 8, 7], "texture": "#1"},
				"west": {"uv": [7, 6, 8, 7], "texture": "#1"},
				"up": {"uv": [7, 6, 8, 7], "texture": "#1"},
				"down": {"uv": [7, 6, 8, 7], "texture": "#1"}
			}
		},
		{
			"from": [9.5, 1.3, 6.5],
			"to": [10, 4.3, 9.5],
			"rotation": {"angle": 0, "axis": "z", "origin": [17.5, -5.7, 16.5]},
			"faces": {
				"north": {"uv": [7, 6, 8, 7], "texture": "#1"},
				"east": {"uv": [7, 6, 8, 7], "texture": "#1"},
				"south": {"uv": [7, 6, 8, 7], "texture": "#1"},
				"west": {"uv": [7, 6, 8, 7], "texture": "#1"},
				"up": {"uv": [7, 6, 8, 7], "texture": "#1"},
				"down": {"uv": [7, 6, 8, 7], "texture": "#1"}
			}
		},
		{
			"from": [6.5, 1.3, 9.5],
			"to": [9.5, 4.3, 10],
			"rotation": {"angle": 0, "axis": "y", "origin": [16.5, -5.7, 2.5]},
			"faces": {
				"north": {"uv": [7, 6, 8, 7], "texture": "#1"},
				"east": {"uv": [7, 6, 8, 7], "texture": "#1"},
				"south": {"uv": [7, 6, 8, 7], "texture": "#1"},
				"west": {"uv": [7, 6, 8, 7], "texture": "#1"},
				"up": {"uv": [7, 6, 8, 7], "texture": "#1"},
				"down": {"uv": [7, 6, 8, 7], "texture": "#1"}
			}
		},
		{
			"from": [6.5, 1.3, 6],
			"to": [9.5, 4.3, 6.5],
			"rotation": {"angle": 0, "axis": "y", "origin": [16.5, -5.7, -1.5]},
			"faces": {
				"north": {"uv": [7, 6, 8, 7], "texture": "#1"},
				"east": {"uv": [7, 6, 8, 7], "texture": "#1"},
				"south": {"uv": [7, 6, 8, 7], "texture": "#1"},
				"west": {"uv": [7, 6, 8, 7], "texture": "#1"},
				"up": {"uv": [7, 6, 8, 7], "texture": "#1"},
				"down": {"uv": [7, 6, 8, 7], "texture": "#1"}
			}
		}
	],
	"display": {
		"thirdperson_righthand": {
			"scale": [0, 0, 0]
		},
		"thirdperson_lefthand": {
			"scale": [0, 0, 0]
		},
		"firstperson_righthand": {
			"rotation": [0, -172, 0],
			"translation": [0, 5.5, 0]
		},
		"firstperson_lefthand": {
			"rotation": [0, -172, 0],
			"translation": [0, 5.5, 0]
		},
		"ground": {
			"translation": [0, 3.5, 0]
		},
		"gui": {
			"rotation": [30, 225, 0],
			"translation": [0, 6.25, 0],
			"scale": [1.5, 1.5, 1.5]
		},
		"head": {
			"translation": [0, -36, 0]
		},
		"fixed": {
			"rotation": [0, 90, 0]
		}
	}
}