{
	"credit": "Made with Blockbench",
	"textures": {
		"0": "block/anvil",
		"1": "entity/steve",
		"particle": "block/anvil"
	},
	"elements": [
		{
			"name": "head",
			"from": [6.8, 8.95, 6.8],
			"to": [9.2, 11.35, 9.2],
			"rotation": {"angle": 0, "axis": "y", "origin": [8, 4.3, 8]},
			"faces": {
				"north": {"uv": [2, 2, 4, 4], "texture": "#1"},
				"east": {"uv": [0, 2, 2, 4], "texture": "#1"},
				"south": {"uv": [6, 2, 8, 4], "texture": "#1"},
				"west": {"uv": [4, 2, 6, 4], "texture": "#1"},
				"up": {"uv": [4, 2, 2, 0], "texture": "#1"},
				"down": {"uv": [6, 0, 4, 2], "texture": "#1"}
			}
		},
		{
			"name": "body",
			"from": [6.8, 5.35, 7.4],
			"to": [9.2, 8.95, 8.6],
			"rotation": {"angle": 0, "axis": "y", "origin": [8, 4.3, 8]},
			"faces": {
				"north": {"uv": [5, 5, 7, 7.98], "texture": "#1"},
				"east": {"uv": [4, 5, 5, 8], "texture": "#1"},
				"south": {"uv": [8, 5, 10, 8], "texture": "#1"},
				"west": {"uv": [7, 5, 8, 7.98], "texture": "#1"},
				"up": {"uv": [7, 5, 5, 4], "texture": "#1"},
				"down": {"uv": [9, 4, 7, 5], "texture": "#1"}
			}
		},
		{
			"name": "right_arm",
			"from": [9.2, 5.35, 7.4],
			"to": [10.4, 8.95, 8.6],
			"rotation": {"angle": 0, "axis": "y", "origin": [8, 4.3, 8]},
			"faces": {
				"north": {"uv": [11, 5, 12, 8], "texture": "#1"},
				"east": {"uv": [10, 5, 11, 8], "texture": "#1"},
				"south": {"uv": [13, 5, 14, 8], "texture": "#1"},
				"west": {"uv": [12, 5, 13, 8], "texture": "#1"},
				"up": {"uv": [12, 5, 11, 4], "texture": "#1"},
				"down": {"uv": [13, 4, 12, 5], "texture": "#1"}
			}
		},
		{
			"name": "left_arm",
			"from": [5.6, 5.35, 7.4],
			"to": [6.8, 8.95, 8.6],
			"rotation": {"angle": 0, "axis": "y", "origin": [8, 4.3, 8]},
			"faces": {
				"north": {"uv": [9, 13, 10, 16], "texture": "#1"},
				"east": {"uv": [8, 13, 9, 16], "texture": "#1"},
				"south": {"uv": [11, 13, 12, 16], "texture": "#1"},
				"west": {"uv": [10, 13, 11, 16], "texture": "#1"},
				"up": {"uv": [10, 13, 9, 12], "texture": "#1"},
				"down": {"uv": [11, 12, 10, 13], "texture": "#1"}
			}
		},
		{
			"name": "right_leg",
			"from": [8, 1.75, 7.4],
			"to": [9.2, 5.35, 8.6],
			"rotation": {"angle": 0, "axis": "y", "origin": [8, 4.3, 8]},
			"faces": {
				"north": {"uv": [1, 5, 2, 8], "texture": "#1"},
				"east": {"uv": [0, 5, 1, 8], "texture": "#1"},
				"south": {"uv": [3, 5, 4, 8], "texture": "#1"},
				"west": {"uv": [2, 5, 3, 8], "texture": "#1"},
				"up": {"uv": [2, 5, 1, 4], "texture": "#1"},
				"down": {"uv": [3, 4, 2, 5], "texture": "#1"}
			}
		},
		{
			"name": "left_leg",
			"from": [6.8, 1.75, 7.4],
			"to": [8, 5.35, 8.6],
			"rotation": {"angle": 0, "axis": "y", "origin": [8, 4.3, 8]},
			"faces": {
				"north": {"uv": [5, 13, 6, 16], "texture": "#1"},
				"east": {"uv": [4, 13, 5, 16], "texture": "#1"},
				"south": {"uv": [7, 13, 8, 16], "texture": "#1"},
				"west": {"uv": [6, 13, 7, 16], "texture": "#1"},
				"up": {"uv": [6, 13, 5, 12], "texture": "#1"},
				"down": {"uv": [7, 12, 6, 13], "texture": "#1"}
			}
		},
		{
			"from": [5, 0, 5],
			"to": [11, 1.8, 11],
			"rotation": {"angle": 0, "axis": "y", "origin": [17, 8, 14]},
			"faces": {
				"north": {"uv": [3, 3, 14, 8], "texture": "#0"},
				"east": {"uv": [2, 6, 13, 11], "texture": "#0"},
				"south": {"uv": [4, 10, 15, 15], "texture": "#0"},
				"west": {"uv": [5, 2, 16, 7], "texture": "#0"},
				"up": {"uv": [0, 0, 11, 11], "texture": "#0"},
				"down": {"uv": [3, 3, 14, 14], "texture": "#0"}
			}
		}
	],
	"display": {
		"thirdperson_righthand": {
			"rotation": [69, 0, 0],
			"translation": [0, 0.75, 2.25]
		},
		"thirdperson_lefthand": {
			"rotation": [69, 0, 0],
			"translation": [0, 0.75, 2.25]
		},
		"firstperson_righthand": {
			"translation": [0, 4.75, 0]
		},
		"firstperson_lefthand": {
			"translation": [0, 4.75, 0]
		},
		"ground": {
			"translation": [0, 4.25, 0]
		},
		"gui": {
			"rotation": [30, 225, 0],
			"translation": [0, 1.5, 0],
			"scale": [0.8, 0.8, 0.8]
		},
		"head": {
			"translation": [0, -30.41, 0],
			"scale": [1.6, 1.6, 1.6]
		},
		"fixed": {
			"rotation": [-90, 0, 0],
			"translation": [0, 0, -15],
			"scale": [2, 2, 2]
		}
	},
	"groups": [
		{
			"name": "steve",
			"origin": [8, 8, 8],
			"children": [0, 1, 2, 3, 4, 5]
		}, 6]
}