{
	"credit": "Made with Blockbench",
	"textures": {
		"0": "block/anvil",
		"1": "entity/aidan",
		"2": "entity/cole",
		"3": "entity/gabe",
		"particle": "block/anvil"
	},
	"elements": [
		{
			"from": [2.75, 0.6, 5.45],
			"to": [13.25, 1.8, 10.55],
			"rotation": {"angle": 0, "axis": "y", "origin": [19.25, 8, 14.45]},
			"faces": {
				"north": {"uv": [2, 3, 16, 5], "texture": "#0"},
				"east": {"uv": [1, 9, 15, 11], "texture": "#0"},
				"south": {"uv": [0, 10, 14, 12], "texture": "#0"},
				"west": {"uv": [1, 1, 15, 3], "texture": "#0"},
				"up": {"uv": [2, 3, 16, 9], "texture": "#0"},
				"down": {"uv": [0, 10, 14, 16], "texture": "#0"}
			}
		},
		{
			"name": "head",
			"from": [10.64006, 5.17, 7.44],
			"to": [11.76006, 6.29, 8.56],
			"rotation": {"angle": 0, "axis": "y", "origin": [11.20006, 3, 8]},
			"faces": {
				"north": {"uv": [2, 2, 4, 4], "texture": "#1"},
				"east": {"uv": [0, 2, 2, 4], "texture": "#1"},
				"south": {"uv": [6, 2, 8, 4], "texture": "#1"},
				"west": {"uv": [4, 2, 6, 4], "texture": "#1"},
				"up": {"uv": [4, 2, 2, 0], "texture": "#1"},
				"down": {"uv": [6, 0, 4, 2], "texture": "#1"}
			}
		},
		{
			"name": "body",
			"from": [10.64006, 3.49, 7.72],
			"to": [11.76006, 5.17, 8.28],
			"rotation": {"angle": 0, "axis": "y", "origin": [11.20006, 3, 8]},
			"faces": {
				"north": {"uv": [5, 5, 7, 7.98], "texture": "#1"},
				"east": {"uv": [4, 5, 5, 8], "texture": "#1"},
				"south": {"uv": [8, 5, 10, 8], "texture": "#1"},
				"west": {"uv": [7, 5, 8, 7.98], "texture": "#1"},
				"up": {"uv": [7, 5, 5, 4], "texture": "#1"},
				"down": {"uv": [9, 4, 7, 5], "texture": "#1"}
			}
		},
		{
			"name": "right_arm",
			"from": [11.76006, 3.49, 7.72],
			"to": [12.32006, 5.17, 8.28],
			"rotation": {"angle": 0, "axis": "y", "origin": [11.20006, 3, 8]},
			"faces": {
				"north": {"uv": [11, 5, 12, 8], "texture": "#1"},
				"east": {"uv": [10, 5, 11, 8], "texture": "#1"},
				"south": {"uv": [13, 5, 14, 8], "texture": "#1"},
				"west": {"uv": [12, 5, 13, 8], "texture": "#1"},
				"up": {"uv": [12, 5, 11, 4], "texture": "#1"},
				"down": {"uv": [13, 4, 12, 5], "texture": "#1"}
			}
		},
		{
			"name": "left_arm",
			"from": [10.08006, 3.49, 7.72],
			"to": [10.64006, 5.17, 8.28],
			"rotation": {"angle": 0, "axis": "y", "origin": [11.20006, 3, 8]},
			"faces": {
				"north": {"uv": [9, 13, 10, 16], "texture": "#1"},
				"east": {"uv": [8, 13, 9, 16], "texture": "#1"},
				"south": {"uv": [11, 13, 12, 16], "texture": "#1"},
				"west": {"uv": [10, 13, 11, 16], "texture": "#1"},
				"up": {"uv": [10, 13, 9, 12], "texture": "#1"},
				"down": {"uv": [11, 12, 10, 13], "texture": "#1"}
			}
		},
		{
			"name": "right_leg",
			"from": [11.20006, 1.81, 7.72],
			"to": [11.76006, 3.49, 8.28],
			"rotation": {"angle": 0, "axis": "y", "origin": [11.20006, 3, 8]},
			"faces": {
				"north": {"uv": [1, 5, 2, 8], "texture": "#1"},
				"east": {"uv": [0, 5, 1, 8], "texture": "#1"},
				"south": {"uv": [3, 5, 4, 8], "texture": "#1"},
				"west": {"uv": [2, 5, 3, 8], "texture": "#1"},
				"up": {"uv": [2, 5, 1, 4], "texture": "#1"},
				"down": {"uv": [3, 4, 2, 5], "texture": "#1"}
			}
		},
		{
			"name": "left_leg",
			"from": [10.64006, 1.81, 7.72],
			"to": [11.20006, 3.49, 8.28],
			"rotation": {"angle": 0, "axis": "y", "origin": [11.20006, 3, 8]},
			"faces": {
				"north": {"uv": [5, 13, 6, 16], "texture": "#1"},
				"east": {"uv": [4, 13, 5, 16], "texture": "#1"},
				"south": {"uv": [7, 13, 8, 16], "texture": "#1"},
				"west": {"uv": [6, 13, 7, 16], "texture": "#1"},
				"up": {"uv": [6, 13, 5, 12], "texture": "#1"},
				"down": {"uv": [7, 12, 6, 13], "texture": "#1"}
			}
		},
		{
			"name": "head_2nd_layer",
			"from": [10.57006, 5.1, 7.37],
			"to": [11.83006, 6.36, 8.63],
			"rotation": {"angle": 0, "axis": "y", "origin": [11.20006, 3, 8]},
			"faces": {
				"north": {"uv": [10, 2, 12, 4], "texture": "#1"},
				"east": {"uv": [8, 2, 10, 4], "texture": "#1"},
				"south": {"uv": [14, 2, 16, 4], "texture": "#1"},
				"west": {"uv": [12, 2, 14, 4], "texture": "#1"},
				"up": {"uv": [12, 2, 10, 0], "texture": "#1"},
				"down": {"uv": [14, 0, 12, 2], "texture": "#1"}
			}
		},
		{
			"name": "body_2nd_layer",
			"from": [10.64006, 3.4228, 7.65],
			"to": [11.76006, 5.2442, 8.35],
			"rotation": {"angle": 0, "axis": "y", "origin": [11.20006, 3, 8]},
			"faces": {
				"north": {"uv": [5, 9, 7, 12], "texture": "#1"},
				"east": {"uv": [4, 9, 5, 12], "texture": "#1"},
				"south": {"uv": [8, 9, 10, 12], "texture": "#1"},
				"west": {"uv": [7, 9, 8, 12], "texture": "#1"},
				"up": {"uv": [7, 9, 5, 8], "texture": "#1"},
				"down": {"uv": [9, 8, 7, 9], "texture": "#1"}
			}
		},
		{
			"name": "right_arm_2nd_layer",
			"from": [11.69006, 3.42, 7.65],
			"to": [12.38866, 5.24, 8.35],
			"rotation": {"angle": 0, "axis": "y", "origin": [11.20006, 3, 8]},
			"faces": {
				"north": {"uv": [11, 9, 12, 12], "texture": "#1"},
				"east": {"uv": [10, 9, 11, 12], "texture": "#1"},
				"south": {"uv": [13, 9, 14, 12], "texture": "#1"},
				"west": {"uv": [12, 9, 13, 12], "texture": "#1"},
				"up": {"uv": [12, 9, 11, 8], "texture": "#1"},
				"down": {"uv": [13, 8, 12, 9], "texture": "#1"}
			}
		},
		{
			"name": "left_arm_2nd_layer",
			"from": [10.01006, 3.42, 7.65],
			"to": [10.71006, 5.24, 8.35],
			"rotation": {"angle": 0, "axis": "z", "origin": [10.36006, 4.33, 8]},
			"faces": {
				"north": {"uv": [13, 13, 14, 16], "texture": "#1"},
				"east": {"uv": [12, 13, 13, 16], "texture": "#1"},
				"south": {"uv": [15, 13, 16, 16], "texture": "#1"},
				"west": {"uv": [14, 13, 15, 16], "texture": "#1"},
				"up": {"uv": [14, 13, 13, 12], "texture": "#1"},
				"down": {"uv": [15, 12, 14, 13], "texture": "#1"}
			}
		},
		{
			"name": "right_leg_2nd_layer",
			"from": [11.13006, 1.74, 7.65],
			"to": [11.83006, 3.56, 8.35],
			"rotation": {"angle": 0, "axis": "y", "origin": [11.20006, 3, 8]},
			"faces": {
				"north": {"uv": [1, 9, 2, 12], "texture": "#1"},
				"east": {"uv": [0, 9, 1, 12], "texture": "#1"},
				"south": {"uv": [3, 9, 4, 12], "texture": "#1"},
				"west": {"uv": [2, 9, 3, 12], "texture": "#1"},
				"up": {"uv": [2, 9, 1, 8], "texture": "#1"},
				"down": {"uv": [3, 8, 2, 9], "texture": "#1"}
			}
		},
		{
			"name": "left_leg_2nd_layer",
			"from": [10.57006, 1.74, 7.65],
			"to": [11.27006, 3.56, 8.35],
			"rotation": {"angle": 0, "axis": "y", "origin": [11.20006, 3, 8]},
			"faces": {
				"north": {"uv": [1, 13, 2, 16], "texture": "#1"},
				"east": {"uv": [0, 13, 1, 16], "texture": "#1"},
				"south": {"uv": [3, 13, 4, 16], "texture": "#1"},
				"west": {"uv": [2, 13, 3, 16], "texture": "#1"},
				"up": {"uv": [2, 12, 1, 11], "texture": "#1"},
				"down": {"uv": [3, 12, 2, 13], "texture": "#1"}
			}
		},
		{
			"name": "head",
			"from": [7.44006, 5.17, 7.44],
			"to": [8.56006, 6.29, 8.56],
			"rotation": {"angle": 0, "axis": "y", "origin": [8.00006, 3, 8]},
			"faces": {
				"north": {"uv": [2, 2, 4, 4], "texture": "#3"},
				"east": {"uv": [0, 2, 2, 4], "texture": "#3"},
				"south": {"uv": [6, 2, 8, 4], "texture": "#3"},
				"west": {"uv": [4, 2, 6, 4], "texture": "#3"},
				"up": {"uv": [4, 2, 2, 0], "texture": "#3"},
				"down": {"uv": [6, 0, 4, 2], "texture": "#3"}
			}
		},
		{
			"name": "body",
			"from": [7.44006, 3.49, 7.72],
			"to": [8.56006, 5.17, 8.28],
			"rotation": {"angle": 0, "axis": "y", "origin": [8.00006, 3, 8]},
			"faces": {
				"north": {"uv": [5, 5, 7, 7.98], "texture": "#3"},
				"east": {"uv": [4, 5, 5, 8], "texture": "#3"},
				"south": {"uv": [8, 5, 10, 8], "texture": "#3"},
				"west": {"uv": [7, 5, 8, 7.98], "texture": "#3"},
				"up": {"uv": [7, 5, 5, 4], "texture": "#3"},
				"down": {"uv": [9, 4, 7, 5], "texture": "#3"}
			}
		},
		{
			"name": "right_arm",
			"from": [8.56006, 3.49, 7.72],
			"to": [9.12006, 5.17, 8.28],
			"rotation": {"angle": 0, "axis": "y", "origin": [8.00006, 3, 8]},
			"faces": {
				"north": {"uv": [11, 5, 12, 8], "texture": "#3"},
				"east": {"uv": [10, 5, 11, 8], "texture": "#3"},
				"south": {"uv": [13, 5, 14, 8], "texture": "#3"},
				"west": {"uv": [12, 5, 13, 8], "texture": "#3"},
				"up": {"uv": [12, 5, 11, 4], "texture": "#3"},
				"down": {"uv": [13, 4, 12, 5], "texture": "#3"}
			}
		},
		{
			"name": "left_arm",
			"from": [6.88006, 3.49, 7.72],
			"to": [7.44006, 5.17, 8.28],
			"rotation": {"angle": 0, "axis": "y", "origin": [8.00006, 3, 8]},
			"faces": {
				"north": {"uv": [9, 13, 10, 16], "texture": "#3"},
				"east": {"uv": [8, 13, 9, 16], "texture": "#3"},
				"south": {"uv": [11, 13, 12, 16], "texture": "#3"},
				"west": {"uv": [10, 13, 11, 16], "texture": "#3"},
				"up": {"uv": [10, 13, 9, 12], "texture": "#3"},
				"down": {"uv": [11, 12, 10, 13], "texture": "#3"}
			}
		},
		{
			"name": "right_leg",
			"from": [8.00006, 1.81, 7.72],
			"to": [8.56006, 3.49, 8.28],
			"rotation": {"angle": 0, "axis": "y", "origin": [8.00006, 3, 8]},
			"faces": {
				"north": {"uv": [1, 5, 2, 8], "texture": "#3"},
				"east": {"uv": [0, 5, 1, 8], "texture": "#3"},
				"south": {"uv": [3, 5, 4, 8], "texture": "#3"},
				"west": {"uv": [2, 5, 3, 8], "texture": "#3"},
				"up": {"uv": [2, 5, 1, 4], "texture": "#3"},
				"down": {"uv": [3, 4, 2, 5], "texture": "#3"}
			}
		},
		{
			"name": "left_leg",
			"from": [7.44006, 1.81, 7.72],
			"to": [8.00006, 3.49, 8.28],
			"rotation": {"angle": 0, "axis": "y", "origin": [8.00006, 3, 8]},
			"faces": {
				"north": {"uv": [5, 13, 6, 16], "texture": "#3"},
				"east": {"uv": [4, 13, 5, 16], "texture": "#3"},
				"south": {"uv": [7, 13, 8, 16], "texture": "#3"},
				"west": {"uv": [6, 13, 7, 16], "texture": "#3"},
				"up": {"uv": [6, 13, 5, 12], "texture": "#3"},
				"down": {"uv": [7, 12, 6, 13], "texture": "#3"}
			}
		},
		{
			"name": "head_2nd_layer",
			"from": [7.37006, 5.1, 7.37],
			"to": [8.63006, 6.36, 8.63],
			"rotation": {"angle": 0, "axis": "y", "origin": [8.00006, 3, 8]},
			"faces": {
				"north": {"uv": [10, 2, 12, 4], "texture": "#3"},
				"east": {"uv": [8, 2, 10, 4], "texture": "#3"},
				"south": {"uv": [14, 2, 16, 4], "texture": "#3"},
				"west": {"uv": [12, 2, 14, 4], "texture": "#3"},
				"up": {"uv": [12, 2, 10, 0], "texture": "#3"},
				"down": {"uv": [14, 0, 12, 2], "texture": "#3"}
			}
		},
		{
			"name": "body_2nd_layer",
			"from": [7.44006, 3.4228, 7.65],
			"to": [8.56006, 5.2442, 8.35],
			"rotation": {"angle": 0, "axis": "y", "origin": [8.00006, 3, 8]},
			"faces": {
				"north": {"uv": [5, 9, 7, 12], "texture": "#3"},
				"east": {"uv": [4, 9, 5, 12], "texture": "#3"},
				"south": {"uv": [8, 9, 10, 12], "texture": "#3"},
				"west": {"uv": [7, 9, 8, 12], "texture": "#3"},
				"up": {"uv": [7, 9, 5, 8], "texture": "#3"},
				"down": {"uv": [9, 8, 7, 9], "texture": "#3"}
			}
		},
		{
			"name": "right_arm_2nd_layer",
			"from": [8.49006, 3.42, 7.65],
			"to": [9.18866, 5.24, 8.35],
			"rotation": {"angle": 0, "axis": "y", "origin": [8.00006, 3, 8]},
			"faces": {
				"north": {"uv": [11, 9, 12, 12], "texture": "#3"},
				"east": {"uv": [10, 9, 11, 12], "texture": "#3"},
				"south": {"uv": [13, 9, 14, 12], "texture": "#3"},
				"west": {"uv": [12, 9, 13, 12], "texture": "#3"},
				"up": {"uv": [12, 9, 11, 8], "texture": "#3"},
				"down": {"uv": [13, 8, 12, 9], "texture": "#3"}
			}
		},
		{
			"name": "left_arm_2nd_layer",
			"from": [6.81006, 3.42, 7.65],
			"to": [7.51006, 5.24, 8.35],
			"rotation": {"angle": 0, "axis": "y", "origin": [8.00006, 3, 8]},
			"faces": {
				"north": {"uv": [13, 13, 14, 16], "texture": "#3"},
				"east": {"uv": [12, 13, 13, 16], "texture": "#3"},
				"south": {"uv": [15, 13, 16, 16], "texture": "#3"},
				"west": {"uv": [14, 13, 15, 16], "texture": "#3"},
				"up": {"uv": [14, 13, 13, 12], "texture": "#3"},
				"down": {"uv": [15, 12, 14, 13], "texture": "#3"}
			}
		},
		{
			"name": "right_leg_2nd_layer",
			"from": [7.93006, 1.74, 7.65],
			"to": [8.63006, 3.56, 8.35],
			"rotation": {"angle": 0, "axis": "y", "origin": [8.00006, 3, 8]},
			"faces": {
				"north": {"uv": [1, 9, 2, 12], "texture": "#3"},
				"east": {"uv": [0, 9, 1, 12], "texture": "#3"},
				"south": {"uv": [3, 9, 4, 12], "texture": "#3"},
				"west": {"uv": [2, 9, 3, 12], "texture": "#3"},
				"up": {"uv": [2, 9, 1, 8], "texture": "#3"},
				"down": {"uv": [3, 8, 2, 9], "texture": "#3"}
			}
		},
		{
			"name": "left_leg_2nd_layer",
			"from": [7.37006, 1.74, 7.65],
			"to": [8.07006, 3.56, 8.35],
			"rotation": {"angle": 0, "axis": "y", "origin": [8.00006, 3, 8]},
			"faces": {
				"north": {"uv": [1, 13, 2, 16], "texture": "#3"},
				"east": {"uv": [0, 13, 1, 16], "texture": "#3"},
				"south": {"uv": [3, 13, 4, 16], "texture": "#3"},
				"west": {"uv": [2, 13, 3, 16], "texture": "#3"},
				"up": {"uv": [2, 12, 1, 11], "texture": "#3"},
				"down": {"uv": [3, 12, 2, 13], "texture": "#3"}
			}
		},
		{
			"name": "head",
			"from": [4.24006, 5.17, 7.44],
			"to": [5.36006, 6.29, 8.56],
			"rotation": {"angle": 0, "axis": "y", "origin": [4.80006, 3, 8]},
			"faces": {
				"north": {"uv": [2, 2, 4, 4], "texture": "#2"},
				"east": {"uv": [0, 2, 2, 4], "texture": "#2"},
				"south": {"uv": [6, 2, 8, 4], "texture": "#2"},
				"west": {"uv": [4, 2, 6, 4], "texture": "#2"},
				"up": {"uv": [4, 2, 2, 0], "texture": "#2"},
				"down": {"uv": [6, 0, 4, 2], "texture": "#2"}
			}
		},
		{
			"name": "body",
			"from": [4.24006, 3.49, 7.72],
			"to": [5.36006, 5.17, 8.28],
			"rotation": {"angle": 0, "axis": "y", "origin": [4.80006, 3, 8]},
			"faces": {
				"north": {"uv": [5, 5, 7, 7.98], "texture": "#2"},
				"east": {"uv": [4, 5, 5, 8], "texture": "#2"},
				"south": {"uv": [8, 5, 10, 8], "texture": "#2"},
				"west": {"uv": [7, 5, 8, 7.98], "texture": "#2"},
				"up": {"uv": [7, 5, 5, 4], "texture": "#2"},
				"down": {"uv": [9, 4, 7, 5], "texture": "#2"}
			}
		},
		{
			"name": "right_arm",
			"from": [5.36006, 3.49, 7.72],
			"to": [5.92006, 5.17, 8.28],
			"rotation": {"angle": 0, "axis": "y", "origin": [4.80006, 3, 8]},
			"faces": {
				"north": {"uv": [11, 5, 12, 8], "texture": "#2"},
				"east": {"uv": [10, 5, 11, 8], "texture": "#2"},
				"south": {"uv": [13, 5, 14, 8], "texture": "#2"},
				"west": {"uv": [12, 5, 13, 8], "texture": "#2"},
				"up": {"uv": [12, 5, 11, 4], "texture": "#2"},
				"down": {"uv": [13, 4, 12, 5], "texture": "#2"}
			}
		},
		{
			"name": "left_arm",
			"from": [3.68006, 3.49, 7.72],
			"to": [4.24006, 5.17, 8.28],
			"rotation": {"angle": 0, "axis": "y", "origin": [4.80006, 3, 8]},
			"faces": {
				"north": {"uv": [9, 13, 10, 16], "texture": "#2"},
				"east": {"uv": [8, 13, 9, 16], "texture": "#2"},
				"south": {"uv": [11, 13, 12, 16], "texture": "#2"},
				"west": {"uv": [10, 13, 11, 16], "texture": "#2"},
				"up": {"uv": [10, 13, 9, 12], "texture": "#2"},
				"down": {"uv": [11, 12, 10, 13], "texture": "#2"}
			}
		},
		{
			"name": "right_leg",
			"from": [4.80006, 1.81, 7.72],
			"to": [5.36006, 3.49, 8.28],
			"rotation": {"angle": 0, "axis": "y", "origin": [4.80006, 3, 8]},
			"faces": {
				"north": {"uv": [1, 5, 2, 8], "texture": "#2"},
				"east": {"uv": [0, 5, 1, 8], "texture": "#2"},
				"south": {"uv": [3, 5, 4, 8], "texture": "#2"},
				"west": {"uv": [2, 5, 3, 8], "texture": "#2"},
				"up": {"uv": [2, 5, 1, 4], "texture": "#2"},
				"down": {"uv": [3, 4, 2, 5], "texture": "#2"}
			}
		},
		{
			"name": "left_leg",
			"from": [4.24006, 1.81, 7.72],
			"to": [4.80006, 3.49, 8.28],
			"rotation": {"angle": 0, "axis": "y", "origin": [4.80006, 3, 8]},
			"faces": {
				"north": {"uv": [5, 13, 6, 16], "texture": "#2"},
				"east": {"uv": [4, 13, 5, 16], "texture": "#2"},
				"south": {"uv": [7, 13, 8, 16], "texture": "#2"},
				"west": {"uv": [6, 13, 7, 16], "texture": "#2"},
				"up": {"uv": [6, 13, 5, 12], "texture": "#2"},
				"down": {"uv": [7, 12, 6, 13], "texture": "#2"}
			}
		},
		{
			"name": "head_2nd_layer",
			"from": [4.17006, 5.1, 7.37],
			"to": [5.43006, 6.36, 8.63],
			"rotation": {"angle": 0, "axis": "y", "origin": [4.80006, 3, 8]},
			"faces": {
				"north": {"uv": [10, 2, 12, 4], "texture": "#2"},
				"east": {"uv": [8, 2, 10, 4], "texture": "#2"},
				"south": {"uv": [14, 2, 16, 4], "texture": "#2"},
				"west": {"uv": [12, 2, 14, 4], "texture": "#2"},
				"up": {"uv": [12, 2, 10, 0], "texture": "#2"},
				"down": {"uv": [14, 0, 12, 2], "texture": "#2"}
			}
		},
		{
			"name": "body_2nd_layer",
			"from": [4.24006, 3.4228, 7.65],
			"to": [5.36006, 5.2442, 8.35],
			"rotation": {"angle": 0, "axis": "y", "origin": [4.80006, 3, 8]},
			"faces": {
				"north": {"uv": [5, 9, 7, 12], "texture": "#2"},
				"east": {"uv": [4, 9, 5, 12], "texture": "#2"},
				"south": {"uv": [8, 9, 10, 12], "texture": "#2"},
				"west": {"uv": [7, 9, 8, 12], "texture": "#2"},
				"up": {"uv": [7, 9, 5, 8], "texture": "#2"},
				"down": {"uv": [9, 8, 7, 9], "texture": "#2"}
			}
		},
		{
			"name": "right_arm_2nd_layer",
			"from": [5.29006, 3.42, 7.65],
			"to": [5.98866, 5.24, 8.35],
			"rotation": {"angle": 0, "axis": "y", "origin": [4.80006, 3, 8]},
			"faces": {
				"north": {"uv": [11, 9, 12, 12], "texture": "#2"},
				"east": {"uv": [10, 9, 11, 12], "texture": "#2"},
				"south": {"uv": [13, 9, 14, 12], "texture": "#2"},
				"west": {"uv": [12, 9, 13, 12], "texture": "#2"},
				"up": {"uv": [12, 9, 11, 8], "texture": "#2"},
				"down": {"uv": [13, 8, 12, 9], "texture": "#2"}
			}
		},
		{
			"name": "left_arm_2nd_layer",
			"from": [3.61006, 3.42, 7.65],
			"to": [4.31006, 5.24, 8.35],
			"rotation": {"angle": 0, "axis": "y", "origin": [4.80006, 3, 8]},
			"faces": {
				"north": {"uv": [13, 13, 14, 16], "texture": "#2"},
				"east": {"uv": [12, 13, 13, 16], "texture": "#2"},
				"south": {"uv": [15, 13, 16, 16], "texture": "#2"},
				"west": {"uv": [14, 13, 15, 16], "texture": "#2"},
				"up": {"uv": [14, 13, 13, 12], "texture": "#2"},
				"down": {"uv": [15, 12, 14, 13], "texture": "#2"}
			}
		},
		{
			"name": "right_leg_2nd_layer",
			"from": [4.73006, 1.74, 7.65],
			"to": [5.43006, 3.56, 8.35],
			"rotation": {"angle": 0, "axis": "y", "origin": [4.80006, 3, 8]},
			"faces": {
				"north": {"uv": [1, 9, 2, 12], "texture": "#2"},
				"east": {"uv": [0, 9, 1, 12], "texture": "#2"},
				"south": {"uv": [3, 9, 4, 12], "texture": "#2"},
				"west": {"uv": [2, 9, 3, 12], "texture": "#2"},
				"up": {"uv": [2, 9, 1, 8], "texture": "#2"},
				"down": {"uv": [3, 8, 2, 9], "texture": "#2"}
			}
		},
		{
			"name": "left_leg_2nd_layer",
			"from": [4.17006, 1.74, 7.65],
			"to": [4.87006, 3.56, 8.35],
			"rotation": {"angle": 0, "axis": "y", "origin": [4.80006, 3, 8]},
			"faces": {
				"north": {"uv": [1, 13, 2, 16], "texture": "#2"},
				"east": {"uv": [0, 13, 1, 16], "texture": "#2"},
				"south": {"uv": [3, 13, 4, 16], "texture": "#2"},
				"west": {"uv": [2, 13, 3, 16], "texture": "#2"},
				"up": {"uv": [2, 12, 1, 11], "texture": "#2"},
				"down": {"uv": [3, 12, 2, 13], "texture": "#2"}
			}
		}
	],
	"display": {
		"thirdperson_righthand": {
			"rotation": [69, 0, 0],
			"translation": [0, 3.75, 6.75]
		},
		"thirdperson_lefthand": {
			"rotation": [69, 0, 0],
			"translation": [0, 3.75, 6.75]
		},
		"firstperson_righthand": {
			"translation": [0, 6.5, 0]
		},
		"firstperson_lefthand": {
			"translation": [0, 6.5, 0]
		},
		"ground": {
			"translation": [0, 4.25, 0]
		},
		"gui": {
			"rotation": [30, 225, 0],
			"translation": [0, 4.5, 0]
		},
		"head": {
			"translation": [0, -31.37, 0],
			"scale": [1.6, 1.6, 1.6]
		},
		"fixed": {
			"rotation": [-90, 0, 0],
			"translation": [0, 0, -13.75],
			"scale": [2, 2, 2]
		}
	},
	"groups": [0,
		{
			"name": "Aidan",
			"origin": [8, 8, 8],
			"children": [1, 2, 3, 4, 5, 6, 7, 8, 9, 10, 11, 12]
		},
		{
			"name": "Gabe",
			"origin": [8, 8, 8],
			"children": [13, 14, 15, 16, 17, 18, 19, 20, 21, 22, 23, 24]
		},
		{
			"name": "Cole",
			"origin": [8, 8, 8],
			"children": [25, 26, 27, 28, 29, 30, 31, 32, 33, 34, 35, 36]
		}
	]
}