{
	"credit": "Made with Blockbench",
	"textures": {
		"0": "block/anvil",
		"2": "block/cauldron_inner",
		"particle": "block/anvil"
	},
	"elements": [
		{
			"from": [6.5, 0, 7],
			"to": [9.5, 5.1, 9],
			"rotation": {"angle": 0, "axis": "y", "origin": [14.5, 8, 15]},
			"faces": {
				"north": {"uv": [0, 9, 4, 16], "texture": "#0"},
				"east": {"uv": [4, 7, 7, 14], "texture": "#0"},
				"south": {"uv": [6, 9, 10, 16], "texture": "#0"},
				"west": {"uv": [4, 3, 7, 10], "texture": "#0"},
				"up": {"uv": [1, 4, 5, 7], "texture": "#0"},
				"down": {"uv": [3, 2, 16, 11], "texture": "#0"}
			}
		},
		{
			"from": [6.85, 5.1, 7.75],
			"to": [7.35, 8.5, 8.25],
			"rotation": {"angle": 0, "axis": "y", "origin": [14.45, 13.1, 15.15]},
			"faces": {
				"north": {"uv": [7, 0, 11, 16], "texture": "#0"},
				"east": {"uv": [10, 0, 14, 16], "texture": "#0"},
				"south": {"uv": [10, 0, 14, 16], "texture": "#0"},
				"west": {"uv": [3, 0, 7, 16], "texture": "#0"},
				"up": {"uv": [0, 0, 3, 3], "texture": "#0"},
				"down": {"uv": [0, 0, 0.5, 0.5], "texture": "#0"}
			}
		},
		{
			"from": [8.25, 5.1, 7.55],
			"to": [9.15, 5.5, 8.45],
			"rotation": {"angle": 0, "axis": "y", "origin": [16.05, 13.1, 15.15]},
			"faces": {
				"north": {"uv": [3, 3, 11, 6], "texture": "#0"},
				"east": {"uv": [5, 1, 13, 4], "texture": "#0"},
				"south": {"uv": [5, 11, 13, 14], "texture": "#0"},
				"west": {"uv": [5, 11, 13, 14], "texture": "#0"},
				"up": {"uv": [7, 8, 14, 15], "texture": "#0"},
				"down": {"uv": [0, 0, 0.9, 0.9], "texture": "#0"}
			}
		},
		{
			"from": [6.8, 2.9, 6.9],
			"to": [9.2, 3.1, 7],
			"rotation": {"angle": 0, "axis": "y", "origin": [14.5, 6.5, 15]},
			"faces": {
				"north": {"uv": [1, 2, 15, 4], "texture": "#2"},
				"east": {"uv": [0, 0, 0.1, 0.2], "texture": "#2"},
				"south": {"uv": [0, 0, 2.4, 0.2], "texture": "#2"},
				"west": {"uv": [0, 0, 0.1, 0.2], "texture": "#2"},
				"up": {"uv": [0, 0, 2.4, 0.1], "texture": "#2"},
				"down": {"uv": [0, 0, 10, 4], "texture": "#2"}
			}
		},
		{
			"from": [6.8, 4.1, 6.9],
			"to": [9.2, 4.3, 7],
			"rotation": {"angle": 0, "axis": "y", "origin": [14.5, 7.7, 15]},
			"faces": {
				"north": {"uv": [1, 6, 15, 8], "texture": "#2"},
				"east": {"uv": [0, 0, 0.1, 0.2], "texture": "#2"},
				"south": {"uv": [0, 0, 2.4, 0.2], "texture": "#2"},
				"west": {"uv": [0, 0, 0.1, 0.2], "texture": "#2"},
				"up": {"uv": [0, 0, 2.4, 0.1], "texture": "#2"},
				"down": {"uv": [0, 0, 10, 4], "texture": "#2"}
			}
		},
		{
			"from": [6.8, 3.8, 6.9],
			"to": [9.2, 4, 7],
			"rotation": {"angle": 0, "axis": "y", "origin": [14.5, 7.4, 15]},
			"faces": {
				"north": {"uv": [0, 7, 14, 9], "texture": "#2"},
				"east": {"uv": [0, 0, 0.1, 0.2], "texture": "#2"},
				"south": {"uv": [0, 0, 2.4, 0.2], "texture": "#2"},
				"west": {"uv": [0, 0, 0.1, 0.2], "texture": "#2"},
				"up": {"uv": [0, 0, 2.4, 0.1], "texture": "#2"},
				"down": {"uv": [0, 0, 10, 4], "texture": "#2"}
			}
		},
		{
			"from": [6.8, 3.5, 6.9],
			"to": [9.2, 3.7, 7],
			"rotation": {"angle": 0, "axis": "y", "origin": [14.5, 7.1, 15]},
			"faces": {
				"north": {"uv": [2, 10, 16, 12], "texture": "#2"},
				"east": {"uv": [0, 0, 0.1, 0.2], "texture": "#2"},
				"south": {"uv": [0, 0, 2.4, 0.2], "texture": "#2"},
				"west": {"uv": [0, 0, 0.1, 0.2], "texture": "#2"},
				"up": {"uv": [0, 0, 2.4, 0.1], "texture": "#2"},
				"down": {"uv": [0, 0, 10, 4], "texture": "#2"}
			}
		},
		{
			"from": [6.8, 3.2, 6.9],
			"to": [9.2, 3.4, 7],
			"rotation": {"angle": 0, "axis": "y", "origin": [14.5, 6.8, 15]},
			"faces": {
				"north": {"uv": [0, 10, 14, 12], "texture": "#2"},
				"east": {"uv": [0, 0, 0.1, 0.2], "texture": "#2"},
				"south": {"uv": [0, 0, 2.4, 0.2], "texture": "#2"},
				"west": {"uv": [0, 0, 0.1, 0.2], "texture": "#2"},
				"up": {"uv": [0, 0, 2.4, 0.1], "texture": "#2"},
				"down": {"uv": [0, 0, 10, 4], "texture": "#2"}
			}
		},
		{
			"from": [6.8, 4.4, 6.9],
			"to": [9.2, 4.6, 7],
			"rotation": {"angle": 0, "axis": "y", "origin": [14.5, 8, 15]},
			"faces": {
				"north": {"uv": [2, 9, 16, 11], "texture": "#2"},
				"east": {"uv": [0, 0, 0.1, 0.2], "texture": "#2"},
				"south": {"uv": [0, 0, 2.4, 0.2], "texture": "#2"},
				"west": {"uv": [0, 0, 0.1, 0.2], "texture": "#2"},
				"up": {"uv": [0, 0, 2.4, 0.1], "texture": "#2"},
				"down": {"uv": [0, 0, 10, 4], "texture": "#2"}
			}
		},
		{
			"from": [8.7, 1.5, 6.9],
			"to": [9, 2.1, 7],
			"rotation": {"angle": 0, "axis": "y", "origin": [14.3, 5.1, 15]},
			"faces": {
				"north": {"uv": [3, 3, 6, 7], "texture": "#2"},
				"east": {"uv": [7, 5, 8, 9], "texture": "#2"},
				"south": {"uv": [7, 5, 8, 9], "texture": "#2"},
				"west": {"uv": [7, 5, 8, 9], "texture": "#2"},
				"up": {"uv": [7, 5, 8, 9], "texture": "#2"},
				"down": {"uv": [7, 5, 8, 9], "texture": "#2"}
			}
		},
		{
			"from": [8.3, 1.5, 6.9],
			"to": [8.6, 2.1, 7],
			"rotation": {"angle": 0, "axis": "y", "origin": [13.9, 5.1, 15]},
			"faces": {
				"north": {"uv": [3, 3, 6, 7], "texture": "#2"},
				"east": {"uv": [7, 5, 8, 9], "texture": "#2"},
				"south": {"uv": [7, 5, 8, 9], "texture": "#2"},
				"west": {"uv": [7, 5, 8, 9], "texture": "#2"},
				"up": {"uv": [7, 5, 8, 9], "texture": "#2"},
				"down": {"uv": [7, 5, 8, 9], "texture": "#2"}
			}
		},
		{
			"from": [9.5, 3.8, 7.8],
			"to": [9.6, 4.6, 8.2],
			"rotation": {"angle": 0, "axis": "y", "origin": [14.5, 8, 15]},
			"faces": {
				"north": {"uv": [7, 5, 8, 9], "texture": "#2"},
				"east": {"uv": [3, 3, 6, 7], "texture": "#2"},
				"south": {"uv": [7, 5, 8, 9], "texture": "#2"},
				"west": {"uv": [7, 5, 8, 9], "texture": "#2"},
				"up": {"uv": [7, 5, 8, 9], "texture": "#2"},
				"down": {"uv": [7, 5, 8, 9], "texture": "#2"}
			}
		},
		{
			"from": [9.5, 2.8, 7.8],
			"to": [9.6, 3.6, 8.2],
			"rotation": {"angle": 0, "axis": "y", "origin": [14.5, 7, 15]},
			"faces": {
				"north": {"uv": [7, 5, 8, 9], "texture": "#2"},
				"east": {"uv": [3, 3, 6, 7], "texture": "#2"},
				"south": {"uv": [7, 5, 8, 9], "texture": "#2"},
				"west": {"uv": [7, 5, 8, 9], "texture": "#2"},
				"up": {"uv": [7, 5, 8, 9], "texture": "#2"},
				"down": {"uv": [7, 5, 8, 9], "texture": "#2"}
			}
		}
	],
	"display": {
		"thirdperson_righthand": {
			"scale": [0, 0, 0]
		},
		"thirdperson_lefthand": {
			"scale": [0, 0, 0]
		},
		"firstperson_righthand": {
			"rotation": [0, 122, 0],
			"translation": [0, 8.75, 0],
			"scale": [1.2, 1.2, 1.2]
		},
		"firstperson_lefthand": {
			"rotation": [0, 122, 0],
			"translation": [0, 8.75, 0],
			"scale": [1.2, 1.2, 1.2]
		},
		"ground": {
			"translation": [0, 4.75, 0]
		},
		"gui": {
			"rotation": [30, 147, 0],
			"translation": [0, 5, 0],
			"scale": [1.4, 1.4, 1.4]
		},
		"head": {
			"translation": [0, 14.5, 0]
		}
	},
	"groups": [0, 1, 2,
		{
			"name": "group",
			"origin": [14.5, 8, 15],
			"children": [3, 4, 5, 6, 7, 8]
		},
		{
			"name": "group",
			"origin": [16.05, 13.1, 15.15],
			"children": [9, 10, 11, 12]
		}
	]
}