{
	"credit": "Made with Blockbench",
	"textures": {
		"0": "block/gold_block",
		"1": "block/water_still1",
		"2": "block/iron_block",
		"particle": "block/gold_block"
	},
	"elements": [
		{
			"from": [4.5, 5, 2.5],
			"to": [11.5, 6, 9.5],
			"rotation": {"angle": 0, "axis": "y", "origin": [12.5, 13, 16.5]},
			"faces": {
				"north": {"uv": [2, 7, 9, 8], "texture": "#0"},
				"east": {"uv": [0, 0, 7, 1], "texture": "#0"},
				"south": {"uv": [0, 0, 7, 1], "texture": "#0"},
				"west": {"uv": [0, 0, 7, 1], "texture": "#0"},
				"up": {"uv": [0, 0, 7, 7], "texture": "#0"},
				"down": {"uv": [0, 0, 7, 7], "texture": "#0"}
			}
		},
		{
			"from": [5.5, 6, 3.5],
			"to": [10.5, 7, 8.5],
			"rotation": {"angle": 0, "axis": "y", "origin": [12.5, 14, 16.5]},
			"faces": {
				"north": {"uv": [2, 7, 9, 8], "texture": "#0"},
				"east": {"uv": [0, 0, 7, 1], "texture": "#0"},
				"south": {"uv": [0, 0, 7, 1], "texture": "#0"},
				"west": {"uv": [0, 0, 7, 1], "texture": "#0"},
				"up": {"uv": [0, 0, 16, 16], "texture": "#1"},
				"down": {"uv": [0, 0, 7, 7], "texture": "#0"}
			}
		},
		{
			"from": [3.5, 5, 9.5],
			"to": [12.5, 14, 17.5],
			"rotation": {"angle": 0, "axis": "y", "origin": [11.5, 13, 23.5]},
			"faces": {
				"north": {"uv": [1, 1, 10, 9], "texture": "#0"},
				"east": {"uv": [5, 4, 12, 12], "texture": "#0"},
				"south": {"uv": [3, 4, 12, 12], "texture": "#0"},
				"west": {"uv": [3, 3, 10, 11], "texture": "#0"},
				"up": {"uv": [2, 2, 11, 9], "texture": "#0"},
				"down": {"uv": [3, 3, 12, 10], "texture": "#0"}
			}
		},
		{
			"from": [4.75, 4, 3.5],
			"to": [11.25, 5, 15.5],
			"rotation": {"angle": 0, "axis": "y", "origin": [11.25, 5, 20.5]},
			"faces": {
				"north": {"uv": [3, 8, 10, 9], "texture": "#0"},
				"east": {"uv": [2, 3, 14, 4], "texture": "#0"},
				"south": {"uv": [3, 5, 10, 6], "texture": "#0"},
				"west": {"uv": [1, 2, 13, 3], "texture": "#0"},
				"up": {"uv": [0, 0, 6.5, 12], "texture": "#0"},
				"down": {"uv": [0, 0, 6.5, 12], "texture": "#0"}
			}
		},
		{
			"from": [5, 3, 4.5],
			"to": [11, 4, 14.5],
			"rotation": {"angle": 0, "axis": "y", "origin": [11.5, 4, 20.5]},
			"faces": {
				"north": {"uv": [3, 6, 9, 7], "texture": "#0"},
				"east": {"uv": [5, 3, 15, 4], "texture": "#0"},
				"south": {"uv": [5, 8, 11, 9], "texture": "#0"},
				"west": {"uv": [3, 4, 13, 5], "texture": "#0"},
				"up": {"uv": [0, 0, 6, 10], "texture": "#0"},
				"down": {"uv": [0, 0, 6, 10], "texture": "#0"}
			}
		},
		{
			"from": [5.5, 2, 5.5],
			"to": [10.5, 3, 13.5],
			"rotation": {"angle": 0, "axis": "y", "origin": [11.5, 3, 20.5]},
			"faces": {
				"north": {"uv": [4, 7, 9, 8], "texture": "#0"},
				"east": {"uv": [6, 6, 14, 7], "texture": "#0"},
				"south": {"uv": [7, 10, 12, 11], "texture": "#0"},
				"west": {"uv": [3, 7, 11, 8], "texture": "#0"},
				"up": {"uv": [0, 0, 5, 8], "texture": "#0"},
				"down": {"uv": [0, 0, 5, 8], "texture": "#0"}
			}
		},
		{
			"from": [5.5, 1, 6.5],
			"to": [10.5, 2, 12.5],
			"rotation": {"angle": 0, "axis": "y", "origin": [11.5, 2, 20.5]},
			"faces": {
				"north": {"uv": [3, 7, 8, 8], "texture": "#0"},
				"east": {"uv": [5, 6, 11, 7], "texture": "#0"},
				"south": {"uv": [5, 9, 10, 10], "texture": "#0"},
				"west": {"uv": [5, 10, 11, 11], "texture": "#0"},
				"up": {"uv": [0, 0, 5, 6], "texture": "#0"},
				"down": {"uv": [0, 0, 5, 6], "texture": "#0"}
			}
		},
		{
			"from": [4.5, 0, 5.5],
			"to": [11.5, 1, 13.5],
			"rotation": {"angle": 0, "axis": "y", "origin": [11.5, 1, 20.5]},
			"faces": {
				"north": {"uv": [0, 0, 7, 1], "texture": "#0"},
				"east": {"uv": [0, 0, 8, 1], "texture": "#0"},
				"south": {"uv": [0, 0, 7, 1], "texture": "#0"},
				"west": {"uv": [0, 0, 8, 1], "texture": "#0"},
				"up": {"uv": [3, 2, 10, 10], "texture": "#0"},
				"down": {"uv": [3, 2, 10, 10], "texture": "#0"}
			}
		},
		{
			"from": [4.5, 6, 2.5],
			"to": [5.5, 8, 9.5],
			"rotation": {"angle": 0, "axis": "y", "origin": [12.5, 18, 16.5]},
			"faces": {
				"north": {"uv": [0, 0, 1, 2], "texture": "#0"},
				"east": {"uv": [3, 6, 10, 8], "texture": "#0"},
				"south": {"uv": [0, 0, 1, 2], "texture": "#0"},
				"west": {"uv": [4, 5, 11, 7], "texture": "#0"},
				"up": {"uv": [0, 0, 1, 7], "texture": "#0"},
				"down": {"uv": [0, 0, 1, 7], "texture": "#0"}
			}
		},
		{
			"from": [10.5, 6, 2.5],
			"to": [11.5, 8, 9.5],
			"rotation": {"angle": 0, "axis": "y", "origin": [18.5, 18, 16.5]},
			"faces": {
				"north": {"uv": [4, 4, 5, 6], "texture": "#0"},
				"east": {"uv": [5, 5, 12, 7], "texture": "#0"},
				"south": {"uv": [0, 0, 1, 2], "texture": "#0"},
				"west": {"uv": [4, 4, 11, 6], "texture": "#0"},
				"up": {"uv": [0, 0, 1, 7], "texture": "#0"},
				"down": {"uv": [0, 0, 1, 7], "texture": "#0"}
			}
		},
		{
			"from": [5.5, 6, 8.5],
			"to": [10.5, 8, 9.5],
			"rotation": {"angle": 0, "axis": "y", "origin": [18.5, 18, 1.5]},
			"faces": {
				"north": {"uv": [3, 3, 8, 5], "texture": "#0"},
				"east": {"uv": [0, 0, 1, 2], "texture": "#0"},
				"south": {"uv": [0, 0, 5, 2], "texture": "#0"},
				"west": {"uv": [0, 0, 1, 2], "texture": "#0"},
				"up": {"uv": [0, 0, 1, 5], "rotation": 270, "texture": "#0"},
				"down": {"uv": [0, 0, 1, 5], "rotation": 90, "texture": "#0"}
			}
		},
		{
			"from": [5.5, 6, 2.5],
			"to": [10.5, 8, 3.5],
			"rotation": {"angle": 0, "axis": "y", "origin": [18.5, 18, -4.5]},
			"faces": {
				"north": {"uv": [4, 4, 9, 6], "texture": "#0"},
				"east": {"uv": [0, 0, 1, 2], "texture": "#0"},
				"south": {"uv": [4, 4, 9, 6], "texture": "#0"},
				"west": {"uv": [0, 0, 1, 2], "texture": "#0"},
				"up": {"uv": [0, 0, 1, 5], "rotation": 270, "texture": "#0"},
				"down": {"uv": [0, 0, 1, 5], "rotation": 90, "texture": "#0"}
			}
		},
		{
			"from": [12.4, 12, 10.5],
			"to": [12.9, 13, 12.5],
			"rotation": {"angle": 0, "axis": "y", "origin": [5.4, 20, 18.5]},
			"faces": {
				"north": {"uv": [0, 0, 0.5, 1], "texture": "#2"},
				"east": {"uv": [0, 0, 2, 1], "texture": "#2"},
				"south": {"uv": [0, 0, 0.5, 1], "texture": "#2"},
				"west": {"uv": [0, 0, 2, 1], "texture": "#2"},
				"up": {"uv": [0, 0, 2, 0.5], "rotation": 90, "texture": "#2"},
				"down": {"uv": [0, 0, 2, 0.5], "rotation": 270, "texture": "#2"}
			}
		}
	],
	"display": {
		"thirdperson_righthand": {
			"rotation": [58, 0, 0],
			"translation": [-6, 6, -3.5]
		},
		"thirdperson_lefthand": {
			"rotation": [58, 0, 0],
			"translation": [-6, 6, -3.5]
		},
		"firstperson_righthand": {
			"rotation": [28, 0, 0],
			"translation": [-9, 1, 0]
		},
		"firstperson_lefthand": {
			"rotation": [28, 0, 0],
			"translation": [-9, 1, 0]
		},
		"ground": {
			"translation": [0, 9, -2],
			"scale": [1.5, 1.5, 1.5]
		},
		"gui": {
			"rotation": [30, 225, 0],
			"translation": [0.5, -0.25, 0],
			"scale": [0.625, 0.625, 0.625]
		},
		"head": {
			"translation": [0, -24.81, -6.25],
			"scale": [2.3, 2.3, 2.3]
		},
		"fixed": {
			"rotation": [-90, 0, 0],
			"translation": [0, -7, -25],
			"scale": [3.5, 3.5, 3.5]
		}
	}
}