{
	"credit": "Made with Blockbench",
	"textures": {
		"particle": "block/terracotta",
		"1_0": "block/terracotta",
		"1_1": "block/black_concrete"
	},
	"elements": [
		{
			"from": [6, 1, 6],
			"to": [10, 2.5, 10],
			"rotation": {"angle": 0, "axis": "y", "origin": [18, 11.5, 13]},
			"faces": {
				"north": {"uv": [0, 0, 4, 1], "texture": "#missing"},
				"east": {"uv": [0, 0, 4, 1], "texture": "#missing"},
				"south": {"uv": [0, 0, 4, 1], "texture": "#missing"},
				"west": {"uv": [0, 0, 4, 1], "texture": "#missing"},
				"up": {"uv": [0, 0, 4, 4], "texture": "#missing"},
				"down": {"uv": [0, 0, 4, 4], "texture": "#missing"}
			}
		},
		{
			"from": [5.8, 2.26, 5.8],
			"to": [10.2, 3.1, 10.2],
			"rotation": {"angle": 0, "axis": "y", "origin": [18.2, 12.1, 13.2]},
			"faces": {
				"north": {"uv": [0, 0, 4.4, 0.7], "texture": "#missing"},
				"east": {"uv": [0, 0, 4.4, 0.7], "texture": "#missing"},
				"south": {"uv": [0, 0, 4.4, 0.7], "texture": "#missing"},
				"west": {"uv": [0, 0, 4.4, 0.7], "texture": "#missing"},
				"up": {"uv": [0, 0, 4.4, 4.4], "texture": "#missing"},
				"down": {"uv": [0, 0, 4.4, 4.4], "texture": "#missing"}
			}
		},
		{
			"from": [5.9, 1.71, 5.9],
			"to": [10.1, 2.25, 10.1],
			"rotation": {"angle": 0, "axis": "y", "origin": [18.1, 11.25, 13.3]},
			"faces": {
				"north": {"uv": [0, 0, 4.4, 0.7], "texture": "#missing"},
				"east": {"uv": [0, 0, 4.4, 0.7], "texture": "#missing"},
				"south": {"uv": [0, 0, 4.4, 0.7], "texture": "#missing"},
				"west": {"uv": [0, 0, 4.4, 0.7], "texture": "#missing"},
				"up": {"uv": [0, 0, 4.4, 4.4], "texture": "#missing"},
				"down": {"uv": [0, 0, 4.4, 4.4], "texture": "#missing"}
			}
		},
		{
			"from": [5.6, 2.86, 5.6],
			"to": [10.4, 3.7, 10.4],
			"rotation": {"angle": 0, "axis": "y", "origin": [18.4, 12.7, 13.4]},
			"faces": {
				"north": {"uv": [0, 0, 4.8, 0.7], "texture": "#missing"},
				"east": {"uv": [0, 0, 4.8, 0.7], "texture": "#missing"},
				"south": {"uv": [0, 0, 4.8, 0.7], "texture": "#missing"},
				"west": {"uv": [0, 0, 4.8, 0.7], "texture": "#missing"},
				"up": {"uv": [0, 0, 4.8, 4.8], "texture": "#missing"},
				"down": {"uv": [0, 0, 4.8, 4.8], "texture": "#missing"}
			}
		},
		{
			"from": [5.6, 9.94, 5.6],
			"to": [10.4, 10.54, 10.4],
			"rotation": {"angle": 0, "axis": "y", "origin": [18.4, 0.94, 13.4]},
			"faces": {
				"north": {"uv": [0, 0.5, 4.8, 1], "texture": "#missing"},
				"east": {"uv": [0, 0.5, 4.8, 1], "texture": "#missing"},
				"south": {"uv": [0, 0.5, 4.8, 1], "texture": "#missing"},
				"west": {"uv": [0, 0.5, 4.8, 1], "texture": "#missing"},
				"up": {"uv": [0, 4.8, 4.8, 9.6], "texture": "#missing"},
				"down": {"uv": [0, 4.8, 4.8, 9.6], "texture": "#missing"}
			}
		},
		{
			"from": [6.65, 10.54, 6.65],
			"to": [9.35, 10.74, 9.35],
			"rotation": {"angle": 0, "axis": "y", "origin": [17.95, 1.54, 13.15]},
			"faces": {
				"north": {"uv": [0, 0.5, 3.9, 1], "texture": "#missing"},
				"east": {"uv": [0, 0.5, 3.9, 1], "texture": "#missing"},
				"south": {"uv": [0, 0.5, 3.9, 1], "texture": "#missing"},
				"west": {"uv": [0, 0.5, 3.9, 1], "texture": "#missing"},
				"up": {"uv": [0, 4.8, 3.9, 8.7], "texture": "#missing"},
				"down": {"uv": [0, 4.8, 3.9, 8.7], "texture": "#missing"}
			}
		},
		{
			"from": [9.35, 10.54, 6.05],
			"to": [9.95, 11.34, 9.95],
			"rotation": {"angle": 0, "axis": "y", "origin": [17.95, 2.14, 13.15]},
			"faces": {
				"north": {"uv": [0, 0.5, 0.6, 1], "texture": "#missing"},
				"east": {"uv": [0, 0.5, 3.9, 1], "texture": "#missing"},
				"south": {"uv": [0, 0.5, 0.6, 1], "texture": "#missing"},
				"west": {"uv": [0, 0.5, 3.9, 1], "texture": "#missing"},
				"up": {"uv": [0, 4.8, 0.6, 8.7], "texture": "#missing"},
				"down": {"uv": [0, 4.8, 0.6, 8.7], "texture": "#missing"}
			}
		},
		{
			"from": [6.05, 10.54, 6.05],
			"to": [6.65, 11.34, 9.95],
			"rotation": {"angle": 0, "axis": "y", "origin": [14.65, 2.14, 13.15]},
			"faces": {
				"north": {"uv": [0, 0.5, 0.6, 1], "texture": "#missing"},
				"east": {"uv": [0, 0.5, 3.9, 1], "texture": "#missing"},
				"south": {"uv": [0, 0.5, 0.6, 1], "texture": "#missing"},
				"west": {"uv": [0, 0.5, 3.9, 1], "texture": "#missing"},
				"up": {"uv": [0, 4.8, 0.6, 8.7], "texture": "#missing"},
				"down": {"uv": [0, 4.8, 0.6, 8.7], "texture": "#missing"}
			}
		},
		{
			"from": [6.65, 10.54, 6.05],
			"to": [9.35, 11.34, 6.65],
			"rotation": {"angle": 0, "axis": "y", "origin": [8.05, 11.14, 6.05]},
			"faces": {
				"north": {"uv": [0, 0.5, 2.7, 1], "texture": "#missing"},
				"east": {"uv": [0, 0.5, 0.6, 1], "texture": "#missing"},
				"south": {"uv": [0, 0.5, 2.7, 1], "texture": "#missing"},
				"west": {"uv": [0, 0.5, 0.6, 1], "texture": "#missing"},
				"up": {"uv": [0, 4.8, 0.6, 7.5], "rotation": 90, "texture": "#missing"},
				"down": {"uv": [0, 4.8, 0.6, 7.5], "rotation": 270, "texture": "#missing"}
			}
		},
		{
			"from": [6.65, 10.54, 9.35],
			"to": [9.35, 11.34, 9.95],
			"rotation": {"angle": 0, "axis": "y", "origin": [8.05, 11.14, 9.35]},
			"faces": {
				"north": {"uv": [0, 0.5, 2.7, 1], "texture": "#missing"},
				"east": {"uv": [0, 0.5, 0.6, 1], "texture": "#missing"},
				"south": {"uv": [0, 0.5, 2.7, 1], "texture": "#missing"},
				"west": {"uv": [0, 0.5, 0.6, 1], "texture": "#missing"},
				"up": {"uv": [0, 4.8, 0.6, 7.5], "rotation": 90, "texture": "#missing"},
				"down": {"uv": [0, 4.8, 0.6, 7.5], "rotation": 270, "texture": "#missing"}
			}
		},
		{
			"from": [5.4, 3.46, 5.4],
			"to": [10.6, 4.3, 10.6],
			"rotation": {"angle": 0, "axis": "y", "origin": [18.6, 13.3, 13.6]},
			"faces": {
				"north": {"uv": [0, 0, 5.2, 0.7], "texture": "#missing"},
				"east": {"uv": [0, 0, 5.2, 0.7], "texture": "#missing"},
				"south": {"uv": [0, 0, 5.2, 0.7], "texture": "#missing"},
				"west": {"uv": [0, 0, 5.2, 0.7], "texture": "#missing"},
				"up": {"uv": [0, 0, 5.2, 5.2], "texture": "#missing"},
				"down": {"uv": [0, 0, 5.2, 5.2], "texture": "#missing"}
			}
		},
		{
			"from": [5.4, 9.34, 5.4],
			"to": [10.6, 9.94, 10.6],
			"rotation": {"angle": 0, "axis": "y", "origin": [18.6, 0.34, 13.6]},
			"faces": {
				"north": {"uv": [0, 0.5, 5.2, 1], "texture": "#missing"},
				"east": {"uv": [0, 0.5, 5.2, 1], "texture": "#missing"},
				"south": {"uv": [0, 0.5, 5.2, 1], "texture": "#missing"},
				"west": {"uv": [0, 0.5, 5.2, 1], "texture": "#missing"},
				"up": {"uv": [0, 5.2, 5.2, 10.4], "texture": "#missing"},
				"down": {"uv": [0, 5.2, 5.2, 10.4], "texture": "#missing"}
			}
		},
		{
			"from": [5.2, 3.94, 5.2],
			"to": [10.8, 4.9, 10.8],
			"rotation": {"angle": 0, "axis": "y", "origin": [18.8, 13.9, 13.8]},
			"faces": {
				"north": {"uv": [0, 0, 5.6, 0.8], "texture": "#missing"},
				"east": {"uv": [0, 0, 5.6, 0.8], "texture": "#missing"},
				"south": {"uv": [0, 0, 5.6, 0.8], "texture": "#missing"},
				"west": {"uv": [0, 0, 5.6, 0.8], "texture": "#missing"},
				"up": {"uv": [0, 0, 5.6, 5.6], "texture": "#missing"},
				"down": {"uv": [0, 0, 5.6, 5.6], "texture": "#missing"}
			}
		},
		{
			"from": [5.2, 8.74, 5.2],
			"to": [10.8, 9.34, 10.8],
			"rotation": {"angle": 0, "axis": "y", "origin": [18.8, -0.26, 13.8]},
			"faces": {
				"north": {"uv": [0, 0.5, 5.6, 1], "texture": "#missing"},
				"east": {"uv": [0, 0.5, 5.6, 1], "texture": "#missing"},
				"south": {"uv": [0, 0.5, 5.6, 1], "texture": "#missing"},
				"west": {"uv": [0, 0.5, 5.6, 1], "texture": "#missing"},
				"up": {"uv": [0, 5.6, 5.6, 11.2], "texture": "#missing"},
				"down": {"uv": [0, 5.6, 5.6, 11.2], "texture": "#missing"}
			}
		},
		{
			"from": [4.9, 4.66, 4.9],
			"to": [11.1, 5.5, 11.1],
			"rotation": {"angle": 0, "axis": "y", "origin": [19.1, 14.5, 13.9]},
			"faces": {
				"north": {"uv": [0, 0, 6.2, 0.7], "texture": "#missing"},
				"east": {"uv": [0, 0, 6.2, 0.7], "texture": "#missing"},
				"south": {"uv": [0, 0, 6.2, 0.7], "texture": "#missing"},
				"west": {"uv": [0, 0, 6.2, 0.7], "texture": "#missing"},
				"up": {"uv": [0, 0, 6.2, 6.2], "texture": "#missing"},
				"down": {"uv": [0, 0, 6.2, 6.2], "texture": "#missing"}
			}
		},
		{
			"from": [4.9, 8.14, 4.9],
			"to": [11.1, 8.74, 11.1],
			"rotation": {"angle": 0, "axis": "y", "origin": [19.1, -0.86, 13.9]},
			"faces": {
				"north": {"uv": [0, 0.5, 6.2, 1], "texture": "#missing"},
				"east": {"uv": [0, 0.5, 6.2, 1], "texture": "#missing"},
				"south": {"uv": [0, 0.5, 6.2, 1], "texture": "#missing"},
				"west": {"uv": [0, 0.5, 6.2, 1], "texture": "#missing"},
				"up": {"uv": [0, 6.2, 6.2, 12.4], "texture": "#missing"},
				"down": {"uv": [0, 6.2, 6.2, 12.4], "texture": "#missing"}
			}
		},
		{
			"from": [4.7, 5.5, 4.7],
			"to": [11.3, 8.26, 11.3],
			"rotation": {"angle": 0, "axis": "y", "origin": [19.3, 15.1, 13.7]},
			"faces": {
				"north": {"uv": [0, 0, 6.6, 2.3], "texture": "#missing"},
				"east": {"uv": [0, 0, 6.6, 2.3], "texture": "#missing"},
				"south": {"uv": [0, 0, 6.6, 2.3], "texture": "#missing"},
				"west": {"uv": [0, 0, 6.6, 2.3], "texture": "#missing"},
				"up": {"uv": [0, 0, 6.6, 6.6], "texture": "#missing"},
				"down": {"uv": [0, 0, 6.6, 6.6], "texture": "#missing"}
			}
		},
		{
			"from": [4.6, 5.98, 4.6],
			"to": [11.4, 7.78, 11.4],
			"rotation": {"angle": 0, "axis": "y", "origin": [19.4, 15.1, 13.8]},
			"faces": {
				"north": {"uv": [0, 0, 6.8, 1.5], "texture": "#missing"},
				"east": {"uv": [0, 0, 6.8, 1.5], "texture": "#missing"},
				"south": {"uv": [0, 0, 6.8, 1.5], "texture": "#missing"},
				"west": {"uv": [0, 0, 6.8, 1.5], "texture": "#missing"},
				"up": {"uv": [0, 0, 6.8, 6.8], "texture": "#missing"},
				"down": {"uv": [0, 0, 6.8, 6.8], "texture": "#missing"}
			}
		},
		{
			"from": [3.40641, 6.17888, 7.78496],
			"to": [4.58913, 6.71648, 8.21504],
			"rotation": {"angle": -45, "axis": "z", "origin": [3.64833, 6.44768, 8]},
			"faces": {
				"north": {"uv": [0, 0, 2.2, 1], "texture": "#missing"},
				"east": {"uv": [0, 0, 0.8, 1], "texture": "#missing"},
				"south": {"uv": [0, 0, 2.2, 1], "texture": "#missing"},
				"west": {"uv": [0, 0, 0.8, 1], "texture": "#missing"},
				"up": {"uv": [0, 0, 2.2, 0.8], "texture": "#missing"},
				"down": {"uv": [0, 0, 2.2, 0.8], "texture": "#missing"}
			}
		},
		{
			"from": [4.20796, 5.47933, 7.78496],
			"to": [5.39068, 6.01693, 8.21504],
			"rotation": {"angle": -22.5, "axis": "z", "origin": [4.44988, 5.74813, 8]},
			"faces": {
				"north": {"uv": [0, 0, 2.2, 1], "texture": "#missing"},
				"east": {"uv": [0, 0, 0.8, 1], "texture": "#missing"},
				"south": {"uv": [0, 0, 2.2, 1], "texture": "#missing"},
				"west": {"uv": [0, 0, 0.8, 1], "texture": "#missing"},
				"up": {"uv": [0, 0, 2.2, 0.8], "texture": "#missing"},
				"down": {"uv": [0, 0, 2.2, 0.8], "texture": "#missing"}
			}
		},
		{
			"from": [2.91688, 7.3227, 7.78496],
			"to": [3.45448, 8.29038, 8.21504],
			"rotation": {"angle": 0, "axis": "y", "origin": [3.18568, 8.2635, 8]},
			"faces": {
				"north": {"uv": [0, 0, 1.8, 1], "rotation": 270, "texture": "#missing"},
				"east": {"uv": [0, 0, 1.8, 0.8], "rotation": 90, "texture": "#missing"},
				"south": {"uv": [0, 0, 1.8, 1], "rotation": 90, "texture": "#missing"},
				"west": {"uv": [0, 0, 1.8, 0.8], "rotation": 90, "texture": "#missing"},
				"up": {"uv": [0, 0, 0.8, 1], "rotation": 90, "texture": "#missing"},
				"down": {"uv": [0, 0, 0.8, 1], "rotation": 90, "texture": "#missing"}
			}
		},
		{
			"from": [3.25645, 8.1159, 7.78496],
			"to": [3.79405, 9.08358, 8.21504],
			"rotation": {"angle": -22.5, "axis": "z", "origin": [3.52525, 9.0567, 8]},
			"faces": {
				"north": {"uv": [0, 0, 1.8, 1], "rotation": 270, "texture": "#missing"},
				"east": {"uv": [0, 0, 1.8, 0.8], "rotation": 90, "texture": "#missing"},
				"south": {"uv": [0, 0, 1.8, 1], "rotation": 90, "texture": "#missing"},
				"west": {"uv": [0, 0, 1.8, 0.8], "rotation": 90, "texture": "#missing"},
				"up": {"uv": [0, 0, 0.8, 1], "rotation": 90, "texture": "#missing"},
				"down": {"uv": [0, 0, 0.8, 1], "rotation": 90, "texture": "#missing"}
			}
		},
		{
			"from": [3.20171, 9.39077, 7.78496],
			"to": [4.16939, 9.92837, 8.21504],
			"rotation": {"angle": 45, "axis": "z", "origin": [4.14251, 9.65957, 8]},
			"faces": {
				"north": {"uv": [0, 0, 1.8, 1], "rotation": 180, "texture": "#missing"},
				"east": {"uv": [0, 0, 0.8, 1], "rotation": 180, "texture": "#missing"},
				"south": {"uv": [0, 0, 1.8, 1], "rotation": 180, "texture": "#missing"},
				"west": {"uv": [0, 0, 0.8, 1], "rotation": 180, "texture": "#missing"},
				"up": {"uv": [0, 0, 1.8, 0.8], "rotation": 180, "texture": "#missing"},
				"down": {"uv": [0, 0, 1.8, 0.8], "rotation": 180, "texture": "#missing"}
			}
		},
		{
			"from": [4.0027, 9.71154, 7.78496],
			"to": [4.97038, 10.24914, 8.21504],
			"rotation": {"angle": 22.5, "axis": "z", "origin": [4.9435, 9.98034, 8]},
			"faces": {
				"north": {"uv": [0, 0, 1.8, 1], "rotation": 180, "texture": "#missing"},
				"east": {"uv": [0, 0, 0.8, 1], "rotation": 180, "texture": "#missing"},
				"south": {"uv": [0, 0, 1.8, 1], "rotation": 180, "texture": "#missing"},
				"west": {"uv": [0, 0, 0.8, 1], "rotation": 180, "texture": "#missing"},
				"up": {"uv": [0, 0, 1.8, 0.8], "rotation": 180, "texture": "#missing"},
				"down": {"uv": [0, 0, 1.8, 0.8], "rotation": 180, "texture": "#missing"}
			}
		},
		{
			"from": [4.86547, 9.70136, 7.78496],
			"to": [5.83315, 10.23896, 8.21504],
			"rotation": {"angle": 0, "axis": "y", "origin": [5.80627, 9.97016, 8]},
			"faces": {
				"north": {"uv": [0, 0, 1.8, 1], "rotation": 180, "texture": "#missing"},
				"east": {"uv": [0, 0, 0.8, 1], "rotation": 180, "texture": "#missing"},
				"south": {"uv": [0, 0, 1.8, 1], "rotation": 180, "texture": "#missing"},
				"west": {"uv": [0, 0, 0.8, 1], "rotation": 180, "texture": "#missing"},
				"up": {"uv": [0, 0, 1.8, 0.8], "rotation": 180, "texture": "#missing"},
				"down": {"uv": [0, 0, 1.8, 0.8], "rotation": 180, "texture": "#missing"}
			}
		},
		{
			"from": [5.65867, 9.3618, 7.78496],
			"to": [6.62635, 9.8994, 8.21504],
			"rotation": {"angle": -22.5, "axis": "z", "origin": [6.59947, 9.6306, 8]},
			"faces": {
				"north": {"uv": [0, 0, 1.8, 1], "rotation": 180, "texture": "#missing"},
				"east": {"uv": [0, 0, 0.8, 1], "rotation": 180, "texture": "#missing"},
				"south": {"uv": [0, 0, 1.8, 1], "rotation": 180, "texture": "#missing"},
				"west": {"uv": [0, 0, 0.8, 1], "rotation": 180, "texture": "#missing"},
				"up": {"uv": [0, 0, 1.8, 0.8], "rotation": 180, "texture": "#missing"},
				"down": {"uv": [0, 0, 1.8, 0.8], "rotation": 180, "texture": "#missing"}
			}
		},
		{
			"from": [3.40641, 6.17888, 7.58496],
			"to": [4.58913, 6.71648, 8.41504],
			"rotation": {"angle": -45, "axis": "z", "origin": [3.64833, 6.44768, 7.8]},
			"faces": {
				"north": {"uv": [0, 0, 2.2, 1], "texture": "#missing"},
				"east": {"uv": [0, 0, 0.8, 1], "texture": "#missing"},
				"south": {"uv": [0, 0, 2.2, 1], "texture": "#missing"},
				"west": {"uv": [0, 0, 0.8, 1], "texture": "#missing"},
				"up": {"uv": [0, 0, 2.2, 0.8], "texture": "#missing"},
				"down": {"uv": [0, 0, 2.2, 0.8], "texture": "#missing"}
			}
		},
		{
			"from": [4.20796, 5.47933, 7.58496],
			"to": [5.39068, 6.01693, 8.41504],
			"rotation": {"angle": -22.5, "axis": "z", "origin": [4.44988, 5.74813, 7.8]},
			"faces": {
				"north": {"uv": [0, 0, 2.2, 1], "texture": "#missing"},
				"east": {"uv": [0, 0, 0.8, 1], "texture": "#missing"},
				"south": {"uv": [0, 0, 2.2, 1], "texture": "#missing"},
				"west": {"uv": [0, 0, 0.8, 1], "texture": "#missing"},
				"up": {"uv": [0, 0, 2.2, 0.8], "texture": "#missing"},
				"down": {"uv": [0, 0, 2.2, 0.8], "texture": "#missing"}
			}
		},
		{
			"from": [2.91688, 7.3227, 7.58496],
			"to": [3.45448, 8.29038, 8.41504],
			"rotation": {"angle": 0, "axis": "y", "origin": [3.18568, 8.2635, 7.8]},
			"faces": {
				"north": {"uv": [0, 0, 1.8, 1], "rotation": 270, "texture": "#missing"},
				"east": {"uv": [0, 0, 1.8, 0.8], "rotation": 90, "texture": "#missing"},
				"south": {"uv": [0, 0, 1.8, 1], "rotation": 90, "texture": "#missing"},
				"west": {"uv": [0, 0, 1.8, 0.8], "rotation": 90, "texture": "#missing"},
				"up": {"uv": [0, 0, 0.8, 1], "rotation": 90, "texture": "#missing"},
				"down": {"uv": [0, 0, 0.8, 1], "rotation": 90, "texture": "#missing"}
			}
		},
		{
			"from": [3.25645, 8.1159, 7.58496],
			"to": [3.79405, 9.08358, 8.41504],
			"rotation": {"angle": -22.5, "axis": "z", "origin": [3.52525, 9.0567, 7.8]},
			"faces": {
				"north": {"uv": [0, 0, 1.8, 1], "rotation": 270, "texture": "#missing"},
				"east": {"uv": [0, 0, 1.8, 0.8], "rotation": 90, "texture": "#missing"},
				"south": {"uv": [0, 0, 1.8, 1], "rotation": 90, "texture": "#missing"},
				"west": {"uv": [0, 0, 1.8, 0.8], "rotation": 90, "texture": "#missing"},
				"up": {"uv": [0, 0, 0.8, 1], "rotation": 90, "texture": "#missing"},
				"down": {"uv": [0, 0, 0.8, 1], "rotation": 90, "texture": "#missing"}
			}
		},
		{
			"from": [3.20171, 9.39077, 7.58496],
			"to": [4.16939, 9.92837, 8.41504],
			"rotation": {"angle": 45, "axis": "z", "origin": [4.14251, 9.65957, 7.8]},
			"faces": {
				"north": {"uv": [0, 0, 1.8, 1], "rotation": 180, "texture": "#missing"},
				"east": {"uv": [0, 0, 0.8, 1], "rotation": 180, "texture": "#missing"},
				"south": {"uv": [0, 0, 1.8, 1], "rotation": 180, "texture": "#missing"},
				"west": {"uv": [0, 0, 0.8, 1], "rotation": 180, "texture": "#missing"},
				"up": {"uv": [0, 0, 1.8, 0.8], "rotation": 180, "texture": "#missing"},
				"down": {"uv": [0, 0, 1.8, 0.8], "rotation": 180, "texture": "#missing"}
			}
		},
		{
			"from": [4.0027, 9.71154, 7.58496],
			"to": [4.97038, 10.24914, 8.41504],
			"rotation": {"angle": 22.5, "axis": "z", "origin": [4.9435, 9.98034, 7.8]},
			"faces": {
				"north": {"uv": [0, 0, 1.8, 1], "rotation": 180, "texture": "#missing"},
				"east": {"uv": [0, 0, 0.8, 1], "rotation": 180, "texture": "#missing"},
				"south": {"uv": [0, 0, 1.8, 1], "rotation": 180, "texture": "#missing"},
				"west": {"uv": [0, 0, 0.8, 1], "rotation": 180, "texture": "#missing"},
				"up": {"uv": [0, 0, 1.8, 0.8], "rotation": 180, "texture": "#missing"},
				"down": {"uv": [0, 0, 1.8, 0.8], "rotation": 180, "texture": "#missing"}
			}
		},
		{
			"from": [4.86547, 9.70136, 7.58496],
			"to": [5.83315, 10.23896, 8.41504],
			"rotation": {"angle": 0, "axis": "y", "origin": [5.80627, 9.97016, 7.8]},
			"faces": {
				"north": {"uv": [0, 0, 1.8, 1], "rotation": 180, "texture": "#missing"},
				"east": {"uv": [0, 0, 0.8, 1], "rotation": 180, "texture": "#missing"},
				"south": {"uv": [0, 0, 1.8, 1], "rotation": 180, "texture": "#missing"},
				"west": {"uv": [0, 0, 0.8, 1], "rotation": 180, "texture": "#missing"},
				"up": {"uv": [0, 0, 1.8, 0.8], "rotation": 180, "texture": "#missing"},
				"down": {"uv": [0, 0, 1.8, 0.8], "rotation": 180, "texture": "#missing"}
			}
		},
		{
			"from": [5.65867, 9.3618, 7.58496],
			"to": [6.62635, 9.8994, 8.41504],
			"rotation": {"angle": -22.5, "axis": "z", "origin": [6.59947, 9.6306, 7.8]},
			"faces": {
				"north": {"uv": [0, 0, 1.8, 1], "rotation": 180, "texture": "#missing"},
				"east": {"uv": [0, 0, 0.8, 1], "rotation": 180, "texture": "#missing"},
				"south": {"uv": [0, 0, 1.8, 1], "rotation": 180, "texture": "#missing"},
				"west": {"uv": [0, 0, 0.8, 1], "rotation": 180, "texture": "#missing"},
				"up": {"uv": [0, 0, 1.8, 0.8], "rotation": 180, "texture": "#missing"},
				"down": {"uv": [0, 0, 1.8, 0.8], "rotation": 180, "texture": "#missing"}
			}
		},
		{
			"from": [11.41087, 6.17888, 7.58496],
			"to": [12.59359, 6.71648, 8.41504],
			"rotation": {"angle": 45, "axis": "z", "origin": [12.35167, 6.44768, 7.8]},
			"faces": {
				"north": {"uv": [2.2, 0, 0, 1], "texture": "#missing"},
				"east": {"uv": [0.8, 0, 0, 1], "texture": "#missing"},
				"south": {"uv": [2.2, 0, 0, 1], "texture": "#missing"},
				"west": {"uv": [0.8, 0, 0, 1], "texture": "#missing"},
				"up": {"uv": [2.2, 0, 0, 0.8], "texture": "#missing"},
				"down": {"uv": [2.2, 0, 0, 0.8], "texture": "#missing"}
			}
		},
		{
			"from": [10.60932, 5.47933, 7.58496],
			"to": [11.79204, 6.01693, 8.41504],
			"rotation": {"angle": 22.5, "axis": "z", "origin": [11.55012, 5.74813, 7.8]},
			"faces": {
				"north": {"uv": [2.2, 0, 0, 1], "texture": "#missing"},
				"east": {"uv": [0.8, 0, 0, 1], "texture": "#missing"},
				"south": {"uv": [2.2, 0, 0, 1], "texture": "#missing"},
				"west": {"uv": [0.8, 0, 0, 1], "texture": "#missing"},
				"up": {"uv": [2.2, 0, 0, 0.8], "texture": "#missing"},
				"down": {"uv": [2.2, 0, 0, 0.8], "texture": "#missing"}
			}
		},
		{
			"from": [12.54552, 7.3227, 7.58496],
			"to": [13.08312, 8.29038, 8.41504],
			"rotation": {"angle": 0, "axis": "y", "origin": [12.81432, 8.2635, 7.8]},
			"faces": {
				"north": {"uv": [0, 1, 1.8, 0], "rotation": 270, "texture": "#missing"},
				"east": {"uv": [0, 0.8, 1.8, 0], "rotation": 90, "texture": "#missing"},
				"south": {"uv": [0, 1, 1.8, 0], "rotation": 90, "texture": "#missing"},
				"west": {"uv": [0, 0.8, 1.8, 0], "rotation": 90, "texture": "#missing"},
				"up": {"uv": [0, 1, 0.8, 0], "rotation": 90, "texture": "#missing"},
				"down": {"uv": [0, 1, 0.8, 0], "rotation": 90, "texture": "#missing"}
			}
		},
		{
			"from": [12.20595, 8.1159, 7.58496],
			"to": [12.74355, 9.08358, 8.41504],
			"rotation": {"angle": 22.5, "axis": "z", "origin": [12.47475, 9.0567, 7.8]},
			"faces": {
				"north": {"uv": [0, 1, 1.8, 0], "rotation": 270, "texture": "#missing"},
				"east": {"uv": [0, 0.8, 1.8, 0], "rotation": 90, "texture": "#missing"},
				"south": {"uv": [0, 1, 1.8, 0], "rotation": 90, "texture": "#missing"},
				"west": {"uv": [0, 0.8, 1.8, 0], "rotation": 90, "texture": "#missing"},
				"up": {"uv": [0, 1, 0.8, 0], "rotation": 90, "texture": "#missing"},
				"down": {"uv": [0, 1, 0.8, 0], "rotation": 90, "texture": "#missing"}
			}
		},
		{
			"from": [11.83061, 9.39077, 7.58496],
			"to": [12.79829, 9.92837, 8.41504],
			"rotation": {"angle": -45, "axis": "z", "origin": [11.85749, 9.65957, 7.8]},
			"faces": {
				"north": {"uv": [1.8, 0, 0, 1], "rotation": 180, "texture": "#missing"},
				"east": {"uv": [0.8, 0, 0, 1], "rotation": 180, "texture": "#missing"},
				"south": {"uv": [1.8, 0, 0, 1], "rotation": 180, "texture": "#missing"},
				"west": {"uv": [0.8, 0, 0, 1], "rotation": 180, "texture": "#missing"},
				"up": {"uv": [1.8, 0, 0, 0.8], "rotation": 180, "texture": "#missing"},
				"down": {"uv": [1.8, 0, 0, 0.8], "rotation": 180, "texture": "#missing"}
			}
		},
		{
			"from": [11.02962, 9.71154, 7.58496],
			"to": [11.9973, 10.24914, 8.41504],
			"rotation": {"angle": -22.5, "axis": "z", "origin": [11.0565, 9.98034, 7.8]},
			"faces": {
				"north": {"uv": [1.8, 0, 0, 1], "rotation": 180, "texture": "#missing"},
				"east": {"uv": [0.8, 0, 0, 1], "rotation": 180, "texture": "#missing"},
				"south": {"uv": [1.8, 0, 0, 1], "rotation": 180, "texture": "#missing"},
				"west": {"uv": [0.8, 0, 0, 1], "rotation": 180, "texture": "#missing"},
				"up": {"uv": [1.8, 0, 0, 0.8], "rotation": 180, "texture": "#missing"},
				"down": {"uv": [1.8, 0, 0, 0.8], "rotation": 180, "texture": "#missing"}
			}
		},
		{
			"from": [10.16685, 9.70136, 7.58496],
			"to": [11.13453, 10.23896, 8.41504],
			"rotation": {"angle": 0, "axis": "y", "origin": [10.19373, 9.97016, 7.8]},
			"faces": {
				"north": {"uv": [1.8, 0, 0, 1], "rotation": 180, "texture": "#missing"},
				"east": {"uv": [0.8, 0, 0, 1], "rotation": 180, "texture": "#missing"},
				"south": {"uv": [1.8, 0, 0, 1], "rotation": 180, "texture": "#missing"},
				"west": {"uv": [0.8, 0, 0, 1], "rotation": 180, "texture": "#missing"},
				"up": {"uv": [1.8, 0, 0, 0.8], "rotation": 180, "texture": "#missing"},
				"down": {"uv": [1.8, 0, 0, 0.8], "rotation": 180, "texture": "#missing"}
			}
		},
		{
			"from": [9.37365, 9.3618, 7.58496],
			"to": [10.34133, 9.8994, 8.41504],
			"rotation": {"angle": 22.5, "axis": "z", "origin": [9.40053, 9.6306, 7.8]},
			"faces": {
				"north": {"uv": [1.8, 0, 0, 1], "rotation": 180, "texture": "#missing"},
				"east": {"uv": [0.8, 0, 0, 1], "rotation": 180, "texture": "#missing"},
				"south": {"uv": [1.8, 0, 0, 1], "rotation": 180, "texture": "#missing"},
				"west": {"uv": [0.8, 0, 0, 1], "rotation": 180, "texture": "#missing"},
				"up": {"uv": [1.8, 0, 0, 0.8], "rotation": 180, "texture": "#missing"},
				"down": {"uv": [1.8, 0, 0, 0.8], "rotation": 180, "texture": "#missing"}
			}
		},
		{
			"from": [3.72339, 0.11935, 3.72339],
			"to": [12.27661, 2.0289, 12.27661],
			"rotation": {"angle": 0, "axis": "y", "origin": [27.59283, 18.73751, 17.64723]},
			"faces": {
				"north": {"uv": [0, 0, 4.3, 0.8], "texture": "#1_0"},
				"east": {"uv": [0, 0, 4.3, 0.8], "texture": "#1_0"},
				"south": {"uv": [0, 0, 4.3, 0.8], "texture": "#1_0"},
				"west": {"uv": [0, 0, 4.3, 0.8], "texture": "#1_0"},
				"up": {"uv": [0, 0, 4.3, 4.3], "texture": "#1_0"},
				"down": {"uv": [0, 0, 4.3, 4.3], "texture": "#1_0"}
			}
		},
		{
			"from": [4.02176, 1.98912, 4.02176],
			"to": [11.97824, 4.9728, 11.97824],
			"rotation": {"angle": 0, "axis": "y", "origin": [27.8912, 22.87488, 17.9456]},
			"faces": {
				"north": {"uv": [0, 0, 4, 1], "texture": "#1_0"},
				"east": {"uv": [0, 0, 4, 1], "texture": "#1_0"},
				"south": {"uv": [0, 0, 4, 1], "texture": "#1_0"},
				"west": {"uv": [0, 0, 4, 1], "texture": "#1_0"},
				"up": {"uv": [0, 0, 4, 4], "texture": "#1_0"},
				"down": {"uv": [0, 0, 4, 4], "texture": "#1_0"}
			}
		},
		{
			"from": [3.62394, 4.49541, 3.62394],
			"to": [12.37606, 6.16627, 12.37606],
			"rotation": {"angle": 0, "axis": "y", "origin": [28.28902, 24.06835, 18.34342]},
			"faces": {
				"north": {"uv": [0, 0, 4.4, 0.7], "texture": "#1_0"},
				"east": {"uv": [0, 0, 4.4, 0.7], "texture": "#1_0"},
				"south": {"uv": [0, 0, 4.4, 0.7], "texture": "#1_0"},
				"west": {"uv": [0, 0, 4.4, 0.7], "texture": "#1_0"},
				"up": {"uv": [0, 0, 4.4, 4.4], "texture": "#1_0"},
				"down": {"uv": [0, 0, 4.4, 4.4], "texture": "#1_0"}
			}
		},
		{
			"from": [3.82285, 3.4014, 3.82285],
			"to": [12.17715, 4.47552, 12.17715],
			"rotation": {"angle": 0, "axis": "y", "origin": [28.09011, 22.3776, 18.54234]},
			"faces": {
				"north": {"uv": [0, 0, 4.4, 0.7], "texture": "#1_0"},
				"east": {"uv": [0, 0, 4.4, 0.7], "texture": "#1_0"},
				"south": {"uv": [0, 0, 4.4, 0.7], "texture": "#1_0"},
				"west": {"uv": [0, 0, 4.4, 0.7], "texture": "#1_0"},
				"up": {"uv": [0, 0, 4.4, 4.4], "texture": "#1_0"},
				"down": {"uv": [0, 0, 4.4, 4.4], "texture": "#1_0"}
			}
		},
		{
			"from": [3.22611, 5.68888, 3.22611],
			"to": [12.77389, 7.35974, 12.77389],
			"rotation": {"angle": 0, "axis": "y", "origin": [28.68685, 25.26182, 18.74125]},
			"faces": {
				"north": {"uv": [0, 0, 4.8, 0.7], "texture": "#1_0"},
				"east": {"uv": [0, 0, 4.8, 0.7], "texture": "#1_0"},
				"south": {"uv": [0, 0, 4.8, 0.7], "texture": "#1_0"},
				"west": {"uv": [0, 0, 4.8, 0.7], "texture": "#1_0"},
				"up": {"uv": [0, 0, 4.8, 4.8], "texture": "#1_0"},
				"down": {"uv": [0, 0, 4.8, 4.8], "texture": "#1_0"}
			}
		},
		{
			"from": [3.22611, 19.77185, 3.22611],
			"to": [12.77389, 20.96532, 12.77389],
			"rotation": {"angle": 0, "axis": "y", "origin": [28.68685, 1.86977, 18.74125]},
			"faces": {
				"north": {"uv": [0, 0.5, 4.8, 1], "texture": "#1_0"},
				"east": {"uv": [0, 0.5, 4.8, 1], "texture": "#1_0"},
				"south": {"uv": [0, 0.5, 4.8, 1], "texture": "#1_0"},
				"west": {"uv": [0, 0.5, 4.8, 1], "texture": "#1_0"},
				"up": {"uv": [0, 4.8, 4.8, 9.6], "texture": "#1_0"},
				"down": {"uv": [0, 4.8, 4.8, 9.6], "texture": "#1_0"}
			}
		},
		{
			"from": [5.31469, 20.96532, 5.31469],
			"to": [10.68531, 21.36315, 10.68531],
			"rotation": {"angle": 0, "axis": "y", "origin": [27.79174, 3.06324, 18.24397]},
			"faces": {
				"north": {"uv": [0, 0.5, 3.9, 1], "texture": "#1_0"},
				"east": {"uv": [0, 0.5, 3.9, 1], "texture": "#1_0"},
				"south": {"uv": [0, 0.5, 3.9, 1], "texture": "#1_0"},
				"west": {"uv": [0, 0.5, 3.9, 1], "texture": "#1_0"},
				"up": {"uv": [0, 4.8, 3.9, 8.7], "texture": "#1_1"},
				"down": {"uv": [0, 4.8, 3.9, 8.7], "texture": "#1_0"}
			}
		},
		{
			"from": [10.68531, 20.96532, 4.12122],
			"to": [11.87878, 22.55662, 11.87878],
			"rotation": {"angle": 0, "axis": "y", "origin": [27.79174, 4.25672, 18.24397]},
			"faces": {
				"north": {"uv": [0, 0.5, 0.6, 1], "texture": "#1_0"},
				"east": {"uv": [0, 0.5, 3.9, 1], "texture": "#1_0"},
				"south": {"uv": [0, 0.5, 0.6, 1], "texture": "#1_0"},
				"west": {"uv": [0, 0.5, 3.9, 1], "texture": "#1_0"},
				"up": {"uv": [0, 4.8, 0.6, 8.7], "texture": "#1_0"},
				"down": {"uv": [0, 4.8, 0.6, 8.7], "texture": "#1_0"}
			}
		},
		{
			"from": [4.12122, 20.96532, 4.12122],
			"to": [5.31469, 22.55662, 11.87878],
			"rotation": {"angle": 0, "axis": "y", "origin": [21.22765, 4.25672, 18.24397]},
			"faces": {
				"north": {"uv": [0, 0.5, 0.6, 1], "texture": "#1_0"},
				"east": {"uv": [0, 0.5, 3.9, 1], "texture": "#1_0"},
				"south": {"uv": [0, 0.5, 0.6, 1], "texture": "#1_0"},
				"west": {"uv": [0, 0.5, 3.9, 1], "texture": "#1_0"},
				"up": {"uv": [0, 4.8, 0.6, 8.7], "texture": "#1_0"},
				"down": {"uv": [0, 4.8, 0.6, 8.7], "texture": "#1_0"}
			}
		},
		{
			"from": [5.31469, 20.96532, 4.12122],
			"to": [10.68531, 22.55662, 5.31469],
			"rotation": {"angle": 0, "axis": "y", "origin": [8.09946, 22.1588, 4.12122]},
			"faces": {
				"north": {"uv": [0, 0.5, 2.7, 1], "texture": "#1_0"},
				"east": {"uv": [0, 0.5, 0.6, 1], "texture": "#1_0"},
				"south": {"uv": [0, 0.5, 2.7, 1], "texture": "#1_0"},
				"west": {"uv": [0, 0.5, 0.6, 1], "texture": "#1_0"},
				"up": {"uv": [0, 4.8, 0.6, 7.5], "rotation": 90, "texture": "#1_0"},
				"down": {"uv": [0, 4.8, 0.6, 7.5], "rotation": 270, "texture": "#1_0"}
			}
		},
		{
			"from": [5.31469, 20.96532, 10.68531],
			"to": [10.68531, 22.55662, 11.87878],
			"rotation": {"angle": 0, "axis": "y", "origin": [8.09946, 22.1588, 10.68531]},
			"faces": {
				"north": {"uv": [0, 0.5, 2.7, 1], "texture": "#1_0"},
				"east": {"uv": [0, 0.5, 0.6, 1], "texture": "#1_0"},
				"south": {"uv": [0, 0.5, 2.7, 1], "texture": "#1_0"},
				"west": {"uv": [0, 0.5, 0.6, 1], "texture": "#1_0"},
				"up": {"uv": [0, 4.8, 0.6, 7.5], "rotation": 90, "texture": "#1_0"},
				"down": {"uv": [0, 4.8, 0.6, 7.5], "rotation": 270, "texture": "#1_0"}
			}
		},
		{
			"from": [2.82829, 6.88236, 2.82829],
			"to": [13.17171, 8.55322, 13.17171],
			"rotation": {"angle": 0, "axis": "y", "origin": [29.08467, 26.4553, 19.13907]},
			"faces": {
				"north": {"uv": [0, 0, 5.2, 0.7], "texture": "#1_0"},
				"east": {"uv": [0, 0, 5.2, 0.7], "texture": "#1_0"},
				"south": {"uv": [0, 0, 5.2, 0.7], "texture": "#1_0"},
				"west": {"uv": [0, 0, 5.2, 0.7], "texture": "#1_0"},
				"up": {"uv": [0, 0, 5.2, 5.2], "texture": "#1_0"},
				"down": {"uv": [0, 0, 5.2, 5.2], "texture": "#1_0"}
			}
		},
		{
			"from": [2.82829, 18.57838, 2.82829],
			"to": [13.17171, 19.77185, 13.17171],
			"rotation": {"angle": 0, "axis": "y", "origin": [29.08467, 0.6763, 19.13907]},
			"faces": {
				"north": {"uv": [0, 0.5, 5.2, 1], "texture": "#1_0"},
				"east": {"uv": [0, 0.5, 5.2, 1], "texture": "#1_0"},
				"south": {"uv": [0, 0.5, 5.2, 1], "texture": "#1_0"},
				"west": {"uv": [0, 0.5, 5.2, 1], "texture": "#1_0"},
				"up": {"uv": [0, 5.2, 5.2, 10.4], "texture": "#1_0"},
				"down": {"uv": [0, 5.2, 5.2, 10.4], "texture": "#1_0"}
			}
		},
		{
			"from": [2.43046, 7.83713, 2.43046],
			"to": [13.56954, 9.74669, 13.56954],
			"rotation": {"angle": 0, "axis": "y", "origin": [29.4825, 27.64877, 19.5369]},
			"faces": {
				"north": {"uv": [0, 0, 5.6, 0.8], "texture": "#1_0"},
				"east": {"uv": [0, 0, 5.6, 0.8], "texture": "#1_0"},
				"south": {"uv": [0, 0, 5.6, 0.8], "texture": "#1_0"},
				"west": {"uv": [0, 0, 5.6, 0.8], "texture": "#1_0"},
				"up": {"uv": [0, 0, 5.6, 5.6], "texture": "#1_0"},
				"down": {"uv": [0, 0, 5.6, 5.6], "texture": "#1_0"}
			}
		},
		{
			"from": [2.43046, 17.38491, 2.43046],
			"to": [13.56954, 18.57838, 13.56954],
			"rotation": {"angle": 0, "axis": "y", "origin": [29.4825, -0.51717, 19.5369]},
			"faces": {
				"north": {"uv": [0, 0.5, 5.6, 1], "texture": "#1_0"},
				"east": {"uv": [0, 0.5, 5.6, 1], "texture": "#1_0"},
				"south": {"uv": [0, 0.5, 5.6, 1], "texture": "#1_0"},
				"west": {"uv": [0, 0.5, 5.6, 1], "texture": "#1_0"},
				"up": {"uv": [0, 5.6, 5.6, 11.2], "texture": "#1_0"},
				"down": {"uv": [0, 5.6, 5.6, 11.2], "texture": "#1_0"}
			}
		},
		{
			"from": [1.83373, 9.2693, 1.83373],
			"to": [14.16627, 10.94016, 14.16627],
			"rotation": {"angle": 0, "axis": "y", "origin": [30.07923, 28.84224, 19.73581]},
			"faces": {
				"north": {"uv": [0, 0, 6.2, 0.7], "texture": "#1_0"},
				"east": {"uv": [0, 0, 6.2, 0.7], "texture": "#1_0"},
				"south": {"uv": [0, 0, 6.2, 0.7], "texture": "#1_0"},
				"west": {"uv": [0, 0, 6.2, 0.7], "texture": "#1_0"},
				"up": {"uv": [0, 0, 6.2, 6.2], "texture": "#1_0"},
				"down": {"uv": [0, 0, 6.2, 6.2], "texture": "#1_0"}
			}
		},
		{
			"from": [1.83373, 16.19144, 1.83373],
			"to": [14.16627, 17.38491, 14.16627],
			"rotation": {"angle": 0, "axis": "y", "origin": [30.07923, -1.71064, 19.73581]},
			"faces": {
				"north": {"uv": [0, 0.5, 6.2, 1], "texture": "#1_0"},
				"east": {"uv": [0, 0.5, 6.2, 1], "texture": "#1_0"},
				"south": {"uv": [0, 0.5, 6.2, 1], "texture": "#1_0"},
				"west": {"uv": [0, 0.5, 6.2, 1], "texture": "#1_0"},
				"up": {"uv": [0, 6.2, 6.2, 12.4], "texture": "#1_0"},
				"down": {"uv": [0, 6.2, 6.2, 12.4], "texture": "#1_0"}
			}
		},
		{
			"from": [1.4359, 10.94016, 1.4359],
			"to": [14.5641, 16.43013, 14.5641],
			"rotation": {"angle": 0, "axis": "y", "origin": [30.47706, 30.03571, 19.33798]},
			"faces": {
				"north": {"uv": [0, 0, 6.6, 2.3], "texture": "#1_0"},
				"east": {"uv": [0, 0, 6.6, 2.3], "texture": "#1_0"},
				"south": {"uv": [0, 0, 6.6, 2.3], "texture": "#1_0"},
				"west": {"uv": [0, 0, 6.6, 2.3], "texture": "#1_0"},
				"up": {"uv": [0, 0, 6.6, 6.6], "texture": "#1_0"},
				"down": {"uv": [0, 0, 6.6, 6.6], "texture": "#1_0"}
			}
		},
		{
			"from": [1.23699, 11.89494, 1.23699],
			"to": [14.76301, 15.47535, 14.76301],
			"rotation": {"angle": 0, "axis": "y", "origin": [30.67597, 30.03571, 19.5369]},
			"faces": {
				"north": {"uv": [0, 0, 6.8, 1.5], "texture": "#1_0"},
				"east": {"uv": [0, 0, 6.8, 1.5], "texture": "#1_0"},
				"south": {"uv": [0, 0, 6.8, 1.5], "texture": "#1_0"},
				"west": {"uv": [0, 0, 6.8, 1.5], "texture": "#1_0"},
				"up": {"uv": [0, 0, 6.8, 6.8], "texture": "#1_0"},
				"down": {"uv": [0, 0, 6.8, 6.8], "texture": "#1_0"}
			}
		},
		{
			"from": [-1.1372, 12.29054, 7.57226],
			"to": [1.21537, 13.35989, 8.42774],
			"rotation": {"angle": -45, "axis": "z", "origin": [-0.65599, 12.82522, 8]},
			"faces": {
				"north": {"uv": [0, 0, 2.2, 1], "texture": "#1_0"},
				"east": {"uv": [0, 0, 0.8, 1], "texture": "#1_0"},
				"south": {"uv": [0, 0, 2.2, 1], "texture": "#1_0"},
				"west": {"uv": [0, 0, 0.8, 1], "texture": "#1_0"},
				"up": {"uv": [0, 0, 2.2, 0.8], "texture": "#1_0"},
				"down": {"uv": [0, 0, 2.2, 0.8], "texture": "#1_0"}
			}
		},
		{
			"from": [0.45717, 10.89904, 7.57226],
			"to": [2.80974, 11.96839, 8.42774],
			"rotation": {"angle": -22.5, "axis": "z", "origin": [0.93838, 11.43372, 8]},
			"faces": {
				"north": {"uv": [0, 0, 2.2, 1], "texture": "#1_0"},
				"east": {"uv": [0, 0, 0.8, 1], "texture": "#1_0"},
				"south": {"uv": [0, 0, 2.2, 1], "texture": "#1_0"},
				"west": {"uv": [0, 0, 0.8, 1], "texture": "#1_0"},
				"up": {"uv": [0, 0, 2.2, 0.8], "texture": "#1_0"},
				"down": {"uv": [0, 0, 2.2, 0.8], "texture": "#1_0"}
			}
		},
		{
			"from": [-2.13117, 12.84957, 7.57226],
			"to": [-1.06182, 14.7744, 8.42774],
			"rotation": {"angle": 22.5, "axis": "z", "origin": [-1.59649, 14.72094, 8]},
			"faces": {
				"north": {"uv": [0, 0, 1.8, 1], "rotation": 270, "texture": "#1_0"},
				"east": {"uv": [0, 0, 1.8, 0.8], "rotation": 90, "texture": "#1_0"},
				"south": {"uv": [0, 0, 1.8, 1], "rotation": 90, "texture": "#1_0"},
				"west": {"uv": [0, 0, 1.8, 0.8], "rotation": 90, "texture": "#1_0"},
				"up": {"uv": [0, 0, 0.8, 1], "rotation": 90, "texture": "#1_0"},
				"down": {"uv": [0, 0, 0.8, 1], "rotation": 90, "texture": "#1_0"}
			}
		},
		{
			"from": [-2.11093, 14.56572, 7.57226],
			"to": [-1.04158, 16.49055, 8.42774],
			"rotation": {"angle": 0, "axis": "z", "origin": [-1.57625, 16.43709, 8]},
			"faces": {
				"north": {"uv": [0, 0, 1.8, 1], "rotation": 270, "texture": "#1_0"},
				"east": {"uv": [0, 0, 1.8, 0.8], "rotation": 90, "texture": "#1_0"},
				"south": {"uv": [0, 0, 1.8, 1], "rotation": 90, "texture": "#1_0"},
				"west": {"uv": [0, 0, 1.8, 0.8], "rotation": 90, "texture": "#1_0"},
				"up": {"uv": [0, 0, 0.8, 1], "rotation": 90, "texture": "#1_0"},
				"down": {"uv": [0, 0, 0.8, 1], "rotation": 90, "texture": "#1_0"}
			}
		},
		{
			"from": [-1.43549, 16.14349, 7.57226],
			"to": [-0.36614, 18.06833, 8.42774],
			"rotation": {"angle": -22.5, "axis": "z", "origin": [-0.90081, 18.01486, 8]},
			"faces": {
				"north": {"uv": [0, 0, 1.8, 1], "rotation": 270, "texture": "#1_0"},
				"east": {"uv": [0, 0, 1.8, 0.8], "rotation": 90, "texture": "#1_0"},
				"south": {"uv": [0, 0, 1.8, 1], "rotation": 90, "texture": "#1_0"},
				"west": {"uv": [0, 0, 1.8, 0.8], "rotation": 90, "texture": "#1_0"},
				"up": {"uv": [0, 0, 0.8, 1], "rotation": 90, "texture": "#1_0"},
				"down": {"uv": [0, 0, 0.8, 1], "rotation": 90, "texture": "#1_0"}
			}
		},
		{
			"from": [-1.54437, 18.67937, 7.57226],
			"to": [0.38047, 19.74872, 8.42774],
			"rotation": {"angle": 45, "axis": "z", "origin": [0.327, 19.21405, 8]},
			"faces": {
				"north": {"uv": [0, 0, 1.8, 1], "rotation": 180, "texture": "#1_0"},
				"east": {"uv": [0, 0, 0.8, 1], "rotation": 180, "texture": "#1_0"},
				"south": {"uv": [0, 0, 1.8, 1], "rotation": 180, "texture": "#1_0"},
				"west": {"uv": [0, 0, 0.8, 1], "rotation": 180, "texture": "#1_0"},
				"up": {"uv": [0, 0, 1.8, 0.8], "rotation": 180, "texture": "#1_0"},
				"down": {"uv": [0, 0, 1.8, 0.8], "rotation": 180, "texture": "#1_0"}
			}
		},
		{
			"from": [0.0489, 19.31742, 7.57226],
			"to": [1.97373, 20.38677, 8.42774],
			"rotation": {"angle": 22.5, "axis": "z", "origin": [1.92026, 19.85209, 8]},
			"faces": {
				"north": {"uv": [0, 0, 1.8, 1], "rotation": 180, "texture": "#1_0"},
				"east": {"uv": [0, 0, 0.8, 1], "rotation": 180, "texture": "#1_0"},
				"south": {"uv": [0, 0, 1.8, 1], "rotation": 180, "texture": "#1_0"},
				"west": {"uv": [0, 0, 0.8, 1], "rotation": 180, "texture": "#1_0"},
				"up": {"uv": [0, 0, 1.8, 0.8], "rotation": 180, "texture": "#1_0"},
				"down": {"uv": [0, 0, 1.8, 0.8], "rotation": 180, "texture": "#1_0"}
			}
		},
		{
			"from": [1.76505, 19.29718, 7.57226],
			"to": [3.68988, 20.36653, 8.42774],
			"rotation": {"angle": 0, "axis": "z", "origin": [3.63641, 19.83185, 8]},
			"faces": {
				"north": {"uv": [0, 0, 1.8, 1], "rotation": 180, "texture": "#1_0"},
				"east": {"uv": [0, 0, 0.8, 1], "rotation": 180, "texture": "#1_0"},
				"south": {"uv": [0, 0, 1.8, 1], "rotation": 180, "texture": "#1_0"},
				"west": {"uv": [0, 0, 0.8, 1], "rotation": 180, "texture": "#1_0"},
				"up": {"uv": [0, 0, 1.8, 0.8], "rotation": 180, "texture": "#1_0"},
				"down": {"uv": [0, 0, 1.8, 0.8], "rotation": 180, "texture": "#1_0"}
			}
		},
		{
			"from": [3.34282, 18.62174, 7.57226],
			"to": [5.26765, 19.69109, 8.42774],
			"rotation": {"angle": -22.5, "axis": "z", "origin": [5.21418, 19.15641, 8]},
			"faces": {
				"north": {"uv": [0, 0, 1.8, 1], "rotation": 180, "texture": "#1_0"},
				"east": {"uv": [0, 0, 0.8, 1], "rotation": 180, "texture": "#1_0"},
				"south": {"uv": [0, 0, 1.8, 1], "rotation": 180, "texture": "#1_0"},
				"west": {"uv": [0, 0, 0.8, 1], "rotation": 180, "texture": "#1_0"},
				"up": {"uv": [0, 0, 1.8, 0.8], "rotation": 180, "texture": "#1_0"},
				"down": {"uv": [0, 0, 1.8, 0.8], "rotation": 180, "texture": "#1_0"}
			}
		},
		{
			"from": [-1.1372, 12.29054, 7.17444],
			"to": [1.21537, 13.35989, 8.82556],
			"rotation": {"angle": -45, "axis": "z", "origin": [-0.65599, 12.82522, 7.60218]},
			"faces": {
				"north": {"uv": [0, 0, 2.2, 1], "texture": "#1_0"},
				"east": {"uv": [0, 0, 0.8, 1], "texture": "#1_0"},
				"south": {"uv": [0, 0, 2.2, 1], "texture": "#1_0"},
				"west": {"uv": [0, 0, 0.8, 1], "texture": "#1_0"},
				"up": {"uv": [0, 0, 2.2, 0.8], "texture": "#1_0"},
				"down": {"uv": [0, 0, 2.2, 0.8], "texture": "#1_0"}
			}
		},
		{
			"from": [0.45717, 10.89904, 7.17444],
			"to": [2.80974, 11.96839, 8.82556],
			"rotation": {"angle": -22.5, "axis": "z", "origin": [0.93838, 11.43372, 7.60218]},
			"faces": {
				"north": {"uv": [0, 0, 2.2, 1], "texture": "#1_0"},
				"east": {"uv": [0, 0, 0.8, 1], "texture": "#1_0"},
				"south": {"uv": [0, 0, 2.2, 1], "texture": "#1_0"},
				"west": {"uv": [0, 0, 0.8, 1], "texture": "#1_0"},
				"up": {"uv": [0, 0, 2.2, 0.8], "texture": "#1_0"},
				"down": {"uv": [0, 0, 2.2, 0.8], "texture": "#1_0"}
			}
		},
		{
			"from": [-2.13117, 12.84957, 7.17444],
			"to": [-1.06182, 14.7744, 8.82556],
			"rotation": {"angle": 22.5, "axis": "z", "origin": [-1.59649, 14.72094, 7.60218]},
			"faces": {
				"north": {"uv": [0, 0, 1.8, 1], "rotation": 270, "texture": "#1_0"},
				"east": {"uv": [0, 0, 1.8, 0.8], "rotation": 90, "texture": "#1_0"},
				"south": {"uv": [0, 0, 1.8, 1], "rotation": 90, "texture": "#1_0"},
				"west": {"uv": [0, 0, 1.8, 0.8], "rotation": 90, "texture": "#1_0"},
				"up": {"uv": [0, 0, 0.8, 1], "rotation": 90, "texture": "#1_0"},
				"down": {"uv": [0, 0, 0.8, 1], "rotation": 90, "texture": "#1_0"}
			}
		},
		{
			"from": [-2.11093, 14.56572, 7.17444],
			"to": [-1.04158, 16.49055, 8.82556],
			"rotation": {"angle": 0, "axis": "z", "origin": [-1.57625, 16.43709, 7.60218]},
			"faces": {
				"north": {"uv": [0, 0, 1.8, 1], "rotation": 270, "texture": "#1_0"},
				"east": {"uv": [0, 0, 1.8, 0.8], "rotation": 90, "texture": "#1_0"},
				"south": {"uv": [0, 0, 1.8, 1], "rotation": 90, "texture": "#1_0"},
				"west": {"uv": [0, 0, 1.8, 0.8], "rotation": 90, "texture": "#1_0"},
				"up": {"uv": [0, 0, 0.8, 1], "rotation": 90, "texture": "#1_0"},
				"down": {"uv": [0, 0, 0.8, 1], "rotation": 90, "texture": "#1_0"}
			}
		},
		{
			"from": [-1.43549, 16.14349, 7.17444],
			"to": [-0.36614, 18.06833, 8.82556],
			"rotation": {"angle": -22.5, "axis": "z", "origin": [-0.90081, 18.01486, 7.60218]},
			"faces": {
				"north": {"uv": [0, 0, 1.8, 1], "rotation": 270, "texture": "#1_0"},
				"east": {"uv": [0, 0, 1.8, 0.8], "rotation": 90, "texture": "#1_0"},
				"south": {"uv": [0, 0, 1.8, 1], "rotation": 90, "texture": "#1_0"},
				"west": {"uv": [0, 0, 1.8, 0.8], "rotation": 90, "texture": "#1_0"},
				"up": {"uv": [0, 0, 0.8, 1], "rotation": 90, "texture": "#1_0"},
				"down": {"uv": [0, 0, 0.8, 1], "rotation": 90, "texture": "#1_0"}
			}
		},
		{
			"from": [-1.54437, 18.67937, 7.17444],
			"to": [0.38047, 19.74872, 8.82556],
			"rotation": {"angle": 45, "axis": "z", "origin": [0.327, 19.21405, 7.60218]},
			"faces": {
				"north": {"uv": [0, 0, 1.8, 1], "rotation": 180, "texture": "#1_0"},
				"east": {"uv": [0, 0, 0.8, 1], "rotation": 180, "texture": "#1_0"},
				"south": {"uv": [0, 0, 1.8, 1], "rotation": 180, "texture": "#1_0"},
				"west": {"uv": [0, 0, 0.8, 1], "rotation": 180, "texture": "#1_0"},
				"up": {"uv": [0, 0, 1.8, 0.8], "rotation": 180, "texture": "#1_0"},
				"down": {"uv": [0, 0, 1.8, 0.8], "rotation": 180, "texture": "#1_0"}
			}
		},
		{
			"from": [0.0489, 19.31742, 7.17444],
			"to": [1.97373, 20.38677, 8.82556],
			"rotation": {"angle": 22.5, "axis": "z", "origin": [1.92026, 19.85209, 7.60218]},
			"faces": {
				"north": {"uv": [0, 0, 1.8, 1], "rotation": 180, "texture": "#1_0"},
				"east": {"uv": [0, 0, 0.8, 1], "rotation": 180, "texture": "#1_0"},
				"south": {"uv": [0, 0, 1.8, 1], "rotation": 180, "texture": "#1_0"},
				"west": {"uv": [0, 0, 0.8, 1], "rotation": 180, "texture": "#1_0"},
				"up": {"uv": [0, 0, 1.8, 0.8], "rotation": 180, "texture": "#1_0"},
				"down": {"uv": [0, 0, 1.8, 0.8], "rotation": 180, "texture": "#1_0"}
			}
		},
		{
			"from": [1.76505, 19.29718, 7.17444],
			"to": [3.68988, 20.36653, 8.82556],
			"rotation": {"angle": 0, "axis": "z", "origin": [3.63641, 19.83185, 7.60218]},
			"faces": {
				"north": {"uv": [0, 0, 1.8, 1], "rotation": 180, "texture": "#1_0"},
				"east": {"uv": [0, 0, 0.8, 1], "rotation": 180, "texture": "#1_0"},
				"south": {"uv": [0, 0, 1.8, 1], "rotation": 180, "texture": "#1_0"},
				"west": {"uv": [0, 0, 0.8, 1], "rotation": 180, "texture": "#1_0"},
				"up": {"uv": [0, 0, 1.8, 0.8], "rotation": 180, "texture": "#1_0"},
				"down": {"uv": [0, 0, 1.8, 0.8], "rotation": 180, "texture": "#1_0"}
			}
		},
		{
			"from": [3.34282, 18.62174, 7.17444],
			"to": [5.26765, 19.69109, 8.82556],
			"rotation": {"angle": -22.5, "axis": "z", "origin": [5.21418, 19.15641, 7.60218]},
			"faces": {
				"north": {"uv": [0, 0, 1.8, 1], "rotation": 180, "texture": "#1_0"},
				"east": {"uv": [0, 0, 0.8, 1], "rotation": 180, "texture": "#1_0"},
				"south": {"uv": [0, 0, 1.8, 1], "rotation": 180, "texture": "#1_0"},
				"west": {"uv": [0, 0, 0.8, 1], "rotation": 180, "texture": "#1_0"},
				"up": {"uv": [0, 0, 1.8, 0.8], "rotation": 180, "texture": "#1_0"},
				"down": {"uv": [0, 0, 1.8, 0.8], "rotation": 180, "texture": "#1_0"}
			}
		},
		{
			"from": [14.78463, 12.29054, 7.17444],
			"to": [17.1372, 13.35989, 8.82556],
			"rotation": {"angle": 45, "axis": "z", "origin": [16.65599, 12.82522, 7.60218]},
			"faces": {
				"north": {"uv": [2.2, 0, 0, 1], "texture": "#1_0"},
				"east": {"uv": [0.8, 0, 0, 1], "texture": "#1_0"},
				"south": {"uv": [2.2, 0, 0, 1], "texture": "#1_0"},
				"west": {"uv": [0.8, 0, 0, 1], "texture": "#1_0"},
				"up": {"uv": [2.2, 0, 0, 0.8], "texture": "#1_0"},
				"down": {"uv": [2.2, 0, 0, 0.8], "texture": "#1_0"}
			}
		},
		{
			"from": [13.19026, 10.89904, 7.17444],
			"to": [15.54283, 11.96839, 8.82556],
			"rotation": {"angle": 22.5, "axis": "z", "origin": [15.06162, 11.43372, 7.60218]},
			"faces": {
				"north": {"uv": [2.2, 0, 0, 1], "texture": "#1_0"},
				"east": {"uv": [0.8, 0, 0, 1], "texture": "#1_0"},
				"south": {"uv": [2.2, 0, 0, 1], "texture": "#1_0"},
				"west": {"uv": [0.8, 0, 0, 1], "texture": "#1_0"},
				"up": {"uv": [2.2, 0, 0, 0.8], "texture": "#1_0"},
				"down": {"uv": [2.2, 0, 0, 0.8], "texture": "#1_0"}
			}
		},
		{
			"from": [17.06182, 12.84957, 7.17444],
			"to": [18.13117, 14.7744, 8.82556],
			"rotation": {"angle": -22.5, "axis": "z", "origin": [17.59649, 14.72094, 7.60218]},
			"faces": {
				"north": {"uv": [0, 1, 1.8, 0], "rotation": 270, "texture": "#1_0"},
				"east": {"uv": [0, 0.8, 1.8, 0], "rotation": 90, "texture": "#1_0"},
				"south": {"uv": [0, 1, 1.8, 0], "rotation": 90, "texture": "#1_0"},
				"west": {"uv": [0, 0.8, 1.8, 0], "rotation": 90, "texture": "#1_0"},
				"up": {"uv": [0, 1, 0.8, 0], "rotation": 90, "texture": "#1_0"},
				"down": {"uv": [0, 1, 0.8, 0], "rotation": 90, "texture": "#1_0"}
			}
		},
		{
			"from": [17.04158, 14.56572, 7.17444],
			"to": [18.11093, 16.49055, 8.82556],
			"rotation": {"angle": 0, "axis": "z", "origin": [17.57625, 16.43709, 7.60218]},
			"faces": {
				"north": {"uv": [0, 1, 1.8, 0], "rotation": 270, "texture": "#1_0"},
				"east": {"uv": [0, 0.8, 1.8, 0], "rotation": 90, "texture": "#1_0"},
				"south": {"uv": [0, 1, 1.8, 0], "rotation": 90, "texture": "#1_0"},
				"west": {"uv": [0, 0.8, 1.8, 0], "rotation": 90, "texture": "#1_0"},
				"up": {"uv": [0, 1, 0.8, 0], "rotation": 90, "texture": "#1_0"},
				"down": {"uv": [0, 1, 0.8, 0], "rotation": 90, "texture": "#1_0"}
			}
		},
		{
			"from": [16.36614, 16.14349, 7.17444],
			"to": [17.43549, 18.06833, 8.82556],
			"rotation": {"angle": 22.5, "axis": "z", "origin": [16.90081, 18.01486, 7.60218]},
			"faces": {
				"north": {"uv": [0, 1, 1.8, 0], "rotation": 270, "texture": "#1_0"},
				"east": {"uv": [0, 0.8, 1.8, 0], "rotation": 90, "texture": "#1_0"},
				"south": {"uv": [0, 1, 1.8, 0], "rotation": 90, "texture": "#1_0"},
				"west": {"uv": [0, 0.8, 1.8, 0], "rotation": 90, "texture": "#1_0"},
				"up": {"uv": [0, 1, 0.8, 0], "rotation": 90, "texture": "#1_0"},
				"down": {"uv": [0, 1, 0.8, 0], "rotation": 90, "texture": "#1_0"}
			}
		},
		{
			"from": [15.61953, 18.67937, 7.17444],
			"to": [17.54437, 19.74872, 8.82556],
			"rotation": {"angle": -45, "axis": "z", "origin": [15.673, 19.21405, 7.60218]},
			"faces": {
				"north": {"uv": [1.8, 0, 0, 1], "rotation": 180, "texture": "#1_0"},
				"east": {"uv": [0.8, 0, 0, 1], "rotation": 180, "texture": "#1_0"},
				"south": {"uv": [1.8, 0, 0, 1], "rotation": 180, "texture": "#1_0"},
				"west": {"uv": [0.8, 0, 0, 1], "rotation": 180, "texture": "#1_0"},
				"up": {"uv": [1.8, 0, 0, 0.8], "rotation": 180, "texture": "#1_0"},
				"down": {"uv": [1.8, 0, 0, 0.8], "rotation": 180, "texture": "#1_0"}
			}
		},
		{
			"from": [14.02627, 19.31742, 7.17444],
			"to": [15.9511, 20.38677, 8.82556],
			"rotation": {"angle": -22.5, "axis": "z", "origin": [14.07974, 19.85209, 7.60218]},
			"faces": {
				"north": {"uv": [1.8, 0, 0, 1], "rotation": 180, "texture": "#1_0"},
				"east": {"uv": [0.8, 0, 0, 1], "rotation": 180, "texture": "#1_0"},
				"south": {"uv": [1.8, 0, 0, 1], "rotation": 180, "texture": "#1_0"},
				"west": {"uv": [0.8, 0, 0, 1], "rotation": 180, "texture": "#1_0"},
				"up": {"uv": [1.8, 0, 0, 0.8], "rotation": 180, "texture": "#1_0"},
				"down": {"uv": [1.8, 0, 0, 0.8], "rotation": 180, "texture": "#1_0"}
			}
		},
		{
			"from": [12.31012, 19.29718, 7.17444],
			"to": [14.23495, 20.36653, 8.82556],
			"rotation": {"angle": 0, "axis": "z", "origin": [12.36359, 19.83185, 7.60218]},
			"faces": {
				"north": {"uv": [1.8, 0, 0, 1], "rotation": 180, "texture": "#1_0"},
				"east": {"uv": [0.8, 0, 0, 1], "rotation": 180, "texture": "#1_0"},
				"south": {"uv": [1.8, 0, 0, 1], "rotation": 180, "texture": "#1_0"},
				"west": {"uv": [0.8, 0, 0, 1], "rotation": 180, "texture": "#1_0"},
				"up": {"uv": [1.8, 0, 0, 0.8], "rotation": 180, "texture": "#1_0"},
				"down": {"uv": [1.8, 0, 0, 0.8], "rotation": 180, "texture": "#1_0"}
			}
		},
		{
			"from": [10.73235, 18.62174, 7.17444],
			"to": [12.65718, 19.69109, 8.82556],
			"rotation": {"angle": 22.5, "axis": "z", "origin": [10.78582, 19.15641, 7.60218]},
			"faces": {
				"north": {"uv": [1.8, 0, 0, 1], "rotation": 180, "texture": "#1_0"},
				"east": {"uv": [0.8, 0, 0, 1], "rotation": 180, "texture": "#1_0"},
				"south": {"uv": [1.8, 0, 0, 1], "rotation": 180, "texture": "#1_0"},
				"west": {"uv": [0.8, 0, 0, 1], "rotation": 180, "texture": "#1_0"},
				"up": {"uv": [1.8, 0, 0, 0.8], "rotation": 180, "texture": "#1_0"},
				"down": {"uv": [1.8, 0, 0, 0.8], "rotation": 180, "texture": "#1_0"}
			}
		}
	],
	"display": {
		"thirdperson_righthand": {
			"rotation": [59, 0, 0],
			"translation": [-6.25, 3, -4.75]
		},
		"thirdperson_lefthand": {
			"rotation": [59, 0, 0],
			"translation": [-6.25, 3, -4.75]
		},
		"firstperson_righthand": {
			"rotation": [-7, 30, 0],
			"translation": [-8.5, -4.25, 0]
		},
		"firstperson_lefthand": {
			"rotation": [-7, 30, 0],
			"translation": [-8.5, -4.25, 0]
		},
		"ground": {
			"translation": [0, 4, 0],
			"scale": [0.8, 0.8, 0.8]
		},
		"gui": {
			"rotation": [30, 225, 0],
			"translation": [0, -1.5, 0],
			"scale": [0.5, 0.5, 0.5]
		},
		"head": {
			"translation": [0, -33.03, 0],
			"scale": [1.3, 1.3, 1.3]
		},
		"fixed": {
			"rotation": [-90, 0, 0],
			"translation": [0, 0, -13.75],
			"scale": [2, 2, 2]
		}
	},
	"groups": [0, 1, 2, 3, 4, 5, 6, 7, 8, 9, 10, 11, 12, 13, 14, 15, 16, 17,
		{
			"name": "group",
			"origin": [9.23947, 12.8206, 8],
			"children": [18, 19, 20, 21, 22, 23, 24, 25]
		},
		{
			"name": "group",
			"origin": [9.23947, 12.8206, 8],
			"children": [26, 27, 28, 29, 30, 31, 32, 33]
		},
		{
			"name": "group",
			"origin": [9.23947, 12.8206, 8],
			"children": [34, 35, 36, 37, 38, 39, 40, 41]
		},
		{
			"name": "vase1",
			"origin": [8, 8, 8],
			"children": [42, 43, 44, 45, 46, 47, 48, 49, 50, 51, 52, 53, 54, 55, 56, 57, 58, 59, 60,
				{
					"name": "group",
					"origin": [9.23947, 12.8206, 8],
					"children": [61, 62, 63, 64, 65, 66, 67, 68, 69]
				},
				{
					"name": "group",
					"origin": [9.23947, 12.8206, 8],
					"children": [70, 71, 72, 73, 74, 75, 76, 77, 78]
				},
				{
					"name": "group",
					"origin": [9.23947, 12.8206, 8],
					"children": [79, 80, 81, 82, 83, 84, 85, 86, 87]
				}
			]
		}
	]
}