{
	"credit": "Made with Blockbench",
	"texture_size": [32, 32],
	"textures": {
		"0": "gun/ar33/ar33",
		"particle": "gun/ar33/ar33"
	},
	"elements": [
		{
			"from": [7.6, 4.4, 20.6],
			"to": [8.4, 7.8, 21.2],
			"rotation": {"angle": 0, "axis": "y", "origin": [0, 0, 5.2]},
			"faces": {
				"north": {"uv": [7, 6.5, 7.375, 8.1875], "texture": "#0"},
				"east": {"uv": [8, 5.5, 8.3125, 7.1875], "texture": "#0"},
				"south": {"uv": [0, 7.5, 0.375, 9.1875], "texture": "#0"},
				"west": {"uv": [8, 7.5, 8.3125, 9.1875], "texture": "#0"},
				"up": {"uv": [10.875, 9.3125, 10.5, 9], "texture": "#0"},
				"down": {"uv": [9.875, 10.5, 9.5, 10.8125], "texture": "#0"}
			}
		},
		{
			"from": [7.6, 6.5, 14.5],
			"to": [8.4, 7.8, 20.6],
			"rotation": {"angle": 0, "axis": "y", "origin": [0, 0, 5.2]},
			"faces": {
				"north": {"uv": [4.5, 9.5, 4.875, 10.125], "texture": "#0"},
				"east": {"uv": [1, 3, 4.0625, 3.625], "texture": "#0"},
				"south": {"uv": [9.5, 4.5, 9.875, 5.125], "texture": "#0"},
				"west": {"uv": [1, 4, 4.0625, 4.625], "texture": "#0"},
				"up": {"uv": [2.375, 9.0625, 2, 6], "texture": "#0"},
				"down": {"uv": [2.875, 6, 2.5, 9.0625], "texture": "#0"}
			}
		},
		{
			"from": [7.6, 5.6, 17.9],
			"to": [8.4, 6.7, 20.6],
			"rotation": {"angle": 0, "axis": "y", "origin": [0, 0, 5.2]},
			"faces": {
				"north": {"uv": [2, 10, 2.375, 10.5625], "texture": "#0"},
				"east": {"uv": [6.5, 3, 7.875, 3.5625], "texture": "#0"},
				"south": {"uv": [2.5, 10, 2.875, 10.5625], "texture": "#0"},
				"west": {"uv": [6.5, 4, 7.875, 4.5625], "texture": "#0"},
				"up": {"uv": [8.875, 1.375, 8.5, 0], "texture": "#0"},
				"down": {"uv": [8.875, 3, 8.5, 4.375], "texture": "#0"}
			}
		},
		{
			"from": [7.6, 10.77288, 13.86135],
			"to": [8.4, 11.97288, 19.36135],
			"rotation": {"angle": 22.5, "axis": "x", "origin": [0, 4.47288, 3.96135]},
			"faces": {
				"north": {"uv": [5, 9.5, 5.375, 10.125], "texture": "#0"},
				"east": {"uv": [1, 5, 3.75, 5.625], "texture": "#0"},
				"south": {"uv": [9.5, 5.5, 9.875, 6.125], "texture": "#0"},
				"west": {"uv": [5.5, 1, 8.25, 1.625], "texture": "#0"},
				"up": {"uv": [3.375, 8.75, 3, 6], "texture": "#0"},
				"down": {"uv": [6.375, 3, 6, 5.75], "texture": "#0"}
			}
		},
		{
			"from": [7.5, 7, 14.5],
			"to": [8.5, 7.8, 16.1],
			"rotation": {"angle": 0, "axis": "y", "origin": [0, 0, 5.2]},
			"faces": {
				"north": {"uv": [9.5, 10, 10, 10.375], "texture": "#0"},
				"east": {"uv": [9, 9, 9.8125, 9.375], "texture": "#0"},
				"south": {"uv": [10, 10, 10.5, 10.375], "texture": "#0"},
				"west": {"uv": [0, 9.5, 0.8125, 9.875], "texture": "#0"},
				"up": {"uv": [5, 9.3125, 4.5, 8.5], "texture": "#0"},
				"down": {"uv": [9, 5.5, 8.5, 6.3125], "texture": "#0"}
			}
		},
		{
			"from": [7.5, 7.8, 14.5],
			"to": [8.5, 8.7, 15],
			"rotation": {"angle": 0, "axis": "y", "origin": [0, 0, 5.2]},
			"faces": {
				"north": {"uv": [1, 10, 1.5, 10.4375], "texture": "#0"},
				"east": {"uv": [11, 2, 11.25, 2.4375], "texture": "#0"},
				"south": {"uv": [1.5, 10, 2, 10.4375], "texture": "#0"},
				"west": {"uv": [11, 3, 11.25, 3.4375], "texture": "#0"},
				"up": {"uv": [11, 7.25, 10.5, 7], "texture": "#0"},
				"down": {"uv": [8, 10.5, 7.5, 10.75], "texture": "#0"}
			}
		},
		{
			"from": [7.5, 16.83345, 12.53568],
			"to": [8.5, 17.63345, 14.03568],
			"rotation": {"angle": 45, "axis": "x", "origin": [0, 10.13345, 2.93568]},
			"faces": {
				"north": {"uv": [10.5, 0, 11, 0.375], "texture": "#0"},
				"east": {"uv": [9.5, 0, 10.25, 0.375], "texture": "#0"},
				"south": {"uv": [10.5, 0.5, 11, 0.875], "texture": "#0"},
				"west": {"uv": [9.5, 0.5, 10.25, 0.875], "texture": "#0"},
				"up": {"uv": [9.5, 2.75, 9, 2], "texture": "#0"},
				"down": {"uv": [3.5, 9, 3, 9.75], "texture": "#0"}
			}
		},
		{
			"from": [7.6, 6.5, 13.6],
			"to": [8.4, 7, 14.5],
			"rotation": {"angle": 0, "axis": "y", "origin": [0, 0, 5.2]},
			"faces": {
				"north": {"uv": [11, 9, 11.375, 9.25], "texture": "#0"},
				"east": {"uv": [11, 3.5, 11.4375, 3.75], "texture": "#0"},
				"south": {"uv": [9.5, 11, 9.875, 11.25], "texture": "#0"},
				"west": {"uv": [4, 11, 4.4375, 11.25], "texture": "#0"},
				"up": {"uv": [1.875, 10.9375, 1.5, 10.5], "texture": "#0"},
				"down": {"uv": [10.875, 1.5, 10.5, 1.9375], "texture": "#0"}
			}
		},
		{
			"from": [7.6, 6.4, 9.9],
			"to": [8.4, 7, 13.6],
			"rotation": {"angle": 0, "axis": "y", "origin": [0, 0, 5.2]},
			"faces": {
				"north": {"uv": [10.5, 9.5, 10.875, 9.8125], "texture": "#0"},
				"east": {"uv": [6.5, 0.5, 8.375, 0.8125], "texture": "#0"},
				"south": {"uv": [10, 10.5, 10.375, 10.8125], "texture": "#0"},
				"west": {"uv": [6.5, 5, 8.375, 5.3125], "texture": "#0"},
				"up": {"uv": [5.375, 7.875, 5, 6], "texture": "#0"},
				"down": {"uv": [5.875, 6.5, 5.5, 8.375], "texture": "#0"}
			}
		},
		{
			"from": [7.6, 6.6, 9.8],
			"to": [8.4, 7, 9.9],
			"rotation": {"angle": 0, "axis": "y", "origin": [0, 0, 5.2]},
			"faces": {
				"north": {"uv": [11.5, 0, 11.875, 0.1875], "texture": "#0"},
				"east": {"uv": [1, 12.5, 1.0625, 12.6875], "texture": "#0"},
				"south": {"uv": [0.5, 11.5, 0.875, 11.6875], "texture": "#0"},
				"west": {"uv": [12.5, 1, 12.5625, 1.1875], "texture": "#0"},
				"up": {"uv": [8.375, 12.0625, 8, 12], "texture": "#0"},
				"down": {"uv": [8.875, 12, 8.5, 12.0625], "texture": "#0"}
			}
		},
		{
			"from": [7.6, 5.8, 9.9],
			"to": [8.4, 6.4, 13],
			"rotation": {"angle": 0, "axis": "y", "origin": [0, 0, 5.2]},
			"faces": {
				"north": {"uv": [10.5, 10, 10.875, 10.3125], "texture": "#0"},
				"east": {"uv": [8.5, 1.5, 10.0625, 1.8125], "texture": "#0"},
				"south": {"uv": [10.5, 10.5, 10.875, 10.8125], "texture": "#0"},
				"west": {"uv": [5.5, 8.5, 7.0625, 8.8125], "texture": "#0"},
				"up": {"uv": [0.875, 9.0625, 0.5, 7.5], "texture": "#0"},
				"down": {"uv": [7.875, 6.5, 7.5, 8.0625], "texture": "#0"}
			}
		},
		{
			"from": [7.6, 5.8, 9.6],
			"to": [8.4, 6.1, 9.9],
			"rotation": {"angle": 0, "axis": "y", "origin": [0, 0, 5.2]},
			"faces": {
				"north": {"uv": [7, 11.5, 7.375, 11.625], "texture": "#0"},
				"east": {"uv": [12, 11, 12.125, 11.125], "texture": "#0"},
				"south": {"uv": [11.5, 7, 11.875, 7.125], "texture": "#0"},
				"west": {"uv": [11.5, 12, 11.625, 12.125], "texture": "#0"},
				"up": {"uv": [7.875, 11.625, 7.5, 11.5], "texture": "#0"},
				"down": {"uv": [11.875, 7.5, 11.5, 7.625], "texture": "#0"}
			}
		},
		{
			"from": [7.7, 5.8, 9.2],
			"to": [8.3, 7, 9.9],
			"rotation": {"angle": 0, "axis": "y", "origin": [0, 0, 5.2]},
			"faces": {
				"north": {"uv": [10, 6.5, 10.3125, 7.125], "texture": "#0"},
				"east": {"uv": [9.5, 6.5, 9.875, 7.125], "texture": "#0"},
				"south": {"uv": [7, 10, 7.3125, 10.625], "texture": "#0"},
				"west": {"uv": [7.5, 9.5, 7.875, 10.125], "texture": "#0"},
				"up": {"uv": [0.3125, 11.375, 0, 11], "texture": "#0"},
				"down": {"uv": [11.3125, 0, 11, 0.375], "texture": "#0"}
			}
		},
		{
			"from": [7.6, -2.8, 4.9],
			"to": [8.4, 1.3, 6.7],
			"rotation": {"angle": 22.5, "axis": "x", "origin": [0, 0, 5.2]},
			"faces": {
				"north": {"uv": [3.5, 6, 3.875, 8.0625], "texture": "#0"},
				"east": {"uv": [4.5, 1, 5.375, 3.0625], "texture": "#0"},
				"south": {"uv": [4.5, 6, 4.875, 8.0625], "texture": "#0"},
				"west": {"uv": [4.5, 3.5, 5.375, 5.5625], "texture": "#0"},
				"up": {"uv": [7.375, 9.875, 7, 9], "texture": "#0"},
				"down": {"uv": [9.375, 7, 9, 7.875], "texture": "#0"}
			}
		},
		{
			"from": [7.8, 2.65084, 14.07357],
			"to": [8.2, 2.75084, 14.87357],
			"rotation": {"angle": -22.5, "axis": "x", "origin": [-0.1, -3.14916, 7.07357]},
			"faces": {
				"north": {"uv": [1.5, 12.5, 1.6875, 12.5625], "texture": "#0"},
				"east": {"uv": [12, 8.5, 12.375, 8.5625], "texture": "#0"},
				"south": {"uv": [12.5, 1.5, 12.6875, 1.5625], "texture": "#0"},
				"west": {"uv": [9, 12, 9.375, 12.0625], "texture": "#0"},
				"up": {"uv": [11.6875, 0.875, 11.5, 0.5], "texture": "#0"},
				"down": {"uv": [1.1875, 11.5, 1, 11.875], "texture": "#0"}
			}
		},
		{
			"from": [7.8, 4.88813, 10.52117],
			"to": [8.2, 4.98813, 11.32117],
			"rotation": {"angle": 0, "axis": "x", "origin": [-0.1, -0.91187, 3.52117]},
			"faces": {
				"north": {"uv": [2, 12.5, 2.1875, 12.5625], "texture": "#0"},
				"east": {"uv": [12, 9, 12.375, 9.0625], "texture": "#0"},
				"south": {"uv": [12.5, 2, 12.6875, 2.0625], "texture": "#0"},
				"west": {"uv": [9.5, 12, 9.875, 12.0625], "texture": "#0"},
				"up": {"uv": [11.6875, 1.375, 11.5, 1], "texture": "#0"},
				"down": {"uv": [1.6875, 11.5, 1.5, 11.875], "texture": "#0"}
			}
		},
		{
			"from": [7.9, 5.18813, 11.12117],
			"to": [8.1, 5.88813, 11.32117],
			"rotation": {"angle": 0, "axis": "y", "origin": [-0.1, -0.91187, 3.52117]},
			"faces": {
				"north": {"uv": [8, 11.5, 8.125, 11.875], "texture": "#0"},
				"east": {"uv": [11.5, 8, 11.625, 8.375], "texture": "#0"},
				"south": {"uv": [8.5, 11.5, 8.625, 11.875], "texture": "#0"},
				"west": {"uv": [11.5, 8.5, 11.625, 8.875], "texture": "#0"},
				"up": {"uv": [12.125, 11.625, 12, 11.5], "texture": "#0"},
				"down": {"uv": [12.125, 12, 12, 12.125], "texture": "#0"}
			}
		},
		{
			"from": [7.8, 2.07482, 7.97773],
			"to": [8.2, 3.17482, 8.07773],
			"rotation": {"angle": -22.5, "axis": "x", "origin": [-0.1, 9.87482, 2.17773]},
			"faces": {
				"north": {"uv": [4.5, 11, 4.6875, 11.5625], "texture": "#0"},
				"east": {"uv": [12, 4, 12.0625, 4.5625], "texture": "#0"},
				"south": {"uv": [5, 11, 5.1875, 11.5625], "texture": "#0"},
				"west": {"uv": [4.5, 12, 4.5625, 12.5625], "texture": "#0"},
				"up": {"uv": [2.6875, 12.5625, 2.5, 12.5], "texture": "#0"},
				"down": {"uv": [12.6875, 2.5, 12.5, 2.5625], "texture": "#0"}
			}
		},
		{
			"from": [7.6, 4.09756, 18.5],
			"to": [8.4, 4.69756, 19.4],
			"rotation": {"angle": -45, "axis": "x", "origin": [0, -1.80244, 13.6]},
			"faces": {
				"north": {"uv": [0.5, 11, 0.875, 11.3125], "texture": "#0"},
				"east": {"uv": [5.5, 10.5, 5.9375, 10.8125], "texture": "#0"},
				"south": {"uv": [11, 0.5, 11.375, 0.8125], "texture": "#0"},
				"west": {"uv": [10.5, 5.5, 10.9375, 5.8125], "texture": "#0"},
				"up": {"uv": [10.875, 2.4375, 10.5, 2], "texture": "#0"},
				"down": {"uv": [10.875, 3, 10.5, 3.4375], "texture": "#0"}
			}
		},
		{
			"from": [7.7, 2.07522, 15.02894],
			"to": [8.3, 4.57522, 15.92894],
			"rotation": {"angle": -22.5, "axis": "x", "origin": [0, -2.42478, 10.12894]},
			"faces": {
				"north": {"uv": [8.5, 7.5, 8.8125, 8.75], "texture": "#0"},
				"east": {"uv": [8, 3, 8.4375, 4.25], "texture": "#0"},
				"south": {"uv": [9, 0, 9.3125, 1.25], "texture": "#0"},
				"west": {"uv": [5, 8, 5.4375, 9.25], "texture": "#0"},
				"up": {"uv": [10.8125, 6.4375, 10.5, 6], "texture": "#0"},
				"down": {"uv": [10.8125, 6.5, 10.5, 6.9375], "texture": "#0"}
			}
		},
		{
			"from": [7.7, 2.07522, 15.92894],
			"to": [8.3, 3.27522, 16.12894],
			"rotation": {"angle": -22.5, "axis": "x", "origin": [0, -2.42478, 10.12894]},
			"faces": {
				"north": {"uv": [10, 7.5, 10.3125, 8.125], "texture": "#0"},
				"east": {"uv": [11, 10, 11.125, 10.625], "texture": "#0"},
				"south": {"uv": [8.5, 10, 8.8125, 10.625], "texture": "#0"},
				"west": {"uv": [10.5, 11, 10.625, 11.625], "texture": "#0"},
				"up": {"uv": [11.8125, 11.125, 11.5, 11], "texture": "#0"},
				"down": {"uv": [11.8125, 11.5, 11.5, 11.625], "texture": "#0"}
			}
		},
		{
			"from": [7.7, 3.67208, 10.55228],
			"to": [8.3, 3.87208, 10.85228],
			"rotation": {"angle": 22.5, "axis": "x", "origin": [0, -2.12792, 15.35228]},
			"faces": {
				"north": {"uv": [0, 12, 0.3125, 12.125], "texture": "#0"},
				"east": {"uv": [0, 12.5, 0.125, 12.625], "texture": "#0"},
				"south": {"uv": [12, 0, 12.3125, 0.125], "texture": "#0"},
				"west": {"uv": [12.5, 0, 12.625, 0.125], "texture": "#0"},
				"up": {"uv": [0.8125, 12.125, 0.5, 12], "texture": "#0"},
				"down": {"uv": [12.3125, 0.5, 12, 0.625], "texture": "#0"}
			}
		},
		{
			"from": [7.7, 3.87522, 14.82894],
			"to": [8.3, 4.57522, 15.02894],
			"rotation": {"angle": -22.5, "axis": "x", "origin": [0, -2.42478, 10.12894]},
			"faces": {
				"north": {"uv": [1, 11, 1.3125, 11.375], "texture": "#0"},
				"east": {"uv": [9, 11.5, 9.125, 11.875], "texture": "#0"},
				"south": {"uv": [11, 1, 11.3125, 1.375], "texture": "#0"},
				"west": {"uv": [11.5, 9, 11.625, 9.375], "texture": "#0"},
				"up": {"uv": [1.3125, 12.125, 1, 12], "texture": "#0"},
				"down": {"uv": [12.3125, 1, 12, 1.125], "texture": "#0"}
			}
		},
		{
			"from": [7.5, 7, 7.7],
			"to": [8.5, 8, 14.5],
			"rotation": {"angle": 0, "axis": "y", "origin": [0, 0, 5.2]},
			"faces": {
				"north": {"uv": [8, 4.5, 8.5, 5], "texture": "#0"},
				"east": {"uv": [5.5, 2, 8.875, 2.5], "texture": "#0"},
				"south": {"uv": [9.5, 2.5, 10, 3], "texture": "#0"},
				"west": {"uv": [5.5, 2.5, 8.875, 3], "texture": "#0"},
				"up": {"uv": [4.5, 8.375, 4, 5], "texture": "#0"},
				"down": {"uv": [6, 3, 5.5, 6.375], "texture": "#0"}
			}
		},
		{
			"from": [7.5, 6.7, 6.5],
			"to": [8.5, 8.3, 7.7],
			"rotation": {"angle": 0, "axis": "y", "origin": [0, 0, 5.2]},
			"faces": {
				"north": {"uv": [8.5, 6.5, 9, 7.3125], "texture": "#0"},
				"east": {"uv": [3.5, 8.5, 4.125, 9.3125], "texture": "#0"},
				"south": {"uv": [7.5, 8.5, 8, 9.3125], "texture": "#0"},
				"west": {"uv": [8.5, 4.5, 9.125, 5.3125], "texture": "#0"},
				"up": {"uv": [9.5, 8.625, 9, 8], "texture": "#0"},
				"down": {"uv": [9, 9, 8.5, 9.625], "texture": "#0"}
			}
		},
		{
			"from": [7.5, 6.9, 0.4],
			"to": [8.5, 8.3, 6.5],
			"rotation": {"angle": 0, "axis": "y", "origin": [0, 0, 5.2]},
			"faces": {
				"north": {"uv": [6, 9, 6.5, 9.6875], "texture": "#0"},
				"east": {"uv": [1, 1, 4.0625, 1.6875], "texture": "#0"},
				"south": {"uv": [6.5, 9, 7, 9.6875], "texture": "#0"},
				"west": {"uv": [1, 2, 4.0625, 2.6875], "texture": "#0"},
				"up": {"uv": [1.5, 9.0625, 1, 6], "texture": "#0"},
				"down": {"uv": [2, 6, 1.5, 9.0625], "texture": "#0"}
			}
		},
		{
			"from": [7.6, 8, 1.9],
			"to": [8.4, 8.8, 14.5],
			"rotation": {"angle": 0, "axis": "y", "origin": [0, 0, 5.2]},
			"faces": {
				"north": {"uv": [4, 10.5, 4.375, 10.875], "texture": "#0"},
				"east": {"uv": [0, 0, 6.3125, 0.375], "texture": "#0"},
				"south": {"uv": [4.5, 10.5, 4.875, 10.875], "texture": "#0"},
				"west": {"uv": [0, 0.5, 6.3125, 0.875], "texture": "#0"},
				"up": {"uv": [0.375, 7.3125, 0, 1], "texture": "#0"},
				"down": {"uv": [0.875, 1, 0.5, 7.3125], "texture": "#0"}
			}
		},
		{
			"from": [7.7, 8, 0.4],
			"to": [8.3, 8.7, 1.9],
			"rotation": {"angle": 0, "axis": "y", "origin": [0, 0, 5.2]},
			"faces": {
				"north": {"uv": [1.5, 11, 1.8125, 11.375], "texture": "#0"},
				"east": {"uv": [1, 9.5, 1.75, 9.875], "texture": "#0"},
				"south": {"uv": [11, 1.5, 11.3125, 1.875], "texture": "#0"},
				"west": {"uv": [9.5, 1, 10.25, 1.375], "texture": "#0"},
				"up": {"uv": [9.8125, 8.25, 9.5, 7.5], "texture": "#0"},
				"down": {"uv": [8.3125, 9.5, 8, 10.25], "texture": "#0"}
			}
		},
		{
			"from": [7.7, 7.5, -0.1],
			"to": [8.3, 8.7, 0.4],
			"rotation": {"angle": 0, "axis": "y", "origin": [0, 0, 5.2]},
			"faces": {
				"north": {"uv": [9, 10, 9.3125, 10.625], "texture": "#0"},
				"east": {"uv": [3.5, 10.5, 3.75, 11.125], "texture": "#0"},
				"south": {"uv": [10, 9, 10.3125, 9.625], "texture": "#0"},
				"west": {"uv": [10.5, 3.5, 10.75, 4.125], "texture": "#0"},
				"up": {"uv": [11.3125, 11.25, 11, 11], "texture": "#0"},
				"down": {"uv": [0.3125, 11.5, 0, 11.75], "texture": "#0"}
			}
		},
		{
			"from": [7.6, 7.1, -0.1],
			"to": [8.4, 7.5, 0.4],
			"rotation": {"angle": 0, "axis": "y", "origin": [0, 0, 5.2]},
			"faces": {
				"north": {"uv": [11.5, 1.5, 11.875, 1.6875], "texture": "#0"},
				"east": {"uv": [9.5, 11.5, 9.75, 11.6875], "texture": "#0"},
				"south": {"uv": [11.5, 2, 11.875, 2.1875], "texture": "#0"},
				"west": {"uv": [11.5, 9.5, 11.75, 9.6875], "texture": "#0"},
				"up": {"uv": [11.375, 9.75, 11, 9.5], "texture": "#0"},
				"down": {"uv": [10.375, 11, 10, 11.25], "texture": "#0"}
			}
		},
		{
			"from": [7.7, 7.2, -0.5],
			"to": [8.3, 7.8, -0.1],
			"rotation": {"angle": 0, "axis": "y", "origin": [0, 0, 5.2]},
			"faces": {
				"north": {"uv": [11, 4, 11.3125, 4.3125], "texture": "#0"},
				"east": {"uv": [11.5, 3.5, 11.6875, 3.8125], "texture": "#0"},
				"south": {"uv": [11, 6, 11.3125, 6.3125], "texture": "#0"},
				"west": {"uv": [4, 11.5, 4.1875, 11.8125], "texture": "#0"},
				"up": {"uv": [11.8125, 4.1875, 11.5, 4], "texture": "#0"},
				"down": {"uv": [11.8125, 4.5, 11.5, 4.6875], "texture": "#0"}
			}
		},
		{
			"from": [7.7, 7.2, -5.9],
			"to": [8.3, 7.8, -3.7],
			"rotation": {"angle": 0, "axis": "y", "origin": [0, 0, 5.2]},
			"faces": {
				"north": {"uv": [11, 6.5, 11.3125, 6.8125], "texture": "#0"},
				"east": {"uv": [6.5, 5.5, 7.625, 5.8125], "texture": "#0"},
				"south": {"uv": [7, 11, 7.3125, 11.3125], "texture": "#0"},
				"west": {"uv": [9, 3, 10.125, 3.3125], "texture": "#0"},
				"up": {"uv": [5.8125, 10.125, 5.5, 9], "texture": "#0"},
				"down": {"uv": [9.3125, 5.5, 9, 6.625], "texture": "#0"}
			}
		},
		{
			"from": [7.8, 7.3, -3.7],
			"to": [8.2, 7.7, -1.5],
			"rotation": {"angle": 0, "axis": "y", "origin": [0, 0, 5.2]},
			"faces": {
				"north": {"uv": [5, 12, 5.1875, 12.1875], "texture": "#0"},
				"east": {"uv": [10, 2.5, 11.125, 2.6875], "texture": "#0"},
				"south": {"uv": [12, 5, 12.1875, 5.1875], "texture": "#0"},
				"west": {"uv": [10, 4.5, 11.125, 4.6875], "texture": "#0"},
				"up": {"uv": [3.1875, 11.125, 3, 10], "texture": "#0"},
				"down": {"uv": [10.1875, 5, 10, 6.125], "texture": "#0"}
			}
		},
		{
			"from": [7.75, 7.25, -1.5],
			"to": [8.25, 7.75, -0.5],
			"rotation": {"angle": 0, "axis": "y", "origin": [0, 0, 5.2]},
			"faces": {
				"north": {"uv": [11.5, 3, 11.75, 3.25], "texture": "#0"},
				"east": {"uv": [10.5, 7.5, 11, 7.75], "texture": "#0"},
				"south": {"uv": [3.5, 11.5, 3.75, 11.75], "texture": "#0"},
				"west": {"uv": [8, 10.5, 8.5, 10.75], "texture": "#0"},
				"up": {"uv": [10.75, 8.5, 10.5, 8], "texture": "#0"},
				"down": {"uv": [10.75, 8.5, 10.5, 9], "texture": "#0"}
			}
		},
		{
			"from": [7.7, 8.2, -0.5],
			"to": [8.3, 8.8, -0.1],
			"rotation": {"angle": 0, "axis": "y", "origin": [0, 0, 5.2]},
			"faces": {
				"north": {"uv": [11, 7, 11.3125, 7.3125], "texture": "#0"},
				"east": {"uv": [11.5, 5, 11.6875, 5.3125], "texture": "#0"},
				"south": {"uv": [7.5, 11, 7.8125, 11.3125], "texture": "#0"},
				"west": {"uv": [11.5, 5.5, 11.6875, 5.8125], "texture": "#0"},
				"up": {"uv": [6.3125, 11.6875, 6, 11.5], "texture": "#0"},
				"down": {"uv": [11.8125, 6, 11.5, 6.1875], "texture": "#0"}
			}
		},
		{
			"from": [7.8, 7.8, -0.5],
			"to": [8.2, 8.2, -0.1],
			"rotation": {"angle": 0, "axis": "y", "origin": [0, 0, 5.2]},
			"faces": {
				"north": {"uv": [5.5, 12, 5.6875, 12.1875], "texture": "#0"},
				"east": {"uv": [12, 5.5, 12.1875, 5.6875], "texture": "#0"},
				"south": {"uv": [6, 12, 6.1875, 12.1875], "texture": "#0"},
				"west": {"uv": [12, 6, 12.1875, 6.1875], "texture": "#0"},
				"up": {"uv": [6.6875, 12.1875, 6.5, 12], "texture": "#0"},
				"down": {"uv": [12.1875, 6.5, 12, 6.6875], "texture": "#0"}
			}
		},
		{
			"from": [7.8, 8.8, -0.5],
			"to": [8.2, 9.1, -0.1],
			"rotation": {"angle": 0, "axis": "y", "origin": [0, 0, 5.2]},
			"faces": {
				"north": {"uv": [12, 9.5, 12.1875, 9.625], "texture": "#0"},
				"east": {"uv": [10, 12, 10.1875, 12.125], "texture": "#0"},
				"south": {"uv": [12, 10, 12.1875, 10.125], "texture": "#0"},
				"west": {"uv": [10.5, 12, 10.6875, 12.125], "texture": "#0"},
				"up": {"uv": [7.1875, 12.1875, 7, 12], "texture": "#0"},
				"down": {"uv": [12.1875, 7, 12, 7.1875], "texture": "#0"}
			}
		},
		{
			"from": [7.2, 5.9, 2.4],
			"to": [7.6, 6.5, 4.7],
			"rotation": {"angle": 0, "axis": "y", "origin": [0, 0, 5.2]},
			"faces": {
				"north": {"uv": [6.5, 11.5, 6.6875, 11.8125], "texture": "#0"},
				"east": {"uv": [9, 3.5, 10.125, 3.8125], "texture": "#0"},
				"south": {"uv": [11.5, 6.5, 11.6875, 6.8125], "texture": "#0"},
				"west": {"uv": [9, 4, 10.125, 4.3125], "texture": "#0"},
				"up": {"uv": [6.1875, 11.125, 6, 10], "texture": "#0"},
				"down": {"uv": [6.6875, 10, 6.5, 11.125], "texture": "#0"}
			}
		},
		{
			"from": [7.6, 5.7, 2.2],
			"to": [8.4, 6.7, 5.9],
			"rotation": {"angle": 0, "axis": "y", "origin": [0, 0, 5.2]},
			"faces": {
				"north": {"uv": [1, 10.5, 1.375, 11], "texture": "#0"},
				"east": {"uv": [6, 6, 7.875, 6.5], "texture": "#0"},
				"south": {"uv": [10.5, 1, 10.875, 1.5], "texture": "#0"},
				"west": {"uv": [6.5, 0, 8.375, 0.5], "texture": "#0"},
				"up": {"uv": [6.375, 8.375, 6, 6.5], "texture": "#0"},
				"down": {"uv": [6.875, 6.5, 6.5, 8.375], "texture": "#0"}
			}
		},
		{
			"from": [7.7, 6.7, 2.6],
			"to": [8.3, 6.9, 3.2],
			"rotation": {"angle": 0, "axis": "y", "origin": [0, 0, 5.2]},
			"faces": {
				"north": {"uv": [1.5, 12, 1.8125, 12.125], "texture": "#0"},
				"east": {"uv": [12, 1.5, 12.3125, 1.625], "texture": "#0"},
				"south": {"uv": [2, 12, 2.3125, 12.125], "texture": "#0"},
				"west": {"uv": [12, 2, 12.3125, 2.125], "texture": "#0"},
				"up": {"uv": [11.3125, 7.8125, 11, 7.5], "texture": "#0"},
				"down": {"uv": [8.3125, 11, 8, 11.3125], "texture": "#0"}
			}
		},
		{
			"from": [7.7, 6.7, 4.8],
			"to": [8.3, 6.9, 5.4],
			"rotation": {"angle": 0, "axis": "y", "origin": [0, 0, 5.2]},
			"faces": {
				"north": {"uv": [2.5, 12, 2.8125, 12.125], "texture": "#0"},
				"east": {"uv": [12, 2.5, 12.3125, 2.625], "texture": "#0"},
				"south": {"uv": [3, 12, 3.3125, 12.125], "texture": "#0"},
				"west": {"uv": [12, 3, 12.3125, 3.125], "texture": "#0"},
				"up": {"uv": [11.3125, 8.3125, 11, 8], "texture": "#0"},
				"down": {"uv": [8.8125, 11, 8.5, 11.3125], "texture": "#0"}
			}
		},
		{
			"from": [7.6, 5.8, -0.8],
			"to": [8.4, 6.6, 0.7],
			"rotation": {"angle": 0, "axis": "y", "origin": [0, 0, 5.2]},
			"faces": {
				"north": {"uv": [5, 10.5, 5.375, 10.875], "texture": "#0"},
				"east": {"uv": [2, 9.5, 2.75, 9.875], "texture": "#0"},
				"south": {"uv": [10.5, 5, 10.875, 5.375], "texture": "#0"},
				"west": {"uv": [9.5, 2, 10.25, 2.375], "texture": "#0"},
				"up": {"uv": [3.875, 10.25, 3.5, 9.5], "texture": "#0"},
				"down": {"uv": [4.375, 9.5, 4, 10.25], "texture": "#0"}
			}
		},
		{
			"from": [7.7, 5.9, 0.7],
			"to": [8.3, 6.5, 2.2],
			"rotation": {"angle": 0, "axis": "y", "origin": [0, 0, 5.2]},
			"faces": {
				"north": {"uv": [11, 8.5, 11.3125, 8.8125], "texture": "#0"},
				"east": {"uv": [9.5, 8.5, 10.25, 8.8125], "texture": "#0"},
				"south": {"uv": [9, 11, 9.3125, 11.3125], "texture": "#0"},
				"west": {"uv": [9, 9.5, 9.75, 9.8125], "texture": "#0"},
				"up": {"uv": [0.3125, 10.75, 0, 10], "texture": "#0"},
				"down": {"uv": [0.8125, 10, 0.5, 10.75], "texture": "#0"}
			}
		},
		{
			"from": [7.8, 4.57482, 2.07773],
			"to": [8.2, 5.67482, 2.17773],
			"rotation": {"angle": -22.5, "axis": "x", "origin": [-0.1, 9.87482, 2.17773]},
			"faces": {
				"north": {"uv": [11, 5, 11.1875, 5.5625], "texture": "#0"},
				"east": {"uv": [7.5, 12, 7.5625, 12.5625], "texture": "#0"},
				"south": {"uv": [5.5, 11, 5.6875, 11.5625], "texture": "#0"},
				"west": {"uv": [12, 7.5, 12.0625, 8.0625], "texture": "#0"},
				"up": {"uv": [3.1875, 12.5625, 3, 12.5], "texture": "#0"},
				"down": {"uv": [12.6875, 3, 12.5, 3.0625], "texture": "#0"}
			}
		},
		{
			"from": [7.8, 4.93999, 4.11357],
			"to": [8.2, 5.03999, 5.41357],
			"rotation": {"angle": 0, "axis": "x", "origin": [-0.1, 5.03999, -0.08643]},
			"faces": {
				"north": {"uv": [3.5, 12.5, 3.6875, 12.5625], "texture": "#0"},
				"east": {"uv": [3.5, 12, 4.125, 12.0625], "texture": "#0"},
				"south": {"uv": [4, 12.5, 4.1875, 12.5625], "texture": "#0"},
				"west": {"uv": [12, 3.5, 12.625, 3.5625], "texture": "#0"},
				"up": {"uv": [2.1875, 11.625, 2, 11], "texture": "#0"},
				"down": {"uv": [2.6875, 11, 2.5, 11.625], "texture": "#0"}
			}
		},
		{
			"from": [7.8, 5.03999, 5.31357],
			"to": [8.2, 5.73999, 5.41357],
			"rotation": {"angle": 0, "axis": "y", "origin": [-0.1, 5.03999, -0.08643]},
			"faces": {
				"north": {"uv": [11.5, 2.5, 11.6875, 2.875], "texture": "#0"},
				"east": {"uv": [12, 10.5, 12.0625, 10.875], "texture": "#0"},
				"south": {"uv": [3, 11.5, 3.1875, 11.875], "texture": "#0"},
				"west": {"uv": [11, 12, 11.0625, 12.375], "texture": "#0"},
				"up": {"uv": [12.6875, 4.0625, 12.5, 4], "texture": "#0"},
				"down": {"uv": [12.6875, 4.5, 12.5, 4.5625], "texture": "#0"}
			}
		},
		{
			"from": [7.9, 5.18813, 4.72117],
			"to": [8.1, 5.88813, 4.92117],
			"rotation": {"angle": 0, "axis": "y", "origin": [-0.1, -0.91187, 3.52117]},
			"faces": {
				"north": {"uv": [10, 11.5, 10.125, 11.875], "texture": "#0"},
				"east": {"uv": [11.5, 10, 11.625, 10.375], "texture": "#0"},
				"south": {"uv": [11.5, 10.5, 11.625, 10.875], "texture": "#0"},
				"west": {"uv": [11, 11.5, 11.125, 11.875], "texture": "#0"},
				"up": {"uv": [0.625, 12.625, 0.5, 12.5], "texture": "#0"},
				"down": {"uv": [12.625, 0.5, 12.5, 0.625], "texture": "#0"}
			}
		}
	],
	"display": {
		"thirdperson_righthand": {
			"translation": [0, 1.75, -1.25],
			"scale": [0.8, 0.8, 0.8]
		},
		"thirdperson_lefthand": {
			"scale": [0, 0, 0]
		},
		"firstperson_righthand": {
			"rotation": [0, 0, -20],
			"translation": [0, 15, -0.75]
		},
		"firstperson_lefthand": {
			"rotation": [0, 89.25, 0],
			"translation": [-10, 9.75, -1]
		},
		"gui": {
			"rotation": [8.25, 45.5, 0],
			"translation": [0, 0.75, 0],
			"scale": [0.8, 0.8, 0.8]
		}
	},
	"groups": [
		{
			"name": "ar33",
			"origin": [8, 8, 8],
			"color": 0,
			"children": [
				{
					"name": "wei",
					"origin": [8, 8, 8],
					"color": 0,
					"children": [0, 1, 2, 3, 4, 5, 6]
				},
				{
					"name": "main",
					"origin": [8, 8, 8],
					"color": 0,
					"children": [7, 8, 9, 10, 11, 12, 13,
						{
							"name": "group",
							"origin": [0, 0, 9],
							"color": 0,
							"children": [14, 15, 16, 17]
						}, 18, 19, 20, 21, 22, 23, 24, 25, 26, 27]
				},
				{
					"name": "head",
					"origin": [8, 8, 8],
					"color": 0,
					"children": [28, 29, 30, 31, 32, 33, 34, 35, 36]
				},
				{
					"name": "jn",
					"origin": [8, 8, 8],
					"color": 0,
					"children": [37, 38, 39, 40, 41, 42,
						{
							"name": "group",
							"origin": [0, 0, 5.2],
							"color": 0,
							"children": [43, 44, 45, 46]
						}
					]
				}
			]
		}
	]
}