{
	"credit": "Made with Blockbench",
	"textures": {
		"0": "gun/usp/usp_mc",
		"particle": "gun/usp/usp_mc"
	},
	"elements": [
		{
			"from": [7.1, 5.75, 6.25],
			"to": [7.9, 6.5, 14.15],
			"faces": {
				"north": {"uv": [14, 0, 14.75, 0.75], "texture": "#0"},
				"east": {"uv": [8, 6, 16, 6.75], "texture": "#0"},
				"south": {"uv": [1, 14, 1.75, 14.75], "texture": "#0"},
				"west": {"uv": [8, 7, 16, 7.75], "texture": "#0"},
				"up": {"uv": [8.75, 16, 8, 8], "texture": "#0"},
				"down": {"uv": [9.75, 8, 9, 16], "texture": "#0"}
			}
		},
		{
			"from": [7, -2.9, 12.65],
			"to": [8, 1.1, 14.4],
			"rotation": {"angle": -22.5, "axis": "x", "origin": [0, 0, 0]},
			"faces": {
				"north": {"uv": [10, 2, 10.75, 6], "texture": "#0"},
				"east": {"uv": [0, 8, 1.75, 12], "texture": "#0"},
				"south": {"uv": [10, 8, 10.75, 12], "texture": "#0"},
				"west": {"uv": [2, 8, 3.75, 12], "texture": "#0"},
				"up": {"uv": [3.75, 13.75, 3, 12], "texture": "#0"},
				"down": {"uv": [4.75, 12, 4, 13.75], "texture": "#0"}
			}
		},
		{
			"from": [7.1, -4.9, 12.75],
			"to": [7.9, -1.9, 14.3],
			"rotation": {"angle": -22.5, "axis": "x", "origin": [0, 0, 0]},
			"faces": {
				"north": {"uv": [10, 2, 10.75, 6], "texture": "#0"},
				"east": {"uv": [0, 8, 1.75, 12], "texture": "#0"},
				"south": {"uv": [10, 8, 10.75, 12], "texture": "#0"},
				"west": {"uv": [2, 8, 3.75, 12], "texture": "#0"},
				"up": {"uv": [3.75, 13.75, 3, 12], "texture": "#0"},
				"down": {"uv": [4.75, 12, 4, 13.75], "texture": "#0"}
			}
		},
		{
			"from": [7.1, -5.9, 13],
			"to": [7.9, -5, 14.1],
			"rotation": {"angle": -45, "axis": "x", "origin": [0, 0, 0]},
			"faces": {
				"north": {"uv": [6, 13, 6.75, 14], "texture": "#0"},
				"east": {"uv": [11, 8, 12.5, 9], "texture": "#0"},
				"south": {"uv": [13, 8, 13.75, 9], "texture": "#0"},
				"west": {"uv": [11, 9, 12.5, 10], "texture": "#0"},
				"up": {"uv": [7.75, 13.5, 7, 12], "texture": "#0"},
				"down": {"uv": [10.75, 12, 10, 13.5], "texture": "#0"}
			}
		},
		{
			"from": [7.1, -5.9, 13],
			"to": [7.9, -5, 14.1],
			"rotation": {"angle": -45, "axis": "x", "origin": [0, 0, 0]},
			"faces": {
				"north": {"uv": [6, 13, 6.75, 14], "texture": "#0"},
				"east": {"uv": [11, 8, 12.5, 9], "texture": "#0"},
				"south": {"uv": [13, 8, 13.75, 9], "texture": "#0"},
				"west": {"uv": [11, 9, 12.5, 10], "texture": "#0"},
				"up": {"uv": [7.75, 13.5, 7, 12], "texture": "#0"},
				"down": {"uv": [10.75, 12, 10, 13.5], "texture": "#0"}
			}
		},
		{
			"from": [7.2, 4.5, 9.7],
			"to": [7.8, 4.65, 12.5],
			"rotation": {"angle": 0, "axis": "y", "origin": [0, -0.25, 0.2]},
			"faces": {
				"north": {"uv": [2, 15, 2.5, 15.25], "texture": "#0"},
				"east": {"uv": [13, 9, 15.75, 9.25], "texture": "#0"},
				"south": {"uv": [15, 2, 15.5, 2.25], "texture": "#0"},
				"west": {"uv": [13, 13, 15.75, 13.25], "texture": "#0"},
				"up": {"uv": [11.5, 12.75, 11, 10], "texture": "#0"},
				"down": {"uv": [0.5, 12, 0, 14.75], "texture": "#0"}
			}
		},
		{
			"from": [7.2, 4.5, 9.7],
			"to": [7.8, 5.95, 9.9],
			"rotation": {"angle": 0, "axis": "y", "origin": [0, -0.25, 0.2]},
			"faces": {
				"north": {"uv": [11, 13, 11.5, 14.5], "texture": "#0"},
				"east": {"uv": [14, 2, 14.25, 3.5], "texture": "#0"},
				"south": {"uv": [12, 13, 12.5, 14.5], "texture": "#0"},
				"west": {"uv": [3, 14, 3.25, 15.5], "texture": "#0"},
				"up": {"uv": [15.5, 3.25, 15, 3], "texture": "#0"},
				"down": {"uv": [4.5, 15, 4, 15.25], "texture": "#0"}
			}
		},
		{
			"from": [7.4, 2.28571, 6.37652],
			"to": [7.6, 3.08571, 6.62652],
			"rotation": {"angle": 22.5, "axis": "x", "origin": [0, -6.76429, 15.87652]},
			"faces": {
				"north": {"uv": [4, 14, 4.25, 14.75], "texture": "#0"},
				"east": {"uv": [14, 4, 14.25, 4.75], "texture": "#0"},
				"south": {"uv": [14, 5, 14.25, 5.75], "texture": "#0"},
				"west": {"uv": [6, 14, 6.25, 14.75], "texture": "#0"},
				"up": {"uv": [15.25, 4.25, 15, 4], "texture": "#0"},
				"down": {"uv": [5.25, 15, 5, 15.25], "texture": "#0"}
			}
		},
		{
			"from": [7.2, 6.6, 4.7],
			"to": [7.8, 7.25, 6.5],
			"rotation": {"angle": 0, "axis": "y", "origin": [0, -0.25, 0.2]},
			"faces": {
				"north": {"uv": [14, 1, 14.5, 1.75], "texture": "#0"},
				"east": {"uv": [12, 0, 13.75, 0.75], "texture": "#0"},
				"south": {"uv": [2, 14, 2.5, 14.75], "texture": "#0"},
				"west": {"uv": [1, 12, 2.75, 12.75], "texture": "#0"},
				"up": {"uv": [13.5, 5.75, 13, 4], "texture": "#0"},
				"down": {"uv": [5.5, 13, 5, 14.75], "texture": "#0"}
			}
		},
		{
			"from": [6.9, 6.3, -0.3],
			"to": [8.1, 7.55, 5.5],
			"rotation": {"angle": 0, "axis": "y", "origin": [0, -0.25, 0.2]},
			"faces": {
				"north": {"uv": [11, 2, 12.25, 3.25], "texture": "#0"},
				"east": {"uv": [4, 2, 9.75, 3.25], "texture": "#0"},
				"south": {"uv": [11, 4, 12.25, 5.25], "texture": "#0"},
				"west": {"uv": [4, 4, 9.75, 5.25], "texture": "#0"},
				"up": {"uv": [5.25, 11.75, 4, 6], "texture": "#0"},
				"down": {"uv": [7.25, 6, 6, 11.75], "texture": "#0"}
			}
		},
		{
			"from": [6.9, 6.5, 6.25],
			"to": [8.1, 7.5, 13.75],
			"rotation": {"angle": 0, "axis": "y", "origin": [0, -0.25, 0]},
			"faces": {
				"north": {"uv": [12, 1, 13.25, 2], "texture": "#0"},
				"east": {"uv": [4, 0, 11.5, 1], "texture": "#0"},
				"south": {"uv": [5, 12, 6.25, 13], "texture": "#0"},
				"west": {"uv": [4, 1, 11.5, 2], "texture": "#0"},
				"up": {"uv": [1.25, 7.5, 0, 0], "texture": "#0"},
				"down": {"uv": [3.25, 0, 2, 7.5], "texture": "#0"}
			}
		},
		{
			"from": [6.9, 3.68159, 14.58365],
			"to": [8.1, 4.78159, 15.58365],
			"rotation": {"angle": -22.5, "axis": "x", "origin": [0, 1.53159, 7.83365]},
			"faces": {
				"north": {"uv": [12, 10, 13.25, 11], "texture": "#0"},
				"east": {"uv": [13, 2, 14, 3], "texture": "#0"},
				"south": {"uv": [12, 11, 13.25, 12], "texture": "#0"},
				"west": {"uv": [13, 3, 14, 4], "texture": "#0"},
				"up": {"uv": [13.25, 13, 12, 12], "texture": "#0"},
				"down": {"uv": [2.25, 13, 1, 14], "texture": "#0"}
			}
		},
		{
			"from": [7.4, 7.5, 12.7],
			"to": [7.6, 7.75, 13.5],
			"rotation": {"angle": 0, "axis": "y", "origin": [0, -0.25, 0.2]},
			"faces": {
				"north": {"uv": [15, 5, 15.25, 5.25], "texture": "#0"},
				"east": {"uv": [7, 14, 7.75, 14.25], "texture": "#0"},
				"south": {"uv": [6, 15, 6.25, 15.25], "texture": "#0"},
				"west": {"uv": [14, 8, 14.75, 8.25], "texture": "#0"},
				"up": {"uv": [10.25, 14.75, 10, 14], "texture": "#0"},
				"down": {"uv": [14.25, 10, 14, 10.75], "texture": "#0"}
			}
		},
		{
			"from": [7.4, 4.98571, 7.87652],
			"to": [7.6, 5.78571, 8.12652],
			"rotation": {"angle": 22.5, "axis": "x", "origin": [0, -6.76429, 15.87652]},
			"faces": {
				"north": {"uv": [14, 11, 14.25, 11.75], "texture": "#0"},
				"east": {"uv": [14, 12, 14.25, 12.75], "texture": "#0"},
				"south": {"uv": [13, 14, 13.25, 14.75], "texture": "#0"},
				"west": {"uv": [14, 14, 14.25, 14.75], "texture": "#0"},
				"up": {"uv": [7.25, 15.25, 7, 15], "texture": "#0"},
				"down": {"uv": [15.25, 8, 15, 8.25], "texture": "#0"}
			}
		},
		{
			"from": [7.4, 13.15588, 11.28757],
			"to": [7.6, 13.95588, 11.53757],
			"rotation": {"angle": -22.5, "axis": "x", "origin": [-21, -0.29412, 24.58757]},
			"faces": {
				"north": {"uv": [0, 15, 0.25, 15.75], "texture": "#0"},
				"east": {"uv": [15, 0, 15.25, 0.75], "texture": "#0"},
				"south": {"uv": [1, 15, 1.25, 15.75], "texture": "#0"},
				"west": {"uv": [15, 1, 15.25, 1.75], "texture": "#0"},
				"up": {"uv": [10.25, 15.25, 10, 15], "texture": "#0"},
				"down": {"uv": [15.25, 10, 15, 10.25], "texture": "#0"}
			}
		},
		{
			"from": [7.4, 7.5, 6.8],
			"to": [7.6, 7.85, 7],
			"rotation": {"angle": 0, "axis": "y", "origin": [0, -0.25, 0.2]},
			"faces": {
				"north": {"uv": [11, 15, 11.25, 15.25], "texture": "#0"},
				"east": {"uv": [15, 11, 15.25, 11.25], "texture": "#0"},
				"south": {"uv": [12, 15, 12.25, 15.25], "texture": "#0"},
				"west": {"uv": [15, 12, 15.25, 12.25], "texture": "#0"},
				"up": {"uv": [13.25, 15.25, 13, 15], "texture": "#0"},
				"down": {"uv": [14.25, 15, 14, 15.25], "texture": "#0"}
			}
		}
	],
	"display": {
		"thirdperson_righthand": {
			"rotation": [0, -12.75, -16.75],
			"translation": [0, 3.75, -1.75],
			"scale": [0.8, 0.8, 0.8]
		},
		"thirdperson_lefthand": {
			"scale": [0, 0, 0]
		},
		"firstperson_righthand": {
			"rotation": [0, -2, -20],
			"translation": [0, 18, -1.75]
		},
		"firstperson_lefthand": {
			"rotation": [0, 90, 0],
			"translation": [-8.5, 10.25, 1.5]
		},
		"gui": {
			"rotation": [16, 63.25, 0],
			"translation": [1, 3, 0]
		}
	},
	"groups": [
		{
			"name": "group",
			"origin": [8, 8, 8],
			"children": [
				{
					"name": "group",
					"origin": [8, 8, 8],
					"children": [0, 1, 2, 3, 4, 5, 6, 7]
				},
				{
					"name": "group",
					"origin": [0, -0.25, 0.2],
					"children": [8, 9]
				},
				{
					"name": "group",
					"origin": [8, 8, 8],
					"children": [10, 11, 12, 13, 14, 15]
				}
			]
		}
	]
}