{
	"credit": "Made with Blockbench",
	"textures": {
		"0": "tanks_misc/absorption",
		"particle": "tanks_misc/absorption"
	},
	"elements": [
		{
			"from": [7.5, 0, 0],
			"to": [8.5, 16, 16],
			"faces": {
				"north": {"uv": [0, 0, 0.66667, 16], "texture": "#0"},
				"east": {"uv": [0, 0, 16, 16], "texture": "#0"},
				"south": {"uv": [0, 0, 0.66667, 16], "texture": "#0"},
				"west": {"uv": [0, 0, 16, 16], "texture": "#0"},
				"up": {"uv": [0, 0, 0.66667, 16], "texture": "#0"},
				"down": {"uv": [0, 0, 0.66667, 16], "texture": "#0"}
			}
		}
	],
	"display": {
		"thirdperson_righthand": {
			"scale": [0, 0, 0]
		},
		"thirdperson_lefthand": {
			"scale": [0, 0, 0]
		},
		"firstperson_righthand": {
			"scale": [0, 0, 0]
		},
		"firstperson_lefthand": {
			"scale": [0, 0, 0]
		},
		"gui": {
			"rotation": [-20, -143, 17],
			"translation": [1.75, 6.75, 0],
			"scale": [1.5, 1.5, 1.5]
		},
		"head": {
			"translation": [0, 5, 0],
			"scale": [2, 2, 2]
		}
	}
}