{
    "parent": "item/secondary_item",
    "textures": {
        "layer0": "item/carrot_on_a_stick"
    },
    "overrides": [
{"predicate": {"custom_model_data":0}, "model": "item/arrow"},
{"predicate": {"custom_model_data":1}, "model": "item/cards/cave_spider"},
{"predicate": {"custom_model_data":2}, "model": "item/cards/creeper"},
{"predicate": {"custom_model_data":3}, "model": "item/cards/iron_golem"},
{"predicate": {"custom_model_data":4}, "model": "item/cards/ravager"},
{"predicate": {"custom_model_data":5}, "model": "item/cards/skeleton"},
{"predicate": {"custom_model_data":6}, "model": "item/cards/snow_golem"},
{"predicate": {"custom_model_data":7}, "model": "item/cards/spider"},
{"predicate": {"custom_model_data":8}, "model": "item/cards/squid"},
{"predicate": {"custom_model_data":9}, "model": "item/cards/turtle"},
{"predicate": {"custom_model_data":10}, "model": "item/cards/wolf"},
{"predicate": {"custom_model_data":11}, "model": "item/cards/zombie"},

{"predicate": {"custom_model_data":12}, "model": "item/cards/baby_magma_cube"},
{"predicate": {"custom_model_data":13}, "model": "item/cards/blaze"},
{"predicate": {"custom_model_data":14}, "model": "item/cards/magma_cube"},
{"predicate": {"custom_model_data":15}, "model": "item/cards/wither_skeleton"},

{"predicate": {"custom_model_data":16}, "model": "item/cards/enderman"},
{"predicate": {"custom_model_data":17}, "model": "item/cards/endermite"},
{"predicate": {"custom_model_data":18}, "model": "item/cards/shulker"},

{"predicate": {"custom_model_data":19}, "model": "item/cards/anvil"},
{"predicate": {"custom_model_data":20}, "model": "item/cards/arrow_storm"},
{"predicate": {"custom_model_data":21}, "model": "item/cards/iron_pickaxe"},
{"predicate": {"custom_model_data":22}, "model": "item/cards/bread"},
{"predicate": {"custom_model_data":23}, "model": "item/cards/iron_armor"},
{"predicate": {"custom_model_data":24}, "model": "item/cards/strength_potion"},
{"predicate": {"custom_model_data":25}, "model": "item/cards/cobblestone"},
{"predicate": {"custom_model_data":26}, "model": "item/cards/cobweb_trap"},
{"predicate": {"custom_model_data":27}, "model": "item/cards/wither_trap"},
{"predicate": {"custom_model_data":28}, "model": "item/cards/pig"},
{"predicate": {"custom_model_data":29}, "model": "item/cards/haste_potion"},
{"predicate": {"custom_model_data":30}, "model": "item/cards/blaze_strike"},
{"predicate": {"custom_model_data":31}, "model": "item/cards/golden_apple"},
{"predicate": {"custom_model_data":32}, "model": "item/cards/speed_potion"},

{"predicate": {"custom_model_data":33}, "model": "item/cards/fox"},
{"predicate": {"custom_model_data":34}, "model": "item/cards/slime"},
{"predicate": {"custom_model_data":35}, "model": "item/cards/hoglin"},
{"predicate": {"custom_model_data":36}, "model": "item/cards/piglin"},
{"predicate": {"custom_model_data":37}, "model": "item/cards/piglin_brute"},
{"predicate": {"custom_model_data":38}, "model": "item/cards/zombified_piglin"},
{"predicate": {"custom_model_data":39}, "model": "item/cards/ghast_fireball"},
{"predicate": {"custom_model_data":40}, "model": "item/cards/zoglin"},
{"predicate": {"custom_model_data":41}, "model": "item/cards/wither"},
{"predicate": {"custom_model_data":42}, "model": "item/cards/piglin_bartering"},
{"predicate": {"custom_model_data":43}, "model": "item/cards/lava_pocket"},
{"predicate": {"custom_model_data":44}, "model": "item/cards/spectral_arrow"},
{"predicate": {"custom_model_data":45}, "model": "item/cards/splash_fire_resistance_potion"},
{"predicate": {"custom_model_data":46}, "model": "item/cards/leather_armor"},
{"predicate": {"custom_model_data":47}, "model": "item/cards/golden_armor"},
{"predicate": {"custom_model_data":48}, "model": "item/cards/diamond_armor"},
{"predicate": {"custom_model_data":49}, "model": "item/cards/netherite_armor"},

{"predicate": {"custom_model_data":50}, "model": "item/cards/miners_resilience"},
{"predicate": {"custom_model_data":51}, "model": "item/cards/gilded_blackstone"},
{"predicate": {"custom_model_data":52}, "model": "item/cards/golden_carrot"},
{"predicate": {"custom_model_data":53}, "model": "item/cards/enchanted_golden_apple"},

{"predicate": {"custom_model_data":54}, "model": "item/cards/drowned"},
{"predicate": {"custom_model_data":55}, "model": "item/cards/stray"},
{"predicate": {"custom_model_data":56}, "model": "item/cards/zombie_villager"},
{"predicate": {"custom_model_data":57}, "model": "item/cards/husk"},
{"predicate": {"custom_model_data":58}, "model": "item/cards/skeleton_horse"},
{"predicate": {"custom_model_data":59}, "model": "item/cards/skeleton_trap"},

{"predicate": {"custom_model_data":60}, "model": "item/cards/vex"},
{"predicate": {"custom_model_data":61}, "model": "item/cards/bee"},
{"predicate": {"custom_model_data":62}, "model": "item/cards/phantom"},
{"predicate": {"custom_model_data":63}, "model": "item/cards/silverfish"},
{"predicate": {"custom_model_data":64}, "model": "item/cards/spawner"},

{"predicate": {"custom_model_data":65}, "model": "item/cards/piercing"},
{"predicate": {"custom_model_data":66}, "model": "item/cards/trident"},
{"predicate": {"custom_model_data":67}, "model": "item/cards/end_crystal"},
{"predicate": {"custom_model_data":68}, "model": "item/cards/tnt"},
{"predicate": {"custom_model_data":69}, "model": "item/cards/thunderstorm"},
{"predicate": {"custom_model_data":70}, "model": "item/cards/charged_creeper"},

{"predicate": {"custom_model_data":71}, "model": "item/cards/dragons_breath"},
{"predicate": {"custom_model_data":72}, "model": "item/cards/ender_pearl"},
{"predicate": {"custom_model_data":73}, "model": "item/cards/chorus_fruit"},
{"predicate": {"custom_model_data":74}, "model": "item/cards/ender_dragon"},
{"predicate": {"custom_model_data":75}, "model": "item/cards/cleric"},
{"predicate": {"custom_model_data":76}, "model": "item/cards/emerald"},
{"predicate": {"custom_model_data":77}, "model": "item/cards/wandering_trader"},
{"predicate": {"custom_model_data":78}, "model": "item/cards/armorsmith"},
{"predicate": {"custom_model_data":79}, "model": "item/cards/flint_and_steel"},
{"predicate": {"custom_model_data":80}, "model": "item/cards/witch"},
{"predicate": {"custom_model_data":81}, "model": "item/cards/turtle_egg"},
{"predicate": {"custom_model_data":82}, "model": "item/cards/splash_poison_potion"},
{"predicate": {"custom_model_data":83}, "model": "item/cards/invisibility_potion"},
{"predicate": {"custom_model_data":84}, "model": "item/cards/pillager"},
{"predicate": {"custom_model_data":85}, "model": "item/cards/vindicator"},
{"predicate": {"custom_model_data":86}, "model": "item/cards/evoker"},
{"predicate": {"custom_model_data":87}, "model": "item/cards/dolphin"},
{"predicate": {"custom_model_data":88}, "model": "item/cards/guardian"},
{"predicate": {"custom_model_data":89}, "model": "item/cards/elder_guardian"},
{"predicate": {"custom_model_data":90}, "model": "item/cards/elytra"},
{"predicate": {"custom_model_data":91}, "model": "item/cards/sheep"},
{"predicate": {"custom_model_data":92}, "model": "item/cards/killer_rabbit"},
{"predicate": {"custom_model_data":93}, "model": "item/cards/tnt_cannon"},
{"predicate": {"custom_model_data":94}, "model": "item/cards/cub"},
{"predicate": {"custom_model_data":95}, "model": "item/cards/polar_bear"},
{"predicate": {"custom_model_data":96}, "model": "item/cards/llama"},
{"predicate": {"custom_model_data":97}, "model": "item/cards/horse"},
{"predicate": {"custom_model_data":98}, "model": "item/cards/parrot"},
{"predicate": {"custom_model_data":99}, "model": "item/cards/ice_storm"},
{"predicate": {"custom_model_data":100}, "model": "item/cards/mooshroom"},
{"predicate": {"custom_model_data":101}, "model": "item/cards/chicken"},

{"predicate": {"custom_model_data":102}, "model": "item/cards/outpost"},
{"predicate": {"custom_model_data":103}, "model": "item/cards/farmland"},
{"predicate": {"custom_model_data":104}, "model": "item/cards/bee_hive"},
{"predicate": {"custom_model_data":105}, "model": "item/cards/bee_nest"},
{"predicate": {"custom_model_data":106}, "model": "item/cards/hay_bale"},
{"predicate": {"custom_model_data":107}, "model": "item/cards/well"},
{"predicate": {"custom_model_data":108}, "model": "item/cards/diorite"},
{"predicate": {"custom_model_data":109}, "model": "item/cards/targets"},
{"predicate": {"custom_model_data":110}, "model": "item/cards/jail"},
{"predicate": {"custom_model_data":111}, "model": "item/cards/witch_hut"},
{"predicate": {"custom_model_data":112}, "model": "item/cards/milk"},
{"predicate": {"custom_model_data":113}, "model": "item/cards/water"},
{"predicate": {"custom_model_data":114}, "model": "item/cards/name_tag"},

{"predicate": {"custom_model_data":1000}, "model": "item/cards/steve"}






	
    ]
}
