{
    "nw.stand.summon": {"sounds": [{"name": "stand/summon"}]},
    "nw.stand.desummon": {"sounds": [{"name": "stand/desummon"}]},
    "nw.song.pillar": {"sounds": [{"name": "song/ayayayay"}]},
    "nw.song.avalon": {"sounds": [{"name": "song/avalon"}]},
    "nw.song.goldenwind": {"sounds": [{"name": "song/goldenwind"}]},
    "nw.song.distortion": {"sounds": [{"name": "song/distortion"}]},
    "nw.song.kcr": {"sounds": [{"name": "song/kcr"}]},
    "nw.song.diamond": {"sounds": [{"name": "song/diamond"}]},
    "nw.song.gangsta": {"sounds": [{"name": "song/gangsta"}]},
    "nw.song.brasilsilsil": {"sounds": [{"name": "song/brazil"}]},
    "nw.item.aja": {"sounds": [{"name": "nw_item/hamon_beat"}]},
    "nw.stop.world": {"sounds": [{"name": "stand/time/stopworld"}]},
    "nw.stop.worldova": {"sounds": [{"name": "stand/time/stopova"}]},
    "nw.start": {"sounds": [{"name": "stand/time/start"}]},
    "nw.world.stw": {"sounds": [{"name": "stand/world/stw"}]},
    "nw.world.kick": {"sounds": [{"name": "stand/world/kick"}]},
    "nw.world.kickova": {"sounds": [{"name": "stand/world/kickova"}]},
    "nw.world.muda": {"sounds": [{"name": "stand/world/muda"}]},
    "nw.world.gh": {"sounds": [{"name": "stand/world/ghmuda"}]},
    "nw.world.mudaova": {"sounds": [{"name": "stand/world/mudaova"}]},
    "nw.world.quick": {"sounds": [{"name": "stand/world/quick"}]},
    "nw.world.quickova": {"sounds": [{"name": "stand/world/quickova"}]},
    "nw.world.zawarudo": {"sounds": [{"name": "stand/world/zawarudo"}]},
    "nw.world.worldova": {"sounds": [{"name": "stand/world/zawarudoova"}]},
    "nw.world.wry": {"sounds": [{"name": "stand/world/wry"}]},
    "nw.star.voice": {"sounds": [{"name": "stand/star/jotarostop"}]},
    "nw.star.judge": {"sounds": [{"name": "stand/star/judge"}]},
    "nw.star.ora": {"sounds": [{"name": "stand/star/ora"}]},
    "nw.star.oraova": {"sounds": [{"name": "stand/star/oraova"}]},
    "nw.star.finger": {"sounds": [{"name": "stand/star/finger"}]},
    "nw.star.fingerova": {"sounds": [{"name": "stand/star/fingerova"}]},
    "nw.star.cry": {"sounds": [{"name": "stand/star/oraoraora"}]},
    "nw.star.cryova": {"sounds": [{"name": "stand/star/oraoraova"}]},
    "nw.star.stop": {"sounds": [{"name": "stand/star/stop"}]},
    "nw.star.stopova": {"sounds": [{"name": "stand/star/stopova"}]},
    "nw.star.bd": {"sounds": [{"name": "stand/star/bd"}]},
    "nw.star.bdova": {"sounds": [{"name": "stand/star/bdova"}]},
    "nw.chariot.cry": {"sounds": [{"name": "stand/chariot/horahora"}]},
    "nw.diamond.dorarara": {"sounds": [{"name": "stand/diamond/cry"}]},
    "nw.diamond.restore": {"sounds": [{"name": "stand/diamond/restore"}]},
    "nw.diamond.cryreq": {"sounds": [{"name": "stand/diamond/cryreq"}]},
    "nw.zahando": {"sounds": [{"name": "stand/hand/erasure"}]},
    "nw.zahandozw": {"sounds": [{"name": "stand/hand/secret"}]},
    "nw.killer.cry": {"sounds": [{"name": "stand/killer/cry"}]},
    "nw.killer.click": {"sounds": [{"name": "stand/killer/detonatebomb"}]},
    "nw.killer.sheer": {"sounds": [{"name": "stand/killer/sheer"}]},
    "nw.killer.airbomb": {"sounds": [{"name": "stand/killer/airbomb"}]},
    "nw.killer.btd": {"sounds": [{"name": "stand/killer/btd"}]},
    "nw.gold.cry": {"sounds": [{"name": "stand/gold/cry"}]},
    "nw.gold.kick": {"sounds": [{"name": "stand/gold/kick"}]},
    "nw.gold.life": {"sounds": [{"name": "stand/gold/life"}]},
    "nw.gold.bd": {"sounds": [{"name": "stand/gold/7page"}]},
    "nw.goldr.rtz": {"sounds": [{"name": "stand/gold/rewind"}]},
    "nw.goldr.ult": {"sounds": [{"name": "stand/gold/requiem"}]},
    "nw.zipper.cry": {"sounds": [{"name": "stand/zipper/cry"}]},
    "nw.zipper.zip": {"sounds": [{"name": "stand/zipper/zipper"}]},
    "nw.zipper.bd": {"sounds": [{"name": "stand/zipper/beatdown"}]},
    "nw.moody.cry": {"sounds": [{"name": "stand/moody/cry"}]},
    "nw.soft": {"sounds": [{"name": "stand/soft/deflate"}]},
    "nw.six.pass": {"sounds": [{"name": "stand/six/pass"}]},
    "nw.aero.cry": {"sounds": [{"name": "stand/aero/cry"}]},
    "nw.aero.volarevia": {"sounds": [{"name": "stand/aero/volarevia"}]},
    "nw.haze.cry": {"sounds": [{"name": "stand/haze/cry"}]},
    "nw.crimson.epitaph": {"sounds": [{"name": "stand/crimson/epitaph"}]},
    "nw.crimson.erase": {"sounds": [{"name": "stand/crimson/erase"}]},
    "nw.crimson.skip": {"sounds": [{"name": "stand/crimson/skip"}]},
    "nw.crimson.choir": {"sounds": [{"name": "stand/crimson/choir"}]},
    "nw.kcr": {"sounds": [{"name": "stand/crimson/kcrerase"}]},
    "nw.spice.cry": {"sounds": [{"name": "stand/spice/cry"}]},
    "nw.spicereq.cry": {"sounds": [{"name": "stand/spice/requiem_cry"}]}

}