{
    "parent": "item/handheld",
    "textures": {
        "layer0": "items/diamond_sword"

    },
    "overrides": [
		{ "predicate": {"damaged": 0, "damage": 0.0006402048655569782}, "model": "item/rpg/sword1"},
		{ "predicate": {"damaged": 0, "damage": 0.0012804097311139564}, "model": "item/rpg/sword2"},
		{ "predicate": {"damaged": 0, "damage": 0.0019206145966709346}, "model": "item/rpg/sword3"},
		{ "predicate": {"damaged": 0, "damage": 0.002560819462227913}, "model": "item/rpg/sword4"},
		{ "predicate": {"damaged": 0, "damage": 0.003201024327784891}, "model": "item/rpg/sword5"},
		{ "predicate": {"damaged": 0, "damage": 0.0038412291933418692}, "model": "item/rpg/sword6"},
		{ "predicate": {"damaged": 0, "damage": 0.004481434058898847}, "model": "item/rpg/sword7"},
		{ "predicate": {"damaged": 0, "damage": 0.005121638924455826}, "model": "item/rpg/sword8"},
		{ "predicate": {"damaged": 0, "damage": 0.005761843790012804}, "model": "item/rpg/sword9"},
		{ "predicate": {"damaged": 0, "damage": 0.006402048655569782}, "model": "item/rpg/sword10"},
		{ "predicate": {"damaged": 0, "damage": 0.00704225352112676}, "model": "item/rpg/sword11"},
		{ "predicate": {"damaged": 0, "damage": 0.0076824583866837385}, "model": "item/rpg/sword12"},
		{ "predicate": {"damaged": 0, "damage": 0.008322663252240717}, "model": "item/rpg/sword13"},
		{ "predicate": {"damaged": 0, "damage": 0.008962868117797694}, "model": "item/rpg/sword14"},
		{ "predicate": {"damaged": 0, "damage": 0.009603072983354673}, "model": "item/rpg/sword15"},
		{ "predicate": {"damaged": 0, "damage": 0.010243277848911651}, "model": "item/rpg/sword16"},
		{ "predicate": {"damaged": 0, "damage": 0.01088348271446863}, "model": "item/rpg/sword17"},
		{ "predicate": {"damaged": 0, "damage": 0.011523687580025609}, "model": "item/rpg/sword18"},
		{ "predicate": {"damaged": 0, "damage": 0.012163892445582586}, "model": "item/rpg/sword19"},
		{ "predicate": {"damaged": 0, "damage": 0.012804097311139564}, "model": "item/rpg/sword20"},
		{ "predicate": {"damaged": 0, "damage": 0.013444302176696543}, "model": "item/rpg/sword21"},
		{ "predicate": {"damaged": 0, "damage": 0.01408450704225352}, "model": "item/rpg/sword22"},
		{ "predicate": {"damaged": 0, "damage": 0.014724711907810498}, "model": "item/rpg/sword23"},
		{ "predicate": {"damaged": 0, "damage": 0.015364916773367477}, "model": "item/rpg/sword24"},
		{ "predicate": {"damaged": 0, "damage": 0.016005121638924456}, "model": "item/rpg/sword25"},
		{ "predicate": {"damaged": 0, "damage": 0.016645326504481434}, "model": "item/rpg/sword26"},
		{ "predicate": {"damaged": 0, "damage": 0.017285531370038413}, "model": "item/rpg/sword27"},
		{ "predicate": {"damaged": 0, "damage": 0.01792573623559539}, "model": "item/rpg/sword28"},
		{ "predicate": {"damaged": 0, "damage": 0.01856594110115237}, "model": "item/rpg/sword29"},
		{ "predicate": {"damaged": 0, "damage": 0.01920614596670935}, "model": "item/rpg/sword30"},
		{ "predicate": {"damaged": 0, "damage": 0.019846350832266327}, "model": "item/rpg/sword31"},
		{ "predicate": {"damaged": 0, "damage": 0.020486555697823306}, "model": "item/rpg/sword32"},
		{ "predicate": {"damaged": 0, "damage": 0.021126760563380285}, "model": "item/rpg/sword33"},
		{ "predicate": {"damaged": 0, "damage": 0.021766965428937263}, "model": "item/rpg/sword34"},
		{ "predicate": {"damaged": 0, "damage": 0.022407170294494242}, "model": "item/rpg/sword35"},
		{ "predicate": {"damaged": 0, "damage": 0.02304737516005122}, "model": "item/rpg/sword36"},
		{ "predicate": {"damaged": 0, "damage": 0.0236875800256082}, "model": "item/rpg/sword37"},
		{ "predicate": {"damaged": 0, "damage": 0.024327784891165178}, "model": "item/rpg/sword38"},
		{ "predicate": {"damaged": 0, "damage": 0.024967989756722157}, "model": "item/rpg/sword39"},
		{ "predicate": {"damaged": 0, "damage": 0.025608194622279135}, "model": "item/rpg/sword40"},
		{ "predicate": {"damaged": 0, "damage": 0.026248399487836114}, "model": "item/rpg/sword41"},
		{ "predicate": {"damaged": 0, "damage": 0.026888604353393093}, "model": "item/rpg/sword42"},
		{ "predicate": {"damaged": 0, "damage": 0.02752880921895007}, "model": "item/rpg/sword43"},
		{ "predicate": {"damaged": 0, "damage": 0.02816901408450705}, "model": "item/rpg/sword44"},
		{ "predicate": {"damaged": 0, "damage": 0.02880921895006403}, "model": "item/rpg/sword45"},
		{ "predicate": {"damaged": 0, "damage": 0.029449423815621007}, "model": "item/rpg/sword46"},
		{ "predicate": {"damaged": 0, "damage": 0.030089628681177986}, "model": "item/rpg/sword47"},
		{ "predicate": {"damaged": 0, "damage": 0.030729833546734964}, "model": "item/rpg/sword48"},
		{ "predicate": {"damaged": 0, "damage": 0.03137003841229194}, "model": "item/rpg/sword49"},
		{ "predicate": {"damaged": 0, "damage": 0.03201024327784892}, "model": "item/rpg/sword50"},
		{ "predicate": {"damaged": 0, "damage": 0.0326504481434059}, "model": "item/rpg/sword51"},
		{ "predicate": {"damaged": 0, "damage": 0.033290653008962875}, "model": "item/rpg/sword52"},
		{ "predicate": {"damaged": 0, "damage": 0.033930857874519854}, "model": "item/rpg/sword53"},
		{ "predicate": {"damaged": 0, "damage": 0.03457106274007683}, "model": "item/rpg/sword54"},
		{ "predicate": {"damaged": 0, "damage": 0.03521126760563381}, "model": "item/rpg/sword55"},
		{ "predicate": {"damaged": 0, "damage": 0.03585147247119079}, "model": "item/rpg/sword56"},
		{ "predicate": {"damaged": 0, "damage": 0.03649167733674777}, "model": "item/rpg/sword57"},
		{ "predicate": {"damaged": 0, "damage": 0.03713188220230475}, "model": "item/rpg/sword58"},
		{ "predicate": {"damaged": 0, "damage": 0.037772087067861726}, "model": "item/rpg/sword59"},
		{ "predicate": {"damaged": 0, "damage": 0.038412291933418705}, "model": "item/rpg/sword60"},
		{ "predicate": {"damaged": 0, "damage": 0.03905249679897568}, "model": "item/rpg/sword61"},
		{ "predicate": {"damaged": 0, "damage": 0.03969270166453266}, "model": "item/rpg/sword62"},
		{ "predicate": {"damaged": 0, "damage": 0.04033290653008964}, "model": "item/rpg/sword63"},
		{ "predicate": {"damaged": 0, "damage": 0.04097311139564662}, "model": "item/rpg/sword64"},
		{ "predicate": {"damaged": 0, "damage": 0.0416133162612036}, "model": "item/rpg/sword65"},
		{ "predicate": {"damaged": 0, "damage": 0.042253521126760576}, "model": "item/rpg/sword66"},
		{ "predicate": {"damaged": 0, "damage": 0.042893725992317555}, "model": "item/rpg/sword67"},
		{ "predicate": {"damaged": 0, "damage": 0.043533930857874534}, "model": "item/rpg/sword68"},
		{ "predicate": {"damaged": 0, "damage": 0.0441741357234315}, "model": "item/rpg/sword69"},
		{ "predicate": {"damaged": 0, "damage": 0.04481434058898848}, "model": "item/rpg/sword70"},
		{ "predicate": {"damaged": 0, "damage": 0.045454545454545456}, "model": "item/rpg/sword71"},
		{ "predicate": {"damaged": 0, "damage": 0.046094750320102434}, "model": "item/rpg/sword72"},
		{ "predicate": {"damaged": 0, "damage": 0.046734955185659406}, "model": "item/rpg/sword73"},
		{ "predicate": {"damaged": 0, "damage": 0.047375160051216385}, "model": "item/rpg/sword74"},
		{ "predicate": {"damaged": 0, "damage": 0.04801536491677336}, "model": "item/rpg/sword75"},
		{ "predicate": {"damaged": 0, "damage": 0.04865556978233034}, "model": "item/rpg/sword76"},
		{ "predicate": {"damaged": 0, "damage": 0.04929577464788732}, "model": "item/rpg/sword77"},
		{ "predicate": {"damaged": 0, "damage": 0.0499359795134443}, "model": "item/rpg/sword78"},
		{ "predicate": {"damaged": 0, "damage": 0.05057618437900128}, "model": "item/rpg/sword79"},
		{ "predicate": {"damaged": 0, "damage": 0.05121638924455826}, "model": "item/rpg/sword80"},
		{ "predicate": {"damaged": 0, "damage": 0.051856594110115235}, "model": "item/rpg/sword81"},
		{ "predicate": {"damaged": 0, "damage": 0.052496798975672214}, "model": "item/rpg/sword82"},
		{ "predicate": {"damaged": 0, "damage": 0.05313700384122919}, "model": "item/rpg/sword83"},
		{ "predicate": {"damaged": 0, "damage": 0.05377720870678617}, "model": "item/rpg/sword84"},
		{ "predicate": {"damaged": 0, "damage": 0.05441741357234315}, "model": "item/rpg/sword85"},
		{ "predicate": {"damaged": 0, "damage": 0.05505761843790013}, "model": "item/rpg/sword86"},
		{ "predicate": {"damaged": 0, "damage": 0.05569782330345711}, "model": "item/rpg/sword87"},
		{ "predicate": {"damaged": 0, "damage": 0.05633802816901408}, "model": "item/rpg/sword88"},
		{ "predicate": {"damaged": 0, "damage": 0.05697823303457106}, "model": "item/rpg/sword89"},
		{ "predicate": {"damaged": 0, "damage": 0.057618437900128036}, "model": "item/rpg/sword90"},
		{ "predicate": {"damaged": 0, "damage": 0.058258642765685015}, "model": "item/rpg/sword91"},
		{ "predicate": {"damaged": 0, "damage": 0.05889884763124199}, "model": "item/rpg/sword92"},
		{ "predicate": {"damaged": 0, "damage": 0.05953905249679897}, "model": "item/rpg/sword93"},
		{ "predicate": {"damaged": 0, "damage": 0.06017925736235595}, "model": "item/rpg/sword94"},
		{ "predicate": {"damaged": 0, "damage": 0.06081946222791293}, "model": "item/rpg/sword95"},
		{ "predicate": {"damaged": 0, "damage": 0.06145966709346991}, "model": "item/rpg/sword96"},
		{ "predicate": {"damaged": 0, "damage": 0.06209987195902689}, "model": "item/rpg/sword97"},
		{ "predicate": {"damaged": 0, "damage": 0.06274007682458387}, "model": "item/rpg/sword98"},
		{ "predicate": {"damaged": 0, "damage": 0.06338028169014084}, "model": "item/rpg/sword99"},
		{ "predicate": {"damaged": 0, "damage": 0.06402048655569782}, "model": "item/rpg/sword100"}
    ]
}
