{
	"__comment": "Designed by MoTy with Cubik Studio - https://cubik.studio",
	"textures": {
		"particle": "blocks/particle",
		"texture": "blocks/texture",
		"black_concrete": "blocks/black_concrete",
		"black_glazed_terracotta": "blocks/black_glazed_terracotta",
		"black_shulker_box": "blocks/black_shulker_box",
		"black_wool": "blocks/black_wool",
		"black_stained_glass": "blocks/black_stained_glass",
		"black_stained_glass_pane_top": "blocks/black_stained_glass_pane_top",
		"gray_concrete": "blocks/gray_concrete",
		"blue_concrete": "blocks/blue_concrete",
		"light_gray_concrete_powder": "blocks/light_gray_concrete_powder",
		"iron_block": "blocks/iron_block",
		"piston_inner": "blocks/piston_inner",
		"dye_powder_pink.png": "items/dye_powder_pink.png",
		"dye_powder_light_blue": "items/dye_powder_light_blue",
		"dye_powder_purple": "items/dye_powder_purple"
	},
	"elements": [ 	 
		{
			"__comment": "Box1",
			"from": [ 0, 0, 5 ],
			"to": [ 16, 0.5, 15.5 ],
			"faces": {
				"down": { "uv": [ 0, 16, 16, 0 ], "texture": "#black_concrete" },
				"up": { "uv": [ 0, 0, 16, 16 ], "texture": "#black_concrete" },
				"north": { "uv": [ 16, 0, 0, 1 ], "texture": "#black_concrete" },
				"south": { "uv": [ 0, 15, 16, 16 ], "texture": "#black_concrete" },
				"west": { "uv": [ 0, 0, 1, 16 ], "texture": "#black_concrete", "rotation": 270 },
				"east": { "uv": [ 16, 16, 15, 0 ], "texture": "#black_concrete", "rotation": 270 }
			}
		},
		{
			"__comment": "Box1",
			"from": [ -0.25, 0.125, 4.75 ],
			"to": [ 16.25, 0.625, 15.75 ],
			"faces": {
				"down": { "uv": [ 0, 16, 16, 0 ], "texture": "#black_concrete" },
				"up": { "uv": [ 0, 0, 16, 16 ], "texture": "#black_concrete" },
				"north": { "uv": [ 16, 0, 0, 1 ], "texture": "#black_concrete" },
				"south": { "uv": [ 0, 15, 16, 16 ], "texture": "#black_concrete" },
				"west": { "uv": [ 0, 0, 1, 16 ], "texture": "#black_concrete", "rotation": 270 },
				"east": { "uv": [ 16, 16, 15, 0 ], "texture": "#black_concrete", "rotation": 270 }
			}
		},
		{
			"__comment": "Box1",
			"from": [ -0.5, 0.25, 4.5 ],
			"to": [ 16.5, 0.75, 16 ],
			"faces": {
				"down": { "uv": [ 0, 16, 16, 0 ], "texture": "#black_concrete" },
				"up": { "uv": [ 0, 0, 16, 16 ], "texture": "#black_concrete" },
				"north": { "uv": [ 16, 0, 0, 1 ], "texture": "#black_concrete" },
				"south": { "uv": [ 0, 15, 16, 16 ], "texture": "#black_concrete" },
				"west": { "uv": [ 0, 0, 1, 16 ], "texture": "#black_concrete", "rotation": 270 },
				"east": { "uv": [ 16, 16, 15, 0 ], "texture": "#black_concrete", "rotation": 270 }
			}
		},
		{
			"__comment": "Box5",
			"from": [ 0.5, 1.2188, 0.0275 ],
			"to": [ 15.5, 10.7188, 0.5275 ],
			"rotation": { "origin": [ 0, 9.5, 1 ], "axis": "x", "angle": -22.5 },
			"faces": {
				"down": { "uv": [ 0, 1, 16, 0 ], "texture": "#black_glazed_terracotta" },
				"up": { "uv": [ 0, 15, 16, 16 ], "texture": "#black_glazed_terracotta" },
				"north": { "uv": [ 16, 16, 0, 0 ], "texture": "#black_glazed_terracotta" },
				"south": { "uv": [ 0, 16, 16, 0 ], "texture": "#black_glazed_terracotta" },
				"west": { "uv": [ 0, 0, 1, 16 ], "texture": "#black_glazed_terracotta", "rotation": 180 },
				"east": { "uv": [ 16, 16, 15, 0 ], "texture": "#black_glazed_terracotta" }
			}
		},
		{
			"__comment": "Box6",
			"from": [ 0, 0.7025, 0.1525 ],
			"to": [ 16, 11.2025, 0.6525 ],
			"rotation": { "origin": [ 0, 9.5, 1 ], "axis": "x", "angle": -22.5 },
			"faces": {
				"down": { "uv": [ 0, 1, 16, 0 ], "texture": "#black_concrete" },
				"up": { "uv": [ 0, 15, 16, 16 ], "texture": "#black_concrete" },
				"north": { "uv": [ 16, 16, 0, 0 ], "texture": "#black_concrete" },
				"south": { "uv": [ 0, 16, 16, 0 ], "texture": "#black_concrete" },
				"west": { "uv": [ 0, 0, 1, 16 ], "texture": "#black_concrete", "rotation": 180 },
				"east": { "uv": [ 16, 16, 15, 0 ], "texture": "#black_concrete" }
			}
		},
		{
			"__comment": "Box7",
			"from": [ -0.5, 0.1889, 0.4025 ],
			"to": [ 16.5, 11.6889, 0.9025 ],
			"rotation": { "origin": [ 0, 9.5, 1 ], "axis": "x", "angle": -22.5 },
			"faces": {
				"down": { "uv": [ 0, 1, 16, 0 ], "texture": "#black_shulker_box" },
				"up": { "uv": [ 0, 15, 16, 16 ], "texture": "#black_shulker_box" },
				"north": { "uv": [ 16, 16, 0, 0 ], "texture": "#black_shulker_box" },
				"south": { "uv": [ 0, 16, 16, 0 ], "texture": "#black_shulker_box" },
				"west": { "uv": [ 0, 0, 1, 16 ], "texture": "#black_shulker_box", "rotation": 180 },
				"east": { "uv": [ 16, 16, 15, 0 ], "texture": "#black_shulker_box" }
			}
		},
		{
			"__comment": "Box8",
			"from": [ 2.25, 0.625, 4.25 ],
			"to": [ 5.75, 1.125, 4.75 ],
			"faces": {
				"down": { "uv": [ 0, 16, 16, 0 ], "texture": "#black_wool" },
				"up": { "uv": [ 0, 0, 16, 16 ], "texture": "#black_wool" },
				"north": { "uv": [ 16, 0, 0, 1 ], "texture": "#black_wool" },
				"south": { "uv": [ 0, 15, 16, 16 ], "texture": "#black_wool" },
				"west": { "uv": [ 0, 0, 1, 16 ], "texture": "#black_wool", "rotation": 270 },
				"east": { "uv": [ 16, 16, 15, 0 ], "texture": "#black_wool", "rotation": 270 }
			}
		},
		{
			"__comment": "Box8",
			"from": [ 10.375, 0.625, 4.25 ],
			"to": [ 13.875, 1.125, 4.75 ],
			"faces": {
				"down": { "uv": [ 0, 16, 16, 0 ], "texture": "#black_wool" },
				"up": { "uv": [ 0, 0, 16, 16 ], "texture": "#black_wool" },
				"north": { "uv": [ 16, 0, 0, 1 ], "texture": "#black_wool" },
				"south": { "uv": [ 0, 15, 16, 16 ], "texture": "#black_wool" },
				"west": { "uv": [ 0, 0, 1, 16 ], "texture": "#black_wool", "rotation": 270 },
				"east": { "uv": [ 16, 16, 15, 0 ], "texture": "#black_wool", "rotation": 270 }
			}
		},
		{
			"__comment": "Box10",
			"from": [ 0, 0.2877, 0.875 ],
			"to": [ 16, 10.7877, 0.876 ],
			"rotation": { "origin": [ 0, 9.5, 1 ], "axis": "x", "angle": -22.5 },
			"faces": {
				"down": { "uv": [ 7, 15, 9, 16 ], "texture": "#black_stained_glass_pane_top" },
				"up": { "uv": [ 7, 1, 9, 0 ], "texture": "#black_stained_glass_pane_top" },
				"north": { "uv": [ 9, 0, 7, 16 ], "texture": "#black_stained_glass_pane_top" },
				"south": { "uv": [ 7, 0, 9, 16 ], "texture": "#black_stained_glass_pane_top" },
				"west": { "uv": [ 7, 0, 8, 16 ], "texture": "#black_stained_glass_pane_top" },
				"east": { "uv": [ 9, 16, 8, 0 ], "texture": "#black_stained_glass_pane_top", "rotation": 180 }
			}
		},
		{
			"__comment": "Box11",
			"from": [ 0.75, 0.5, 5.75 ],
			"to": [ 1.75, 1, 6.75 ],
			"faces": {
				"down": { "uv": [ 0, 16, 16, 0 ], "texture": "#gray_concrete" },
				"up": { "uv": [ 0, 0, 16, 16 ], "texture": "#gray_concrete" },
				"north": { "uv": [ 16, 0, 0, 1 ], "texture": "#gray_concrete" },
				"south": { "uv": [ 0, 15, 16, 16 ], "texture": "#gray_concrete" },
				"west": { "uv": [ 0, 0, 1, 16 ], "texture": "#gray_concrete", "rotation": 270 },
				"east": { "uv": [ 16, 16, 15, 0 ], "texture": "#gray_concrete", "rotation": 270 }
			}
		},
		{
			"__comment": "Box11",
			"from": [ 1.875, 0.5, 5.75 ],
			"to": [ 2.875, 1, 6.75 ],
			"faces": {
				"down": { "uv": [ 0, 16, 16, 0 ], "texture": "#gray_concrete" },
				"up": { "uv": [ 0, 0, 16, 16 ], "texture": "#gray_concrete" },
				"north": { "uv": [ 16, 0, 0, 1 ], "texture": "#gray_concrete" },
				"south": { "uv": [ 0, 15, 16, 16 ], "texture": "#gray_concrete" },
				"west": { "uv": [ 0, 0, 1, 16 ], "texture": "#gray_concrete", "rotation": 270 },
				"east": { "uv": [ 16, 16, 15, 0 ], "texture": "#gray_concrete", "rotation": 270 }
			}
		},
		{
			"__comment": "Box11",
			"from": [ 3, 0.5, 5.75 ],
			"to": [ 4, 1, 6.75 ],
			"faces": {
				"down": { "uv": [ 0, 16, 16, 0 ], "texture": "#gray_concrete" },
				"up": { "uv": [ 0, 0, 16, 16 ], "texture": "#gray_concrete" },
				"north": { "uv": [ 16, 0, 0, 1 ], "texture": "#gray_concrete" },
				"south": { "uv": [ 0, 15, 16, 16 ], "texture": "#gray_concrete" },
				"west": { "uv": [ 0, 0, 1, 16 ], "texture": "#gray_concrete", "rotation": 270 },
				"east": { "uv": [ 16, 16, 15, 0 ], "texture": "#gray_concrete", "rotation": 270 }
			}
		},
		{
			"__comment": "Box11",
			"from": [ 4.125, 0.5, 5.75 ],
			"to": [ 5.125, 1, 6.75 ],
			"faces": {
				"down": { "uv": [ 0, 16, 16, 0 ], "texture": "#gray_concrete" },
				"up": { "uv": [ 0, 0, 16, 16 ], "texture": "#gray_concrete" },
				"north": { "uv": [ 16, 0, 0, 1 ], "texture": "#gray_concrete" },
				"south": { "uv": [ 0, 15, 16, 16 ], "texture": "#gray_concrete" },
				"west": { "uv": [ 0, 0, 1, 16 ], "texture": "#gray_concrete", "rotation": 270 },
				"east": { "uv": [ 16, 16, 15, 0 ], "texture": "#gray_concrete", "rotation": 270 }
			}
		},
		{
			"__comment": "Box11",
			"from": [ 5.25, 0.5, 5.75 ],
			"to": [ 6.25, 1, 6.75 ],
			"faces": {
				"down": { "uv": [ 0, 16, 16, 0 ], "texture": "#gray_concrete" },
				"up": { "uv": [ 0, 0, 16, 16 ], "texture": "#gray_concrete" },
				"north": { "uv": [ 16, 0, 0, 1 ], "texture": "#gray_concrete" },
				"south": { "uv": [ 0, 15, 16, 16 ], "texture": "#gray_concrete" },
				"west": { "uv": [ 0, 0, 1, 16 ], "texture": "#gray_concrete", "rotation": 270 },
				"east": { "uv": [ 16, 16, 15, 0 ], "texture": "#gray_concrete", "rotation": 270 }
			}
		},
		{
			"__comment": "Box11",
			"from": [ 6.375, 0.5, 5.75 ],
			"to": [ 7.375, 1, 6.75 ],
			"faces": {
				"down": { "uv": [ 0, 16, 16, 0 ], "texture": "#gray_concrete" },
				"up": { "uv": [ 0, 0, 16, 16 ], "texture": "#gray_concrete" },
				"north": { "uv": [ 16, 0, 0, 1 ], "texture": "#gray_concrete" },
				"south": { "uv": [ 0, 15, 16, 16 ], "texture": "#gray_concrete" },
				"west": { "uv": [ 0, 0, 1, 16 ], "texture": "#gray_concrete", "rotation": 270 },
				"east": { "uv": [ 16, 16, 15, 0 ], "texture": "#gray_concrete", "rotation": 270 }
			}
		},
		{
			"__comment": "Box11",
			"from": [ 7.5, 0.5, 5.75 ],
			"to": [ 8.5, 1, 6.75 ],
			"faces": {
				"down": { "uv": [ 0, 16, 16, 0 ], "texture": "#gray_concrete" },
				"up": { "uv": [ 0, 0, 16, 16 ], "texture": "#gray_concrete" },
				"north": { "uv": [ 16, 0, 0, 1 ], "texture": "#gray_concrete" },
				"south": { "uv": [ 0, 15, 16, 16 ], "texture": "#gray_concrete" },
				"west": { "uv": [ 0, 0, 1, 16 ], "texture": "#gray_concrete", "rotation": 270 },
				"east": { "uv": [ 16, 16, 15, 0 ], "texture": "#gray_concrete", "rotation": 270 }
			}
		},
		{
			"__comment": "Box11",
			"from": [ 8.625, 0.5, 5.75 ],
			"to": [ 9.625, 1, 6.75 ],
			"faces": {
				"down": { "uv": [ 0, 16, 16, 0 ], "texture": "#gray_concrete" },
				"up": { "uv": [ 0, 0, 16, 16 ], "texture": "#gray_concrete" },
				"north": { "uv": [ 16, 0, 0, 1 ], "texture": "#gray_concrete" },
				"south": { "uv": [ 0, 15, 16, 16 ], "texture": "#gray_concrete" },
				"west": { "uv": [ 0, 0, 1, 16 ], "texture": "#gray_concrete", "rotation": 270 },
				"east": { "uv": [ 16, 16, 15, 0 ], "texture": "#gray_concrete", "rotation": 270 }
			}
		},
		{
			"__comment": "Box11",
			"from": [ 9.75, 0.5, 5.75 ],
			"to": [ 10.75, 1, 6.75 ],
			"faces": {
				"down": { "uv": [ 0, 16, 16, 0 ], "texture": "#gray_concrete" },
				"up": { "uv": [ 0, 0, 16, 16 ], "texture": "#gray_concrete" },
				"north": { "uv": [ 16, 0, 0, 1 ], "texture": "#gray_concrete" },
				"south": { "uv": [ 0, 15, 16, 16 ], "texture": "#gray_concrete" },
				"west": { "uv": [ 0, 0, 1, 16 ], "texture": "#gray_concrete", "rotation": 270 },
				"east": { "uv": [ 16, 16, 15, 0 ], "texture": "#gray_concrete", "rotation": 270 }
			}
		},
		{
			"__comment": "Box11",
			"from": [ 10.875, 0.5, 5.75 ],
			"to": [ 11.875, 1, 6.75 ],
			"faces": {
				"down": { "uv": [ 0, 16, 16, 0 ], "texture": "#gray_concrete" },
				"up": { "uv": [ 0, 0, 16, 16 ], "texture": "#gray_concrete" },
				"north": { "uv": [ 16, 0, 0, 1 ], "texture": "#gray_concrete" },
				"south": { "uv": [ 0, 15, 16, 16 ], "texture": "#gray_concrete" },
				"west": { "uv": [ 0, 0, 1, 16 ], "texture": "#gray_concrete", "rotation": 270 },
				"east": { "uv": [ 16, 16, 15, 0 ], "texture": "#gray_concrete", "rotation": 270 }
			}
		},
		{
			"__comment": "Box11",
			"from": [ 12, 0.5, 5.75 ],
			"to": [ 13, 1, 6.75 ],
			"faces": {
				"down": { "uv": [ 0, 16, 16, 0 ], "texture": "#gray_concrete" },
				"up": { "uv": [ 0, 0, 16, 16 ], "texture": "#gray_concrete" },
				"north": { "uv": [ 16, 0, 0, 1 ], "texture": "#gray_concrete" },
				"south": { "uv": [ 0, 15, 16, 16 ], "texture": "#gray_concrete" },
				"west": { "uv": [ 0, 0, 1, 16 ], "texture": "#gray_concrete", "rotation": 270 },
				"east": { "uv": [ 16, 16, 15, 0 ], "texture": "#gray_concrete", "rotation": 270 }
			}
		},
		{
			"__comment": "Box11",
			"from": [ 13.125, 0.5, 5.75 ],
			"to": [ 14.125, 1, 6.75 ],
			"faces": {
				"down": { "uv": [ 0, 16, 16, 0 ], "texture": "#gray_concrete" },
				"up": { "uv": [ 0, 0, 16, 16 ], "texture": "#gray_concrete" },
				"north": { "uv": [ 16, 0, 0, 1 ], "texture": "#gray_concrete" },
				"south": { "uv": [ 0, 15, 16, 16 ], "texture": "#gray_concrete" },
				"west": { "uv": [ 0, 0, 1, 16 ], "texture": "#gray_concrete", "rotation": 270 },
				"east": { "uv": [ 16, 16, 15, 0 ], "texture": "#gray_concrete", "rotation": 270 }
			}
		},
		{
			"__comment": "Box11",
			"from": [ 14.25, 0.5, 5.75 ],
			"to": [ 15.25, 1, 6.75 ],
			"faces": {
				"down": { "uv": [ 0, 16, 16, 0 ], "texture": "#gray_concrete" },
				"up": { "uv": [ 0, 0, 16, 16 ], "texture": "#gray_concrete" },
				"north": { "uv": [ 16, 0, 0, 1 ], "texture": "#gray_concrete" },
				"south": { "uv": [ 0, 15, 16, 16 ], "texture": "#gray_concrete" },
				"west": { "uv": [ 0, 0, 1, 16 ], "texture": "#gray_concrete", "rotation": 270 },
				"east": { "uv": [ 16, 16, 15, 0 ], "texture": "#gray_concrete", "rotation": 270 }
			}
		},
		{
			"__comment": "Box11",
			"from": [ 0.75, 0.5, 7 ],
			"to": [ 1.75, 1, 8 ],
			"faces": {
				"down": { "uv": [ 0, 16, 16, 0 ], "texture": "#gray_concrete" },
				"up": { "uv": [ 0, 0, 16, 16 ], "texture": "#gray_concrete" },
				"north": { "uv": [ 16, 0, 0, 1 ], "texture": "#gray_concrete" },
				"south": { "uv": [ 0, 15, 16, 16 ], "texture": "#gray_concrete" },
				"west": { "uv": [ 0, 0, 1, 16 ], "texture": "#gray_concrete", "rotation": 270 },
				"east": { "uv": [ 16, 16, 15, 0 ], "texture": "#gray_concrete", "rotation": 270 }
			}
		},
		{
			"__comment": "Box11",
			"from": [ 1.875, 0.5, 7 ],
			"to": [ 2.875, 1, 8 ],
			"faces": {
				"down": { "uv": [ 0, 16, 16, 0 ], "texture": "#gray_concrete" },
				"up": { "uv": [ 0, 0, 16, 16 ], "texture": "#gray_concrete" },
				"north": { "uv": [ 16, 0, 0, 1 ], "texture": "#gray_concrete" },
				"south": { "uv": [ 0, 15, 16, 16 ], "texture": "#gray_concrete" },
				"west": { "uv": [ 0, 0, 1, 16 ], "texture": "#gray_concrete", "rotation": 270 },
				"east": { "uv": [ 16, 16, 15, 0 ], "texture": "#gray_concrete", "rotation": 270 }
			}
		},
		{
			"__comment": "Box11",
			"from": [ 3, 0.5, 7 ],
			"to": [ 4, 1, 8 ],
			"faces": {
				"down": { "uv": [ 0, 16, 16, 0 ], "texture": "#gray_concrete" },
				"up": { "uv": [ 0, 0, 16, 16 ], "texture": "#gray_concrete" },
				"north": { "uv": [ 16, 0, 0, 1 ], "texture": "#gray_concrete" },
				"south": { "uv": [ 0, 15, 16, 16 ], "texture": "#gray_concrete" },
				"west": { "uv": [ 0, 0, 1, 16 ], "texture": "#gray_concrete", "rotation": 270 },
				"east": { "uv": [ 16, 16, 15, 0 ], "texture": "#gray_concrete", "rotation": 270 }
			}
		},
		{
			"__comment": "Box11",
			"from": [ 4.125, 0.5, 7 ],
			"to": [ 5.125, 1, 8 ],
			"faces": {
				"down": { "uv": [ 0, 16, 16, 0 ], "texture": "#gray_concrete" },
				"up": { "uv": [ 0, 0, 16, 16 ], "texture": "#gray_concrete" },
				"north": { "uv": [ 16, 0, 0, 1 ], "texture": "#gray_concrete" },
				"south": { "uv": [ 0, 15, 16, 16 ], "texture": "#gray_concrete" },
				"west": { "uv": [ 0, 0, 1, 16 ], "texture": "#gray_concrete", "rotation": 270 },
				"east": { "uv": [ 16, 16, 15, 0 ], "texture": "#gray_concrete", "rotation": 270 }
			}
		},
		{
			"__comment": "Box11",
			"from": [ 5.25, 0.5, 7 ],
			"to": [ 6.25, 1, 8 ],
			"faces": {
				"down": { "uv": [ 0, 16, 16, 0 ], "texture": "#gray_concrete" },
				"up": { "uv": [ 0, 0, 16, 16 ], "texture": "#gray_concrete" },
				"north": { "uv": [ 16, 0, 0, 1 ], "texture": "#gray_concrete" },
				"south": { "uv": [ 0, 15, 16, 16 ], "texture": "#gray_concrete" },
				"west": { "uv": [ 0, 0, 1, 16 ], "texture": "#gray_concrete", "rotation": 270 },
				"east": { "uv": [ 16, 16, 15, 0 ], "texture": "#gray_concrete", "rotation": 270 }
			}
		},
		{
			"__comment": "Box11",
			"from": [ 6.375, 0.5, 7 ],
			"to": [ 7.375, 1, 8 ],
			"faces": {
				"down": { "uv": [ 0, 16, 16, 0 ], "texture": "#gray_concrete" },
				"up": { "uv": [ 0, 0, 16, 16 ], "texture": "#gray_concrete" },
				"north": { "uv": [ 16, 0, 0, 1 ], "texture": "#gray_concrete" },
				"south": { "uv": [ 0, 15, 16, 16 ], "texture": "#gray_concrete" },
				"west": { "uv": [ 0, 0, 1, 16 ], "texture": "#gray_concrete", "rotation": 270 },
				"east": { "uv": [ 16, 16, 15, 0 ], "texture": "#gray_concrete", "rotation": 270 }
			}
		},
		{
			"__comment": "Box11",
			"from": [ 7.5, 0.5, 7 ],
			"to": [ 8.5, 1, 8 ],
			"faces": {
				"down": { "uv": [ 0, 16, 16, 0 ], "texture": "#gray_concrete" },
				"up": { "uv": [ 0, 0, 16, 16 ], "texture": "#gray_concrete" },
				"north": { "uv": [ 16, 0, 0, 1 ], "texture": "#gray_concrete" },
				"south": { "uv": [ 0, 15, 16, 16 ], "texture": "#gray_concrete" },
				"west": { "uv": [ 0, 0, 1, 16 ], "texture": "#gray_concrete", "rotation": 270 },
				"east": { "uv": [ 16, 16, 15, 0 ], "texture": "#gray_concrete", "rotation": 270 }
			}
		},
		{
			"__comment": "Box11",
			"from": [ 8.625, 0.5, 7 ],
			"to": [ 9.625, 1, 8 ],
			"faces": {
				"down": { "uv": [ 0, 16, 16, 0 ], "texture": "#gray_concrete" },
				"up": { "uv": [ 0, 0, 16, 16 ], "texture": "#gray_concrete" },
				"north": { "uv": [ 16, 0, 0, 1 ], "texture": "#gray_concrete" },
				"south": { "uv": [ 0, 15, 16, 16 ], "texture": "#gray_concrete" },
				"west": { "uv": [ 0, 0, 1, 16 ], "texture": "#gray_concrete", "rotation": 270 },
				"east": { "uv": [ 16, 16, 15, 0 ], "texture": "#gray_concrete", "rotation": 270 }
			}
		},
		{
			"__comment": "Box11",
			"from": [ 9.75, 0.5, 7 ],
			"to": [ 10.75, 1, 8 ],
			"faces": {
				"down": { "uv": [ 0, 16, 16, 0 ], "texture": "#gray_concrete" },
				"up": { "uv": [ 0, 0, 16, 16 ], "texture": "#gray_concrete" },
				"north": { "uv": [ 16, 0, 0, 1 ], "texture": "#gray_concrete" },
				"south": { "uv": [ 0, 15, 16, 16 ], "texture": "#gray_concrete" },
				"west": { "uv": [ 0, 0, 1, 16 ], "texture": "#gray_concrete", "rotation": 270 },
				"east": { "uv": [ 16, 16, 15, 0 ], "texture": "#gray_concrete", "rotation": 270 }
			}
		},
		{
			"__comment": "Box11",
			"from": [ 10.875, 0.5, 7 ],
			"to": [ 11.875, 1, 8 ],
			"faces": {
				"down": { "uv": [ 0, 16, 16, 0 ], "texture": "#gray_concrete" },
				"up": { "uv": [ 0, 0, 16, 16 ], "texture": "#gray_concrete" },
				"north": { "uv": [ 16, 0, 0, 1 ], "texture": "#gray_concrete" },
				"south": { "uv": [ 0, 15, 16, 16 ], "texture": "#gray_concrete" },
				"west": { "uv": [ 0, 0, 1, 16 ], "texture": "#gray_concrete", "rotation": 270 },
				"east": { "uv": [ 16, 16, 15, 0 ], "texture": "#gray_concrete", "rotation": 270 }
			}
		},
		{
			"__comment": "Box11",
			"from": [ 12, 0.5, 7 ],
			"to": [ 13, 1, 8 ],
			"faces": {
				"down": { "uv": [ 0, 16, 16, 0 ], "texture": "#gray_concrete" },
				"up": { "uv": [ 0, 0, 16, 16 ], "texture": "#gray_concrete" },
				"north": { "uv": [ 16, 0, 0, 1 ], "texture": "#gray_concrete" },
				"south": { "uv": [ 0, 15, 16, 16 ], "texture": "#gray_concrete" },
				"west": { "uv": [ 0, 0, 1, 16 ], "texture": "#gray_concrete", "rotation": 270 },
				"east": { "uv": [ 16, 16, 15, 0 ], "texture": "#gray_concrete", "rotation": 270 }
			}
		},
		{
			"__comment": "Box11",
			"from": [ 13.125, 0.5, 7 ],
			"to": [ 14.125, 1, 8 ],
			"faces": {
				"down": { "uv": [ 0, 16, 16, 0 ], "texture": "#gray_concrete" },
				"up": { "uv": [ 0, 0, 16, 16 ], "texture": "#gray_concrete" },
				"north": { "uv": [ 16, 0, 0, 1 ], "texture": "#gray_concrete" },
				"south": { "uv": [ 0, 15, 16, 16 ], "texture": "#gray_concrete" },
				"west": { "uv": [ 0, 0, 1, 16 ], "texture": "#gray_concrete", "rotation": 270 },
				"east": { "uv": [ 16, 16, 15, 0 ], "texture": "#gray_concrete", "rotation": 270 }
			}
		},
		{
			"__comment": "Box11",
			"from": [ 14.25, 0.5, 7 ],
			"to": [ 15.25, 1, 8 ],
			"faces": {
				"down": { "uv": [ 0, 16, 16, 0 ], "texture": "#gray_concrete" },
				"up": { "uv": [ 0, 0, 16, 16 ], "texture": "#gray_concrete" },
				"north": { "uv": [ 16, 0, 0, 1 ], "texture": "#gray_concrete" },
				"south": { "uv": [ 0, 15, 16, 16 ], "texture": "#gray_concrete" },
				"west": { "uv": [ 0, 0, 1, 16 ], "texture": "#gray_concrete", "rotation": 270 },
				"east": { "uv": [ 16, 16, 15, 0 ], "texture": "#gray_concrete", "rotation": 270 }
			}
		},
		{
			"__comment": "Box11",
			"from": [ 12, 0.5, 9.5 ],
			"to": [ 13, 1, 10.5 ],
			"faces": {
				"down": { "uv": [ 0, 16, 16, 0 ], "texture": "#gray_concrete" },
				"up": { "uv": [ 0, 0, 16, 16 ], "texture": "#gray_concrete" },
				"north": { "uv": [ 16, 0, 0, 1 ], "texture": "#gray_concrete" },
				"south": { "uv": [ 0, 15, 16, 16 ], "texture": "#gray_concrete" },
				"west": { "uv": [ 0, 0, 1, 16 ], "texture": "#gray_concrete", "rotation": 270 },
				"east": { "uv": [ 16, 16, 15, 0 ], "texture": "#gray_concrete", "rotation": 270 }
			}
		},
		{
			"__comment": "Box11",
			"from": [ 13.125, 0.5, 9.5 ],
			"to": [ 14.125, 1, 10.5 ],
			"faces": {
				"down": { "uv": [ 0, 16, 16, 0 ], "texture": "#gray_concrete" },
				"up": { "uv": [ 0, 0, 16, 16 ], "texture": "#gray_concrete" },
				"north": { "uv": [ 16, 0, 0, 1 ], "texture": "#gray_concrete" },
				"south": { "uv": [ 0, 15, 16, 16 ], "texture": "#gray_concrete" },
				"west": { "uv": [ 0, 0, 1, 16 ], "texture": "#gray_concrete", "rotation": 270 },
				"east": { "uv": [ 16, 16, 15, 0 ], "texture": "#gray_concrete", "rotation": 270 }
			}
		},
		{
			"__comment": "Box11",
			"from": [ 14.25, 0.5, 9.5 ],
			"to": [ 15.25, 1, 10.5 ],
			"faces": {
				"down": { "uv": [ 0, 16, 16, 0 ], "texture": "#gray_concrete" },
				"up": { "uv": [ 0, 0, 16, 16 ], "texture": "#gray_concrete" },
				"north": { "uv": [ 16, 0, 0, 1 ], "texture": "#gray_concrete" },
				"south": { "uv": [ 0, 15, 16, 16 ], "texture": "#gray_concrete" },
				"west": { "uv": [ 0, 0, 1, 16 ], "texture": "#gray_concrete", "rotation": 270 },
				"east": { "uv": [ 16, 16, 15, 0 ], "texture": "#gray_concrete", "rotation": 270 }
			}
		},
		{
			"__comment": "Box11",
			"from": [ 10.875, 0.5, 9.5 ],
			"to": [ 11.875, 1, 10.5 ],
			"faces": {
				"down": { "uv": [ 0, 16, 16, 0 ], "texture": "#gray_concrete" },
				"up": { "uv": [ 0, 0, 16, 16 ], "texture": "#gray_concrete" },
				"north": { "uv": [ 16, 0, 0, 1 ], "texture": "#gray_concrete" },
				"south": { "uv": [ 0, 15, 16, 16 ], "texture": "#gray_concrete" },
				"west": { "uv": [ 0, 0, 1, 16 ], "texture": "#gray_concrete", "rotation": 270 },
				"east": { "uv": [ 16, 16, 15, 0 ], "texture": "#gray_concrete", "rotation": 270 }
			}
		},
		{
			"__comment": "Box11",
			"from": [ 9.75, 0.5, 9.5 ],
			"to": [ 10.75, 1, 10.5 ],
			"faces": {
				"down": { "uv": [ 0, 16, 16, 0 ], "texture": "#gray_concrete" },
				"up": { "uv": [ 0, 0, 16, 16 ], "texture": "#gray_concrete" },
				"north": { "uv": [ 16, 0, 0, 1 ], "texture": "#gray_concrete" },
				"south": { "uv": [ 0, 15, 16, 16 ], "texture": "#gray_concrete" },
				"west": { "uv": [ 0, 0, 1, 16 ], "texture": "#gray_concrete", "rotation": 270 },
				"east": { "uv": [ 16, 16, 15, 0 ], "texture": "#gray_concrete", "rotation": 270 }
			}
		},
		{
			"__comment": "Box11",
			"from": [ 8.625, 0.5, 9.5 ],
			"to": [ 9.625, 1, 10.5 ],
			"faces": {
				"down": { "uv": [ 0, 16, 16, 0 ], "texture": "#gray_concrete" },
				"up": { "uv": [ 0, 0, 16, 16 ], "texture": "#gray_concrete" },
				"north": { "uv": [ 16, 0, 0, 1 ], "texture": "#gray_concrete" },
				"south": { "uv": [ 0, 15, 16, 16 ], "texture": "#gray_concrete" },
				"west": { "uv": [ 0, 0, 1, 16 ], "texture": "#gray_concrete", "rotation": 270 },
				"east": { "uv": [ 16, 16, 15, 0 ], "texture": "#gray_concrete", "rotation": 270 }
			}
		},
		{
			"__comment": "Box11",
			"from": [ 7.5, 0.5, 9.5 ],
			"to": [ 8.5, 1, 10.5 ],
			"faces": {
				"down": { "uv": [ 0, 16, 16, 0 ], "texture": "#gray_concrete" },
				"up": { "uv": [ 0, 0, 16, 16 ], "texture": "#gray_concrete" },
				"north": { "uv": [ 16, 0, 0, 1 ], "texture": "#gray_concrete" },
				"south": { "uv": [ 0, 15, 16, 16 ], "texture": "#gray_concrete" },
				"west": { "uv": [ 0, 0, 1, 16 ], "texture": "#gray_concrete", "rotation": 270 },
				"east": { "uv": [ 16, 16, 15, 0 ], "texture": "#gray_concrete", "rotation": 270 }
			}
		},
		{
			"__comment": "Box11",
			"from": [ 6.375, 0.5, 9.5 ],
			"to": [ 7.375, 1, 10.5 ],
			"faces": {
				"down": { "uv": [ 0, 16, 16, 0 ], "texture": "#gray_concrete" },
				"up": { "uv": [ 0, 0, 16, 16 ], "texture": "#gray_concrete" },
				"north": { "uv": [ 16, 0, 0, 1 ], "texture": "#gray_concrete" },
				"south": { "uv": [ 0, 15, 16, 16 ], "texture": "#gray_concrete" },
				"west": { "uv": [ 0, 0, 1, 16 ], "texture": "#gray_concrete", "rotation": 270 },
				"east": { "uv": [ 16, 16, 15, 0 ], "texture": "#gray_concrete", "rotation": 270 }
			}
		},
		{
			"__comment": "Box11",
			"from": [ 6.375, 0.5, 8.25 ],
			"to": [ 7.375, 1, 9.25 ],
			"faces": {
				"down": { "uv": [ 0, 16, 16, 0 ], "texture": "#gray_concrete" },
				"up": { "uv": [ 0, 0, 16, 16 ], "texture": "#gray_concrete" },
				"north": { "uv": [ 16, 0, 0, 1 ], "texture": "#gray_concrete" },
				"south": { "uv": [ 0, 15, 16, 16 ], "texture": "#gray_concrete" },
				"west": { "uv": [ 0, 0, 1, 16 ], "texture": "#gray_concrete", "rotation": 270 },
				"east": { "uv": [ 16, 16, 15, 0 ], "texture": "#gray_concrete", "rotation": 270 }
			}
		},
		{
			"__comment": "Box11",
			"from": [ 7.5, 0.5, 8.25 ],
			"to": [ 8.5, 1, 9.25 ],
			"faces": {
				"down": { "uv": [ 0, 16, 16, 0 ], "texture": "#gray_concrete" },
				"up": { "uv": [ 0, 0, 16, 16 ], "texture": "#gray_concrete" },
				"north": { "uv": [ 16, 0, 0, 1 ], "texture": "#gray_concrete" },
				"south": { "uv": [ 0, 15, 16, 16 ], "texture": "#gray_concrete" },
				"west": { "uv": [ 0, 0, 1, 16 ], "texture": "#gray_concrete", "rotation": 270 },
				"east": { "uv": [ 16, 16, 15, 0 ], "texture": "#gray_concrete", "rotation": 270 }
			}
		},
		{
			"__comment": "Box11",
			"from": [ 8.625, 0.5, 8.25 ],
			"to": [ 9.625, 1, 9.25 ],
			"faces": {
				"down": { "uv": [ 0, 16, 16, 0 ], "texture": "#gray_concrete" },
				"up": { "uv": [ 0, 0, 16, 16 ], "texture": "#gray_concrete" },
				"north": { "uv": [ 16, 0, 0, 1 ], "texture": "#gray_concrete" },
				"south": { "uv": [ 0, 15, 16, 16 ], "texture": "#gray_concrete" },
				"west": { "uv": [ 0, 0, 1, 16 ], "texture": "#gray_concrete", "rotation": 270 },
				"east": { "uv": [ 16, 16, 15, 0 ], "texture": "#gray_concrete", "rotation": 270 }
			}
		},
		{
			"__comment": "Box11",
			"from": [ 9.75, 0.5, 8.25 ],
			"to": [ 10.75, 1, 9.25 ],
			"faces": {
				"down": { "uv": [ 0, 16, 16, 0 ], "texture": "#gray_concrete" },
				"up": { "uv": [ 0, 0, 16, 16 ], "texture": "#gray_concrete" },
				"north": { "uv": [ 16, 0, 0, 1 ], "texture": "#gray_concrete" },
				"south": { "uv": [ 0, 15, 16, 16 ], "texture": "#gray_concrete" },
				"west": { "uv": [ 0, 0, 1, 16 ], "texture": "#gray_concrete", "rotation": 270 },
				"east": { "uv": [ 16, 16, 15, 0 ], "texture": "#gray_concrete", "rotation": 270 }
			}
		},
		{
			"__comment": "Box11",
			"from": [ 10.875, 0.5, 8.25 ],
			"to": [ 11.875, 1, 9.25 ],
			"faces": {
				"down": { "uv": [ 0, 16, 16, 0 ], "texture": "#gray_concrete" },
				"up": { "uv": [ 0, 0, 16, 16 ], "texture": "#gray_concrete" },
				"north": { "uv": [ 16, 0, 0, 1 ], "texture": "#gray_concrete" },
				"south": { "uv": [ 0, 15, 16, 16 ], "texture": "#gray_concrete" },
				"west": { "uv": [ 0, 0, 1, 16 ], "texture": "#gray_concrete", "rotation": 270 },
				"east": { "uv": [ 16, 16, 15, 0 ], "texture": "#gray_concrete", "rotation": 270 }
			}
		},
		{
			"__comment": "Box11",
			"from": [ 12, 0.5, 8.25 ],
			"to": [ 13, 1, 9.25 ],
			"faces": {
				"down": { "uv": [ 0, 16, 16, 0 ], "texture": "#gray_concrete" },
				"up": { "uv": [ 0, 0, 16, 16 ], "texture": "#gray_concrete" },
				"north": { "uv": [ 16, 0, 0, 1 ], "texture": "#gray_concrete" },
				"south": { "uv": [ 0, 15, 16, 16 ], "texture": "#gray_concrete" },
				"west": { "uv": [ 0, 0, 1, 16 ], "texture": "#gray_concrete", "rotation": 270 },
				"east": { "uv": [ 16, 16, 15, 0 ], "texture": "#gray_concrete", "rotation": 270 }
			}
		},
		{
			"__comment": "Box11",
			"from": [ 13.125, 0.5, 8.25 ],
			"to": [ 14.125, 1, 9.25 ],
			"faces": {
				"down": { "uv": [ 0, 16, 16, 0 ], "texture": "#gray_concrete" },
				"up": { "uv": [ 0, 0, 16, 16 ], "texture": "#gray_concrete" },
				"north": { "uv": [ 16, 0, 0, 1 ], "texture": "#gray_concrete" },
				"south": { "uv": [ 0, 15, 16, 16 ], "texture": "#gray_concrete" },
				"west": { "uv": [ 0, 0, 1, 16 ], "texture": "#gray_concrete", "rotation": 270 },
				"east": { "uv": [ 16, 16, 15, 0 ], "texture": "#gray_concrete", "rotation": 270 }
			}
		},
		{
			"__comment": "Box11",
			"from": [ 14.25, 0.5, 8.25 ],
			"to": [ 15.25, 1, 9.25 ],
			"faces": {
				"down": { "uv": [ 0, 16, 16, 0 ], "texture": "#gray_concrete" },
				"up": { "uv": [ 0, 0, 16, 16 ], "texture": "#gray_concrete" },
				"north": { "uv": [ 16, 0, 0, 1 ], "texture": "#gray_concrete" },
				"south": { "uv": [ 0, 15, 16, 16 ], "texture": "#gray_concrete" },
				"west": { "uv": [ 0, 0, 1, 16 ], "texture": "#gray_concrete", "rotation": 270 },
				"east": { "uv": [ 16, 16, 15, 0 ], "texture": "#gray_concrete", "rotation": 270 }
			}
		},
		{
			"__comment": "Box11",
			"from": [ 5.25, 0.5, 8.25 ],
			"to": [ 6.25, 1, 9.25 ],
			"faces": {
				"down": { "uv": [ 0, 16, 16, 0 ], "texture": "#gray_concrete" },
				"up": { "uv": [ 0, 0, 16, 16 ], "texture": "#gray_concrete" },
				"north": { "uv": [ 16, 0, 0, 1 ], "texture": "#gray_concrete" },
				"south": { "uv": [ 0, 15, 16, 16 ], "texture": "#gray_concrete" },
				"west": { "uv": [ 0, 0, 1, 16 ], "texture": "#gray_concrete", "rotation": 270 },
				"east": { "uv": [ 16, 16, 15, 0 ], "texture": "#gray_concrete", "rotation": 270 }
			}
		},
		{
			"__comment": "Box11",
			"from": [ 5.25, 0.5, 9.5 ],
			"to": [ 6.25, 1, 10.5 ],
			"faces": {
				"down": { "uv": [ 0, 16, 16, 0 ], "texture": "#gray_concrete" },
				"up": { "uv": [ 0, 0, 16, 16 ], "texture": "#gray_concrete" },
				"north": { "uv": [ 16, 0, 0, 1 ], "texture": "#gray_concrete" },
				"south": { "uv": [ 0, 15, 16, 16 ], "texture": "#gray_concrete" },
				"west": { "uv": [ 0, 0, 1, 16 ], "texture": "#gray_concrete", "rotation": 270 },
				"east": { "uv": [ 16, 16, 15, 0 ], "texture": "#gray_concrete", "rotation": 270 }
			}
		},
		{
			"__comment": "Box11",
			"from": [ 4.125, 0.5, 8.25 ],
			"to": [ 5.125, 1, 9.25 ],
			"faces": {
				"down": { "uv": [ 0, 16, 16, 0 ], "texture": "#gray_concrete" },
				"up": { "uv": [ 0, 0, 16, 16 ], "texture": "#gray_concrete" },
				"north": { "uv": [ 16, 0, 0, 1 ], "texture": "#gray_concrete" },
				"south": { "uv": [ 0, 15, 16, 16 ], "texture": "#gray_concrete" },
				"west": { "uv": [ 0, 0, 1, 16 ], "texture": "#gray_concrete", "rotation": 270 },
				"east": { "uv": [ 16, 16, 15, 0 ], "texture": "#gray_concrete", "rotation": 270 }
			}
		},
		{
			"__comment": "Box11",
			"from": [ 4.125, 0.5, 9.5 ],
			"to": [ 5.125, 1, 10.5 ],
			"faces": {
				"down": { "uv": [ 0, 16, 16, 0 ], "texture": "#gray_concrete" },
				"up": { "uv": [ 0, 0, 16, 16 ], "texture": "#gray_concrete" },
				"north": { "uv": [ 16, 0, 0, 1 ], "texture": "#gray_concrete" },
				"south": { "uv": [ 0, 15, 16, 16 ], "texture": "#gray_concrete" },
				"west": { "uv": [ 0, 0, 1, 16 ], "texture": "#gray_concrete", "rotation": 270 },
				"east": { "uv": [ 16, 16, 15, 0 ], "texture": "#gray_concrete", "rotation": 270 }
			}
		},
		{
			"__comment": "Box11",
			"from": [ 3, 0.5, 8.25 ],
			"to": [ 4, 1, 9.25 ],
			"faces": {
				"down": { "uv": [ 0, 16, 16, 0 ], "texture": "#gray_concrete" },
				"up": { "uv": [ 0, 0, 16, 16 ], "texture": "#gray_concrete" },
				"north": { "uv": [ 16, 0, 0, 1 ], "texture": "#gray_concrete" },
				"south": { "uv": [ 0, 15, 16, 16 ], "texture": "#gray_concrete" },
				"west": { "uv": [ 0, 0, 1, 16 ], "texture": "#gray_concrete", "rotation": 270 },
				"east": { "uv": [ 16, 16, 15, 0 ], "texture": "#gray_concrete", "rotation": 270 }
			}
		},
		{
			"__comment": "Box11",
			"from": [ 3, 0.5, 9.5 ],
			"to": [ 4, 1, 10.5 ],
			"faces": {
				"down": { "uv": [ 0, 16, 16, 0 ], "texture": "#gray_concrete" },
				"up": { "uv": [ 0, 0, 16, 16 ], "texture": "#gray_concrete" },
				"north": { "uv": [ 16, 0, 0, 1 ], "texture": "#gray_concrete" },
				"south": { "uv": [ 0, 15, 16, 16 ], "texture": "#gray_concrete" },
				"west": { "uv": [ 0, 0, 1, 16 ], "texture": "#gray_concrete", "rotation": 270 },
				"east": { "uv": [ 16, 16, 15, 0 ], "texture": "#gray_concrete", "rotation": 270 }
			}
		},
		{
			"__comment": "Box11",
			"from": [ 1.875, 0.5, 8.25 ],
			"to": [ 2.875, 1, 9.25 ],
			"faces": {
				"down": { "uv": [ 0, 16, 16, 0 ], "texture": "#gray_concrete" },
				"up": { "uv": [ 0, 0, 16, 16 ], "texture": "#gray_concrete" },
				"north": { "uv": [ 16, 0, 0, 1 ], "texture": "#gray_concrete" },
				"south": { "uv": [ 0, 15, 16, 16 ], "texture": "#gray_concrete" },
				"west": { "uv": [ 0, 0, 1, 16 ], "texture": "#gray_concrete", "rotation": 270 },
				"east": { "uv": [ 16, 16, 15, 0 ], "texture": "#gray_concrete", "rotation": 270 }
			}
		},
		{
			"__comment": "Box11",
			"from": [ 1.875, 0.5, 9.5 ],
			"to": [ 2.875, 1, 10.5 ],
			"faces": {
				"down": { "uv": [ 0, 16, 16, 0 ], "texture": "#gray_concrete" },
				"up": { "uv": [ 0, 0, 16, 16 ], "texture": "#gray_concrete" },
				"north": { "uv": [ 16, 0, 0, 1 ], "texture": "#gray_concrete" },
				"south": { "uv": [ 0, 15, 16, 16 ], "texture": "#gray_concrete" },
				"west": { "uv": [ 0, 0, 1, 16 ], "texture": "#gray_concrete", "rotation": 270 },
				"east": { "uv": [ 16, 16, 15, 0 ], "texture": "#gray_concrete", "rotation": 270 }
			}
		},
		{
			"__comment": "Box11",
			"from": [ 0.75, 0.5, 8.25 ],
			"to": [ 1.75, 1, 9.25 ],
			"faces": {
				"down": { "uv": [ 0, 16, 16, 0 ], "texture": "#gray_concrete" },
				"up": { "uv": [ 0, 0, 16, 16 ], "texture": "#gray_concrete" },
				"north": { "uv": [ 16, 0, 0, 1 ], "texture": "#gray_concrete" },
				"south": { "uv": [ 0, 15, 16, 16 ], "texture": "#gray_concrete" },
				"west": { "uv": [ 0, 0, 1, 16 ], "texture": "#gray_concrete", "rotation": 270 },
				"east": { "uv": [ 16, 16, 15, 0 ], "texture": "#gray_concrete", "rotation": 270 }
			}
		},
		{
			"__comment": "Box11",
			"from": [ 0.75, 0.5, 9.5 ],
			"to": [ 1.75, 1, 10.5 ],
			"faces": {
				"down": { "uv": [ 0, 16, 16, 0 ], "texture": "#gray_concrete" },
				"up": { "uv": [ 0, 0, 16, 16 ], "texture": "#gray_concrete" },
				"north": { "uv": [ 16, 0, 0, 1 ], "texture": "#gray_concrete" },
				"south": { "uv": [ 0, 15, 16, 16 ], "texture": "#gray_concrete" },
				"west": { "uv": [ 0, 0, 1, 16 ], "texture": "#gray_concrete", "rotation": 270 },
				"east": { "uv": [ 16, 16, 15, 0 ], "texture": "#gray_concrete", "rotation": 270 }
			}
		},
		{
			"__comment": "Box11",
			"from": [ 12, 0.5, 12 ],
			"to": [ 13, 1, 13 ],
			"faces": {
				"down": { "uv": [ 0, 16, 16, 0 ], "texture": "#gray_concrete" },
				"up": { "uv": [ 0, 0, 16, 16 ], "texture": "#gray_concrete" },
				"north": { "uv": [ 16, 0, 0, 1 ], "texture": "#gray_concrete" },
				"south": { "uv": [ 0, 15, 16, 16 ], "texture": "#gray_concrete" },
				"west": { "uv": [ 0, 0, 1, 16 ], "texture": "#gray_concrete", "rotation": 270 },
				"east": { "uv": [ 16, 16, 15, 0 ], "texture": "#gray_concrete", "rotation": 270 }
			}
		},
		{
			"__comment": "Box11",
			"from": [ 13.125, 0.5, 12 ],
			"to": [ 14.125, 1, 13 ],
			"faces": {
				"down": { "uv": [ 0, 16, 16, 0 ], "texture": "#gray_concrete" },
				"up": { "uv": [ 0, 0, 16, 16 ], "texture": "#gray_concrete" },
				"north": { "uv": [ 16, 0, 0, 1 ], "texture": "#gray_concrete" },
				"south": { "uv": [ 0, 15, 16, 16 ], "texture": "#gray_concrete" },
				"west": { "uv": [ 0, 0, 1, 16 ], "texture": "#gray_concrete", "rotation": 270 },
				"east": { "uv": [ 16, 16, 15, 0 ], "texture": "#gray_concrete", "rotation": 270 }
			}
		},
		{
			"__comment": "Box11",
			"from": [ 10.875, 0.5, 12 ],
			"to": [ 11.875, 1, 13 ],
			"faces": {
				"down": { "uv": [ 0, 16, 16, 0 ], "texture": "#gray_concrete" },
				"up": { "uv": [ 0, 0, 16, 16 ], "texture": "#gray_concrete" },
				"north": { "uv": [ 16, 0, 0, 1 ], "texture": "#gray_concrete" },
				"south": { "uv": [ 0, 15, 16, 16 ], "texture": "#gray_concrete" },
				"west": { "uv": [ 0, 0, 1, 16 ], "texture": "#gray_concrete", "rotation": 270 },
				"east": { "uv": [ 16, 16, 15, 0 ], "texture": "#gray_concrete", "rotation": 270 }
			}
		},
		{
			"__comment": "Box11",
			"from": [ 9.75, 0.5, 12 ],
			"to": [ 10.75, 1, 13 ],
			"faces": {
				"down": { "uv": [ 0, 16, 16, 0 ], "texture": "#gray_concrete" },
				"up": { "uv": [ 0, 0, 16, 16 ], "texture": "#gray_concrete" },
				"north": { "uv": [ 16, 0, 0, 1 ], "texture": "#gray_concrete" },
				"south": { "uv": [ 0, 15, 16, 16 ], "texture": "#gray_concrete" },
				"west": { "uv": [ 0, 0, 1, 16 ], "texture": "#gray_concrete", "rotation": 270 },
				"east": { "uv": [ 16, 16, 15, 0 ], "texture": "#gray_concrete", "rotation": 270 }
			}
		},
		{
			"__comment": "Box11",
			"from": [ 5.5, 0.5, 12 ],
			"to": [ 9.5, 1, 13 ],
			"faces": {
				"down": { "uv": [ 0, 16, 16, 0 ], "texture": "#gray_concrete" },
				"up": { "uv": [ 0, 0, 16, 16 ], "texture": "#gray_concrete" },
				"north": { "uv": [ 16, 0, 0, 1 ], "texture": "#gray_concrete" },
				"south": { "uv": [ 0, 15, 16, 16 ], "texture": "#gray_concrete" },
				"west": { "uv": [ 0, 0, 1, 16 ], "texture": "#gray_concrete", "rotation": 270 },
				"east": { "uv": [ 16, 16, 15, 0 ], "texture": "#gray_concrete", "rotation": 270 }
			}
		},
		{
			"__comment": "Box11",
			"from": [ 6.375, 0.5, 10.75 ],
			"to": [ 7.375, 1, 11.75 ],
			"faces": {
				"down": { "uv": [ 0, 16, 16, 0 ], "texture": "#gray_concrete" },
				"up": { "uv": [ 0, 0, 16, 16 ], "texture": "#gray_concrete" },
				"north": { "uv": [ 16, 0, 0, 1 ], "texture": "#gray_concrete" },
				"south": { "uv": [ 0, 15, 16, 16 ], "texture": "#gray_concrete" },
				"west": { "uv": [ 0, 0, 1, 16 ], "texture": "#gray_concrete", "rotation": 270 },
				"east": { "uv": [ 16, 16, 15, 0 ], "texture": "#gray_concrete", "rotation": 270 }
			}
		},
		{
			"__comment": "Box11",
			"from": [ 7.5, 0.5, 10.75 ],
			"to": [ 8.5, 1, 11.75 ],
			"faces": {
				"down": { "uv": [ 0, 16, 16, 0 ], "texture": "#gray_concrete" },
				"up": { "uv": [ 0, 0, 16, 16 ], "texture": "#gray_concrete" },
				"north": { "uv": [ 16, 0, 0, 1 ], "texture": "#gray_concrete" },
				"south": { "uv": [ 0, 15, 16, 16 ], "texture": "#gray_concrete" },
				"west": { "uv": [ 0, 0, 1, 16 ], "texture": "#gray_concrete", "rotation": 270 },
				"east": { "uv": [ 16, 16, 15, 0 ], "texture": "#gray_concrete", "rotation": 270 }
			}
		},
		{
			"__comment": "Box11",
			"from": [ 8.625, 0.5, 10.75 ],
			"to": [ 9.625, 1, 11.75 ],
			"faces": {
				"down": { "uv": [ 0, 16, 16, 0 ], "texture": "#gray_concrete" },
				"up": { "uv": [ 0, 0, 16, 16 ], "texture": "#gray_concrete" },
				"north": { "uv": [ 16, 0, 0, 1 ], "texture": "#gray_concrete" },
				"south": { "uv": [ 0, 15, 16, 16 ], "texture": "#gray_concrete" },
				"west": { "uv": [ 0, 0, 1, 16 ], "texture": "#gray_concrete", "rotation": 270 },
				"east": { "uv": [ 16, 16, 15, 0 ], "texture": "#gray_concrete", "rotation": 270 }
			}
		},
		{
			"__comment": "Box11",
			"from": [ 9.75, 0.5, 10.75 ],
			"to": [ 10.75, 1, 11.75 ],
			"faces": {
				"down": { "uv": [ 0, 16, 16, 0 ], "texture": "#gray_concrete" },
				"up": { "uv": [ 0, 0, 16, 16 ], "texture": "#gray_concrete" },
				"north": { "uv": [ 16, 0, 0, 1 ], "texture": "#gray_concrete" },
				"south": { "uv": [ 0, 15, 16, 16 ], "texture": "#gray_concrete" },
				"west": { "uv": [ 0, 0, 1, 16 ], "texture": "#gray_concrete", "rotation": 270 },
				"east": { "uv": [ 16, 16, 15, 0 ], "texture": "#gray_concrete", "rotation": 270 }
			}
		},
		{
			"__comment": "Box11",
			"from": [ 11, 0.5, 10.75 ],
			"to": [ 13, 1, 11.75 ],
			"faces": {
				"down": { "uv": [ 0, 16, 16, 0 ], "texture": "#gray_concrete" },
				"up": { "uv": [ 0, 0, 16, 16 ], "texture": "#gray_concrete" },
				"north": { "uv": [ 16, 0, 0, 1 ], "texture": "#gray_concrete" },
				"south": { "uv": [ 0, 15, 16, 16 ], "texture": "#gray_concrete" },
				"west": { "uv": [ 0, 0, 1, 16 ], "texture": "#gray_concrete", "rotation": 270 },
				"east": { "uv": [ 16, 16, 15, 0 ], "texture": "#gray_concrete", "rotation": 270 }
			}
		},
		{
			"__comment": "Box11",
			"from": [ 13.125, 0.5, 10.75 ],
			"to": [ 14.125, 1, 11.75 ],
			"faces": {
				"down": { "uv": [ 0, 16, 16, 0 ], "texture": "#gray_concrete" },
				"up": { "uv": [ 0, 0, 16, 16 ], "texture": "#gray_concrete" },
				"north": { "uv": [ 16, 0, 0, 1 ], "texture": "#gray_concrete" },
				"south": { "uv": [ 0, 15, 16, 16 ], "texture": "#gray_concrete" },
				"west": { "uv": [ 0, 0, 1, 16 ], "texture": "#gray_concrete", "rotation": 270 },
				"east": { "uv": [ 16, 16, 15, 0 ], "texture": "#gray_concrete", "rotation": 270 }
			}
		},
		{
			"__comment": "Box11",
			"from": [ 14.25, 0.5, 10.875 ],
			"to": [ 15.25, 1, 12.875 ],
			"faces": {
				"down": { "uv": [ 0, 16, 16, 0 ], "texture": "#gray_concrete" },
				"up": { "uv": [ 0, 0, 16, 16 ], "texture": "#gray_concrete" },
				"north": { "uv": [ 16, 0, 0, 1 ], "texture": "#gray_concrete" },
				"south": { "uv": [ 0, 15, 16, 16 ], "texture": "#gray_concrete" },
				"west": { "uv": [ 0, 0, 1, 16 ], "texture": "#gray_concrete", "rotation": 270 },
				"east": { "uv": [ 16, 16, 15, 0 ], "texture": "#gray_concrete", "rotation": 270 }
			}
		},
		{
			"__comment": "Box11",
			"from": [ 5.25, 0.5, 10.75 ],
			"to": [ 6.25, 1, 11.75 ],
			"faces": {
				"down": { "uv": [ 0, 16, 16, 0 ], "texture": "#gray_concrete" },
				"up": { "uv": [ 0, 0, 16, 16 ], "texture": "#gray_concrete" },
				"north": { "uv": [ 16, 0, 0, 1 ], "texture": "#gray_concrete" },
				"south": { "uv": [ 0, 15, 16, 16 ], "texture": "#gray_concrete" },
				"west": { "uv": [ 0, 0, 1, 16 ], "texture": "#gray_concrete", "rotation": 270 },
				"east": { "uv": [ 16, 16, 15, 0 ], "texture": "#gray_concrete", "rotation": 270 }
			}
		},
		{
			"__comment": "Box11",
			"from": [ 4.125, 0.5, 10.75 ],
			"to": [ 5.125, 1, 11.75 ],
			"faces": {
				"down": { "uv": [ 0, 16, 16, 0 ], "texture": "#gray_concrete" },
				"up": { "uv": [ 0, 0, 16, 16 ], "texture": "#gray_concrete" },
				"north": { "uv": [ 16, 0, 0, 1 ], "texture": "#gray_concrete" },
				"south": { "uv": [ 0, 15, 16, 16 ], "texture": "#gray_concrete" },
				"west": { "uv": [ 0, 0, 1, 16 ], "texture": "#gray_concrete", "rotation": 270 },
				"east": { "uv": [ 16, 16, 15, 0 ], "texture": "#gray_concrete", "rotation": 270 }
			}
		},
		{
			"__comment": "Box11",
			"from": [ 4.125, 0.5, 12 ],
			"to": [ 5.125, 1, 13 ],
			"faces": {
				"down": { "uv": [ 0, 16, 16, 0 ], "texture": "#gray_concrete" },
				"up": { "uv": [ 0, 0, 16, 16 ], "texture": "#gray_concrete" },
				"north": { "uv": [ 16, 0, 0, 1 ], "texture": "#gray_concrete" },
				"south": { "uv": [ 0, 15, 16, 16 ], "texture": "#gray_concrete" },
				"west": { "uv": [ 0, 0, 1, 16 ], "texture": "#gray_concrete", "rotation": 270 },
				"east": { "uv": [ 16, 16, 15, 0 ], "texture": "#gray_concrete", "rotation": 270 }
			}
		},
		{
			"__comment": "Box11",
			"from": [ 3, 0.5, 10.75 ],
			"to": [ 4, 1, 11.75 ],
			"faces": {
				"down": { "uv": [ 0, 16, 16, 0 ], "texture": "#gray_concrete" },
				"up": { "uv": [ 0, 0, 16, 16 ], "texture": "#gray_concrete" },
				"north": { "uv": [ 16, 0, 0, 1 ], "texture": "#gray_concrete" },
				"south": { "uv": [ 0, 15, 16, 16 ], "texture": "#gray_concrete" },
				"west": { "uv": [ 0, 0, 1, 16 ], "texture": "#gray_concrete", "rotation": 270 },
				"east": { "uv": [ 16, 16, 15, 0 ], "texture": "#gray_concrete", "rotation": 270 }
			}
		},
		{
			"__comment": "Box11",
			"from": [ 3, 0.5, 12 ],
			"to": [ 4, 1, 13 ],
			"faces": {
				"down": { "uv": [ 0, 16, 16, 0 ], "texture": "#gray_concrete" },
				"up": { "uv": [ 0, 0, 16, 16 ], "texture": "#gray_concrete" },
				"north": { "uv": [ 16, 0, 0, 1 ], "texture": "#gray_concrete" },
				"south": { "uv": [ 0, 15, 16, 16 ], "texture": "#gray_concrete" },
				"west": { "uv": [ 0, 0, 1, 16 ], "texture": "#gray_concrete", "rotation": 270 },
				"east": { "uv": [ 16, 16, 15, 0 ], "texture": "#gray_concrete", "rotation": 270 }
			}
		},
		{
			"__comment": "Box11",
			"from": [ 1.875, 0.5, 12 ],
			"to": [ 2.875, 1, 13 ],
			"faces": {
				"down": { "uv": [ 0, 16, 16, 0 ], "texture": "#gray_concrete" },
				"up": { "uv": [ 0, 0, 16, 16 ], "texture": "#gray_concrete" },
				"north": { "uv": [ 16, 0, 0, 1 ], "texture": "#gray_concrete" },
				"south": { "uv": [ 0, 15, 16, 16 ], "texture": "#gray_concrete" },
				"west": { "uv": [ 0, 0, 1, 16 ], "texture": "#gray_concrete", "rotation": 270 },
				"east": { "uv": [ 16, 16, 15, 0 ], "texture": "#gray_concrete", "rotation": 270 }
			}
		},
		{
			"__comment": "Box11",
			"from": [ 0.75, 0.5, 10.75 ],
			"to": [ 2.75, 1, 11.75 ],
			"faces": {
				"down": { "uv": [ 0, 16, 16, 0 ], "texture": "#gray_concrete" },
				"up": { "uv": [ 0, 0, 16, 16 ], "texture": "#gray_concrete" },
				"north": { "uv": [ 16, 0, 0, 1 ], "texture": "#gray_concrete" },
				"south": { "uv": [ 0, 15, 16, 16 ], "texture": "#gray_concrete" },
				"west": { "uv": [ 0, 0, 1, 16 ], "texture": "#gray_concrete", "rotation": 270 },
				"east": { "uv": [ 16, 16, 15, 0 ], "texture": "#gray_concrete", "rotation": 270 }
			}
		},
		{
			"__comment": "Box11",
			"from": [ 0.75, 0.5, 12 ],
			"to": [ 1.75, 1, 13 ],
			"faces": {
				"down": { "uv": [ 0, 16, 16, 0 ], "texture": "#gray_concrete" },
				"up": { "uv": [ 0, 0, 16, 16 ], "texture": "#gray_concrete" },
				"north": { "uv": [ 16, 0, 0, 1 ], "texture": "#gray_concrete" },
				"south": { "uv": [ 0, 15, 16, 16 ], "texture": "#gray_concrete" },
				"west": { "uv": [ 0, 0, 1, 16 ], "texture": "#gray_concrete", "rotation": 270 },
				"east": { "uv": [ 16, 16, 15, 0 ], "texture": "#gray_concrete", "rotation": 270 }
			}
		},
		{
			"__comment": "Box84",
			"from": [ 6.125, 0.75, 13.5 ],
			"to": [ 10.125, 0.751, 15.5 ],
			"faces": {
				"down": { "uv": [ 0, 16, 16, 0 ], "texture": "#light_gray_concrete_powder" },
				"up": { "uv": [ 0, 0, 16, 16 ], "texture": "#light_gray_concrete_powder" },
				"north": { "uv": [ 16, 0, 0, 1 ], "texture": "#light_gray_concrete_powder" },
				"south": { "uv": [ 0, 15, 16, 16 ], "texture": "#light_gray_concrete_powder" },
				"west": { "uv": [ 0, 0, 1, 16 ], "texture": "#light_gray_concrete_powder", "rotation": 270 },
				"east": { "uv": [ 16, 16, 15, 0 ], "texture": "#light_gray_concrete_powder", "rotation": 270 }
			}
		},
		{
			"__comment": "Box85",
			"from": [ 7, 10.6982, -0.1768 ],
			"to": [ 9, 11.1982, 0.3232 ],
			"rotation": { "origin": [ 7, 11.125, 0 ], "axis": "x", "angle": -22.5 },
			"faces": {
				"down": { "uv": [ 0, 15, 16, 16 ], "texture": "#iron_block" },
				"up": { "uv": [ 0, 1, 16, 0 ], "texture": "#iron_block" },
				"north": { "uv": [ 16, 0, 0, 16 ], "texture": "#iron_block" },
				"south": { "uv": [ 0, 0, 16, 16 ], "texture": "#iron_block" },
				"west": { "uv": [ 0, 0, 1, 16 ], "texture": "#iron_block" },
				"east": { "uv": [ 16, 16, 15, 0 ], "texture": "#iron_block", "rotation": 180 }
			}
		},
		{
			"__comment": "Box86",
			"from": [ 7.75, 10.75, 0 ],
			"to": [ 8.25, 11.25, 0.5 ],
			"rotation": { "origin": [ 7.75, 11.25, 0 ], "axis": "x", "angle": -22.5 },
			"faces": {
				"down": { "uv": [ 0, 15, 16, 16 ], "texture": "#piston_inner" },
				"up": { "uv": [ 0, 1, 16, 0 ], "texture": "#piston_inner" },
				"north": { "uv": [ 16, 0, 0, 16 ], "texture": "#piston_inner" },
				"south": { "uv": [ 0, 0, 16, 16 ], "texture": "#piston_inner" },
				"west": { "uv": [ 0, 0, 1, 16 ], "texture": "#piston_inner" },
				"east": { "uv": [ 16, 16, 15, 0 ], "texture": "#piston_inner", "rotation": 180 }
			}
		},
		{
			"__comment": "Box86",
			"from": [ 0, 2.5, 4 ],
			"to": [ 8, 10.5, 4.1 ],
			"rotation": { "origin": [ 0, 2.5, 4 ], "axis": "x", "angle": -22.5 },
			"faces": {
				"down": { "uv": [ 0, 15.98519, 16, 16 ], "texture": "#dye_powder_light_blue" },
				"up": { "uv": [ 0, 0.01481438, 16, 0 ], "texture": "#dye_powder_light_blue" },
				"north": { "uv": [ 16, 0, 0, 16 ], "texture": "#dye_powder_light_blue" },
				"south": { "uv": [ 0, 0, 16, 16 ], "texture": "#dye_powder_light_blue" },
				"west": { "uv": [ 0, 0, 0.01481481, 16 ], "texture": "#dye_powder_light_blue" },
				"east": { "uv": [ 16, 16, 15.98519, 0 ], "texture": "#dye_powder_light_blue", "rotation": 180 }
			}
		},
		{
			"__comment": "Box87",
			"from": [ 8, 3.0463, 1.2964 ],
			"to": [ 16, 11.0463, 1.3964 ],
			"rotation": { "origin": [ 8, 9.875, 4.125 ], "axis": "x", "angle": -22.5 },
			"faces": {
				"down": { "uv": [ 0, 15.98519, 16, 16 ], "texture": "#dye_powder_purple" },
				"up": { "uv": [ 0, 0.01481438, 16, 0 ], "texture": "#dye_powder_purple" },
				"north": { "uv": [ 16, 0, 0, 16 ], "texture": "#dye_powder_purple" },
				"south": { "uv": [ 0, 0, 16, 16 ], "texture": "#dye_powder_purple" },
				"west": { "uv": [ 0, 0, 0.01481481, 16 ], "texture": "#dye_powder_purple" },
				"east": { "uv": [ 16, 16, 15.98519, 0 ], "texture": "#dye_powder_purple", "rotation": 180 }
			}
		}
	]
}