{
	"credit": "Made with Blockbench",
	"texture_size": [32, 32],
	"textures": {
		"0": "gun/dp27/dp27_ly",
		"particle": "gun/dp27/dp27_ly"
	},
	"elements": [
		{
			"from": [7, 4, 17.4],
			"to": [8, 5.3, 20.4],
			"rotation": {"angle": 0, "axis": "y", "origin": [0, 0, 5]},
			"faces": {
				"north": {"uv": [3.5, 12.5, 4, 13.125], "texture": "#0"},
				"east": {"uv": [9, 0, 10.5, 0.625], "texture": "#0"},
				"south": {"uv": [12.5, 4, 13, 4.625], "texture": "#0"},
				"west": {"uv": [9, 1, 10.5, 1.625], "texture": "#0"},
				"up": {"uv": [6.5, 10.5, 6, 9], "texture": "#0"},
				"down": {"uv": [7, 9, 6.5, 10.5], "texture": "#0"}
			}
		},
		{
			"from": [7, 2.8, 20.4],
			"to": [8, 5.3, 21.2],
			"rotation": {"angle": 0, "axis": "y", "origin": [0, 0, 5]},
			"faces": {
				"north": {"uv": [8, 9, 8.5, 10.25], "texture": "#0"},
				"east": {"uv": [10, 4, 10.375, 5.25], "texture": "#0"},
				"south": {"uv": [8.5, 9, 9, 10.25], "texture": "#0"},
				"west": {"uv": [10, 7, 10.375, 8.25], "texture": "#0"},
				"up": {"uv": [2.5, 13.375, 2, 13], "texture": "#0"},
				"down": {"uv": [3, 13, 2.5, 13.375], "texture": "#0"}
			}
		},
		{
			"from": [7, 8.47573, 16.69898],
			"to": [8, 9.67573, 19.99898],
			"rotation": {"angle": 22.5, "axis": "x", "origin": [0, 4.47573, 5.79898]},
			"faces": {
				"north": {"uv": [5, 12.5, 5.5, 13.125], "texture": "#0"},
				"east": {"uv": [8, 7, 9.625, 7.625], "texture": "#0"},
				"south": {"uv": [5.5, 12.5, 6, 13.125], "texture": "#0"},
				"west": {"uv": [8, 8, 9.625, 8.625], "texture": "#0"},
				"up": {"uv": [9.5, 3.625, 9, 2], "texture": "#0"},
				"down": {"uv": [9.5, 4, 9, 5.625], "texture": "#0"}
			}
		},
		{
			"from": [7, 8.77573, 17.39898],
			"to": [8, 9.47573, 19.49898],
			"rotation": {"angle": 22.5, "axis": "x", "origin": [0, 5.47573, 4.29898]},
			"faces": {
				"north": {"uv": [13, 2.5, 13.5, 2.875], "texture": "#0"},
				"east": {"uv": [1, 10.5, 2, 10.875], "texture": "#0"},
				"south": {"uv": [3, 13, 3.5, 13.375], "texture": "#0"},
				"west": {"uv": [8, 10.5, 9, 10.875], "texture": "#0"},
				"up": {"uv": [10, 6, 9.5, 5], "texture": "#0"},
				"down": {"uv": [10, 9.5, 9.5, 10.5], "texture": "#0"}
			}
		},
		{
			"from": [7, 8.07573, 18.09898],
			"to": [8, 8.77573, 18.79898],
			"rotation": {"angle": 22.5, "axis": "x", "origin": [0, 5.47573, 4.29898]},
			"faces": {
				"north": {"uv": [13, 3, 13.5, 3.375], "texture": "#0"},
				"east": {"uv": [2.5, 14, 2.875, 14.375], "texture": "#0"},
				"south": {"uv": [13, 3.5, 13.5, 3.875], "texture": "#0"},
				"west": {"uv": [3, 14, 3.375, 14.375], "texture": "#0"},
				"up": {"uv": [13.5, 4.375, 13, 4], "texture": "#0"},
				"down": {"uv": [13.5, 4.5, 13, 4.875], "texture": "#0"}
			}
		},
		{
			"from": [7, 0.45239, 12.46289],
			"to": [8, 1.45239, 13.16289],
			"rotation": {"angle": -22.5, "axis": "x", "origin": [0, 15.55239, 9.86289]},
			"faces": {
				"north": {"uv": [9.5, 10.5, 10, 11], "texture": "#0"},
				"east": {"uv": [13, 5, 13.375, 5.5], "texture": "#0"},
				"south": {"uv": [12.5, 5, 13, 5.5], "texture": "#0"},
				"west": {"uv": [6, 13, 6.375, 13.5], "texture": "#0"},
				"up": {"uv": [13.5, 6.375, 13, 6], "texture": "#0"},
				"down": {"uv": [7, 13, 6.5, 13.375], "texture": "#0"}
			}
		},
		{
			"from": [7, 7.85623, 16.27794],
			"to": [8, 8.55623, 17.27794],
			"rotation": {"angle": -22.5, "axis": "x", "origin": [0, 11.15623, 31.37794]},
			"faces": {
				"north": {"uv": [13, 6.5, 13.5, 6.875], "texture": "#0"},
				"east": {"uv": [13, 7, 13.5, 7.375], "texture": "#0"},
				"south": {"uv": [13, 7.5, 13.5, 7.875], "texture": "#0"},
				"west": {"uv": [8, 13, 8.5, 13.375], "texture": "#0"},
				"up": {"uv": [8.5, 13, 8, 12.5], "texture": "#0"},
				"down": {"uv": [9.5, 12.5, 9, 13], "texture": "#0"}
			}
		},
		{
			"from": [7, 4, 15.5],
			"to": [8, 5, 17.4],
			"rotation": {"angle": 0, "axis": "y", "origin": [0, 0, 5]},
			"faces": {
				"north": {"uv": [9.5, 12.5, 10, 13], "texture": "#0"},
				"east": {"uv": [0, 10, 1, 10.5], "texture": "#0"},
				"south": {"uv": [12.5, 9.5, 13, 10], "texture": "#0"},
				"west": {"uv": [1, 10, 2, 10.5], "texture": "#0"},
				"up": {"uv": [2.5, 11, 2, 10], "texture": "#0"},
				"down": {"uv": [3, 10, 2.5, 11], "texture": "#0"}
			}
		},
		{
			"from": [7, 7.91036, 14.74674],
			"to": [8, 8.81036, 16.34674],
			"rotation": {"angle": 22.5, "axis": "x", "origin": [0, 3.71036, 5.74674]},
			"faces": {
				"north": {"uv": [10, 12.5, 10.5, 13], "texture": "#0"},
				"east": {"uv": [12, 2.5, 12.75, 3], "texture": "#0"},
				"south": {"uv": [12.5, 10, 13, 10.5], "texture": "#0"},
				"west": {"uv": [5, 12, 5.75, 12.5], "texture": "#0"},
				"up": {"uv": [6.5, 12.75, 6, 12], "texture": "#0"},
				"down": {"uv": [7, 12, 6.5, 12.75], "texture": "#0"}
			}
		},
		{
			"from": [7, 4, 14.7],
			"to": [8, 5, 15.5],
			"rotation": {"angle": 0, "axis": "y", "origin": [0, 0, 5]},
			"faces": {
				"north": {"uv": [12.5, 10.5, 13, 11], "texture": "#0"},
				"east": {"uv": [13, 8, 13.375, 8.5], "texture": "#0"},
				"south": {"uv": [11.5, 12.5, 12, 13], "texture": "#0"},
				"west": {"uv": [9, 13, 9.375, 13.5], "texture": "#0"},
				"up": {"uv": [10, 13.375, 9.5, 13], "texture": "#0"},
				"down": {"uv": [13.5, 9.5, 13, 9.875], "texture": "#0"}
			}
		},
		{
			"from": [7, 8.79878, 13.48585],
			"to": [8, 9.39878, 14.38585],
			"rotation": {"angle": 22.5, "axis": "x", "origin": [0, 4.39878, 3.88585]},
			"faces": {
				"north": {"uv": [9, 14, 9.5, 14.25], "texture": "#0"},
				"east": {"uv": [9.5, 14, 10, 14.25], "texture": "#0"},
				"south": {"uv": [10, 14, 10.5, 14.25], "texture": "#0"},
				"west": {"uv": [10.5, 14, 11, 14.25], "texture": "#0"},
				"up": {"uv": [12.5, 13, 12, 12.5], "texture": "#0"},
				"down": {"uv": [13, 12.5, 12.5, 13], "texture": "#0"}
			}
		},
		{
			"from": [7, 4.5, 5.2],
			"to": [8, 5.8, 14.7],
			"rotation": {"angle": 0, "axis": "y", "origin": [0, 0, 5]},
			"faces": {
				"north": {"uv": [12.5, 6, 13, 6.625], "texture": "#0"},
				"east": {"uv": [0, 0, 4.75, 0.625], "texture": "#0"},
				"south": {"uv": [7, 12.5, 7.5, 13.125], "texture": "#0"},
				"west": {"uv": [0, 1, 4.75, 1.625], "texture": "#0"},
				"up": {"uv": [0.5, 6.75, 0, 2], "texture": "#0"},
				"down": {"uv": [1, 2, 0.5, 6.75], "texture": "#0"}
			}
		},
		{
			"from": [7, 4.2, 5.2],
			"to": [8, 4.5, 10.7],
			"rotation": {"angle": 0, "axis": "y", "origin": [0, 0, 5]},
			"faces": {
				"north": {"uv": [14.5, 1.5, 15, 1.625], "texture": "#0"},
				"east": {"uv": [11.5, 12, 14.25, 12.125], "texture": "#0"},
				"south": {"uv": [2.5, 14.5, 3, 14.625], "texture": "#0"},
				"west": {"uv": [0.5, 12.5, 3.25, 12.625], "texture": "#0"},
				"up": {"uv": [1.5, 4.75, 1, 2], "texture": "#0"},
				"down": {"uv": [2, 2, 1.5, 4.75], "texture": "#0"}
			}
		},
		{
			"from": [7.1, 4, 10.7],
			"to": [7.9, 4.5, 14.7],
			"rotation": {"angle": 0, "axis": "y", "origin": [0, 0, 6]},
			"faces": {
				"north": {"uv": [14, 14, 14.375, 14.25], "texture": "#0"},
				"east": {"uv": [10, 2.5, 12, 2.75], "texture": "#0"},
				"south": {"uv": [14.5, 0, 14.875, 0.25], "texture": "#0"},
				"west": {"uv": [3, 10, 5, 10.25], "texture": "#0"},
				"up": {"uv": [7.375, 11, 7, 9], "texture": "#0"},
				"down": {"uv": [7.875, 9, 7.5, 11], "texture": "#0"}
			}
		},
		{
			"from": [7.3, 2.10763, 10.18349],
			"to": [7.7, 3.20763, 10.38349],
			"rotation": {"angle": 22.5, "axis": "x", "origin": [0, -6.49237, 14.68349]},
			"faces": {
				"north": {"uv": [11, 14, 11.25, 14.5], "texture": "#0"},
				"east": {"uv": [14.5, 2.5, 14.625, 3], "texture": "#0"},
				"south": {"uv": [11.5, 14, 11.75, 14.5], "texture": "#0"},
				"west": {"uv": [3, 14.5, 3.125, 15], "texture": "#0"},
				"up": {"uv": [9.75, 14.625, 9.5, 14.5], "texture": "#0"},
				"down": {"uv": [14.75, 9.5, 14.5, 9.625], "texture": "#0"}
			}
		},
		{
			"from": [7.3, 1.90763, 8.08349],
			"to": [7.7, 2.40763, 8.28349],
			"rotation": {"angle": 22.5, "axis": "x", "origin": [0, -6.49237, 14.68349]},
			"faces": {
				"north": {"uv": [14.5, 3, 14.75, 3.25], "texture": "#0"},
				"east": {"uv": [10, 14.5, 10.125, 14.75], "texture": "#0"},
				"south": {"uv": [3.5, 14.5, 3.75, 14.75], "texture": "#0"},
				"west": {"uv": [14.5, 10, 14.625, 10.25], "texture": "#0"},
				"up": {"uv": [10.75, 14.625, 10.5, 14.5], "texture": "#0"},
				"down": {"uv": [14.75, 10.5, 14.5, 10.625], "texture": "#0"}
			}
		},
		{
			"from": [7.3, 2.09283, 15.73935],
			"to": [7.7, 3.19283, 15.93935],
			"rotation": {"angle": -22.5, "axis": "x", "origin": [0.2, -6.60717, 11.43935]},
			"faces": {
				"north": {"uv": [12, 14, 12.25, 14.5], "texture": "#0"},
				"east": {"uv": [14.5, 3.5, 14.625, 4], "texture": "#0"},
				"south": {"uv": [12.5, 14, 12.75, 14.5], "texture": "#0"},
				"west": {"uv": [14.5, 4, 14.625, 4.5], "texture": "#0"},
				"up": {"uv": [11.25, 14.625, 11, 14.5], "texture": "#0"},
				"down": {"uv": [11.75, 14.5, 11.5, 14.625], "texture": "#0"}
			}
		},
		{
			"from": [7.3, 1.99283, 17.83935],
			"to": [7.7, 2.29283, 18.03935],
			"rotation": {"angle": -22.5, "axis": "x", "origin": [0.2, -6.60717, 11.43935]},
			"faces": {
				"north": {"uv": [12, 14.5, 12.25, 14.625], "texture": "#0"},
				"east": {"uv": [3, 15, 3.125, 15.125], "texture": "#0"},
				"south": {"uv": [14.5, 12, 14.75, 12.125], "texture": "#0"},
				"west": {"uv": [15, 3, 15.125, 3.125], "texture": "#0"},
				"up": {"uv": [12.75, 14.625, 12.5, 14.5], "texture": "#0"},
				"down": {"uv": [13.25, 14.5, 13, 14.625], "texture": "#0"}
			}
		},
		{
			"from": [7.3, 3.07612, 12.08268],
			"to": [7.7, 3.27612, 13.98268],
			"rotation": {"angle": 0, "axis": "x", "origin": [0.2, -1.22388, 21.88268]},
			"faces": {
				"north": {"uv": [14.5, 13, 14.75, 13.125], "texture": "#0"},
				"east": {"uv": [14, 12.5, 15, 12.625], "texture": "#0"},
				"south": {"uv": [13.5, 14.5, 13.75, 14.625], "texture": "#0"},
				"west": {"uv": [13, 14, 14, 14.125], "texture": "#0"},
				"up": {"uv": [13.25, 1, 13, 0], "texture": "#0"},
				"down": {"uv": [0.75, 13, 0.5, 14], "texture": "#0"}
			}
		},
		{
			"from": [7.4, 3.47612, 13.48268],
			"to": [7.6, 4.07612, 13.58268],
			"rotation": {"angle": 0, "axis": "y", "origin": [0.2, -1.22388, 21.88268]},
			"faces": {
				"north": {"uv": [14.5, 13.5, 14.625, 13.75], "texture": "#0"},
				"east": {"uv": [14, 14.5, 14.125, 14.75], "texture": "#0"},
				"south": {"uv": [14.5, 14, 14.625, 14.25], "texture": "#0"},
				"west": {"uv": [14.5, 14.5, 14.625, 14.75], "texture": "#0"},
				"up": {"uv": [3.625, 15.125, 3.5, 15], "texture": "#0"},
				"down": {"uv": [15.125, 3.5, 15, 3.625], "texture": "#0"}
			}
		},
		{
			"from": [7, 5.8, 11.3],
			"to": [8, 6.5, 13.1],
			"rotation": {"angle": 0, "axis": "y", "origin": [0, 0, 5]},
			"faces": {
				"north": {"uv": [10, 13, 10.5, 13.375], "texture": "#0"},
				"east": {"uv": [12.5, 1, 13.375, 1.375], "texture": "#0"},
				"south": {"uv": [13, 10, 13.5, 10.375], "texture": "#0"},
				"west": {"uv": [12.5, 1.5, 13.375, 1.875], "texture": "#0"},
				"up": {"uv": [11, 0.875, 10.5, 0], "texture": "#0"},
				"down": {"uv": [1, 10.5, 0.5, 11.375], "texture": "#0"}
			}
		},
		{
			"from": [7, 5.8, 13.1],
			"to": [8, 6.6, 13.3],
			"rotation": {"angle": 0, "axis": "y", "origin": [0, 0, 5]},
			"faces": {
				"north": {"uv": [13, 10.5, 13.5, 10.875], "texture": "#0"},
				"east": {"uv": [9, 14.5, 9.125, 14.875], "texture": "#0"},
				"south": {"uv": [11.5, 13, 12, 13.375], "texture": "#0"},
				"west": {"uv": [14.5, 9, 14.625, 9.375], "texture": "#0"},
				"up": {"uv": [15, 4.625, 14.5, 4.5], "texture": "#0"},
				"down": {"uv": [5.5, 14.5, 5, 14.625], "texture": "#0"}
			}
		},
		{
			"from": [7.9, 6.6, 13.1],
			"to": [8, 6.9, 13.3],
			"rotation": {"angle": 0, "axis": "y", "origin": [0, 0, 5]},
			"faces": {
				"north": {"uv": [15, 4, 15.125, 4.125], "texture": "#0"},
				"east": {"uv": [15, 4.5, 15.125, 4.625], "texture": "#0"},
				"south": {"uv": [5, 15, 5.125, 15.125], "texture": "#0"},
				"west": {"uv": [15, 5, 15.125, 5.125], "texture": "#0"},
				"up": {"uv": [5.625, 15.125, 5.5, 15], "texture": "#0"},
				"down": {"uv": [15.125, 5.5, 15, 5.625], "texture": "#0"}
			}
		},
		{
			"from": [7, 6.6, 13.1],
			"to": [7.1, 6.9, 13.3],
			"rotation": {"angle": 0, "axis": "y", "origin": [0, 0, 5]},
			"faces": {
				"north": {"uv": [6, 15, 6.125, 15.125], "texture": "#0"},
				"east": {"uv": [15, 6, 15.125, 6.125], "texture": "#0"},
				"south": {"uv": [6.5, 15, 6.625, 15.125], "texture": "#0"},
				"west": {"uv": [15, 6.5, 15.125, 6.625], "texture": "#0"},
				"up": {"uv": [7.125, 15.125, 7, 15], "texture": "#0"},
				"down": {"uv": [15.125, 7, 15, 7.125], "texture": "#0"}
			}
		},
		{
			"from": [7.4, 6.6, 13.1],
			"to": [7.6, 6.7, 13.3],
			"rotation": {"angle": 0, "axis": "y", "origin": [0, 0, 5]},
			"faces": {
				"north": {"uv": [7.5, 15, 7.625, 15.125], "texture": "#0"},
				"east": {"uv": [15, 7.5, 15.125, 7.625], "texture": "#0"},
				"south": {"uv": [8, 15, 8.125, 15.125], "texture": "#0"},
				"west": {"uv": [15, 8, 15.125, 8.125], "texture": "#0"},
				"up": {"uv": [8.625, 15.125, 8.5, 15], "texture": "#0"},
				"down": {"uv": [15.125, 8.5, 15, 8.625], "texture": "#0"}
			}
		},
		{
			"from": [4.8, -1, 3.76172],
			"to": [6.2, -0.5, 7.26172],
			"rotation": {"angle": 0, "axis": "y", "origin": [-2, -6.8, 1.46172]},
			"faces": {
				"north": {"uv": [12, 13, 12.75, 13.25], "texture": "#0"},
				"east": {"uv": [10.5, 1, 12.25, 1.25], "texture": "#0"},
				"south": {"uv": [13, 12.5, 13.75, 12.75], "texture": "#0"},
				"west": {"uv": [10.5, 1.5, 12.25, 1.75], "texture": "#0"},
				"up": {"uv": [2.75, 3.75, 2, 2], "texture": "#0"},
				"down": {"uv": [3.75, 2, 3, 3.75], "texture": "#0"}
			}
		},
		{
			"from": [7.59779, -1, 1.33455],
			"to": [8.99779, -0.5, 4.83455],
			"rotation": {"angle": -22.5, "axis": "y", "origin": [0.79779, -6.8, -0.96545]},
			"faces": {
				"north": {"uv": [13, 13, 13.75, 13.25], "texture": "#0"},
				"east": {"uv": [3, 10.5, 4.75, 10.75], "texture": "#0"},
				"south": {"uv": [13.5, 0, 14.25, 0.25], "texture": "#0"},
				"west": {"uv": [10.5, 4, 12.25, 4.25], "texture": "#0"},
				"up": {"uv": [2.75, 5.75, 2, 4], "texture": "#0"},
				"down": {"uv": [4.75, 2, 4, 3.75], "texture": "#0"}
			}
		},
		{
			"from": [3.35625, -1, 4.60349],
			"to": [4.75625, -0.5, 8.10349],
			"rotation": {"angle": 22.5, "axis": "y", "origin": [11.55625, -6.8, 2.30349]},
			"faces": {
				"north": {"uv": [13.5, 0.5, 14.25, 0.75], "texture": "#0"},
				"east": {"uv": [10.5, 4.5, 12.25, 4.75], "texture": "#0"},
				"south": {"uv": [13.5, 1, 14.25, 1.25], "texture": "#0"},
				"west": {"uv": [5, 10.5, 6.75, 10.75], "texture": "#0"},
				"up": {"uv": [3.75, 5.75, 3, 4], "texture": "#0"},
				"down": {"uv": [4.75, 4, 4, 5.75], "texture": "#0"}
			}
		},
		{
			"from": [11.11145, -1, 0.16281],
			"to": [12.51145, -0.5, 3.66281],
			"rotation": {"angle": -45, "axis": "y", "origin": [4.31145, -6.8, -2.13719]},
			"faces": {
				"north": {"uv": [13.5, 1.5, 14.25, 1.75], "texture": "#0"},
				"east": {"uv": [10.5, 5, 12.25, 5.25], "texture": "#0"},
				"south": {"uv": [2, 13.5, 2.75, 13.75], "texture": "#0"},
				"west": {"uv": [10.5, 6, 12.25, 6.25], "texture": "#0"},
				"up": {"uv": [5.75, 1.75, 5, 0], "texture": "#0"},
				"down": {"uv": [1.75, 5, 1, 6.75], "texture": "#0"}
			}
		},
		{
			"from": [0.99049, -1, 2.66475],
			"to": [2.39049, -0.5, 6.16475],
			"rotation": {"angle": 45, "axis": "y", "origin": [9.19049, -6.8, 0.36475]},
			"faces": {
				"north": {"uv": [13.5, 2.5, 14.25, 2.75], "texture": "#0"},
				"east": {"uv": [10.5, 6.5, 12.25, 6.75], "texture": "#0"},
				"south": {"uv": [3, 13.5, 3.75, 13.75], "texture": "#0"},
				"west": {"uv": [10.5, 7, 12.25, 7.25], "texture": "#0"},
				"up": {"uv": [5.75, 3.75, 5, 2], "texture": "#0"},
				"down": {"uv": [5.75, 4, 5, 5.75], "texture": "#0"}
			}
		},
		{
			"from": [2.20606, -1, 4.92488],
			"to": [5.70606, -0.5, 6.32488],
			"rotation": {"angle": 22.5, "axis": "y", "origin": [8.00606, -6.8, -1.87512]},
			"faces": {
				"north": {"uv": [10.5, 7.5, 12.25, 7.75], "texture": "#0"},
				"east": {"uv": [13.5, 3, 14.25, 3.25], "texture": "#0"},
				"south": {"uv": [10.5, 8, 12.25, 8.25], "texture": "#0"},
				"west": {"uv": [13.5, 3.5, 14.25, 3.75], "texture": "#0"},
				"up": {"uv": [7.75, 0.75, 6, 0], "texture": "#0"},
				"down": {"uv": [7.75, 1, 6, 1.75], "texture": "#0"}
			}
		},
		{
			"from": [8.56288, -1, 6.27892],
			"to": [12.06288, -0.5, 7.67892],
			"rotation": {"angle": -22.5, "axis": "y", "origin": [6.26288, -6.8, -0.52108]},
			"faces": {
				"north": {"uv": [10.5, 9.5, 12.25, 9.75], "texture": "#0"},
				"east": {"uv": [13.5, 4, 14.25, 4.25], "texture": "#0"},
				"south": {"uv": [10.5, 10, 12.25, 10.25], "texture": "#0"},
				"west": {"uv": [13.5, 4.5, 14.25, 4.75], "texture": "#0"},
				"up": {"uv": [3.75, 6.75, 2, 6], "texture": "#0"},
				"down": {"uv": [7.75, 2, 6, 2.75], "texture": "#0"}
			}
		},
		{
			"from": [5.51914, -1, 6.58086],
			"to": [9.01914, -0.5, 7.98086],
			"rotation": {"angle": 0, "axis": "y", "origin": [11.31914, -6.8, -0.21914]},
			"faces": {
				"north": {"uv": [10.5, 10.5, 12.25, 10.75], "texture": "#0"},
				"east": {"uv": [5, 13.5, 5.75, 13.75], "texture": "#0"},
				"south": {"uv": [11, 0, 12.75, 0.25], "texture": "#0"},
				"west": {"uv": [13.5, 5, 14.25, 5.25], "texture": "#0"},
				"up": {"uv": [7.75, 3.75, 6, 3], "texture": "#0"},
				"down": {"uv": [5.75, 6, 4, 6.75], "texture": "#0"}
			}
		},
		{
			"from": [1.98086, -1, 6.58086],
			"to": [5.48086, -0.5, 7.98086],
			"rotation": {"angle": 0, "axis": "y", "origin": [7.78086, -6.8, -0.21914]},
			"faces": {
				"north": {"uv": [11, 0.5, 12.75, 0.75], "texture": "#0"},
				"east": {"uv": [13.5, 5.5, 14.25, 5.75], "texture": "#0"},
				"south": {"uv": [1, 11, 2.75, 11.25], "texture": "#0"},
				"west": {"uv": [6, 13.5, 6.75, 13.75], "texture": "#0"},
				"up": {"uv": [7.75, 4.75, 6, 4], "texture": "#0"},
				"down": {"uv": [7.75, 5, 6, 5.75], "texture": "#0"}
			}
		},
		{
			"from": [5.29394, -1, 4.92488],
			"to": [8.79394, -0.5, 6.32488],
			"rotation": {"angle": -22.5, "axis": "y", "origin": [2.99394, -6.8, -1.87512]},
			"faces": {
				"north": {"uv": [3, 11, 4.75, 11.25], "texture": "#0"},
				"east": {"uv": [13.5, 6, 14.25, 6.25], "texture": "#0"},
				"south": {"uv": [11, 3, 12.75, 3.25], "texture": "#0"},
				"west": {"uv": [13.5, 6.5, 14.25, 6.75], "texture": "#0"},
				"up": {"uv": [7.75, 6.75, 6, 6], "texture": "#0"},
				"down": {"uv": [1.75, 7, 0, 7.75], "texture": "#0"}
			}
		},
		{
			"from": [-1.06288, -1, 6.27892],
			"to": [2.43712, -0.5, 7.67892],
			"rotation": {"angle": 22.5, "axis": "y", "origin": [4.73712, -6.8, -0.52108]},
			"faces": {
				"north": {"uv": [11, 3.5, 12.75, 3.75], "texture": "#0"},
				"east": {"uv": [13.5, 7, 14.25, 7.25], "texture": "#0"},
				"south": {"uv": [5, 11, 6.75, 11.25], "texture": "#0"},
				"west": {"uv": [13.5, 7.5, 14.25, 7.75], "texture": "#0"},
				"up": {"uv": [3.75, 7.75, 2, 7], "texture": "#0"},
				"down": {"uv": [5.75, 7, 4, 7.75], "texture": "#0"}
			}
		},
		{
			"from": [-1.51145, -1, 0.16281],
			"to": [-0.11145, -0.5, 3.66281],
			"rotation": {"angle": 45, "axis": "y", "origin": [6.68855, -6.8, -2.13719]},
			"faces": {
				"north": {"uv": [13.5, 8, 14.25, 8.25], "texture": "#0"},
				"east": {"uv": [7, 11, 8.75, 11.25], "texture": "#0"},
				"south": {"uv": [13.5, 8.5, 14.25, 8.75], "texture": "#0"},
				"west": {"uv": [9.5, 11, 11.25, 11.25], "texture": "#0"},
				"up": {"uv": [6.75, 8.75, 6, 7], "texture": "#0"},
				"down": {"uv": [7.75, 7, 7, 8.75], "texture": "#0"}
			}
		},
		{
			"from": [8.60951, -1, 2.66475],
			"to": [10.00951, -0.5, 6.16475],
			"rotation": {"angle": -45, "axis": "y", "origin": [1.80951, -6.8, 0.36475]},
			"faces": {
				"north": {"uv": [9, 13.5, 9.75, 13.75], "texture": "#0"},
				"east": {"uv": [0.5, 11.5, 2.25, 11.75], "texture": "#0"},
				"south": {"uv": [13.5, 9, 14.25, 9.25], "texture": "#0"},
				"west": {"uv": [2.5, 11.5, 4.25, 11.75], "texture": "#0"},
				"up": {"uv": [0.75, 9.75, 0, 8], "texture": "#0"},
				"down": {"uv": [8.75, 0, 8, 1.75], "texture": "#0"}
			}
		},
		{
			"from": [2.00221, -1, 1.33455],
			"to": [3.40221, -0.5, 4.83455],
			"rotation": {"angle": 22.5, "axis": "y", "origin": [10.20221, -6.8, -0.96545]},
			"faces": {
				"north": {"uv": [13.5, 9.5, 14.25, 9.75], "texture": "#0"},
				"east": {"uv": [4.5, 11.5, 6.25, 11.75], "texture": "#0"},
				"south": {"uv": [10, 13.5, 10.75, 13.75], "texture": "#0"},
				"west": {"uv": [11.5, 5.5, 13.25, 5.75], "texture": "#0"},
				"up": {"uv": [1.75, 9.75, 1, 8], "texture": "#0"},
				"down": {"uv": [2.75, 8, 2, 9.75], "texture": "#0"}
			}
		},
		{
			"from": [6.24375, -1, 4.60349],
			"to": [7.64375, -0.5, 8.10349],
			"rotation": {"angle": -22.5, "axis": "y", "origin": [-0.55625, -6.8, 2.30349]},
			"faces": {
				"north": {"uv": [13.5, 10, 14.25, 10.25], "texture": "#0"},
				"east": {"uv": [6.5, 11.5, 8.25, 11.75], "texture": "#0"},
				"south": {"uv": [13.5, 10.5, 14.25, 10.75], "texture": "#0"},
				"west": {"uv": [11.5, 8.5, 13.25, 8.75], "texture": "#0"},
				"up": {"uv": [8.75, 3.75, 8, 2], "texture": "#0"},
				"down": {"uv": [3.75, 8, 3, 9.75], "texture": "#0"}
			}
		},
		{
			"from": [4.8, -1, 7.3],
			"to": [6.2, -0.5, 10.8],
			"rotation": {"angle": 0, "axis": "y", "origin": [-2, -6.8, 5]},
			"faces": {
				"north": {"uv": [11, 13.5, 11.75, 13.75], "texture": "#0"},
				"east": {"uv": [11.5, 9, 13.25, 9.25], "texture": "#0"},
				"south": {"uv": [12, 13.5, 12.75, 13.75], "texture": "#0"},
				"west": {"uv": [9.5, 11.5, 11.25, 11.75], "texture": "#0"},
				"up": {"uv": [4.75, 9.75, 4, 8], "texture": "#0"},
				"down": {"uv": [8.75, 4, 8, 5.75], "texture": "#0"}
			}
		},
		{
			"from": [5.3, -1, 7.1],
			"to": [5.7, -0.4, 7.5],
			"rotation": {"angle": 0, "axis": "y", "origin": [-2, -6.8, 5]},
			"faces": {
				"north": {"uv": [14.5, 5, 14.75, 5.25], "texture": "#0"},
				"east": {"uv": [5.5, 14.5, 5.75, 14.75], "texture": "#0"},
				"south": {"uv": [14.5, 5.5, 14.75, 5.75], "texture": "#0"},
				"west": {"uv": [6, 14.5, 6.25, 14.75], "texture": "#0"},
				"up": {"uv": [14.75, 6.25, 14.5, 6], "texture": "#0"},
				"down": {"uv": [6.75, 14.5, 6.5, 14.75], "texture": "#0"}
			}
		},
		{
			"from": [7.1, 4.7, 0.2],
			"to": [7.9, 5.7, 5.2],
			"rotation": {"angle": 0, "axis": "y", "origin": [0, 0, 5]},
			"faces": {
				"north": {"uv": [7, 13.5, 7.375, 14], "texture": "#0"},
				"east": {"uv": [8, 6, 10.5, 6.5], "texture": "#0"},
				"south": {"uv": [8, 13.5, 8.375, 14], "texture": "#0"},
				"west": {"uv": [8, 6.5, 10.5, 7], "texture": "#0"},
				"up": {"uv": [5.375, 10.5, 5, 8], "texture": "#0"},
				"down": {"uv": [5.875, 8, 5.5, 10.5], "texture": "#0"}
			}
		},
		{
			"from": [7.2, 4.7, -1.8],
			"to": [7.8, 5.6, 0.2],
			"rotation": {"angle": 0, "axis": "y", "origin": [0, 0, 5]},
			"faces": {
				"north": {"uv": [14, 13, 14.25, 13.5], "texture": "#0"},
				"east": {"uv": [10, 3, 11, 3.5], "texture": "#0"},
				"south": {"uv": [14, 13.5, 14.25, 14], "texture": "#0"},
				"west": {"uv": [10, 3.5, 11, 4], "texture": "#0"},
				"up": {"uv": [1.25, 14, 1, 13], "texture": "#0"},
				"down": {"uv": [1.75, 13, 1.5, 14], "texture": "#0"}
			}
		},
		{
			"from": [7.3, 5, -4.8],
			"to": [7.7, 5.4, -1.8],
			"rotation": {"angle": 0, "axis": "y", "origin": [0, 0, 5]},
			"faces": {
				"north": {"uv": [14.5, 6.5, 14.75, 6.75], "texture": "#0"},
				"east": {"uv": [7, 12, 8.5, 12.25], "texture": "#0"},
				"south": {"uv": [7, 14.5, 7.25, 14.75], "texture": "#0"},
				"west": {"uv": [9, 12, 10.5, 12.25], "texture": "#0"},
				"up": {"uv": [10.75, 13.5, 10.5, 12], "texture": "#0"},
				"down": {"uv": [11.25, 12, 11, 13.5], "texture": "#0"}
			}
		},
		{
			"from": [7.2, 4.9, -6.1],
			"to": [7.8, 5.5, -4.8],
			"rotation": {"angle": 0, "axis": "y", "origin": [0, 0, 5]},
			"faces": {
				"north": {"uv": [14.5, 7, 14.75, 7.25], "texture": "#0"},
				"east": {"uv": [13, 13.5, 13.625, 13.75], "texture": "#0"},
				"south": {"uv": [7.5, 14.5, 7.75, 14.75], "texture": "#0"},
				"west": {"uv": [0.5, 14, 1.125, 14.25], "texture": "#0"},
				"up": {"uv": [1.75, 14.625, 1.5, 14], "texture": "#0"},
				"down": {"uv": [2.25, 14, 2, 14.625], "texture": "#0"}
			}
		},
		{
			"from": [7.1, 4.8, -8.5],
			"to": [7.9, 5.6, -6.1],
			"rotation": {"angle": 0, "axis": "y", "origin": [0, 0, 5]},
			"faces": {
				"north": {"uv": [3.5, 14, 3.875, 14.375], "texture": "#0"},
				"east": {"uv": [10, 5.5, 11.25, 5.875], "texture": "#0"},
				"south": {"uv": [5, 14, 5.375, 14.375], "texture": "#0"},
				"west": {"uv": [10, 8.5, 11.25, 8.875], "texture": "#0"},
				"up": {"uv": [10.375, 10.75, 10, 9.5], "texture": "#0"},
				"down": {"uv": [0.375, 10.5, 0, 11.75], "texture": "#0"}
			}
		},
		{
			"from": [7.2, 4.3, 0.2],
			"to": [7.8, 4.7, 5.2],
			"rotation": {"angle": 0, "axis": "y", "origin": [0, 0, 5]},
			"faces": {
				"north": {"uv": [14.5, 7.5, 14.75, 7.75], "texture": "#0"},
				"east": {"uv": [9, 9, 11.5, 9.25], "texture": "#0"},
				"south": {"uv": [8, 14.5, 8.25, 14.75], "texture": "#0"},
				"west": {"uv": [9.5, 2, 12, 2.25], "texture": "#0"},
				"up": {"uv": [9.75, 5, 9.5, 2.5], "texture": "#0"},
				"down": {"uv": [9.25, 9.5, 9, 12], "texture": "#0"}
			}
		},
		{
			"from": [7.1, 4.1, -0.2],
			"to": [7.9, 4.7, 0.2],
			"rotation": {"angle": 0, "axis": "y", "origin": [0, 0, 5]},
			"faces": {
				"north": {"uv": [0.5, 14.5, 0.875, 14.75], "texture": "#0"},
				"east": {"uv": [14.5, 8, 14.75, 8.25], "texture": "#0"},
				"south": {"uv": [14.5, 0.5, 14.875, 0.75], "texture": "#0"},
				"west": {"uv": [14.5, 8.5, 14.75, 8.75], "texture": "#0"},
				"up": {"uv": [1.375, 14.75, 1, 14.5], "texture": "#0"},
				"down": {"uv": [14.875, 1, 14.5, 1.25], "texture": "#0"}
			}
		},
		{
			"from": [5.209, 4.1, -1.09331],
			"to": [5.509, 4.4, 5.10669],
			"rotation": {"angle": -22.5, "axis": "y", "origin": [3.909, 0, 4.10669]},
			"faces": {
				"north": {"uv": [9, 15, 9.125, 15.125], "texture": "#0"},
				"east": {"uv": [11.5, 11, 14.625, 11.125], "texture": "#0"},
				"south": {"uv": [15, 9, 15.125, 9.125], "texture": "#0"},
				"west": {"uv": [11.5, 11.5, 14.625, 11.625], "texture": "#0"},
				"up": {"uv": [8.625, 14.625, 8.5, 11.5], "texture": "#0"},
				"down": {"uv": [0.125, 12, 0, 15.125], "texture": "#0"}
			}
		},
		{
			"from": [5.109, 4.1, 5.10669],
			"to": [5.609, 4.4, 5.30669],
			"rotation": {"angle": -22.5, "axis": "y", "origin": [3.909, 0, 4.10669]},
			"faces": {
				"north": {"uv": [15, 0, 15.25, 0.125], "texture": "#0"},
				"east": {"uv": [9.5, 15, 9.625, 15.125], "texture": "#0"},
				"south": {"uv": [0.5, 15, 0.75, 15.125], "texture": "#0"},
				"west": {"uv": [15, 9.5, 15.125, 9.625], "texture": "#0"},
				"up": {"uv": [15.25, 0.625, 15, 0.5], "texture": "#0"},
				"down": {"uv": [1.25, 15, 1, 15.125], "texture": "#0"}
			}
		},
		{
			"from": [9.391, 4.1, 5.10669],
			"to": [9.891, 4.4, 5.30669],
			"rotation": {"angle": 22.5, "axis": "y", "origin": [11.091, 0, 4.10669]},
			"faces": {
				"north": {"uv": [15, 1, 15.25, 1.125], "texture": "#0"},
				"east": {"uv": [10, 15, 10.125, 15.125], "texture": "#0"},
				"south": {"uv": [1.5, 15, 1.75, 15.125], "texture": "#0"},
				"west": {"uv": [15, 10, 15.125, 10.125], "texture": "#0"},
				"up": {"uv": [15.25, 1.625, 15, 1.5], "texture": "#0"},
				"down": {"uv": [2.25, 15, 2, 15.125], "texture": "#0"}
			}
		},
		{
			"from": [9.491, 4.1, -1.09331],
			"to": [9.791, 4.4, 5.10669],
			"rotation": {"angle": 22.5, "axis": "y", "origin": [11.091, 0, 4.10669]},
			"faces": {
				"north": {"uv": [10.5, 15, 10.625, 15.125], "texture": "#0"},
				"east": {"uv": [0.5, 12, 3.625, 12.125], "texture": "#0"},
				"south": {"uv": [15, 10.5, 15.125, 10.625], "texture": "#0"},
				"west": {"uv": [12, 2, 15.125, 2.125], "texture": "#0"},
				"up": {"uv": [4.125, 15.125, 4, 12], "texture": "#0"},
				"down": {"uv": [4.625, 12, 4.5, 15.125], "texture": "#0"}
			}
		},
		{
			"from": [7.3, 4.4, -2.1],
			"to": [7.7, 4.7, 0.2],
			"rotation": {"angle": 0, "axis": "y", "origin": [0, 0, 5]},
			"faces": {
				"north": {"uv": [2.5, 15, 2.75, 15.125], "texture": "#0"},
				"east": {"uv": [5.5, 14, 6.625, 14.125], "texture": "#0"},
				"south": {"uv": [15, 2.5, 15.25, 2.625], "texture": "#0"},
				"west": {"uv": [7, 14, 8.125, 14.125], "texture": "#0"},
				"up": {"uv": [12.75, 8.125, 12.5, 7], "texture": "#0"},
				"down": {"uv": [7.75, 12.5, 7.5, 13.625], "texture": "#0"}
			}
		}
	],
	"display": {
		"thirdperson_righthand": {
			"translation": [0, 4.25, -3.75]
		},
		"thirdperson_lefthand": {
			"scale": [0, 0, 0]
		},
		"firstperson_righthand": {
			"translation": [-1.75, 16, 0.25]
		},
		"firstperson_lefthand": {
			"rotation": [10, 450.25, 0],
			"translation": [-8.5, 9.75, -1]
		},
		"gui": {
			"rotation": [26.5, 34.75, 4.5],
			"translation": [1.25, 2.5, -1.25]
		}
	},
	"groups": [
		{
			"name": "dp27",
			"origin": [8, 8, 8],
			"color": 0,
			"children": [
				{
					"name": "wei",
					"origin": [8, 8, 8],
					"color": 0,
					"children": [0, 1, 2, 3, 4, 5, 6, 7, 8]
				},
				{
					"name": "main",
					"origin": [8, 8, 8],
					"color": 0,
					"children": [9, 10, 11, 12, 13,
						{
							"name": "group",
							"origin": [0, 0, 5],
							"color": 0,
							"children": [14, 15, 16, 17, 18, 19]
						}, 20, 21, 22, 23, 24,
						{
							"name": "group",
							"origin": [0, 0, 5],
							"color": 0,
							"children": [25, 26, 27, 28, 29, 30, 31, 32, 33, 34, 35, 36, 37, 38, 39, 40, 41]
						}
					]
				},
				{
					"name": "head",
					"origin": [8, 8, 8],
					"color": 0,
					"children": [42, 43, 44, 45, 46, 47, 48, 49, 50, 51, 52, 53]
				}
			]
		}
	]
}