{
	"credit": "Made with Blockbench",
	"textures": {
		"0": "gun/llk/llk_lemon",
		"1": "color/gray",
		"particle": "gun/llk/llk_lemon"
	},
	"elements": [
		{
			"from": [7.1, 5.75, 6.25],
			"to": [7.9, 6.5, 13.35],
			"faces": {
				"north": {"uv": [14, 0, 14.75, 0.75], "texture": "#0"},
				"east": {"uv": [8, 6, 16, 6.75], "texture": "#0"},
				"south": {"uv": [1, 14, 1.75, 14.75], "texture": "#0"},
				"west": {"uv": [8, 7, 16, 7.75], "texture": "#0"},
				"up": {"uv": [8.75, 16, 8, 8], "texture": "#0"},
				"down": {"uv": [9.75, 8, 9, 16], "texture": "#0"}
			}
		},
		{
			"from": [7.1, -2.5, 12.65],
			"to": [7.9, 1.1, 14.4],
			"rotation": {"angle": -22.5, "axis": "x", "origin": [0, 0, 0]},
			"faces": {
				"north": {"uv": [10, 2, 10.75, 6], "texture": "#0"},
				"east": {"uv": [0, 8, 1.75, 12], "texture": "#0"},
				"south": {"uv": [10, 8, 10.75, 12], "texture": "#0"},
				"west": {"uv": [2, 8, 3.75, 12], "texture": "#0"},
				"up": {"uv": [3.75, 13.75, 3, 12], "texture": "#0"},
				"down": {"uv": [4.75, 12, 4, 13.75], "texture": "#0"}
			}
		},
		{
			"from": [7.2, -3.4, 12.75],
			"to": [7.8, 0.1, 14.3],
			"rotation": {"angle": -22.5, "axis": "x", "origin": [0, 0, 0]},
			"faces": {
				"north": {"uv": [10, 2, 10.75, 6], "texture": "#1"},
				"east": {"uv": [0, 8, 1.75, 12], "texture": "#1"},
				"south": {"uv": [10, 8, 10.75, 12], "texture": "#1"},
				"west": {"uv": [2, 8, 3.75, 12], "texture": "#1"},
				"up": {"uv": [3.75, 13.75, 3, 12], "texture": "#1"},
				"down": {"uv": [4.75, 12, 4, 13.75], "texture": "#1"}
			}
		},
		{
			"from": [7.1, -5.5, 13],
			"to": [7.9, -4.6, 14.4],
			"rotation": {"angle": -45, "axis": "x", "origin": [0, 0, 0]},
			"faces": {
				"north": {"uv": [6, 13, 6.75, 14], "texture": "#0"},
				"east": {"uv": [11, 8, 12.5, 9], "texture": "#0"},
				"south": {"uv": [13, 8, 13.75, 9], "texture": "#0"},
				"west": {"uv": [11, 9, 12.5, 10], "texture": "#0"},
				"up": {"uv": [7.75, 13.5, 7, 12], "texture": "#0"},
				"down": {"uv": [10.75, 12, 10, 13.5], "texture": "#0"}
			}
		},
		{
			"from": [7.2, 4.5, 9.7],
			"to": [7.8, 4.65, 12.5],
			"rotation": {"angle": 0, "axis": "y", "origin": [0, -0.25, 0.2]},
			"faces": {
				"north": {"uv": [2, 15, 2.5, 15.25], "texture": "#0"},
				"east": {"uv": [13, 9, 15.75, 9.25], "texture": "#0"},
				"south": {"uv": [15, 2, 15.5, 2.25], "texture": "#0"},
				"west": {"uv": [13, 13, 15.75, 13.25], "texture": "#0"},
				"up": {"uv": [11.5, 12.75, 11, 10], "texture": "#0"},
				"down": {"uv": [0.5, 12, 0, 14.75], "texture": "#0"}
			}
		},
		{
			"from": [7.2, 4.5, 9.7],
			"to": [7.8, 5.95, 9.9],
			"rotation": {"angle": 0, "axis": "y", "origin": [0, -0.25, 0.2]},
			"faces": {
				"north": {"uv": [11, 13, 11.5, 14.5], "texture": "#0"},
				"east": {"uv": [14, 2, 14.25, 3.5], "texture": "#0"},
				"south": {"uv": [12, 13, 12.5, 14.5], "texture": "#0"},
				"west": {"uv": [3, 14, 3.25, 15.5], "texture": "#0"},
				"up": {"uv": [15.5, 3.25, 15, 3], "texture": "#0"},
				"down": {"uv": [4.5, 15, 4, 15.25], "texture": "#0"}
			}
		},
		{
			"from": [7.4, 2.28571, 6.37652],
			"to": [7.6, 3.08571, 6.62652],
			"rotation": {"angle": 22.5, "axis": "x", "origin": [0, -6.76429, 15.87652]},
			"faces": {
				"north": {"uv": [4, 14, 4.25, 14.75], "texture": "#0"},
				"east": {"uv": [14, 4, 14.25, 4.75], "texture": "#0"},
				"south": {"uv": [14, 5, 14.25, 5.75], "texture": "#0"},
				"west": {"uv": [6, 14, 6.25, 14.75], "texture": "#0"},
				"up": {"uv": [15.25, 4.25, 15, 4], "texture": "#0"},
				"down": {"uv": [5.25, 15, 5, 15.25], "texture": "#0"}
			}
		},
		{
			"from": [7.2, 6.6, 6.1],
			"to": [7.8, 7.25, 11.5],
			"rotation": {"angle": 0, "axis": "y", "origin": [0, -0.25, 0.2]},
			"faces": {
				"north": {"uv": [14, 1, 14.5, 1.75], "texture": "#0"},
				"east": {"uv": [12, 0, 13.75, 0.75], "texture": "#0"},
				"south": {"uv": [2, 14, 2.5, 14.75], "texture": "#0"},
				"west": {"uv": [1, 12, 2.75, 12.75], "texture": "#0"},
				"up": {"uv": [13.5, 5.75, 13, 4], "texture": "#0"},
				"down": {"uv": [5.5, 13, 5, 14.75], "texture": "#0"}
			}
		},
		{
			"from": [6.9, 6.5, 6.25],
			"to": [8, 7.5, 13.85],
			"rotation": {"angle": 0, "axis": "y", "origin": [0, -0.25, 0]},
			"faces": {
				"north": {"uv": [12, 1, 13.25, 2], "texture": "#0"},
				"east": {"uv": [4, 0, 11.5, 1], "texture": "#0"},
				"south": {"uv": [5, 12, 6.25, 13], "texture": "#0"},
				"west": {"uv": [4, 1, 11.5, 2], "texture": "#0"},
				"up": {"uv": [1.25, 7.5, 0, 0], "texture": "#0"},
				"down": {"uv": [3.25, 0, 2, 7.5], "texture": "#0"}
			}
		},
		{
			"from": [7.4, 6.98571, 18.22652],
			"to": [7.6, 7.63571, 19.02652],
			"rotation": {"angle": -22.5, "axis": "x", "origin": [0, -6.76429, 15.87652]},
			"faces": {
				"north": {"uv": [15.25, 8, 15, 8.25], "rotation": 180, "texture": "#0"},
				"east": {"uv": [14, 12, 14.25, 12.75], "rotation": 270, "texture": "#0"},
				"south": {"uv": [7.25, 15.25, 7, 15], "texture": "#0"},
				"west": {"uv": [14, 14, 14.25, 14.75], "rotation": 90, "texture": "#0"},
				"up": {"uv": [14, 11, 14.25, 11.75], "rotation": 180, "texture": "#0"},
				"down": {"uv": [13, 14, 13.25, 14.75], "texture": "#0"}
			}
		},
		{
			"from": [7.4, 13.15588, 11.28757],
			"to": [7.6, 13.95588, 11.53757],
			"rotation": {"angle": -22.5, "axis": "x", "origin": [-21, -0.29412, 24.58757]},
			"faces": {
				"north": {"uv": [0, 15, 0.25, 15.75], "texture": "#0"},
				"east": {"uv": [15, 0, 15.25, 0.75], "texture": "#0"},
				"south": {"uv": [1, 15, 1.25, 15.75], "texture": "#0"},
				"west": {"uv": [15, 1, 15.25, 1.75], "texture": "#0"},
				"up": {"uv": [10.25, 15.25, 10, 15], "texture": "#0"},
				"down": {"uv": [15.25, 10, 15, 10.25], "texture": "#0"}
			}
		},
		{
			"from": [7.4, 7.5, 6.8],
			"to": [7.6, 7.85, 7],
			"rotation": {"angle": 0, "axis": "y", "origin": [0, -0.25, 0.2]},
			"faces": {
				"north": {"uv": [11, 15, 11.25, 15.25], "texture": "#0"},
				"east": {"uv": [15, 11, 15.25, 11.25], "texture": "#0"},
				"south": {"uv": [12, 15, 12.25, 15.25], "texture": "#0"},
				"west": {"uv": [15, 12, 15.25, 12.25], "texture": "#0"},
				"up": {"uv": [13.25, 15.25, 13, 15], "texture": "#0"},
				"down": {"uv": [14.25, 15, 14, 15.25], "texture": "#0"}
			}
		}
	],
	"display": {
		"thirdperson_righthand": {
			"rotation": [1, 0, -19],
			"translation": [0, 3.25, -1.75],
			"scale": [0.8, 0.8, 0.8]
		},
		"thirdperson_lefthand": {
			"scale": [0, 0, 0]
		},
		"firstperson_righthand": {
			"rotation": [0, 0, -45],
			"translation": [0, 16, -4]
		},
		"firstperson_lefthand": {
			"rotation": [0, 90, 0],
			"translation": [-11.75, 10.25, 1.5]
		},
		"ground": {
			"translation": [0, 0, -2.5]
		},
		"gui": {
			"rotation": [16, 63.25, 0],
			"translation": [-2, 4, 0],
			"scale": [1.2, 1.2, 1.2]
		}
	},
	"groups": [
		{
			"name": "group",
			"origin": [8, 8, 8],
			"color": 0,
			"children": [
				{
					"name": "group",
					"origin": [8, 8, 8],
					"color": 0,
					"children": [0, 1, 2, 3, 4, 5, 6]
				},
				{
					"name": "group",
					"origin": [0, -0.25, 0.2],
					"color": 0,
					"children": [7]
				},
				{
					"name": "group",
					"origin": [8, 8, 8],
					"color": 0,
					"children": [8, 9, 10, 11]
				}
			]
		}
	]
}