{
	"credit": "Made with Blockbench",
	"texture_size": [32, 32],
	"textures": {
		"0": "tanks/green_tank_head",
		"particle": "tanks/green_tank_head"
	},
	"elements": [
		{
			"from": [3, 7, 3],
			"to": [13, 12, 13],
			"faces": {
				"north": {"uv": [6, 11, 11, 13.5], "texture": "#0"},
				"east": {"uv": [11, 13.5, 6, 16], "texture": "#0"},
				"south": {"uv": [1, 13.5, 6, 16], "texture": "#0"},
				"west": {"uv": [6, 13.5, 11, 16], "texture": "#0"},
				"up": {"uv": [11, 11, 16, 16], "texture": "#0"},
				"down": {"uv": [11, 6, 16, 11], "texture": "#0"}
			}
		},
		{
			"from": [6.5, 7.5, -2],
			"to": [9.5, 10.5, 3],
			"faces": {
				"north": {"uv": [7, 9.5, 8.5, 11], "texture": "#0"},
				"east": {"uv": [11, 9.5, 8.5, 11], "texture": "#0"},
				"south": {"uv": [0, 0, 12, 6], "texture": "#missing"},
				"west": {"uv": [8.5, 9.5, 11, 11], "texture": "#0"},
				"up": {"uv": [8, 7, 9.5, 9.5], "texture": "#0"},
				"down": {"uv": [9.5, 7, 11, 9.5], "texture": "#0"}
			}
		}
	],
	"display": {
		"thirdperson_righthand": {
			"rotation": [55, 45, 0],
			"scale": [0.5, 0.5, 0.5]
		},
		"firstperson_righthand": {
			"rotation": [0, 115, 0],
			"translation": [0, 3, 0],
			"scale": [0.5, 0.5, 0.5]
		},
		"firstperson_lefthand": {
			"rotation": [0, 115, 0],
			"translation": [0, 3, 0],
			"scale": [0.5, 0.5, 0.5]
		},
		"ground": {
			"scale": [0.5, 0.5, 0.5]
		},
		"gui": {
			"rotation": [35, 135, 0],
			"translation": [0.5, 1.25, 0],
			"scale": [0.7, 0.7, 0.7]
		},
		"head": {
			"scale": [1.5, 1.5, 1.5]
		}
	},
	"groups": [
		{
			"name": "Head",
			"origin": [0, 0, 0],
			"children": [0, 1]
		}
	]
}