{
    "parent": "item/generated",
    "textures": {
        "layer0": "item/diamond"
    },
    "overrides": [

        {"predicate": {"custom_model_data": 120101}, "model": "nw:stand/base/the_world"},
        {"predicate": {"custom_model_data": 120102}, "model": "nw:stand/base/star_platinum"},
        {"predicate": {"custom_model_data": 120103}, "model": "nw:stand/base/hermit_purple"},
        {"predicate": {"custom_model_data": 120104}, "model": "nw:stand/base/magicians_red"},
        {"predicate": {"custom_model_data": 120105}, "model": "nw:stand/base/hierophant_green"},
        {"predicate": {"custom_model_data": 120106}, "model": "nw:stand/base/silver_chariot"},
        {"predicate": {"custom_model_data": 120107}, "model": "nw:stand/base/dark_blue_moon"},
        {"predicate": {"custom_model_data": 120108}, "model": "nw:stand/base/other/boingo"},
        {"predicate": {"custom_model_data": 120109}, "model": "nw:stand/base/cream"},
        {"predicate": {"custom_model_data": 120110}, "model": "nw:stand/base/horus"},
        {"predicate": {"custom_model_data": 120111}, "model": "nw:stand/base/the_fool"},
        {"predicate": {"custom_model_data": 120112}, "model": "nw:stand/base/justice"},
        {"predicate": {"custom_model_data": 120113}, "model": "nw:stand/base/death_13"},
        {"predicate": {"custom_model_data": 120114}, "model": "nw:stand/base/anubis"},
        {"predicate": {"custom_model_data": 120115}, "model": "nw:stand/base/tower_of_gray"},
        {"predicate": {"custom_model_data": 120116}, "model": "nw:stand/base/sun"},
        {"predicate": {"custom_model_data": 120117}, "model": "nw:stand/base/crazy_diamond"},
        {"predicate": {"custom_model_data": 120118}, "model": "nw:stand/base/echoes1"},
        {"predicate": {"custom_model_data": 120119}, "model": "nw:stand/base/the_hand"},
        {"predicate": {"custom_model_data": 120120}, "model": "nw:stand/base/bad_company"},
        {"predicate": {"custom_model_data": 120121}, "model": "nw:stand/base/chilly_pepper"},
        {"predicate": {"custom_model_data": 120122}, "model": "nw:stand/base/heavens_door"},
        {"predicate": {"custom_model_data": 120123}, "model": "nw:stand/base/highway_star"},
        {"predicate": {"custom_model_data": 120124}, "model": "nw:stand/base/enigma"},
        {"predicate": {"custom_model_data": 120125}, "model": "nw:stand/base/harvest"},
        {"predicate": {"custom_model_data": 120126}, "model": "nw:stand/base/achtung_baby"},
        {"predicate": {"custom_model_data": 120127}, "model": "nw:stand/base/killer_queen"},
        {"predicate": {"custom_model_data": 120128}, "model": "nw:stand/base/pearl_jam"},
        {"predicate": {"custom_model_data": 120129}, "model": "nw:stand/base/gold_experience"},
        {"predicate": {"custom_model_data": 120130}, "model": "nw:stand/base/sticky_fingers"},
        {"predicate": {"custom_model_data": 120131}, "model": "nw:stand/base/black_sabbath"},
        {"predicate": {"custom_model_data": 120132}, "model": "nw:stand/base/moody_blues"},
        {"predicate": {"custom_model_data": 120133}, "model": "nw:stand/base/soft_machine"},
        {"predicate": {"custom_model_data": 120134}, "model": "nw:stand/base/six_bullet"},
        {"predicate": {"custom_model_data": 120135}, "model": "nw:stand/base/kraftwork"},
        {"predicate": {"custom_model_data": 120136}, "model": "nw:stand/base/aerosmith"},
        {"predicate": {"custom_model_data": 120137}, "model": "nw:stand/base/purple_haze"},
        {"predicate": {"custom_model_data": 120138}, "model": "nw:stand/base/grateful_dead"},
        {"predicate": {"custom_model_data": 120139}, "model": "nw:stand/base/baby_face"},
        {"predicate": {"custom_model_data": 120140}, "model": "nw:stand/base/white_album"},
        {"predicate": {"custom_model_data": 120141}, "model": "nw:stand/base/doppio"},
        {"predicate": {"custom_model_data": 120142}, "model": "nw:stand/base/notorious_big"},
        {"predicate": {"custom_model_data": 120144}, "model": "nw:stand/base/spice_girl"},
        {"predicate": {"custom_model_data": 120145}, "model": "nw:stand/base/green_day"},
        {"predicate": {"custom_model_data": 120146}, "model": "nw:stand/base/lil_feet"},
        {"predicate": {"custom_model_data": 120147}, "model": "nw:stand/base/oasis"},

        {"predicate": {"custom_model_data": 120201}, "model": "nw:stand/base/other/the_world_stop"},
        {"predicate": {"custom_model_data": 120202}, "model": "nw:stand/base/other/star_platinum_punch"},
        {"predicate": {"custom_model_data": 120204}, "model": "nw:stand/base/other/magicians_kick"},
        {"predicate": {"custom_model_data": 120205}, "model": "nw:stand/base/other/hierophant_slap"},
        {"predicate": {"custom_model_data": 120206}, "model": "nw:stand/base/other/chariot_pierce"},
        {"predicate": {"custom_model_data": 120209}, "model": "nw:stand/base/other/cream_punch"},
        {"predicate": {"custom_model_data": 120210}, "model": "nw:stand/base/other/ice_dagger"},
        {"predicate": {"custom_model_data": 120211}, "model": "nw:stand/base/other/the_fool_slash"},
        {"predicate": {"custom_model_data": 120213}, "model": "nw:stand/base/other/death_scytheless"},
        {"predicate": {"custom_model_data": 120217}, "model": "nw:stand/base/other/crazy_diamond_punch"},
        {"predicate": {"custom_model_data": 120218}, "model": "nw:stand/base/echoes2"},
        {"predicate": {"custom_model_data": 120219}, "model": "nw:stand/base/other/the_hand_punch"},
        {"predicate": {"custom_model_data": 120220}, "model": "nw:stand/base/anim/bc_copter"},
        {"predicate": {"custom_model_data": 120221}, "model": "nw:stand/base/other/chilly_pepper_punch"},
        {"predicate": {"custom_model_data": 120222}, "model": "nw:stand/base/other/heavens_door_set"},
        {"predicate": {"custom_model_data": 120223}, "model": "nw:stand/base/other/highway_star_punch"},
        {"predicate": {"custom_model_data": 120224}, "model": "nw:stand/base/other/enigma_set"},
        {"predicate": {"custom_model_data": 120225}, "model": "nw:stand/base/other/harvest_walk"},
        {"predicate": {"custom_model_data": 120226}, "model": "nw:stand/base/other/achtung_baby_punch"},
        {"predicate": {"custom_model_data": 120227}, "model": "nw:stand/base/other/killer_queen_set"},
        {"predicate": {"custom_model_data": 120229}, "model": "nw:stand/base/other/gold_experience_punch"},
        {"predicate": {"custom_model_data": 120230}, "model": "nw:stand/base/other/sticky_fingers_punch"},
        {"predicate": {"custom_model_data": 120231}, "model": "nw:stand/base/other/black_sabbath_float"},
        {"predicate": {"custom_model_data": 120232}, "model": "nw:stand/base/other/moody_blues_punch"},
        {"predicate": {"custom_model_data": 120233}, "model": "nw:stand/base/other/soft_machine_stab"},
        {"predicate": {"custom_model_data": 120235}, "model": "nw:stand/base/other/kraftwork_punch"},
        {"predicate": {"custom_model_data": 120237}, "model": "nw:stand/base/other/purple_haze_punch"},
        {"predicate": {"custom_model_data": 120238}, "model": "nw:stand/base/other/grateful_punch"},
        {"predicate": {"custom_model_data": 120239}, "model": "nw:stand/base/other/baby_face_chop"},
        {"predicate": {"custom_model_data": 120240}, "model": "nw:stand/base/other/white_album_kick"},
        {"predicate": {"custom_model_data": 120241}, "model": "nw:stand/base/other/doppio_punch"},
        {"predicate": {"custom_model_data": 120242}, "model": "nw:stand/base/other/notorious_punch"},
        {"predicate": {"custom_model_data": 120244}, "model": "nw:stand/base/other/spice_girl_kick"},
        {"predicate": {"custom_model_data": 120245}, "model": "nw:stand/base/other/green_day_punch"},
        {"predicate": {"custom_model_data": 120246}, "model": "nw:stand/base/other/lil_feet_1"},
        {"predicate": {"custom_model_data": 120247}, "model": "nw:stand/base/other/oasis_punch"},


        {"predicate": {"custom_model_data": 120301}, "model": "nw:stand/base/other/the_world_donut"},
        {"predicate": {"custom_model_data": 120302}, "model": "nw:stand/base/other/star_platinum_finger"},
        {"predicate": {"custom_model_data": 120304}, "model": "nw:stand/base/other/magicians_bind"},
        {"predicate": {"custom_model_data": 120305}, "model": "nw:stand/base/other/hierophant_bind"},
        {"predicate": {"custom_model_data": 120306}, "model": "nw:stand/base/other/chariot_spin"},
        {"predicate": {"custom_model_data": 120309}, "model": "nw:stand/base/other/cream_bite"},
        {"predicate": {"custom_model_data": 120310}, "model": "nw:stand/base/other/ice_dagger2"},
        {"predicate": {"custom_model_data": 120311}, "model": "nw:stand/base/other/the_fool_flight"},
        {"predicate": {"custom_model_data": 120313}, "model": "nw:stand/base/anim/death_scythe"},
        {"predicate": {"custom_model_data": 120317}, "model": "nw:stand/base/other/crazy_diamond_slam"},
        {"predicate": {"custom_model_data": 120318}, "model": "nw:stand/base/echoes3"},
        {"predicate": {"custom_model_data": 120319}, "model": "nw:stand/base/other/the_hand_air"},
        {"predicate": {"custom_model_data": 120320}, "model": "nw:stand/base/other/bc_tank"},
        {"predicate": {"custom_model_data": 120322}, "model": "nw:stand/base/other/cheap_trick"},
        {"predicate": {"custom_model_data": 120323}, "model": "nw:stand/base/anim/highway_feet"},
        {"predicate": {"custom_model_data": 120325}, "model": "nw:stand/base/other/harvest_bd"},
        {"predicate": {"custom_model_data": 120327}, "model": "nw:stand/base/other/killer_queen_donut"},
        {"predicate": {"custom_model_data": 120329}, "model": "nw:stand/base/anim/gold_experience_kick"},
        {"predicate": {"custom_model_data": 120330}, "model": "nw:stand/base/other/sticky_fingers_extended"},
        {"predicate": {"custom_model_data": 120331}, "model": "nw:stand/base/other/black_sabbath_grab"},
        {"predicate": {"custom_model_data": 120332}, "model": "nw:stand/base/other/moody_blues_kick"},
        {"predicate": {"custom_model_data": 120337}, "model": "nw:stand/base/other/purple_haze_smash"},
        {"predicate": {"custom_model_data": 120338}, "model": "nw:stand/base/other/pesci"},
        {"predicate": {"custom_model_data": 120339}, "model": "nw:stand/base/other/baby_face_smol"},
        {"predicate": {"custom_model_data": 120340}, "model": "nw:stand/base/anim/white_album"},
        {"predicate": {"custom_model_data": 120341}, "model": "nw:stand/base/other/doppio_slam"},
        {"predicate": {"custom_model_data": 120342}, "model": "nw:stand/base/other/notorious_kick"},
        {"predicate": {"custom_model_data": 120344}, "model": "nw:stand/base/other/spice_girl_pipe"},
        {"predicate": {"custom_model_data": 120345}, "model": "nw:stand/base/other/green_day_arm"},
        {"predicate": {"custom_model_data": 120346}, "model": "nw:stand/base/other/lil_feet_2"},
        {"predicate": {"custom_model_data": 120347}, "model": "nw:stand/base/anim/oasis_walk"},


        {"predicate": {"custom_model_data": 120401}, "model": "nw:stand/base/anim/the_world"},
        {"predicate": {"custom_model_data": 120402}, "model": "nw:stand/base/anim/star_platinum"},
        {"predicate": {"custom_model_data": 120404}, "model": "nw:stand/base/other/crossfire"},
        {"predicate": {"custom_model_data": 120405}, "model": "nw:stand/base/other/hierophant_splash"},
        {"predicate": {"custom_model_data": 120406}, "model": "nw:stand/base/anim/chariot_barrage"},
        {"predicate": {"custom_model_data": 120409}, "model": "nw:stand/base/other/cream_void"},
        {"predicate": {"custom_model_data": 120411}, "model": "nw:stand/base/other/sand_dome"},
        {"predicate": {"custom_model_data": 120413}, "model": "nw:stand/base/other/death_attack1"},
        {"predicate": {"custom_model_data": 120417}, "model": "nw:stand/base/anim/crazy_diamond"},
        {"predicate": {"custom_model_data": 120418}, "model": "nw:stand/base/anim/echoes_barrage"},
        {"predicate": {"custom_model_data": 120419}, "model": "nw:stand/base/anim/the_hand_erase"},
        {"predicate": {"custom_model_data": 120423}, "model": "nw:stand/base/anim/highway_star"},
        {"predicate": {"custom_model_data": 120426}, "model": "nw:stand/base/anim/achtung_baby"},
        {"predicate": {"custom_model_data": 120427}, "model": "nw:stand/base/anim/killer_queen"},
        {"predicate": {"custom_model_data": 120429}, "model": "nw:stand/base/anim/gold_experience"},
        {"predicate": {"custom_model_data": 120430}, "model": "nw:stand/base/anim/sticky_fingers"},
        {"predicate": {"custom_model_data": 120431}, "model": "nw:stand/base/other/black_sabbath_arrow"},
        {"predicate": {"custom_model_data": 120432}, "model": "nw:stand/base/anim/moody_blues"},
        {"predicate": {"custom_model_data": 120433}, "model": "nw:stand/base/anim/soft_machine"},
        {"predicate": {"custom_model_data": 120435}, "model": "nw:stand/base/anim/kraftwork"},
        {"predicate": {"custom_model_data": 120437}, "model": "nw:stand/base/anim/purple_haze"},
        {"predicate": {"custom_model_data": 120438}, "model": "nw:stand/base/other/grateful_barrage"},
        {"predicate": {"custom_model_data": 120439}, "model": "nw:stand/base/other/baby_face_kid"},
        {"predicate": {"custom_model_data": 120440}, "model": "nw:stand/base/anim/white_album_barrage"},
        {"predicate": {"custom_model_data": 120441}, "model": "nw:stand/base/anim/doppio"},
        {"predicate": {"custom_model_data": 120442}, "model": "nw:stand/base/anim/notorious_barrage"},
        {"predicate": {"custom_model_data": 120444}, "model": "nw:stand/base/anim/spice_girl"},
        {"predicate": {"custom_model_data": 120445}, "model": "nw:stand/base/anim/green_day"},
        {"predicate": {"custom_model_data": 120446}, "model": "nw:stand/base/other/lil_feet_3"},
        {"predicate": {"custom_model_data": 120447}, "model": "nw:stand/base/anim/oasis"},



        {"predicate": {"custom_model_data": 120501}, "model": "nw:stand/base/other/roller"},
        {"predicate": {"custom_model_data": 120502}, "model": "nw:stand/base/other/star_platinum_suck"},
        {"predicate": {"custom_model_data": 120506}, "model": "nw:stand/base/other/chariot_armorless"},
        {"predicate": {"custom_model_data": 120511}, "model": "nw:stand/base/other/the_fool_dio"},
        {"predicate": {"custom_model_data": 120513}, "model": "nw:stand/base/other/death_attack2"},
        {"predicate": {"custom_model_data": 120517}, "model": "nw:stand/base/other/crazy_diamond_glass"},
        {"predicate": {"custom_model_data": 120518}, "model": "nw:stand/base/other/echoes3_punch"},
        {"predicate": {"custom_model_data": 120519}, "model": "nw:stand/base/other/the_hand_erase"},
        {"predicate": {"custom_model_data": 120527}, "model": "nw:stand/base/other/sheer_heart_attack"},
        {"predicate": {"custom_model_data": 120529}, "model": "nw:stand/base/other/gold_experience_pierce"},
        {"predicate": {"custom_model_data": 120530}, "model": "nw:stand/base/other/zipper"},
        {"predicate": {"custom_model_data": 120537}, "model": "nw:stand/base/other/purple_haze_grab"},
        {"predicate": {"custom_model_data": 120539}, "model": "nw:stand/base/anim/baby_face_walk"},
        {"predicate": {"custom_model_data": 120540}, "model": "nw:stand/base/other/album_spike"},
        {"predicate": {"custom_model_data": 120541}, "model": "nw:stand/base/other/epitaph"},
        {"predicate": {"custom_model_data": 120542}, "model": "nw:stand/base/other/nbig"},
        {"predicate": {"custom_model_data": 120544}, "model": "nw:stand/base/other/spice_girl_pierce"},
        {"predicate": {"custom_model_data": 120545}, "model": "nw:stand/base/other/green_day_legs"},



        {"predicate": {"custom_model_data": 120601}, "model": "nw:stand/base/other/the_world_punch"},
        {"predicate": {"custom_model_data": 120602}, "model": "nw:stand/base/anim/star_platinum_judge"},
        {"predicate": {"custom_model_data": 120606}, "model": "nw:stand/base/anim/chariot_barrage2"},
        {"predicate": {"custom_model_data": 120611}, "model": "nw:stand/base/other/sand_wave"},
        {"predicate": {"custom_model_data": 120613}, "model": "nw:stand/base/other/death_attack3"},
        {"predicate": {"custom_model_data": 120617}, "model": "nw:stand/base/other/crazy_diamond_uppercut"},
        {"predicate": {"custom_model_data": 120619}, "model": "nw:stand/base/anim/the_hand"},
        {"predicate": {"custom_model_data": 120627}, "model": "nw:stand/evo/other/killer_stray"},
        {"predicate": {"custom_model_data": 120630}, "model": "nw:stand/base/other/zipper2"},
        {"predicate": {"custom_model_data": 120637}, "model": "nw:stand/base/other/purple_haze_capsule"},

        {"predicate": {"custom_model_data": 120701}, "model": "nw:stand/base/anim/the_world_kick"},
        {"predicate": {"custom_model_data": 120717}, "model": "nw:stand/base/other/crazy_diamond_pierce"},
        {"predicate": {"custom_model_data": 120727}, "model": "nw:stand/evo/other/killer_btd"},
        {"predicate": {"custom_model_data": 120730}, "model": "nw:stand/base/other/zipper3"},
        {"predicate": {"custom_model_data": 120737}, "model": "nw:stand/evo/purple_haze"},

        {"predicate": {"custom_model_data": 120901}, "model": "nw:stand/base/other/the_world_block"},
        {"predicate": {"custom_model_data": 120902}, "model": "nw:stand/base/other/sp_block"},
        {"predicate": {"custom_model_data": 120904}, "model": "nw:stand/base/other/magicians_block"},
        {"predicate": {"custom_model_data": 120905}, "model": "nw:stand/base/other/hierophant_block"},
        {"predicate": {"custom_model_data": 120907}, "model": "nw:stand/base/other/dbm_block"},



        {"predicate": {"custom_model_data": 121101}, "model": "nw:stand/base/stw"},
        {"predicate": {"custom_model_data": 121102}, "model": "nw:stand/evo/sptw"},
        {"predicate": {"custom_model_data": 121106}, "model": "nw:stand/evo/veteran_chariot"},
        {"predicate": {"custom_model_data": 121114}, "model": "nw:stand/evo/anubis_chariot"},
        {"predicate": {"custom_model_data": 121117}, "model": "nw:stand/evo/crazy_diamond"},
        {"predicate": {"custom_model_data": 121129}, "model": "nw:stand/evo/ger"},
        {"predicate": {"custom_model_data": 121141}, "model": "nw:stand/base/king_crimson"},



        {"predicate": {"custom_model_data": 121201}, "model": "nw:stand/base/other/stw1"},
        {"predicate": {"custom_model_data": 121202}, "model": "nw:stand/evo/other/star_platinum_punch"},
        {"predicate": {"custom_model_data": 121206}, "model": "nw:stand/evo/other/chariot_pierce"},
        {"predicate": {"custom_model_data": 121214}, "model": "nw:stand/evo/other/anubis_rapier"},
        {"predicate": {"custom_model_data": 121217}, "model": "nw:stand/evo/other/crazy_diamond_punch"},
        {"predicate": {"custom_model_data": 121229}, "model": "nw:stand/evo/other/ger_punch"},
        {"predicate": {"custom_model_data": 121241}, "model": "nw:stand/base/other/king_crimson_punch"},


        {"predicate": {"custom_model_data": 121301}, "model": "nw:stand/base/other/stw2"},
        {"predicate": {"custom_model_data": 121302}, "model": "nw:stand/evo/other/star_platinum_slam"},
        {"predicate": {"custom_model_data": 121306}, "model": "nw:stand/evo/other/chariot_arrow"},
        {"predicate": {"custom_model_data": 121314}, "model": "nw:stand/evo/other/anubis_anubis"},
        {"predicate": {"custom_model_data": 121317}, "model": "nw:stand/evo/other/crazy_diamond_uppercut"},
        {"predicate": {"custom_model_data": 121329}, "model": "nw:stand/evo/other/ger_finisher"},
        {"predicate": {"custom_model_data": 121341}, "model": "nw:stand/base/other/king_crimson_donut"},

        {"predicate": {"custom_model_data": 121401}, "model": "nw:stand/base/other/stw_upper"},
        {"predicate": {"custom_model_data": 121402}, "model": "nw:stand/evo/anim/star_platinum"},
        {"predicate": {"custom_model_data": 121414}, "model": "nw:stand/evo/anim/anubis_barrage"},
        {"predicate": {"custom_model_data": 121417}, "model": "nw:stand/evo/anim/crazy_diamond"},
        {"predicate": {"custom_model_data": 121429}, "model": "nw:stand/evo/anim/ger"},
        {"predicate": {"custom_model_data": 121441}, "model": "nw:stand/base/anim/king_crimson"},

        {"predicate": {"custom_model_data": 121502}, "model": "nw:stand/evo/other/star_platinum_stop"},
        {"predicate": {"custom_model_data": 121514}, "model": "nw:stand/evo/anim/anubis_spin1"},
        {"predicate": {"custom_model_data": 121541}, "model": "nw:stand/base/other/king_crimson_chop1"},

        {"predicate": {"custom_model_data": 121614}, "model": "nw:stand/evo/other/anubis_spin2"},
        {"predicate": {"custom_model_data": 121641}, "model": "nw:stand/base/other/king_crimson_chop2"},

        {"predicate": {"custom_model_data": 121714}, "model": "nw:stand/evo/anim/anubis_spin3"},
        {"predicate": {"custom_model_data": 121741}, "model": "nw:stand/base/other/king_crimson_pierce"},

        {"predicate": {"custom_model_data": 121814}, "model": "nw:stand/evo/other/anubis_dual"},

        {"predicate": {"custom_model_data": 121914}, "model": "nw:stand/evo/other/anubis_upper"},


        {"predicate": {"custom_model_data": 122106}, "model": "nw:stand/evo/chariot_requiem"},
        {"predicate": {"custom_model_data": 122141}, "model": "nw:stand/evo/kcr"},


        {"predicate": {"custom_model_data": 122206}, "model": "nw:stand/evo/other/scr_pierce"},
        {"predicate": {"custom_model_data": 122241}, "model": "nw:stand/evo/other/kcr_chop1"},

        {"predicate": {"custom_model_data": 122306}, "model": "nw:stand/evo/anim/scr_walk"},
        {"predicate": {"custom_model_data": 122341}, "model": "nw:stand/evo/other/kcr_chop2"},

        {"predicate": {"custom_model_data": 122406}, "model": "nw:stand/evo/anim/scr_barrage"},
        {"predicate": {"custom_model_data": 122441}, "model": "nw:stand/evo/anim/kcr"},

        {"predicate": {"custom_model_data": 122506}, "model": "nw:stand/evo/anim/scr_run"},
        {"predicate": {"custom_model_data": 122541}, "model": "nw:stand/evo/other/kcr_donut"},

        {"predicate": {"custom_model_data": 122606}, "model": "nw:stand/evo/other/scr_noarrow"},


        {"predicate": {"custom_model_data": 130101}, "model": "nw:stand/skins/the_world"},
        {"predicate": {"custom_model_data": 130102}, "model": "nw:stand/skins/star_platinum"},
        {"predicate": {"custom_model_data": 130104}, "model": "nw:stand/skins/magicians_red"},
        {"predicate": {"custom_model_data": 130105}, "model": "nw:stand/skins/hierophant_green"},
        {"predicate": {"custom_model_data": 130106}, "model": "nw:stand/skins/silver_chariot"},
        {"predicate": {"custom_model_data": 130107}, "model": "nw:stand/skins/dark_blue_moon"},
        {"predicate": {"custom_model_data": 130109}, "model": "nw:stand/skins/cream"},
        {"predicate": {"custom_model_data": 130110}, "model": "nw:stand/skins/horus"},
        {"predicate": {"custom_model_data": 130111}, "model": "nw:stand/skins/the_fool"},
        {"predicate": {"custom_model_data": 130112}, "model": "nw:stand/skins/justice"},
        {"predicate": {"custom_model_data": 130113}, "model": "nw:stand/skins/death_13"},
        {"predicate": {"custom_model_data": 130114}, "model": "nw:stand/skins/nitocris"},
        {"predicate": {"custom_model_data": 130115}, "model": "nw:stand/skins/tower_of_gray"},
        {"predicate": {"custom_model_data": 130116}, "model": "nw:stand/skins/sun"},
        {"predicate": {"custom_model_data": 130117}, "model": "nw:stand/skins/crazy_diamond"},
        {"predicate": {"custom_model_data": 130118}, "model": "nw:stand/skins/echoes1"},
        {"predicate": {"custom_model_data": 130119}, "model": "nw:stand/skins/the_hand"},
        {"predicate": {"custom_model_data": 130121}, "model": "nw:stand/skins/chilly_pepper"},
        {"predicate": {"custom_model_data": 130122}, "model": "nw:stand/skins/heavens_door"},
        {"predicate": {"custom_model_data": 130123}, "model": "nw:stand/skins/highway_star"},
        {"predicate": {"custom_model_data": 130124}, "model": "nw:stand/skins/enigma"},
        {"predicate": {"custom_model_data": 130125}, "model": "nw:stand/skins/harvest"},
        {"predicate": {"custom_model_data": 130126}, "model": "nw:stand/skins/achtung_baby"},
        {"predicate": {"custom_model_data": 130127}, "model": "nw:stand/skins/killer_queen"},
        {"predicate": {"custom_model_data": 130129}, "model": "nw:stand/skins/gold_experience"},
        {"predicate": {"custom_model_data": 130130}, "model": "nw:stand/skins/sticky_fingers"},
        {"predicate": {"custom_model_data": 130131}, "model": "nw:stand/skins/black_sabbath"},
        {"predicate": {"custom_model_data": 130132}, "model": "nw:stand/skins/moody_blues"},
        {"predicate": {"custom_model_data": 130133}, "model": "nw:stand/skins/soft_machine"},
        {"predicate": {"custom_model_data": 130135}, "model": "nw:stand/skins/kraftwork"},
        {"predicate": {"custom_model_data": 130136}, "model": "nw:stand/skins/aerosmith"},
        {"predicate": {"custom_model_data": 130137}, "model": "nw:stand/skins/plague"},
        {"predicate": {"custom_model_data": 130138}, "model": "nw:stand/skins/grateful_dead"},
        {"predicate": {"custom_model_data": 130139}, "model": "nw:stand/skins/baby_face"},
        {"predicate": {"custom_model_data": 130140}, "model": "nw:stand/skins/white_album"},
        {"predicate": {"custom_model_data": 130141}, "model": "nw:stand/skins/king_crimson"},
        {"predicate": {"custom_model_data": 130144}, "model": "nw:stand/skins/spice_girl"},
        {"predicate": {"custom_model_data": 130145}, "model": "nw:stand/skins/green_day"},
        {"predicate": {"custom_model_data": 130146}, "model": "nw:stand/skins/lil_feet"},
        {"predicate": {"custom_model_data": 130147}, "model": "nw:stand/skins/oasis"},

        {"predicate": {"custom_model_data": 130201}, "model": "nw:stand/skins/other/the_world_stop"},
        {"predicate": {"custom_model_data": 130202}, "model": "nw:stand/skins/other/star_platinum_punch"},
        {"predicate": {"custom_model_data": 130204}, "model": "nw:stand/skins/other/magicians_kick"},
        {"predicate": {"custom_model_data": 130205}, "model": "nw:stand/skins/other/hierophant_slap"},
        {"predicate": {"custom_model_data": 130206}, "model": "nw:stand/skins/other/chariot_pierce"},
        {"predicate": {"custom_model_data": 130209}, "model": "nw:stand/skins/other/cream_punch"},
        {"predicate": {"custom_model_data": 130211}, "model": "nw:stand/skins/other/the_fool_slash"},
        {"predicate": {"custom_model_data": 130213}, "model": "nw:stand/skins/other/death_scytheless"},
        {"predicate": {"custom_model_data": 130217}, "model": "nw:stand/skins/other/crazy_diamond_punch"},
        {"predicate": {"custom_model_data": 130218}, "model": "nw:stand/skins/echoes2"},
        {"predicate": {"custom_model_data": 130219}, "model": "nw:stand/skins/other/the_hand_punch"},
        {"predicate": {"custom_model_data": 130221}, "model": "nw:stand/skins/other/chilly_pepper_punch"},
        {"predicate": {"custom_model_data": 130222}, "model": "nw:stand/skins/other/heavens_door_set"},
        {"predicate": {"custom_model_data": 130223}, "model": "nw:stand/skins/other/highway_star_punch"},
        {"predicate": {"custom_model_data": 130224}, "model": "nw:stand/skins/other/enigma_set"},
        {"predicate": {"custom_model_data": 130225}, "model": "nw:stand/skins/other/harvest_walk"},
        {"predicate": {"custom_model_data": 130226}, "model": "nw:stand/skins/other/achtung_baby_punch"},
        {"predicate": {"custom_model_data": 130227}, "model": "nw:stand/skins/other/killer_queen_set"},
        {"predicate": {"custom_model_data": 130229}, "model": "nw:stand/skins/other/gold_experience_punch"},
        {"predicate": {"custom_model_data": 130230}, "model": "nw:stand/skins/other/sticky_fingers_punch"},
        {"predicate": {"custom_model_data": 130231}, "model": "nw:stand/skins/other/black_sabbath_float"},
        {"predicate": {"custom_model_data": 130232}, "model": "nw:stand/skins/other/moody_blues_punch"},
        {"predicate": {"custom_model_data": 130233}, "model": "nw:stand/skins/other/soft_machine_stab"},
        {"predicate": {"custom_model_data": 130235}, "model": "nw:stand/skins/other/kraftwork_punch"},
        {"predicate": {"custom_model_data": 130237}, "model": "nw:stand/skins/other/plague_punch"},
        {"predicate": {"custom_model_data": 130238}, "model": "nw:stand/skins/other/grateful_punch"},
        {"predicate": {"custom_model_data": 130239}, "model": "nw:stand/skins/other/baby_face_chop"},
        {"predicate": {"custom_model_data": 130240}, "model": "nw:stand/skins/other/white_album_kick"},
        {"predicate": {"custom_model_data": 130241}, "model": "nw:stand/skins/other/king_crimson_punch"},
        {"predicate": {"custom_model_data": 130244}, "model": "nw:stand/skins/other/spice_girl_kick"},
        {"predicate": {"custom_model_data": 130245}, "model": "nw:stand/skins/other/green_day_punch"},
        {"predicate": {"custom_model_data": 130246}, "model": "nw:stand/skins/other/lil_feet_1"},
        {"predicate": {"custom_model_data": 130247}, "model": "nw:stand/skins/other/oasis_punch"},

        {"predicate": {"custom_model_data": 130301}, "model": "nw:stand/skins/other/the_world_donut"},
        {"predicate": {"custom_model_data": 130302}, "model": "nw:stand/skins/other/star_platinum_finger"},
        {"predicate": {"custom_model_data": 130304}, "model": "nw:stand/skins/other/magicians_bind"},
        {"predicate": {"custom_model_data": 130305}, "model": "nw:stand/skins/other/hierophant_bind"},
        {"predicate": {"custom_model_data": 130306}, "model": "nw:stand/skins/other/chariot_spin"},
        {"predicate": {"custom_model_data": 130309}, "model": "nw:stand/skins/other/cream_bite"},
        {"predicate": {"custom_model_data": 130311}, "model": "nw:stand/skins/other/the_fool_flight"},
        {"predicate": {"custom_model_data": 130317}, "model": "nw:stand/skins/other/crazy_diamond_slam"},
        {"predicate": {"custom_model_data": 130318}, "model": "nw:stand/skins/echoes3"},
        {"predicate": {"custom_model_data": 130319}, "model": "nw:stand/skins/other/the_hand_air"},
        {"predicate": {"custom_model_data": 130325}, "model": "nw:stand/skins/other/harvest_bd"},
        {"predicate": {"custom_model_data": 130327}, "model": "nw:stand/skins/other/killer_queen_donut"},
        {"predicate": {"custom_model_data": 130329}, "model": "nw:stand/skins/anim/gold_experience_kick"},
        {"predicate": {"custom_model_data": 130330}, "model": "nw:stand/skins/other/sticky_fingers_extended"},
        {"predicate": {"custom_model_data": 130331}, "model": "nw:stand/skins/other/black_sabbath_grab"},
        {"predicate": {"custom_model_data": 130332}, "model": "nw:stand/skins/other/moody_blues_kick"},
        {"predicate": {"custom_model_data": 130337}, "model": "nw:stand/skins/other/plague_slam"},
        {"predicate": {"custom_model_data": 130339}, "model": "nw:stand/skins/other/baby_face_smol"},
        {"predicate": {"custom_model_data": 130340}, "model": "nw:stand/skins/anim/white_album"},
        {"predicate": {"custom_model_data": 130341}, "model": "nw:stand/skins/other/king_crimson_donut"},
        {"predicate": {"custom_model_data": 130344}, "model": "nw:stand/skins/other/spice_girl_pipe"},
        {"predicate": {"custom_model_data": 130346}, "model": "nw:stand/skins/other/lil_feet_2"},
        {"predicate": {"custom_model_data": 130347}, "model": "nw:stand/skins/anim/oasis_walk"},


        {"predicate": {"custom_model_data": 130401}, "model": "nw:stand/skins/anim/the_world"},
        {"predicate": {"custom_model_data": 130402}, "model": "nw:stand/skins/anim/star_platinum"},
        {"predicate": {"custom_model_data": 130405}, "model": "nw:stand/skins/other/hierophant_splash"},
        {"predicate": {"custom_model_data": 130406}, "model": "nw:stand/skins/anim/chariot_barrage"},
        {"predicate": {"custom_model_data": 130409}, "model": "nw:stand/skins/other/cream_void"},
        {"predicate": {"custom_model_data": 130413}, "model": "nw:stand/skins/other/death_attack1"},
        {"predicate": {"custom_model_data": 130417}, "model": "nw:stand/skins/anim/crazy_diamond"},
        {"predicate": {"custom_model_data": 130418}, "model": "nw:stand/skins/anim/echoes_barrage"},
        {"predicate": {"custom_model_data": 130419}, "model": "nw:stand/skins/anim/the_hand_erase"},
        {"predicate": {"custom_model_data": 130423}, "model": "nw:stand/skins/anim/highway_star"},
        {"predicate": {"custom_model_data": 130426}, "model": "nw:stand/skins/anim/achtung_baby"},
        {"predicate": {"custom_model_data": 130427}, "model": "nw:stand/skins/anim/killer_queen"},
        {"predicate": {"custom_model_data": 130429}, "model": "nw:stand/skins/anim/gold_experience"},
        {"predicate": {"custom_model_data": 130430}, "model": "nw:stand/skins/anim/sticky_fingers"},
        {"predicate": {"custom_model_data": 130431}, "model": "nw:stand/skins/other/black_sabbath_arrow"},
        {"predicate": {"custom_model_data": 130432}, "model": "nw:stand/skins/anim/moody_blues"},
        {"predicate": {"custom_model_data": 130433}, "model": "nw:stand/skins/anim/soft_machine"},
        {"predicate": {"custom_model_data": 130435}, "model": "nw:stand/skins/anim/kraftwork"},
        {"predicate": {"custom_model_data": 130438}, "model": "nw:stand/skins/other/grateful_barrage"},
        {"predicate": {"custom_model_data": 130439}, "model": "nw:stand/skins/other/baby_face_kid"},
        {"predicate": {"custom_model_data": 130440}, "model": "nw:stand/skins/anim/white_album_barrage"},
        {"predicate": {"custom_model_data": 130441}, "model": "nw:stand/skins/anim/king_crimson"},
        {"predicate": {"custom_model_data": 130444}, "model": "nw:stand/skins/anim/spice_girl"},
        {"predicate": {"custom_model_data": 130445}, "model": "nw:stand/skins/anim/green_day"},
        {"predicate": {"custom_model_data": 130446}, "model": "nw:stand/skins/other/lil_feet_3"},
        {"predicate": {"custom_model_data": 130447}, "model": "nw:stand/skins/anim/oasis"},

        {"predicate": {"custom_model_data": 130501}, "model": "nw:stand/skins/other/oiltanker"},
        {"predicate": {"custom_model_data": 130502}, "model": "nw:stand/skins/other/star_platinum_suck"},
        {"predicate": {"custom_model_data": 130513}, "model": "nw:stand/skins/other/death_attack2"},
        {"predicate": {"custom_model_data": 130518}, "model": "nw:stand/skins/other/echoes3_punch"},
        {"predicate": {"custom_model_data": 130519}, "model": "nw:stand/skins/other/the_hand_erase"},
        {"predicate": {"custom_model_data": 130529}, "model": "nw:stand/skins/other/gold_experience_pierce"},
        {"predicate": {"custom_model_data": 130539}, "model": "nw:stand/skins/anim/baby_face_walk"},
        {"predicate": {"custom_model_data": 130541}, "model": "nw:stand/skins/other/king_crimson_chop1"},
        {"predicate": {"custom_model_data": 130544}, "model": "nw:stand/skins/other/spice_girl_pierce"},


        {"predicate": {"custom_model_data": 130601}, "model": "nw:stand/skins/other/the_world_punch"},
        {"predicate": {"custom_model_data": 130602}, "model": "nw:stand/skins/anim/star_platinum_judge"},
        {"predicate": {"custom_model_data": 130613}, "model": "nw:stand/skins/other/death_attack3"},
        {"predicate": {"custom_model_data": 130617}, "model": "nw:stand/skins/other/crazy_diamond_uppercut"},
        {"predicate": {"custom_model_data": 130619}, "model": "nw:stand/skins/anim/the_hand"},
        {"predicate": {"custom_model_data": 130641}, "model": "nw:stand/skins/other/king_crimson_chop2"},

        {"predicate": {"custom_model_data": 130701}, "model": "nw:stand/skins/anim/the_world_kick"},
        {"predicate": {"custom_model_data": 130717}, "model": "nw:stand/skins/other/crazy_diamond_pierce"},
        {"predicate": {"custom_model_data": 130741}, "model": "nw:stand/skins/other/queen_crimson_pierce"},

        {"predicate": {"custom_model_data": 130901}, "model": "nw:stand/skins/other/the_world_block"},
        {"predicate": {"custom_model_data": 130907}, "model": "nw:stand/skins/other/dbm_block"},


        {"predicate": {"custom_model_data": 131101}, "model": "nw:stand/skins/stw"},
        {"predicate": {"custom_model_data": 131102}, "model": "nw:stand/skins/sptw"},
        {"predicate": {"custom_model_data": 131117}, "model": "nw:stand/skins/cdr"},
        {"predicate": {"custom_model_data": 131127}, "model": "nw:stand/skins/kqbtd"},
        {"predicate": {"custom_model_data": 131129}, "model": "nw:stand/skins/ger"},

        {"predicate": {"custom_model_data": 131201}, "model": "nw:stand/skins/other/stw1"},
        {"predicate": {"custom_model_data": 131202}, "model": "nw:stand/skins/other/sptw_punch"},
        {"predicate": {"custom_model_data": 131217}, "model": "nw:stand/skins/other/cdr_punch"},
        {"predicate": {"custom_model_data": 131227}, "model": "nw:stand/skins/other/kqbtd_punch"},
        {"predicate": {"custom_model_data": 131229}, "model": "nw:stand/skins/other/ger_punch"},

        {"predicate": {"custom_model_data": 131301}, "model": "nw:stand/skins/other/stw2"},
        {"predicate": {"custom_model_data": 131302}, "model": "nw:stand/skins/other/sptw_slam"},
        {"predicate": {"custom_model_data": 131317}, "model": "nw:stand/skins/other/cdr_uppercut"},
        {"predicate": {"custom_model_data": 131327}, "model": "nw:stand/skins/other/kqbtd_stray"},
        {"predicate": {"custom_model_data": 131329}, "model": "nw:stand/skins/other/ger_finisher"},

        {"predicate": {"custom_model_data": 131401}, "model": "nw:stand/skins/other/stw_upper"},
        {"predicate": {"custom_model_data": 131402}, "model": "nw:stand/skins/anim/sptw"},
        {"predicate": {"custom_model_data": 131417}, "model": "nw:stand/skins/anim/cdr"},
        {"predicate": {"custom_model_data": 131427}, "model": "nw:stand/skins/anim/kqbtd"},
        {"predicate": {"custom_model_data": 131429}, "model": "nw:stand/skins/anim/ger"},

        {"predicate": {"custom_model_data": 131502}, "model": "nw:stand/skins/other/sptw_stop"},


        {"predicate": {"custom_model_data": 132141}, "model": "nw:stand/skins/kcr"},

        {"predicate": {"custom_model_data": 132241}, "model": "nw:stand/skins/other/kcr_chop1"},

        {"predicate": {"custom_model_data": 132341}, "model": "nw:stand/skins/other/kcr_chop2"},

        {"predicate": {"custom_model_data": 132441}, "model": "nw:stand/skins/anim/kcr"},

        {"predicate": {"custom_model_data": 132541}, "model": "nw:stand/skins/other/kcr_donut"}





    ]
}
