{
    "parent": "item/generated",
    "textures": {
        "layer0": "item/iron_ingot"
    },
    "overrides": [
        {"predicate": {"custom_model_data": 170101}, "model": "nwxp:stand/base/starman"},
        {"predicate": {"custom_model_data": 170102}, "model": "nwxp:stand/base/pungent"},
        {"predicate": {"custom_model_data": 170103}, "model": "nwxp:stand/base/nevermore"},
        {"predicate": {"custom_model_data": 170104}, "model": "nwxp:stand/base/feel_good"},
        {"predicate": {"custom_model_data": 170105}, "model": "nwxp:stand/base/flame_and_inferno"},

        {"predicate": {"custom_model_data": 170170}, "model": "nwxp:stand/base/dollinho"},

        {"predicate": {"custom_model_data": 170201}, "model": "nwxp:stand/base/other/starman_slash"},
        {"predicate": {"custom_model_data": 170202}, "model": "nwxp:stand/base/other/pungent_punch"},
        {"predicate": {"custom_model_data": 170203}, "model": "nwxp:stand/base/other/nevermore_punch"},

        {"predicate": {"custom_model_data": 170270}, "model": "nwxp:stand/base/other/dollinho_punch"},

        {"predicate": {"custom_model_data": 170302}, "model": "nwxp:stand/base/other/pungent_clap"},

        {"predicate": {"custom_model_data": 170370}, "model": "nwxp:stand/base/other/dollinho_splash"},

        {"predicate": {"custom_model_data": 170401}, "model": "nwxp:stand/base/other/starman_barrage"},
        {"predicate": {"custom_model_data": 170402}, "model": "nwxp:stand/base/other/pungent_barrage"},
        {"predicate": {"custom_model_data": 170403}, "model": "nwxp:stand/base/other/nevermore_barrage"},

        {"predicate": {"custom_model_data": 170470}, "model": "nwxp:stand/base/other/dollinho_pulse"},

        {"predicate": {"custom_model_data": 170502}, "model": "nwxp:stand/base/other/pungent_invisible"}



    ]
}
