{
    "parent": "item/generated",
    "textures": {
        "layer0": "item/lapis_lazuli"
    },
    "overrides": [

        {"predicate": {"custom_model_data": 120101}, "model": "nw:boss/bruford/idle"},
        {"predicate": {"custom_model_data": 120102}, "model": "nw:boss/bruford/attack"},
        {"predicate": {"custom_model_data": 120103}, "model": "nw:boss/bruford/walk"},
        {"predicate": {"custom_model_data": 120104}, "model": "nw:boss/diavolo/doppio"},
        {"predicate": {"custom_model_data": 120105}, "model": "nw:boss/diavolo/diavolo"},
        {"predicate": {"custom_model_data": 120106}, "model": "nw:boss/diavolo/kc"},
        {"predicate": {"custom_model_data": 120107}, "model": "nw:boss/sugar_mountain"},
        {"predicate": {"custom_model_data": 120108}, "model": "nw:boss/chaka/idle"},
        {"predicate": {"custom_model_data": 120109}, "model": "nw:boss/chaka/attack1"},
        {"predicate": {"custom_model_data": 120110}, "model": "nw:boss/chaka/attack2"},
        {"predicate": {"custom_model_data": 120111}, "model": "nw:boss/chaka/parry"},
        {"predicate": {"custom_model_data": 120112}, "model": "nw:boss/chaka/walk"}

    ]
}
