{
    "parent": "item/generated",
    "textures": {
        "layer0": "item/warped_fungus_on_a_stick"
    },
    "overrides": [
        {"predicate": {"custom_model_data": 110101}, "model": "nw:item/kars"},
        {"predicate": {"custom_model_data": 110102}, "model": "nw:item/gloves"},
        {"predicate": {"custom_model_data": 110103}, "model": "nw:item/clackey"},
        {"predicate": {"custom_model_data": 110104}, "model": "nw:item/wine"},
        {"predicate": {"custom_model_data": 110105}, "model": "nw:spec/ulf_wing"},
        {"predicate": {"custom_model_data": 110106}, "model": "nw:spec/ulf_crown"},
        {"predicate": {"custom_model_data": 110107}, "model": "nw:spec/ulf_feather"},
        {"predicate": {"custom_model_data": 110108}, "model": "nw:spec/ulf_tentacle"},

        {"predicate": {"custom_model_data": 120100}, "model": "nw:item/main_item"},
        {"predicate": {"custom_model_data": 120101}, "model": "nw:stand/base/emperor"},
        {"predicate": {"custom_model_data": 120102}, "model": "nw:item/anubis"},
        {"predicate": {"custom_model_data": 120103}, "model": "nw:item/anubis_tip"},
        {"predicate": {"custom_model_data": 120104}, "model": "nw:stand/base/hermit_purple"},
        {"predicate": {"custom_model_data": 120105}, "model": "nw:item/pen"},
        {"predicate": {"custom_model_data": 120106}, "model": "nw:item/mista"},
        {"predicate": {"custom_model_data": 120107}, "model": "nw:stand/base/other/face_pc"},
        {"predicate": {"custom_model_data": 120108}, "model": "nw:stand/base/other/face_pc2"},
        {"predicate": {"custom_model_data": 120109}, "model": "nw:stand/base/other/face_pc3"},
        {"predicate": {"custom_model_data": 120110}, "model": "nw:stand/base/other/face_pc4"},
        {"predicate": {"custom_model_data": 120111}, "model": "nw:stand/base/other/jonatham_stand"},

        {"predicate": {"custom_model_data": 120200}, "model": "nw:item/stone_mask"},
        {"predicate": {"custom_model_data": 120201}, "model": "nw:item/scroll"},
        {"predicate": {"custom_model_data": 120203}, "model": "nw:item/stand_arrow"},
        {"predicate": {"custom_model_data": 120204}, "model": "nw:item/requiem_arrow"},
        {"predicate": {"custom_model_data": 120205}, "model": "nw:item/aja_stone"},
        {"predicate": {"custom_model_data": 120206}, "model": "nw:item/rocket_punch"},
        {"predicate": {"custom_model_data": 120207}, "model": "nw:item/manga"},
        {"predicate": {"custom_model_data": 120208}, "model": "nw:item/disk"},
        {"predicate": {"custom_model_data": 120209}, "model": "nw:item/pillar_scroll"},
        {"predicate": {"custom_model_data": 120210}, "model": "nw:item/broken_anubis"},
        {"predicate": {"custom_model_data": 120211}, "model": "nw:item/knife"},
        {"predicate": {"custom_model_data": 120212}, "model": "nw:item/knife_stack"},
        {"predicate": {"custom_model_data": 120213}, "model": "nw:item/kars_mask"},
        {"predicate": {"custom_model_data": 120214}, "model": "nw:item/stray_cat"},
        {"predicate": {"custom_model_data": 120215}, "model": "nw:item/glock"},
        {"predicate": {"custom_model_data": 120216}, "model": "nw:item/revolver"},
        {"predicate": {"custom_model_data": 120217}, "model": "nw:item/tommy_gun"},
        {"predicate": {"custom_model_data": 120218}, "model": "nw:item/revolver_reload"},
        {"predicate": {"custom_model_data": 120219}, "model": "nw:item/stray_cat"},
        {"predicate": {"custom_model_data": 120220}, "model": "nw:item/bullet"},
        {"predicate": {"custom_model_data": 120221}, "model": "nw:item/kars_mask2"},
        {"predicate": {"custom_model_data": 120222}, "model": "nw:item/disk2"},
        {"predicate": {"custom_model_data": 120223}, "model": "nw:item/speedhat"},
        {"predicate": {"custom_model_data": 120224}, "model": "nw:item/bladehat"},
        {"predicate": {"custom_model_data": 120225}, "model": "nw:item/requiem"},
        {"predicate": {"custom_model_data": 120226}, "model": "nw:item/coco_key"},
        {"predicate": {"custom_model_data": 120227}, "model": "nw:item/coco_jumbo"},

        {"predicate": {"custom_model_data": 130101}, "model": "nw:stand/skins/emperor"},
        {"predicate": {"custom_model_data": 130104}, "model": "nw:stand/skins/hermit_purple"},
        {"predicate": {"custom_model_data": 130107}, "model": "nw:item/nokia"}




    ]
}
