{
	"credit": "Made with Blockbench",
	"texture_size": [64, 64],
	"textures": {
		"main": "nw:stand/skins/anim/baby_face"
	},
	"elements": [
		{
			"name": "Head",
			"from": [4, 11.26923, 2.32619],
			"to": [12, 19.26923, 10.32619],
			"rotation": {"angle": 0, "axis": "x", "origin": [8, 5.81468, 8.32619]},
			"faces": {
				"north": {"uv": [9, 1, 10, 2], "texture": "#main"},
				"east": {"uv": [8, 1, 9, 2], "texture": "#main"},
				"south": {"uv": [11, 1, 12, 2], "texture": "#main"},
				"west": {"uv": [10, 1, 11, 2], "texture": "#main"},
				"up": {"uv": [10, 1, 9, 0], "texture": "#main"},
				"down": {"uv": [11, 0, 10, 1], "texture": "#main"}
			}
		},
		{
			"name": "Hat Layer",
			"from": [3.5, 10.76923, 1.82619],
			"to": [12.5, 19.76923, 10.82619],
			"rotation": {"angle": 0, "axis": "x", "origin": [8, 5.81468, 8.32619]},
			"faces": {
				"north": {"uv": [13, 1, 14, 2], "texture": "#main"},
				"east": {"uv": [12, 1, 13, 2], "texture": "#main"},
				"south": {"uv": [15, 1, 16, 2], "texture": "#main"},
				"west": {"uv": [14, 1, 15, 2], "texture": "#main"},
				"up": {"uv": [14, 1, 13, 0], "texture": "#main"},
				"down": {"uv": [15, 0, 14, 1], "texture": "#main"}
			}
		},
		{
			"name": "Body",
			"from": [4, 6.26923, 6.32619],
			"to": [12, 12.26923, 10.32619],
			"rotation": {"angle": -22.5, "axis": "x", "origin": [8, 5.81468, 8.32619]},
			"faces": {
				"north": {"uv": [10.5, 2.5, 11.5, 3.25], "texture": "#main"},
				"east": {"uv": [10, 2.5, 10.5, 3.25], "texture": "#main"},
				"south": {"uv": [12, 2.5, 13, 3.25], "texture": "#main"},
				"west": {"uv": [11.5, 2.5, 12, 3.25], "texture": "#main"},
				"up": {"uv": [11.5, 2.5, 10.5, 2], "texture": "#main"},
				"down": {"uv": [12.5, 2, 11.5, 2.5], "texture": "#main"}
			}
		},
		{
			"name": "Body Layer",
			"from": [3.75, 6.01923, 6.07619],
			"to": [12.25, 12.51923, 10.57619],
			"rotation": {"angle": -22.5, "axis": "x", "origin": [8, 5.81468, 8.32619]},
			"faces": {
				"north": {"uv": [10.5, 4.5, 11.5, 5.25], "texture": "#main"},
				"east": {"uv": [10, 4.5, 10.5, 5.25], "texture": "#main"},
				"south": {"uv": [12, 4.5, 13, 5.25], "texture": "#main"},
				"west": {"uv": [11.5, 4.5, 12, 5.25], "texture": "#main"},
				"up": {"uv": [11.5, 4.5, 10.5, 4], "texture": "#main"},
				"down": {"uv": [12.5, 4, 11.5, 4.5], "texture": "#main"}
			}
		},
		{
			"name": "Body",
			"from": [4, 1, 6],
			"to": [12, 7, 10],
			"rotation": {"angle": 0, "axis": "y", "origin": [8, 13.54545, 8]},
			"faces": {
				"north": {"uv": [10.5, 3.25, 11.5, 4], "texture": "#main"},
				"east": {"uv": [10, 3.25, 10.5, 4], "texture": "#main"},
				"south": {"uv": [12, 3.25, 13, 4], "texture": "#main"},
				"west": {"uv": [11.5, 3.25, 12, 4], "texture": "#main"},
				"up": {"uv": [11.5, 2.5, 10.5, 2], "texture": "#main"},
				"down": {"uv": [12.5, 2, 11.5, 2.5], "texture": "#main"}
			}
		},
		{
			"name": "Body Layer",
			"from": [3.75, 0.75, 5.75],
			"to": [12.25, 7.25, 10.25],
			"rotation": {"angle": 0, "axis": "y", "origin": [8, 13.54545, 8]},
			"faces": {
				"north": {"uv": [10.5, 5.25, 11.5, 6], "texture": "#main"},
				"east": {"uv": [10, 5.25, 10.5, 6], "texture": "#main"},
				"south": {"uv": [12, 5.25, 13, 6], "texture": "#main"},
				"west": {"uv": [11.5, 5.25, 12, 6], "texture": "#main"},
				"up": {"uv": [11.5, 4.5, 10.5, 4], "texture": "#main"},
				"down": {"uv": [12.5, 4, 11.5, 4.5], "texture": "#main"}
			}
		},
		{
			"name": "Right Arm",
			"from": [12, 5.5, 4.25],
			"to": [15, 11.5, 8.25],
			"rotation": {"angle": -22.5, "axis": "x", "origin": [13.5, 11.54545, 8]},
			"faces": {
				"north": {"uv": [13.5, 2.5, 13.875, 3.25], "texture": "#main"},
				"east": {"uv": [13, 2.5, 13.5, 3.25], "texture": "#main"},
				"south": {"uv": [14.375, 2.5, 14.75, 3.25], "texture": "#main"},
				"west": {"uv": [13.875, 2.5, 14.375, 3.25], "texture": "#main"},
				"up": {"uv": [13.875, 2.5, 13.5, 2], "texture": "#main"},
				"down": {"uv": [8.375, 0, 8, 0.5], "texture": "#main"}
			}
		},
		{
			"name": "Right Arm Layer",
			"from": [11.75, 5.25, 4],
			"to": [15.25, 11.75, 8.5],
			"rotation": {"angle": -22.5, "axis": "x", "origin": [13.5, 11.54545, 8]},
			"faces": {
				"north": {"uv": [13.5, 4.5, 13.875, 5.25], "texture": "#main"},
				"east": {"uv": [13, 4.5, 13.5, 5.25], "texture": "#main"},
				"south": {"uv": [14.375, 4.5, 14.75, 5.25], "texture": "#main"},
				"west": {"uv": [13.875, 4.5, 14.375, 5.25], "texture": "#main"},
				"up": {"uv": [13.875, 4.5, 13.5, 4], "texture": "#main"},
				"down": {"uv": [8.375, 0, 8, 0.5], "texture": "#main"}
			}
		},
		{
			"name": "Right Arm",
			"from": [12, -0.5, 4.25],
			"to": [15, 5.5, 8.25],
			"rotation": {"angle": -22.5, "axis": "x", "origin": [13.5, 11.54545, 8]},
			"faces": {
				"north": {"uv": [13.5, 3.25, 13.875, 4], "texture": "#main"},
				"east": {"uv": [13, 3.25, 13.5, 4], "texture": "#main"},
				"south": {"uv": [14.375, 3.25, 14.75, 4], "texture": "#main"},
				"west": {"uv": [13.875, 3.25, 14.375, 4], "texture": "#main"},
				"up": {"uv": [8.375, 0.5, 8, 0], "texture": "#main"},
				"down": {"uv": [14.25, 2, 13.875, 2.5], "texture": "#main"}
			}
		},
		{
			"name": "Right Arm Layer",
			"from": [11.75, -0.75, 4],
			"to": [15.25, 5.75, 8.5],
			"rotation": {"angle": -22.5, "axis": "x", "origin": [13.5, 11.54545, 8]},
			"faces": {
				"north": {"uv": [13.5, 5.25, 13.875, 6], "texture": "#main"},
				"east": {"uv": [13, 5.25, 13.5, 6], "texture": "#main"},
				"south": {"uv": [14.375, 5.25, 14.75, 6], "texture": "#main"},
				"west": {"uv": [13.875, 5.25, 14.375, 6], "texture": "#main"},
				"up": {"uv": [8.375, 0.5, 8, 0], "texture": "#main"},
				"down": {"uv": [14.25, 4, 13.875, 4.5], "texture": "#main"}
			}
		},
		{
			"name": "Left Arm",
			"from": [1.25, 4.5, 5.25],
			"to": [4.25, 10.5, 9.25],
			"rotation": {"angle": 22.5, "axis": "x", "origin": [2.75, 11.54545, 8]},
			"faces": {
				"north": {"uv": [12.5, 6.5, 12.875, 7.25], "texture": "#main"},
				"east": {"uv": [12, 6.5, 12.5, 7.25], "texture": "#main"},
				"south": {"uv": [13.375, 6.5, 13.75, 7.25], "texture": "#main"},
				"west": {"uv": [12.875, 6.5, 13.375, 7.25], "texture": "#main"},
				"up": {"uv": [12.875, 6.5, 12.5, 6], "texture": "#main"},
				"down": {"uv": [8.375, 0, 8, 0.5], "texture": "#main"}
			}
		},
		{
			"name": "Left Arm Layer",
			"from": [1, 4.25, 5],
			"to": [4.5, 10.75, 9.5],
			"rotation": {"angle": 22.5, "axis": "x", "origin": [2.75, 11.54545, 8]},
			"faces": {
				"north": {"uv": [14.5, 6.5, 14.875, 7.25], "texture": "#main"},
				"east": {"uv": [14, 6.5, 14.5, 7.25], "texture": "#main"},
				"south": {"uv": [15.375, 6.5, 15.75, 7.25], "texture": "#main"},
				"west": {"uv": [14.875, 6.5, 15.375, 7.25], "texture": "#main"},
				"up": {"uv": [14.875, 6.5, 14.5, 6], "texture": "#main"},
				"down": {"uv": [8.375, 0, 8, 0.5], "texture": "#main"}
			}
		},
		{
			"name": "Left Arm",
			"from": [1.25, -1.5, 5.25],
			"to": [4.25, 4.5, 9.25],
			"rotation": {"angle": 22.5, "axis": "x", "origin": [2.75, 11.54545, 8]},
			"faces": {
				"north": {"uv": [12.5, 7.25, 12.875, 8], "texture": "#main"},
				"east": {"uv": [12, 7.25, 12.5, 8], "texture": "#main"},
				"south": {"uv": [13.375, 7.25, 13.75, 8], "texture": "#main"},
				"west": {"uv": [12.875, 7.25, 13.375, 8], "texture": "#main"},
				"up": {"uv": [8.375, 0.5, 8, 0], "texture": "#main"},
				"down": {"uv": [13.25, 6, 12.875, 6.5], "texture": "#main"}
			}
		},
		{
			"name": "Left Arm Layer",
			"from": [1, -1.75, 5],
			"to": [4.5, 4.75, 9.5],
			"rotation": {"angle": 22.5, "axis": "x", "origin": [2.75, 11.54545, 8]},
			"faces": {
				"north": {"uv": [14.5, 7.25, 14.875, 8], "texture": "#main"},
				"east": {"uv": [14, 7.25, 14.5, 8], "texture": "#main"},
				"south": {"uv": [15.375, 7.25, 15.75, 8], "texture": "#main"},
				"west": {"uv": [14.875, 7.25, 15.375, 8], "texture": "#main"},
				"up": {"uv": [8.375, 0.5, 8, 0], "texture": "#main"},
				"down": {"uv": [15.25, 6, 14.875, 6.5], "texture": "#main"}
			}
		},
		{
			"name": "Right Leg",
			"from": [4, -4.20003, 5.97829],
			"to": [8, 1.79997, 9.97829],
			"rotation": {"angle": 22.5, "axis": "x", "origin": [7.9, 1.34542, 7.97829]},
			"faces": {
				"north": {"uv": [9, 2.5, 8.5, 3.25], "texture": "#main"},
				"east": {"uv": [9.5, 2.5, 9, 3.25], "texture": "#main"},
				"south": {"uv": [10, 2.5, 9.5, 3.25], "texture": "#main"},
				"west": {"uv": [8.5, 2.5, 8, 3.25], "texture": "#main"},
				"up": {"uv": [8.5, 2.5, 9, 2], "texture": "#main"},
				"down": {"uv": [9, 2, 9.5, 2.5], "texture": "#main"}
			}
		},
		{
			"name": "Right Leg Layer",
			"from": [3.75, -4.45003, 5.72829],
			"to": [8.25, 2.04997, 10.22829],
			"rotation": {"angle": 22.5, "axis": "x", "origin": [7.9, 1.34542, 7.97829]},
			"faces": {
				"north": {"uv": [9, 4.5, 8.5, 5.25], "texture": "#main"},
				"east": {"uv": [9.5, 4.5, 9, 5.25], "texture": "#main"},
				"south": {"uv": [10, 4.5, 9.5, 5.25], "texture": "#main"},
				"west": {"uv": [8.5, 4.5, 8, 5.25], "texture": "#main"},
				"up": {"uv": [8.5, 4.5, 9, 4], "texture": "#main"},
				"down": {"uv": [8, 0, 8.5, 0.5], "texture": "#main"}
			}
		},
		{
			"name": "Right Leg",
			"from": [4, -9.01254, 4.00838],
			"to": [8, -3.01254, 8.00838],
			"rotation": {"angle": 0, "axis": "x", "origin": [7.9, 1.34542, 7.97829]},
			"faces": {
				"north": {"uv": [9, 3.25, 8.5, 4], "texture": "#main"},
				"east": {"uv": [9.5, 3.25, 9, 4], "texture": "#main"},
				"south": {"uv": [10, 3.25, 9.5, 4], "texture": "#main"},
				"west": {"uv": [8.5, 3.25, 8, 4], "texture": "#main"},
				"up": {"uv": [8, 0.5, 8.5, 0], "texture": "#main"},
				"down": {"uv": [9, 2, 9.5, 2.5], "texture": "#main"}
			}
		},
		{
			"name": "Right Leg Layer",
			"from": [3.75, -9.26254, 3.75838],
			"to": [8.25, -2.76254, 8.25838],
			"rotation": {"angle": 0, "axis": "x", "origin": [7.9, 1.34542, 7.97829]},
			"faces": {
				"north": {"uv": [9, 5.25, 8.5, 6], "texture": "#main"},
				"east": {"uv": [9.5, 5.25, 9, 6], "texture": "#main"},
				"south": {"uv": [10, 5.25, 9.5, 6], "texture": "#main"},
				"west": {"uv": [8.5, 5.25, 8, 6], "texture": "#main"},
				"up": {"uv": [8, 0.5, 8.5, 0], "texture": "#main"},
				"down": {"uv": [9, 4, 9.5, 4.5], "texture": "#main"}
			}
		},
		{
			"name": "Left Leg",
			"from": [7.8, -4.20003, 5.97829],
			"to": [11.8, 1.79997, 9.97829],
			"rotation": {"angle": -22.5, "axis": "x", "origin": [7.9, 1.34542, 7.97829]},
			"faces": {
				"north": {"uv": [11, 6.5, 10.5, 7.25], "texture": "#main"},
				"east": {"uv": [11.5, 6.5, 11, 7.25], "texture": "#main"},
				"south": {"uv": [12, 6.5, 11.5, 7.25], "texture": "#main"},
				"west": {"uv": [10.5, 6.5, 10, 7.25], "texture": "#main"},
				"up": {"uv": [10.5, 6.5, 11, 6], "texture": "#main"},
				"down": {"uv": [11, 6, 11.5, 6.5], "texture": "#main"}
			}
		},
		{
			"name": "Left Leg Layer",
			"from": [7.55, -4.45003, 5.72829],
			"to": [12.05, 2.04997, 10.22829],
			"rotation": {"angle": -22.5, "axis": "x", "origin": [7.9, 1.34542, 7.97829]},
			"faces": {
				"north": {"uv": [9, 6.5, 8.5, 7.25], "texture": "#main"},
				"east": {"uv": [9.5, 6.5, 9, 7.25], "texture": "#main"},
				"south": {"uv": [10, 6.5, 9.5, 7.25], "texture": "#main"},
				"west": {"uv": [8.5, 6.5, 8, 7.25], "texture": "#main"},
				"up": {"uv": [8.5, 6.5, 9, 6], "texture": "#main"},
				"down": {"uv": [8, 0, 8.5, 0.5], "texture": "#main"}
			}
		},
		{
			"name": "Left Leg",
			"from": [7.8, -9.01254, 4.00838],
			"to": [11.8, -3.01254, 8.00838],
			"rotation": {"angle": -45, "axis": "x", "origin": [7.9, 1.34542, 7.97829]},
			"faces": {
				"north": {"uv": [11, 7.25, 10.5, 8], "texture": "#main"},
				"east": {"uv": [11.5, 7.25, 11, 8], "texture": "#main"},
				"south": {"uv": [12, 7.25, 11.5, 8], "texture": "#main"},
				"west": {"uv": [10.5, 7.25, 10, 8], "texture": "#main"},
				"up": {"uv": [8, 0.5, 8.5, 0], "texture": "#main"},
				"down": {"uv": [11, 6, 11.5, 6.5], "texture": "#main"}
			}
		},
		{
			"name": "Left Leg Layer",
			"from": [7.55, -9.26254, 3.75838],
			"to": [12.05, -2.76254, 8.25838],
			"rotation": {"angle": -45, "axis": "x", "origin": [7.9, 1.34542, 7.97829]},
			"faces": {
				"north": {"uv": [9, 7.25, 8.5, 8], "texture": "#main"},
				"east": {"uv": [9.5, 7.25, 9, 8], "texture": "#main"},
				"south": {"uv": [10, 7.25, 9.5, 8], "texture": "#main"},
				"west": {"uv": [8.5, 7.25, 8, 8], "texture": "#main"},
				"up": {"uv": [8, 0.5, 8.5, 0], "texture": "#main"},
				"down": {"uv": [9, 6, 9.5, 6.5], "texture": "#main"}
			}
		},
		{
			"name": "Head",
			"from": [4, 11.26923, 2.32619],
			"to": [12, 19.26923, 10.32619],
			"rotation": {"angle": 0, "axis": "x", "origin": [8, 5.81468, 8.32619]},
			"faces": {
				"north": {"uv": [1, 1, 2, 2], "texture": "#main"},
				"east": {"uv": [0, 1, 1, 2], "texture": "#main"},
				"south": {"uv": [3, 1, 4, 2], "texture": "#main"},
				"west": {"uv": [2, 1, 3, 2], "texture": "#main"},
				"up": {"uv": [2, 1, 1, 0], "texture": "#main"},
				"down": {"uv": [3, 0, 2, 1], "texture": "#main"}
			}
		},
		{
			"name": "Hat Layer",
			"from": [3.5, 10.76923, 1.82619],
			"to": [12.5, 19.76923, 10.82619],
			"rotation": {"angle": 0, "axis": "x", "origin": [8, 5.81468, 8.32619]},
			"faces": {
				"north": {"uv": [5, 1, 6, 2], "texture": "#main"},
				"east": {"uv": [4, 1, 5, 2], "texture": "#main"},
				"south": {"uv": [7, 1, 8, 2], "texture": "#main"},
				"west": {"uv": [6, 1, 7, 2], "texture": "#main"},
				"up": {"uv": [6, 1, 5, 0], "texture": "#main"},
				"down": {"uv": [7, 0, 6, 1], "texture": "#main"}
			}
		},
		{
			"name": "Body",
			"from": [4, 6.26923, 6.32619],
			"to": [12, 12.26923, 10.32619],
			"rotation": {"angle": -22.5, "axis": "x", "origin": [8, 5.81468, 8.32619]},
			"faces": {
				"north": {"uv": [2.5, 2.5, 3.5, 3.25], "texture": "#main"},
				"east": {"uv": [2, 2.5, 2.5, 3.25], "texture": "#main"},
				"south": {"uv": [4, 2.5, 5, 3.25], "texture": "#main"},
				"west": {"uv": [3.5, 2.5, 4, 3.25], "texture": "#main"},
				"up": {"uv": [3.5, 2.5, 2.5, 2], "texture": "#main"},
				"down": {"uv": [4.5, 2, 3.5, 2.5], "texture": "#main"}
			}
		},
		{
			"name": "Body Layer",
			"from": [3.75, 6.01923, 6.07619],
			"to": [12.25, 12.51923, 10.57619],
			"rotation": {"angle": -22.5, "axis": "x", "origin": [8, 5.81468, 8.32619]},
			"faces": {
				"north": {"uv": [2.5, 4.5, 3.5, 5.25], "texture": "#main"},
				"east": {"uv": [2, 4.5, 2.5, 5.25], "texture": "#main"},
				"south": {"uv": [4, 4.5, 5, 5.25], "texture": "#main"},
				"west": {"uv": [3.5, 4.5, 4, 5.25], "texture": "#main"},
				"up": {"uv": [3.5, 4.5, 2.5, 4], "texture": "#main"},
				"down": {"uv": [4.5, 4, 3.5, 4.5], "texture": "#main"}
			}
		},
		{
			"name": "Body",
			"from": [4, 1, 6],
			"to": [12, 7, 10],
			"rotation": {"angle": 0, "axis": "y", "origin": [8, 13.54545, 8]},
			"faces": {
				"north": {"uv": [2.5, 3.25, 3.5, 4], "texture": "#main"},
				"east": {"uv": [2, 3.25, 2.5, 4], "texture": "#main"},
				"south": {"uv": [4, 3.25, 5, 4], "texture": "#main"},
				"west": {"uv": [3.5, 3.25, 4, 4], "texture": "#main"},
				"up": {"uv": [3.5, 2.5, 2.5, 2], "texture": "#main"},
				"down": {"uv": [4.5, 2, 3.5, 2.5], "texture": "#main"}
			}
		},
		{
			"name": "Body Layer",
			"from": [3.75, 0.75, 5.75],
			"to": [12.25, 7.25, 10.25],
			"rotation": {"angle": 0, "axis": "y", "origin": [8, 13.54545, 8]},
			"faces": {
				"north": {"uv": [2.5, 5.25, 3.5, 6], "texture": "#main"},
				"east": {"uv": [2, 5.25, 2.5, 6], "texture": "#main"},
				"south": {"uv": [4, 5.25, 5, 6], "texture": "#main"},
				"west": {"uv": [3.5, 5.25, 4, 6], "texture": "#main"},
				"up": {"uv": [3.5, 4.5, 2.5, 4], "texture": "#main"},
				"down": {"uv": [4.5, 4, 3.5, 4.5], "texture": "#main"}
			}
		},
		{
			"name": "Right Arm",
			"from": [1, 5.5, 4.25],
			"to": [4, 11.5, 8.25],
			"rotation": {"angle": -22.5, "axis": "x", "origin": [2.5, 11.54545, 8]},
			"faces": {
				"north": {"uv": [5.875, 2.5, 5.5, 3.25], "texture": "#main"},
				"east": {"uv": [6.375, 2.5, 5.875, 3.25], "texture": "#main"},
				"south": {"uv": [6.75, 2.5, 6.375, 3.25], "texture": "#main"},
				"west": {"uv": [5.5, 2.5, 5, 3.25], "texture": "#main"},
				"up": {"uv": [5.5, 2.5, 5.875, 2], "texture": "#main"},
				"down": {"uv": [0, 0, 0.375, 0.5], "texture": "#main"}
			}
		},
		{
			"name": "Right Arm Layer",
			"from": [0.75, 5.25, 4],
			"to": [4.25, 11.75, 8.5],
			"rotation": {"angle": -22.5, "axis": "x", "origin": [2.5, 11.54545, 8]},
			"faces": {
				"north": {"uv": [5.875, 4.5, 5.5, 5.25], "texture": "#main"},
				"east": {"uv": [6.375, 4.5, 5.875, 5.25], "texture": "#main"},
				"south": {"uv": [6.75, 4.5, 6.375, 5.25], "texture": "#main"},
				"west": {"uv": [5.5, 4.5, 5, 5.25], "texture": "#main"},
				"up": {"uv": [5.5, 4.5, 5.875, 4], "texture": "#main"},
				"down": {"uv": [0, 0, 0.375, 0.5], "texture": "#main"}
			}
		},
		{
			"name": "Right Arm",
			"from": [1, -0.5, 4.25],
			"to": [4, 5.5, 8.25],
			"rotation": {"angle": -22.5, "axis": "x", "origin": [2.5, 11.54545, 8]},
			"faces": {
				"north": {"uv": [5.875, 3.25, 5.5, 4], "texture": "#main"},
				"east": {"uv": [6.375, 3.25, 5.875, 4], "texture": "#main"},
				"south": {"uv": [6.75, 3.25, 6.375, 4], "texture": "#main"},
				"west": {"uv": [5.5, 3.25, 5, 4], "texture": "#main"},
				"up": {"uv": [0, 0.5, 0.375, 0], "texture": "#main"},
				"down": {"uv": [5.875, 2, 6.25, 2.5], "texture": "#main"}
			}
		},
		{
			"name": "Right Arm Layer",
			"from": [0.75, -0.75, 4],
			"to": [4.25, 5.75, 8.5],
			"rotation": {"angle": -22.5, "axis": "x", "origin": [2.5, 11.54545, 8]},
			"faces": {
				"north": {"uv": [5.875, 5.25, 5.5, 6], "texture": "#main"},
				"east": {"uv": [6.375, 5.25, 5.875, 6], "texture": "#main"},
				"south": {"uv": [6.75, 5.25, 6.375, 6], "texture": "#main"},
				"west": {"uv": [5.5, 5.25, 5, 6], "texture": "#main"},
				"up": {"uv": [0, 0.5, 0.375, 0], "texture": "#main"},
				"down": {"uv": [5.875, 4, 6.25, 4.5], "texture": "#main"}
			}
		},
		{
			"name": "Left Arm",
			"from": [11.75, 4.5, 5.25],
			"to": [14.75, 10.5, 9.25],
			"rotation": {"angle": 22.5, "axis": "x", "origin": [13.25, 11.54545, 8]},
			"faces": {
				"north": {"uv": [4.875, 6.5, 4.5, 7.25], "texture": "#main"},
				"east": {"uv": [5.375, 6.5, 4.875, 7.25], "texture": "#main"},
				"south": {"uv": [5.75, 6.5, 5.375, 7.25], "texture": "#main"},
				"west": {"uv": [4.5, 6.5, 4, 7.25], "texture": "#main"},
				"up": {"uv": [4.5, 6.5, 4.875, 6], "texture": "#main"},
				"down": {"uv": [0, 0, 0.375, 0.5], "texture": "#main"}
			}
		},
		{
			"name": "Left Arm Layer",
			"from": [11.5, 4.25, 5],
			"to": [15, 10.75, 9.5],
			"rotation": {"angle": 22.5, "axis": "x", "origin": [13.25, 11.54545, 8]},
			"faces": {
				"north": {"uv": [6.875, 6.5, 6.5, 7.25], "texture": "#main"},
				"east": {"uv": [7.375, 6.5, 6.875, 7.25], "texture": "#main"},
				"south": {"uv": [7.75, 6.5, 7.375, 7.25], "texture": "#main"},
				"west": {"uv": [6.5, 6.5, 6, 7.25], "texture": "#main"},
				"up": {"uv": [6.5, 6.5, 6.875, 6], "texture": "#main"},
				"down": {"uv": [0, 0, 0.375, 0.5], "texture": "#main"}
			}
		},
		{
			"name": "Left Arm",
			"from": [11.75, -1.5, 5.25],
			"to": [14.75, 4.5, 9.25],
			"rotation": {"angle": 22.5, "axis": "x", "origin": [13.25, 11.54545, 8]},
			"faces": {
				"north": {"uv": [4.875, 7.25, 4.5, 8], "texture": "#main"},
				"east": {"uv": [5.375, 7.25, 4.875, 8], "texture": "#main"},
				"south": {"uv": [5.75, 7.25, 5.375, 8], "texture": "#main"},
				"west": {"uv": [4.5, 7.25, 4, 8], "texture": "#main"},
				"up": {"uv": [0, 0.5, 0.375, 0], "texture": "#main"},
				"down": {"uv": [4.875, 6, 5.25, 6.5], "texture": "#main"}
			}
		},
		{
			"name": "Left Arm Layer",
			"from": [11.5, -1.75, 5],
			"to": [15, 4.75, 9.5],
			"rotation": {"angle": 22.5, "axis": "x", "origin": [13.25, 11.54545, 8]},
			"faces": {
				"north": {"uv": [6.875, 7.25, 6.5, 8], "texture": "#main"},
				"east": {"uv": [7.375, 7.25, 6.875, 8], "texture": "#main"},
				"south": {"uv": [7.75, 7.25, 7.375, 8], "texture": "#main"},
				"west": {"uv": [6.5, 7.25, 6, 8], "texture": "#main"},
				"up": {"uv": [0, 0.5, 0.375, 0], "texture": "#main"},
				"down": {"uv": [6.875, 6, 7.25, 6.5], "texture": "#main"}
			}
		},
		{
			"name": "Right Leg",
			"from": [8, -4.20003, 5.97829],
			"to": [12, 1.79997, 9.97829],
			"rotation": {"angle": 22.5, "axis": "x", "origin": [8.1, 1.34542, 7.97829]},
			"faces": {
				"north": {"uv": [0.5, 2.5, 1, 3.25], "texture": "#main"},
				"east": {"uv": [0, 2.5, 0.5, 3.25], "texture": "#main"},
				"south": {"uv": [1.5, 2.5, 2, 3.25], "texture": "#main"},
				"west": {"uv": [1, 2.5, 1.5, 3.25], "texture": "#main"},
				"up": {"uv": [1, 2.5, 0.5, 2], "texture": "#main"},
				"down": {"uv": [1.5, 2, 1, 2.5], "texture": "#main"}
			}
		},
		{
			"name": "Right Leg Layer",
			"from": [7.75, -4.45003, 5.72829],
			"to": [12.25, 2.04997, 10.22829],
			"rotation": {"angle": 22.5, "axis": "x", "origin": [8.1, 1.34542, 7.97829]},
			"faces": {
				"north": {"uv": [0.5, 4.5, 1, 5.25], "texture": "#main"},
				"east": {"uv": [0, 4.5, 0.5, 5.25], "texture": "#main"},
				"south": {"uv": [1.5, 4.5, 2, 5.25], "texture": "#main"},
				"west": {"uv": [1, 4.5, 1.5, 5.25], "texture": "#main"},
				"up": {"uv": [1, 4.5, 0.5, 4], "texture": "#main"},
				"down": {"uv": [0.5, 0, 0, 0.5], "texture": "#main"}
			}
		},
		{
			"name": "Right Leg",
			"from": [8, -9.01254, 4.00838],
			"to": [12, -3.01254, 8.00838],
			"rotation": {"angle": 0, "axis": "x", "origin": [8.1, 1.34542, 7.97829]},
			"faces": {
				"north": {"uv": [0.5, 3.25, 1, 4], "texture": "#main"},
				"east": {"uv": [0, 3.25, 0.5, 4], "texture": "#main"},
				"south": {"uv": [1.5, 3.25, 2, 4], "texture": "#main"},
				"west": {"uv": [1, 3.25, 1.5, 4], "texture": "#main"},
				"up": {"uv": [0.5, 0.5, 0, 0], "texture": "#main"},
				"down": {"uv": [1.5, 2, 1, 2.5], "texture": "#main"}
			}
		},
		{
			"name": "Right Leg Layer",
			"from": [7.75, -9.26254, 3.75838],
			"to": [12.25, -2.76254, 8.25838],
			"rotation": {"angle": 0, "axis": "x", "origin": [8.1, 1.34542, 7.97829]},
			"faces": {
				"north": {"uv": [0.5, 5.25, 1, 6], "texture": "#main"},
				"east": {"uv": [0, 5.25, 0.5, 6], "texture": "#main"},
				"south": {"uv": [1.5, 5.25, 2, 6], "texture": "#main"},
				"west": {"uv": [1, 5.25, 1.5, 6], "texture": "#main"},
				"up": {"uv": [0.5, 0.5, 0, 0], "texture": "#main"},
				"down": {"uv": [1.5, 4, 1, 4.5], "texture": "#main"}
			}
		},
		{
			"name": "Left Leg",
			"from": [4.2, -4.20003, 5.97829],
			"to": [8.2, 1.79997, 9.97829],
			"rotation": {"angle": -22.5, "axis": "x", "origin": [8.1, 1.34542, 7.97829]},
			"faces": {
				"north": {"uv": [2.5, 6.5, 3, 7.25], "texture": "#main"},
				"east": {"uv": [2, 6.5, 2.5, 7.25], "texture": "#main"},
				"south": {"uv": [3.5, 6.5, 4, 7.25], "texture": "#main"},
				"west": {"uv": [3, 6.5, 3.5, 7.25], "texture": "#main"},
				"up": {"uv": [3, 6.5, 2.5, 6], "texture": "#main"},
				"down": {"uv": [3.5, 6, 3, 6.5], "texture": "#main"}
			}
		},
		{
			"name": "Left Leg Layer",
			"from": [3.95, -4.45003, 5.72829],
			"to": [8.45, 2.04997, 10.22829],
			"rotation": {"angle": -22.5, "axis": "x", "origin": [8.1, 1.34542, 7.97829]},
			"faces": {
				"north": {"uv": [0.5, 6.5, 1, 7.25], "texture": "#main"},
				"east": {"uv": [0, 6.5, 0.5, 7.25], "texture": "#main"},
				"south": {"uv": [1.5, 6.5, 2, 7.25], "texture": "#main"},
				"west": {"uv": [1, 6.5, 1.5, 7.25], "texture": "#main"},
				"up": {"uv": [1, 6.5, 0.5, 6], "texture": "#main"},
				"down": {"uv": [0.5, 0, 0, 0.5], "texture": "#main"}
			}
		},
		{
			"name": "Left Leg",
			"from": [4.2, -9.01254, 4.00838],
			"to": [8.2, -3.01254, 8.00838],
			"rotation": {"angle": -45, "axis": "x", "origin": [8.1, 1.34542, 7.97829]},
			"faces": {
				"north": {"uv": [2.5, 7.25, 3, 8], "texture": "#main"},
				"east": {"uv": [2, 7.25, 2.5, 8], "texture": "#main"},
				"south": {"uv": [3.5, 7.25, 4, 8], "texture": "#main"},
				"west": {"uv": [3, 7.25, 3.5, 8], "texture": "#main"},
				"up": {"uv": [0.5, 0.5, 0, 0], "texture": "#main"},
				"down": {"uv": [3.5, 6, 3, 6.5], "texture": "#main"}
			}
		},
		{
			"name": "Left Leg Layer",
			"from": [3.95, -9.26254, 3.75838],
			"to": [8.45, -2.76254, 8.25838],
			"rotation": {"angle": -45, "axis": "x", "origin": [8.1, 1.34542, 7.97829]},
			"faces": {
				"north": {"uv": [0.5, 7.25, 1, 8], "texture": "#main"},
				"east": {"uv": [0, 7.25, 0.5, 8], "texture": "#main"},
				"south": {"uv": [1.5, 7.25, 2, 8], "texture": "#main"},
				"west": {"uv": [1, 7.25, 1.5, 8], "texture": "#main"},
				"up": {"uv": [0.5, 0.5, 0, 0], "texture": "#main"},
				"down": {"uv": [1.5, 6, 1, 6.5], "texture": "#main"}
			}
		}
	],
	"display": {
		"head": {
			"translation": [0, -17.5, 2.75],
			"scale": [1.6, 1.6, 1.6]
		}
	},
	"groups": [
		0,
		1,
		2,
		3,
		4,
		5,
		6,
		7,
		8,
		9,
		10,
		11,
		12,
		13,
		14,
		15,
		16,
		17,
		18,
		19,
		20,
		21,
		{
			"name": "Head",
			"origin": [0, 24, 0],
			"color": 0,
			"children": [22, 23]
		},
		{
			"name": "Body",
			"origin": [0, 24, 0],
			"color": 0,
			"children": [
				24,
				25,
				{
					"name": "Body",
					"origin": [0, 24, 0],
					"color": 0,
					"children": [26, 27]
				}
			]
		},
		{
			"name": "RightArm",
			"origin": [5, 21.5, 0],
			"color": 0,
			"children": [28, 29, 30, 31]
		},
		{
			"name": "LeftArm",
			"origin": [-5, 21.5, 0],
			"color": 0,
			"children": [32, 33, 34, 35]
		},
		{
			"name": "RightLeg",
			"origin": [1.9, 12, 0],
			"color": 0,
			"children": [
				36,
				37,
				{
					"name": "RightLeg",
					"origin": [1.9, 12, 0],
					"color": 0,
					"children": [38, 39]
				}
			]
		},
		{
			"name": "LeftLeg",
			"origin": [-1.9, 12, 0],
			"color": 0,
			"children": [
				40,
				41,
				{
					"name": "LeftLeg",
					"origin": [-1.9, 12, 0],
					"color": 0,
					"children": [42, 43]
				}
			]
		}
	]
}