{
	"credit": "Made with Blockbench",
	"texture_size": [64, 64],
	"textures": {
		"main": "nw:stand/skins/anim/chariot"
	},
	"elements": [
		{
			"name": "Head",
			"from": [-6, 12, 8],
			"to": [2, 20, 16],
			"rotation": {"angle": 0, "axis": "y", "origin": [-2, 11, 12]},
			"faces": {
				"north": {"uv": [5, 0.5, 5.5, 1], "texture": "#main"},
				"east": {"uv": [4.5, 0.5, 5, 1], "texture": "#main"},
				"south": {"uv": [4, 0.5, 4.5, 1], "texture": "#main"},
				"west": {"uv": [5.5, 0.5, 6, 1], "texture": "#main"},
				"up": {"uv": [5, 0.5, 4.5, 0], "rotation": 90, "texture": "#main"},
				"down": {"uv": [5.5, 0, 5, 0.5], "rotation": 270, "texture": "#main"}
			}
		},
		{
			"name": "Hat Layer",
			"from": [-6.5, 11.5, 7.5],
			"to": [2.5, 20.5, 16.5],
			"rotation": {"angle": 0, "axis": "y", "origin": [-2, 11, 12]},
			"faces": {
				"north": {"uv": [7, 0.5, 7.5, 1], "texture": "#main"},
				"east": {"uv": [6.5, 0.5, 7, 1], "texture": "#main"},
				"south": {"uv": [6, 0.5, 6.5, 1], "texture": "#main"},
				"west": {"uv": [7.5, 0.5, 8, 1], "texture": "#main"},
				"up": {"uv": [7, 0.5, 6.5, 0], "rotation": 90, "texture": "#main"},
				"down": {"uv": [7.5, 0, 7, 0.5], "rotation": 270, "texture": "#main"}
			}
		},
		{
			"name": "Body",
			"from": [-6, 1, 6],
			"to": [2, 13, 10],
			"rotation": {"angle": 22.5, "axis": "x", "origin": [-2, 0, 8]},
			"faces": {
				"north": {"uv": [5.25, 1.25, 5.75, 2], "texture": "#main"},
				"east": {"uv": [5, 1.25, 5.25, 2], "texture": "#main"},
				"south": {"uv": [6, 1.25, 6.5, 2], "texture": "#main"},
				"west": {"uv": [5.75, 1.25, 6, 2], "texture": "#main"},
				"up": {"uv": [5.75, 1.25, 5.25, 1], "texture": "#main"},
				"down": {"uv": [6.25, 1, 5.75, 1.25], "texture": "#main"}
			}
		},
		{
			"name": "Body Layer",
			"from": [-6.25, 0.75, 5.75],
			"to": [2.25, 13.25, 10.25],
			"rotation": {"angle": 22.5, "axis": "x", "origin": [-2, 0, 8]},
			"faces": {
				"north": {"uv": [5.25, 2.25, 5.75, 3], "texture": "#main"},
				"east": {"uv": [5, 2.25, 5.25, 3], "texture": "#main"},
				"south": {"uv": [6, 2.25, 6.5, 3], "texture": "#main"},
				"west": {"uv": [5.75, 2.25, 6, 3], "texture": "#main"},
				"up": {"uv": [5.75, 2.25, 5.25, 2], "texture": "#main"},
				"down": {"uv": [6.25, 2, 5.75, 2.25], "texture": "#main"}
			}
		},
		{
			"name": "Right Arm",
			"from": [8, 8, 10],
			"to": [14, 12, 13],
			"rotation": {"angle": -45, "axis": "z", "origin": [3, 11, 11]},
			"faces": {
				"north": {"uv": [6.9375, 1.6875, 7.1875, 2], "rotation": 90, "texture": "#main"},
				"east": {"uv": [7.125, 1, 6.9375, 1.25], "rotation": 180, "texture": "#main"},
				"south": {"uv": [6.5, 1.625, 6.75, 2], "rotation": 270, "texture": "#main"},
				"west": {"uv": [6.9375, 1.25, 6.75, 1], "texture": "#main"},
				"up": {"uv": [6.75, 1.6875, 6.9375, 2], "rotation": 270, "texture": "#main"},
				"down": {"uv": [7.1875, 1.6875, 7.375, 2], "rotation": 270, "texture": "#main"}
			}
		},
		{
			"name": "Right Arm Layer",
			"from": [7.75, 7.75, 9.75],
			"to": [14.25, 12.25, 13.25],
			"rotation": {"angle": -45, "axis": "z", "origin": [3, 11, 11]},
			"faces": {
				"north": {"uv": [6.9375, 2.625, 7.1875, 3], "rotation": 90, "texture": "#main"},
				"east": {"uv": [7.125, 2, 6.9375, 2.25], "rotation": 180, "texture": "#main"},
				"south": {"uv": [6.5, 2.625, 6.75, 3], "rotation": 270, "texture": "#main"},
				"west": {"uv": [6.9375, 2.25, 6.75, 2], "texture": "#main"},
				"up": {"uv": [6.75, 2.625, 6.9375, 3], "rotation": 270, "texture": "#main"},
				"down": {"uv": [7.1875, 2.625, 7.375, 3], "rotation": 270, "texture": "#main"}
			}
		},
		{
			"name": "Right Arm",
			"from": [2, 8, 10],
			"to": [8, 12, 13],
			"rotation": {"angle": -45, "axis": "z", "origin": [3, 11, 11]},
			"faces": {
				"north": {"uv": [6.9375, 1.25, 7.1875, 1.625], "rotation": 90, "texture": "#main"},
				"east": {"uv": [7.125, 1, 6.9375, 1.25], "rotation": 180, "texture": "#main"},
				"south": {"uv": [6.5, 1.25, 6.75, 1.625], "rotation": 270, "texture": "#main"},
				"west": {"uv": [6.9375, 1.25, 6.75, 1], "texture": "#main"},
				"up": {"uv": [6.75, 1.25, 6.9375, 1.625], "rotation": 270, "texture": "#main"},
				"down": {"uv": [7.1875, 1.25, 7.375, 1.625], "rotation": 270, "texture": "#main"}
			}
		},
		{
			"name": "Right Arm Layer",
			"from": [1.75, 7.75, 9.75],
			"to": [8.25, 12.25, 13.25],
			"rotation": {"angle": -45, "axis": "z", "origin": [3, 11, 11]},
			"faces": {
				"north": {"uv": [6.9375, 2.25, 7.1875, 2.625], "rotation": 90, "texture": "#main"},
				"east": {"uv": [7.125, 2, 6.9375, 2.25], "rotation": 180, "texture": "#main"},
				"south": {"uv": [6.5, 2.25, 6.75, 2.625], "rotation": 270, "texture": "#main"},
				"west": {"uv": [6.9375, 2.25, 6.75, 2], "texture": "#main"},
				"up": {"uv": [6.75, 2.25, 6.9375, 2.625], "rotation": 270, "texture": "#main"},
				"down": {"uv": [7.1875, 2.25, 7.375, 2.625], "rotation": 270, "texture": "#main"}
			}
		},
		{
			"name": "Right Leg",
			"from": [-2.1, -11, 6],
			"to": [1.9, 1, 10],
			"rotation": {"angle": -22.5, "axis": "x", "origin": [-2, 1, 8]},
			"faces": {
				"north": {"uv": [4.25, 1.25, 4.5, 2], "texture": "#main"},
				"east": {"uv": [4, 1.25, 4.25, 2], "texture": "#main"},
				"south": {"uv": [4.75, 1.25, 5, 2], "texture": "#main"},
				"west": {"uv": [4.5, 1.25, 4.75, 2], "texture": "#main"},
				"up": {"uv": [4.5, 1.25, 4.25, 1], "texture": "#main"},
				"down": {"uv": [4.75, 1, 4.5, 1.25], "texture": "#main"}
			}
		},
		{
			"name": "Right Leg Layer",
			"from": [-2.35, -11.25, 5.75],
			"to": [2.15, 1.25, 10.25],
			"rotation": {"angle": -22.5, "axis": "x", "origin": [-2, 1, 8]},
			"faces": {
				"north": {"uv": [4.25, 2.25, 4.5, 3], "texture": "#main"},
				"east": {"uv": [4, 2.25, 4.25, 3], "texture": "#main"},
				"south": {"uv": [4.75, 2.25, 5, 3], "texture": "#main"},
				"west": {"uv": [4.5, 2.25, 4.75, 3], "texture": "#main"},
				"up": {"uv": [4.5, 2.25, 4.25, 2], "texture": "#main"},
				"down": {"uv": [4.75, 2, 4.5, 2.25], "texture": "#main"}
			}
		},
		{
			"name": "Left Leg",
			"from": [-5.9, -11, 6],
			"to": [-1.9, 1, 10],
			"rotation": {"angle": -22.5, "axis": "z", "origin": [-2, 1, 8]},
			"faces": {
				"north": {"uv": [5.25, 3.25, 5.5, 4], "texture": "#main"},
				"east": {"uv": [5, 3.25, 5.25, 4], "texture": "#main"},
				"south": {"uv": [5.75, 3.25, 6, 4], "texture": "#main"},
				"west": {"uv": [5.5, 3.25, 5.75, 4], "texture": "#main"},
				"up": {"uv": [5.5, 3.25, 5.25, 3], "texture": "#main"},
				"down": {"uv": [5.75, 3, 5.5, 3.25], "texture": "#main"}
			}
		},
		{
			"name": "Left Leg Layer",
			"from": [-6.15, -11.25, 5.75],
			"to": [-1.65, 1.25, 10.25],
			"rotation": {"angle": -22.5, "axis": "z", "origin": [-2, 1, 8]},
			"faces": {
				"north": {"uv": [4.25, 3.25, 4.5, 4], "texture": "#main"},
				"east": {"uv": [4, 3.25, 4.25, 4], "texture": "#main"},
				"south": {"uv": [4.75, 3.25, 5, 4], "texture": "#main"},
				"west": {"uv": [4.5, 3.25, 4.75, 4], "texture": "#main"},
				"up": {"uv": [4.5, 3.25, 4.25, 3], "texture": "#main"},
				"down": {"uv": [4.75, 3, 4.5, 3.25], "texture": "#main"}
			}
		},
		{
			"name": "Right Arm",
			"from": [-9, -1, 10],
			"to": [-6, 5, 14],
			"rotation": {"angle": -22.5, "axis": "x", "origin": [-8, 11, 8]},
			"faces": {
				"north": {"uv": [6.9375, 1.6875, 6.75, 2], "texture": "#main"},
				"east": {"uv": [7.1875, 1.6875, 6.9375, 2], "texture": "#main"},
				"south": {"uv": [7.375, 1.6875, 7.1875, 2], "texture": "#main"},
				"west": {"uv": [6.75, 1.625, 6.5, 2], "texture": "#main"},
				"up": {"uv": [6.75, 1.25, 6.9375, 1], "texture": "#main"},
				"down": {"uv": [6.9375, 1, 7.125, 1.25], "texture": "#main"}
			}
		},
		{
			"name": "Right Arm Layer",
			"from": [-9.25, -1.25, 9.75],
			"to": [-5.75, 5.25, 14.25],
			"rotation": {"angle": -22.5, "axis": "x", "origin": [-7, 11, 8]},
			"faces": {
				"north": {"uv": [6.9375, 2.625, 6.75, 3], "texture": "#main"},
				"east": {"uv": [7.1875, 2.625, 6.9375, 3], "texture": "#main"},
				"south": {"uv": [7.375, 2.625, 7.1875, 3], "texture": "#main"},
				"west": {"uv": [6.75, 2.625, 6.5, 3], "texture": "#main"},
				"up": {"uv": [6.75, 2.25, 6.9375, 2], "texture": "#main"},
				"down": {"uv": [6.9375, 2, 7.125, 2.25], "texture": "#main"}
			}
		},
		{
			"name": "Right Arm",
			"from": [-9, 5, 10],
			"to": [-6, 11, 14],
			"rotation": {"angle": -22.5, "axis": "x", "origin": [-8, 11, 8]},
			"faces": {
				"north": {"uv": [6.9375, 1.25, 6.75, 1.625], "texture": "#main"},
				"east": {"uv": [7.1875, 1.25, 6.9375, 1.625], "texture": "#main"},
				"south": {"uv": [7.375, 1.25, 7.1875, 1.625], "texture": "#main"},
				"west": {"uv": [6.75, 1.25, 6.5, 1.625], "texture": "#main"},
				"up": {"uv": [6.75, 1.25, 6.9375, 1], "texture": "#main"},
				"down": {"uv": [6.9375, 1, 7.125, 1.25], "texture": "#main"}
			}
		},
		{
			"name": "Right Arm Layer",
			"from": [-9.25, 4.75, 9.75],
			"to": [-5.75, 11.25, 14.25],
			"rotation": {"angle": -22.5, "axis": "x", "origin": [-8, 11, 8]},
			"faces": {
				"north": {"uv": [6.9375, 2.25, 6.75, 2.625], "texture": "#main"},
				"east": {"uv": [7.1875, 2.25, 6.9375, 2.625], "texture": "#main"},
				"south": {"uv": [7.375, 2.25, 7.1875, 2.625], "texture": "#main"},
				"west": {"uv": [6.75, 2.25, 6.5, 2.625], "texture": "#main"},
				"up": {"uv": [6.75, 2.25, 6.9375, 2], "texture": "#main"},
				"down": {"uv": [6.9375, 2, 7.125, 2.25], "texture": "#main"}
			}
		},
		{
			"from": [9.18629, -0.33579, 9.5],
			"to": [10.18629, 4.66421, 14.5],
			"rotation": {"angle": -22.5, "axis": "z", "origin": [10, 2, 12]},
			"faces": {
				"north": {"uv": [7, 1.4375, 7.0625, 1.75], "texture": "#main"},
				"east": {"uv": [4, 0, 4.3125, 0.3125], "texture": "#main"},
				"south": {"uv": [7.0625, 1.4375, 7.125, 1.75], "texture": "#main"},
				"west": {"uv": [6.9375, 1.375, 7.25, 1.6875], "texture": "#main"},
				"up": {"uv": [6.9375, 1.4375, 7.25, 1.5], "rotation": 90, "texture": "#main"},
				"down": {"uv": [6.9375, 1.5, 7.25, 1.5625], "rotation": 270, "texture": "#main"}
			}
		},
		{
			"from": [8.18629, 1.66421, 11.5],
			"to": [25.18629, 2.66421, 12.5],
			"rotation": {"angle": -22.5, "axis": "z", "origin": [10, 2, 12]},
			"faces": {
				"north": {"uv": [6.375, 3.25, 6.4375, 4], "rotation": 90, "texture": "#main"},
				"east": {"uv": [5.5, 0.6875, 5.5625, 0.75], "texture": "#main"},
				"south": {"uv": [6.375, 3.25, 6.4375, 4], "rotation": 270, "texture": "#main"},
				"west": {"uv": [4, 0, 4.0625, 0.0625], "texture": "#main"},
				"up": {"uv": [6.375, 2.9375, 6.4375, 4], "rotation": 90, "texture": "#main"},
				"down": {"uv": [6.3125, 2.9375, 6.375, 4], "rotation": 270, "texture": "#main"}
			}
		},
		{
			"name": "Head",
			"from": [-6, 12, 8],
			"to": [2, 20, 16],
			"rotation": {"angle": 0, "axis": "y", "origin": [-2, 11, 12]},
			"faces": {
				"north": {"uv": [9, 0.5, 9.5, 1], "texture": "#main"},
				"east": {"uv": [8.5, 0.5, 9, 1], "texture": "#main"},
				"south": {"uv": [8, 0.5, 8.5, 1], "texture": "#main"},
				"west": {"uv": [9.5, 0.5, 10, 1], "texture": "#main"},
				"up": {"uv": [9, 0.5, 8.5, 0], "rotation": 90, "texture": "#main"},
				"down": {"uv": [9.5, 0, 9, 0.5], "rotation": 270, "texture": "#main"}
			}
		},
		{
			"name": "Hat Layer",
			"from": [-6.5, 11.5, 7.5],
			"to": [2.5, 20.5, 16.5],
			"rotation": {"angle": 0, "axis": "y", "origin": [-2, 11, 12]},
			"faces": {
				"north": {"uv": [11, 0.5, 11.5, 1], "texture": "#main"},
				"east": {"uv": [10.5, 0.5, 11, 1], "texture": "#main"},
				"south": {"uv": [10, 0.5, 10.5, 1], "texture": "#main"},
				"west": {"uv": [11.5, 0.5, 12, 1], "texture": "#main"},
				"up": {"uv": [11, 0.5, 10.5, 0], "rotation": 90, "texture": "#main"},
				"down": {"uv": [11.5, 0, 11, 0.5], "rotation": 270, "texture": "#main"}
			}
		},
		{
			"name": "Body",
			"from": [-6, 1, 6],
			"to": [2, 13, 10],
			"rotation": {"angle": 22.5, "axis": "x", "origin": [-2, 0, 8]},
			"faces": {
				"north": {"uv": [9.25, 1.25, 9.75, 2], "texture": "#main"},
				"east": {"uv": [9, 1.25, 9.25, 2], "texture": "#main"},
				"south": {"uv": [10, 1.25, 10.5, 2], "texture": "#main"},
				"west": {"uv": [9.75, 1.25, 10, 2], "texture": "#main"},
				"up": {"uv": [9.75, 1.25, 9.25, 1], "texture": "#main"},
				"down": {"uv": [10.25, 1, 9.75, 1.25], "texture": "#main"}
			}
		},
		{
			"name": "Body Layer",
			"from": [-6.25, 0.75, 5.75],
			"to": [2.25, 13.25, 10.25],
			"rotation": {"angle": 22.5, "axis": "x", "origin": [-2, 0, 8]},
			"faces": {
				"north": {"uv": [9.25, 2.25, 9.75, 3], "texture": "#main"},
				"east": {"uv": [9, 2.25, 9.25, 3], "texture": "#main"},
				"south": {"uv": [10, 2.25, 10.5, 3], "texture": "#main"},
				"west": {"uv": [9.75, 2.25, 10, 3], "texture": "#main"},
				"up": {"uv": [9.75, 2.25, 9.25, 2], "texture": "#main"},
				"down": {"uv": [10.25, 2, 9.75, 2.25], "texture": "#main"}
			}
		},
		{
			"name": "Right Arm",
			"from": [8, 9, 10],
			"to": [14, 13, 13],
			"rotation": {"angle": 22.5, "axis": "z", "origin": [3, 11, 11]},
			"faces": {
				"north": {"uv": [10.9375, 1.6875, 11.1875, 2], "rotation": 90, "texture": "#main"},
				"east": {"uv": [11.125, 1, 10.9375, 1.25], "rotation": 180, "texture": "#main"},
				"south": {"uv": [10.5, 1.625, 10.75, 2], "rotation": 270, "texture": "#main"},
				"west": {"uv": [10.9375, 1.25, 10.75, 1], "texture": "#main"},
				"up": {"uv": [10.75, 1.6875, 10.9375, 2], "rotation": 270, "texture": "#main"},
				"down": {"uv": [11.1875, 1.6875, 11.375, 2], "rotation": 270, "texture": "#main"}
			}
		},
		{
			"name": "Right Arm Layer",
			"from": [7.75, 8.75, 9.75],
			"to": [14.25, 13.25, 13.25],
			"rotation": {"angle": 22.5, "axis": "z", "origin": [3, 11, 11]},
			"faces": {
				"north": {"uv": [10.9375, 2.625, 11.1875, 3], "rotation": 90, "texture": "#main"},
				"east": {"uv": [11.125, 2, 10.9375, 2.25], "rotation": 180, "texture": "#main"},
				"south": {"uv": [10.5, 2.625, 10.75, 3], "rotation": 270, "texture": "#main"},
				"west": {"uv": [10.9375, 2.25, 10.75, 2], "texture": "#main"},
				"up": {"uv": [10.75, 2.625, 10.9375, 3], "rotation": 270, "texture": "#main"},
				"down": {"uv": [11.1875, 2.625, 11.375, 3], "rotation": 270, "texture": "#main"}
			}
		},
		{
			"name": "Right Arm",
			"from": [2, 9, 10],
			"to": [8, 13, 13],
			"rotation": {"angle": 22.5, "axis": "z", "origin": [3, 11, 11]},
			"faces": {
				"north": {"uv": [10.9375, 1.25, 11.1875, 1.625], "rotation": 90, "texture": "#main"},
				"east": {"uv": [11.125, 1, 10.9375, 1.25], "rotation": 180, "texture": "#main"},
				"south": {"uv": [10.5, 1.25, 10.75, 1.625], "rotation": 270, "texture": "#main"},
				"west": {"uv": [10.9375, 1.25, 10.75, 1], "texture": "#main"},
				"up": {"uv": [10.75, 1.25, 10.9375, 1.625], "rotation": 270, "texture": "#main"},
				"down": {"uv": [11.1875, 1.25, 11.375, 1.625], "rotation": 270, "texture": "#main"}
			}
		},
		{
			"name": "Right Arm Layer",
			"from": [1.75, 8.75, 9.75],
			"to": [8.25, 13.25, 13.25],
			"rotation": {"angle": 22.5, "axis": "z", "origin": [3, 11, 11]},
			"faces": {
				"north": {"uv": [10.9375, 2.25, 11.1875, 2.625], "rotation": 90, "texture": "#main"},
				"east": {"uv": [11.125, 2, 10.9375, 2.25], "rotation": 180, "texture": "#main"},
				"south": {"uv": [10.5, 2.25, 10.75, 2.625], "rotation": 270, "texture": "#main"},
				"west": {"uv": [10.9375, 2.25, 10.75, 2], "texture": "#main"},
				"up": {"uv": [10.75, 2.25, 10.9375, 2.625], "rotation": 270, "texture": "#main"},
				"down": {"uv": [11.1875, 2.25, 11.375, 2.625], "rotation": 270, "texture": "#main"}
			}
		},
		{
			"name": "Right Leg",
			"from": [-2.1, -11, 6],
			"to": [1.9, 1, 10],
			"rotation": {"angle": -22.5, "axis": "x", "origin": [-2, 1, 8]},
			"faces": {
				"north": {"uv": [8.25, 1.25, 8.5, 2], "texture": "#main"},
				"east": {"uv": [8, 1.25, 8.25, 2], "texture": "#main"},
				"south": {"uv": [8.75, 1.25, 9, 2], "texture": "#main"},
				"west": {"uv": [8.5, 1.25, 8.75, 2], "texture": "#main"},
				"up": {"uv": [8.5, 1.25, 8.25, 1], "texture": "#main"},
				"down": {"uv": [8.75, 1, 8.5, 1.25], "texture": "#main"}
			}
		},
		{
			"name": "Right Leg Layer",
			"from": [-2.35, -11.25, 5.75],
			"to": [2.15, 1.25, 10.25],
			"rotation": {"angle": -22.5, "axis": "x", "origin": [-2, 1, 8]},
			"faces": {
				"north": {"uv": [8.25, 2.25, 8.5, 3], "texture": "#main"},
				"east": {"uv": [8, 2.25, 8.25, 3], "texture": "#main"},
				"south": {"uv": [8.75, 2.25, 9, 3], "texture": "#main"},
				"west": {"uv": [8.5, 2.25, 8.75, 3], "texture": "#main"},
				"up": {"uv": [8.5, 2.25, 8.25, 2], "texture": "#main"},
				"down": {"uv": [8.75, 2, 8.5, 2.25], "texture": "#main"}
			}
		},
		{
			"name": "Left Leg",
			"from": [-5.9, -11, 6],
			"to": [-1.9, 1, 10],
			"rotation": {"angle": -22.5, "axis": "z", "origin": [-2, 1, 8]},
			"faces": {
				"north": {"uv": [9.25, 3.25, 9.5, 4], "texture": "#main"},
				"east": {"uv": [9, 3.25, 9.25, 4], "texture": "#main"},
				"south": {"uv": [9.75, 3.25, 10, 4], "texture": "#main"},
				"west": {"uv": [9.5, 3.25, 9.75, 4], "texture": "#main"},
				"up": {"uv": [9.5, 3.25, 9.25, 3], "texture": "#main"},
				"down": {"uv": [9.75, 3, 9.5, 3.25], "texture": "#main"}
			}
		},
		{
			"name": "Left Leg Layer",
			"from": [-6.15, -11.25, 5.75],
			"to": [-1.65, 1.25, 10.25],
			"rotation": {"angle": -22.5, "axis": "z", "origin": [-2, 1, 8]},
			"faces": {
				"north": {"uv": [8.25, 3.25, 8.5, 4], "texture": "#main"},
				"east": {"uv": [8, 3.25, 8.25, 4], "texture": "#main"},
				"south": {"uv": [8.75, 3.25, 9, 4], "texture": "#main"},
				"west": {"uv": [8.5, 3.25, 8.75, 4], "texture": "#main"},
				"up": {"uv": [8.5, 3.25, 8.25, 3], "texture": "#main"},
				"down": {"uv": [8.75, 3, 8.5, 3.25], "texture": "#main"}
			}
		},
		{
			"name": "Right Arm",
			"from": [-9, -1, 10],
			"to": [-6, 5, 14],
			"rotation": {"angle": -22.5, "axis": "x", "origin": [-8, 11, 8]},
			"faces": {
				"north": {"uv": [10.9375, 1.6875, 10.75, 2], "texture": "#main"},
				"east": {"uv": [11.1875, 1.6875, 10.9375, 2], "texture": "#main"},
				"south": {"uv": [11.375, 1.6875, 11.1875, 2], "texture": "#main"},
				"west": {"uv": [10.75, 1.625, 10.5, 2], "texture": "#main"},
				"up": {"uv": [10.75, 1.25, 10.9375, 1], "texture": "#main"},
				"down": {"uv": [10.9375, 1, 11.125, 1.25], "texture": "#main"}
			}
		},
		{
			"name": "Right Arm Layer",
			"from": [-9.25, -1.25, 9.75],
			"to": [-5.75, 5.25, 14.25],
			"rotation": {"angle": -22.5, "axis": "x", "origin": [-7, 11, 8]},
			"faces": {
				"north": {"uv": [10.9375, 2.625, 10.75, 3], "texture": "#main"},
				"east": {"uv": [11.1875, 2.625, 10.9375, 3], "texture": "#main"},
				"south": {"uv": [11.375, 2.625, 11.1875, 3], "texture": "#main"},
				"west": {"uv": [10.75, 2.625, 10.5, 3], "texture": "#main"},
				"up": {"uv": [10.75, 2.25, 10.9375, 2], "texture": "#main"},
				"down": {"uv": [10.9375, 2, 11.125, 2.25], "texture": "#main"}
			}
		},
		{
			"name": "Right Arm",
			"from": [-9, 5, 10],
			"to": [-6, 11, 14],
			"rotation": {"angle": -22.5, "axis": "x", "origin": [-8, 11, 8]},
			"faces": {
				"north": {"uv": [10.9375, 1.25, 10.75, 1.625], "texture": "#main"},
				"east": {"uv": [11.1875, 1.25, 10.9375, 1.625], "texture": "#main"},
				"south": {"uv": [11.375, 1.25, 11.1875, 1.625], "texture": "#main"},
				"west": {"uv": [10.75, 1.25, 10.5, 1.625], "texture": "#main"},
				"up": {"uv": [10.75, 1.25, 10.9375, 1], "texture": "#main"},
				"down": {"uv": [10.9375, 1, 11.125, 1.25], "texture": "#main"}
			}
		},
		{
			"name": "Right Arm Layer",
			"from": [-9.25, 4.75, 9.75],
			"to": [-5.75, 11.25, 14.25],
			"rotation": {"angle": -22.5, "axis": "x", "origin": [-8, 11, 8]},
			"faces": {
				"north": {"uv": [10.9375, 2.25, 10.75, 2.625], "texture": "#main"},
				"east": {"uv": [11.1875, 2.25, 10.9375, 2.625], "texture": "#main"},
				"south": {"uv": [11.375, 2.25, 11.1875, 2.625], "texture": "#main"},
				"west": {"uv": [10.75, 2.25, 10.5, 2.625], "texture": "#main"},
				"up": {"uv": [10.75, 2.25, 10.9375, 2], "texture": "#main"},
				"down": {"uv": [10.9375, 2, 11.125, 2.25], "texture": "#main"}
			}
		},
		{
			"from": [13.5, 8.25, 9.5],
			"to": [14.5, 13.25, 14.5],
			"rotation": {"angle": 22.5, "axis": "z", "origin": [3, 11, 11]},
			"faces": {
				"north": {"uv": [11, 1.4375, 11.0625, 1.75], "texture": "#main"},
				"east": {"uv": [8, 0, 8.3125, 0.3125], "texture": "#main"},
				"south": {"uv": [11.0625, 1.4375, 11.125, 1.75], "texture": "#main"},
				"west": {"uv": [10.9375, 1.375, 11.25, 1.6875], "texture": "#main"},
				"up": {"uv": [10.9375, 1.4375, 11.25, 1.5], "rotation": 90, "texture": "#main"},
				"down": {"uv": [10.9375, 1.5, 11.25, 1.5625], "rotation": 270, "texture": "#main"}
			}
		},
		{
			"from": [12.5, 10.25, 11.5],
			"to": [29.5, 11.25, 12.5],
			"rotation": {"angle": 22.5, "axis": "z", "origin": [3, 11, 11]},
			"faces": {
				"north": {"uv": [10.375, 3.25, 10.4375, 4], "rotation": 90, "texture": "#main"},
				"east": {"uv": [9.5, 0.6875, 9.5625, 0.75], "texture": "#main"},
				"south": {"uv": [10.375, 3.25, 10.4375, 4], "rotation": 270, "texture": "#main"},
				"west": {"uv": [8, 0, 8.0625, 0.0625], "texture": "#main"},
				"up": {"uv": [10.375, 2.9375, 10.4375, 4], "rotation": 90, "texture": "#main"},
				"down": {"uv": [10.3125, 2.9375, 10.375, 4], "rotation": 270, "texture": "#main"}
			}
		},
		{
			"name": "Head",
			"from": [-6, 12, 8],
			"to": [2, 20, 16],
			"rotation": {"angle": 0, "axis": "y", "origin": [-2, 11, 12]},
			"faces": {
				"north": {"uv": [13, 0.5, 13.5, 1], "texture": "#main"},
				"east": {"uv": [12.5, 0.5, 13, 1], "texture": "#main"},
				"south": {"uv": [12, 0.5, 12.5, 1], "texture": "#main"},
				"west": {"uv": [13.5, 0.5, 14, 1], "texture": "#main"},
				"up": {"uv": [13, 0.5, 12.5, 0], "rotation": 90, "texture": "#main"},
				"down": {"uv": [13.5, 0, 13, 0.5], "rotation": 270, "texture": "#main"}
			}
		},
		{
			"name": "Hat Layer",
			"from": [-6.5, 11.5, 7.5],
			"to": [2.5, 20.5, 16.5],
			"rotation": {"angle": 0, "axis": "y", "origin": [-2, 11, 12]},
			"faces": {
				"north": {"uv": [15, 0.5, 15.5, 1], "texture": "#main"},
				"east": {"uv": [14.5, 0.5, 15, 1], "texture": "#main"},
				"south": {"uv": [14, 0.5, 14.5, 1], "texture": "#main"},
				"west": {"uv": [15.5, 0.5, 16, 1], "texture": "#main"},
				"up": {"uv": [15, 0.5, 14.5, 0], "rotation": 90, "texture": "#main"},
				"down": {"uv": [15.5, 0, 15, 0.5], "rotation": 270, "texture": "#main"}
			}
		},
		{
			"name": "Body",
			"from": [-6, 1, 6],
			"to": [2, 13, 10],
			"rotation": {"angle": 22.5, "axis": "x", "origin": [-2, 0, 8]},
			"faces": {
				"north": {"uv": [13.25, 1.25, 13.75, 2], "texture": "#main"},
				"east": {"uv": [13, 1.25, 13.25, 2], "texture": "#main"},
				"south": {"uv": [14, 1.25, 14.5, 2], "texture": "#main"},
				"west": {"uv": [13.75, 1.25, 14, 2], "texture": "#main"},
				"up": {"uv": [13.75, 1.25, 13.25, 1], "texture": "#main"},
				"down": {"uv": [14.25, 1, 13.75, 1.25], "texture": "#main"}
			}
		},
		{
			"name": "Body Layer",
			"from": [-6.25, 0.75, 5.75],
			"to": [2.25, 13.25, 10.25],
			"rotation": {"angle": 22.5, "axis": "x", "origin": [-2, 0, 8]},
			"faces": {
				"north": {"uv": [13.25, 2.25, 13.75, 3], "texture": "#main"},
				"east": {"uv": [13, 2.25, 13.25, 3], "texture": "#main"},
				"south": {"uv": [14, 2.25, 14.5, 3], "texture": "#main"},
				"west": {"uv": [13.75, 2.25, 14, 3], "texture": "#main"},
				"up": {"uv": [13.75, 2.25, 13.25, 2], "texture": "#main"},
				"down": {"uv": [14.25, 2, 13.75, 2.25], "texture": "#main"}
			}
		},
		{
			"name": "Right Arm",
			"from": [8, 9, 10],
			"to": [14, 13, 13],
			"rotation": {"angle": -22.5, "axis": "y", "origin": [3, 11, 11]},
			"faces": {
				"north": {"uv": [14.9375, 1.6875, 15.1875, 2], "rotation": 90, "texture": "#main"},
				"east": {"uv": [15.125, 1, 14.9375, 1.25], "rotation": 180, "texture": "#main"},
				"south": {"uv": [14.5, 1.625, 14.75, 2], "rotation": 270, "texture": "#main"},
				"west": {"uv": [14.9375, 1.25, 14.75, 1], "texture": "#main"},
				"up": {"uv": [14.75, 1.6875, 14.9375, 2], "rotation": 270, "texture": "#main"},
				"down": {"uv": [15.1875, 1.6875, 15.375, 2], "rotation": 270, "texture": "#main"}
			}
		},
		{
			"name": "Right Arm Layer",
			"from": [7.75, 8.75, 9.75],
			"to": [14.25, 13.25, 13.25],
			"rotation": {"angle": -22.5, "axis": "y", "origin": [3, 11, 11]},
			"faces": {
				"north": {"uv": [14.9375, 2.625, 15.1875, 3], "rotation": 90, "texture": "#main"},
				"east": {"uv": [15.125, 2, 14.9375, 2.25], "rotation": 180, "texture": "#main"},
				"south": {"uv": [14.5, 2.625, 14.75, 3], "rotation": 270, "texture": "#main"},
				"west": {"uv": [14.9375, 2.25, 14.75, 2], "texture": "#main"},
				"up": {"uv": [14.75, 2.625, 14.9375, 3], "rotation": 270, "texture": "#main"},
				"down": {"uv": [15.1875, 2.625, 15.375, 3], "rotation": 270, "texture": "#main"}
			}
		},
		{
			"name": "Right Arm",
			"from": [2, 9, 10],
			"to": [8, 13, 13],
			"rotation": {"angle": -22.5, "axis": "y", "origin": [3, 11, 11]},
			"faces": {
				"north": {"uv": [14.9375, 1.25, 15.1875, 1.625], "rotation": 90, "texture": "#main"},
				"east": {"uv": [15.125, 1, 14.9375, 1.25], "rotation": 180, "texture": "#main"},
				"south": {"uv": [14.5, 1.25, 14.75, 1.625], "rotation": 270, "texture": "#main"},
				"west": {"uv": [14.9375, 1.25, 14.75, 1], "texture": "#main"},
				"up": {"uv": [14.75, 1.25, 14.9375, 1.625], "rotation": 270, "texture": "#main"},
				"down": {"uv": [15.1875, 1.25, 15.375, 1.625], "rotation": 270, "texture": "#main"}
			}
		},
		{
			"name": "Right Arm Layer",
			"from": [1.75, 8.75, 9.75],
			"to": [8.25, 13.25, 13.25],
			"rotation": {"angle": -22.5, "axis": "y", "origin": [3, 11, 11]},
			"faces": {
				"north": {"uv": [14.9375, 2.25, 15.1875, 2.625], "rotation": 90, "texture": "#main"},
				"east": {"uv": [15.125, 2, 14.9375, 2.25], "rotation": 180, "texture": "#main"},
				"south": {"uv": [14.5, 2.25, 14.75, 2.625], "rotation": 270, "texture": "#main"},
				"west": {"uv": [14.9375, 2.25, 14.75, 2], "texture": "#main"},
				"up": {"uv": [14.75, 2.25, 14.9375, 2.625], "rotation": 270, "texture": "#main"},
				"down": {"uv": [15.1875, 2.25, 15.375, 2.625], "rotation": 270, "texture": "#main"}
			}
		},
		{
			"name": "Right Leg",
			"from": [-2.1, -11, 6],
			"to": [1.9, 1, 10],
			"rotation": {"angle": -22.5, "axis": "x", "origin": [-2, 1, 8]},
			"faces": {
				"north": {"uv": [12.25, 1.25, 12.5, 2], "texture": "#main"},
				"east": {"uv": [12, 1.25, 12.25, 2], "texture": "#main"},
				"south": {"uv": [12.75, 1.25, 13, 2], "texture": "#main"},
				"west": {"uv": [12.5, 1.25, 12.75, 2], "texture": "#main"},
				"up": {"uv": [12.5, 1.25, 12.25, 1], "texture": "#main"},
				"down": {"uv": [12.75, 1, 12.5, 1.25], "texture": "#main"}
			}
		},
		{
			"name": "Right Leg Layer",
			"from": [-2.35, -11.25, 5.75],
			"to": [2.15, 1.25, 10.25],
			"rotation": {"angle": -22.5, "axis": "x", "origin": [-2, 1, 8]},
			"faces": {
				"north": {"uv": [12.25, 2.25, 12.5, 3], "texture": "#main"},
				"east": {"uv": [12, 2.25, 12.25, 3], "texture": "#main"},
				"south": {"uv": [12.75, 2.25, 13, 3], "texture": "#main"},
				"west": {"uv": [12.5, 2.25, 12.75, 3], "texture": "#main"},
				"up": {"uv": [12.5, 2.25, 12.25, 2], "texture": "#main"},
				"down": {"uv": [12.75, 2, 12.5, 2.25], "texture": "#main"}
			}
		},
		{
			"name": "Left Leg",
			"from": [-5.9, -11, 6],
			"to": [-1.9, 1, 10],
			"rotation": {"angle": -22.5, "axis": "z", "origin": [-2, 1, 8]},
			"faces": {
				"north": {"uv": [13.25, 3.25, 13.5, 4], "texture": "#main"},
				"east": {"uv": [13, 3.25, 13.25, 4], "texture": "#main"},
				"south": {"uv": [13.75, 3.25, 14, 4], "texture": "#main"},
				"west": {"uv": [13.5, 3.25, 13.75, 4], "texture": "#main"},
				"up": {"uv": [13.5, 3.25, 13.25, 3], "texture": "#main"},
				"down": {"uv": [13.75, 3, 13.5, 3.25], "texture": "#main"}
			}
		},
		{
			"name": "Left Leg Layer",
			"from": [-6.15, -11.25, 5.75],
			"to": [-1.65, 1.25, 10.25],
			"rotation": {"angle": -22.5, "axis": "z", "origin": [-2, 1, 8]},
			"faces": {
				"north": {"uv": [12.25, 3.25, 12.5, 4], "texture": "#main"},
				"east": {"uv": [12, 3.25, 12.25, 4], "texture": "#main"},
				"south": {"uv": [12.75, 3.25, 13, 4], "texture": "#main"},
				"west": {"uv": [12.5, 3.25, 12.75, 4], "texture": "#main"},
				"up": {"uv": [12.5, 3.25, 12.25, 3], "texture": "#main"},
				"down": {"uv": [12.75, 3, 12.5, 3.25], "texture": "#main"}
			}
		},
		{
			"name": "Right Arm",
			"from": [-9, -1, 10],
			"to": [-6, 5, 14],
			"rotation": {"angle": -22.5, "axis": "x", "origin": [-8, 11, 8]},
			"faces": {
				"north": {"uv": [14.9375, 1.6875, 14.75, 2], "texture": "#main"},
				"east": {"uv": [15.1875, 1.6875, 14.9375, 2], "texture": "#main"},
				"south": {"uv": [15.375, 1.6875, 15.1875, 2], "texture": "#main"},
				"west": {"uv": [14.75, 1.625, 14.5, 2], "texture": "#main"},
				"up": {"uv": [14.75, 1.25, 14.9375, 1], "texture": "#main"},
				"down": {"uv": [14.9375, 1, 15.125, 1.25], "texture": "#main"}
			}
		},
		{
			"name": "Right Arm Layer",
			"from": [-9.25, -1.25, 9.75],
			"to": [-5.75, 5.25, 14.25],
			"rotation": {"angle": -22.5, "axis": "x", "origin": [-7, 11, 8]},
			"faces": {
				"north": {"uv": [14.9375, 2.625, 14.75, 3], "texture": "#main"},
				"east": {"uv": [15.1875, 2.625, 14.9375, 3], "texture": "#main"},
				"south": {"uv": [15.375, 2.625, 15.1875, 3], "texture": "#main"},
				"west": {"uv": [14.75, 2.625, 14.5, 3], "texture": "#main"},
				"up": {"uv": [14.75, 2.25, 14.9375, 2], "texture": "#main"},
				"down": {"uv": [14.9375, 2, 15.125, 2.25], "texture": "#main"}
			}
		},
		{
			"name": "Right Arm",
			"from": [-9, 5, 10],
			"to": [-6, 11, 14],
			"rotation": {"angle": -22.5, "axis": "x", "origin": [-8, 11, 8]},
			"faces": {
				"north": {"uv": [14.9375, 1.25, 14.75, 1.625], "texture": "#main"},
				"east": {"uv": [15.1875, 1.25, 14.9375, 1.625], "texture": "#main"},
				"south": {"uv": [15.375, 1.25, 15.1875, 1.625], "texture": "#main"},
				"west": {"uv": [14.75, 1.25, 14.5, 1.625], "texture": "#main"},
				"up": {"uv": [14.75, 1.25, 14.9375, 1], "texture": "#main"},
				"down": {"uv": [14.9375, 1, 15.125, 1.25], "texture": "#main"}
			}
		},
		{
			"name": "Right Arm Layer",
			"from": [-9.25, 4.75, 9.75],
			"to": [-5.75, 11.25, 14.25],
			"rotation": {"angle": -22.5, "axis": "x", "origin": [-8, 11, 8]},
			"faces": {
				"north": {"uv": [14.9375, 2.25, 14.75, 2.625], "texture": "#main"},
				"east": {"uv": [15.1875, 2.25, 14.9375, 2.625], "texture": "#main"},
				"south": {"uv": [15.375, 2.25, 15.1875, 2.625], "texture": "#main"},
				"west": {"uv": [14.75, 2.25, 14.5, 2.625], "texture": "#main"},
				"up": {"uv": [14.75, 2.25, 14.9375, 2], "texture": "#main"},
				"down": {"uv": [14.9375, 2, 15.125, 2.25], "texture": "#main"}
			}
		},
		{
			"from": [13.5, 8.25, 12.5],
			"to": [14.5, 13.25, 17.5],
			"rotation": {"angle": 0, "axis": "y", "origin": [3, 11, 11]},
			"faces": {
				"north": {"uv": [15, 1.4375, 15.0625, 1.75], "texture": "#main"},
				"east": {"uv": [12, 0, 12.3125, 0.3125], "texture": "#main"},
				"south": {"uv": [15.0625, 1.4375, 15.125, 1.75], "texture": "#main"},
				"west": {"uv": [14.9375, 1.375, 15.25, 1.6875], "texture": "#main"},
				"up": {"uv": [14.9375, 1.4375, 15.25, 1.5], "rotation": 90, "texture": "#main"},
				"down": {"uv": [14.9375, 1.5, 15.25, 1.5625], "rotation": 270, "texture": "#main"}
			}
		},
		{
			"from": [12.5, 10.25, 14.5],
			"to": [29.5, 11.25, 15.5],
			"rotation": {"angle": 0, "axis": "y", "origin": [3, 11, 11]},
			"faces": {
				"north": {"uv": [14.375, 3.25, 14.4375, 4], "rotation": 90, "texture": "#main"},
				"east": {"uv": [13.5, 0.6875, 13.5625, 0.75], "texture": "#main"},
				"south": {"uv": [14.375, 3.25, 14.4375, 4], "rotation": 270, "texture": "#main"},
				"west": {"uv": [12, 0, 12.0625, 0.0625], "texture": "#main"},
				"up": {"uv": [14.375, 2.9375, 14.4375, 4], "rotation": 90, "texture": "#main"},
				"down": {"uv": [14.3125, 2.9375, 14.375, 4], "rotation": 270, "texture": "#main"}
			}
		},
		{
			"name": "Head",
			"from": [-6, 12, 8],
			"to": [2, 20, 16],
			"rotation": {"angle": 0, "axis": "y", "origin": [-2, 11, 12]},
			"faces": {
				"north": {"uv": [1, 4.5, 1.5, 5], "texture": "#main"},
				"east": {"uv": [0.5, 4.5, 1, 5], "texture": "#main"},
				"south": {"uv": [0, 4.5, 0.5, 5], "texture": "#main"},
				"west": {"uv": [1.5, 4.5, 2, 5], "texture": "#main"},
				"up": {"uv": [1, 4.5, 0.5, 4], "rotation": 90, "texture": "#main"},
				"down": {"uv": [1.5, 4, 1, 4.5], "rotation": 270, "texture": "#main"}
			}
		},
		{
			"name": "Hat Layer",
			"from": [-6.5, 11.5, 7.5],
			"to": [2.5, 20.5, 16.5],
			"rotation": {"angle": 0, "axis": "y", "origin": [-2, 11, 12]},
			"faces": {
				"north": {"uv": [3, 4.5, 3.5, 5], "texture": "#main"},
				"east": {"uv": [2.5, 4.5, 3, 5], "texture": "#main"},
				"south": {"uv": [2, 4.5, 2.5, 5], "texture": "#main"},
				"west": {"uv": [3.5, 4.5, 4, 5], "texture": "#main"},
				"up": {"uv": [3, 4.5, 2.5, 4], "rotation": 90, "texture": "#main"},
				"down": {"uv": [3.5, 4, 3, 4.5], "rotation": 270, "texture": "#main"}
			}
		},
		{
			"name": "Body",
			"from": [-6, 1, 6],
			"to": [2, 13, 10],
			"rotation": {"angle": 22.5, "axis": "x", "origin": [-2, 0, 8]},
			"faces": {
				"north": {"uv": [1.25, 5.25, 1.75, 6], "texture": "#main"},
				"east": {"uv": [1, 5.25, 1.25, 6], "texture": "#main"},
				"south": {"uv": [2, 5.25, 2.5, 6], "texture": "#main"},
				"west": {"uv": [1.75, 5.25, 2, 6], "texture": "#main"},
				"up": {"uv": [1.75, 5.25, 1.25, 5], "texture": "#main"},
				"down": {"uv": [2.25, 5, 1.75, 5.25], "texture": "#main"}
			}
		},
		{
			"name": "Body Layer",
			"from": [-6.25, 0.75, 5.75],
			"to": [2.25, 13.25, 10.25],
			"rotation": {"angle": 22.5, "axis": "x", "origin": [-2, 0, 8]},
			"faces": {
				"north": {"uv": [1.25, 6.25, 1.75, 7], "texture": "#main"},
				"east": {"uv": [1, 6.25, 1.25, 7], "texture": "#main"},
				"south": {"uv": [2, 6.25, 2.5, 7], "texture": "#main"},
				"west": {"uv": [1.75, 6.25, 2, 7], "texture": "#main"},
				"up": {"uv": [1.75, 6.25, 1.25, 6], "texture": "#main"},
				"down": {"uv": [2.25, 6, 1.75, 6.25], "texture": "#main"}
			}
		},
		{
			"name": "Right Arm",
			"from": [8, 9, 10],
			"to": [14, 13, 13],
			"rotation": {"angle": 22.5, "axis": "y", "origin": [3, 11, 11]},
			"faces": {
				"north": {"uv": [2.9375, 5.6875, 3.1875, 6], "rotation": 90, "texture": "#main"},
				"east": {"uv": [3.125, 5, 2.9375, 5.25], "rotation": 180, "texture": "#main"},
				"south": {"uv": [2.5, 5.625, 2.75, 6], "rotation": 270, "texture": "#main"},
				"west": {"uv": [2.9375, 5.25, 2.75, 5], "texture": "#main"},
				"up": {"uv": [2.75, 5.6875, 2.9375, 6], "rotation": 270, "texture": "#main"},
				"down": {"uv": [3.1875, 5.6875, 3.375, 6], "rotation": 270, "texture": "#main"}
			}
		},
		{
			"name": "Right Arm Layer",
			"from": [7.75, 8.75, 9.75],
			"to": [14.25, 13.25, 13.25],
			"rotation": {"angle": 22.5, "axis": "y", "origin": [3, 11, 11]},
			"faces": {
				"north": {"uv": [2.9375, 6.625, 3.1875, 7], "rotation": 90, "texture": "#main"},
				"east": {"uv": [3.125, 6, 2.9375, 6.25], "rotation": 180, "texture": "#main"},
				"south": {"uv": [2.5, 6.625, 2.75, 7], "rotation": 270, "texture": "#main"},
				"west": {"uv": [2.9375, 6.25, 2.75, 6], "texture": "#main"},
				"up": {"uv": [2.75, 6.625, 2.9375, 7], "rotation": 270, "texture": "#main"},
				"down": {"uv": [3.1875, 6.625, 3.375, 7], "rotation": 270, "texture": "#main"}
			}
		},
		{
			"name": "Right Arm",
			"from": [2, 9, 10],
			"to": [8, 13, 13],
			"rotation": {"angle": 22.5, "axis": "y", "origin": [3, 11, 11]},
			"faces": {
				"north": {"uv": [2.9375, 5.25, 3.1875, 5.625], "rotation": 90, "texture": "#main"},
				"east": {"uv": [3.125, 5, 2.9375, 5.25], "rotation": 180, "texture": "#main"},
				"south": {"uv": [2.5, 5.25, 2.75, 5.625], "rotation": 270, "texture": "#main"},
				"west": {"uv": [2.9375, 5.25, 2.75, 5], "texture": "#main"},
				"up": {"uv": [2.75, 5.25, 2.9375, 5.625], "rotation": 270, "texture": "#main"},
				"down": {"uv": [3.1875, 5.25, 3.375, 5.625], "rotation": 270, "texture": "#main"}
			}
		},
		{
			"name": "Right Arm Layer",
			"from": [1.75, 8.75, 9.75],
			"to": [8.25, 13.25, 13.25],
			"rotation": {"angle": 22.5, "axis": "y", "origin": [3, 11, 11]},
			"faces": {
				"north": {"uv": [2.9375, 6.25, 3.1875, 6.625], "rotation": 90, "texture": "#main"},
				"east": {"uv": [3.125, 6, 2.9375, 6.25], "rotation": 180, "texture": "#main"},
				"south": {"uv": [2.5, 6.25, 2.75, 6.625], "rotation": 270, "texture": "#main"},
				"west": {"uv": [2.9375, 6.25, 2.75, 6], "texture": "#main"},
				"up": {"uv": [2.75, 6.25, 2.9375, 6.625], "rotation": 270, "texture": "#main"},
				"down": {"uv": [3.1875, 6.25, 3.375, 6.625], "rotation": 270, "texture": "#main"}
			}
		},
		{
			"name": "Right Leg",
			"from": [-2.1, -11, 6],
			"to": [1.9, 1, 10],
			"rotation": {"angle": -22.5, "axis": "x", "origin": [-2, 1, 8]},
			"faces": {
				"north": {"uv": [0.25, 5.25, 0.5, 6], "texture": "#main"},
				"east": {"uv": [0, 5.25, 0.25, 6], "texture": "#main"},
				"south": {"uv": [0.75, 5.25, 1, 6], "texture": "#main"},
				"west": {"uv": [0.5, 5.25, 0.75, 6], "texture": "#main"},
				"up": {"uv": [0.5, 5.25, 0.25, 5], "texture": "#main"},
				"down": {"uv": [0.75, 5, 0.5, 5.25], "texture": "#main"}
			}
		},
		{
			"name": "Right Leg Layer",
			"from": [-2.35, -11.25, 5.75],
			"to": [2.15, 1.25, 10.25],
			"rotation": {"angle": -22.5, "axis": "x", "origin": [-2, 1, 8]},
			"faces": {
				"north": {"uv": [0.25, 6.25, 0.5, 7], "texture": "#main"},
				"east": {"uv": [0, 6.25, 0.25, 7], "texture": "#main"},
				"south": {"uv": [0.75, 6.25, 1, 7], "texture": "#main"},
				"west": {"uv": [0.5, 6.25, 0.75, 7], "texture": "#main"},
				"up": {"uv": [0.5, 6.25, 0.25, 6], "texture": "#main"},
				"down": {"uv": [0.75, 6, 0.5, 6.25], "texture": "#main"}
			}
		},
		{
			"name": "Left Leg",
			"from": [-5.9, -11, 6],
			"to": [-1.9, 1, 10],
			"rotation": {"angle": -22.5, "axis": "z", "origin": [-2, 1, 8]},
			"faces": {
				"north": {"uv": [1.25, 7.25, 1.5, 8], "texture": "#main"},
				"east": {"uv": [1, 7.25, 1.25, 8], "texture": "#main"},
				"south": {"uv": [1.75, 7.25, 2, 8], "texture": "#main"},
				"west": {"uv": [1.5, 7.25, 1.75, 8], "texture": "#main"},
				"up": {"uv": [1.5, 7.25, 1.25, 7], "texture": "#main"},
				"down": {"uv": [1.75, 7, 1.5, 7.25], "texture": "#main"}
			}
		},
		{
			"name": "Left Leg Layer",
			"from": [-6.15, -11.25, 5.75],
			"to": [-1.65, 1.25, 10.25],
			"rotation": {"angle": -22.5, "axis": "z", "origin": [-2, 1, 8]},
			"faces": {
				"north": {"uv": [0.25, 7.25, 0.5, 8], "texture": "#main"},
				"east": {"uv": [0, 7.25, 0.25, 8], "texture": "#main"},
				"south": {"uv": [0.75, 7.25, 1, 8], "texture": "#main"},
				"west": {"uv": [0.5, 7.25, 0.75, 8], "texture": "#main"},
				"up": {"uv": [0.5, 7.25, 0.25, 7], "texture": "#main"},
				"down": {"uv": [0.75, 7, 0.5, 7.25], "texture": "#main"}
			}
		},
		{
			"name": "Right Arm",
			"from": [-9, -1, 10],
			"to": [-6, 5, 14],
			"rotation": {"angle": -22.5, "axis": "x", "origin": [-8, 11, 8]},
			"faces": {
				"north": {"uv": [2.9375, 5.6875, 2.75, 6], "texture": "#main"},
				"east": {"uv": [3.1875, 5.6875, 2.9375, 6], "texture": "#main"},
				"south": {"uv": [3.375, 5.6875, 3.1875, 6], "texture": "#main"},
				"west": {"uv": [2.75, 5.625, 2.5, 6], "texture": "#main"},
				"up": {"uv": [2.75, 5.25, 2.9375, 5], "texture": "#main"},
				"down": {"uv": [2.9375, 5, 3.125, 5.25], "texture": "#main"}
			}
		},
		{
			"name": "Right Arm Layer",
			"from": [-9.25, -1.25, 9.75],
			"to": [-5.75, 5.25, 14.25],
			"rotation": {"angle": -22.5, "axis": "x", "origin": [-7, 11, 8]},
			"faces": {
				"north": {"uv": [2.9375, 6.625, 2.75, 7], "texture": "#main"},
				"east": {"uv": [3.1875, 6.625, 2.9375, 7], "texture": "#main"},
				"south": {"uv": [3.375, 6.625, 3.1875, 7], "texture": "#main"},
				"west": {"uv": [2.75, 6.625, 2.5, 7], "texture": "#main"},
				"up": {"uv": [2.75, 6.25, 2.9375, 6], "texture": "#main"},
				"down": {"uv": [2.9375, 6, 3.125, 6.25], "texture": "#main"}
			}
		},
		{
			"name": "Right Arm",
			"from": [-9, 5, 10],
			"to": [-6, 11, 14],
			"rotation": {"angle": -22.5, "axis": "x", "origin": [-8, 11, 8]},
			"faces": {
				"north": {"uv": [2.9375, 5.25, 2.75, 5.625], "texture": "#main"},
				"east": {"uv": [3.1875, 5.25, 2.9375, 5.625], "texture": "#main"},
				"south": {"uv": [3.375, 5.25, 3.1875, 5.625], "texture": "#main"},
				"west": {"uv": [2.75, 5.25, 2.5, 5.625], "texture": "#main"},
				"up": {"uv": [2.75, 5.25, 2.9375, 5], "texture": "#main"},
				"down": {"uv": [2.9375, 5, 3.125, 5.25], "texture": "#main"}
			}
		},
		{
			"name": "Right Arm Layer",
			"from": [-9.25, 4.75, 9.75],
			"to": [-5.75, 11.25, 14.25],
			"rotation": {"angle": -22.5, "axis": "x", "origin": [-8, 11, 8]},
			"faces": {
				"north": {"uv": [2.9375, 6.25, 2.75, 6.625], "texture": "#main"},
				"east": {"uv": [3.1875, 6.25, 2.9375, 6.625], "texture": "#main"},
				"south": {"uv": [3.375, 6.25, 3.1875, 6.625], "texture": "#main"},
				"west": {"uv": [2.75, 6.25, 2.5, 6.625], "texture": "#main"},
				"up": {"uv": [2.75, 6.25, 2.9375, 6], "texture": "#main"},
				"down": {"uv": [2.9375, 6, 3.125, 6.25], "texture": "#main"}
			}
		},
		{
			"from": [13.5, 8.25, 4.5],
			"to": [14.5, 13.25, 9.5],
			"rotation": {"angle": 0, "axis": "y", "origin": [3, 11, 11]},
			"faces": {
				"north": {"uv": [3, 5.4375, 3.0625, 5.75], "texture": "#main"},
				"east": {"uv": [0, 4, 0.3125, 4.3125], "texture": "#main"},
				"south": {"uv": [3.0625, 5.4375, 3.125, 5.75], "texture": "#main"},
				"west": {"uv": [2.9375, 5.375, 3.25, 5.6875], "texture": "#main"},
				"up": {"uv": [2.9375, 5.4375, 3.25, 5.5], "rotation": 90, "texture": "#main"},
				"down": {"uv": [2.9375, 5.5, 3.25, 5.5625], "rotation": 270, "texture": "#main"}
			}
		},
		{
			"from": [12.5, 10.25, 6.5],
			"to": [29.5, 11.25, 7.5],
			"rotation": {"angle": 0, "axis": "y", "origin": [3, 11, 11]},
			"faces": {
				"north": {"uv": [2.375, 7.25, 2.4375, 8], "rotation": 90, "texture": "#main"},
				"east": {"uv": [1.5, 4.6875, 1.5625, 4.75], "texture": "#main"},
				"south": {"uv": [2.375, 7.25, 2.4375, 8], "rotation": 270, "texture": "#main"},
				"west": {"uv": [0, 4, 0.0625, 4.0625], "texture": "#main"},
				"up": {"uv": [2.375, 6.9375, 2.4375, 8], "rotation": 90, "texture": "#main"},
				"down": {"uv": [2.3125, 6.9375, 2.375, 8], "rotation": 270, "texture": "#main"}
			}
		},
		{
			"name": "Head",
			"from": [-6, 12, 8],
			"to": [2, 20, 16],
			"rotation": {"angle": 0, "axis": "y", "origin": [-2, 11, 12]},
			"faces": {
				"north": {"uv": [1, 0.5, 1.5, 1], "texture": "#main"},
				"east": {"uv": [0.5, 0.5, 1, 1], "texture": "#main"},
				"south": {"uv": [0, 0.5, 0.5, 1], "texture": "#main"},
				"west": {"uv": [1.5, 0.5, 2, 1], "texture": "#main"},
				"up": {"uv": [1, 0.5, 0.5, 0], "rotation": 90, "texture": "#main"},
				"down": {"uv": [1.5, 0, 1, 0.5], "rotation": 270, "texture": "#main"}
			}
		},
		{
			"name": "Hat Layer",
			"from": [-6.5, 11.5, 7.5],
			"to": [2.5, 20.5, 16.5],
			"rotation": {"angle": 0, "axis": "y", "origin": [-2, 11, 12]},
			"faces": {
				"north": {"uv": [3, 0.5, 3.5, 1], "texture": "#main"},
				"east": {"uv": [2.5, 0.5, 3, 1], "texture": "#main"},
				"south": {"uv": [2, 0.5, 2.5, 1], "texture": "#main"},
				"west": {"uv": [3.5, 0.5, 4, 1], "texture": "#main"},
				"up": {"uv": [3, 0.5, 2.5, 0], "rotation": 90, "texture": "#main"},
				"down": {"uv": [3.5, 0, 3, 0.5], "rotation": 270, "texture": "#main"}
			}
		},
		{
			"name": "Body",
			"from": [-6, 1, 6],
			"to": [2, 13, 10],
			"rotation": {"angle": 22.5, "axis": "x", "origin": [-2, 0, 8]},
			"faces": {
				"north": {"uv": [1.25, 1.25, 1.75, 2], "texture": "#main"},
				"east": {"uv": [1, 1.25, 1.25, 2], "texture": "#main"},
				"south": {"uv": [2, 1.25, 2.5, 2], "texture": "#main"},
				"west": {"uv": [1.75, 1.25, 2, 2], "texture": "#main"},
				"up": {"uv": [1.75, 1.25, 1.25, 1], "texture": "#main"},
				"down": {"uv": [2.25, 1, 1.75, 1.25], "texture": "#main"}
			}
		},
		{
			"name": "Body Layer",
			"from": [-6.25, 0.75, 5.75],
			"to": [2.25, 13.25, 10.25],
			"rotation": {"angle": 22.5, "axis": "x", "origin": [-2, 0, 8]},
			"faces": {
				"north": {"uv": [1.25, 2.25, 1.75, 3], "texture": "#main"},
				"east": {"uv": [1, 2.25, 1.25, 3], "texture": "#main"},
				"south": {"uv": [2, 2.25, 2.5, 3], "texture": "#main"},
				"west": {"uv": [1.75, 2.25, 2, 3], "texture": "#main"},
				"up": {"uv": [1.75, 2.25, 1.25, 2], "texture": "#main"},
				"down": {"uv": [2.25, 2, 1.75, 2.25], "texture": "#main"}
			}
		},
		{
			"name": "Right Arm",
			"from": [8, 8, 10],
			"to": [14, 12, 13],
			"rotation": {"angle": 0, "axis": "y", "origin": [3, 11, 11]},
			"faces": {
				"north": {"uv": [2.9375, 1.6875, 3.1875, 2], "rotation": 90, "texture": "#main"},
				"east": {"uv": [3.125, 1, 2.9375, 1.25], "rotation": 180, "texture": "#main"},
				"south": {"uv": [2.5, 1.625, 2.75, 2], "rotation": 270, "texture": "#main"},
				"west": {"uv": [2.9375, 1.25, 2.75, 1], "texture": "#main"},
				"up": {"uv": [2.75, 1.6875, 2.9375, 2], "rotation": 270, "texture": "#main"},
				"down": {"uv": [3.1875, 1.6875, 3.375, 2], "rotation": 270, "texture": "#main"}
			}
		},
		{
			"name": "Right Arm Layer",
			"from": [7.75, 7.75, 9.75],
			"to": [14.25, 12.25, 13.25],
			"rotation": {"angle": 0, "axis": "y", "origin": [3, 11, 11]},
			"faces": {
				"north": {"uv": [2.9375, 2.625, 3.1875, 3], "rotation": 90, "texture": "#main"},
				"east": {"uv": [3.125, 2, 2.9375, 2.25], "rotation": 180, "texture": "#main"},
				"south": {"uv": [2.5, 2.625, 2.75, 3], "rotation": 270, "texture": "#main"},
				"west": {"uv": [2.9375, 2.25, 2.75, 2], "texture": "#main"},
				"up": {"uv": [2.75, 2.625, 2.9375, 3], "rotation": 270, "texture": "#main"},
				"down": {"uv": [3.1875, 2.625, 3.375, 3], "rotation": 270, "texture": "#main"}
			}
		},
		{
			"name": "Right Arm",
			"from": [2, 8, 10],
			"to": [8, 12, 13],
			"rotation": {"angle": 0, "axis": "y", "origin": [3, 11, 11]},
			"faces": {
				"north": {"uv": [2.9375, 1.25, 3.1875, 1.625], "rotation": 90, "texture": "#main"},
				"east": {"uv": [3.125, 1, 2.9375, 1.25], "rotation": 180, "texture": "#main"},
				"south": {"uv": [2.5, 1.25, 2.75, 1.625], "rotation": 270, "texture": "#main"},
				"west": {"uv": [2.9375, 1.25, 2.75, 1], "texture": "#main"},
				"up": {"uv": [2.75, 1.25, 2.9375, 1.625], "rotation": 270, "texture": "#main"},
				"down": {"uv": [3.1875, 1.25, 3.375, 1.625], "rotation": 270, "texture": "#main"}
			}
		},
		{
			"name": "Right Arm Layer",
			"from": [1.75, 7.75, 9.75],
			"to": [8.25, 12.25, 13.25],
			"rotation": {"angle": 0, "axis": "y", "origin": [3, 11, 11]},
			"faces": {
				"north": {"uv": [2.9375, 2.25, 3.1875, 2.625], "rotation": 90, "texture": "#main"},
				"east": {"uv": [3.125, 2, 2.9375, 2.25], "rotation": 180, "texture": "#main"},
				"south": {"uv": [2.5, 2.25, 2.75, 2.625], "rotation": 270, "texture": "#main"},
				"west": {"uv": [2.9375, 2.25, 2.75, 2], "texture": "#main"},
				"up": {"uv": [2.75, 2.25, 2.9375, 2.625], "rotation": 270, "texture": "#main"},
				"down": {"uv": [3.1875, 2.25, 3.375, 2.625], "rotation": 270, "texture": "#main"}
			}
		},
		{
			"name": "Right Leg",
			"from": [-2.1, -11, 6],
			"to": [1.9, 1, 10],
			"rotation": {"angle": -22.5, "axis": "x", "origin": [-2, 1, 8]},
			"faces": {
				"north": {"uv": [0.25, 1.25, 0.5, 2], "texture": "#main"},
				"east": {"uv": [0, 1.25, 0.25, 2], "texture": "#main"},
				"south": {"uv": [0.75, 1.25, 1, 2], "texture": "#main"},
				"west": {"uv": [0.5, 1.25, 0.75, 2], "texture": "#main"},
				"up": {"uv": [0.5, 1.25, 0.25, 1], "texture": "#main"},
				"down": {"uv": [0.75, 1, 0.5, 1.25], "texture": "#main"}
			}
		},
		{
			"name": "Right Leg Layer",
			"from": [-2.35, -11.25, 5.75],
			"to": [2.15, 1.25, 10.25],
			"rotation": {"angle": -22.5, "axis": "x", "origin": [-2, 1, 8]},
			"faces": {
				"north": {"uv": [0.25, 2.25, 0.5, 3], "texture": "#main"},
				"east": {"uv": [0, 2.25, 0.25, 3], "texture": "#main"},
				"south": {"uv": [0.75, 2.25, 1, 3], "texture": "#main"},
				"west": {"uv": [0.5, 2.25, 0.75, 3], "texture": "#main"},
				"up": {"uv": [0.5, 2.25, 0.25, 2], "texture": "#main"},
				"down": {"uv": [0.75, 2, 0.5, 2.25], "texture": "#main"}
			}
		},
		{
			"name": "Left Leg",
			"from": [-5.9, -11, 6],
			"to": [-1.9, 1, 10],
			"rotation": {"angle": -22.5, "axis": "z", "origin": [-2, 1, 8]},
			"faces": {
				"north": {"uv": [1.25, 3.25, 1.5, 4], "texture": "#main"},
				"east": {"uv": [1, 3.25, 1.25, 4], "texture": "#main"},
				"south": {"uv": [1.75, 3.25, 2, 4], "texture": "#main"},
				"west": {"uv": [1.5, 3.25, 1.75, 4], "texture": "#main"},
				"up": {"uv": [1.5, 3.25, 1.25, 3], "texture": "#main"},
				"down": {"uv": [1.75, 3, 1.5, 3.25], "texture": "#main"}
			}
		},
		{
			"name": "Left Leg Layer",
			"from": [-6.15, -11.25, 5.75],
			"to": [-1.65, 1.25, 10.25],
			"rotation": {"angle": -22.5, "axis": "z", "origin": [-2, 1, 8]},
			"faces": {
				"north": {"uv": [0.25, 3.25, 0.5, 4], "texture": "#main"},
				"east": {"uv": [0, 3.25, 0.25, 4], "texture": "#main"},
				"south": {"uv": [0.75, 3.25, 1, 4], "texture": "#main"},
				"west": {"uv": [0.5, 3.25, 0.75, 4], "texture": "#main"},
				"up": {"uv": [0.5, 3.25, 0.25, 3], "texture": "#main"},
				"down": {"uv": [0.75, 3, 0.5, 3.25], "texture": "#main"}
			}
		},
		{
			"name": "Right Arm",
			"from": [-9, -1, 10],
			"to": [-6, 5, 14],
			"rotation": {"angle": -22.5, "axis": "x", "origin": [-8, 11, 8]},
			"faces": {
				"north": {"uv": [2.9375, 1.6875, 2.75, 2], "texture": "#main"},
				"east": {"uv": [3.1875, 1.6875, 2.9375, 2], "texture": "#main"},
				"south": {"uv": [3.375, 1.6875, 3.1875, 2], "texture": "#main"},
				"west": {"uv": [2.75, 1.625, 2.5, 2], "texture": "#main"},
				"up": {"uv": [2.75, 1.25, 2.9375, 1], "texture": "#main"},
				"down": {"uv": [2.9375, 1, 3.125, 1.25], "texture": "#main"}
			}
		},
		{
			"name": "Right Arm Layer",
			"from": [-9.25, -1.25, 9.75],
			"to": [-5.75, 5.25, 14.25],
			"rotation": {"angle": -22.5, "axis": "x", "origin": [-7, 11, 8]},
			"faces": {
				"north": {"uv": [2.9375, 2.625, 2.75, 3], "texture": "#main"},
				"east": {"uv": [3.1875, 2.625, 2.9375, 3], "texture": "#main"},
				"south": {"uv": [3.375, 2.625, 3.1875, 3], "texture": "#main"},
				"west": {"uv": [2.75, 2.625, 2.5, 3], "texture": "#main"},
				"up": {"uv": [2.75, 2.25, 2.9375, 2], "texture": "#main"},
				"down": {"uv": [2.9375, 2, 3.125, 2.25], "texture": "#main"}
			}
		},
		{
			"name": "Right Arm",
			"from": [-9, 5, 10],
			"to": [-6, 11, 14],
			"rotation": {"angle": -22.5, "axis": "x", "origin": [-8, 11, 8]},
			"faces": {
				"north": {"uv": [2.9375, 1.25, 2.75, 1.625], "texture": "#main"},
				"east": {"uv": [3.1875, 1.25, 2.9375, 1.625], "texture": "#main"},
				"south": {"uv": [3.375, 1.25, 3.1875, 1.625], "texture": "#main"},
				"west": {"uv": [2.75, 1.25, 2.5, 1.625], "texture": "#main"},
				"up": {"uv": [2.75, 1.25, 2.9375, 1], "texture": "#main"},
				"down": {"uv": [2.9375, 1, 3.125, 1.25], "texture": "#main"}
			}
		},
		{
			"name": "Right Arm Layer",
			"from": [-9.25, 4.75, 9.75],
			"to": [-5.75, 11.25, 14.25],
			"rotation": {"angle": -22.5, "axis": "x", "origin": [-8, 11, 8]},
			"faces": {
				"north": {"uv": [2.9375, 2.25, 2.75, 2.625], "texture": "#main"},
				"east": {"uv": [3.1875, 2.25, 2.9375, 2.625], "texture": "#main"},
				"south": {"uv": [3.375, 2.25, 3.1875, 2.625], "texture": "#main"},
				"west": {"uv": [2.75, 2.25, 2.5, 2.625], "texture": "#main"},
				"up": {"uv": [2.75, 2.25, 2.9375, 2], "texture": "#main"},
				"down": {"uv": [2.9375, 2, 3.125, 2.25], "texture": "#main"}
			}
		},
		{
			"from": [13.5, 7.25, 9.5],
			"to": [14.5, 12.25, 14.5],
			"rotation": {"angle": 0, "axis": "y", "origin": [3, 11, 11]},
			"faces": {
				"north": {"uv": [3, 1.4375, 3.0625, 1.75], "texture": "#main"},
				"east": {"uv": [0, 0, 0.3125, 0.3125], "texture": "#main"},
				"south": {"uv": [3.0625, 1.4375, 3.125, 1.75], "texture": "#main"},
				"west": {"uv": [2.9375, 1.375, 3.25, 1.6875], "texture": "#main"},
				"up": {"uv": [2.9375, 1.4375, 3.25, 1.5], "rotation": 90, "texture": "#main"},
				"down": {"uv": [2.9375, 1.5, 3.25, 1.5625], "rotation": 270, "texture": "#main"}
			}
		},
		{
			"from": [12.5, 9.25, 11.5],
			"to": [29.5, 10.25, 12.5],
			"rotation": {"angle": 0, "axis": "y", "origin": [3, 11, 11]},
			"faces": {
				"north": {"uv": [2.375, 3.25, 2.4375, 4], "rotation": 90, "texture": "#main"},
				"east": {"uv": [1.5, 0.6875, 1.5625, 0.75], "texture": "#main"},
				"south": {"uv": [2.375, 3.25, 2.4375, 4], "rotation": 270, "texture": "#main"},
				"west": {"uv": [0, 0, 0.0625, 0.0625], "texture": "#main"},
				"up": {"uv": [2.375, 2.9375, 2.4375, 4], "rotation": 90, "texture": "#main"},
				"down": {"uv": [2.3125, 2.9375, 2.375, 4], "rotation": 270, "texture": "#main"}
			}
		}
	],
	"display": {
		"head": {
			"rotation": [0, 90, 0],
			"translation": [-5.75, -14.5, 11],
			"scale": [1.6, 1.6, 1.6]
		}
	},
	"groups": [
		0,
		1,
		2,
		3,
		4,
		5,
		6,
		7,
		8,
		9,
		10,
		11,
		12,
		13,
		14,
		15,
		16,
		17,
		18,
		19,
		20,
		21,
		22,
		23,
		24,
		25,
		26,
		27,
		28,
		29,
		30,
		31,
		32,
		33,
		34,
		35,
		36,
		37,
		38,
		39,
		40,
		41,
		42,
		43,
		44,
		45,
		46,
		47,
		48,
		49,
		50,
		51,
		52,
		53,
		54,
		55,
		56,
		57,
		58,
		59,
		60,
		61,
		62,
		63,
		64,
		65,
		66,
		67,
		68,
		69,
		70,
		71,
		{
			"name": "Head",
			"origin": [0, 24, 0],
			"color": 0,
			"children": [72, 73]
		},
		{
			"name": "Body",
			"origin": [0, 24, 0],
			"color": 0,
			"children": [74, 75]
		},
		{
			"name": "RightArm",
			"origin": [5, 22, 0],
			"color": 0,
			"children": [
				76,
				77,
				{
					"name": "RightArm",
					"origin": [5, 22, 0],
					"color": 0,
					"children": [78, 79]
				}
			]
		},
		{
			"name": "RightLeg",
			"origin": [1.9, 12, 0],
			"color": 0,
			"children": [80, 81]
		},
		{
			"name": "LeftLeg",
			"origin": [-1.9, 12, 0],
			"color": 0,
			"children": [82, 83]
		},
		{
			"name": "LeftArm",
			"origin": [5, 22, 0],
			"color": 0,
			"children": [
				84,
				85,
				{
					"name": "LeftArmo",
					"origin": [5, 22, 0],
					"color": 0,
					"children": [86, 87]
				}
			]
		},
		88,
		89
	]
}