{
	"credit": "Made with Blockbench",
	"texture_size": [64, 64],
	"textures": {
		"main": "nw:stand/skins/anim/echoes"
	},
	"elements": [
		{
			"name": "Head",
			"from": [4, 22, 5],
			"to": [12, 30, 13],
			"faces": {
				"north": {"uv": [9, 1, 10, 2], "texture": "#main"},
				"east": {"uv": [8, 1, 9, 2], "texture": "#main"},
				"south": {"uv": [11, 1, 12, 2], "texture": "#main"},
				"west": {"uv": [10, 1, 11, 2], "texture": "#main"},
				"up": {"uv": [10, 1, 9, 0], "texture": "#main"},
				"down": {"uv": [11, 0, 10, 1], "texture": "#main"}
			}
		},
		{
			"name": "Hat Layer",
			"from": [3.5, 21.5, 4.5],
			"to": [12.5, 30.5, 13.5],
			"faces": {
				"north": {"uv": [13, 1, 14, 2], "texture": "#main"},
				"east": {"uv": [12, 1, 13, 2], "texture": "#main"},
				"south": {"uv": [15, 1, 16, 2], "texture": "#main"},
				"west": {"uv": [14, 1, 15, 2], "texture": "#main"},
				"up": {"uv": [14, 1, 13, 0], "texture": "#main"},
				"down": {"uv": [15, 0, 14, 1], "texture": "#main"}
			}
		},
		{
			"name": "Body",
			"from": [5, 14, 7],
			"to": [11, 22, 11],
			"faces": {
				"north": {"uv": [10.5, 2.5, 11.5, 3.75], "texture": "#main"},
				"east": {"uv": [10, 2.5, 10.5, 3.75], "texture": "#main"},
				"south": {"uv": [12, 2.5, 13, 3.75], "texture": "#main"},
				"west": {"uv": [11.5, 2.5, 12, 3.75], "texture": "#main"},
				"up": {"uv": [11.5, 2.5, 10.5, 2], "texture": "#main"},
				"down": {"uv": [12.5, 2, 11.5, 2.5], "texture": "#main"}
			}
		},
		{
			"name": "Body Layer",
			"from": [4.75, 13.75, 6.75],
			"to": [11.25, 22.25, 11.25],
			"faces": {
				"north": {"uv": [10.5, 4.5, 11.5, 5.75], "texture": "#main"},
				"east": {"uv": [10, 4.5, 10.5, 5.75], "texture": "#main"},
				"south": {"uv": [12, 4.5, 13, 5.75], "texture": "#main"},
				"west": {"uv": [11.5, 4.5, 12, 5.75], "texture": "#main"},
				"up": {"uv": [11.5, 4.5, 10.5, 4], "texture": "#main"},
				"down": {"uv": [12.5, 4, 11.5, 4.5], "texture": "#main"}
			}
		},
		{
			"name": "Left Arm",
			"from": [0.67418, 19.625, 2.32691],
			"to": [3.67418, 22.625, 7.32691],
			"rotation": {"angle": 22.5, "axis": "y", "origin": [4.82713, 21.125, 8.83525]},
			"faces": {
				"north": {"uv": [13.25, 6, 12.875, 6.5], "rotation": 180, "texture": "#main"},
				"east": {"uv": [12, 7.25, 12.5, 8], "rotation": 270, "texture": "#main"},
				"south": {"uv": [12.875, 6.5, 12.5, 6], "texture": "#main"},
				"west": {"uv": [12.875, 7.25, 13.375, 8], "rotation": 90, "texture": "#main"},
				"up": {"uv": [12.5, 7.25, 12.875, 8], "rotation": 180, "texture": "#main"},
				"down": {"uv": [13.375, 7.25, 13.75, 8], "texture": "#main"}
			}
		},
		{
			"name": "Left Arm Layer",
			"from": [0.42418, 19.375, 2.07691],
			"to": [3.92418, 22.875, 8.07691],
			"rotation": {"angle": 22.5, "axis": "y", "origin": [4.82713, 21.125, 8.83525]},
			"faces": {
				"north": {"uv": [15.25, 6, 14.875, 6.5], "rotation": 180, "texture": "#main"},
				"east": {"uv": [14, 7.25, 14.5, 8], "rotation": 270, "texture": "#main"},
				"south": {"uv": [14.875, 6.5, 14.5, 6], "texture": "#main"},
				"west": {"uv": [14.875, 7.25, 15.375, 8], "rotation": 90, "texture": "#main"},
				"up": {"uv": [14.5, 7.25, 14.875, 8], "rotation": 180, "texture": "#main"},
				"down": {"uv": [15.375, 7.25, 15.75, 8], "texture": "#main"}
			}
		},
		{
			"name": "Left Arm",
			"from": [0.82399, 19.625, 8.70527],
			"to": [5.82399, 22.625, 10.70527],
			"rotation": {"angle": -22.5, "axis": "y", "origin": [4.82713, 21.125, 8.83525]},
			"faces": {
				"north": {"uv": [12, 6.5, 12.5, 7.25], "rotation": 270, "texture": "#main"},
				"east": {"uv": [12.875, 6.5, 12.5, 6], "texture": "#main"},
				"south": {"uv": [12.875, 6.5, 13.375, 7.25], "rotation": 90, "texture": "#main"},
				"west": {"uv": [13.25, 6, 12.875, 6.5], "rotation": 180, "texture": "#main"},
				"up": {"uv": [12.5, 6.5, 12.875, 7.25], "rotation": 90, "texture": "#main"},
				"down": {"uv": [13.375, 6.5, 13.75, 7.25], "rotation": 90, "texture": "#main"}
			}
		},
		{
			"name": "Left Arm Layer",
			"from": [0.57399, 19.375, 8.45527],
			"to": [6.57399, 22.875, 10.95527],
			"rotation": {"angle": -22.5, "axis": "y", "origin": [4.82713, 21.125, 8.83525]},
			"faces": {
				"north": {"uv": [14, 6.5, 14.5, 7.25], "rotation": 270, "texture": "#main"},
				"east": {"uv": [14.875, 6.5, 14.5, 6], "texture": "#main"},
				"south": {"uv": [14.875, 6.5, 15.375, 7.25], "rotation": 90, "texture": "#main"},
				"west": {"uv": [15.25, 6, 14.875, 6.5], "rotation": 180, "texture": "#main"},
				"up": {"uv": [14.5, 6.5, 14.875, 7.25], "rotation": 90, "texture": "#main"},
				"down": {"uv": [15.375, 6.5, 15.75, 7.25], "rotation": 90, "texture": "#main"}
			}
		},
		{
			"name": "Right Leg",
			"from": [8.001, 4.251, 7.501],
			"to": [10.999, 14.249, 11.499],
			"rotation": {"angle": -22.5, "axis": "x", "origin": [9.5, 12, 9]},
			"faces": {
				"north": {"uv": [8.5, 2.5, 9, 4], "texture": "#main"},
				"east": {"uv": [8, 2.5, 8.5, 4], "texture": "#main"},
				"south": {"uv": [9.5, 2.5, 10, 4], "texture": "#main"},
				"west": {"uv": [9, 2.5, 9.5, 4], "texture": "#main"},
				"up": {"uv": [9, 2.5, 8.5, 2], "texture": "#main"},
				"down": {"uv": [9.5, 2, 9, 2.5], "texture": "#main"}
			}
		},
		{
			"name": "Right Leg Layer",
			"from": [7.751, 4.001, 7.251],
			"to": [11.249, 14.499, 11.749],
			"rotation": {"angle": -22.5, "axis": "x", "origin": [9.5, 12, 9]},
			"faces": {
				"north": {"uv": [8.5, 4.5, 9, 6], "texture": "#main"},
				"east": {"uv": [8, 4.5, 8.5, 6], "texture": "#main"},
				"south": {"uv": [9.5, 4.5, 10, 6], "texture": "#main"},
				"west": {"uv": [9, 4.5, 9.5, 6], "texture": "#main"},
				"up": {"uv": [9, 4.5, 8.5, 4], "texture": "#main"},
				"down": {"uv": [9.5, 4, 9, 4.5], "texture": "#main"}
			}
		},
		{
			"name": "Left Leg",
			"from": [5, 8.97921, 7.06164],
			"to": [8.02, 13.99921, 11.08164],
			"rotation": {"angle": 22.5, "axis": "x", "origin": [6.51, 12.41421, 9.57164]},
			"faces": {
				"north": {"uv": [10.5, 6.5, 11, 7.25], "texture": "#main"},
				"east": {"uv": [10, 6.5, 10.5, 7.25], "texture": "#main"},
				"south": {"uv": [11.5, 6.5, 12, 7.25], "texture": "#main"},
				"west": {"uv": [11, 6.5, 11.5, 7.25], "texture": "#main"},
				"up": {"uv": [11, 6.5, 10.5, 6], "texture": "#main"},
				"down": {"uv": [11.5, 6, 11, 6.5], "texture": "#main"}
			}
		},
		{
			"name": "Left Leg Layer",
			"from": [4.76, 8.73921, 6.82164],
			"to": [8.26, 14.23921, 11.32164],
			"rotation": {"angle": 22.5, "axis": "x", "origin": [6.51, 12.41421, 9.57164]},
			"faces": {
				"north": {"uv": [8.5, 6.5, 9, 7.25], "texture": "#main"},
				"east": {"uv": [8, 6.5, 8.5, 7.25], "texture": "#main"},
				"south": {"uv": [9.5, 6.5, 10, 7.25], "texture": "#main"},
				"west": {"uv": [9, 6.5, 9.5, 7.25], "texture": "#main"},
				"up": {"uv": [9, 6.5, 8.5, 6], "texture": "#main"},
				"down": {"uv": [9.5, 6, 9, 6.5], "texture": "#main"}
			}
		},
		{
			"name": "Left Leg Layer",
			"from": [4.76, 5.0708, 3.63559],
			"to": [8.26, 10.5708, 8.13559],
			"rotation": {"angle": -22.5, "axis": "x", "origin": [6.51, 15.3208, 5.88559]},
			"faces": {
				"north": {"uv": [8.5, 7.25, 9, 8], "texture": "#main"},
				"east": {"uv": [8, 7.25, 8.5, 8], "texture": "#main"},
				"south": {"uv": [9.5, 7.25, 10, 8], "texture": "#main"},
				"west": {"uv": [9, 7.25, 9.5, 8], "texture": "#main"},
				"up": {"uv": [9, 6.5, 8.5, 6], "texture": "#main"},
				"down": {"uv": [9.5, 6, 9, 6.5], "texture": "#main"}
			}
		},
		{
			"name": "Left Leg",
			"from": [5.01, 5.3208, 3.88559],
			"to": [8.01, 10.3208, 7.88559],
			"rotation": {"angle": -22.5, "axis": "x", "origin": [6.51, 15.3208, 5.88559]},
			"faces": {
				"north": {"uv": [10.5, 7.25, 11, 8], "texture": "#main"},
				"east": {"uv": [10, 7.25, 10.5, 8], "texture": "#main"},
				"south": {"uv": [11.5, 7.25, 12, 8], "texture": "#main"},
				"west": {"uv": [11, 7.25, 11.5, 8], "texture": "#main"},
				"up": {"uv": [11, 6.5, 10.5, 6], "texture": "#main"},
				"down": {"uv": [11.5, 6, 11, 6.5], "texture": "#main"}
			}
		},
		{
			"name": "Left Arm",
			"from": [11.5, 19.625, -1.125],
			"to": [14.5, 22.625, 3.875],
			"rotation": {"angle": -22.5, "axis": "y", "origin": [13, 21.125, 8]},
			"faces": {
				"north": {"uv": [12.875, 6, 13.25, 6.5], "rotation": 270, "texture": "#main"},
				"east": {"uv": [13.75, 7.25, 13.375, 8], "rotation": 270, "texture": "#main"},
				"south": {"uv": [12.5, 6.5, 12.875, 6], "rotation": 270, "texture": "#main"},
				"west": {"uv": [12.875, 7.25, 12.5, 8], "rotation": 90, "texture": "#main"},
				"up": {"uv": [13.375, 7.25, 12.875, 8], "rotation": 180, "texture": "#main"},
				"down": {"uv": [12.5, 7.25, 12, 8], "texture": "#main"}
			}
		},
		{
			"name": "Left Arm Layer",
			"from": [11.25, 19.375, -1.375],
			"to": [14.75, 22.875, 4.625],
			"rotation": {"angle": -22.5, "axis": "y", "origin": [13, 21.125, 8]},
			"faces": {
				"north": {"uv": [14.875, 6, 15.25, 6.5], "rotation": 270, "texture": "#main"},
				"east": {"uv": [15.75, 7.25, 15.375, 8], "rotation": 270, "texture": "#main"},
				"south": {"uv": [14.5, 6.5, 14.875, 6], "rotation": 270, "texture": "#main"},
				"west": {"uv": [14.875, 7.25, 14.5, 8], "rotation": 90, "texture": "#main"},
				"up": {"uv": [15.375, 7.25, 14.875, 8], "rotation": 180, "texture": "#main"},
				"down": {"uv": [14.5, 7.25, 14, 8], "texture": "#main"}
			}
		},
		{
			"name": "Left Arm",
			"from": [11.5, 19.625, 3.875],
			"to": [14.5, 22.625, 8.875],
			"rotation": {"angle": -22.5, "axis": "y", "origin": [13, 21.125, 8]},
			"faces": {
				"north": {"uv": [12.875, 6, 13.25, 6.5], "rotation": 270, "texture": "#main"},
				"east": {"uv": [13.75, 6.5, 13.375, 7.25], "rotation": 270, "texture": "#main"},
				"south": {"uv": [12.5, 6.5, 12.875, 6], "rotation": 270, "texture": "#main"},
				"west": {"uv": [12.875, 6.5, 12.5, 7.25], "rotation": 90, "texture": "#main"},
				"up": {"uv": [13.375, 6.5, 12.875, 7.25], "rotation": 180, "texture": "#main"},
				"down": {"uv": [12.5, 6.5, 12, 7.25], "texture": "#main"}
			}
		},
		{
			"name": "Left Arm Layer",
			"from": [11.25, 19.375, 3.625],
			"to": [14.75, 22.875, 9.625],
			"rotation": {"angle": -22.5, "axis": "y", "origin": [13, 21.125, 8]},
			"faces": {
				"north": {"uv": [14.875, 6, 15.25, 6.5], "rotation": 270, "texture": "#main"},
				"east": {"uv": [15.75, 6.5, 15.375, 7.25], "rotation": 270, "texture": "#main"},
				"south": {"uv": [14.5, 6.5, 14.875, 6], "rotation": 270, "texture": "#main"},
				"west": {"uv": [14.875, 6.5, 14.5, 7.25], "rotation": 90, "texture": "#main"},
				"up": {"uv": [15.375, 6.5, 14.875, 7.25], "rotation": 180, "texture": "#main"},
				"down": {"uv": [14.5, 6.5, 14, 7.25], "texture": "#main"}
			}
		},
		{
			"name": "Head",
			"from": [4, 22, 5],
			"to": [12, 30, 13],
			"faces": {
				"north": {"uv": [1, 9, 2, 10], "texture": "#main"},
				"east": {"uv": [0, 9, 1, 10], "texture": "#main"},
				"south": {"uv": [3, 9, 4, 10], "texture": "#main"},
				"west": {"uv": [2, 9, 3, 10], "texture": "#main"},
				"up": {"uv": [2, 9, 1, 8], "texture": "#main"},
				"down": {"uv": [3, 8, 2, 9], "texture": "#main"}
			}
		},
		{
			"name": "Hat Layer",
			"from": [3.5, 21.5, 4.5],
			"to": [12.5, 30.5, 13.5],
			"faces": {
				"north": {"uv": [5, 9, 6, 10], "texture": "#main"},
				"east": {"uv": [4, 9, 5, 10], "texture": "#main"},
				"south": {"uv": [7, 9, 8, 10], "texture": "#main"},
				"west": {"uv": [6, 9, 7, 10], "texture": "#main"},
				"up": {"uv": [6, 9, 5, 8], "texture": "#main"},
				"down": {"uv": [7, 8, 6, 9], "texture": "#main"}
			}
		},
		{
			"name": "Body",
			"from": [5, 14, 7],
			"to": [11, 22, 11],
			"faces": {
				"north": {"uv": [2.5, 10.5, 3.5, 11.75], "texture": "#main"},
				"east": {"uv": [2, 10.5, 2.5, 11.75], "texture": "#main"},
				"south": {"uv": [4, 10.5, 5, 11.75], "texture": "#main"},
				"west": {"uv": [3.5, 10.5, 4, 11.75], "texture": "#main"},
				"up": {"uv": [3.5, 10.5, 2.5, 10], "texture": "#main"},
				"down": {"uv": [4.5, 10, 3.5, 10.5], "texture": "#main"}
			}
		},
		{
			"name": "Body Layer",
			"from": [4.75, 13.75, 6.75],
			"to": [11.25, 22.25, 11.25],
			"faces": {
				"north": {"uv": [2.5, 12.5, 3.5, 13.75], "texture": "#main"},
				"east": {"uv": [2, 12.5, 2.5, 13.75], "texture": "#main"},
				"south": {"uv": [4, 12.5, 5, 13.75], "texture": "#main"},
				"west": {"uv": [3.5, 12.5, 4, 13.75], "texture": "#main"},
				"up": {"uv": [3.5, 12.5, 2.5, 12], "texture": "#main"},
				"down": {"uv": [4.5, 12, 3.5, 12.5], "texture": "#main"}
			}
		},
		{
			"name": "Left Arm",
			"from": [12.32582, 19.625, 2.32691],
			"to": [15.32582, 22.625, 7.32691],
			"rotation": {"angle": -22.5, "axis": "y", "origin": [11.17287, 21.125, 8.83525]},
			"faces": {
				"north": {"uv": [4.875, 14, 5.25, 14.5], "rotation": 180, "texture": "#main"},
				"east": {"uv": [4.875, 16, 5.375, 15.25], "rotation": 90, "texture": "#main"},
				"south": {"uv": [4.5, 14.5, 4.875, 14], "texture": "#main"},
				"west": {"uv": [4, 16, 4.5, 15.25], "rotation": 270, "texture": "#main"},
				"up": {"uv": [4.875, 15.25, 4.5, 16], "rotation": 180, "texture": "#main"},
				"down": {"uv": [5.75, 15.25, 5.375, 16], "texture": "#main"}
			}
		},
		{
			"name": "Left Arm Layer",
			"from": [12.07582, 19.375, 2.07691],
			"to": [15.57582, 22.875, 8.07691],
			"rotation": {"angle": -22.5, "axis": "y", "origin": [11.17287, 21.125, 8.83525]},
			"faces": {
				"north": {"uv": [6.875, 14, 7.25, 14.5], "rotation": 180, "texture": "#main"},
				"east": {"uv": [6.875, 16, 7.375, 15.25], "rotation": 90, "texture": "#main"},
				"south": {"uv": [6.5, 14.5, 6.875, 14], "texture": "#main"},
				"west": {"uv": [6, 16, 6.5, 15.25], "rotation": 270, "texture": "#main"},
				"up": {"uv": [6.875, 15.25, 6.5, 16], "rotation": 180, "texture": "#main"},
				"down": {"uv": [7.75, 15.25, 7.375, 16], "texture": "#main"}
			}
		},
		{
			"name": "Left Arm",
			"from": [10.17601, 19.625, 8.70527],
			"to": [15.17601, 22.625, 10.70527],
			"rotation": {"angle": 22.5, "axis": "y", "origin": [11.17287, 21.125, 8.83525]},
			"faces": {
				"north": {"uv": [4, 15.25, 4.5, 14.5], "rotation": 270, "texture": "#main"},
				"east": {"uv": [4.875, 14, 5.25, 14.5], "rotation": 180, "texture": "#main"},
				"south": {"uv": [4.875, 15.25, 5.375, 14.5], "rotation": 90, "texture": "#main"},
				"west": {"uv": [4.5, 14.5, 4.875, 14], "texture": "#main"},
				"up": {"uv": [4.5, 15.25, 4.875, 14.5], "rotation": 90, "texture": "#main"},
				"down": {"uv": [5.375, 15.25, 5.75, 14.5], "rotation": 90, "texture": "#main"}
			}
		},
		{
			"name": "Left Arm Layer",
			"from": [9.42601, 19.375, 8.45527],
			"to": [15.42601, 22.875, 10.95527],
			"rotation": {"angle": 22.5, "axis": "y", "origin": [11.17287, 21.125, 8.83525]},
			"faces": {
				"north": {"uv": [6, 15.25, 6.5, 14.5], "rotation": 270, "texture": "#main"},
				"east": {"uv": [6.875, 14, 7.25, 14.5], "rotation": 180, "texture": "#main"},
				"south": {"uv": [6.875, 15.25, 7.375, 14.5], "rotation": 90, "texture": "#main"},
				"west": {"uv": [6.5, 14.5, 6.875, 14], "texture": "#main"},
				"up": {"uv": [6.5, 15.25, 6.875, 14.5], "rotation": 90, "texture": "#main"},
				"down": {"uv": [7.375, 15.25, 7.75, 14.5], "rotation": 90, "texture": "#main"}
			}
		},
		{
			"name": "Right Leg",
			"from": [8.001, 4.251, 7.501],
			"to": [10.999, 14.249, 11.499],
			"rotation": {"angle": -22.5, "axis": "x", "origin": [9.5, 12, 9]},
			"faces": {
				"north": {"uv": [0.5, 10.5, 1, 12], "texture": "#main"},
				"east": {"uv": [0, 10.5, 0.5, 12], "texture": "#main"},
				"south": {"uv": [1.5, 10.5, 2, 12], "texture": "#main"},
				"west": {"uv": [1, 10.5, 1.5, 12], "texture": "#main"},
				"up": {"uv": [1, 10.5, 0.5, 10], "texture": "#main"},
				"down": {"uv": [1.5, 10, 1, 10.5], "texture": "#main"}
			}
		},
		{
			"name": "Right Leg Layer",
			"from": [7.751, 4.001, 7.251],
			"to": [11.249, 14.499, 11.749],
			"rotation": {"angle": -22.5, "axis": "x", "origin": [9.5, 12, 9]},
			"faces": {
				"north": {"uv": [0.5, 12.5, 1, 14], "texture": "#main"},
				"east": {"uv": [0, 12.5, 0.5, 14], "texture": "#main"},
				"south": {"uv": [1.5, 12.5, 2, 14], "texture": "#main"},
				"west": {"uv": [1, 12.5, 1.5, 14], "texture": "#main"},
				"up": {"uv": [1, 12.5, 0.5, 12], "texture": "#main"},
				"down": {"uv": [1.5, 12, 1, 12.5], "texture": "#main"}
			}
		},
		{
			"name": "Left Leg",
			"from": [5, 8.97921, 7.06164],
			"to": [8.02, 13.99921, 11.08164],
			"rotation": {"angle": 22.5, "axis": "x", "origin": [6.51, 12.41421, 9.57164]},
			"faces": {
				"north": {"uv": [2.5, 14.5, 3, 15.25], "texture": "#main"},
				"east": {"uv": [2, 14.5, 2.5, 15.25], "texture": "#main"},
				"south": {"uv": [3.5, 14.5, 4, 15.25], "texture": "#main"},
				"west": {"uv": [3, 14.5, 3.5, 15.25], "texture": "#main"},
				"up": {"uv": [3, 14.5, 2.5, 14], "texture": "#main"},
				"down": {"uv": [3.5, 14, 3, 14.5], "texture": "#main"}
			}
		},
		{
			"name": "Left Leg Layer",
			"from": [4.76, 8.73921, 6.82164],
			"to": [8.26, 14.23921, 11.32164],
			"rotation": {"angle": 22.5, "axis": "x", "origin": [6.51, 12.41421, 9.57164]},
			"faces": {
				"north": {"uv": [0.5, 14.5, 1, 15.25], "texture": "#main"},
				"east": {"uv": [0, 14.5, 0.5, 15.25], "texture": "#main"},
				"south": {"uv": [1.5, 14.5, 2, 15.25], "texture": "#main"},
				"west": {"uv": [1, 14.5, 1.5, 15.25], "texture": "#main"},
				"up": {"uv": [1, 14.5, 0.5, 14], "texture": "#main"},
				"down": {"uv": [1.5, 14, 1, 14.5], "texture": "#main"}
			}
		},
		{
			"name": "Left Leg Layer",
			"from": [4.76, 5.0708, 3.63559],
			"to": [8.26, 10.5708, 8.13559],
			"rotation": {"angle": -22.5, "axis": "x", "origin": [6.51, 15.3208, 5.88559]},
			"faces": {
				"north": {"uv": [0.5, 15.25, 1, 16], "texture": "#main"},
				"east": {"uv": [0, 15.25, 0.5, 16], "texture": "#main"},
				"south": {"uv": [1.5, 15.25, 2, 16], "texture": "#main"},
				"west": {"uv": [1, 15.25, 1.5, 16], "texture": "#main"},
				"up": {"uv": [1, 14.5, 0.5, 14], "texture": "#main"},
				"down": {"uv": [1.5, 14, 1, 14.5], "texture": "#main"}
			}
		},
		{
			"name": "Left Leg",
			"from": [5.01, 5.3208, 3.88559],
			"to": [8.01, 10.3208, 7.88559],
			"rotation": {"angle": -22.5, "axis": "x", "origin": [6.51, 15.3208, 5.88559]},
			"faces": {
				"north": {"uv": [2.5, 15.25, 3, 16], "texture": "#main"},
				"east": {"uv": [2, 15.25, 2.5, 16], "texture": "#main"},
				"south": {"uv": [3.5, 15.25, 4, 16], "texture": "#main"},
				"west": {"uv": [3, 15.25, 3.5, 16], "texture": "#main"},
				"up": {"uv": [3, 14.5, 2.5, 14], "texture": "#main"},
				"down": {"uv": [3.5, 14, 3, 14.5], "texture": "#main"}
			}
		},
		{
			"name": "Left Arm",
			"from": [1.5, 19.625, -1.125],
			"to": [4.5, 22.625, 3.875],
			"rotation": {"angle": 22.5, "axis": "y", "origin": [3, 21.125, 8]},
			"faces": {
				"north": {"uv": [4.875, 14.5, 5.25, 14], "rotation": 270, "texture": "#main"},
				"east": {"uv": [4.875, 16, 4.5, 15.25], "rotation": 90, "texture": "#main"},
				"south": {"uv": [4.5, 14, 4.875, 14.5], "rotation": 270, "texture": "#main"},
				"west": {"uv": [5.75, 16, 5.375, 15.25], "rotation": 270, "texture": "#main"},
				"up": {"uv": [4.875, 15.25, 5.375, 16], "rotation": 180, "texture": "#main"},
				"down": {"uv": [4, 15.25, 4.5, 16], "texture": "#main"}
			}
		},
		{
			"name": "Left Arm Layer",
			"from": [1.25, 19.375, -1.375],
			"to": [4.75, 22.875, 4.625],
			"rotation": {"angle": 22.5, "axis": "y", "origin": [3, 21.125, 8]},
			"faces": {
				"north": {"uv": [6.875, 14.5, 7.25, 14], "rotation": 270, "texture": "#main"},
				"east": {"uv": [6.875, 16, 6.5, 15.25], "rotation": 90, "texture": "#main"},
				"south": {"uv": [6.5, 14, 6.875, 14.5], "rotation": 270, "texture": "#main"},
				"west": {"uv": [7.75, 16, 7.375, 15.25], "rotation": 270, "texture": "#main"},
				"up": {"uv": [6.875, 15.25, 7.375, 16], "rotation": 180, "texture": "#main"},
				"down": {"uv": [6, 15.25, 6.5, 16], "texture": "#main"}
			}
		},
		{
			"name": "Left Arm",
			"from": [1.5, 19.625, 3.875],
			"to": [4.5, 22.625, 8.875],
			"rotation": {"angle": 22.5, "axis": "y", "origin": [3, 21.125, 8]},
			"faces": {
				"north": {"uv": [4.875, 14.5, 5.25, 14], "rotation": 270, "texture": "#main"},
				"east": {"uv": [4.875, 15.25, 4.5, 14.5], "rotation": 90, "texture": "#main"},
				"south": {"uv": [4.5, 14, 4.875, 14.5], "rotation": 270, "texture": "#main"},
				"west": {"uv": [5.75, 15.25, 5.375, 14.5], "rotation": 270, "texture": "#main"},
				"up": {"uv": [4.875, 14.5, 5.375, 15.25], "rotation": 180, "texture": "#main"},
				"down": {"uv": [4, 14.5, 4.5, 15.25], "texture": "#main"}
			}
		},
		{
			"name": "Left Arm Layer",
			"from": [1.25, 19.375, 3.625],
			"to": [4.75, 22.875, 9.625],
			"rotation": {"angle": 22.5, "axis": "y", "origin": [3, 21.125, 8]},
			"faces": {
				"north": {"uv": [6.875, 14.5, 7.25, 14], "rotation": 270, "texture": "#main"},
				"east": {"uv": [6.875, 15.25, 6.5, 14.5], "rotation": 90, "texture": "#main"},
				"south": {"uv": [6.5, 14, 6.875, 14.5], "rotation": 270, "texture": "#main"},
				"west": {"uv": [7.75, 15.25, 7.375, 14.5], "rotation": 270, "texture": "#main"},
				"up": {"uv": [6.875, 14.5, 7.375, 15.25], "rotation": 180, "texture": "#main"},
				"down": {"uv": [6, 14.5, 6.5, 15.25], "texture": "#main"}
			}
		},
		{
			"name": "Head",
			"from": [4, 22, 5],
			"to": [12, 30, 13],
			"faces": {
				"north": {"uv": [9, 9, 10, 10], "texture": "#main"},
				"east": {"uv": [8, 9, 9, 10], "texture": "#main"},
				"south": {"uv": [11, 9, 12, 10], "texture": "#main"},
				"west": {"uv": [10, 9, 11, 10], "texture": "#main"},
				"up": {"uv": [10, 9, 9, 8], "texture": "#main"},
				"down": {"uv": [11, 8, 10, 9], "texture": "#main"}
			}
		},
		{
			"name": "Hat Layer",
			"from": [3.5, 21.5, 4.5],
			"to": [12.5, 30.5, 13.5],
			"faces": {
				"north": {"uv": [13, 9, 14, 10], "texture": "#main"},
				"east": {"uv": [12, 9, 13, 10], "texture": "#main"},
				"south": {"uv": [15, 9, 16, 10], "texture": "#main"},
				"west": {"uv": [14, 9, 15, 10], "texture": "#main"},
				"up": {"uv": [14, 9, 13, 8], "texture": "#main"},
				"down": {"uv": [15, 8, 14, 9], "texture": "#main"}
			}
		},
		{
			"name": "Body",
			"from": [5, 14, 7],
			"to": [11, 22, 11],
			"faces": {
				"north": {"uv": [10.5, 10.5, 11.5, 11.75], "texture": "#main"},
				"east": {"uv": [10, 10.5, 10.5, 11.75], "texture": "#main"},
				"south": {"uv": [12, 10.5, 13, 11.75], "texture": "#main"},
				"west": {"uv": [11.5, 10.5, 12, 11.75], "texture": "#main"},
				"up": {"uv": [11.5, 10.5, 10.5, 10], "texture": "#main"},
				"down": {"uv": [12.5, 10, 11.5, 10.5], "texture": "#main"}
			}
		},
		{
			"name": "Body Layer",
			"from": [4.75, 13.75, 6.75],
			"to": [11.25, 22.25, 11.25],
			"faces": {
				"north": {"uv": [10.5, 12.5, 11.5, 13.75], "texture": "#main"},
				"east": {"uv": [10, 12.5, 10.5, 13.75], "texture": "#main"},
				"south": {"uv": [12, 12.5, 13, 13.75], "texture": "#main"},
				"west": {"uv": [11.5, 12.5, 12, 13.75], "texture": "#main"},
				"up": {"uv": [11.5, 12.5, 10.5, 12], "texture": "#main"},
				"down": {"uv": [12.5, 12, 11.5, 12.5], "texture": "#main"}
			}
		},
		{
			"name": "Left Arm",
			"from": [12.32582, 19.625, 2.32691],
			"to": [15.32582, 22.625, 7.32691],
			"rotation": {"angle": -45, "axis": "y", "origin": [11.17287, 21.125, 8.83525]},
			"faces": {
				"north": {"uv": [12.875, 14, 13.25, 14.5], "rotation": 180, "texture": "#main"},
				"east": {"uv": [12.875, 16, 13.375, 15.25], "rotation": 90, "texture": "#main"},
				"south": {"uv": [12.5, 14.5, 12.875, 14], "texture": "#main"},
				"west": {"uv": [12, 16, 12.5, 15.25], "rotation": 270, "texture": "#main"},
				"up": {"uv": [12.875, 15.25, 12.5, 16], "rotation": 180, "texture": "#main"},
				"down": {"uv": [13.75, 15.25, 13.375, 16], "texture": "#main"}
			}
		},
		{
			"name": "Left Arm Layer",
			"from": [12.07582, 19.375, 2.07691],
			"to": [15.57582, 22.875, 8.07691],
			"rotation": {"angle": -45, "axis": "y", "origin": [11.17287, 21.125, 8.83525]},
			"faces": {
				"north": {"uv": [14.875, 14, 15.25, 14.5], "rotation": 180, "texture": "#main"},
				"east": {"uv": [14.875, 16, 15.375, 15.25], "rotation": 90, "texture": "#main"},
				"south": {"uv": [14.5, 14.5, 14.875, 14], "texture": "#main"},
				"west": {"uv": [14, 16, 14.5, 15.25], "rotation": 270, "texture": "#main"},
				"up": {"uv": [14.875, 15.25, 14.5, 16], "rotation": 180, "texture": "#main"},
				"down": {"uv": [15.75, 15.25, 15.375, 16], "texture": "#main"}
			}
		},
		{
			"name": "Left Arm",
			"from": [10.17601, 19.625, 8.70527],
			"to": [15.17601, 22.625, 10.70527],
			"rotation": {"angle": 0, "axis": "y", "origin": [11.17287, 21.125, 8.83525]},
			"faces": {
				"north": {"uv": [12, 15.25, 12.5, 14.5], "rotation": 270, "texture": "#main"},
				"east": {"uv": [12.875, 14, 13.25, 14.5], "rotation": 180, "texture": "#main"},
				"south": {"uv": [12.875, 15.25, 13.375, 14.5], "rotation": 90, "texture": "#main"},
				"west": {"uv": [12.5, 14.5, 12.875, 14], "texture": "#main"},
				"up": {"uv": [12.5, 15.25, 12.875, 14.5], "rotation": 90, "texture": "#main"},
				"down": {"uv": [13.375, 15.25, 13.75, 14.5], "rotation": 90, "texture": "#main"}
			}
		},
		{
			"name": "Left Arm Layer",
			"from": [9.42601, 19.375, 8.45527],
			"to": [15.42601, 22.875, 10.95527],
			"rotation": {"angle": 0, "axis": "y", "origin": [11.17287, 21.125, 8.83525]},
			"faces": {
				"north": {"uv": [14, 15.25, 14.5, 14.5], "rotation": 270, "texture": "#main"},
				"east": {"uv": [14.875, 14, 15.25, 14.5], "rotation": 180, "texture": "#main"},
				"south": {"uv": [14.875, 15.25, 15.375, 14.5], "rotation": 90, "texture": "#main"},
				"west": {"uv": [14.5, 14.5, 14.875, 14], "texture": "#main"},
				"up": {"uv": [14.5, 15.25, 14.875, 14.5], "rotation": 90, "texture": "#main"},
				"down": {"uv": [15.375, 15.25, 15.75, 14.5], "rotation": 90, "texture": "#main"}
			}
		},
		{
			"name": "Right Leg",
			"from": [8.001, 4.251, 7.501],
			"to": [10.999, 14.249, 11.499],
			"rotation": {"angle": -22.5, "axis": "x", "origin": [9.5, 12, 9]},
			"faces": {
				"north": {"uv": [8.5, 10.5, 9, 12], "texture": "#main"},
				"east": {"uv": [8, 10.5, 8.5, 12], "texture": "#main"},
				"south": {"uv": [9.5, 10.5, 10, 12], "texture": "#main"},
				"west": {"uv": [9, 10.5, 9.5, 12], "texture": "#main"},
				"up": {"uv": [9, 10.5, 8.5, 10], "texture": "#main"},
				"down": {"uv": [9.5, 10, 9, 10.5], "texture": "#main"}
			}
		},
		{
			"name": "Right Leg Layer",
			"from": [7.751, 4.001, 7.251],
			"to": [11.249, 14.499, 11.749],
			"rotation": {"angle": -22.5, "axis": "x", "origin": [9.5, 12, 9]},
			"faces": {
				"north": {"uv": [8.5, 12.5, 9, 14], "texture": "#main"},
				"east": {"uv": [8, 12.5, 8.5, 14], "texture": "#main"},
				"south": {"uv": [9.5, 12.5, 10, 14], "texture": "#main"},
				"west": {"uv": [9, 12.5, 9.5, 14], "texture": "#main"},
				"up": {"uv": [9, 12.5, 8.5, 12], "texture": "#main"},
				"down": {"uv": [9.5, 12, 9, 12.5], "texture": "#main"}
			}
		},
		{
			"name": "Left Leg",
			"from": [5, 8.97921, 7.06164],
			"to": [8.02, 13.99921, 11.08164],
			"rotation": {"angle": 22.5, "axis": "x", "origin": [6.51, 12.41421, 9.57164]},
			"faces": {
				"north": {"uv": [10.5, 14.5, 11, 15.25], "texture": "#main"},
				"east": {"uv": [10, 14.5, 10.5, 15.25], "texture": "#main"},
				"south": {"uv": [11.5, 14.5, 12, 15.25], "texture": "#main"},
				"west": {"uv": [11, 14.5, 11.5, 15.25], "texture": "#main"},
				"up": {"uv": [11, 14.5, 10.5, 14], "texture": "#main"},
				"down": {"uv": [11.5, 14, 11, 14.5], "texture": "#main"}
			}
		},
		{
			"name": "Left Leg Layer",
			"from": [4.76, 8.73921, 6.82164],
			"to": [8.26, 14.23921, 11.32164],
			"rotation": {"angle": 22.5, "axis": "x", "origin": [6.51, 12.41421, 9.57164]},
			"faces": {
				"north": {"uv": [8.5, 14.5, 9, 15.25], "texture": "#main"},
				"east": {"uv": [8, 14.5, 8.5, 15.25], "texture": "#main"},
				"south": {"uv": [9.5, 14.5, 10, 15.25], "texture": "#main"},
				"west": {"uv": [9, 14.5, 9.5, 15.25], "texture": "#main"},
				"up": {"uv": [9, 14.5, 8.5, 14], "texture": "#main"},
				"down": {"uv": [9.5, 14, 9, 14.5], "texture": "#main"}
			}
		},
		{
			"name": "Left Leg Layer",
			"from": [4.76, 5.0708, 3.63559],
			"to": [8.26, 10.5708, 8.13559],
			"rotation": {"angle": -22.5, "axis": "x", "origin": [6.51, 15.3208, 5.88559]},
			"faces": {
				"north": {"uv": [8.5, 15.25, 9, 16], "texture": "#main"},
				"east": {"uv": [8, 15.25, 8.5, 16], "texture": "#main"},
				"south": {"uv": [9.5, 15.25, 10, 16], "texture": "#main"},
				"west": {"uv": [9, 15.25, 9.5, 16], "texture": "#main"},
				"up": {"uv": [9, 14.5, 8.5, 14], "texture": "#main"},
				"down": {"uv": [9.5, 14, 9, 14.5], "texture": "#main"}
			}
		},
		{
			"name": "Left Leg",
			"from": [5.01, 5.3208, 3.88559],
			"to": [8.01, 10.3208, 7.88559],
			"rotation": {"angle": -22.5, "axis": "x", "origin": [6.51, 15.3208, 5.88559]},
			"faces": {
				"north": {"uv": [10.5, 15.25, 11, 16], "texture": "#main"},
				"east": {"uv": [10, 15.25, 10.5, 16], "texture": "#main"},
				"south": {"uv": [11.5, 15.25, 12, 16], "texture": "#main"},
				"west": {"uv": [11, 15.25, 11.5, 16], "texture": "#main"},
				"up": {"uv": [11, 14.5, 10.5, 14], "texture": "#main"},
				"down": {"uv": [11.5, 14, 11, 14.5], "texture": "#main"}
			}
		},
		{
			"name": "Left Arm",
			"from": [1.5, 19.625, -1.125],
			"to": [4.5, 22.625, 3.875],
			"rotation": {"angle": 0, "axis": "y", "origin": [3, 21.125, 8]},
			"faces": {
				"north": {"uv": [12.875, 14.5, 13.25, 14], "rotation": 270, "texture": "#main"},
				"east": {"uv": [12.875, 16, 12.5, 15.25], "rotation": 90, "texture": "#main"},
				"south": {"uv": [12.5, 14, 12.875, 14.5], "rotation": 270, "texture": "#main"},
				"west": {"uv": [13.75, 16, 13.375, 15.25], "rotation": 270, "texture": "#main"},
				"up": {"uv": [12.875, 15.25, 13.375, 16], "rotation": 180, "texture": "#main"},
				"down": {"uv": [12, 15.25, 12.5, 16], "texture": "#main"}
			}
		},
		{
			"name": "Left Arm Layer",
			"from": [1.25, 19.375, -1.375],
			"to": [4.75, 22.875, 4.625],
			"rotation": {"angle": 0, "axis": "y", "origin": [3, 21.125, 8]},
			"faces": {
				"north": {"uv": [14.875, 14.5, 15.25, 14], "rotation": 270, "texture": "#main"},
				"east": {"uv": [14.875, 16, 14.5, 15.25], "rotation": 90, "texture": "#main"},
				"south": {"uv": [14.5, 14, 14.875, 14.5], "rotation": 270, "texture": "#main"},
				"west": {"uv": [15.75, 16, 15.375, 15.25], "rotation": 270, "texture": "#main"},
				"up": {"uv": [14.875, 15.25, 15.375, 16], "rotation": 180, "texture": "#main"},
				"down": {"uv": [14, 15.25, 14.5, 16], "texture": "#main"}
			}
		},
		{
			"name": "Left Arm",
			"from": [1.5, 19.625, 3.875],
			"to": [4.5, 22.625, 8.875],
			"rotation": {"angle": 0, "axis": "y", "origin": [3, 21.125, 8]},
			"faces": {
				"north": {"uv": [12.875, 14.5, 13.25, 14], "rotation": 270, "texture": "#main"},
				"east": {"uv": [12.875, 15.25, 12.5, 14.5], "rotation": 90, "texture": "#main"},
				"south": {"uv": [12.5, 14, 12.875, 14.5], "rotation": 270, "texture": "#main"},
				"west": {"uv": [13.75, 15.25, 13.375, 14.5], "rotation": 270, "texture": "#main"},
				"up": {"uv": [12.875, 14.5, 13.375, 15.25], "rotation": 180, "texture": "#main"},
				"down": {"uv": [12, 14.5, 12.5, 15.25], "texture": "#main"}
			}
		},
		{
			"name": "Left Arm Layer",
			"from": [1.25, 19.375, 3.625],
			"to": [4.75, 22.875, 9.625],
			"rotation": {"angle": 0, "axis": "y", "origin": [3, 21.125, 8]},
			"faces": {
				"north": {"uv": [14.875, 14.5, 15.25, 14], "rotation": 270, "texture": "#main"},
				"east": {"uv": [14.875, 15.25, 14.5, 14.5], "rotation": 90, "texture": "#main"},
				"south": {"uv": [14.5, 14, 14.875, 14.5], "rotation": 270, "texture": "#main"},
				"west": {"uv": [15.75, 15.25, 15.375, 14.5], "rotation": 270, "texture": "#main"},
				"up": {"uv": [14.875, 14.5, 15.375, 15.25], "rotation": 180, "texture": "#main"},
				"down": {"uv": [14, 14.5, 14.5, 15.25], "texture": "#main"}
			}
		},
		{
			"name": "Head",
			"from": [4, 22, 5],
			"to": [12, 30, 13],
			"faces": {
				"north": {"uv": [1, 1, 2, 2], "texture": "#main"},
				"east": {"uv": [0, 1, 1, 2], "texture": "#main"},
				"south": {"uv": [3, 1, 4, 2], "texture": "#main"},
				"west": {"uv": [2, 1, 3, 2], "texture": "#main"},
				"up": {"uv": [2, 1, 1, 0], "texture": "#main"},
				"down": {"uv": [3, 0, 2, 1], "texture": "#main"}
			}
		},
		{
			"name": "Hat Layer",
			"from": [3.5, 21.5, 4.5],
			"to": [12.5, 30.5, 13.5],
			"faces": {
				"north": {"uv": [5, 1, 6, 2], "texture": "#main"},
				"east": {"uv": [4, 1, 5, 2], "texture": "#main"},
				"south": {"uv": [7, 1, 8, 2], "texture": "#main"},
				"west": {"uv": [6, 1, 7, 2], "texture": "#main"},
				"up": {"uv": [6, 1, 5, 0], "texture": "#main"},
				"down": {"uv": [7, 0, 6, 1], "texture": "#main"}
			}
		},
		{
			"name": "Body",
			"from": [5, 14, 7],
			"to": [11, 22, 11],
			"faces": {
				"north": {"uv": [2.5, 2.5, 3.5, 3.75], "texture": "#main"},
				"east": {"uv": [2, 2.5, 2.5, 3.75], "texture": "#main"},
				"south": {"uv": [4, 2.5, 5, 3.75], "texture": "#main"},
				"west": {"uv": [3.5, 2.5, 4, 3.75], "texture": "#main"},
				"up": {"uv": [3.5, 2.5, 2.5, 2], "texture": "#main"},
				"down": {"uv": [4.5, 2, 3.5, 2.5], "texture": "#main"}
			}
		},
		{
			"name": "Body Layer",
			"from": [4.75, 13.75, 6.75],
			"to": [11.25, 22.25, 11.25],
			"faces": {
				"north": {"uv": [2.5, 4.5, 3.5, 5.75], "texture": "#main"},
				"east": {"uv": [2, 4.5, 2.5, 5.75], "texture": "#main"},
				"south": {"uv": [4, 4.5, 5, 5.75], "texture": "#main"},
				"west": {"uv": [3.5, 4.5, 4, 5.75], "texture": "#main"},
				"up": {"uv": [3.5, 4.5, 2.5, 4], "texture": "#main"},
				"down": {"uv": [4.5, 4, 3.5, 4.5], "texture": "#main"}
			}
		},
		{
			"name": "Left Arm",
			"from": [0.67418, 19.625, 2.32691],
			"to": [3.67418, 22.625, 7.32691],
			"rotation": {"angle": 45, "axis": "y", "origin": [4.82713, 21.125, 8.83525]},
			"faces": {
				"north": {"uv": [5.25, 6, 4.875, 6.5], "rotation": 180, "texture": "#main"},
				"east": {"uv": [4, 7.25, 4.5, 8], "rotation": 270, "texture": "#main"},
				"south": {"uv": [4.875, 6.5, 4.5, 6], "texture": "#main"},
				"west": {"uv": [4.875, 7.25, 5.375, 8], "rotation": 90, "texture": "#main"},
				"up": {"uv": [4.5, 7.25, 4.875, 8], "rotation": 180, "texture": "#main"},
				"down": {"uv": [5.375, 7.25, 5.75, 8], "texture": "#main"}
			}
		},
		{
			"name": "Left Arm Layer",
			"from": [0.42418, 19.375, 2.07691],
			"to": [3.92418, 22.875, 8.07691],
			"rotation": {"angle": 45, "axis": "y", "origin": [4.82713, 21.125, 8.83525]},
			"faces": {
				"north": {"uv": [7.25, 6, 6.875, 6.5], "rotation": 180, "texture": "#main"},
				"east": {"uv": [6, 7.25, 6.5, 8], "rotation": 270, "texture": "#main"},
				"south": {"uv": [6.875, 6.5, 6.5, 6], "texture": "#main"},
				"west": {"uv": [6.875, 7.25, 7.375, 8], "rotation": 90, "texture": "#main"},
				"up": {"uv": [6.5, 7.25, 6.875, 8], "rotation": 180, "texture": "#main"},
				"down": {"uv": [7.375, 7.25, 7.75, 8], "texture": "#main"}
			}
		},
		{
			"name": "Left Arm",
			"from": [0.82399, 19.625, 8.70527],
			"to": [5.82399, 22.625, 10.70527],
			"rotation": {"angle": 0, "axis": "y", "origin": [4.82713, 21.125, 8.83525]},
			"faces": {
				"north": {"uv": [4, 6.5, 4.5, 7.25], "rotation": 270, "texture": "#main"},
				"east": {"uv": [4.875, 6.5, 4.5, 6], "texture": "#main"},
				"south": {"uv": [4.875, 6.5, 5.375, 7.25], "rotation": 90, "texture": "#main"},
				"west": {"uv": [5.25, 6, 4.875, 6.5], "rotation": 180, "texture": "#main"},
				"up": {"uv": [4.5, 6.5, 4.875, 7.25], "rotation": 90, "texture": "#main"},
				"down": {"uv": [5.375, 6.5, 5.75, 7.25], "rotation": 90, "texture": "#main"}
			}
		},
		{
			"name": "Left Arm Layer",
			"from": [0.57399, 19.375, 8.45527],
			"to": [6.57399, 22.875, 10.95527],
			"rotation": {"angle": 0, "axis": "y", "origin": [4.82713, 21.125, 8.83525]},
			"faces": {
				"north": {"uv": [6, 6.5, 6.5, 7.25], "rotation": 270, "texture": "#main"},
				"east": {"uv": [6.875, 6.5, 6.5, 6], "texture": "#main"},
				"south": {"uv": [6.875, 6.5, 7.375, 7.25], "rotation": 90, "texture": "#main"},
				"west": {"uv": [7.25, 6, 6.875, 6.5], "rotation": 180, "texture": "#main"},
				"up": {"uv": [6.5, 6.5, 6.875, 7.25], "rotation": 90, "texture": "#main"},
				"down": {"uv": [7.375, 6.5, 7.75, 7.25], "rotation": 90, "texture": "#main"}
			}
		},
		{
			"name": "Right Leg",
			"from": [8.001, 4.251, 7.501],
			"to": [10.999, 14.249, 11.499],
			"rotation": {"angle": -22.5, "axis": "x", "origin": [9.5, 12, 9]},
			"faces": {
				"north": {"uv": [0.5, 2.5, 1, 4], "texture": "#main"},
				"east": {"uv": [0, 2.5, 0.5, 4], "texture": "#main"},
				"south": {"uv": [1.5, 2.5, 2, 4], "texture": "#main"},
				"west": {"uv": [1, 2.5, 1.5, 4], "texture": "#main"},
				"up": {"uv": [1, 2.5, 0.5, 2], "texture": "#main"},
				"down": {"uv": [1.5, 2, 1, 2.5], "texture": "#main"}
			}
		},
		{
			"name": "Right Leg Layer",
			"from": [7.751, 4.001, 7.251],
			"to": [11.249, 14.499, 11.749],
			"rotation": {"angle": -22.5, "axis": "x", "origin": [9.5, 12, 9]},
			"faces": {
				"north": {"uv": [0.5, 4.5, 1, 6], "texture": "#main"},
				"east": {"uv": [0, 4.5, 0.5, 6], "texture": "#main"},
				"south": {"uv": [1.5, 4.5, 2, 6], "texture": "#main"},
				"west": {"uv": [1, 4.5, 1.5, 6], "texture": "#main"},
				"up": {"uv": [1, 4.5, 0.5, 4], "texture": "#main"},
				"down": {"uv": [1.5, 4, 1, 4.5], "texture": "#main"}
			}
		},
		{
			"name": "Left Leg",
			"from": [5, 8.97921, 7.06164],
			"to": [8.02, 13.99921, 11.08164],
			"rotation": {"angle": 22.5, "axis": "x", "origin": [6.51, 12.41421, 9.57164]},
			"faces": {
				"north": {"uv": [2.5, 6.5, 3, 7.25], "texture": "#main"},
				"east": {"uv": [2, 6.5, 2.5, 7.25], "texture": "#main"},
				"south": {"uv": [3.5, 6.5, 4, 7.25], "texture": "#main"},
				"west": {"uv": [3, 6.5, 3.5, 7.25], "texture": "#main"},
				"up": {"uv": [3, 6.5, 2.5, 6], "texture": "#main"},
				"down": {"uv": [3.5, 6, 3, 6.5], "texture": "#main"}
			}
		},
		{
			"name": "Left Leg Layer",
			"from": [4.76, 8.73921, 6.82164],
			"to": [8.26, 14.23921, 11.32164],
			"rotation": {"angle": 22.5, "axis": "x", "origin": [6.51, 12.41421, 9.57164]},
			"faces": {
				"north": {"uv": [0.5, 6.5, 1, 7.25], "texture": "#main"},
				"east": {"uv": [0, 6.5, 0.5, 7.25], "texture": "#main"},
				"south": {"uv": [1.5, 6.5, 2, 7.25], "texture": "#main"},
				"west": {"uv": [1, 6.5, 1.5, 7.25], "texture": "#main"},
				"up": {"uv": [1, 6.5, 0.5, 6], "texture": "#main"},
				"down": {"uv": [1.5, 6, 1, 6.5], "texture": "#main"}
			}
		},
		{
			"name": "Left Leg Layer",
			"from": [4.76, 5.0708, 3.63559],
			"to": [8.26, 10.5708, 8.13559],
			"rotation": {"angle": -22.5, "axis": "x", "origin": [6.51, 15.3208, 5.88559]},
			"faces": {
				"north": {"uv": [0.5, 7.25, 1, 8], "texture": "#main"},
				"east": {"uv": [0, 7.25, 0.5, 8], "texture": "#main"},
				"south": {"uv": [1.5, 7.25, 2, 8], "texture": "#main"},
				"west": {"uv": [1, 7.25, 1.5, 8], "texture": "#main"},
				"up": {"uv": [1, 6.5, 0.5, 6], "texture": "#main"},
				"down": {"uv": [1.5, 6, 1, 6.5], "texture": "#main"}
			}
		},
		{
			"name": "Left Leg",
			"from": [5.01, 5.3208, 3.88559],
			"to": [8.01, 10.3208, 7.88559],
			"rotation": {"angle": -22.5, "axis": "x", "origin": [6.51, 15.3208, 5.88559]},
			"faces": {
				"north": {"uv": [2.5, 7.25, 3, 8], "texture": "#main"},
				"east": {"uv": [2, 7.25, 2.5, 8], "texture": "#main"},
				"south": {"uv": [3.5, 7.25, 4, 8], "texture": "#main"},
				"west": {"uv": [3, 7.25, 3.5, 8], "texture": "#main"},
				"up": {"uv": [3, 6.5, 2.5, 6], "texture": "#main"},
				"down": {"uv": [3.5, 6, 3, 6.5], "texture": "#main"}
			}
		},
		{
			"name": "Left Arm",
			"from": [11.5, 19.625, -1.125],
			"to": [14.5, 22.625, 3.875],
			"rotation": {"angle": 0, "axis": "z", "origin": [12, 21.125, 4]},
			"faces": {
				"north": {"uv": [4.875, 6, 5.25, 6.5], "rotation": 270, "texture": "#main"},
				"east": {"uv": [5.75, 7.25, 5.375, 8], "rotation": 270, "texture": "#main"},
				"south": {"uv": [4.5, 6.5, 4.875, 6], "rotation": 270, "texture": "#main"},
				"west": {"uv": [4.875, 7.25, 4.5, 8], "rotation": 90, "texture": "#main"},
				"up": {"uv": [5.375, 7.25, 4.875, 8], "rotation": 180, "texture": "#main"},
				"down": {"uv": [4.5, 7.25, 4, 8], "texture": "#main"}
			}
		},
		{
			"name": "Left Arm Layer",
			"from": [11.25, 19.375, -1.375],
			"to": [14.75, 22.875, 4.625],
			"rotation": {"angle": 0, "axis": "z", "origin": [12, 21.125, 4]},
			"faces": {
				"north": {"uv": [6.875, 6, 7.25, 6.5], "rotation": 270, "texture": "#main"},
				"east": {"uv": [7.75, 7.25, 7.375, 8], "rotation": 270, "texture": "#main"},
				"south": {"uv": [6.5, 6.5, 6.875, 6], "rotation": 270, "texture": "#main"},
				"west": {"uv": [6.875, 7.25, 6.5, 8], "rotation": 90, "texture": "#main"},
				"up": {"uv": [7.375, 7.25, 6.875, 8], "rotation": 180, "texture": "#main"},
				"down": {"uv": [6.5, 7.25, 6, 8], "texture": "#main"}
			}
		},
		{
			"name": "Left Arm",
			"from": [11.5, 19.625, 3.875],
			"to": [14.5, 22.625, 8.875],
			"rotation": {"angle": 0, "axis": "z", "origin": [12, 21.125, 4]},
			"faces": {
				"north": {"uv": [4.875, 6, 5.25, 6.5], "rotation": 270, "texture": "#main"},
				"east": {"uv": [5.75, 6.5, 5.375, 7.25], "rotation": 270, "texture": "#main"},
				"south": {"uv": [4.5, 6.5, 4.875, 6], "rotation": 270, "texture": "#main"},
				"west": {"uv": [4.875, 6.5, 4.5, 7.25], "rotation": 90, "texture": "#main"},
				"up": {"uv": [5.375, 6.5, 4.875, 7.25], "rotation": 180, "texture": "#main"},
				"down": {"uv": [4.5, 6.5, 4, 7.25], "texture": "#main"}
			}
		},
		{
			"name": "Left Arm Layer",
			"from": [11.25, 19.375, 3.625],
			"to": [14.75, 22.875, 9.625],
			"rotation": {"angle": 0, "axis": "z", "origin": [12, 21.125, 4]},
			"faces": {
				"north": {"uv": [6.875, 6, 7.25, 6.5], "rotation": 270, "texture": "#main"},
				"east": {"uv": [7.75, 6.5, 7.375, 7.25], "rotation": 270, "texture": "#main"},
				"south": {"uv": [6.5, 6.5, 6.875, 6], "rotation": 270, "texture": "#main"},
				"west": {"uv": [6.875, 6.5, 6.5, 7.25], "rotation": 90, "texture": "#main"},
				"up": {"uv": [7.375, 6.5, 6.875, 7.25], "rotation": 180, "texture": "#main"},
				"down": {"uv": [6.5, 6.5, 6, 7.25], "texture": "#main"}
			}
		}
	],
	"display": {
		"head": {
			"translation": [0.25, -29, -2],
			"scale": [1.3, 1.3, 1.3]
		}
	},
	"groups": [
		0,
		1,
		2,
		3,
		4,
		5,
		6,
		7,
		8,
		9,
		10,
		11,
		12,
		13,
		14,
		15,
		16,
		17,
		18,
		19,
		20,
		21,
		22,
		23,
		24,
		25,
		26,
		27,
		28,
		29,
		30,
		31,
		32,
		33,
		34,
		35,
		36,
		37,
		38,
		39,
		40,
		41,
		42,
		43,
		44,
		45,
		46,
		47,
		48,
		49,
		50,
		51,
		52,
		53,
		{
			"name": "Head",
			"origin": [0, 24, 0],
			"color": 0,
			"children": [54, 55]
		},
		{
			"name": "Body",
			"origin": [0, 24, 0],
			"color": 0,
			"children": [56, 57]
		},
		{
			"name": "LeftArm",
			"origin": [-5, 22, 0],
			"color": 0,
			"children": [58, 59, 60, 61]
		},
		{
			"name": "RightLeg",
			"origin": [1.9, 12, 0],
			"color": 0,
			"children": [62, 63]
		},
		{
			"name": "LeftLeg",
			"origin": [-1.9, 12, 0],
			"color": 0,
			"children": [64, 65, 66, 67]
		},
		{
			"name": "LeftArm",
			"origin": [-5, 22, 0],
			"color": 0,
			"children": [68, 69, 70, 71]
		}
	]
}