{
	"credit": "Made with Blockbench",
	"texture_size": [64, 64],
	"textures": {
		"main": "nw:stand/skins/anim/soft_machine"
	},
	"elements": [
		{
			"name": "Head",
			"from": [4, 13, 4],
			"to": [12, 21, 12],
			"rotation": {"angle": -45, "axis": "y", "origin": [8, 13.54545, 8]},
			"faces": {
				"north": {"uv": [9, 1, 10, 2], "texture": "#main"},
				"east": {"uv": [8, 1, 9, 2], "texture": "#main"},
				"south": {"uv": [11, 1, 12, 2], "texture": "#main"},
				"west": {"uv": [10, 1, 11, 2], "texture": "#main"},
				"up": {"uv": [10, 1, 9, 0], "texture": "#main"},
				"down": {"uv": [11, 0, 10, 1], "texture": "#main"}
			}
		},
		{
			"name": "Hat Layer",
			"from": [3.5, 12.5, 3.5],
			"to": [12.5, 21.5, 12.5],
			"rotation": {"angle": -45, "axis": "y", "origin": [8, 13.54545, 8]},
			"faces": {
				"north": {"uv": [13, 1, 14, 2], "texture": "#main"},
				"east": {"uv": [12, 1, 13, 2], "texture": "#main"},
				"south": {"uv": [15, 1, 16, 2], "texture": "#main"},
				"west": {"uv": [14, 1, 15, 2], "texture": "#main"},
				"up": {"uv": [14, 1, 13, 0], "texture": "#main"},
				"down": {"uv": [15, 0, 14, 1], "texture": "#main"}
			}
		},
		{
			"name": "Body",
			"from": [4, 7, 6],
			"to": [12, 13, 10],
			"rotation": {"angle": 0, "axis": "y", "origin": [8, 13.54545, 8]},
			"faces": {
				"north": {"uv": [10.5, 2.5, 11.5, 3.25], "texture": "#main"},
				"east": {"uv": [10, 2.5, 10.5, 3.25], "texture": "#main"},
				"south": {"uv": [12, 2.5, 13, 3.25], "texture": "#main"},
				"west": {"uv": [11.5, 2.5, 12, 3.25], "texture": "#main"},
				"up": {"uv": [11.5, 2.5, 10.5, 2], "texture": "#main"},
				"down": {"uv": [12.5, 2, 11.5, 2.5], "texture": "#main"}
			}
		},
		{
			"name": "Body Layer",
			"from": [3.75, 6.75, 5.75],
			"to": [12.25, 13.25, 10.25],
			"rotation": {"angle": 0, "axis": "y", "origin": [8, 13.54545, 8]},
			"faces": {
				"north": {"uv": [10.5, 4.5, 11.5, 5.25], "texture": "#main"},
				"east": {"uv": [10, 4.5, 10.5, 5.25], "texture": "#main"},
				"south": {"uv": [12, 4.5, 13, 5.25], "texture": "#main"},
				"west": {"uv": [11.5, 4.5, 12, 5.25], "texture": "#main"},
				"up": {"uv": [11.5, 4.5, 10.5, 4], "texture": "#main"},
				"down": {"uv": [12.5, 4, 11.5, 4.5], "texture": "#main"}
			}
		},
		{
			"name": "Body",
			"from": [4, 1, 6],
			"to": [12, 7, 10],
			"rotation": {"angle": 0, "axis": "y", "origin": [8, 13.54545, 8]},
			"faces": {
				"north": {"uv": [10.5, 3.25, 11.5, 4], "texture": "#main"},
				"east": {"uv": [10, 3.25, 10.5, 4], "texture": "#main"},
				"south": {"uv": [12, 3.25, 13, 4], "texture": "#main"},
				"west": {"uv": [11.5, 3.25, 12, 4], "texture": "#main"},
				"up": {"uv": [11.5, 2.5, 10.5, 2], "texture": "#main"},
				"down": {"uv": [12.5, 2, 11.5, 2.5], "texture": "#main"}
			}
		},
		{
			"name": "Body Layer",
			"from": [3.75, 0.75, 5.75],
			"to": [12.25, 7.25, 10.25],
			"rotation": {"angle": 0, "axis": "y", "origin": [8, 13.54545, 8]},
			"faces": {
				"north": {"uv": [10.5, 5.25, 11.5, 6], "texture": "#main"},
				"east": {"uv": [10, 5.25, 10.5, 6], "texture": "#main"},
				"south": {"uv": [12, 5.25, 13, 6], "texture": "#main"},
				"west": {"uv": [11.5, 5.25, 12, 6], "texture": "#main"},
				"up": {"uv": [11.5, 4.5, 10.5, 4], "texture": "#main"},
				"down": {"uv": [12.5, 4, 11.5, 4.5], "texture": "#main"}
			}
		},
		{
			"name": "Right Arm",
			"from": [12, 7, 6],
			"to": [15, 13, 10],
			"rotation": {"angle": -22.5, "axis": "x", "origin": [13.5, 11.54545, 8]},
			"faces": {
				"north": {"uv": [13.5, 2.5, 13.875, 3.25], "texture": "#main"},
				"east": {"uv": [13, 2.5, 13.5, 3.25], "texture": "#main"},
				"south": {"uv": [14.375, 2.5, 14.75, 3.25], "texture": "#main"},
				"west": {"uv": [13.875, 2.5, 14.375, 3.25], "texture": "#main"},
				"up": {"uv": [13.875, 2.5, 13.5, 2], "texture": "#main"},
				"down": {"uv": [8.375, 0, 8, 0.5], "texture": "#main"}
			}
		},
		{
			"name": "Right Arm Layer",
			"from": [11.75, 6.75, 5.75],
			"to": [15.25, 13.25, 10.25],
			"rotation": {"angle": -22.5, "axis": "x", "origin": [13.5, 11.54545, 8]},
			"faces": {
				"north": {"uv": [13.5, 4.5, 13.875, 5.25], "texture": "#main"},
				"east": {"uv": [13, 4.5, 13.5, 5.25], "texture": "#main"},
				"south": {"uv": [14.375, 4.5, 14.75, 5.25], "texture": "#main"},
				"west": {"uv": [13.875, 4.5, 14.375, 5.25], "texture": "#main"},
				"up": {"uv": [13.875, 4.5, 13.5, 4], "texture": "#main"},
				"down": {"uv": [9, 0, 8.625, 0.5], "texture": "#main"}
			}
		},
		{
			"name": "Right Arm",
			"from": [12, 2.11137, 7.58723],
			"to": [15, 8.11137, 11.58723],
			"rotation": {"angle": 0, "axis": "x", "origin": [13.5, 12.65682, 9.58723]},
			"faces": {
				"north": {"uv": [13.5, 3.25, 13.875, 4], "texture": "#main"},
				"east": {"uv": [13, 3.25, 13.5, 4], "texture": "#main"},
				"south": {"uv": [14.375, 3.25, 14.75, 4], "texture": "#main"},
				"west": {"uv": [13.875, 3.25, 14.375, 4], "texture": "#main"},
				"up": {"uv": [8.375, 0.5, 8, 0], "texture": "#main"},
				"down": {"uv": [14.25, 2, 13.875, 2.5], "texture": "#main"}
			}
		},
		{
			"name": "Right Arm Layer",
			"from": [11.75, 1.86137, 7.33723],
			"to": [15.25, 8.36137, 11.83723],
			"rotation": {"angle": 0, "axis": "x", "origin": [13.5, 12.65682, 9.58723]},
			"faces": {
				"north": {"uv": [13.5, 5.25, 13.875, 6], "texture": "#main"},
				"east": {"uv": [13, 5.25, 13.5, 6], "texture": "#main"},
				"south": {"uv": [14.375, 5.25, 14.75, 6], "texture": "#main"},
				"west": {"uv": [13.875, 5.25, 14.375, 6], "texture": "#main"},
				"up": {"uv": [9, 0.5, 8.625, 0], "texture": "#main"},
				"down": {"uv": [14.25, 4, 13.875, 4.5], "texture": "#main"}
			}
		},
		{
			"name": "Left Arm",
			"from": [2.75, 10.04545, 1.45455],
			"to": [6.75, 13.04545, 7.45455],
			"rotation": {"angle": -22.5, "axis": "y", "origin": [4.75, 11.54545, 6]},
			"faces": {
				"north": {"uv": [8.375, 0, 8, 0.5], "rotation": 90, "texture": "#main"},
				"east": {"uv": [12.5, 6.5, 12.875, 7.25], "rotation": 270, "texture": "#main"},
				"south": {"uv": [12.875, 6.5, 12.5, 6], "rotation": 90, "texture": "#main"},
				"west": {"uv": [13.375, 6.5, 13.75, 7.25], "rotation": 90, "texture": "#main"},
				"up": {"uv": [12.875, 6.5, 13.375, 7.25], "rotation": 180, "texture": "#main"},
				"down": {"uv": [12, 6.5, 12.5, 7.25], "texture": "#main"}
			}
		},
		{
			"name": "Left Arm Layer",
			"from": [2.5, 9.79545, 1.20455],
			"to": [7, 13.29545, 7.70455],
			"rotation": {"angle": -22.5, "axis": "y", "origin": [4.75, 11.54545, 6]},
			"faces": {
				"north": {"uv": [8.875, 0, 8.5, 0.5], "rotation": 90, "texture": "#main"},
				"east": {"uv": [14.5, 6.5, 14.875, 7.25], "rotation": 270, "texture": "#main"},
				"south": {"uv": [14.875, 6.5, 14.5, 6], "rotation": 90, "texture": "#main"},
				"west": {"uv": [15.375, 6.5, 15.75, 7.25], "rotation": 90, "texture": "#main"},
				"up": {"uv": [14.875, 6.5, 15.375, 7.25], "rotation": 180, "texture": "#main"},
				"down": {"uv": [14, 6.5, 14.5, 7.25], "texture": "#main"}
			}
		},
		{
			"name": "Left Arm",
			"from": [6.5499, 10.04545, 1.37167],
			"to": [12.5499, 13.04545, 5.37167],
			"rotation": {"angle": 22.5, "axis": "y", "origin": [4.75, 11.54545, 6]},
			"faces": {
				"north": {"uv": [13.375, 7.25, 13.75, 8], "rotation": 90, "texture": "#main"},
				"east": {"uv": [13.25, 6, 12.875, 6.5], "rotation": 90, "texture": "#main"},
				"south": {"uv": [12.5, 7.25, 12.875, 8], "rotation": 270, "texture": "#main"},
				"west": {"uv": [8.375, 0.5, 8, 0], "rotation": 90, "texture": "#main"},
				"up": {"uv": [12.875, 7.25, 13.375, 8], "rotation": 270, "texture": "#main"},
				"down": {"uv": [12, 7.25, 12.5, 8], "rotation": 270, "texture": "#main"}
			}
		},
		{
			"name": "Left Arm Layer",
			"from": [6.2999, 9.79545, 1.12167],
			"to": [12.7999, 13.29545, 5.62167],
			"rotation": {"angle": 22.5, "axis": "y", "origin": [4.75, 11.54545, 6]},
			"faces": {
				"north": {"uv": [15.375, 7.25, 15.75, 8], "rotation": 90, "texture": "#main"},
				"east": {"uv": [15.25, 6, 14.875, 6.5], "rotation": 90, "texture": "#main"},
				"south": {"uv": [14.5, 7.25, 14.875, 8], "rotation": 270, "texture": "#main"},
				"west": {"uv": [8.875, 0.5, 8.5, 0], "rotation": 90, "texture": "#main"},
				"up": {"uv": [14.875, 7.25, 15.375, 8], "rotation": 270, "texture": "#main"},
				"down": {"uv": [14, 7.25, 14.5, 8], "rotation": 270, "texture": "#main"}
			}
		},
		{
			"name": "Right Leg",
			"from": [7.9, -5, 6],
			"to": [11.9, 1, 10],
			"rotation": {"angle": -22.5, "axis": "x", "origin": [8, 0.54545, 8]},
			"faces": {
				"north": {"uv": [8.5, 2.5, 9, 3.25], "texture": "#main"},
				"east": {"uv": [8, 2.5, 8.5, 3.25], "texture": "#main"},
				"south": {"uv": [9.5, 2.5, 10, 3.25], "texture": "#main"},
				"west": {"uv": [9, 2.5, 9.5, 3.25], "texture": "#main"},
				"up": {"uv": [9, 2.5, 8.5, 2], "texture": "#main"},
				"down": {"uv": [9.5, 2, 9, 2.5], "texture": "#main"}
			}
		},
		{
			"name": "Right Leg Layer",
			"from": [7.65, -5.25, 5.75],
			"to": [12.15, 1.25, 10.25],
			"rotation": {"angle": -22.5, "axis": "x", "origin": [8, 0.54545, 8]},
			"faces": {
				"north": {"uv": [8.5, 4.5, 9, 5.25], "texture": "#main"},
				"east": {"uv": [8, 4.5, 8.5, 5.25], "texture": "#main"},
				"south": {"uv": [9.5, 4.5, 10, 5.25], "texture": "#main"},
				"west": {"uv": [9, 4.5, 9.5, 5.25], "texture": "#main"},
				"up": {"uv": [9, 4.5, 8.5, 4], "texture": "#main"},
				"down": {"uv": [9, 0, 8.5, 0.5], "texture": "#main"}
			}
		},
		{
			"name": "Right Leg",
			"from": [7.9, -11, 6],
			"to": [11.9, -5, 10],
			"rotation": {"angle": -22.5, "axis": "x", "origin": [8, 0.54545, 8]},
			"faces": {
				"north": {"uv": [8.5, 3.25, 9, 4], "texture": "#main"},
				"east": {"uv": [8, 3.25, 8.5, 4], "texture": "#main"},
				"south": {"uv": [9.5, 3.25, 10, 4], "texture": "#main"},
				"west": {"uv": [9, 3.25, 9.5, 4], "texture": "#main"},
				"up": {"uv": [8.5, 0.5, 8, 0], "texture": "#main"},
				"down": {"uv": [9.5, 2, 9, 2.5], "texture": "#main"}
			}
		},
		{
			"name": "Right Leg Layer",
			"from": [7.65, -11.25, 5.75],
			"to": [12.15, -4.75, 10.25],
			"rotation": {"angle": -22.5, "axis": "x", "origin": [8, 0.54545, 8]},
			"faces": {
				"north": {"uv": [8.5, 5.25, 9, 6], "texture": "#main"},
				"east": {"uv": [8, 5.25, 8.5, 6], "texture": "#main"},
				"south": {"uv": [9.5, 5.25, 10, 6], "texture": "#main"},
				"west": {"uv": [9, 5.25, 9.5, 6], "texture": "#main"},
				"up": {"uv": [9, 0.5, 8.5, 0], "texture": "#main"},
				"down": {"uv": [9.5, 4, 9, 4.5], "texture": "#main"}
			}
		},
		{
			"name": "Left Leg",
			"from": [4.1, -5, 6],
			"to": [8.1, 1, 10],
			"rotation": {"angle": -22.5, "axis": "z", "origin": [8, 0.54545, 8]},
			"faces": {
				"north": {"uv": [10.5, 6.5, 11, 7.25], "texture": "#main"},
				"east": {"uv": [10, 6.5, 10.5, 7.25], "texture": "#main"},
				"south": {"uv": [11.5, 6.5, 12, 7.25], "texture": "#main"},
				"west": {"uv": [11, 6.5, 11.5, 7.25], "texture": "#main"},
				"up": {"uv": [11, 6.5, 10.5, 6], "texture": "#main"},
				"down": {"uv": [11.5, 6, 11, 6.5], "texture": "#main"}
			}
		},
		{
			"name": "Left Leg Layer",
			"from": [3.85, -5.25, 5.75],
			"to": [8.35, 1.25, 10.25],
			"rotation": {"angle": -22.5, "axis": "z", "origin": [8, 0.54545, 8]},
			"faces": {
				"north": {"uv": [8.5, 6.5, 9, 7.25], "texture": "#main"},
				"east": {"uv": [8, 6.5, 8.5, 7.25], "texture": "#main"},
				"south": {"uv": [9.5, 6.5, 10, 7.25], "texture": "#main"},
				"west": {"uv": [9, 6.5, 9.5, 7.25], "texture": "#main"},
				"up": {"uv": [9, 6.5, 8.5, 6], "texture": "#main"},
				"down": {"uv": [9, 0, 8.5, 0.5], "texture": "#main"}
			}
		},
		{
			"name": "Left Leg",
			"from": [4.1, -11, 6],
			"to": [8.1, -5, 10],
			"rotation": {"angle": -22.5, "axis": "z", "origin": [8, 0.54545, 8]},
			"faces": {
				"north": {"uv": [10.5, 7.25, 11, 8], "texture": "#main"},
				"east": {"uv": [10, 7.25, 10.5, 8], "texture": "#main"},
				"south": {"uv": [11.5, 7.25, 12, 8], "texture": "#main"},
				"west": {"uv": [11, 7.25, 11.5, 8], "texture": "#main"},
				"up": {"uv": [8.5, 0.5, 8, 0], "texture": "#main"},
				"down": {"uv": [11.5, 6, 11, 6.5], "texture": "#main"}
			}
		},
		{
			"name": "Left Leg Layer",
			"from": [3.85, -11.25, 5.75],
			"to": [8.35, -4.75, 10.25],
			"rotation": {"angle": -22.5, "axis": "z", "origin": [8, 0.54545, 8]},
			"faces": {
				"north": {"uv": [8.5, 7.25, 9, 8], "texture": "#main"},
				"east": {"uv": [8, 7.25, 8.5, 8], "texture": "#main"},
				"south": {"uv": [9.5, 7.25, 10, 8], "texture": "#main"},
				"west": {"uv": [9, 7.25, 9.5, 8], "texture": "#main"},
				"up": {"uv": [9, 0.5, 8.5, 0], "texture": "#main"},
				"down": {"uv": [9.5, 6, 9, 6.5], "texture": "#main"}
			}
		},
		{
			"from": [11.93418, 9.77787, -0.17004],
			"to": [12.93418, 12.77787, 2.82996],
			"rotation": {"angle": 0, "axis": "y", "origin": [4.75, 11.54545, 6]},
			"faces": {
				"north": {"uv": [8, 0, 8.375, 0.125], "rotation": 270, "texture": "#main"},
				"east": {"uv": [8, 0, 8.375, 0.375], "texture": "#main"},
				"south": {"uv": [8, 0, 8.375, 0.125], "rotation": 90, "texture": "#main"},
				"west": {"uv": [8, 0, 8.375, 0.375], "rotation": 180, "texture": "#main"},
				"up": {"uv": [8, 0, 8.375, 0.125], "rotation": 90, "texture": "#main"},
				"down": {"uv": [8, 0, 8.375, 0.125], "rotation": 90, "texture": "#main"}
			}
		},
		{
			"from": [12.93418, 10.77787, 0.82996],
			"to": [19.93418, 11.77787, 1.82996],
			"rotation": {"angle": 0, "axis": "y", "origin": [4.75, 11.54545, 6]},
			"faces": {
				"north": {"uv": [8.375, 0, 8.5, 0.875], "rotation": 270, "texture": "#main"},
				"east": {"uv": [8.375, 0, 8.5, 0.125], "texture": "#main"},
				"south": {"uv": [8.375, 0, 8.5, 0.875], "rotation": 90, "texture": "#main"},
				"west": {"uv": [8.375, 0, 8.5, 0.125], "rotation": 180, "texture": "#main"},
				"up": {"uv": [8.375, 0, 8.5, 0.875], "rotation": 90, "texture": "#main"},
				"down": {"uv": [8.375, 0, 8.5, 0.875], "rotation": 90, "texture": "#main"}
			}
		},
		{
			"from": [7.67943, 10.77787, -2.67904],
			"to": [9.67943, 11.77787, -1.67904],
			"rotation": {"angle": -22.5, "axis": "y", "origin": [4.75, 11.54545, 6]},
			"faces": {
				"north": {"uv": [8, 0, 8.125, 0.25], "rotation": 270, "texture": "#main"},
				"east": {"uv": [8, 0, 8.125, 0.125], "texture": "#main"},
				"south": {"uv": [8, 0, 8.125, 0.25], "rotation": 90, "texture": "#main"},
				"west": {"uv": [8, 0, 8.125, 0.125], "rotation": 180, "texture": "#main"},
				"up": {"uv": [8, 0, 8.125, 0.25], "rotation": 90, "texture": "#main"},
				"down": {"uv": [8, 0, 8.125, 0.25], "rotation": 90, "texture": "#main"}
			}
		},
		{
			"from": [4.13511, 10.77787, -3.13943],
			"to": [5.13511, 11.77787, -0.63943],
			"rotation": {"angle": -45, "axis": "y", "origin": [4.75, 11.54545, 6]},
			"faces": {
				"north": {"uv": [8, 0.125, 8.125, 0.25], "texture": "#main"},
				"east": {"uv": [8, 0.25, 8.125, 0.5625], "rotation": 90, "texture": "#main"},
				"south": {"uv": [8, 0.125, 8.125, 0.25], "rotation": 180, "texture": "#main"},
				"west": {"uv": [8, 0.25, 8.125, 0.5625], "rotation": 270, "texture": "#main"},
				"up": {"uv": [8, 0.25, 8.125, 0.5625], "texture": "#main"},
				"down": {"uv": [8, 0.25, 8.125, 0.5625], "rotation": 180, "texture": "#main"}
			}
		},
		{
			"from": [8.93418, 10.77787, 0.82996],
			"to": [11.93418, 11.77787, 1.82996],
			"rotation": {"angle": 0, "axis": "y", "origin": [4.75, 11.54545, 6]},
			"faces": {
				"north": {"uv": [8, 0, 8.125, 0.375], "rotation": 270, "texture": "#main"},
				"east": {"uv": [8, 0, 8.125, 0.125], "texture": "#main"},
				"south": {"uv": [8, 0, 8.125, 0.375], "rotation": 90, "texture": "#main"},
				"west": {"uv": [8, 0, 8.125, 0.125], "rotation": 180, "texture": "#main"},
				"up": {"uv": [8, 0, 8.125, 0.375], "rotation": 90, "texture": "#main"},
				"down": {"uv": [8, 0, 8.125, 0.375], "rotation": 90, "texture": "#main"}
			}
		},
		{
			"name": "Head",
			"from": [4, 13, 4],
			"to": [12, 21, 12],
			"rotation": {"angle": -45, "axis": "y", "origin": [8, 13.54545, 8]},
			"faces": {
				"north": {"uv": [1, 1, 2, 2], "texture": "#main"},
				"east": {"uv": [0, 1, 1, 2], "texture": "#main"},
				"south": {"uv": [3, 1, 4, 2], "texture": "#main"},
				"west": {"uv": [2, 1, 3, 2], "texture": "#main"},
				"up": {"uv": [2, 1, 1, 0], "texture": "#main"},
				"down": {"uv": [3, 0, 2, 1], "texture": "#main"}
			}
		},
		{
			"name": "Hat Layer",
			"from": [3.5, 12.5, 3.5],
			"to": [12.5, 21.5, 12.5],
			"rotation": {"angle": -45, "axis": "y", "origin": [8, 13.54545, 8]},
			"faces": {
				"north": {"uv": [5, 1, 6, 2], "texture": "#main"},
				"east": {"uv": [4, 1, 5, 2], "texture": "#main"},
				"south": {"uv": [7, 1, 8, 2], "texture": "#main"},
				"west": {"uv": [6, 1, 7, 2], "texture": "#main"},
				"up": {"uv": [6, 1, 5, 0], "texture": "#main"},
				"down": {"uv": [7, 0, 6, 1], "texture": "#main"}
			}
		},
		{
			"name": "Body",
			"from": [4, 7, 6],
			"to": [12, 13, 10],
			"rotation": {"angle": 0, "axis": "y", "origin": [8, 13.54545, 8]},
			"faces": {
				"north": {"uv": [2.5, 2.5, 3.5, 3.25], "texture": "#main"},
				"east": {"uv": [2, 2.5, 2.5, 3.25], "texture": "#main"},
				"south": {"uv": [4, 2.5, 5, 3.25], "texture": "#main"},
				"west": {"uv": [3.5, 2.5, 4, 3.25], "texture": "#main"},
				"up": {"uv": [3.5, 2.5, 2.5, 2], "texture": "#main"},
				"down": {"uv": [4.5, 2, 3.5, 2.5], "texture": "#main"}
			}
		},
		{
			"name": "Body Layer",
			"from": [3.75, 6.75, 5.75],
			"to": [12.25, 13.25, 10.25],
			"rotation": {"angle": 0, "axis": "y", "origin": [8, 13.54545, 8]},
			"faces": {
				"north": {"uv": [2.5, 4.5, 3.5, 5.25], "texture": "#main"},
				"east": {"uv": [2, 4.5, 2.5, 5.25], "texture": "#main"},
				"south": {"uv": [4, 4.5, 5, 5.25], "texture": "#main"},
				"west": {"uv": [3.5, 4.5, 4, 5.25], "texture": "#main"},
				"up": {"uv": [3.5, 4.5, 2.5, 4], "texture": "#main"},
				"down": {"uv": [4.5, 4, 3.5, 4.5], "texture": "#main"}
			}
		},
		{
			"name": "Body",
			"from": [4, 1, 6],
			"to": [12, 7, 10],
			"rotation": {"angle": 0, "axis": "y", "origin": [8, 13.54545, 8]},
			"faces": {
				"north": {"uv": [2.5, 3.25, 3.5, 4], "texture": "#main"},
				"east": {"uv": [2, 3.25, 2.5, 4], "texture": "#main"},
				"south": {"uv": [4, 3.25, 5, 4], "texture": "#main"},
				"west": {"uv": [3.5, 3.25, 4, 4], "texture": "#main"},
				"up": {"uv": [3.5, 2.5, 2.5, 2], "texture": "#main"},
				"down": {"uv": [4.5, 2, 3.5, 2.5], "texture": "#main"}
			}
		},
		{
			"name": "Body Layer",
			"from": [3.75, 0.75, 5.75],
			"to": [12.25, 7.25, 10.25],
			"rotation": {"angle": 0, "axis": "y", "origin": [8, 13.54545, 8]},
			"faces": {
				"north": {"uv": [2.5, 5.25, 3.5, 6], "texture": "#main"},
				"east": {"uv": [2, 5.25, 2.5, 6], "texture": "#main"},
				"south": {"uv": [4, 5.25, 5, 6], "texture": "#main"},
				"west": {"uv": [3.5, 5.25, 4, 6], "texture": "#main"},
				"up": {"uv": [3.5, 4.5, 2.5, 4], "texture": "#main"},
				"down": {"uv": [4.5, 4, 3.5, 4.5], "texture": "#main"}
			}
		},
		{
			"name": "Right Arm",
			"from": [12, 7, 6],
			"to": [15, 13, 10],
			"rotation": {"angle": -22.5, "axis": "x", "origin": [13.5, 11.54545, 8]},
			"faces": {
				"north": {"uv": [5.5, 2.5, 5.875, 3.25], "texture": "#main"},
				"east": {"uv": [5, 2.5, 5.5, 3.25], "texture": "#main"},
				"south": {"uv": [6.375, 2.5, 6.75, 3.25], "texture": "#main"},
				"west": {"uv": [5.875, 2.5, 6.375, 3.25], "texture": "#main"},
				"up": {"uv": [5.875, 2.5, 5.5, 2], "texture": "#main"},
				"down": {"uv": [0.375, 0, 0, 0.5], "texture": "#main"}
			}
		},
		{
			"name": "Right Arm Layer",
			"from": [11.75, 6.75, 5.75],
			"to": [15.25, 13.25, 10.25],
			"rotation": {"angle": -22.5, "axis": "x", "origin": [13.5, 11.54545, 8]},
			"faces": {
				"north": {"uv": [5.5, 4.5, 5.875, 5.25], "texture": "#main"},
				"east": {"uv": [5, 4.5, 5.5, 5.25], "texture": "#main"},
				"south": {"uv": [6.375, 4.5, 6.75, 5.25], "texture": "#main"},
				"west": {"uv": [5.875, 4.5, 6.375, 5.25], "texture": "#main"},
				"up": {"uv": [5.875, 4.5, 5.5, 4], "texture": "#main"},
				"down": {"uv": [1, 0, 0.625, 0.5], "texture": "#main"}
			}
		},
		{
			"name": "Right Arm",
			"from": [12, 2.11137, 7.58723],
			"to": [15, 8.11137, 11.58723],
			"rotation": {"angle": 0, "axis": "x", "origin": [13.5, 12.65682, 9.58723]},
			"faces": {
				"north": {"uv": [5.5, 3.25, 5.875, 4], "texture": "#main"},
				"east": {"uv": [5, 3.25, 5.5, 4], "texture": "#main"},
				"south": {"uv": [6.375, 3.25, 6.75, 4], "texture": "#main"},
				"west": {"uv": [5.875, 3.25, 6.375, 4], "texture": "#main"},
				"up": {"uv": [0.375, 0.5, 0, 0], "texture": "#main"},
				"down": {"uv": [6.25, 2, 5.875, 2.5], "texture": "#main"}
			}
		},
		{
			"name": "Right Arm Layer",
			"from": [11.75, 1.86137, 7.33723],
			"to": [15.25, 8.36137, 11.83723],
			"rotation": {"angle": 0, "axis": "x", "origin": [13.5, 12.65682, 9.58723]},
			"faces": {
				"north": {"uv": [5.5, 5.25, 5.875, 6], "texture": "#main"},
				"east": {"uv": [5, 5.25, 5.5, 6], "texture": "#main"},
				"south": {"uv": [6.375, 5.25, 6.75, 6], "texture": "#main"},
				"west": {"uv": [5.875, 5.25, 6.375, 6], "texture": "#main"},
				"up": {"uv": [1, 0.5, 0.625, 0], "texture": "#main"},
				"down": {"uv": [6.25, 4, 5.875, 4.5], "texture": "#main"}
			}
		},
		{
			"name": "Left Arm",
			"from": [0.75, 10.04545, 3.45455],
			"to": [4.75, 13.04545, 9.45455],
			"rotation": {"angle": 22.5, "axis": "y", "origin": [2.75, 11.54545, 8]},
			"faces": {
				"north": {"uv": [0.375, 0, 0, 0.5], "rotation": 90, "texture": "#main"},
				"east": {"uv": [4.5, 6.5, 4.875, 7.25], "rotation": 270, "texture": "#main"},
				"south": {"uv": [4.875, 6.5, 4.5, 6], "rotation": 90, "texture": "#main"},
				"west": {"uv": [5.375, 6.5, 5.75, 7.25], "rotation": 90, "texture": "#main"},
				"up": {"uv": [4.875, 6.5, 5.375, 7.25], "rotation": 180, "texture": "#main"},
				"down": {"uv": [4, 6.5, 4.5, 7.25], "texture": "#main"}
			}
		},
		{
			"name": "Left Arm Layer",
			"from": [0.5, 9.79545, 3.20455],
			"to": [5, 13.29545, 9.70455],
			"rotation": {"angle": 22.5, "axis": "y", "origin": [2.75, 11.54545, 8]},
			"faces": {
				"north": {"uv": [0.875, 0, 0.5, 0.5], "rotation": 90, "texture": "#main"},
				"east": {"uv": [6.5, 6.5, 6.875, 7.25], "rotation": 270, "texture": "#main"},
				"south": {"uv": [6.875, 6.5, 6.5, 6], "rotation": 90, "texture": "#main"},
				"west": {"uv": [7.375, 6.5, 7.75, 7.25], "rotation": 90, "texture": "#main"},
				"up": {"uv": [6.875, 6.5, 7.375, 7.25], "rotation": 180, "texture": "#main"},
				"down": {"uv": [6, 6.5, 6.5, 7.25], "texture": "#main"}
			}
		},
		{
			"name": "Left Arm",
			"from": [-2.72894, 10.04545, -1.01472],
			"to": [1.27106, 13.04545, 4.98528],
			"rotation": {"angle": -22.5, "axis": "y", "origin": [-0.72894, 11.54545, 9.53073]},
			"faces": {
				"north": {"uv": [5.25, 6, 4.875, 6.5], "rotation": 90, "texture": "#main"},
				"east": {"uv": [4.5, 7.25, 4.875, 8], "rotation": 270, "texture": "#main"},
				"south": {"uv": [0.375, 0.5, 0, 0], "rotation": 90, "texture": "#main"},
				"west": {"uv": [5.375, 7.25, 5.75, 8], "rotation": 90, "texture": "#main"},
				"up": {"uv": [4.875, 7.25, 5.375, 8], "rotation": 180, "texture": "#main"},
				"down": {"uv": [4, 7.25, 4.5, 8], "texture": "#main"}
			}
		},
		{
			"name": "Left Arm Layer",
			"from": [-2.97894, 9.79545, -1.26472],
			"to": [1.52106, 13.29545, 5.23528],
			"rotation": {"angle": -22.5, "axis": "y", "origin": [-0.72894, 11.54545, 9.53073]},
			"faces": {
				"north": {"uv": [7.25, 6, 6.875, 6.5], "rotation": 90, "texture": "#main"},
				"east": {"uv": [6.5, 7.25, 6.875, 8], "rotation": 270, "texture": "#main"},
				"south": {"uv": [0.875, 0.5, 0.5, 0], "rotation": 90, "texture": "#main"},
				"west": {"uv": [7.375, 7.25, 7.75, 8], "rotation": 90, "texture": "#main"},
				"up": {"uv": [6.875, 7.25, 7.375, 8], "rotation": 180, "texture": "#main"},
				"down": {"uv": [6, 7.25, 6.5, 8], "texture": "#main"}
			}
		},
		{
			"name": "Right Leg",
			"from": [7.9, -5, 6],
			"to": [11.9, 1, 10],
			"rotation": {"angle": -22.5, "axis": "x", "origin": [8, 0.54545, 8]},
			"faces": {
				"north": {"uv": [0.5, 2.5, 1, 3.25], "texture": "#main"},
				"east": {"uv": [0, 2.5, 0.5, 3.25], "texture": "#main"},
				"south": {"uv": [1.5, 2.5, 2, 3.25], "texture": "#main"},
				"west": {"uv": [1, 2.5, 1.5, 3.25], "texture": "#main"},
				"up": {"uv": [1, 2.5, 0.5, 2], "texture": "#main"},
				"down": {"uv": [1.5, 2, 1, 2.5], "texture": "#main"}
			}
		},
		{
			"name": "Right Leg Layer",
			"from": [7.65, -5.25, 5.75],
			"to": [12.15, 1.25, 10.25],
			"rotation": {"angle": -22.5, "axis": "x", "origin": [8, 0.54545, 8]},
			"faces": {
				"north": {"uv": [0.5, 4.5, 1, 5.25], "texture": "#main"},
				"east": {"uv": [0, 4.5, 0.5, 5.25], "texture": "#main"},
				"south": {"uv": [1.5, 4.5, 2, 5.25], "texture": "#main"},
				"west": {"uv": [1, 4.5, 1.5, 5.25], "texture": "#main"},
				"up": {"uv": [1, 4.5, 0.5, 4], "texture": "#main"},
				"down": {"uv": [1, 0, 0.5, 0.5], "texture": "#main"}
			}
		},
		{
			"name": "Right Leg",
			"from": [7.9, -11, 6],
			"to": [11.9, -5, 10],
			"rotation": {"angle": -22.5, "axis": "x", "origin": [8, 0.54545, 8]},
			"faces": {
				"north": {"uv": [0.5, 3.25, 1, 4], "texture": "#main"},
				"east": {"uv": [0, 3.25, 0.5, 4], "texture": "#main"},
				"south": {"uv": [1.5, 3.25, 2, 4], "texture": "#main"},
				"west": {"uv": [1, 3.25, 1.5, 4], "texture": "#main"},
				"up": {"uv": [0.5, 0.5, 0, 0], "texture": "#main"},
				"down": {"uv": [1.5, 2, 1, 2.5], "texture": "#main"}
			}
		},
		{
			"name": "Right Leg Layer",
			"from": [7.65, -11.25, 5.75],
			"to": [12.15, -4.75, 10.25],
			"rotation": {"angle": -22.5, "axis": "x", "origin": [8, 0.54545, 8]},
			"faces": {
				"north": {"uv": [0.5, 5.25, 1, 6], "texture": "#main"},
				"east": {"uv": [0, 5.25, 0.5, 6], "texture": "#main"},
				"south": {"uv": [1.5, 5.25, 2, 6], "texture": "#main"},
				"west": {"uv": [1, 5.25, 1.5, 6], "texture": "#main"},
				"up": {"uv": [1, 0.5, 0.5, 0], "texture": "#main"},
				"down": {"uv": [1.5, 4, 1, 4.5], "texture": "#main"}
			}
		},
		{
			"name": "Left Leg",
			"from": [4.1, -5, 6],
			"to": [8.1, 1, 10],
			"rotation": {"angle": -22.5, "axis": "z", "origin": [8, 0.54545, 8]},
			"faces": {
				"north": {"uv": [2.5, 6.5, 3, 7.25], "texture": "#main"},
				"east": {"uv": [2, 6.5, 2.5, 7.25], "texture": "#main"},
				"south": {"uv": [3.5, 6.5, 4, 7.25], "texture": "#main"},
				"west": {"uv": [3, 6.5, 3.5, 7.25], "texture": "#main"},
				"up": {"uv": [3, 6.5, 2.5, 6], "texture": "#main"},
				"down": {"uv": [3.5, 6, 3, 6.5], "texture": "#main"}
			}
		},
		{
			"name": "Left Leg Layer",
			"from": [3.85, -5.25, 5.75],
			"to": [8.35, 1.25, 10.25],
			"rotation": {"angle": -22.5, "axis": "z", "origin": [8, 0.54545, 8]},
			"faces": {
				"north": {"uv": [0.5, 6.5, 1, 7.25], "texture": "#main"},
				"east": {"uv": [0, 6.5, 0.5, 7.25], "texture": "#main"},
				"south": {"uv": [1.5, 6.5, 2, 7.25], "texture": "#main"},
				"west": {"uv": [1, 6.5, 1.5, 7.25], "texture": "#main"},
				"up": {"uv": [1, 6.5, 0.5, 6], "texture": "#main"},
				"down": {"uv": [1, 0, 0.5, 0.5], "texture": "#main"}
			}
		},
		{
			"name": "Left Leg",
			"from": [4.1, -11, 6],
			"to": [8.1, -5, 10],
			"rotation": {"angle": -22.5, "axis": "z", "origin": [8, 0.54545, 8]},
			"faces": {
				"north": {"uv": [2.5, 7.25, 3, 8], "texture": "#main"},
				"east": {"uv": [2, 7.25, 2.5, 8], "texture": "#main"},
				"south": {"uv": [3.5, 7.25, 4, 8], "texture": "#main"},
				"west": {"uv": [3, 7.25, 3.5, 8], "texture": "#main"},
				"up": {"uv": [0.5, 0.5, 0, 0], "texture": "#main"},
				"down": {"uv": [3.5, 6, 3, 6.5], "texture": "#main"}
			}
		},
		{
			"name": "Left Leg Layer",
			"from": [3.85, -11.25, 5.75],
			"to": [8.35, -4.75, 10.25],
			"rotation": {"angle": -22.5, "axis": "z", "origin": [8, 0.54545, 8]},
			"faces": {
				"north": {"uv": [0.5, 7.25, 1, 8], "texture": "#main"},
				"east": {"uv": [0, 7.25, 0.5, 8], "texture": "#main"},
				"south": {"uv": [1.5, 7.25, 2, 8], "texture": "#main"},
				"west": {"uv": [1, 7.25, 1.5, 8], "texture": "#main"},
				"up": {"uv": [1, 0.5, 0.5, 0], "texture": "#main"},
				"down": {"uv": [1.5, 6, 1, 6.5], "texture": "#main"}
			}
		},
		{
			"from": [4.69664, 9.77787, -0.52549],
			"to": [5.69664, 12.77787, 2.47451],
			"rotation": {"angle": -22.5, "axis": "y", "origin": [2.97451, 11.27787, 0.5]},
			"faces": {
				"north": {"uv": [0, 0, 0.375, 0.125], "rotation": 270, "texture": "#main"},
				"east": {"uv": [0, 0, 0.375, 0.375], "texture": "#main"},
				"south": {"uv": [0, 0, 0.375, 0.125], "rotation": 90, "texture": "#main"},
				"west": {"uv": [0, 0, 0.375, 0.375], "rotation": 180, "texture": "#main"},
				"up": {"uv": [0, 0, 0.375, 0.125], "rotation": 90, "texture": "#main"},
				"down": {"uv": [0, 0, 0.375, 0.125], "rotation": 90, "texture": "#main"}
			}
		},
		{
			"from": [5.69664, 10.77787, 0.47451],
			"to": [12.69664, 11.77787, 1.47451],
			"rotation": {"angle": -22.5, "axis": "y", "origin": [2.97451, 11.27787, 0.5]},
			"faces": {
				"north": {"uv": [0.375, 0, 0.5, 0.875], "rotation": 270, "texture": "#main"},
				"east": {"uv": [0.375, 0, 0.5, 0.125], "texture": "#main"},
				"south": {"uv": [0.375, 0, 0.5, 0.875], "rotation": 90, "texture": "#main"},
				"west": {"uv": [0.375, 0, 0.5, 0.125], "rotation": 180, "texture": "#main"},
				"up": {"uv": [0.375, 0, 0.5, 0.875], "rotation": 90, "texture": "#main"},
				"down": {"uv": [0.375, 0, 0.5, 0.875], "rotation": 90, "texture": "#main"}
			}
		},
		{
			"from": [2.82639, 10.77787, -1.33586],
			"to": [4.82639, 11.77787, -0.33586],
			"rotation": {"angle": -45, "axis": "y", "origin": [2.97451, 11.27787, 0.5]},
			"faces": {
				"north": {"uv": [0, 0, 0.125, 0.25], "rotation": 270, "texture": "#main"},
				"east": {"uv": [0, 0, 0.125, 0.125], "texture": "#main"},
				"south": {"uv": [0, 0, 0.125, 0.25], "rotation": 90, "texture": "#main"},
				"west": {"uv": [0, 0, 0.125, 0.125], "rotation": 180, "texture": "#main"},
				"up": {"uv": [0, 0, 0.125, 0.25], "rotation": 90, "texture": "#main"},
				"down": {"uv": [0, 0, 0.125, 0.25], "rotation": 90, "texture": "#main"}
			}
		},
		{
			"from": [2.11394, 10.77787, -0.3394],
			"to": [4.61394, 11.77787, 0.6606],
			"rotation": {"angle": 22.5, "axis": "y", "origin": [2.97451, 11.27787, 0.5]},
			"faces": {
				"north": {"uv": [0, 0.25, 0.125, 0.5625], "rotation": 270, "texture": "#main"},
				"east": {"uv": [0, 0.125, 0.125, 0.25], "texture": "#main"},
				"south": {"uv": [0, 0.25, 0.125, 0.5625], "rotation": 90, "texture": "#main"},
				"west": {"uv": [0, 0.125, 0.125, 0.25], "rotation": 180, "texture": "#main"},
				"up": {"uv": [0, 0.25, 0.125, 0.5625], "rotation": 90, "texture": "#main"},
				"down": {"uv": [0, 0.25, 0.125, 0.5625], "rotation": 90, "texture": "#main"}
			}
		},
		{
			"from": [1.69664, 10.77787, 0.47451],
			"to": [4.69664, 11.77787, 1.47451],
			"rotation": {"angle": -22.5, "axis": "y", "origin": [2.97451, 11.27787, 0.5]},
			"faces": {
				"north": {"uv": [0, 0, 0.125, 0.375], "rotation": 270, "texture": "#main"},
				"east": {"uv": [0, 0, 0.125, 0.125], "texture": "#main"},
				"south": {"uv": [0, 0, 0.125, 0.375], "rotation": 90, "texture": "#main"},
				"west": {"uv": [0, 0, 0.125, 0.125], "rotation": 180, "texture": "#main"},
				"up": {"uv": [0, 0, 0.125, 0.375], "rotation": 90, "texture": "#main"},
				"down": {"uv": [0, 0, 0.125, 0.375], "rotation": 90, "texture": "#main"}
			}
		}
	],
	"display": {
		"head": {
			"rotation": [0, 45, 0],
			"translation": [0, -14.5, 0],
			"scale": [1.6, 1.6, 1.6]
		}
	},
	"groups": [
		0,
		1,
		2,
		3,
		4,
		5,
		6,
		7,
		8,
		9,
		10,
		11,
		12,
		13,
		14,
		15,
		16,
		17,
		18,
		19,
		20,
		21,
		22,
		23,
		24,
		25,
		26,
		{
			"name": "Head",
			"origin": [0, 24, 0],
			"color": 0,
			"children": [27, 28]
		},
		{
			"name": "Body",
			"origin": [0, 24, 0],
			"color": 0,
			"children": [
				29,
				30,
				{
					"name": "Body",
					"origin": [0, 24, 0],
					"color": 0,
					"children": [31, 32]
				}
			]
		},
		{
			"name": "RightArm",
			"origin": [5, 21.5, 0],
			"color": 0,
			"children": [33, 34, 35, 36]
		},
		{
			"name": "LeftArm",
			"origin": [-5, 21.5, 0],
			"color": 0,
			"children": [37, 38, 39, 40]
		},
		{
			"name": "RightLeg",
			"origin": [1.9, 12, 0],
			"color": 0,
			"children": [
				41,
				42,
				{
					"name": "RightLeg",
					"origin": [1.9, 12, 0],
					"color": 0,
					"children": [43, 44]
				}
			]
		},
		{
			"name": "LeftLeg",
			"origin": [-1.9, 12, 0],
			"color": 0,
			"children": [
				45,
				46,
				{
					"name": "LeftLeg",
					"origin": [-1.9, 12, 0],
					"color": 0,
					"children": [47, 48]
				}
			]
		},
		49,
		50,
		51,
		52,
		53
	]
}