{
	"credit": "Made with Blockbench",
	"texture_size": [64, 64],
	"textures": {
		"main": "nw:stand/skins/anim/white_album"
	},
	"elements": [
		{
			"name": "Head",
			"from": [4, 13, 4],
			"to": [12, 21, 12],
			"rotation": {"angle": 22.5, "axis": "x", "origin": [8, 13.54545, 8]},
			"faces": {
				"north": {"uv": [9, 1, 10, 2], "texture": "#main"},
				"east": {"uv": [8, 1, 9, 2], "texture": "#main"},
				"south": {"uv": [11, 1, 12, 2], "texture": "#main"},
				"west": {"uv": [10, 1, 11, 2], "texture": "#main"},
				"up": {"uv": [10, 1, 9, 0], "texture": "#main"},
				"down": {"uv": [11, 0, 10, 1], "texture": "#main"}
			}
		},
		{
			"name": "Hat Layer",
			"from": [3.5, 12.5, 3.5],
			"to": [12.5, 21.5, 12.5],
			"rotation": {"angle": 22.5, "axis": "x", "origin": [8, 13.54545, 8]},
			"faces": {
				"north": {"uv": [13, 1, 14, 2], "texture": "#main"},
				"east": {"uv": [12, 1, 13, 2], "texture": "#main"},
				"south": {"uv": [15, 1, 16, 2], "texture": "#main"},
				"west": {"uv": [14, 1, 15, 2], "texture": "#main"},
				"up": {"uv": [14, 1, 13, 0], "texture": "#main"},
				"down": {"uv": [15, 0, 14, 1], "texture": "#main"}
			}
		},
		{
			"name": "Body",
			"from": [4, 7, 6],
			"to": [12, 13, 10],
			"rotation": {"angle": 0, "axis": "y", "origin": [8, 13.54545, 8]},
			"faces": {
				"north": {"uv": [10.5, 2.5, 11.5, 3.25], "texture": "#main"},
				"east": {"uv": [10, 2.5, 10.5, 3.25], "texture": "#main"},
				"south": {"uv": [12, 2.5, 13, 3.25], "texture": "#main"},
				"west": {"uv": [11.5, 2.5, 12, 3.25], "texture": "#main"},
				"up": {"uv": [11.5, 2.5, 10.5, 2], "texture": "#main"},
				"down": {"uv": [12.5, 2, 11.5, 2.5], "texture": "#main"}
			}
		},
		{
			"name": "Body Layer",
			"from": [3.75, 6.75, 5.75],
			"to": [12.25, 13.25, 10.25],
			"rotation": {"angle": 0, "axis": "y", "origin": [8, 13.54545, 8]},
			"faces": {
				"north": {"uv": [10.5, 4.5, 11.5, 5.25], "texture": "#main"},
				"east": {"uv": [10, 4.5, 10.5, 5.25], "texture": "#main"},
				"south": {"uv": [12, 4.5, 13, 5.25], "texture": "#main"},
				"west": {"uv": [11.5, 4.5, 12, 5.25], "texture": "#main"},
				"up": {"uv": [11.5, 4.5, 10.5, 4], "texture": "#main"},
				"down": {"uv": [12.5, 4, 11.5, 4.5], "texture": "#main"}
			}
		},
		{
			"name": "Body",
			"from": [4, 1, 6],
			"to": [12, 7, 10],
			"rotation": {"angle": 0, "axis": "y", "origin": [8, 13.54545, 8]},
			"faces": {
				"north": {"uv": [10.5, 3.25, 11.5, 4], "texture": "#main"},
				"east": {"uv": [10, 3.25, 10.5, 4], "texture": "#main"},
				"south": {"uv": [12, 3.25, 13, 4], "texture": "#main"},
				"west": {"uv": [11.5, 3.25, 12, 4], "texture": "#main"},
				"up": {"uv": [11.5, 2.5, 10.5, 2], "texture": "#main"},
				"down": {"uv": [12.5, 2, 11.5, 2.5], "texture": "#main"}
			}
		},
		{
			"name": "Body Layer",
			"from": [3.75, 0.75, 5.75],
			"to": [12.25, 7.25, 10.25],
			"rotation": {"angle": 0, "axis": "y", "origin": [8, 13.54545, 8]},
			"faces": {
				"north": {"uv": [10.5, 5.25, 11.5, 6], "texture": "#main"},
				"east": {"uv": [10, 5.25, 10.5, 6], "texture": "#main"},
				"south": {"uv": [12, 5.25, 13, 6], "texture": "#main"},
				"west": {"uv": [11.5, 5.25, 12, 6], "texture": "#main"},
				"up": {"uv": [11.5, 4.5, 10.5, 4], "texture": "#main"},
				"down": {"uv": [12.5, 4, 11.5, 4.5], "texture": "#main"}
			}
		},
		{
			"name": "Right Arm",
			"from": [1, 7, 6],
			"to": [4, 13, 10],
			"rotation": {"angle": -45, "axis": "x", "origin": [2.5, 11.54545, 8]},
			"faces": {
				"north": {"uv": [13.875, 2.5, 13.5, 3.25], "texture": "#main"},
				"east": {"uv": [14.375, 2.5, 13.875, 3.25], "texture": "#main"},
				"south": {"uv": [14.75, 2.5, 14.375, 3.25], "texture": "#main"},
				"west": {"uv": [13.5, 2.5, 13, 3.25], "texture": "#main"},
				"up": {"uv": [13.5, 2.5, 13.875, 2], "texture": "#main"},
				"down": {"uv": [8, 0, 8.375, 0.5], "texture": "#main"}
			}
		},
		{
			"name": "Right Arm Layer",
			"from": [0.75, 6.75, 5.75],
			"to": [4.25, 13.25, 10.25],
			"rotation": {"angle": -45, "axis": "x", "origin": [2.5, 11.54545, 8]},
			"faces": {
				"north": {"uv": [13.875, 4.5, 13.5, 5.25], "texture": "#main"},
				"east": {"uv": [14.375, 4.5, 13.875, 5.25], "texture": "#main"},
				"south": {"uv": [14.75, 4.5, 14.375, 5.25], "texture": "#main"},
				"west": {"uv": [13.5, 4.5, 13, 5.25], "texture": "#main"},
				"up": {"uv": [13.5, 4.5, 13.875, 4], "texture": "#main"},
				"down": {"uv": [8, 0, 8.375, 0.5], "texture": "#main"}
			}
		},
		{
			"name": "Right Arm",
			"from": [1, 1, 6],
			"to": [4, 7, 10],
			"rotation": {"angle": -45, "axis": "x", "origin": [2.5, 11.54545, 8]},
			"faces": {
				"north": {"uv": [13.875, 3.25, 13.5, 4], "texture": "#main"},
				"east": {"uv": [14.375, 3.25, 13.875, 4], "texture": "#main"},
				"south": {"uv": [14.75, 3.25, 14.375, 4], "texture": "#main"},
				"west": {"uv": [13.5, 3.25, 13, 4], "texture": "#main"},
				"up": {"uv": [8, 0.5, 8.375, 0], "texture": "#main"},
				"down": {"uv": [13.875, 2, 14.25, 2.5], "texture": "#main"}
			}
		},
		{
			"name": "Right Arm Layer",
			"from": [0.75, 0.75, 5.75],
			"to": [4.25, 7.25, 10.25],
			"rotation": {"angle": -45, "axis": "x", "origin": [2.5, 11.54545, 8]},
			"faces": {
				"north": {"uv": [13.875, 5.25, 13.5, 6], "texture": "#main"},
				"east": {"uv": [14.375, 5.25, 13.875, 6], "texture": "#main"},
				"south": {"uv": [14.75, 5.25, 14.375, 6], "texture": "#main"},
				"west": {"uv": [13.5, 5.25, 13, 6], "texture": "#main"},
				"up": {"uv": [8, 0.5, 8.375, 0], "texture": "#main"},
				"down": {"uv": [13.875, 4, 14.25, 4.5], "texture": "#main"}
			}
		},
		{
			"name": "Right Leg",
			"from": [4.1, -1.45455, 7.54545],
			"to": [8.1, 2.54545, 13.54545],
			"rotation": {"angle": 45, "axis": "x", "origin": [8, 0.54545, 8]},
			"faces": {
				"north": {"uv": [8.5, 2.5, 9, 2], "rotation": 180, "texture": "#main"},
				"east": {"uv": [9, 3.25, 9.5, 2.5], "rotation": 270, "texture": "#main"},
				"south": {"uv": [9, 2, 9.5, 2.5], "texture": "#main"},
				"west": {"uv": [8, 3.25, 8.5, 2.5], "rotation": 90, "texture": "#main"},
				"up": {"uv": [10, 2.5, 9.5, 3.25], "texture": "#main"},
				"down": {"uv": [9, 2.5, 8.5, 3.25], "rotation": 180, "texture": "#main"}
			}
		},
		{
			"name": "Right Leg Layer",
			"from": [3.85, -1.70455, 7.29545],
			"to": [8.35, 2.79545, 13.79545],
			"rotation": {"angle": 45, "axis": "x", "origin": [8, 0.54545, 8]},
			"faces": {
				"north": {"uv": [8.5, 4.5, 9, 4], "rotation": 180, "texture": "#main"},
				"east": {"uv": [9, 5.25, 9.5, 4.5], "rotation": 270, "texture": "#main"},
				"south": {"uv": [8, 0, 8.5, 0.5], "texture": "#main"},
				"west": {"uv": [8, 5.25, 8.5, 4.5], "rotation": 90, "texture": "#main"},
				"up": {"uv": [10, 4.5, 9.5, 5.25], "texture": "#main"},
				"down": {"uv": [9, 4.5, 8.5, 5.25], "rotation": 180, "texture": "#main"}
			}
		},
		{
			"name": "Right Leg",
			"from": [4.1, -3.42446, 12.35796],
			"to": [8.1, 0.57554, 18.35796],
			"rotation": {"angle": 22.5, "axis": "x", "origin": [8, 0.54545, 8]},
			"faces": {
				"north": {"uv": [8, 0.5, 8.5, 0], "rotation": 180, "texture": "#main"},
				"east": {"uv": [9, 4, 9.5, 3.25], "rotation": 270, "texture": "#main"},
				"south": {"uv": [9, 2, 9.5, 2.5], "texture": "#main"},
				"west": {"uv": [8, 4, 8.5, 3.25], "rotation": 90, "texture": "#main"},
				"up": {"uv": [10, 3.25, 9.5, 4], "texture": "#main"},
				"down": {"uv": [9, 3.25, 8.5, 4], "rotation": 180, "texture": "#main"}
			}
		},
		{
			"name": "Right Leg Layer",
			"from": [3.85, -3.67446, 12.10796],
			"to": [8.35, 0.82554, 18.60796],
			"rotation": {"angle": 22.5, "axis": "x", "origin": [8, 0.54545, 8]},
			"faces": {
				"north": {"uv": [8, 0.5, 8.5, 0], "rotation": 180, "texture": "#main"},
				"east": {"uv": [9, 6, 9.5, 5.25], "rotation": 270, "texture": "#main"},
				"south": {"uv": [9, 4, 9.5, 4.5], "texture": "#main"},
				"west": {"uv": [8, 6, 8.5, 5.25], "rotation": 90, "texture": "#main"},
				"up": {"uv": [10, 5.25, 9.5, 6], "texture": "#main"},
				"down": {"uv": [9, 5.25, 8.5, 6], "rotation": 180, "texture": "#main"}
			}
		},
		{
			"name": "Left Leg",
			"from": [7.9, -5, 6],
			"to": [11.9, 1, 10],
			"rotation": {"angle": 45, "axis": "x", "origin": [10, 0.54545, 8]},
			"faces": {
				"north": {"uv": [11, 6.5, 10.5, 7.25], "texture": "#main"},
				"east": {"uv": [11.5, 6.5, 11, 7.25], "texture": "#main"},
				"south": {"uv": [12, 6.5, 11.5, 7.25], "texture": "#main"},
				"west": {"uv": [10.5, 6.5, 10, 7.25], "texture": "#main"},
				"up": {"uv": [10.5, 6.5, 11, 6], "texture": "#main"},
				"down": {"uv": [11, 6, 11.5, 6.5], "texture": "#main"}
			}
		},
		{
			"name": "Left Leg Layer",
			"from": [7.65, -5.25, 5.75],
			"to": [12.15, 1.25, 10.25],
			"rotation": {"angle": 45, "axis": "x", "origin": [10, 0.54545, 8]},
			"faces": {
				"north": {"uv": [9, 6.5, 8.5, 7.25], "texture": "#main"},
				"east": {"uv": [9.5, 6.5, 9, 7.25], "texture": "#main"},
				"south": {"uv": [10, 6.5, 9.5, 7.25], "texture": "#main"},
				"west": {"uv": [8.5, 6.5, 8, 7.25], "texture": "#main"},
				"up": {"uv": [8.5, 6.5, 9, 6], "texture": "#main"},
				"down": {"uv": [8, 0, 8.5, 0.5], "texture": "#main"}
			}
		},
		{
			"name": "Left Leg",
			"from": [7.9, -9.14905, 4.63447],
			"to": [11.9, -3.14905, 8.63447],
			"rotation": {"angle": 22.5, "axis": "x", "origin": [10, 2.3964, 6.63447]},
			"faces": {
				"north": {"uv": [11, 7.25, 10.5, 8], "texture": "#main"},
				"east": {"uv": [11.5, 7.25, 11, 8], "texture": "#main"},
				"south": {"uv": [12, 7.25, 11.5, 8], "texture": "#main"},
				"west": {"uv": [10.5, 7.25, 10, 8], "texture": "#main"},
				"up": {"uv": [8, 0.5, 8.5, 0], "texture": "#main"},
				"down": {"uv": [11, 6, 11.5, 6.5], "texture": "#main"}
			}
		},
		{
			"name": "Left Leg Layer",
			"from": [7.65, -9.39905, 4.38447],
			"to": [12.15, -2.89905, 8.88447],
			"rotation": {"angle": 22.5, "axis": "x", "origin": [10, 2.3964, 6.63447]},
			"faces": {
				"north": {"uv": [9, 7.25, 8.5, 8], "texture": "#main"},
				"east": {"uv": [9.5, 7.25, 9, 8], "texture": "#main"},
				"south": {"uv": [10, 7.25, 9.5, 8], "texture": "#main"},
				"west": {"uv": [8.5, 7.25, 8, 8], "texture": "#main"},
				"up": {"uv": [8, 0.5, 8.5, 0], "texture": "#main"},
				"down": {"uv": [9, 6, 9.5, 6.5], "texture": "#main"}
			}
		},
		{
			"name": "Right Arm",
			"from": [12, 9.54545, 3.45455],
			"to": [15, 13.54545, 9.45455],
			"rotation": {"angle": -22.5, "axis": "x", "origin": [13.5, 11.54545, 8]},
			"faces": {
				"north": {"uv": [8.375, 0, 8, 0.5], "rotation": 180, "texture": "#main"},
				"east": {"uv": [13.5, 3.25, 13, 2.5], "rotation": 90, "texture": "#main"},
				"south": {"uv": [13.875, 2.5, 13.5, 2], "texture": "#main"},
				"west": {"uv": [14.375, 3.25, 13.875, 2.5], "rotation": 270, "texture": "#main"},
				"up": {"uv": [13.5, 2.5, 13.875, 3.25], "rotation": 180, "texture": "#main"},
				"down": {"uv": [14.375, 2.5, 14.75, 3.25], "texture": "#main"}
			}
		},
		{
			"name": "Right Arm Layer",
			"from": [11.75, 9.29545, 3.20455],
			"to": [15.25, 13.79545, 9.70455],
			"rotation": {"angle": -22.5, "axis": "x", "origin": [13.5, 11.54545, 8]},
			"faces": {
				"north": {"uv": [8.375, 0, 8, 0.5], "rotation": 180, "texture": "#main"},
				"east": {"uv": [13.5, 5.25, 13, 4.5], "rotation": 90, "texture": "#main"},
				"south": {"uv": [13.875, 4.5, 13.5, 4], "texture": "#main"},
				"west": {"uv": [14.375, 5.25, 13.875, 4.5], "rotation": 270, "texture": "#main"},
				"up": {"uv": [13.5, 4.5, 13.875, 5.25], "rotation": 180, "texture": "#main"},
				"down": {"uv": [14.375, 4.5, 14.75, 5.25], "texture": "#main"}
			}
		},
		{
			"name": "Right Arm",
			"from": [12, 9.54545, -2.54545],
			"to": [15, 13.54545, 3.45455],
			"rotation": {"angle": -22.5, "axis": "x", "origin": [13.5, 11.54545, 8]},
			"faces": {
				"north": {"uv": [14.25, 2, 13.875, 2.5], "rotation": 180, "texture": "#main"},
				"east": {"uv": [13.5, 4, 13, 3.25], "rotation": 90, "texture": "#main"},
				"south": {"uv": [8.375, 0.5, 8, 0], "texture": "#main"},
				"west": {"uv": [14.375, 4, 13.875, 3.25], "rotation": 270, "texture": "#main"},
				"up": {"uv": [13.5, 3.25, 13.875, 4], "rotation": 180, "texture": "#main"},
				"down": {"uv": [14.375, 3.25, 14.75, 4], "texture": "#main"}
			}
		},
		{
			"name": "Right Arm Layer",
			"from": [11.75, 9.29545, -2.79545],
			"to": [15.25, 13.79545, 3.70455],
			"rotation": {"angle": -22.5, "axis": "x", "origin": [13.5, 11.54545, 8]},
			"faces": {
				"north": {"uv": [14.25, 4, 13.875, 4.5], "rotation": 180, "texture": "#main"},
				"east": {"uv": [13.5, 6, 13, 5.25], "rotation": 90, "texture": "#main"},
				"south": {"uv": [8.375, 0.5, 8, 0], "texture": "#main"},
				"west": {"uv": [14.375, 6, 13.875, 5.25], "rotation": 270, "texture": "#main"},
				"up": {"uv": [13.5, 5.25, 13.875, 6], "rotation": 180, "texture": "#main"},
				"down": {"uv": [14.375, 5.25, 14.75, 6], "texture": "#main"}
			}
		},
		{
			"name": "Head",
			"from": [4, 13, 4],
			"to": [12, 21, 12],
			"rotation": {"angle": 22.5, "axis": "x", "origin": [8, 13.54545, 8]},
			"faces": {
				"north": {"uv": [1, 1, 2, 2], "texture": "#main"},
				"east": {"uv": [0, 1, 1, 2], "texture": "#main"},
				"south": {"uv": [3, 1, 4, 2], "texture": "#main"},
				"west": {"uv": [2, 1, 3, 2], "texture": "#main"},
				"up": {"uv": [2, 1, 1, 0], "texture": "#main"},
				"down": {"uv": [3, 0, 2, 1], "texture": "#main"}
			}
		},
		{
			"name": "Hat Layer",
			"from": [3.5, 12.5, 3.5],
			"to": [12.5, 21.5, 12.5],
			"rotation": {"angle": 22.5, "axis": "x", "origin": [8, 13.54545, 8]},
			"faces": {
				"north": {"uv": [5, 1, 6, 2], "texture": "#main"},
				"east": {"uv": [4, 1, 5, 2], "texture": "#main"},
				"south": {"uv": [7, 1, 8, 2], "texture": "#main"},
				"west": {"uv": [6, 1, 7, 2], "texture": "#main"},
				"up": {"uv": [6, 1, 5, 0], "texture": "#main"},
				"down": {"uv": [7, 0, 6, 1], "texture": "#main"}
			}
		},
		{
			"name": "Body",
			"from": [4, 7, 6],
			"to": [12, 13, 10],
			"rotation": {"angle": 0, "axis": "y", "origin": [8, 13.54545, 8]},
			"faces": {
				"north": {"uv": [2.5, 2.5, 3.5, 3.25], "texture": "#main"},
				"east": {"uv": [2, 2.5, 2.5, 3.25], "texture": "#main"},
				"south": {"uv": [4, 2.5, 5, 3.25], "texture": "#main"},
				"west": {"uv": [3.5, 2.5, 4, 3.25], "texture": "#main"},
				"up": {"uv": [3.5, 2.5, 2.5, 2], "texture": "#main"},
				"down": {"uv": [4.5, 2, 3.5, 2.5], "texture": "#main"}
			}
		},
		{
			"name": "Body Layer",
			"from": [3.75, 6.75, 5.75],
			"to": [12.25, 13.25, 10.25],
			"rotation": {"angle": 0, "axis": "y", "origin": [8, 13.54545, 8]},
			"faces": {
				"north": {"uv": [2.5, 4.5, 3.5, 5.25], "texture": "#main"},
				"east": {"uv": [2, 4.5, 2.5, 5.25], "texture": "#main"},
				"south": {"uv": [4, 4.5, 5, 5.25], "texture": "#main"},
				"west": {"uv": [3.5, 4.5, 4, 5.25], "texture": "#main"},
				"up": {"uv": [3.5, 4.5, 2.5, 4], "texture": "#main"},
				"down": {"uv": [4.5, 4, 3.5, 4.5], "texture": "#main"}
			}
		},
		{
			"name": "Body",
			"from": [4, 1, 6],
			"to": [12, 7, 10],
			"rotation": {"angle": 0, "axis": "y", "origin": [8, 13.54545, 8]},
			"faces": {
				"north": {"uv": [2.5, 3.25, 3.5, 4], "texture": "#main"},
				"east": {"uv": [2, 3.25, 2.5, 4], "texture": "#main"},
				"south": {"uv": [4, 3.25, 5, 4], "texture": "#main"},
				"west": {"uv": [3.5, 3.25, 4, 4], "texture": "#main"},
				"up": {"uv": [3.5, 2.5, 2.5, 2], "texture": "#main"},
				"down": {"uv": [4.5, 2, 3.5, 2.5], "texture": "#main"}
			}
		},
		{
			"name": "Body Layer",
			"from": [3.75, 0.75, 5.75],
			"to": [12.25, 7.25, 10.25],
			"rotation": {"angle": 0, "axis": "y", "origin": [8, 13.54545, 8]},
			"faces": {
				"north": {"uv": [2.5, 5.25, 3.5, 6], "texture": "#main"},
				"east": {"uv": [2, 5.25, 2.5, 6], "texture": "#main"},
				"south": {"uv": [4, 5.25, 5, 6], "texture": "#main"},
				"west": {"uv": [3.5, 5.25, 4, 6], "texture": "#main"},
				"up": {"uv": [3.5, 4.5, 2.5, 4], "texture": "#main"},
				"down": {"uv": [4.5, 4, 3.5, 4.5], "texture": "#main"}
			}
		},
		{
			"name": "Right Arm",
			"from": [12, 7, 6],
			"to": [15, 13, 10],
			"rotation": {"angle": -45, "axis": "x", "origin": [13.5, 11.54545, 8]},
			"faces": {
				"north": {"uv": [5.5, 2.5, 5.875, 3.25], "texture": "#main"},
				"east": {"uv": [5, 2.5, 5.5, 3.25], "texture": "#main"},
				"south": {"uv": [6.375, 2.5, 6.75, 3.25], "texture": "#main"},
				"west": {"uv": [5.875, 2.5, 6.375, 3.25], "texture": "#main"},
				"up": {"uv": [5.875, 2.5, 5.5, 2], "texture": "#main"},
				"down": {"uv": [0.375, 0, 0, 0.5], "texture": "#main"}
			}
		},
		{
			"name": "Right Arm Layer",
			"from": [11.75, 6.75, 5.75],
			"to": [15.25, 13.25, 10.25],
			"rotation": {"angle": -45, "axis": "x", "origin": [13.5, 11.54545, 8]},
			"faces": {
				"north": {"uv": [5.5, 4.5, 5.875, 5.25], "texture": "#main"},
				"east": {"uv": [5, 4.5, 5.5, 5.25], "texture": "#main"},
				"south": {"uv": [6.375, 4.5, 6.75, 5.25], "texture": "#main"},
				"west": {"uv": [5.875, 4.5, 6.375, 5.25], "texture": "#main"},
				"up": {"uv": [5.875, 4.5, 5.5, 4], "texture": "#main"},
				"down": {"uv": [0.375, 0, 0, 0.5], "texture": "#main"}
			}
		},
		{
			"name": "Right Arm",
			"from": [12, 1, 6],
			"to": [15, 7, 10],
			"rotation": {"angle": -45, "axis": "x", "origin": [13.5, 11.54545, 8]},
			"faces": {
				"north": {"uv": [5.5, 3.25, 5.875, 4], "texture": "#main"},
				"east": {"uv": [5, 3.25, 5.5, 4], "texture": "#main"},
				"south": {"uv": [6.375, 3.25, 6.75, 4], "texture": "#main"},
				"west": {"uv": [5.875, 3.25, 6.375, 4], "texture": "#main"},
				"up": {"uv": [0.375, 0.5, 0, 0], "texture": "#main"},
				"down": {"uv": [6.25, 2, 5.875, 2.5], "texture": "#main"}
			}
		},
		{
			"name": "Right Arm Layer",
			"from": [11.75, 0.75, 5.75],
			"to": [15.25, 7.25, 10.25],
			"rotation": {"angle": -45, "axis": "x", "origin": [13.5, 11.54545, 8]},
			"faces": {
				"north": {"uv": [5.5, 5.25, 5.875, 6], "texture": "#main"},
				"east": {"uv": [5, 5.25, 5.5, 6], "texture": "#main"},
				"south": {"uv": [6.375, 5.25, 6.75, 6], "texture": "#main"},
				"west": {"uv": [5.875, 5.25, 6.375, 6], "texture": "#main"},
				"up": {"uv": [0.375, 0.5, 0, 0], "texture": "#main"},
				"down": {"uv": [6.25, 4, 5.875, 4.5], "texture": "#main"}
			}
		},
		{
			"name": "Right Leg",
			"from": [7.9, -1.45455, 7.54545],
			"to": [11.9, 2.54545, 13.54545],
			"rotation": {"angle": 45, "axis": "x", "origin": [8, 0.54545, 8]},
			"faces": {
				"north": {"uv": [1, 2.5, 0.5, 2], "rotation": 180, "texture": "#main"},
				"east": {"uv": [0, 2.5, 0.5, 3.25], "rotation": 90, "texture": "#main"},
				"south": {"uv": [1.5, 2, 1, 2.5], "texture": "#main"},
				"west": {"uv": [1, 2.5, 1.5, 3.25], "rotation": 270, "texture": "#main"},
				"up": {"uv": [1.5, 2.5, 2, 3.25], "texture": "#main"},
				"down": {"uv": [0.5, 2.5, 1, 3.25], "rotation": 180, "texture": "#main"}
			}
		},
		{
			"name": "Right Leg Layer",
			"from": [7.65, -1.70455, 7.29545],
			"to": [12.15, 2.79545, 13.79545],
			"rotation": {"angle": 45, "axis": "x", "origin": [8, 0.54545, 8]},
			"faces": {
				"north": {"uv": [1, 4.5, 0.5, 4], "rotation": 180, "texture": "#main"},
				"east": {"uv": [0, 4.5, 0.5, 5.25], "rotation": 90, "texture": "#main"},
				"south": {"uv": [0.5, 0, 0, 0.5], "texture": "#main"},
				"west": {"uv": [1, 4.5, 1.5, 5.25], "rotation": 270, "texture": "#main"},
				"up": {"uv": [1.5, 4.5, 2, 5.25], "texture": "#main"},
				"down": {"uv": [0.5, 4.5, 1, 5.25], "rotation": 180, "texture": "#main"}
			}
		},
		{
			"name": "Right Leg",
			"from": [7.9, -3.42446, 12.35796],
			"to": [11.9, 0.57554, 18.35796],
			"rotation": {"angle": 22.5, "axis": "x", "origin": [8, 0.54545, 8]},
			"faces": {
				"north": {"uv": [0.5, 0.5, 0, 0], "rotation": 180, "texture": "#main"},
				"east": {"uv": [0, 3.25, 0.5, 4], "rotation": 90, "texture": "#main"},
				"south": {"uv": [1.5, 2, 1, 2.5], "texture": "#main"},
				"west": {"uv": [1, 3.25, 1.5, 4], "rotation": 270, "texture": "#main"},
				"up": {"uv": [1.5, 3.25, 2, 4], "texture": "#main"},
				"down": {"uv": [0.5, 3.25, 1, 4], "rotation": 180, "texture": "#main"}
			}
		},
		{
			"name": "Right Leg Layer",
			"from": [7.65, -3.67446, 12.10796],
			"to": [12.15, 0.82554, 18.60796],
			"rotation": {"angle": 22.5, "axis": "x", "origin": [8, 0.54545, 8]},
			"faces": {
				"north": {"uv": [0.5, 0.5, 0, 0], "rotation": 180, "texture": "#main"},
				"east": {"uv": [0, 5.25, 0.5, 6], "rotation": 90, "texture": "#main"},
				"south": {"uv": [1.5, 4, 1, 4.5], "texture": "#main"},
				"west": {"uv": [1, 5.25, 1.5, 6], "rotation": 270, "texture": "#main"},
				"up": {"uv": [1.5, 5.25, 2, 6], "texture": "#main"},
				"down": {"uv": [0.5, 5.25, 1, 6], "rotation": 180, "texture": "#main"}
			}
		},
		{
			"name": "Left Leg",
			"from": [4.1, -5, 6],
			"to": [8.1, 1, 10],
			"rotation": {"angle": 45, "axis": "x", "origin": [6, 0.54545, 8]},
			"faces": {
				"north": {"uv": [2.5, 6.5, 3, 7.25], "texture": "#main"},
				"east": {"uv": [2, 6.5, 2.5, 7.25], "texture": "#main"},
				"south": {"uv": [3.5, 6.5, 4, 7.25], "texture": "#main"},
				"west": {"uv": [3, 6.5, 3.5, 7.25], "texture": "#main"},
				"up": {"uv": [3, 6.5, 2.5, 6], "texture": "#main"},
				"down": {"uv": [3.5, 6, 3, 6.5], "texture": "#main"}
			}
		},
		{
			"name": "Left Leg Layer",
			"from": [3.85, -5.25, 5.75],
			"to": [8.35, 1.25, 10.25],
			"rotation": {"angle": 45, "axis": "x", "origin": [6, 0.54545, 8]},
			"faces": {
				"north": {"uv": [0.5, 6.5, 1, 7.25], "texture": "#main"},
				"east": {"uv": [0, 6.5, 0.5, 7.25], "texture": "#main"},
				"south": {"uv": [1.5, 6.5, 2, 7.25], "texture": "#main"},
				"west": {"uv": [1, 6.5, 1.5, 7.25], "texture": "#main"},
				"up": {"uv": [1, 6.5, 0.5, 6], "texture": "#main"},
				"down": {"uv": [0.5, 0, 0, 0.5], "texture": "#main"}
			}
		},
		{
			"name": "Left Leg",
			"from": [4.1, -9.14905, 4.63447],
			"to": [8.1, -3.14905, 8.63447],
			"rotation": {"angle": 22.5, "axis": "x", "origin": [6, 2.3964, 6.63447]},
			"faces": {
				"north": {"uv": [2.5, 7.25, 3, 8], "texture": "#main"},
				"east": {"uv": [2, 7.25, 2.5, 8], "texture": "#main"},
				"south": {"uv": [3.5, 7.25, 4, 8], "texture": "#main"},
				"west": {"uv": [3, 7.25, 3.5, 8], "texture": "#main"},
				"up": {"uv": [0.5, 0.5, 0, 0], "texture": "#main"},
				"down": {"uv": [3.5, 6, 3, 6.5], "texture": "#main"}
			}
		},
		{
			"name": "Left Leg Layer",
			"from": [3.85, -9.39905, 4.38447],
			"to": [8.35, -2.89905, 8.88447],
			"rotation": {"angle": 22.5, "axis": "x", "origin": [6, 2.3964, 6.63447]},
			"faces": {
				"north": {"uv": [0.5, 7.25, 1, 8], "texture": "#main"},
				"east": {"uv": [0, 7.25, 0.5, 8], "texture": "#main"},
				"south": {"uv": [1.5, 7.25, 2, 8], "texture": "#main"},
				"west": {"uv": [1, 7.25, 1.5, 8], "texture": "#main"},
				"up": {"uv": [0.5, 0.5, 0, 0], "texture": "#main"},
				"down": {"uv": [1.5, 6, 1, 6.5], "texture": "#main"}
			}
		},
		{
			"name": "Right Arm",
			"from": [1, 9.54545, 3.45455],
			"to": [4, 13.54545, 9.45455],
			"rotation": {"angle": -22.5, "axis": "x", "origin": [2.5, 11.54545, 8]},
			"faces": {
				"north": {"uv": [0, 0, 0.375, 0.5], "rotation": 180, "texture": "#main"},
				"east": {"uv": [6.375, 2.5, 5.875, 3.25], "rotation": 270, "texture": "#main"},
				"south": {"uv": [5.5, 2.5, 5.875, 2], "texture": "#main"},
				"west": {"uv": [5.5, 2.5, 5, 3.25], "rotation": 90, "texture": "#main"},
				"up": {"uv": [5.875, 2.5, 5.5, 3.25], "rotation": 180, "texture": "#main"},
				"down": {"uv": [6.75, 2.5, 6.375, 3.25], "texture": "#main"}
			}
		},
		{
			"name": "Right Arm Layer",
			"from": [0.75, 9.29545, 3.20455],
			"to": [4.25, 13.79545, 9.70455],
			"rotation": {"angle": -22.5, "axis": "x", "origin": [2.5, 11.54545, 8]},
			"faces": {
				"north": {"uv": [0, 0, 0.375, 0.5], "rotation": 180, "texture": "#main"},
				"east": {"uv": [6.375, 4.5, 5.875, 5.25], "rotation": 270, "texture": "#main"},
				"south": {"uv": [5.5, 4.5, 5.875, 4], "texture": "#main"},
				"west": {"uv": [5.5, 4.5, 5, 5.25], "rotation": 90, "texture": "#main"},
				"up": {"uv": [5.875, 4.5, 5.5, 5.25], "rotation": 180, "texture": "#main"},
				"down": {"uv": [6.75, 4.5, 6.375, 5.25], "texture": "#main"}
			}
		},
		{
			"name": "Right Arm",
			"from": [1, 9.54545, -2.54545],
			"to": [4, 13.54545, 3.45455],
			"rotation": {"angle": -22.5, "axis": "x", "origin": [2.5, 11.54545, 8]},
			"faces": {
				"north": {"uv": [5.875, 2, 6.25, 2.5], "rotation": 180, "texture": "#main"},
				"east": {"uv": [6.375, 3.25, 5.875, 4], "rotation": 270, "texture": "#main"},
				"south": {"uv": [0, 0.5, 0.375, 0], "texture": "#main"},
				"west": {"uv": [5.5, 3.25, 5, 4], "rotation": 90, "texture": "#main"},
				"up": {"uv": [5.875, 3.25, 5.5, 4], "rotation": 180, "texture": "#main"},
				"down": {"uv": [6.75, 3.25, 6.375, 4], "texture": "#main"}
			}
		},
		{
			"name": "Right Arm Layer",
			"from": [0.75, 9.29545, -2.79545],
			"to": [4.25, 13.79545, 3.70455],
			"rotation": {"angle": -22.5, "axis": "x", "origin": [2.5, 11.54545, 8]},
			"faces": {
				"north": {"uv": [5.875, 4, 6.25, 4.5], "rotation": 180, "texture": "#main"},
				"east": {"uv": [6.375, 5.25, 5.875, 6], "rotation": 270, "texture": "#main"},
				"south": {"uv": [0, 0.5, 0.375, 0], "texture": "#main"},
				"west": {"uv": [5.5, 5.25, 5, 6], "rotation": 90, "texture": "#main"},
				"up": {"uv": [5.875, 5.25, 5.5, 6], "rotation": 180, "texture": "#main"},
				"down": {"uv": [6.75, 5.25, 6.375, 6], "texture": "#main"}
			}
		}
	],
	"display": {
		"head": {
			"rotation": [-22.5, 0, 0],
			"translation": [0, -17.5, -1.5],
			"scale": [1.6, 1.6, 1.6]
		}
	},
	"groups": [
		0,
		1,
		2,
		3,
		4,
		5,
		6,
		7,
		8,
		9,
		10,
		11,
		12,
		13,
		14,
		15,
		16,
		17,
		18,
		19,
		20,
		21,
		{
			"name": "Head",
			"origin": [0, 24, 0],
			"color": 0,
			"children": [22, 23]
		},
		{
			"name": "Body",
			"origin": [0, 24, 0],
			"color": 0,
			"children": [
				24,
				25,
				{
					"name": "Body",
					"origin": [0, 24, 0],
					"color": 0,
					"children": [26, 27]
				}
			]
		},
		{
			"name": "RightArm",
			"origin": [5, 21.5, 0],
			"color": 0,
			"children": [28, 29, 30, 31]
		},
		{
			"name": "RightLeg",
			"origin": [1.9, 12, 0],
			"color": 0,
			"children": [
				32,
				33,
				{
					"name": "RightLeg",
					"origin": [1.9, 12, 0],
					"color": 0,
					"children": [34, 35]
				}
			]
		},
		{
			"name": "LeftLeg",
			"origin": [-1.9, 12, 0],
			"color": 0,
			"children": [
				36,
				37,
				{
					"name": "LeftLeg",
					"origin": [-1.9, 12, 0],
					"color": 0,
					"children": [38, 39]
				}
			]
		},
		{
			"name": "RightArm",
			"origin": [5, 21.5, 0],
			"color": 0,
			"children": [40, 41, 42, 43]
		}
	]
}